codigo_inep;nome;latitude;longitude;ciclo;rede;situacao;atendimento;conveniada;endereco
52100995;ALEGRIA DO SABER BERCARIO E BRINQUEDOTECA LTDA - ME;-16.72181390;-49.26893490;infantil;privada;ativa;geral;nao;AVENIDA T 5, 1690 SERRINHA. 74835-120 Goiânia - GO.
52084469;ANJOS ESCOLA E BERCARIO LTDA;-16.67856590;-49.30975480;infantil;privada;ativa;geral;nao;RUA JOSE ARANTES COSTA Q81 L15, 75 CIDADE JARDIM. 74425-670 Goiânia - GO.
52085597;ASSOCIACAO EVANGELICA EL SHADDAI;-16.78198000;-49.35550000;infantil;privada;ativa;geral;nao;AVENIDA DIAMANTE NEGRO, 00 QD 10-A LT 02. CONDOMINIO DAS ESMERALDAS. 74355-419 Goiânia - GO.
52081400;ASSOCIACAO PESTALOZZI DE GOIANIA - CENTRO DE ATENDIMENTO ESPECIALIZADO RENASCER;-16.66598360;-49.23847480;infantil|fundamental_i;municipal;ativa;exclusivo_deficiencia;nao;RUA A, 561 SETOR LESTE VILA NOVA. 74645-210 Goiânia - GO.
52068811;ASSOCIACAO PESTALOZZI DE GOIANIA MANTENEDORA CENTRO DE ATENDIMENTO ESPECIALIZADO PETER PAN;-16.67018440;-49.24897170;;privada;ativa;exclusivo_deficiencia;sim;R 201, 179 VILA NOVA. 74643-050 Goiânia - GO.
52108031;BERCARIO E ESCOLA CANTINHO ENCANTADO;-16.63037105;-49.33117286;infantil|fundamental_i;privada;ativa;geral;nao;RUA SC 19, Q. 19 Q. 35. JARDIM COLORADO. 74474-023 Goiânia - GO.
52080854;BERCARIO E MATERNAL SAO COSME E DAMIAO;-16.67354000;-49.27295000;infantil;privada;ativa;geral;nao;RUA 32 A, 165 QD34A, LT27. SETOR AEROPORTO. 74075-480 Goiânia - GO.
52098192;BERCARIO ESCOLA INTEGRANDO CAMINHOS;-16.61574780;-49.24892100;infantil;privada;ativa;geral;nao;RUA SAO PAULO, 81 QUADRA 30 LT 9/12. VILA JARDIM SAO JUDAS TADEU. 74685-550 Goiânia - GO.
52085171;BERCARIO ESCOLA LUA DE CRISTAL;-16.62029000;-49.28619000;infantil|fundamental_i|fundamental_ii;privada;ativa;geral;nao;RUA ALICE PERILO, QD. 19, LT. 17. JARDIM BALNEARIO MEIA PONTE. 74593-010 Goiânia - GO.
52076334;CEI - MARIA SABINO DE OLIVEIRA;-16.71506000;-49.29116000;infantil;privada;ativa;geral;sim;RUA C 160, 876 QD. 313 LT. AREA. JARDIM AMERICA. 74255-140 Goiânia - GO.
52096092;CEI CASA ALVORADA CRISTA;-16.65500860;-49.24308630;infantil;privada;ativa;geral;sim;RUA CANDIDA NAVES, 197 QUADRA 07 LOTE 15. SETOR NEGRAO DE LIMA. 74650-020 Goiânia - GO.
52213366;CEI ESPIRITA VOVO ISLENA;-16.59904100;-49.31863250;infantil;privada;ativa;geral;sim;RUA 18 DE OUTUBRO, 238 Q 8 L. 7. SETOR ESTRELA DALVA. 74475-320 Goiânia - GO.
52098729;CEI JULIANA PIRES;-16.68660760;-49.39443170;infantil;privada;ativa;geral;sim;RUA VALDIR AZEVEDO, 845 QD 11 LOTE 2/4. RESIDENCIAL YTAPUA. 74495-038 Goiânia - GO.
52088030;CEI OBRA DO BERCO;-16.66780340;-49.24929190;infantil;privada;ativa;geral;sim;AVENIDA DECIMA PRIMEIRA AVENIDA, 03 Q.23 A L.27. SETOR LESTE VILA NOVA. 74640-040 Goiânia - GO.
52034674;CEI VIDEIRA;-16.71657090;-49.25949780;infantil;privada;ativa;geral;sim;RUA S 6, 53 QD 30A LT 01. SETOR BELA VISTA. 74823-470 Goiânia - GO.
52079988;CEI VIDEIRA II;-16.64598040;-49.27951350;infantil;privada;ativa;geral;sim;RUA ASTHOLFO LEAO BORGES, 2155 RESIDENCIAL MORUMBI. 74574-002 Goiânia - GO.
52080714;CEI WEMERSON RODRIGUES BERNARDES -ANTIGA CRECHE VILA RICA;-16.46166500;-49.20511000;infantil;privada;ativa;geral;sim;RODOVIA GO-080 RUA PRINCIPAL, 02 VILA RICA. CONDOMINIO PARQUE DOS CISNES. 74691-550 Goiânia - GO.
52079961;CENTRO DE AP ED COM JESUS CRISTO E HUMILDADE;-16.65883000;-49.26416000;infantil;privada;ativa;geral;sim;RUA S, 293 QUADRA G LT 8. SETOR NORTE FERROVIARIO. 74063-250 Goiânia - GO.
52104168;CENTRO DE ATIVIDADES SESI JARDIM COLORADO;-16.62885000;-49.33409000;fundamental_ii;privada;ativa;geral;nao;RUA SC 29 FTE, SN QD 24. RESIDENCIAL JARDIM COLORADO. 74474-036 Goiânia - GO.
52264360;CENTRO DE CAPACITACAO DE PROFISSIONAIS DA EDUCACAO E DE ATENDIMENTO AS PESSOAS COM SURDEZ - CAS;-16.68564630;-49.23869400;;estadual;ativa;sem_escolarizacao;nao;AVENIDA SEXTA AVENIDA, 21 QD 69 LT 04. SETOR LESTE UNIVERSITARIO. 74603-040 Goiânia - GO.
52097420;CENTRO DE EDUCACAO E CULTURA METROPOLITANO JUNIOR;-16.68896960;-49.20892120;infantil|fundamental_i;privada;ativa;geral;nao;AVENIDA LIBERDADE, 1050 QD. AREA LT. 03. CONJUNTO RIVIERA. 74730-010 Goiânia - GO.
52080285;CENTRO DE EDUCACAO INFANTIL ANALIA FRANCO;-16.66168150;-49.23676680;infantil;privada;ativa;geral;sim;RUA CORONEL COSME, 370 QD. G LT. 07/06. SETOR LESTE VILA NOVA. 74635-030 Goiânia - GO.
52101479;CENTRO DE EDUCACAO INFANTIL ASSUNCAO;-16.59568280;-49.25891310;infantil;privada;ativa;geral;sim;AVENIDA BANDEIRANTES, 180 QD. APM4. RES MORADA DO BOSQUE. 74690-227 Goiânia - GO.
52081117;CENTRO DE EDUCACAO INFANTIL AUTA DE SOUZA;-16.67380000;-49.31160000;;privada;paralisada;geral;nao;RUA DOMINGOS VIGIANO, 252 QD 03 LT 15. CIDADE JARDIM. 74425-310 Goiânia - GO.
52084426;CENTRO DE EDUCACAO INFANTIL BETEL;-16.73136000;-49.22078000;infantil;privada;ativa;geral;sim;RUA SC 3, PARQUE SANTA CRUZ. 74860-280 Goiânia - GO.
52100065;CENTRO DE EDUCACAO INFANTIL BEZERRA DE MENEZES - CEIBEM;-16.65670610;-49.19912170;infantil;privada;ativa;geral;sim;RUA BARBARA MARQUES CHAVEIRO, 140 QD. 02 LTS 11/13. RESIDENCIAL SONHO DOURADO. 74781-003 Goiânia - GO.
52080870;CENTRO DE EDUCACAO INFANTIL DO ABRIGO NOSSO LAR;-16.69046420;-49.22717990;infantil;privada;ativa;geral;sim;RUA ANAPOLIS, 231 CHACARA 376 E 379. JARDIM NOVO MUNDO. 74715-040 Goiânia - GO.
52088170;CENTRO DE EDUCACAO INFANTIL EFICACIA;-16.72601500;-49.26303500;infantil;privada;ativa;geral;sim;PRACA C 221, JARDIM AMERICA. 74270-340 Goiânia - GO.
52088103;CENTRO DE EDUCACAO INFANTIL EFRATA;-16.72603000;-49.26303000;infantil;privada;ativa;geral;sim;RUA 1107, SETOR PEDRO LUDOVICO. 74830-320 Goiânia - GO.
52092445;CENTRO DE EDUCACAO INFANTIL ESPIRITA VOVO MECA;-16.71940490;-49.32922160;infantil;privada;ativa;geral;sim;VIA ANTONIO MIGUEL DO CARMO, S/N QUADRA 06 - LOTES 24. SETOR RIO FORMOSO. 74370-210 Goiânia - GO.
52088090;CENTRO DE EDUCACAO INFANTIL JANELA DO FUTURO;-16.66854833;-49.22518333;infantil;privada;ativa;geral;sim;AVENIDA B, VILA MORAIS. 74620-050 Goiânia - GO.
52089355;CENTRO DE EDUCACAO INFANTIL LAR DE MATILDE;-16.64111480;-49.24294200;infantil;privada;ativa;geral;sim;RUA UMBURANA, 44 LOTE 4E. SANTA GENOVEVA. 74670-150 Goiânia - GO.
52088057;CENTRO DE EDUCACAO INFANTIL LUZEIRO;-16.67772667;-49.31160833;infantil;privada;ativa;geral;sim;AVENIDA DOM EMANUEL, CIDADE JARDIM. 74425-240 Goiânia - GO.
52097056;CENTRO DE EDUCACAO INFANTIL MARIA DE NAZARE;-16.67869810;-49.38898550;infantil;privada;ativa;geral;sim;AVENIDA ARGENTINA MONTEIRO QUADRA - AREA LOTE- AREA, SEM NUMERO QUADRA AREA. CONJUNTO VERA CRUZ. 74493-750 Goiânia - GO.
52080218;CENTRO DE EDUCACAO INFANTIL MENINO JESUS;-16.62130000;-49.21508000;;privada;paralisada;geral;nao;RUA SANTA CATARINA, 1655 QD.56 LT.13/18. JARDIM GUANABARA. 74675-720 Goiânia - GO.
52080994;CENTRO DE EDUCACAO INFANTIL MENINO JESUS DE PRAGA;-16.71545590;-49.31213460;infantil;privada;ativa;geral;sim;RUA SUICA, 430 QD 112 LT AREA. JARDIM EUROPA. 74330-090 Goiânia - GO.
52080315;CENTRO DE EDUCACAO INFANTIL NSA SENHORA DE NAZARE;-16.68832550;-49.29697440;infantil;privada;ativa;geral;sim;RUA C 55, 777 QUADRA 81 AREA 2. SETOR SOL NASCENTE. 74410-195 Goiânia - GO.
52092860;CENTRO DE EDUCACAO INFANTIL O PEQUENO PRINCIPE LTDA;-16.69436720;-49.26514300;;privada;paralisada;geral;nao;RUA 32, 42 SETOR MARISTA. 74150-210 Goiânia - GO.
52088197;CENTRO DE EDUCACAO INFANTIL PAGIEL;-16.72151833;-49.30058667;infantil;privada;ativa;geral;sim;RUA CASIMIRO DE ABREU, ANHANGUERA. 74335-040 Goiânia - GO.
52088111;CENTRO DE EDUCACAO INFANTIL PALTI;-16.72849667;-49.23693000;infantil;privada;ativa;geral;sim;RUA ALMIRANTE BARROSO, JARDIM DA LUZ. 74850-330 Goiânia - GO.
52087506;CENTRO DE EDUCACAO INFANTIL PEDACINHO DO CEU;-16.69626333;-49.29922000;infantil;privada;ativa;geral;sim;RUA C 99, SETOR SUDOESTE. 74303-400 Goiânia - GO.
52088138;CENTRO DE EDUCACAO INFANTIL PRODIGIO;-16.60500833;-49.25425500;infantil;privada;ativa;geral;sim;RUA R 9, VILA ITATIAIA. 74690-350 Goiânia - GO.
52088073;CENTRO DE EDUCACAO INFANTIL QUERUBINS;-16.70352000;-49.30516167;infantil;privada;ativa;geral;sim;PRACA C 12, SETOR SUDOESTE. 74305-140 Goiânia - GO.
52088189;CENTRO DE EDUCACAO INFANTIL RABONI;-16.70506667;-49.31282000;infantil;privada;ativa;geral;sim;RUA CAPRI, JARDIM EUROPA. 74325-130 Goiânia - GO.
52088065;CENTRO DE EDUCACAO INFANTIL RENASCER;-16.72721167;-49.21881000;infantil;privada;ativa;geral;sim;AVENIDA DOM FERNANDO, QD ID LT 11. CHACARA DO GOVERNADOR. 74870-100 Goiânia - GO.
52089649;CENTRO DE EDUCACAO INFANTIL SEMENTES DE AMOR;-16.73075500;-49.22209333;infantil;privada;ativa;geral;sim;RUA SC 7, PARQUE SANTA CRUZ. 74860-340 Goiânia - GO.
52094065;CENTRO DE EDUCACAO INFANTIL SERAFIM RODRIGUES DE MORAES FILHO;-16.70052850;-49.35779190;infantil;privada;ativa;geral;sim;RUA JOAQUIM ALVES RIBEIRO COM A RUA VALENTIM CAPUZZO, 196 QD. 36, LT. AREA I. SOLANGE PARK I. 74484-160 Goiânia - GO.
52088081;CENTRO DE EDUCACAO INFANTIL SONHO MEU;-16.72100000;-49.26954333;infantil;privada;ativa;geral;sim;RUA T 15, SETOR NOVA SUICA. 74280-295 Goiânia - GO.
52088162;CENTRO DE EDUCACAO INFANTIL SOU FELIZ;-16.72279000;-49.32292833;infantil;privada;ativa;geral;sim;RUA CD 9, CONJUNTO CACHOEIRA DOURADA. 74363-130 Goiânia - GO.
52103595;CENTRO DE EDUCACAO INFANTIL SUELY PASCHOAL;-16.64419430;-49.21939120;infantil;privada;ativa;geral;sim;AVENIDA UBIRAJARA BEROCAN LEITE, 640 SETOR JAO. 74674-015 Goiânia - GO.
52102912;CENTRO DE EDUCACAO LUMINARE LTDA EPP;-16.66140380;-49.27161840;;privada;paralisada;geral;nao;RUA 21, 325 RUA 21. SETOR MARECHAL RONDON. 74560-210 Goiânia - GO.
52101681;CENTRO DE ENSINO BILINGUE EIRELI-EPP;-16.69519520;-49.26626580;fundamental_i;privada;ativa;geral;nao;RUA 34, 20 SETOR MARISTA. 74150-230 Goiânia - GO.
52033279;CENTRO DE ENSINO E PESQUISA APLICADA A EDUCACAO;-16.60812000;-49.26572000;infantil|fundamental_i|fundamental_ii;federal;ativa;geral;nao;ALAMEDA FLAMBOYANT ESQUINA COM AVENIDA PAU BRASIL, S/N UFG CAMPUS SAMAMBAIA. CAMPUS SAMAMBAIA. 74690-900 Goiânia - GO.
52033317;CENTRO DE ENSINO EM PERIODO INTEGRAL AECIO OLIVEIRA DE ANDRADE;-16.63567420;-49.27561670;fundamental_ii;estadual;ativa;geral;nao;RUA DO PRATA, SN ESQ C CARIJOS. URIAS MAGALHAES. 74565-610 Goiânia - GO.
52034810;CENTRO DE ENSINO EM PERIODO INTEGRAL ANDRELINO RODRIGUES DE MORAIS;-16.69502510;-49.28708820;fundamental_ii;estadual;ativa;geral;nao;RUA C33 Q17 LT01, SN JARDIM AMERICA. 74265-230 Goiânia - GO.
52033953;CENTRO DE ENSINO EM PERIODO INTEGRAL ANTONIO OLIVEIRA DA SILVA;-16.72695480;-49.28514770;fundamental_ii;estadual;ativa;geral;nao;RUA ANACA QD 214A, SN ESQ C RUA LACI. PARQUE AMAZONIA. 74840-690 Goiânia - GO.
52080390;CENTRO DE ENSINO EM PERIODO INTEGRAL ARCOIRIS;-16.72852300;-49.22137290;fundamental_ii;estadual;ativa;geral;nao;AV DOM FERNANDO, SN QD IC LT 1 4. CHAC DO GOVERNADOR. 74870-130 Goiânia - GO.
52034836;CENTRO DE ENSINO EM PERIODO INTEGRAL ARY RIBEIRO VALADAO FILHO;-16.62690220;-49.32075610;fundamental_ii;estadual;ativa;geral;nao;RUA 64, SN ESQ C 66 QD 49. VILA FINSOCIAL. 74473-580 Goiânia - GO.
52033341;CENTRO DE ENSINO EM PERIODO INTEGRAL BANDEIRANTE;-16.68520870;-49.28707540;fundamental_ii;estadual;ativa;geral;nao;AV EMILIA TAVARES, SN SN. SETOR BUENO. 74215-010 Goiânia - GO.
52038181;CENTRO DE ENSINO EM PERIODO INTEGRAL BILINGUE LYCEU DE GOIANIA;-16.67616750;-49.25384690;;estadual;ativa;geral;nao;RUA 59, 176 RUA 59. SETOR CENTRAL. 74045-050 Goiânia - GO.
52033350;CENTRO DE ENSINO EM PERIODO INTEGRAL CARLOS ALBERTO DE DEUS;-16.68670650;-49.31909220;fundamental_ii;estadual;ativa;geral;nao;RUA LIBERO BADARO QD 22, SN CIDADE JARDIM. N S DE FATIMA. 74420-310 Goiânia - GO.
52034151;CENTRO DE ENSINO EM PERIODO INTEGRAL CASTRO ALVES;-16.65608260;-49.28092920;fundamental_ii;estadual;ativa;geral;nao;AV DA DIVISA, 76 VILA SANTA HELENA. 74555-390 Goiânia - GO.
52034860;CENTRO DE ENSINO EM PERIODO INTEGRAL CHICO MENDES;-16.69227750;-49.20890340;fundamental_ii;estadual;ativa;geral;nao;RUA URUGUAI COM RUA DO MERCANO, SN QD AREA LT 3 APM 5. VILA MARIA LUIZA. 74720-280 Goiânia - GO.
52034879;CENTRO DE ENSINO EM PERIODO INTEGRAL CORACAO DE JESUS;-16.66507200;-49.30213960;fundamental_ii;estadual;ativa;geral;nao;RUA 02 ESQ C R14 E 15, SN SETOR AEROVIARIO. 74435-120 Goiânia - GO.
52033376;CENTRO DE ENSINO EM PERIODO INTEGRAL CULTURA E COOPERATIVISMO;-16.68449190;-49.29854610;fundamental_ii;estadual;ativa;geral;nao;RUA LEOPOLDINO DE AZEVEDO, SETOR CASTELO BRANCO. 74413-310 Goiânia - GO.
52033384;CENTRO DE ENSINO EM PERIODO INTEGRAL DEPUTADO JOSE DE ASSIS;-16.70341340;-49.28786090;fundamental_ii;estadual;ativa;geral;nao;R C 121 ESQ C C 117, SN JARDIM AMERICA. 74255-460 Goiânia - GO.
52089614;CENTRO DE ENSINO EM PERIODO INTEGRAL DEPUTADO PROFESSOR JOSE LUCIANO;-16.71790040;-49.33226920;fundamental_ii;estadual;ativa;geral;nao;AV MIGUEL DO CARMO, SN QD 16 LT 25. RIO FORMOSO. 74370-025 Goiânia - GO.
52033910;CENTRO DE ENSINO EM PERIODO INTEGRAL DO SETOR FINSOCIAL;-16.62662620;-49.32074450;fundamental_ii;estadual;ativa;geral;nao;RUA VF 64 QD 49, SN SETOR FINSOCIAL. 74473-580 Goiânia - GO.
52033406;CENTRO DE ENSINO EM PERIODO INTEGRAL DO SETOR SUDOESTE;-16.70446110;-49.30613560;fundamental_ii;estadual;ativa;geral;nao;RUA C75 QUADRA 198 ESQ COM C95, SN SETOR CENTRAL. SETOR SUDOESTE. 74303-020 Goiânia - GO.
52034917;CENTRO DE ENSINO EM PERIODO INTEGRAL DOM ABEL SETOR PEDRO LUDOVICO;-16.71817170;-49.25521920;fundamental_ii;estadual;ativa;geral;nao;RUA 1041, SN SETOR PEDRO LUDOVICO. 74825-080 Goiânia - GO.
52034925;CENTRO DE ENSINO EM PERIODO INTEGRAL DOM ABEL SETOR UNIVERSITARIO;-16.67838630;-49.23890690;fundamental_ii;estadual;ativa;geral;nao;RUA 240, S/N SETOR LESTE UNIVERSITARIO. 74605-170 Goiânia - GO.
52034933;CENTRO DE ENSINO EM PERIODO INTEGRAL DOM FERNANDO GOMES DOS SANTOS II;-16.66714830;-49.19000500;fundamental_ii;estadual;ativa;geral;nao;RUA JDF 221 ESQ C RUA 218, S N QUADRA 30. JD DOM FERNANDO II. 74765-290 Goiânia - GO.
52033929;CENTRO DE ENSINO EM PERIODO INTEGRAL DOMINGOS BAPTISTA DE ABREU;-16.66113660;-49.38182530;fundamental_ii;estadual;ativa;geral;nao;RVC6 CJOAO BATISTA GONCALVES, SN CONJUNTO VERA CRUZ I. 74495-240 Goiânia - GO.
52033414;CENTRO DE ENSINO EM PERIODO INTEGRAL DR ANTONIO RAIMUNDO GOMES DA FROTA;-16.67900570;-49.31266080;fundamental_ii;estadual;ativa;geral;nao;RUA JOSE HONORATO, SN QD 47. CIDADE JARDIM. 74423-510 Goiânia - GO.
52033422;CENTRO DE ENSINO EM PERIODO INTEGRAL EDMUNDO PINHEIRO DE ABREU;-16.66716720;-49.33078710;fundamental_ii;estadual;ativa;geral;nao;AV SANTA MARIA, SN C ALAM VISTA ALEGRE. SAO FRANCISCO. 74455-260 Goiânia - GO.
52099440;CENTRO DE ENSINO EM PERIODO INTEGRAL FRANCISCO MARIA DANTAS;-16.62272510;-49.34778810;fundamental_ii;estadual;ativa;geral;nao;ALAMEDA CORREGO FUNDO, SN ESQ C RUA PLANALTINA. MANSOES PARAISO. 74481-740 Goiânia - GO.
52069931;CENTRO DE ENSINO EM PERIODO INTEGRAL GRACINDA DE LOURDES;-16.67157390;-49.25352300;fundamental_ii;estadual;ativa;geral;nao;RUA 27, 248 CENTRO. 74020-040 Goiânia - GO.
52033465;CENTRO DE ENSINO EM PERIODO INTEGRAL IRMA GABRIELA;-16.69230950;-49.20975250;fundamental_ii;estadual;ativa;geral;nao;AV PLANALTO SN, SN CONJUNTO RIVIERA. 74730-080 Goiânia - GO.
52037550;CENTRO DE ENSINO EM PERIODO INTEGRAL ISMAEL SILVA DE JESUS;-16.60163330;-49.34557270;fundamental_ii;estadual;ativa;geral;nao;RUA A7 C RUA A30, SN QD 31 AREA III. BAIRRO DA VITORIA. 74001-970 Goiânia - GO.
52037568;CENTRO DE ENSINO EM PERIODO INTEGRAL JAYME CAMARA;-16.58862500;-49.33814330;fundamental_ii;estadual;ativa;geral;nao;R BF 26 QD 31, SN AREA 4. FLORESTA. 74477-163 Goiânia - GO.
52035182;CENTRO DE ENSINO EM PERIODO INTEGRAL JOAQUIM EDSON DE CAMARGO;-16.66590000;-49.21369000;fundamental_ii;estadual;ativa;geral;nao;RUA SANTIAGO QD 232, SN PCA JARDIM DA INFANC. JD NOVO MUNDO. 74705-060 Goiânia - GO.
52034186;CENTRO DE ENSINO EM PERIODO INTEGRAL JOSE HONORATO;-16.66767980;-49.26436220;fundamental_ii;estadual;ativa;geral;nao;RUA 59, 176 1 ANDAR. CENTRO. 74045-050 Goiânia - GO.
52070999;CENTRO DE ENSINO EM PERIODO INTEGRAL JUVENAL JOSE PEDROSO;-16.65892350;-49.17956380;fundamental_ii;estadual;ativa;geral;nao;RUA 07, SN VILA PEDROSO. 74770-190 Goiânia - GO.
52089347;CENTRO DE ENSINO EM PERIODO INTEGRAL LUIS PERILLO;-16.68151320;-49.32491110;fundamental_ii;estadual;ativa;geral;nao;RUA HEDBERTO DIAS C CARLOS DIAS, SN APM1. BAIRRO GOIA II. 74486-220 Goiânia - GO.
52033945;CENTRO DE ENSINO EM PERIODO INTEGRAL NOVO HORIZONTE;-16.71403220;-49.31812360;fundamental_ii;estadual;ativa;geral;nao;ALAMEDA DAS PALMEIRAS QD 51A, SN NOVO HORIZONTE. 74363-810 Goiânia - GO.
52035352;CENTRO DE ENSINO EM PERIODO INTEGRAL PARQUE DOS BURITIS;-16.64593680;-49.38955890;fundamental_ii;estadual;ativa;geral;nao;RUA ROSEMIRA MARQUES, 01 Q. 16 L. 1/4. PARQUE DOS BURITIS. 74485-812 Goiânia - GO.
52035379;CENTRO DE ENSINO EM PERIODO INTEGRAL PARQUE SANTA CRUZ;-16.73052740;-49.22259740;fundamental_ii;estadual;ativa;geral;nao;AVENIDA PROFESSOR ALFREDO DE CASTRO, SEM NUMERO QD MIXTA 1 LT. 14. PARQUE SANTA CRUZ. 74860-365 Goiânia - GO.
52033562;CENTRO DE ENSINO EM PERIODO INTEGRAL PEDRO XAVIER TEIXEIRA;-16.71345360;-49.25819130;fundamental_ii;estadual;ativa;geral;nao;RUA 1027 N 70, 70 SETOR PEDRO LUDOVICO. 74825-040 Goiânia - GO.
52037991;CENTRO DE ENSINO EM PERIODO INTEGRAL PRESIDENTE CASTELLO BRANCO;-16.67100700;-49.29228320;fundamental_ii;estadual;ativa;geral;nao;AVENIDA MINAS GERAIS, 228 CAMPINAS. 74510-040 Goiânia - GO.
52033570;CENTRO DE ENSINO EM PERIODO INTEGRAL PREUNIVERSITARIO;-16.67956230;-49.24334850;fundamental_ii;estadual;ativa;geral;nao;RUA 240, SN ST UNIVERSITARIO. 74605-170 Goiânia - GO.
52188400;CENTRO DE ENSINO EM PERIODO INTEGRAL PROFESSOR GENESCO FERREIRA BRETAS;-16.60945230;-49.31173520;fundamental_ii;estadual;ativa;geral;nao;AVENIDA DO BOSQUE, SN QD 14 LT 72. RECANTO DO BOSQUE. 74474-338 Goiânia - GO.
52033589;CENTRO DE ENSINO EM PERIODO INTEGRAL PROFESSOR JOAQUIM CARVALHO FERREIRA;-16.65549300;-49.32840320;fundamental_ii;estadual;ativa;geral;nao;AV FERNAO DIAS PAES LEME SN, 32 CAPUAVA. 74450-200 Goiânia - GO.
52033597;CENTRO DE ENSINO EM PERIODO INTEGRAL PROFESSOR PEDRO GOMES;-16.66562210;-49.28901660;fundamental_ii;estadual;ativa;geral;nao;AV SERGIPE C BENJAMIN CONSTANT, 1245 SETOR CAMPINAS. 74550-408 Goiânia - GO.
52035450;CENTRO DE ENSINO EM PERIODO INTEGRAL PROFESSOR SEBASTIAO FRANCA;-16.74273740;-49.32807960;fundamental_ii;estadual;ativa;geral;nao;RUA PRESIDENTE CLEVELAND, SN QD38 LT8. JD PRESIDENTE. 74353-110 Goiânia - GO.
52033970;CENTRO DE ENSINO EM PERIODO INTEGRAL PROFESSORA LOUSINHA DE CARVALHO;-16.65387000;-49.26897500;fundamental_ii;estadual;ativa;geral;nao;RUA JOAQUIM TEOFILO CORREA VIANA SN, SN SETOR CRIMEIA OESTE. 74563-290 Goiânia - GO.
52033619;CENTRO DE ENSINO EM PERIODO INTEGRAL PROFESSORA OLGA MANSUR;-16.65387000;-49.25213690;;estadual;ativa;geral;nao;RUA 243, 10 VILA MONTICELLI. VILA MONTICELLI. 74655-380 Goiânia - GO.
52035603;CENTRO DE ENSINO EM PERIODO INTEGRAL SANTA BERNADETE;-16.65453490;-49.25132480;fundamental_ii;estadual;ativa;geral;nao;RUA 231, 10 NOVA VILA. 74640-220 Goiânia - GO.
52033643;CENTRO DE ENSINO EM PERIODO INTEGRAL SENADOR TEOTONIO VILELA;-16.66227050;-49.38968810;fundamental_ii;estadual;ativa;geral;nao;AV SENADOR CANEDO, SN CJ VERA CRUZ. 74493-160 Goiânia - GO.
52035573;CENTRO DE ENSINO EM PERIODO INTEGRAL SEVERIANO DE ARAUJO;-16.61489770;-49.34849360;fundamental_ii;estadual;ativa;geral;nao;RUA Z QD 38 AREA 1, QD 38 AREA. VILA MUTIRAO 2. 74475-417 Goiânia - GO.
52035662;CENTRO DE ENSINO EM PERIODO INTEGRAL VISCONDE DE MAUA;-16.70736390;-49.24919700;fundamental_ii;estadual;ativa;geral;nao;RUA 1016 COM RUA 1007, SN SETOR PEDRO LUDOVICO. 74820-290 Goiânia - GO.
52100693;CENTRO DE ENSINO SAO JOSE;-16.69973667;-49.24088333;infantil;privada;ativa;geral;nao;RUA 55, 286 Q. B13 L. 07/08. JARDIM GOIAS. 74810-230 Goiânia - GO.
52069761;CENTRO DE REABILITACAO SAO PAULO APOSTOLO CRESPA;-16.70173210;-49.28737350;fundamental_i|fundamental_ii;privada;ativa;exclusivo_deficiencia;sim;RUA C-189, 195 QUADRA 474. JARDIM AMERICA. 74265-320 Goiânia - GO.
52032965;CENTRO DINAMICO DE EDUCACAO INFANTIL;-16.67904000;-49.23629000;;privada;paralisada;geral;nao;RUA 261-A, 526 QUADRA 42 LOTE 23. SETOR LESTE UNIVERSITARIO. 74610-260 Goiânia - GO.
52033007;CENTRO EDUC CASINHA FELIZ;-16.68142960;-49.26970140;infantil|fundamental_i;privada;ativa;geral;nao;RUA 2, 639 SETOR OESTE. 74110-130 Goiânia - GO.
52092488;CENTRO EDUC SESC CIDADANIA ELIAS BUFAICAL NETO;-16.70259580;-49.27893690;fundamental_i|fundamental_ii;privada;ativa;geral;nao;AVENIDA C 197, 812 QUADRA 1/21. JARDIM AMERICA. 74270-030 Goiânia - GO.
52103927;CENTRO EDUCACIONAL ATHLETICS CENTER EIRELI - ME;-16.69753170;-49.32043870;infantil|fundamental_i|fundamental_ii;privada;ativa;geral;nao;RUA DOS LIRIOS, Q. 0 L. 12. PARQUE OESTE INDUSTRIAL. 74375-340 Goiânia - GO.
52084337;CENTRO EDUCACIONAL BARROZO LTDA -ESTRELINHAS DO FUTURO;-16.73818750;-49.27106160;infantil|fundamental_i;privada;ativa;geral;nao;RUA CARAGOATA, 87 QD 10 LT 11/15. PARQUE AMAZONIA. 74840-240 Goiânia - GO.
52070018;CENTRO EDUCACIONAL BILINGUE DE SURDOS DE GOIANIA;-16.66685580;-49.23461090;fundamental_i|fundamental_ii;privada;ativa;exclusivo_deficiencia;sim;RUA 801, SN CHACARA 6. VILA OSVALDO ROSA. 74633-200 Goiânia - GO.
52165205;CENTRO EDUCACIONAL BILINGUE EIRELI;-16.69519240;-49.26626530;infantil;privada;ativa;geral;nao;RUA 34-A, 20 SETOR MARISTA. 74150-230 Goiânia - GO.
52100553;CENTRO EDUCACIONAL DESAFIO EIRELI - ME;-16.65004962;-49.32842990;infantil|fundamental_i|fundamental_ii;privada;ativa;geral;nao;RUA CM 3, 331 Q. 93 L 58/15. SETOR CANDIDA DE MORAIS. 74463-170 Goiânia - GO.
52089584;CENTRO EDUCACIONAL DESAFIO I EIRELI;-16.62385920;-49.32476660;infantil|fundamental_i|fundamental_ii;privada;ativa;geral;nao;AVENIDA MANGALO, 742 QD.6 LT. 56. SETOR MORADA DO SOL. 74475-115 Goiânia - GO.
52101495;CENTRO EDUCACIONAL DOCE MEL;-16.69737300;-49.32479500;infantil|fundamental_i|fundamental_ii;privada;ativa;geral;nao;RUA DOS GERANIOS, 241 Q. 113 L. 22. PARQUE OESTE INDUSTRIAL. 74375-240 Goiânia - GO.
52101665;CENTRO EDUCACIONAL ESSENCIA DE VIDA;-16.70050310;-49.29223670;infantil|fundamental_i|fundamental_ii;privada;ativa;geral;nao;RUA C 187, 205 Q. 464 L. 02. JARDIM AMERICA. 74265-300 Goiânia - GO.
52095843;CENTRO EDUCACIONAL MARANATHA;-16.60989320;-49.32284580;infantil|fundamental_i;privada;ativa;geral;nao;RUA DIOLINA BATISTA, 0 QD 239 LT 31. SETOR PARQUE TREMENDAO. 74475-047 Goiânia - GO.
52100006;CENTRO EDUCACIONAL OMNI;-16.70113350;-49.27260320;fundamental_i|fundamental_ii;privada;ativa;geral;nao;RUA T 29, 1540 LOTES 2,3,4,6. SETOR BUENO. 74210-050 Goiânia - GO.
52271366;CENTRO EDUCACIONAL PORTO SEGURO;-16.61873000;-49.32123000;infantil|fundamental_i|fundamental_ii;privada;ativa;geral;nao;RUA DO SERENO, 542 QUADRA 118 LOTE 17. SETOR MORADA DO SOL. 74475-211 Goiânia - GO.
52068820;CENTRO EDUCACIONAL PROFESSOR ANISIO TEIXEIRA;-16.69679360;-49.24044610;fundamental_i|fundamental_ii;privada;ativa;exclusivo_deficiencia;sim;AVA CONTINUACAO DA RUA 88, SN JD GOIAS. 74043-011 Goiânia - GO.
52032957;CENTRO ESTADUAL DE EDUCACAO DE JOVENS E ADULTOS UNIVERSITARIO;-16.68187510;-49.24707250;;estadual;ativa;geral;nao;RFERREIRA PACHECO ESQ C 11 AVENIDA, SN ANTIGA RUA 233. ST UNIVERSITARIO. 74605-120 Goiânia - GO.
52264394;CENTRO MUNICIPAL DE APOIO A INCLUSAO BRASIL DI RAMOS CAIADO;-16.67236120;-49.30883290;;municipal;ativa;sem_escolarizacao;nao;RUA LEAO XIII, 80 QD. 36 LOTE AREA. RODOVIARIO. 74430-310 Goiânia - GO.
52267369;CENTRO MUNICIPAL DE APOIO A INCLUSAO MARIA THOME NETO;-16.71546000;-49.27523130;;municipal;ativa;sem_escolarizacao;nao;RUA C 165, 77 QD. 588. NOVA SUICA. 74275-170 Goiânia - GO.
52084213;CENTRO MUNICIPAL DE EDUCACAO BEIJA-FLOR II;-16.59412000;-49.34915000;infantil;municipal;ativa;geral;nao;RUA SC 32, 0 QUADRA 83 LT 01/ 02. SAO CARLOS. 74477-062 Goiânia - GO.
52100340;CENTRO MUNICIPAL DE EDUCACAO INFANTIL ASSOCIACAO DA CRIANCA NOSSA SENHORA DAS GRACAS;-16.66713000;-49.28279980;infantil;municipal;ativa;geral;nao;RUA F C/ 506, 214 QD. 13 LT. 06. SETOR CENTRO OESTE. 74550-100 Goiânia - GO.
52076938;CENTRO MUNICIPAL DE EDUCACAO INFANTIL BEM-ME-QUER;-16.65262940;-49.25984230;infantil;municipal;ativa;geral;nao;AVENIDA DESEMBARGADOR EMILIO FRANCISCO POVOA, 340 QD10 LT 09. VILA MEGALE. 74660-393 Goiânia - GO.
52106233;CENTRO MUNICIPAL DE EDUCACAO INFANTIL BUENA VISTA III WANDERLEY MAGALHAES;-16.72660313;-49.40149077;infantil;municipal;ativa;geral;nao;R. PAULO RODRIGUES C PORTO BELO, APM 17. RESIDENCIAL BUENA VISTA III. 74394-435 Goiânia - GO.
52106241;CENTRO MUNICIPAL DE EDUCACAO INFANTIL CIBELLE DE PAULA SILVEIRA;-16.74306235;-49.35056431;infantil;municipal;ativa;geral;nao;RUA CV15 COM RUA CV26, APM 07. RESIDENCIAL CENTER VILLE. 74369-002 Goiânia - GO.
52087808;CENTRO MUNICIPAL DE EDUCACAO INFANTIL CONDOMINIO RIO BRANCO;-16.71546330;-49.37511580;infantil;municipal;ativa;geral;nao;RUA ORIENTE, QUADRA 08 LOTE 01/50. CONDOMINIO RIO BRANCO. 74390-290 Goiânia - GO.
52082687;CENTRO MUNICIPAL DE EDUCACAO INFANTIL DA BOA PROVIDENCIA;-16.58311090;-49.34147710;infantil;municipal;ativa;geral;nao;RUA BV 25, QD30 LTS1E2,19E20. BOA VISTA. 74477-426 Goiânia - GO.
52101460;CENTRO MUNICIPAL DE EDUCACAO INFANTIL DEMES JUNIO DIVINO DE FREITAS;-16.61729260;-49.28962890;infantil;municipal;ativa;geral;nao;AVENIDA DARIO VIEIRA MACHADO, 750 QD. APM5 LT. AREA. RESIDENCIAL BALNEARIO. 74591-061 Goiânia - GO.
52106250;CENTRO MUNICIPAL DE EDUCACAO INFANTIL DOM ANTONIO RIBEIRO DE OLIVEIRA;-16.67320338;-49.24086973;infantil;municipal;ativa;geral;nao;RUA 226, 794 QD.69 LT. 40/42/18. SETOR LESTE UNIVERSITARIO. 74610-130 Goiânia - GO.
52076318;CENTRO MUNICIPAL DE EDUCACAO INFANTIL DRA ELIZABETH PINTO RIBEIRO;-16.73032000;-49.27499000;infantil;municipal;ativa;geral;nao;RUA ANHANGA, 630 Q.178 L 3/5. PARQUE AMAZONIA. 74835-310 Goiânia - GO.
52080757;CENTRO MUNICIPAL DE EDUCACAO INFANTIL FABIANO DE CRISTO;-16.64749700;-49.33392960;infantil;municipal;ativa;geral;nao;RUA 40, 762 QUADRA 22. SETOR SANTOS DUMONT. 74463-760 Goiânia - GO.
52098419;CENTRO MUNICIPAL DE EDUCACAO INFANTIL HUGO DE MORAIS;-16.63325370;-49.29158520;infantil;municipal;ativa;geral;nao;RUA HM 10, APM 07. RESIDENCIAL HUGO DE MORAES. 74573-397 Goiânia - GO.
52102564;CENTRO MUNICIPAL DE EDUCACAO INFANTIL JARDIM AMERICA II;-16.71519950;-49.28104350;infantil;municipal;ativa;geral;nao;RUA C - 152, Q. 344 L. 07/10. JARDIM AMERICA. 74275-120 Goiânia - GO.
52264424;CENTRO MUNICIPAL DE EDUCACAO INFANTIL JARDIM COLORADO;-16.62739000;-49.33221000;infantil;municipal;ativa;geral;nao;RUA SC 15, S/N QUADRA 30,LOTE 32. JARDIM COLORADO. 74474-018 Goiânia - GO.
52089312;CENTRO MUNICIPAL DE EDUCACAO INFANTIL JARDIM GOIAS;-16.69499860;-49.24187710;infantil;municipal;ativa;geral;nao;RUA 5, 112 QD B-1 LT AREA. JARDIM GOIAS. 74805-210 Goiânia - GO.
52087743;CENTRO MUNICIPAL DE EDUCACAO INFANTIL JARDIM LIBERDADE;-16.61504840;-49.34341610;infantil;municipal;ativa;geral;nao;RUA VM B 5, 0 QUADRA 62. JARDIM LIBERDADE. 74475-670 Goiânia - GO.
52106268;CENTRO MUNICIPAL DE EDUCACAO INFANTIL JARDINS DO CERRADO 4 ANTONIO ALMEIDA;-16.66718530;-49.42840185;infantil;municipal;ativa;geral;nao;RUA DAS MARGARIDAS C/ RUA JOSE EPITACIO DE MEDEIROS E RUA LIRIOS DA PAZ, APM 6. RESIDENCIAL JARDINS DO CERRADO IV. 74491-512 Goiânia - GO.
52270351;CENTRO MUNICIPAL DE EDUCACAO INFANTIL JARDINS DO CERRADO I;-16.66514110;-49.41449330;infantil;municipal;ativa;geral;nao;RUA AMOR PERFEITO, 01 QUADRA APM 02. RESIDENCIAL JARDINS DO CERRADO 1. 74491-180 Goiânia - GO.
52036340;CENTRO MUNICIPAL DE EDUCACAO INFANTIL JOAO PAULO I;-16.72192490;-49.28890670;infantil;municipal;ativa;geral;nao;AVENIDA C 169, 1595 QUADRA 495. JARDIM AMERICA. 74250-020 Goiânia - GO.
52100260;CENTRO MUNICIPAL DE EDUCACAO INFANTIL MAE TINA;-16.65945100;-49.27331610;infantil;municipal;ativa;geral;nao;RUA 6, 127 QUADRA 16, LOTE 05. SETOR CENTRO OESTE. 74560-455 Goiânia - GO.
52100286;CENTRO MUNICIPAL DE EDUCACAO INFANTIL MORADA DO SOL;-16.61266210;-49.32038710;infantil;municipal;ativa;geral;nao;RUA ROSICLER, S/N QD APM 01. SETOR MORADA DO SOL. 74475-246 Goiânia - GO.
52106284;CENTRO MUNICIPAL DE EDUCACAO INFANTIL NION ALBERNAZ;-16.70484439;-49.27969551;infantil;municipal;ativa;geral;nao;RUA C 234, 549 JARDIM AMERICA. 74280-330 Goiânia - GO.
52100278;CENTRO MUNICIPAL DE EDUCACAO INFANTIL ORIENTE VILLE;-16.75089490;-49.35556720;infantil;municipal;ativa;geral;nao;RUA JOAQUIM CANDIDO DA SILVA, QD. APM2 LT. AREA 1. SETOR ORIENT VILLE. 74355-662 Goiânia - GO.
52100294;CENTRO MUNICIPAL DE EDUCACAO INFANTIL PARQUE TREMENDAO;-16.61419050;-49.32716800;infantil;municipal;ativa;geral;nao;RUA ANTONIO ELIAS DE SOUZA, QD. 201 LOTE 21. SETOR PARQUE TREMENDAO. 74475-032 Goiânia - GO.
52100324;CENTRO MUNICIPAL DE EDUCACAO INFANTIL RAIMUNDO LISBOA PEREIRA;-16.72002000;-49.25546000;infantil;municipal;ativa;geral;nao;RUA SANTA CRUZ, S/N QD.94-A LT.08. SETOR PEDRO LUDOVICO. 74825-075 Goiânia - GO.
52098753;CENTRO MUNICIPAL DE EDUCACAO INFANTIL REAL CONQUISTA;-16.77755110;-49.38815500;infantil;municipal;ativa;geral;nao;RUA RC 52, QD APM - 05 LOTE 01. RESIDENCIAL REAL CONQUISTA. 74356-870 Goiânia - GO.
52118800;CENTRO MUNICIPAL DE EDUCACAO INFANTIL RECANTO DO SABER;-16.68536880;-49.21975360;infantil;municipal;ativa;geral;nao;RUA ADEMAR DE BARROS, QUADRA 20 LOTE 10. VILA MARIA LUIZA. 74720-140 Goiânia - GO.
52101533;CENTRO MUNICIPAL DE EDUCACAO INFANTIL SAGRADA FAMILIA;-16.68521943;-49.31852315;infantil;municipal;ativa;geral;nao;RUA CANA BRAVA, 50 QD 20. BAIRRO NOSSA SENHORA DE FATIMA. 74420-220 Goiânia - GO.
52081281;CENTRO MUNICIPAL DE EDUCACAO INFANTIL SAO CRISTOVAO;-16.67110000;-49.31116000;infantil;municipal;ativa;geral;nao;RUA DOS MISSIONARIOS, 1125 QUADRA 34 LOTE 14. RODOVIARIO. 74430-360 Goiânia - GO.
52087719;CENTRO MUNICIPAL DE EDUCACAO INFANTIL VILA LEGIONARIAS;-16.73140465;-49.23307280;infantil;municipal;ativa;geral;nao;RUA AMARAL, S/N QUADRA B LOTE 9/12. VILA LEGIONARIAS. 74863-230 Goiânia - GO.
52038165;CENTRO MUNICIPAL DE EDUCACAO INFANTIL VIVER A INFANCIA;-16.66814310;-49.24415680;infantil;municipal;ativa;geral;nao;AVENIDA QUINTA AVENIDA, 270 QD. 71 LT. AREA. SETOR LESTE VILA NOVA. 74643-030 Goiânia - GO.
52089452;CENTRO MUNICIPAL DE EDUCAO INFANTIL CIRANDA;-16.64009000;-49.29494000;infantil;municipal;ativa;geral;nao;RUA 11 DE JUNHO, SEM NUMERO QD 11 LT 15/16. VILA MARIA DILCE. 74583-100 Goiânia - GO.
52032914;CENTRO PROMOCIONAL TODOS OS SANTOS I;-16.65983150;-49.32297870;infantil|fundamental_i;privada;ativa;geral;sim;RUA PRUDENTE, 2.164 CAPUAVA. 74450-080 Goiânia - GO.
52089622;CENTRO PROMOCIONAL TODOS OS SANTOS III;-16.65580280;-49.31900930;infantil;privada;ativa;geral;sim;RUA MANOEL PRETO, 400 CAPUAVA. 74450-470 Goiânia - GO.
52099741;CETEG CENTRO DE ENSINO TECNOLOGICO DE GOIAS;-16.67755857;-49.25459362;;privada;ativa;geral;nao;RUA 18, 162 SETOR CENTRAL. 74030-040 Goiânia - GO.
52087824;CMEI 13 DE MAIO;-16.69441920;-49.34787668;infantil;municipal;ativa;geral;nao;RUA GV 14, QD. 38 ESQ.COM GV 07. RESIDENCIAL GOIANIA VIVA. 74484-407 Goiânia - GO.
52087760;CMEI AGUA BRANCA;-16.69557570;-49.22219640;infantil;municipal;ativa;geral;nao;AVENIDA B ESQUINA COM RUA 4, 277 AGUA BRANCA. 74723-050 Goiânia - GO.
52212360;CMEI ALEGRIA DE APRENDER;-16.59963220;-49.32998520;infantil;municipal;ativa;geral;nao;RUA JC 48, QD 13 LTS 1 E 2. JARDIM CURITIBA. 74481-204 Goiânia - GO.
52087735;CMEI ALTO DA GLORIA;-16.71548770;-49.23907330;infantil;municipal;ativa;geral;nao;RUA SAO LUIS, QUADRA 10 AREA 2-B. ALTO DA GLORIA. 74815-755 Goiânia - GO.
52089380;CMEI ANDREIA CRISTINA;-16.76384880;-49.35100900;infantil;municipal;ativa;geral;nao;AVENIDA JORGE CAMARGO, QD. 01 LT. AREA. SETOR MARIA CELESTE. 74354-705 Goiânia - GO.
52093190;CMEI ATHENEU DOM BOSCO;-16.74677000;-49.19390000;infantil;municipal;ativa;geral;nao;RUA AT 10 UNIDADE 303, 01 APM-02. PARQUE ATHENEU. 74893-790 Goiânia - GO.
52087921;CMEI BAIRRO FELIZ;-16.66594167;-49.22834167;infantil;municipal;ativa;geral;nao;AVENIDA LAURICIO PEDRO RASMUSSEM, 821 QUADRA 940. VILA COLEMAR NATAL E SILVA. 74630-330 Goiânia - GO.
52087727;CMEI BAIRRO GOIA;-16.68233000;-49.32766000;infantil;municipal;ativa;geral;nao;RUA BG 2 COM A AV. JATAI, QD. AREA LT. AREA. GOIA IV. 74485-851 Goiânia - GO.
52087476;CMEI BAIRRO SANTO HILARIO;-16.65106350;-49.19717820;infantil;municipal;ativa;geral;nao;RUA JOAO MOTA FILHO, SN QUADRA 08 LOTE 10. SANTO HILARIO. 74780-260 Goiânia - GO.
52087999;CMEI BRINCANDO E APRENDENDO;-16.62609600;-49.22132380;infantil;municipal;ativa;geral;nao;RUA UBA, 91 QD. 24. JARDIM GUANABARA. 74675-780 Goiânia - GO.
52089320;CMEI BRISAS DA MATA;-16.59457210;-49.30495480;infantil;municipal;ativa;geral;nao;RUA BM 15, 250 QD AREA LT AREA. RESIDENCIAL BRISAS DA MATA. 74475-359 Goiânia - GO.
52094316;CMEI BUENA VISTA;-16.72568980;-49.40702530;infantil;municipal;ativa;geral;nao;RUA JOAO AMORELLI, S/N QD. APM 01 LT.01. RESIDENCIAL BUENA VISTA I. 74394-210 Goiânia - GO.
52093158;CMEI CANTINHO DO SABER;-16.62291970;-49.33969520;infantil;municipal;ativa;geral;nao;RUA VM 4 A, S/N QD 88 LT B. SETOR NOVO PLANALTO. 74480-382 Goiânia - GO.
52087697;CMEI CANTINHO FELIZ;-16.62653190;-49.32013370;infantil;municipal;ativa;geral;nao;RUA VF -66, 00 QUADRA 49. VILA FINSOCIAL. 74473-600 Goiânia - GO.
52087980;CMEI CECILIA MEIRELES;-16.65642540;-49.26060150;infantil;municipal;ativa;geral;nao;RUA SNF 5, 1 QUADRA 1A LOTES 3/4. SETOR NORTE FERROVIARIO II. 74063-480 Goiânia - GO.
52079880;CMEI CLEMENTE RAIMUNDO SAUTHIER;-16.72287970;-49.36738380;infantil;municipal;ativa;geral;nao;AVENIDA BACURI, 408 PARQUE SANTA RITA. 74393-370 Goiânia - GO.
52083098;CMEI COLEMAR NATAL E SILVA;-16.72890860;-49.22481790;infantil;municipal;ativa;geral;nao;AVENIDA DOM FERNANDO, 550 CHACARA DO GOVERNADOR. 74870-100 Goiânia - GO.
52087778;CMEI CONJUNTO VERA CRUZ II;-16.68062330;-49.38467690;infantil;municipal;ativa;geral;nao;RUA ARY BARROSO, 00 ENTRE VC57 E VC58. CONJUNTO VERA CRUZ II. 74495-020 Goiânia - GO.
52085198;CMEI CONJUNTO VERA CRUZ VI;-16.67579476;-49.38247387;infantil;municipal;ativa;geral;nao;RUA VC 46, 0 QD 102 LT AREA 1. CONJUNTO VERA CRUZ. 74495-230 Goiânia - GO.
52118606;CMEI CONSUELO NASSER;-16.78045820;-49.36664480;infantil;municipal;ativa;geral;nao;RUA AC 5, QD. APM2 LT. AREA. RESIDENCIAL ANA CLARA. 74356-155 Goiânia - GO.
52079902;CMEI CORA CORALINA;-16.68739050;-49.33121160;infantil;municipal;ativa;geral;nao;RUA BARAO DE MAUA, S/N QD5 LTS. 15/16. GOIA. 74485-030 Goiânia - GO.
52087891;CMEI CRIANCA CIDADA;-16.68267650;-49.23726300;infantil;municipal;ativa;geral;nao;RUA 238, QD 43 LT AREA 10/71. SETOR LESTE UNIVERSITARIO. 74603-180 Goiânia - GO.
52087794;CMEI CRIANCA FELIZ;-16.65949000;-49.38143000;infantil;municipal;ativa;geral;nao;RUA VC 3, 216 QD. AREA LOTE APM C3. CONJUNTO VERA CRUZ. 74493-210 Goiânia - GO.
52079945;CMEI CRISTIANO EMIDIO MARTINS;-16.69545430;-49.21353810;infantil;municipal;ativa;geral;nao;RUA X 10, QD X-06 LT 01. JARDIM BRASIL. 74730-420 Goiânia - GO.
52037304;CMEI DEPUTADO SOLON BATISTA AMARAL;-16.72170000;-49.22353000;infantil;municipal;ativa;geral;nao;RUA DO COMERCIO, 199 VILA JARDIM VITORIA I. 74865-060 Goiânia - GO.
52096130;CMEI DOMICIANO DE FARIA;-16.73553160;-49.35269140;infantil;municipal;ativa;geral;nao;RUA EF 16, 0 QD.4 LT.4. RESIDENCIAL ELI FORTE. 74371-043 Goiânia - GO.
52087492;CMEI DONA TITA;-16.65494680;-49.31363620;infantil;municipal;ativa;geral;nao;RUA VITORIA, QD. 25 LT.01. VILA JOAO VAZ. 74445-260 Goiânia - GO.
52036138;CMEI EVANGELINA PEREIRA DA COSTA;-16.63677483;-49.35021680;infantil;municipal;ativa;geral;nao;ESTRADA 115, 316/317 CHACARAS DE RECREIO SAO JOAQUIM. 74470-230 Goiânia - GO.
52079970;CMEI GOIANIA VIVA;-16.69748610;-49.34887800;infantil;municipal;ativa;geral;nao;RUA GV 23, 211 QUADRA 55, LOTE AREA. RESIDENCIAL GOIANIA VIVA. 74484-444 Goiânia - GO.
52072517;CMEI GOVERNADOR OLINTO DE PAULA LEITE;-16.73777020;-49.22002600;infantil;municipal;ativa;geral;nao;AVENIDA VIRGILIO JOAQUIM FERREIRA, QUADRA 36, LOTE 01. PARQUE FLAMBOYANT. 74860-615 Goiânia - GO.
52089525;CMEI HERDEIROS DO FUTURO;-16.65548000;-49.32643000;infantil;municipal;ativa;geral;nao;RUA PEDRO ARAUJO LIMA, SN QD 29. CAPUAVA. 74450-190 Goiânia - GO.
52097030;CMEI IPE AMARELO;-16.67431160;-49.43148990;infantil;municipal;ativa;geral;nao;RUA JC 201, S/N Q APM01 L01. RESIDENCIAL JARDINS DO CERRADO VI. 74491-567 Goiânia - GO.
52036235;CMEI IRMA LIDIA;-16.65552420;-49.29758650;infantil;municipal;ativa;geral;nao;RUA 3, 225 SETOR SAO JOSE. 74440-350 Goiânia - GO.
52087816;CMEI JARDIM AMERICA;-16.71782000;-49.28549000;infantil;municipal;ativa;geral;nao;PRACA C 164, ESQ. COM RUA C 145. JARDIM AMERICA. 74250-220 Goiânia - GO.
52087867;CMEI JARDIM ANA LUCIA;-16.69988840;-49.31017440;infantil;municipal;ativa;geral;nao;RUA PONTE NOVA, 524 ESQUINAC/ OURO PRETO. JARDIM ANA LUCIA. 74315-290 Goiânia - GO.
52087549;CMEI JARDIM BALNEARIO MEIA PONTE;-16.61354470;-49.29920390;infantil;municipal;ativa;geral;nao;RUA MILAO, 92 QUADRA G. JARDIM BALNEARIO MEIA PONTE. 74590-480 Goiânia - GO.
52087786;CMEI JARDIM CURITIBA;-16.59606620;-49.33525840;infantil;municipal;ativa;geral;nao;RUA JC 54, ESQ. C/ JC-14 APM 18. JARDIM CURITIBA. 74481-320 Goiânia - GO.
52087883;CMEI JARDIM DAS AROEIRAS;-16.66188250;-49.19578430;infantil;municipal;ativa;geral;nao;AVENIDA DAS AROEIRAS, QUADRA 20 LOTE 02. JARDIM DAS AROEIRAS. 74770-440 Goiânia - GO.
52089410;CMEI JARDIM EUROPA II;-16.71402140;-49.31264490;infantil;municipal;ativa;geral;nao;RUA MARSELHA, QD.99 LTS 08 E 09. JARDIM EUROPA. 74330-060 Goiânia - GO.
52089517;CMEI JARDIM GUANABARA I;-16.62310670;-49.21085430;infantil;municipal;ativa;geral;nao;RUA JUIZ DE FORA, S/N QD 105 LT FT. JARDIM GUANABARA. 74675-490 Goiânia - GO.
52079899;CMEI JARDIM GUANABARA III;-16.61028420;-49.21736510;infantil;municipal;ativa;geral;nao;AVENIDA ALVICTO OZORIO NOGUEIRA, S/N QD. 47, APM 3. JARDIM GUANABARA III. 74683-500 Goiânia - GO.
52093220;CMEI JARDIM MARILIZA;-16.73645060;-49.20009230;infantil;municipal;ativa;geral;nao;RUA JARINA QD AREA, 1155 LT. APM. JARDIM MARILIZA. 74885-250 Goiânia - GO.
52087875;CMEI JARDIM NOVA ESPERANCA;-16.64518362;-49.32591406;infantil;municipal;ativa;geral;nao;AVENIDA COMERCIAL, QD-50 LT-16 E 17. JARDIM NOVA ESPERANCA. 74465-120 Goiânia - GO.
52087700;CMEI JARDIM PRESIDENTE-NAC;-16.74344570;-49.33148110;infantil;municipal;ativa;geral;nao;AVENIDA PRESIDENTE DUTRA, QD. 43, AREA PUBLICA. JARDIM PRESIDENTE. 74353-120 Goiânia - GO.
52076504;CMEI JARDIM PRIMAVERA;-16.58858000;-49.37345000;infantil;municipal;ativa;geral;nao;AVENIDA COMERCIAL, 668 QUADRA 48, LOTE 1. CONJUNTO PRIMAVERA. 74477-228 Goiânia - GO.
52097072;CMEI JOAO NAVEGA DE AGUIAR;-16.54872443;-49.26870694;infantil;municipal;ativa;geral;nao;RUA OM 19, QUADRA 23 LOTE 33. RESIDENCIAL ORLANDO MORAIS. 74693-030 Goiânia - GO.
52108058;CMEI JOAO PEDRO CALEMBO;-16.67592696;-49.20732208;infantil;municipal;ativa;geral;nao;RUA JULIA VIEIRA ROSA, 331 APM 06. RESIDENCIAL VALE DO ARAGUAIA. 74735-495 Goiânia - GO.
52087832;CMEI JOSE ALVES BATISTA;-16.64429730;-49.26084340;infantil;municipal;ativa;geral;nao;RUA SENADOR ANTONIO MARTINS BORGES, S/N Q 28, L AREA. SETOR CRIMEIA LESTE. 74660-410 Goiânia - GO.
52096114;CMEI LYGIA RASSI;-16.60661000;-49.31114000;infantil;municipal;ativa;geral;nao;RUA RB 4, ESQUINA COM RUA RB 9. RESIDENCIAL RECANTO DO BOSQUE. 74474-309 Goiânia - GO.
52087930;CMEI MARCIA LORENA MENDES;-16.61415210;-49.34865030;infantil;municipal;ativa;geral;nao;RUA VM U, S/N QUADRA 38. JARDIM LIBERDADE. 74475-530 Goiânia - GO.
52100316;CMEI MARIA FRANCISCA DA SILVA;-16.66893080;-49.19228710;infantil;municipal;ativa;geral;nao;RUA GOIAS, APM3 LT2. JARDIM CONQUISTA. 74767-010 Goiânia - GO.
52079910;CMEI MARIA JOSE DOS SANTOS;-16.63241420;-49.23417620;infantil;privada;ativa;geral;sim;AVENIDA BRASIL, 856 QD. 47 LT. 01/02. SANTA GENOVEVA. 74672-350 Goiânia - GO.
52036286;CMEI MARIA ODETE AUGUSTA DE BRITO;-16.61385870;-49.22108630;infantil;municipal;ativa;geral;nao;RUA GB 41, 333 QUADRA 72. JARDIM GUANABARA III. 74683-400 Goiânia - GO.
52076296;CMEI MATEUS BARCELOS BARRETOS;-16.72973640;-49.31800140;infantil;municipal;ativa;geral;nao;AVENIDA BARAO DE RIO BRANCO, 656 QD 63 LT 9/10. JARDIM VILA BOA. 74360-230 Goiânia - GO.
52098737;CMEI MINERVINA MARIA DE SOUSA;-16.64549810;-49.18113220;infantil;municipal;ativa;geral;nao;RUA SR 38, APM 18 SETOR RECANTO DAS MINAS GERAIS. 74785-430 Goiânia - GO.
52087840;CMEI MONTEIRO LOBATO;-16.68782010;-49.35149700;infantil;municipal;ativa;geral;nao;AVENIDA TOQUIO, LOTE 01 ESQ/COM MADRI QD-13. PARQUE INDUSTRIAL JOAO BRAZ. 74483-550 Goiânia - GO.
52118614;CMEI NOSSA SENHORA APARECIDA;-16.57382750;-49.33604570;infantil;municipal;ativa;geral;nao;RUA BS 10, QD 51 LT AREA 1. SAO DOMINGOS. 74477-302 Goiânia - GO.
52087913;CMEI OITO DE MARCO;-16.68107420;-49.25503900;infantil;municipal;ativa;geral;nao;RUA 82, S/N QD. L PRACA CIVICA. SETOR CENTRAL. 74015-095 Goiânia - GO.
52096149;CMEI ORLANDO ALVES CARNEIRO;-16.67385740;-49.29545820;infantil;municipal;ativa;geral;nao;AVENIDA MATO GROSSO, 1623 QD 130 LT 04. SETOR CAMPINAS. 74513-040 Goiânia - GO.
52214362;CMEI PADRE VITALIS;-16.65476910;-49.25163580;infantil;municipal;ativa;geral;nao;RUA 231, QD. 709 LOTE 23/25. LOTEAMENTO MANSOES PEREIRA/ VILA MONTICELLI. 74655-148 Goiânia - GO.
52037150;CMEI PADRE ZEZINHO;-16.74463810;-49.19324450;infantil;municipal;ativa;geral;nao;RUA 2032 UNIDADE 203, UNIDADE 201. PARQUE ATHENEU. 74890-710 Goiânia - GO.
52085139;CMEI PARQUE AMAZONIA - NAC;-16.73839000;-49.28030000;infantil;municipal;ativa;geral;nao;PRACA CORONEL INACIO ELIAS BUFAICAL, S/N QUADRA - L. PARQUE AMAZONIA. 74840-560 Goiânia - GO.
52087484;CMEI PARQUE ATHENEU;-16.75028290;-49.19897400;infantil;municipal;ativa;geral;nao;RUA 201 UNIDADE 201, SN ESQUINA COM 201. PARQUE ATHENEU. 74890-610 Goiânia - GO.
52091635;CMEI PARQUE ELDORADO D OESTE;-16.68644500;-49.40790330;infantil;municipal;ativa;geral;nao;RUA ELO 3 ESQ. COM ELO 43 APM-7, PARQUE ELDORADO OESTE. 74490-273 Goiânia - GO.
52089460;CMEI PEQUENO APRENDIZ;-16.61875420;-49.35414890;infantil;municipal;ativa;geral;nao;RUA VM H, 18 QD 15 LT APM C4. VILA MUTIRAO I. 74480-210 Goiânia - GO.
52036596;CMEI PRESIDENTE COSTA E SILVA;-16.71598920;-49.24226620;infantil;municipal;ativa;geral;nao;RUA R 10, 131 VILA REDENCAO. 74845-760 Goiânia - GO.
52087972;CMEI PRIMEIROS PASSOS;-16.68524630;-49.25424590;infantil;municipal;ativa;geral;nao;RUA 84A, S/Nº QD F 18. SETOR SUL. 74080-410 Goiânia - GO.
52215350;CMEI PROFESSORA ALZIRA DE OLIVEIRA ALVES;-16.72990210;-49.30871050;infantil;municipal;ativa;geral;nao;RUA NAVARRA, S/N QUADRA 182 LOTE AREA. JARDIM EUROPA. 74330-520 Goiânia - GO.
52088227;CMEI PROFESSORA DARLY;-16.63829290;-49.27298470;infantil;municipal;ativa;geral;nao;AVENIDA SOLAR, SN QD. 40. SETOR URIAS MAGALHAES. 74565-630 Goiânia - GO.
52089479;CMEI PROFESSORA IACY ALBA ROCHA FERREIRA LIMA;-16.66566954;-49.30195908;infantil;municipal;ativa;geral;nao;RUA 15, 25 AEROVIARIO. 74435-230 Goiânia - GO.
52096106;CMEI PROFESSORA NAIR LACERDA JUBE BORGES;-16.78462820;-49.35962620;infantil;municipal;ativa;geral;nao;RUA 30, LOTE AREA ESQUINA C/ 24, APM07. CONDOMINIO DAS ESMERALDAS. 74355-478 Goiânia - GO.
52105822;CMEI RECANTO DA CRIANCA RHAYSA CRISTINE FERNANDES CORREA;-16.60261342;-49.33314619;infantil;municipal;ativa;geral;nao;RUA JC14, 746 QD AREA LT APM 26. JARDIM CURITIBA. 74481-250 Goiânia - GO.
52091651;CMEI RECANTO DAS GARCAS;-16.64295650;-49.38677290;infantil;municipal;ativa;geral;nao;RUA OTHON GALDINO, SN AREA PUBLICA III. RESIDENCIAL RECANTO DAS GARCAS. 74485-760 Goiânia - GO.
52087565;CMEI RECANTO INFANTIL;-16.67959250;-49.29657460;infantil;municipal;ativa;geral;nao;RUA 08 ESQUINA COM RUA 03, 41 QD PRACA, LT AREA. SETOR CASTELO BRANCO. 74405-130 Goiânia - GO.
52093212;CMEI RESIDENCIAL ALPHAVILLE;-16.73263000;-49.37650000;infantil;municipal;ativa;geral;nao;RUA ALPHA 24, SN AREA PUBLICA. LOTEAMENTO ALPHAVILLE RESIDENCIAL. 74393-780 Goiânia - GO.
52091660;CMEI RESIDENCIAL ITAIPU;-16.78705460;-49.36942000;infantil;municipal;ativa;geral;nao;RUA RI 30, QD 44 LT. AREA. RESIDENCIAL ITAIPU. 74356-012 Goiânia - GO.
52093204;CMEI RESIDENCIAL ITAMARACA;-16.65034310;-49.30010920;infantil;municipal;ativa;geral;nao;RUA RIT - 13, S/N QD. APM -02. SETOR RESIDENCIAL ITAMARACA. 74580-230 Goiânia - GO.
52080005;CMEI SANTA LUZIA;-16.63803350;-49.26548590;infantil;municipal;ativa;geral;nao;RUA UM 2, QUADRA 2A LOTE 36. SETOR URIAS MAGALHAES II. 74565-692 Goiânia - GO.
52091244;CMEI SANTA MONICA;-16.74125400;-49.19174340;infantil;municipal;ativa;geral;nao;RUA 2071 UNIDADE 207, QD. LT.31E. PARQUE ATHENEU. 74893-750 Goiânia - GO.
52076954;CMEI SAO PIO X;-16.65621800;-49.27762280;infantil;municipal;ativa;geral;nao;RUA SAO SALVADOR, 41 VILA PARAISO. 74553-620 Goiânia - GO.
52093182;CMEI SARA E REBECA;-16.61687480;-49.34891960;infantil;municipal;ativa;geral;nao;RUA VM S Q C LTC1, JARDIM LIBERDADE. 74475-535 Goiânia - GO.
52089428;CMEI SETOR AEROVIARIO I;-16.66650390;-49.30312210;infantil;municipal;ativa;geral;nao;RUA 14, S/N QD. 06 LT. AREA. AEROVIARIO. 74435-220 Goiânia - GO.
52087964;CMEI SETOR PERIM - NAC;-16.64679410;-49.29736250;infantil;municipal;ativa;geral;nao;RUA SP 14, S/N QD-12. SETOR PERIM. 74580-360 Goiânia - GO.
52089398;CMEI SETOR PROGRESSO;-16.65139560;-49.29058790;infantil;municipal;ativa;geral;nao;RUA DOS XAVANTES, ESQUINA COM RUA DOS TAMOIOS, QD. 07, LT. 01. VILA CLEMENTE. 74580-490 Goiânia - GO.
52085007;CMEI SETOR SANTOS DUMONT-NAC;-16.65136000;-49.34303360;infantil;municipal;ativa;geral;nao;AVENIDA EPHRAIM DE MORAIS, S/N QD. 57, LT.AREA. SETOR SANTOS DUMONT. 74463-400 Goiânia - GO.
52089444;CMEI SETOR UNIAO;-16.70935680;-49.30607760;infantil;municipal;ativa;geral;nao;RUA U 54, SN QD 16. SETOR UNIAO. 74313-380 Goiânia - GO.
52100332;CMEI SOLANGE PARK;-16.70398580;-49.35446080;infantil;municipal;ativa;geral;nao;RUA DONA CHIQUITA, QD APM-2. SOLANGE PARK II. 74484-115 Goiânia - GO.
52087905;CMEI TEMPO DE INFANCIA;-16.61685360;-49.24776020;infantil;municipal;ativa;geral;nao;AVENIDA SAO JORGE, 1033 Q. 38 L. 27/28. VILA JARDIM SAO JUDAS TADEU. 74685-490 Goiânia - GO.
52080021;CMEI TIA JOVITA;-16.66156900;-49.18073650;infantil;municipal;ativa;geral;nao;AVENIDA PARACATU QD 12, 00 ESQUINA COM RUA 4. VILA PEDROSO. 74770-160 Goiânia - GO.
52079937;CMEI TIO OSCAR;-16.63527190;-49.27526720;infantil;municipal;ativa;geral;nao;RUA DA PRATA, 51 SETOR URIAS MAGALHAES. 74565-610 Goiânia - GO.
52076989;CMEI TIO ROMAO;-16.71694253;-49.24120363;infantil;municipal;ativa;geral;nao;ALAMEDA EMILIO POVOA, S/N QD-75. VILA REDENCAO. 74845-250 Goiânia - GO.
52098745;CMEI VALE DOS SONHOS;-16.60403720;-49.21615210;infantil;municipal;ativa;geral;nao;RUA VS 8, 001 QD APM 01, LT 01. RESIDENCIAL VALE DOS SONHOS II. 74684-390 Goiânia - GO.
52087530;CMEI VILA AREIAO;-16.69910090;-49.24654430;infantil;municipal;ativa;geral;nao;AVENIDA AREIAO, QUADRA 01 LOTE 10. SETOR PEDRO LUDOVICO. 74820-370 Goiânia - GO.
52087689;CMEI VILA FAICALVILLE;-16.73251050;-49.31238650;infantil;municipal;ativa;geral;nao;RUA F 20 QUADRA 117 LOTE 01, SETOR FAICALVILLE. 74360-170 Goiânia - GO.
52088006;CMEI VILA FINSOCIAL I;-16.62387330;-49.31884950;infantil;municipal;ativa;geral;nao;RUA VF 44 ESQUINA COM RUA VF 41, 188 QUADRA 34 LOTE 01. VILA FINSOCIAL. 74473-400 Goiânia - GO.
52079929;CMEI VILA IZAURA;-16.66075600;-49.28383940;infantil;municipal;ativa;geral;nao;RUA 9, LOTES 17 E 18. VILA ISAURA. 74553-150 Goiânia - GO.
52087859;CMEI VILA MAUA;-16.70055370;-49.31632030;infantil;municipal;ativa;geral;nao;RUA GENERAL CUNHA MATTOS, QD. 27, LT. 05. VILA MAUA. 74323-250 Goiânia - GO.
52089304;CMEI VILA REDENCAO - NAC;-16.71894210;-49.24539240;infantil;municipal;ativa;geral;nao;AVENIDA JARDIM BOTANICO, SN QD 64 LT 184. VILA REDENCAO. 74485-490 Goiânia - GO.
52089339;CMEI VILA SANTA RITA;-16.67703960;-49.31669300;infantil;municipal;ativa;geral;nao;RUA FORMOSA, 704 QUADRA E LT 01 E 02. INDUSTRIAL MOOCA. 74420-201 Goiânia - GO.
52091643;CMEI VILA SANTANA;-16.66443610;-49.29346870;infantil;municipal;ativa;geral;nao;AV. SERGIPE, 586 QD 06 LOT 25. SETOR CAMPINAS. 74523-150 Goiânia - GO.
52089487;CMEI VILA SAO JOSE;-16.65812430;-49.29875680;infantil;municipal;ativa;geral;nao;PRACA NOSSA SENHORA DA CONCEICAO, S/Nº QUADRA 509. SETOR SAO JOSE. 74440-210 Goiânia - GO.
52100308;CMEI VILLAGE ATALAIA;-16.59161630;-49.25755010;infantil;municipal;ativa;geral;nao;RUA VA 5 ESQUINA COM VA 6, 406 Q.APM 3. VILLAGE ATALAIA. 74692-154 Goiânia - GO.
52087751;CMEI VIVENDO E APRENDENDO;-16.65548710;-49.32771220;infantil;municipal;ativa;geral;nao;RUA JANUARIO DA CUNHA BARBOSA, S/N QD. 32. CAPUAVA. 74450-180 Goiânia - GO.
52034593;COLEGIO ADVENTISTA JARDIM EUROPA;-16.71452000;-49.30694000;infantil|fundamental_i|fundamental_ii;privada;ativa;geral;nao;RUA SANTA EFIGENIA, SN QD 44 LOTES 27 A 30. JARDIM PLANALTO. 74333-230 Goiânia - GO.
52033120;COLEGIO ADVENTISTA NOVO MUNDO;-16.66967220;-49.21734600;infantil|fundamental_i|fundamental_ii;privada;ativa;geral;nao;RUA INDIANA, SN QD 212 LT 5/9. JARDIM NOVO MUNDO. 74705-300 Goiânia - GO.
52034585;COLEGIO ADVENTISTA SETOR PEDRO LUDOVICO;-16.70991810;-49.25036000;infantil|fundamental_i|fundamental_ii;privada;ativa;geral;nao;ALAMEDA LEOPOLDO DE BULHOES, 228 QD.51 LT.15E. SETOR PEDRO LUDOVICO. 74820-060 Goiânia - GO.
52033210;COLEGIO AGOSTINIANO NS DE FATIMA;-16.67206090;-49.27104540;infantil|fundamental_i|fundamental_ii;privada;ativa;geral;nao;RUA 6 A, 590 SETOR AEROPORTO. 74075-220 Goiânia - GO.
52081079;COLEGIO ANGLO DE CAMPINAS;-16.66549790;-49.28792040;infantil|fundamental_i|fundamental_ii;privada;ativa;geral;nao;RUA BENJAMIN CONSTANT, 1.287 SETOR CAMPINAS. 74525-050 Goiânia - GO.
52033228;COLEGIO ANHANGUERA;-16.69069680;-49.30951880;fundamental_i|fundamental_ii;privada;ativa;geral;nao;RUA 240 B, 146 QUADRA 176A. SETOR BUENO. 74210-114 Goiânia - GO.
52037924;COLEGIO ANTARES;-16.64295570;-49.27391000;;privada;paralisada;geral;nao;AVENIDA RIO BRANCO, 258 SETOR URIAS MAGALHAES. 74565-070 Goiânia - GO.
52033236;COLEGIO ATENEU SALESIANO DOM BOSCO;-16.67964320;-49.26223560;infantil|fundamental_i|fundamental_ii;privada;ativa;geral;nao;ALAMEDA DOS BURITIS, 485 QD. A-01 AREA. SETOR CENTRAL. 74015-080 Goiânia - GO.
52211371;COLEGIO ATLANTA LTDA;-16.69304764;-49.35882054;infantil|fundamental_i|fundamental_ii;privada;ativa;geral;nao;RUA DAS MISSOES, 1280 QD 45. LT. 1/2/3/4/5. PARQUE INDUSTRIAL JOAO BRAZ. 74483-380 Goiânia - GO.
52097587;COLEGIO ATRIO;-16.70504610;-49.27337110;;privada;ativa;geral;nao;AVENIDA T 3, 2352 SETOR BUENO. 74210-240 Goiânia - GO.
52081095;COLEGIO ATUAL 2000 LTDA;-16.71638910;-49.29846020;infantil|fundamental_i|fundamental_ii;privada;ativa;geral;nao;RUA V 6, 313 QD V 06. VILA REZENDE. 74335-230 Goiânia - GO.
52089436;COLEGIO AVALON;-16.70077000;-49.35387000;infantil|fundamental_i;privada;ativa;geral;nao;RUA PH 7, 376 QD 19 LT 09/10. SOLANGE PARK I. 74484-080 Goiânia - GO.
52069745;COLEGIO BOAS NOVAS;-16.65906000;-49.27579000;infantil|fundamental_i|fundamental_ii;privada;ativa;geral;nao;RUA PORTO ALEGRE, 38 QD. 11 LT. 6. VILA PARAISO. 74553-560 Goiânia - GO.
52033244;COLEGIO CLARETIANO CORACAO DE MARIA;-16.67031200;-49.25307740;fundamental_ii;privada;ativa;geral;nao;AVENIDA PARANAIBA, 370 SETOR CENTRAL. 74020-010 Goiânia - GO.
52101541;COLEGIO CORTEX;-16.70351146;-49.27140589;;privada;ativa;geral;nao;RUA T 53, 929 QD. 98 LT. 22/24. SETOR BUENO. 74215-150 Goiânia - GO.
52251357;COLEGIO DA POLICIA MILITAR DE GOIAS NALY DEUSDARA;-16.72420510;-49.22940140;fundamental_ii;estadual;ativa;geral;nao;RUA C5 QD 07 LT 13, SN PARQUE DAS LARANJEIRAS. 74855-200 Goiânia - GO.
52034275;COLEGIO DE APLICACAO DO INSTITUTO DE EDUCACAO DE GOIAS;-16.66778710;-49.24344550;;estadual;paralisada;geral;nao;9 AVENIDA, 474 VILA NOVA. 74643-080 Goiânia - GO.
52091384;COLEGIO DEGRAUS;-16.70612996;-49.30428919;fundamental_ii;privada;ativa;geral;nao;RUA C 97, 309 SETOR SUDOESTE. 74303-380 Goiânia - GO.
52033902;COLEGIO DELTA I II III;-16.71583500;-49.30524320;fundamental_i;privada;ativa;geral;nao;RUA SAO BARTOLOMEU, 911 QD. 39 LT. 1,2 E 23. JARDIM PLANALTO. 74333-260 Goiânia - GO.
52099504;COLEGIO DELTA JARDIM GOIAS;-16.70666240;-49.23353870;infantil|fundamental_i|fundamental_ii;privada;ativa;geral;nao;RUA 14 ESQ COM RUA 74, 358 JARDIM GOIAS. 74810-180 Goiânia - GO.
52033295;COLEGIO DINAMICO;-16.70771167;-49.26557000;;privada;ativa;geral;nao;RUA T 37, 2693 QD, 114 LTS.17/18. SETOR BUENO. 74230-022 Goiânia - GO.
52087271;COLEGIO ESPERANCA;-16.72356580;-49.37471130;infantil|fundamental_i|fundamental_ii;privada;ativa;geral;nao;RUA PROFESSORA ELVIRA DE GRAMONT, 15 QUADRA 04 LOTE 10. VILA RIZZO. 74390-655 Goiânia - GO.
52034798;COLEGIO ESTADUAL ALBERT SABIN;-16.65801380;-49.34235830;fundamental_ii;estadual;ativa;geral;nao;ALAMEDA CORCOVADO QD 07 LT 13, SN JARDIM PETROPOLIS. 74460-060 Goiânia - GO.
52074030;COLEGIO ESTADUAL AMALIA HERMANO TEIXEIRA;-16.62365180;-49.29969600;fundamental_ii;estadual;ativa;geral;nao;AV MARCIO SILVA, SN QD 80 LT 10. JD BAL MEIA PONTE. 74590-400 Goiânia - GO.
52033333;COLEGIO ESTADUAL ASSIS CHATEAUBRIAND;-16.66698230;-49.29339200;fundamental_ii;estadual;ativa;geral;nao;AV OTAVIO TAVARES DE MORAIS, SN CAMPINAS. 74520-070 Goiânia - GO.
52069907;COLEGIO ESTADUAL BENEDITO LUCIMAR HESKETH DA SILVA;-16.71585037;-49.37105496;fundamental_ii;estadual;ativa;geral;nao;RUA DO CERRADO, SN QD 28 LT 7. CONDOM MARQUES DE ABREU. 74391-170 Goiânia - GO.
52035506;COLEGIO ESTADUAL COLEMAR NATAL E SILVA;-16.67034490;-49.26833670;fundamental_ii;estadual;ativa;geral;nao;RUA 18 A, 106 SETOR AEROPORTO. 74070-060 Goiânia - GO.
52033368;COLEGIO ESTADUAL CORA CORALINA;-16.71643370;-49.24231300;fundamental_ii;estadual;ativa;geral;nao;RUA NR4 C RUA NR2, SN VILA REDENCAO. VILA REDENCAO. 74845-670 Goiânia - GO.
52069915;COLEGIO ESTADUAL DA POLICIA MILITAR DE GOIAS DO SETOR PALMITO;-16.67507840;-49.22034040;fundamental_ii;estadual;ativa;geral;nao;AV CRISTOVAO COLOMBO, SN QD 136 LT 16. JARDIM NOVO MUNDO. 74705-130 Goiânia - GO.
52033503;COLEGIO ESTADUAL DA POLICIA MILITAR DE GOIAS JOSE DE RIBAMAR SOUZA CIRQUEIRA;-16.61699280;-49.21729410;fundamental_ii;estadual;ativa;geral;nao;AL MINAS GERAIS QD 76 LT 24, 24 JARDIM GUANABARA. 74675-560 Goiânia - GO.
52033554;COLEGIO ESTADUAL DA POLICIA MILITAR DE GOIAS MAJOR OSCAR ALVELOS;-16.75129467;-49.20054406;fundamental_ii;estadual;ativa;geral;nao;RUA 2011, 74 UNIDADE 201. PARQUE ATHENEU. 74890-660 Goiânia - GO.
52035271;COLEGIO ESTADUAL DA POLICIA MILITAR DE GOIAS MIRIAM BENCHIMOL FERREIRA;-16.64516660;-49.18930540;fundamental_ii;estadual;ativa;geral;nao;RUA JL 4 QD 9 LT 8, JARDIM LAGEADO. 74785-040 Goiânia - GO.
52068749;COLEGIO ESTADUAL DA POLICIA MILITAR DE GOIAS UNIDADE AYRTON SENNA;-16.60683040;-49.33496290;fundamental_ii;estadual;ativa;geral;nao;RUA JC 10 ESQ C JC 37, SN JARDIM CURITIBA I. 74481-060 Goiânia - GO.
52033457;COLEGIO ESTADUAL DA POLICIA MILITAR DE GOIAS UNIDADE HUGO DE CARVALHO RAMOS;-16.70047700;-49.24255450;fundamental_ii;estadual;ativa;geral;nao;AV E QD B11 LTS 124, 600 JARDIM GOIAS. 74810-030 Goiânia - GO.
52034119;COLEGIO ESTADUAL DA POLICIA MILITAR DE GOIAS VASCO DOS REIS;-16.69195910;-49.27379380;fundamental_ii;estadual;ativa;geral;nao;RUA T 48 ESQ C AV MUTIRAO, SN SETOR OESTE. 74140-130 Goiânia - GO.
52033651;COLEGIO ESTADUAL DA POLICIA MILITAR DE GOIAS WALDEMAR MUNDIM;-16.60332360;-49.25339800;fundamental_ii;estadual;ativa;geral;nao;RUA R 40 QD 40 LT 28, SN CONJ ITATIAIA I. 74690-650 Goiânia - GO.
52033961;COLEGIO ESTADUAL DAMIANA DA CUNHA;-16.66713050;-49.28361350;fundamental_ii;estadual;ativa;geral;nao;RUA C 500, 89 SETOR CENTRO OESTE. 74550-050 Goiânia - GO.
52034941;COLEGIO ESTADUAL DOM FERNANDO I;-16.66503370;-49.19122500;fundamental_ii;estadual;ativa;geral;nao;RUA JOAO CRISOSTOMO ROSA, SN QUADRA 10 LOTE 19. RESIDENCIAL SONHO DOURADO. 74781-006 Goiânia - GO.
52035026;COLEGIO ESTADUAL DUQUE DE CAXIAS;-16.66702650;-49.30387970;fundamental_ii;estadual;ativa;geral;nao;RUA TREZE, 156 AEROVIARIO. 74435-200 Goiânia - GO.
52033430;COLEGIO ESTADUAL EDMUNDO ROCHA VILA MUTIRAO;-16.61859630;-49.35352970;;estadual;ativa;geral;nao;RUA J QD 15 LT 1, SN VILA MUTIRAO I. 74480-230 Goiânia - GO.
52069885;COLEGIO ESTADUAL FLORESCER;-16.71880920;-49.25609330;fundamental_i|fundamental_ii;estadual;ativa;exclusivo_deficiencia;nao;RUA 1041, SN SN. ST PEDRO LUDOVICO. 74825-080 Goiânia - GO.
52033481;COLEGIO ESTADUAL JARDIM AMERICA;-16.71210940;-49.28717940;fundamental_ii;estadual;ativa;geral;nao;PRACA C 111 SN, SN JARDIM AMERICA. 74643-050 Goiânia - GO.
52033490;COLEGIO ESTADUAL JARDIM BALNEARIO MEIA PONTE;-16.62189230;-49.28576950;fundamental_ii;estadual;ativa;geral;nao;AV GENESIO DE LIMA BRITO, SN QD F LT A. BALNEARIO MEIA PONTE. 74593-210 Goiânia - GO.
52107035;COLEGIO ESTADUAL JARDIM DO CERRADO;-16.67520582;-49.44045942;fundamental_ii;estadual;ativa;geral;nao;RUA JC 312, SN JARDIM CERRADO 7. 74491-612 Goiânia - GO.
52037517;COLEGIO ESTADUAL JARDIM EUROPA;-16.70361650;-49.31392450;fundamental_ii;estadual;ativa;geral;nao;RUA BOLONHA QD 11A, SN ESQ C PIZA. JARDIM EUROPA. 74325-080 Goiânia - GO.
52035115;COLEGIO ESTADUAL JARDIM NOVO MUNDO;-16.67692330;-49.22212690;fundamental_ii;estadual;ativa;geral;nao;AV CRISTOVAO COLOMBO, SN QD 113 LT 104. JARDIM NOVO MUNDO. 74705-130 Goiânia - GO.
52033520;COLEGIO ESTADUAL JARDIM VILA BOA;-16.73089230;-49.32159340;fundamental_ii;estadual;ativa;geral;nao;RUA PAOLA NEY, SN JD VILA BOA. 74360-410 Goiânia - GO.
52035131;COLEGIO ESTADUAL JOAO BENNIO;-16.60545121;-49.32479932;fundamental_ii;estadual;ativa;geral;nao;RUA JC QUADRA 140 AREA VERDE, SN JD CURITIBA III. 74481-130 Goiânia - GO.
52035140;COLEGIO ESTADUAL JOAO JOSE COUTINHO;-16.66028553;-49.38152904;fundamental_ii;estadual;ativa;geral;nao;AV JOAO BATISTA GONCALVES, SN ESQUINA COM V3. CONJUNTO VERA CRUZ I. 74493-110 Goiânia - GO.
52091627;COLEGIO ESTADUAL JORNALISTA LUIZ GONZAGA CONTART;-16.61300920;-49.21492090;fundamental_ii;estadual;ativa;geral;nao;RUA GB4 ESQ COM RUA GB5, SN JARDIM GUANABARA II. JD GUANABARA II. 74683-510 Goiânia - GO.
52033538;COLEGIO ESTADUAL JOSE LOBO;-16.67237310;-49.30415790;fundamental_ii;estadual;ativa;geral;nao;RUA DOS MISSIONARIOS, 788 SET0R RODOVIARIO. 74430-360 Goiânia - GO.
52035220;COLEGIO ESTADUAL MAJOR ALBERTO NOBREGA;-16.65639570;-49.26038970;fundamental_ii;estadual;ativa;geral;nao;RUA SNF02 QD01A LT0204, SN QD 1A LT 24. FERROVIARIO. 74063-450 Goiânia - GO.
52035247;COLEGIO ESTADUAL MENINO JESUS;-16.72991810;-49.22855380;;estadual;ativa;geral;nao;ALAMEDA DO CONTORNO, 174 PARQUE DAS LARANJEIRAS. 74855-130 Goiânia - GO.
52035280;COLEGIO ESTADUAL MURILO BRAGA;-16.66570880;-49.24954250;fundamental_ii;estadual;ativa;geral;nao;RUA 200, 743 1 ANDAR. VILA NOVA. 74645-230 Goiânia - GO.
52035301;COLEGIO ESTADUAL NHANHA DO COUTO;-16.67103790;-49.28386710;fundamental_ii;estadual;ativa;geral;nao;AV 24 DE OUTUBRO, SN SETOR FUNCIONARIOS. 74543-100 Goiânia - GO.
52035336;COLEGIO ESTADUAL NOSSA SENHORA DE LOURDES;-16.60633920;-49.33762360;;estadual;paralisada;geral;nao;RUA JC 26, SN QD 5 LT 8 A 11. JD CURITIBA II. 74480-430 Goiânia - GO.
52035344;COLEGIO ESTADUAL OLAVO BILAC;-16.66621730;-49.30367280;fundamental_ii;estadual;ativa;geral;nao;AV 24 DE OUTUBRO, SN ESQ C RUA 13. SETOR AEROVIARIO. 74435-090 Goiânia - GO.
52035395;COLEGIO ESTADUAL POLIVALENTE PROFESSOR GOIANY PRATES;-16.70172910;-49.29964930;fundamental_ii;estadual;ativa;geral;nao;RUA C 68 QD 115, 336 SETOR SUDOESTE. 74305-340 Goiânia - GO.
52035468;COLEGIO ESTADUAL PROFESSOR VITOR JOSE DE ARAUJO;-16.60540404;-49.32469027;fundamental_ii;estadual;ativa;geral;nao;AV DO POVO ESQ COM AV ORIENTE QD 105, 105 JD CURITIBA III. 74480-800 Goiânia - GO.
52033600;COLEGIO ESTADUAL PROFESSOR WILMAR GONCALVES DA SILVA;-16.66826790;-49.22493290;fundamental_ii;estadual;ativa;geral;nao;RUA 13 QD25 LT01, SN VILA MORAIS. 74620-180 Goiânia - GO.
52035042;COLEGIO ESTADUAL PROFESSORA EVA ASSUNCAO;-16.68019260;-49.38232150;fundamental_ii;estadual;ativa;geral;nao;AV LEOPOLDO DE BULHOES, SN VERA CRUZ II. 74493-130 Goiânia - GO.
52101118;COLEGIO ESTADUAL ROBERTO CIVITA;-16.73576730;-49.35893260;fundamental_ii;estadual;ativa;geral;nao;RUA ORLANDO MARQUES DE ABREU ESQUINA COM A RUA GOIANY PRATES, SN QD 18 LT 10. RESIDENCIAL KATIA. 74395-375 Goiânia - GO.
52033511;COLEGIO ESTADUAL ROBINHO MARTINS DE AZEVEDO;-16.64407210;-49.32622690;fundamental_ii;estadual;ativa;geral;nao;AVENIDA SOL NASCENTE QD 50 LT 16, SN Q50 LT 16. JD NOVA ESPERANCA. 74465-210 Goiânia - GO.
52035549;COLEGIO ESTADUAL SEBASTIAO ALVES DE SOUZA;-16.62008000;-49.31735830;fundamental_ii;estadual;ativa;geral;nao;RUA VF 22, S/N QD19. VILA FINSOCIAL. 74473-180 Goiânia - GO.
52089401;COLEGIO ESTADUAL SENADOR ONOFRE QUINAN;-16.73801540;-49.19907120;fundamental_ii;estadual;ativa;geral;nao;RUA 1051 LT38 ESQ C 1032, SN UNIDADE 105. PARQUE ATENEU. 74893-670 Goiânia - GO.
52035581;COLEGIO ESTADUAL SOLON AMARAL;-16.67817450;-49.38921990;fundamental_ii;estadual;ativa;geral;nao;AV FREI CONFALONI, SN QD 150 LT 06. CONJ VERA CRUZ II. 74495-060 Goiânia - GO.
52035620;COLEGIO ESTADUAL TANCREDO DE ALMEIDA NEVES;-16.68548970;-49.34397730;fundamental_ii;estadual;ativa;geral;nao;AV TV 11 AREA 4, SN LOTEAMENTO TROPICAL. LOTEAMENTO TROPICAL VERDE. 74483-610 Goiânia - GO.
52036936;COLEGIO ESTADUAL TRIBUTARIO HENRIQUE SILVA;-16.69512430;-49.27928900;fundamental_ii;estadual;ativa;geral;nao;RUA T48 ESQ COM T30, SN SETOR BUENO. 74210-190 Goiânia - GO.
52070972;COLEGIO ESTADUAL VERANY MACHADO DE OLIVEIRA;-16.58766890;-49.37390440;fundamental_ii;estadual;ativa;geral;nao;RUA JP 31 QUADRA 50, SN JARDIM PRIMAVERA. 74477-207 Goiânia - GO.
52089363;COLEGIO ESTADUAL VIDA NOVA;-16.66469590;-49.38881410;;estadual;ativa;geral;nao;AVENIDA MOISES AUGUSTO SANTANA, SN LOTES 1 A 21. CJ VERA CRUZ I. 74493-130 Goiânia - GO.
52033678;COLEGIO EVANGELICO PRESBITERIANO;-16.62267740;-49.31818110;infantil|fundamental_i|fundamental_ii;privada;ativa;geral;nao;RUA VF 42, S/N QUADRA 34, LOTE 05. VILA FINSOCIAL. 74473-380 Goiânia - GO.
52080668;COLEGIO EXECUTIVO;-16.75455530;-49.33971890;fundamental_ii;privada;ativa;geral;nao;AVENIDA DA LIBERDADE, QD. 58, LT. AREA 1. SETOR GARAVELO. 74354-060 Goiânia - GO.
52091295;COLEGIO EXPOVEST;-16.71162190;-49.29924770;fundamental_ii;privada;ativa;geral;nao;RUA AMELIO, 110 JARDIM PLANALTO. 74333-150 Goiânia - GO.
52032981;COLEGIO EXPRESSIVO;-16.67574330;-49.30416160;infantil|fundamental_i|fundamental_ii;privada;ativa;geral;nao;RUA NOSSA SENHORA DA CONCEICAO, 427 QDR 25 F LOTE 12. RODOVIARIO. 74430-370 Goiânia - GO.
52099024;COLEGIO FRACTAL CIDADE JARDIM;-16.68021370;-49.31714110;fundamental_ii;privada;ativa;geral;nao;RUA URUACU, 478 QD.69 LT.09/10. CIDADE JARDIM. 74420-350 Goiânia - GO.
52259382;COLEGIO FREI DAMIAO;-16.78876000;-49.37253000;infantil|fundamental_i;privada;ativa;geral;nao;RUA RI 12, 1146 RESIDENCIAL ITAIPU. 74356-042 Goiânia - GO.
52034720;COLEGIO GALATAS;-16.64217260;-49.32496690;infantil|fundamental_i|fundamental_ii;privada;ativa;geral;nao;RUA SETE DE SETEMBRO, 951 QD. 152, LT. 22. JARDIM NOVA ESPERANCA. 74465-420 Goiânia - GO.
52032973;COLEGIO GOIANIENSE ADVENTISTA;-16.62961830;-49.23546370;infantil|fundamental_i|fundamental_ii;privada;ativa;geral;nao;RUA CAPISTABOS, 1.345 QD 24. SANTA GENOVEVA. 74670-020 Goiânia - GO.
52033686;COLEGIO GONCALVES LEDO;-16.65828900;-49.26894690;infantil|fundamental_i|fundamental_ii;privada;ativa;geral;sim;RUA ARMOGASTE JOSE DA SILVEIRA, 100 QD 1A LTAREA FAMA. SETOR CRIMEIA OESTE. 74560-020 Goiânia - GO.
52126200;COLEGIO INTEGRADO DE EDUCACAO MODERNA;-16.64887000;-49.23603000;infantil|fundamental_i|fundamental_ii;privada;ativa;geral;nao;RUA J 6, 245 QD 14. SETOR JAO. 74673-180 Goiânia - GO.
52102963;COLEGIO INTEGRADO KIDS FLAMBOYANT;-16.70855620;-49.24272050;fundamental_i;privada;ativa;geral;nao;RUA 1, 438 QD CH LT 4. VILA SAO JOAO. 74815-420 Goiânia - GO.
52125203;COLEGIO INTEGRADO KIDS FLAMBOYANT - INFANTIL;-16.70856960;-49.24259580;infantil;privada;ativa;geral;nao;RUA 1, 328 VILA SAO JOAO. 74815-420 Goiânia - GO.
52103161;COLEGIO INTEGRADO UNIDADE AREIAO;-16.70291500;-49.25659000;fundamental_ii;privada;ativa;geral;nao;RUA 1139, 323 Q. 251 L. 13E. SETOR MARISTA. 74180-180 Goiânia - GO.
52103870;COLEGIO INTELECTUAL INTEGRAL LTDA;-16.67291450;-49.22256430;fundamental_ii;privada;ativa;geral;nao;RUA VINHA DEL MAR, Q. 126 L. 17. JARDIM NOVO MUNDO. 74705-160 Goiânia - GO.
52086615;COLEGIO JAO LTDA;-16.64754910;-49.22371930;fundamental_ii;privada;ativa;geral;nao;RUA J47, 120 SETOR JAO. 74673-640 Goiânia - GO.
52084000;COLEGIO JESUS MARIA JOSE;-16.74067000;-49.31315000;infantil|fundamental_i|fundamental_ii;privada;ativa;geral;nao;RUA F 29, 00 QD. 149 LT. 01/23. SETOR FAICALVILLE. 74350-220 Goiânia - GO.
52106438;COLEGIO KERYGMA GOTAS DE LUZ;-16.66102740;-49.18404976;infantil|fundamental_i|fundamental_ii;privada;ativa;geral;nao;RUA 02, 187 Q. L LOTE. 18. VILA PEDROSO. 74770-140 Goiânia - GO.
52083810;COLEGIO LASSALE;-16.71572280;-49.26239180;infantil|fundamental_i|fundamental_ii;privada;ativa;geral;nao;RUA T 64, 351 QUADRA S7. SETOR BELA VISTA. 74823-350 Goiânia - GO.
52100138;COLEGIO LIONS CLUBE DE GOIANIA SUL - UNIDADE II;-16.67258070;-49.26178140;;privada;paralisada;geral;nao;RUA 23, 690 N 690 QD. 27 LT 7. SETOR CENTRAL. 74015-120 Goiânia - GO.
52034356;COLEGIO LOGOSOFICO GONZALEZ PECOTCHE;-16.71481570;-49.23769660;infantil|fundamental_i|fundamental_ii;privada;ativa;geral;nao;AVENIDA SAO JOAO, 311 ALTO DA GLORIA. 74815-700 Goiânia - GO.
52033112;COLEGIO MAIS ANIMA;-16.64094040;-49.27895620;infantil|fundamental_i|fundamental_ii;privada;ativa;geral;nao;RUA AMETISTA, 104 QD. D, LT. 06. JARDIM DIAMANTINA. 74573-120 Goiânia - GO.
52035832;COLEGIO MARIA BETANIA LTDA;-16.68334310;-49.28385460;;privada;paralisada;geral;nao;RUA 250, 657 SETOR COIMBRA. 74535-350 Goiânia - GO.
52033708;COLEGIO MARISTA GOIANIA EI EF EM;-16.69408060;-49.26392420;infantil|fundamental_i|fundamental_ii;privada;ativa;geral;nao;AVENIDA OITENTA E CINCO, 1440 SETOR MARISTA. 74160-010 Goiânia - GO.
52034216;COLEGIO META BRASIL LTDA UNIDADE I;-16.72601370;-49.32061330;;privada;paralisada;geral;nao;RUA ARAPONGA, 198 QD. 17, LT. 26 E 27. JARDIM VILA BOA. 74360-210 Goiânia - GO.
52091570;COLEGIO METROPOLITANO;-16.69353007;-49.21052023;fundamental_ii;privada;ativa;geral;nao;RUA X 13, 60 QD X16 LT 12. JARDIM BRASIL. 74730-450 Goiânia - GO.
52037657;COLEGIO MORADA NOVA;-16.66111390;-49.38515920;infantil|fundamental_i|fundamental_ii;privada;ativa;geral;nao;RUA VC 16, QD 25 LT 06. CONJUNTO VERA CRUZ. 74493-340 Goiânia - GO.
52218350;COLEGIO NOVA EPOCA;-16.61545000;-49.21965000;fundamental_ii;privada;ativa;geral;nao;RUA IGUACU, 40 QD. 74 LT. 01. JARDIM GUANABARA. 74675-370 Goiânia - GO.
52096785;COLEGIO OLIMPO GOIANIA;-16.69790429;-49.27109521;fundamental_ii;privada;ativa;geral;nao;RUA T 27, 1374 QD.73 LT.3/5. SETOR BUENO. 74215-030 Goiânia - GO.
52083853;COLEGIO OSWALDO CRUZ;-16.67292890;-49.25368370;;privada;ativa;geral;nao;RUA 20, 796 SETOR CENTRAL. 74020-170 Goiânia - GO.
52087093;COLEGIO PEQUENO PRINCIPE STUDIUM;-16.69437540;-49.26510480;infantil|fundamental_i|fundamental_ii;privada;ativa;geral;nao;RUA 30, 55 SETOR MARISTA. 74150-100 Goiânia - GO.
52091279;COLEGIO PLANETA EDUCACIONAL;-16.67818540;-49.25823003;;privada;ativa;geral;nao;RUA 8, 73 QD 16, LT 11E. SETOR CENTRAL. 74013-030 Goiânia - GO.
52034046;COLEGIO PREVEST;-16.67190940;-49.25769510;;privada;ativa;geral;nao;RUA 5, 202 QD. 59 LT. 67. SETOR CENTRAL. 74020-030 Goiânia - GO.
52099458;COLEGIO PRINCIPIOS;-16.69636540;-49.29876760;infantil|fundamental_i|fundamental_ii;privada;ativa;geral;nao;RUA C 67, 65 QD 112, L. 13 A 16. SETOR SUDOESTE. 74305-460 Goiânia - GO.
52100952;COLEGIO PRINCIPIOS UNIDADE II;-16.67630011;-49.28659430;infantil|fundamental_i;privada;ativa;geral;nao;RUA 203, 096 SETOR COIMBRA. 74535-130 Goiânia - GO.
52034054;COLEGIO PROGRESSIVO;-16.68705350;-49.31675880;;privada;ativa;geral;nao;RUA DOMINGOS ABREU VIEIRA, 748 CIDADE JARDIM. 74423-080 Goiânia - GO.
52102661;COLEGIO PROJECAO;-16.61511320;-49.34869210;infantil|fundamental_i|fundamental_ii;privada;ativa;geral;nao;RUA VM U, 302 Q. 35 L. 24/25. VILA MUTIRAO II. 74475-530 Goiânia - GO.
52083888;COLEGIO PROTAGORAS;-16.69507000;-49.26963000;;privada;ativa;geral;nao;AVENIDA PORTUGAL, 990 SETOR MARISTA. 74140-020 Goiânia - GO.
52099946;COLEGIO PROTAGORAS BUENO;-16.71474000;-49.26586000;;privada;ativa;geral;nao;RUA T 37, 3454 SETOR BUENO. 74230-022 Goiânia - GO.
52260372;COLEGIO PXS FLAMBOYANT;-16.71169930;-49.24351630;fundamental_i|fundamental_ii;privada;ativa;geral;nao;AVENIDA JORGE MARTINS, 315 QD CH LT 03. VILA MARIA JOSE. 74815-480 Goiânia - GO.
52102521;COLEGIO RECANTO DO SABER;-16.64603190;-49.18276270;fundamental_i|fundamental_ii;privada;ativa;geral;nao;RUA SR 34, 31 Q. 47 L. 08 A 11. RECANTO DAS MINAS GERAIS. 74785-450 Goiânia - GO.
52081680;COLEGIO ROSAMARQUES;-16.72403830;-49.33596520;fundamental_i;privada;ativa;geral;nao;VIA ANTONIO MACIEL CARNEIRO, QD. 32 LT 30/31. SETOR RIO FORMOSO. 74370-050 Goiânia - GO.
52033830;COLEGIO SANTA CLARA;-16.66634770;-49.29323940;infantil|fundamental_i|fundamental_ii;privada;ativa;geral;nao;RUA JOSE HERMANO, 920 SETOR CAMPINAS. 74515-030 Goiânia - GO.
52033848;COLEGIO SANTO AGOSTINHO;-16.66757360;-49.25534720;infantil|fundamental_i|fundamental_ii;privada;ativa;geral;nao;RUA 55, 63 SETOR CENTRAL. 74055-150 Goiânia - GO.
52083870;COLEGIO SHALLON - GOIANIA 2;-16.63053030;-49.25080090;infantil|fundamental_i|fundamental_ii;privada;ativa;geral;nao;RUA DO ANGICO, 54 SETOR GOIANIA 2. 74663-090 Goiânia - GO.
52033090;COLEGIO SHALLON - UNIDADE I;-16.64131750;-49.27440840;fundamental_i|fundamental_ii;privada;ativa;geral;nao;RUA FORTALEZA, 261 SETOR URIAS MAGALHAES. 74565-080 Goiânia - GO.
52097676;COLEGIO SIMBIOS;-16.70243600;-49.27498880;;privada;ativa;geral;nao;RUA ORESTES RIBEIRO, 749 QUADRA 84, LOTES 22. SETOR BUENO. 74215-220 Goiânia - GO.
52107574;COLEGIO SIMBIOS YOUNG;-16.71812500;-49.26979167;fundamental_i|fundamental_ii;privada;ativa;geral;nao;AVENIDA T 15, 1723 QUADRA 164, LOTES 19. SETOR BUENO. 74230-010 Goiânia - GO.
52086542;COLEGIO SIMETRIA;-16.66656780;-49.23275510;infantil|fundamental_i|fundamental_ii;privada;ativa;geral;nao;RUA 6, 489 QD 936 LT 10. VILA OSVALDO ROSA. 74633-190 Goiânia - GO.
52091201;COLEGIO TECNOLOGICO DO ESTADO DE GOIAS SEBASTIAO DE SIQUEIRA;-16.74144780;-49.27909460;;estadual;ativa;geral;nao;AVENIDA DONA MARIA CARDOSO ESQUINA COM ALEXANDRE DE MORAIS, 450 PARQUE AMAZONIA. 74840-570 Goiânia - GO.
52093069;COLEGIO UNO SALES;-16.66621990;-49.24458280;fundamental_i|fundamental_ii;privada;ativa;geral;nao;AVENIDA DECIMA PRIMEIRA AVENIDA, 551 QD17. SETOR LESTE VILA NOVA. 74640-040 Goiânia - GO.
52089550;COLEGIO VISAO;-16.71892980;-49.26837750;;privada;ativa;geral;nao;AVENIDA T 13, 1030 SETOR BUENO. 74230-050 Goiânia - GO.
52068986;COLEGIO WR;-16.70137996;-49.26928991;;privada;ativa;geral;nao;RUA T-28,, 1813 QD 87 LT 14/17. SETOR BUENO. 74215-040 Goiânia - GO.
52099342;COLEGIO WRJ;-16.73594420;-49.27877780;fundamental_ii;privada;ativa;geral;nao;AV ANTONIO FIDELIS, 1874 QD 71 - LT. 1-E. PARQUE AMAZONIA. 74840-390 Goiânia - GO.
52080277;CRECHE CAETANO FOGLIA;-16.65802430;-49.26222380;infantil;privada;ativa;geral;sim;RUA 5, 1112 QUADRA B, LOTE 23. SETOR NORTE FERROVIARIO. 74063-100 Goiânia - GO.
52097102;CRECHE CASA DO CAMINHO;-16.71478130;-49.28098150;infantil;privada;ativa;geral;sim;RUA C 152, 693 QD 344 LTS 05 E. JARDIM AMERICA. 74275-120 Goiânia - GO.
52080293;CRECHE E EDUCANDARIO ESPIRITA CASA DO CAMINHO;-16.60585710;-49.33486910;infantil;privada;ativa;geral;sim;RUA JC 36 A, QD. 10 LT. 13/14. JARDIM CURITIBA I. 74481-080 Goiânia - GO.
52097099;CRECHE E EDUCANDARIO ESPIRITA RECANTO DE PAZ PAULA PRADO;-16.61968570;-49.30776170;infantil;privada;ativa;geral;sim;RUA PERCIVAL XAVIER REBELLO, S/N AREA 3. RESIDENCIAL BARRA VENTO. 74594-108 Goiânia - GO.
52080234;CRECHE ESPIRITA MARIA DOLORES;-16.66729440;-49.31464780;infantil;privada;ativa;geral;sim;RUA DOS FERROVIARIOS, 165 ESPLANADA DO ANICUNS. 74433-090 Goiânia - GO.
52080099;CRECHE LUIGINA;-16.61628950;-49.24596520;infantil;privada;ativa;geral;sim;AVENIDA SAO JORGE, 1033 QD 38, LTS 27/28. VILA JARDIM SAO JUDAS TADEU. 74685-490 Goiânia - GO.
52076369;CRECHE SANTA RITA DE CASSIA;-16.66588540;-49.27001340;infantil;privada;ativa;geral;nao;RUA 17 A, 111 QD. X LTS. 41/43. SETOR AEROPORTO. 74070-100 Goiânia - GO.
52073769;CRECHE SAO JUDAS TADEU;-16.67592000;-49.28325000;infantil;privada;ativa;geral;sim;RUA 242, 132 SETOR COIMBRA. 74535-060 Goiânia - GO.
52081419;CRECHE VO MARIA DE NAZARETH;-16.61099000;-49.34227380;infantil;privada;ativa;geral;sim;AVENIDA DO POVO QD B1, 0 LT 32. JARDIM CURITIBA IV. 74480-800 Goiânia - GO.
52037983;CSRL EXTERNATO SAO JOSE;-16.68802400;-49.26150090;infantil|fundamental_i|fundamental_ii;privada;ativa;geral;nao;RUA 18, 221 SETOR OESTE. 74120-080 Goiânia - GO.
52034291;DEGRAUS CENTRO DE ESTUDOS EIRELI;-16.70637520;-49.30410160;fundamental_i|fundamental_ii;privada;ativa;geral;nao;RUA U 79, 25 SETOR UNIAO. 74313-690 Goiânia - GO.
52069958;E M VIRGINIA GOMES PEREIRA;-16.65360510;-49.20270870;infantil|fundamental_i|fundamental_ii;municipal;ativa;geral;nao;AVENIDA HILARIO SEBASTIAO DE FIGUEIREDO, 1575 QD-AREA LT-AMPC1. SANTO HILARIO II. 74780-811 Goiânia - GO.
52086607;EDUCACAO INFANTIL SESC FAICALVILLE;-16.73805810;-49.30755370;infantil;privada;ativa;geral;nao;AVENIDA IPANEMA, 1600 QUADRA 234/235. SETOR FAICALVILLE. 74350-010 Goiânia - GO.
52034410;EDUCANDARIO ESPIRITA EURIPEDES BARSANULFO;-16.63929290;-49.32433880;infantil|fundamental_i|fundamental_ii;privada;ativa;geral;sim;RUA DOM PEDRO II, QD.176 LT. 10. JARDIM NOVA ESPERANCA. 74465-140 Goiânia - GO.
52035913;EM ANA DAS NEVES DE FREITAS;-16.72398670;-49.22697560;fundamental_i;municipal;ativa;geral;nao;RUA C 6 QUADRA 08 LOTE 06, 99 PARQUE DAS LARANJEIRAS. 74855-210 Goiânia - GO.
52082660;EM AYRTON SENNA;-16.60625870;-49.33522770;infantil|fundamental_i;municipal;ativa;geral;nao;RUA JC 22, 00 QD/LT APM-15. JARDIM CURITIBA. 74480-650 Goiânia - GO.
52264432;EM DE TEMPO INTEGRAL JARDIM NOVO MUNDO;-16.67667350;-49.21918280;infantil|fundamental_i;municipal;ativa;geral;nao;RUA MISSISSIPE, SN QD 137 LT19, 24 A 28. JARDIM NOVO MUNDO. 74705-300 Goiânia - GO.
52035530;EM DE TEMPO INTEGRAL RUI RODRIGUES;-16.68192050;-49.19558690;fundamental_i;municipal;ativa;geral;nao;1, SN RESIDENCIAL SANTA MA. COLONIA SANTA MARTA. 74735-600 Goiânia - GO.
52036065;EM DONA BELINHA;-16.66047080;-49.28277610;infantil|fundamental_i;municipal;ativa;geral;nao;RUA 12, 70 VILA ISAURA. 74553-190 Goiânia - GO.
52264408;EM GRANDE RETIRO;-16.66997550;-49.18138420;infantil|fundamental_i;municipal;ativa;geral;nao;RUA GR 20, SN QD. APM 03 LT. AREA. LOTEAMENTO GRANDE RETIRO. 74766-043 Goiânia - GO.
52034305;EM JARDIM ATLANTICO;-16.73545000;-49.28934000;infantil|fundamental_i;municipal;ativa;geral;nao;RUA DAS ROCAS ESQUINA C/ RUA SAQUAREMA QUADRA 126, JARDIM ATLANTICO. 74843-480 Goiânia - GO.
52037223;EM LAURINDO SOBREIRA DO AMARAL;-16.68648000;-49.38647000;infantil|fundamental_i|fundamental_ii;municipal;ativa;geral;nao;AVENIDA VALDIR AZEVEDO, 122 APM 122. CONJUNTO VERA CRUZ. 74495-170 Goiânia - GO.
52037274;EM MARIA ARAUJO DE FREITAS;-16.74324600;-49.19750280;fundamental_i;municipal;ativa;geral;nao;RUA 18 UNIDADE 203, AREA 02. PARQUE ATHENEU. 74890-400 Goiânia - GO.
52082679;EM MARIA CLARA MACHADO;-16.60256500;-49.34744170;infantil|fundamental_i|fundamental_ii;municipal;ativa;geral;nao;RUA A 7, S/N Q.29, APM 06. DA VITORIA. 74477-043 Goiânia - GO.
52036456;EM MARIA HELENA BATISTA BRETAS;-16.64121010;-49.27163600;infantil|fundamental_i;municipal;ativa;geral;nao;RUA MARAJO, 85 SETOR URIAS MAGALHAES. 74565-230 Goiânia - GO.
52036529;EM OSTERNO POTENCIANO E SILVA;-16.68177000;-49.29754000;fundamental_i;municipal;ativa;geral;nao;RUA 11, 285 SETOR CASTELO BRANCO. 74403-140 Goiânia - GO.
52036626;EM PROF HILARINDO ESTEVAM DE SOUZA;-16.64407990;-49.39162320;infantil|fundamental_i|fundamental_ii;municipal;ativa;geral;nao;AVENIDA ELIZABETH MARQUES, 133 PARQUE BURITI. 74485-800 Goiânia - GO.
52034500;EM RAINHA DA PAZ;-16.70936250;-49.30542800;infantil|fundamental_i;municipal;ativa;geral;nao;RUA U 58, 159 0. SETOR UNIAO. 74313-380 Goiânia - GO.
52035409;EMTI PRESIDENTE DUTRA;-16.68161751;-49.24675352;fundamental_i;municipal;ativa;geral;nao;DECIMA PRIMEIRA AVENIDA, 76 QD A LT 15. SETOR LESTE UNIVERSITARIO. 74605-060 Goiânia - GO.
52035883;ESC MUL ALICE COUTINHO;-16.66459380;-49.22242580;infantil|fundamental_i|fundamental_ii;municipal;ativa;geral;nao;RUA 16, 400 QUADRA 05. VILA MORAIS. 74620-410 Goiânia - GO.
52086534;ESC MUL ALTO DO VALE;-16.61734900;-49.31245470;infantil|fundamental_i;municipal;ativa;geral;nao;RUA VF 15, C/ RUA ALV 15. SETOR ALTO DO VALE. 74594-087 Goiânia - GO.
52037118;ESC MUL ARAO FERNANDES DE OLIVEIRA;-16.68494595;-49.37690679;infantil|fundamental_i;municipal;ativa;geral;nao;AVENIDA LA PAZ, 00 QUADRA 09. SETOR DAS NACOES. 74495-770 Goiânia - GO.
52093964;ESC MUL BALNEARIO MEIA PONTE;-16.61409160;-49.29607250;infantil|fundamental_i;municipal;ativa;geral;nao;AVENIDA CIRCULAR, 450 Q.130A L.05/8. JARDIM BALNEARIO MEIA PONTE. 74590-150 Goiânia - GO.
52035980;ESC MUL BENEDITO SOARES DE CASTRO;-16.65157890;-49.21082900;fundamental_i;municipal;ativa;geral;nao;RUA PROFESSORA GABRIELA NEVES, 50 QUADRA 17. CONJUNTO CAICARA. 74775-020 Goiânia - GO.
52076636;ESC MUL BERNARDO ELIS;-16.59575906;-49.35164560;infantil|fundamental_i|fundamental_ii;municipal;ativa;geral;nao;RUA SC 33, QD 80. SAO CARLOS. 74477-099 Goiânia - GO.
52036103;ESC MUL BISPO ABIGAIL CARLOS DE ALMEIDA;-16.65684602;-49.27723978;infantil|fundamental_i;municipal;ativa;geral;nao;AVENIDA CURITIBA, 400 QUADRA 6. LOTES 1,2. VILA PARAISO. 74553-510 Goiânia - GO.
52037126;ESC MUL BOM JESUS;-16.67295050;-49.21555840;infantil|fundamental_i;municipal;ativa;geral;nao;PRACA WASHINGTON, 339 QD-171. JARDIM NOVO MUNDO. 74710-020 Goiânia - GO.
52034348;ESC MUL BRICE FRANCISCO CORDEIRO;-16.60045420;-49.25569080;infantil|fundamental_i;municipal;ativa;geral;nao;RUA R 34, AREA 08. VILA ITATIAIA. 74690-590 Goiânia - GO.
52096122;ESC MUL CASTORINA BITTENCOURT ALVES;-16.69485000;-49.36902000;infantil|fundamental_i|fundamental_ii;municipal;ativa;geral;nao;RUA CP 7, ESQUINA COM RUA CP08. CAROLINA PARQUE. 74483-023 Goiânia - GO.
52036014;ESC MUL CEL GETULINO ARTIAGA;-16.66156390;-49.24820930;infantil|fundamental_i;municipal;ativa;geral;nao;RUA PROFESSOR JOAO HENRIQUE GONCALVES, 380 SETOR LESTE VILA NOVA. 74645-050 Goiânia - GO.
52036022;ESC MUL CEL JOSE VIANA ALVES;-16.64727000;-49.32887000;infantil|fundamental_i|fundamental_ii;municipal;ativa;geral;nao;RUA CM-7 ENTRE CM-8 E CM-10 QUADRA 8, 150 QUADRA 8. SETOR CANDIDA DE MORAIS. 74463-210 Goiânia - GO.
52036723;ESC MUL CEL SALOMAO CLEMENTINO DE FARIA;-16.65970210;-49.30294900;infantil|fundamental_i;municipal;ativa;geral;nao;RUA 12, 914 ESQ. AV. DOM PRUDENC. SETOR SAO JOSE. 74440-420 Goiânia - GO.
52036057;ESC MUL D ANGELINA PUCCI LIMONGI;-16.65004670;-49.34050210;infantil|fundamental_i|fundamental_ii;municipal;ativa;geral;nao;RUA 7, 450 QUADRAS 50 E 51. SETOR SANTOS DUMONT. 74463-490 Goiânia - GO.
52076687;ESC MUL DOM FERNANDO GOMES DOS SANTOS;-16.69743370;-49.34761560;infantil|fundamental_i|fundamental_ii;municipal;ativa;geral;nao;ALAMEDA PARQUE TAQUARAL, 464 QD 48. RESIDENCIAL GOIANIA VIVA. 74484-415 Goiânia - GO.
52069737;ESC MUL ENGº ROBINHO MARTINS AZEVEDO;-16.77361000;-49.35822000;infantil|fundamental_i|fundamental_ii;municipal;ativa;geral;nao;RUA BL 1, SN QD. B1 LT. AREA. CONJUNTO HABITACIONAL BALIZA. 74355-540 Goiânia - GO.
52036111;ESC MUL ERNESTINA LINA MARRA;-16.68505000;-49.35007000;infantil|fundamental_i|fundamental_ii;municipal;ativa;geral;nao;AVENIDA FRANCISCO ALVES DE OLIVEIRA, 1300 PARQUE INDUSTRIAL JOAO BRAZ. 74483-280 Goiânia - GO.
52036120;ESC MUL EVA VIEIRA DE ALMEIDA;-16.70512380;-49.30856180;infantil|fundamental_i;municipal;ativa;geral;nao;RUA ROVIGO, 280 QD 20. VILA ALVORADA. 74315-400 Goiânia - GO.
52036154;ESC MUL FRANCISCO BIBIANO DE CARVALHO;-16.65177010;-49.26671900;fundamental_i;municipal;ativa;geral;nao;RUA DOUTOR BENJAMIM LUIZ VIEIRA, 651 QD 13. SETOR CRIMEIA OESTE. 74563-150 Goiânia - GO.
52069982;ESC MUL GERALDA DE AQUINO;-16.67505000;-49.31046000;infantil|fundamental_i|fundamental_ii;municipal;ativa;geral;nao;RUA ANTONIO LISBOA LISITA, 20 AREA. CIDADE JARDIM. 74425-280 Goiânia - GO.
52037410;ESC MUL HEBERT JOSE DE SOUZA;-16.62439470;-49.28744740;infantil|fundamental_i|fundamental_ii;municipal;ativa;geral;nao;AVENIDA GENESIO DE LIMA BRITO, 7407 JARDIM BALNEARIO MEIA PONTE. 74593-210 Goiânia - GO.
52036260;ESC MUL JALLES MACHADO DE SIQUEIRA;-16.73329910;-49.23513180;infantil|fundamental_i|fundamental_ii;municipal;ativa;geral;nao;RUA ARUANA, 61 QUADRA K1. JARDIM BELA VISTA. 74863-040 Goiânia - GO.
52033740;ESC MUL JARBAS JAYME;-16.70364000;-49.30621360;fundamental_i;municipal;ativa;geral;nao;PRACA C10, 115 QD. AREA LT. AREA. SETOR SUDOESTE. 74303-310 Goiânia - GO.
52036294;ESC MUL JARDIM NOVA ESPERANCA;-16.64495160;-49.32613200;infantil|fundamental_i|fundamental_ii;municipal;ativa;geral;nao;RUA JARDIM, 550 DQ50 LT15. JARDIM NOVA ESPERANCA. 74465-210 Goiânia - GO.
52268365;ESC MUL JOAO ALVES DE QUEIROZ;-16.73524190;-49.35325100;infantil|fundamental_i|fundamental_ii;municipal;ativa;geral;nao;RUA EF 9, QUADRA APM-3. RESIDENCIAL ELI FORTE. 74371-041 Goiânia - GO.
52036324;ESC MUL JOAO CLARIMUNDO DE OLIVEIRA;-16.69586730;-49.22223960;infantil|fundamental_i;municipal;ativa;geral;nao;RUA 3, 51 QD. AREA LT. APM3. AGUA BRANCA. 74723-200 Goiânia - GO.
52092763;ESC MUL JOAO VIEIRA DA PAIXAO;-16.73079220;-49.36227860;fundamental_i|fundamental_ii;municipal;ativa;geral;nao;RUA SB 4, 51 QD.AREA , LOT.APM02. RESIDENCIAL SOLAR BOUGAINVILLE. 74393-525 Goiânia - GO.
52036359;ESC MUL JOSE ALVES VILA NOVA;-16.74267750;-49.20294840;infantil|fundamental_i|fundamental_ii;municipal;ativa;geral;nao;RUA 1031 UNIDADE 103, UNIDADE 103. PARQUE ATHENEU. 74893-650 Goiânia - GO.
52036375;ESC MUL LAURICIO PEDRO RASMUSSEM;-16.66251780;-49.22881180;infantil|fundamental_i|fundamental_ii;municipal;ativa;geral;nao;RUA L 3, 250 QD.22. FELIZ. 74630-200 Goiânia - GO.
52094308;ESC MUL LUZIA DE SOUZA FIUZA;-16.77974380;-49.36293600;infantil|fundamental_i;municipal;ativa;geral;nao;RUA W 10, 00 QD 36. JARDIM ITAIPU. 74355-524 Goiânia - GO.
52036278;ESC MUL MANOEL JOSE DE OLIVEIRA;-16.71974590;-49.26487500;infantil|fundamental_i;municipal;ativa;geral;nao;AVENIDA T 14, 560 ESQ. COM RUA S1. SETOR BUENO. 74230-130 Goiânia - GO.
52036421;ESC MUL MARECHAL CASTELO BRANCO;-16.61556990;-49.22381040;fundamental_i|fundamental_ii;municipal;ativa;geral;nao;RUA GB 48, APM 1. JARDIM GUANABARA III. 74683-480 Goiânia - GO.
52036430;ESC MUL MARIA CANDIDA FIGUEIREDO;-16.66068590;-49.18412080;infantil|fundamental_i;municipal;ativa;geral;nao;AVENIDA MINAS GERAIS, SN QD. K LTS. 12/13/14. VILA PEDROSO. 74770-090 Goiânia - GO.
52080960;ESC MUL MARIA DA TERRA;-16.58870000;-49.33469000;infantil|fundamental_i|fundamental_ii;municipal;ativa;geral;nao;RUA BF 1 A, QUADRA 25. FLORESTA. 74477-145 Goiânia - GO.
52036502;ESC MUL NOSSA SENHORA APARECIDA;-16.58012830;-49.33589130;infantil|fundamental_i;municipal;ativa;geral;nao;RUA BS 21, QD.27 LT.A/E. SAO DOMINGOS. 74477-315 Goiânia - GO.
52037754;ESC MUL NOSSA SENHORA DA TERRA;-16.59403190;-49.33323830;infantil|fundamental_i;municipal;ativa;geral;nao;RUA JC 66, JARDIM CURITIBA. 74481-390 Goiânia - GO.
52036545;ESC MUL PADRE PELAGIO;-16.65853060;-49.29910210;infantil|fundamental_i;municipal;ativa;geral;nao;RUA 611, 425 QUADRA 509. SETOR SAO JOSE. 74440-590 Goiânia - GO.
52092780;ESC MUL PATRICIA RODRIGUES DE PAIVA;-16.59830800;-49.20925410;infantil|fundamental_i;municipal;ativa;geral;nao;RUA MARIA ABADIA VIEIRA, QD. APM 01 E. RESIDENCIAL VALE DOS SONHOS. 74684-245 Goiânia - GO.
52036553;ESC MUL PEDRO CIRIACO DE OLIVEIRA;-16.66425000;-49.18748000;infantil|fundamental_i|fundamental_ii;municipal;ativa;geral;nao;RUA LUIZ DO COUTO QUADRA Y3 LOTE 06 A 10, 107 VILA CONCORDIA. 74770-370 Goiânia - GO.
52036561;ESC MUL PEDRO GOMES DE MENEZES;-16.65677310;-49.33152100;infantil|fundamental_i|fundamental_ii;municipal;ativa;geral;nao;RUA MANUEL SILVA, 200 QD.08, LT.01. VILA REGINA. 74453-560 Goiânia - GO.
52036367;ESC MUL PROF JOSE DECIO FILHO;-16.64692180;-49.19121490;infantil|fundamental_i;municipal;ativa;geral;nao;RUA PROFESSORA MARIA JACINTA NEVES, QD 25. SANTO HILARIO. 74780-430 Goiânia - GO.
52036669;ESC MUL PROF SALMON GOMES FIGUEIREDO;-16.66204170;-49.33263350;infantil|fundamental_i;municipal;ativa;geral;nao;RUA SAO DOMINGOS, S/N QD. 91 LT. 04. IPIRANGA. 74453-300 Goiânia - GO.
52037339;ESC MUL PROFA ANTONIA MARANHAO DO AMARAL;-16.67435760;-49.39002860;infantil|fundamental_i;municipal;ativa;geral;nao;AVENIDA ARGENTINA MONTEIRO, 2131 ABAIXO GINASIO DE ES. CONJUNTO VERA CRUZ. 74493-750 Goiânia - GO.
52092771;ESC MUL PROFA DALISIA ELIZABETH MARTINS DOLLES;-16.62283500;-49.25253960;infantil|fundamental_i|fundamental_ii;municipal;ativa;geral;nao;AVENIDA FREI NAZARENO CONFALONI, S/N QD-22. SETOR GOIANIA 2. 74663-280 Goiânia - GO.
52036685;ESC MUL PROFA MARIA CAMARGO;-16.71880410;-49.27973600;fundamental_i|fundamental_ii;municipal;ativa;geral;nao;RUA C 152, 1201 QUADRA 405 AREA 02. JARDIM AMERICA. 74275-120 Goiânia - GO.
52037266;ESC MUL PROFESSOR LOURENCO FERREIRA CAMPOS;-16.61204903;-49.21405795;fundamental_i;municipal;ativa;geral;nao;RUA GB 19, 235 QDRA AREA LOTE AREA. JARDIM GUANABARA II. 74683-591 Goiânia - GO.
52070115;ESC MUL PROFESSOR NADAL SFREDO;-16.61740000;-49.34854000;infantil|fundamental_i|fundamental_ii;municipal;ativa;geral;nao;RUA VM S, 02 QD. C LT. C-2. JARDIM LIBERDADE. 74475-535 Goiânia - GO.
52037371;ESC MUL PROFESSORA CLEONICE MONTEIRO WOLNEY;-16.57219020;-49.29263190;infantil|fundamental_i|fundamental_ii;municipal;ativa;geral;nao;RUA DONA CARLOTA JOAQUINA, S/N QD. HJ-16. SITIOS DE RECREIO MANSOES DO CAMPUS. 74691-180 Goiânia - GO.
52036642;ESC MUL PROFESSORA LEONISIA NAVES DE ALMEIDA;-16.61233020;-49.31973750;infantil|fundamental_i|fundamental_ii;municipal;ativa;geral;nao;AVENIDA MANGALO, 2161 QD AREA LT AREA. SETOR MORADA DO SOL. 74475-115 Goiânia - GO.
52094286;ESC MUL PROFESSORA NARA DO CARMO REZENDE AMORIM;-16.69399770;-49.40892040;infantil|fundamental_i|fundamental_ii;municipal;ativa;geral;nao;RUA ELO 36, SN QD APM 28. PARQUE ELDORADO OESTE. 74490-239 Goiânia - GO.
52037290;ESC MUL PROFESSORA SILENE DE ANDRADE;-16.69147410;-49.20444040;fundamental_ii;municipal;ativa;geral;nao;RUA JAVAES, 250 QUADRA 25. CONJUNTO HABITACIONAL ARUANA I. 74740-200 Goiânia - GO.
52082644;ESC MUL RECANTO DO BOSQUE;-16.60849570;-49.30698940;infantil|fundamental_i|fundamental_ii;municipal;ativa;geral;nao;RUA RB 4, S/N C RB 9 C RB16 APM 16. RESIDENCIAL RECANTO DO BOSQUE. 74474-309 Goiânia - GO.
52036693;ESC MUL REGINA HELOU;-16.64287510;-49.29486510;fundamental_i;municipal;ativa;geral;nao;RUA 21 DE ABRIL, 250 VILA MARIA DILCE. 74583-055 Goiânia - GO.
52037738;ESC MUL RESIDENCIAL MONTE CARLO;-16.72681750;-49.33768250;infantil|fundamental_i;municipal;ativa;geral;nao;RUA MC 3, 46 RESIDENCIAL MONTE CARLO. 74370-445 Goiânia - GO.
52070131;ESC MUL RUI BARBOSA;-16.66662568;-49.27658950;infantil|fundamental_i;municipal;ativa;geral;nao;RUA P 34, 40 SETOR DOS FUNCIONARIOS. 74543-470 Goiânia - GO.
52036766;ESC MUL SANTA RITA DE CASSIA;-16.78899820;-49.16486520;infantil|fundamental_i|fundamental_ii;municipal;ativa;geral;nao;RUA VITORIA, 81 QD AREA, LT AREA. FAZENDA VAU DAS POMBAS. 74891-134 Goiânia - GO.
52036782;ESC MUL SANTO ANTONIO;-16.60837040;-49.20913610;fundamental_i;municipal;ativa;geral;nao;RUA ASA 7, 148 SETOR ASA BRANCA. 74683-774 Goiânia - GO.
52076580;ESC MUL SAO JOSE;-16.59041550;-49.37238850;infantil|fundamental_i|fundamental_ii;municipal;ativa;geral;nao;RUA CP 15, QD 44. CONJUNTO PRIMAVERA. 74477-202 Goiânia - GO.
52076466;ESC MUL SENADOR DARCY RIBEIRO;-16.64620390;-49.18180170;infantil|fundamental_i|fundamental_ii;municipal;ativa;geral;nao;SR 38, 77 QUADRA 51. SETOR RECANTO DAS MINAS GERAIS. 74785-430 Goiânia - GO.
52036820;ESC MUL VILA ROSA;-16.74378110;-49.29897260;fundamental_i;municipal;ativa;geral;nao;AVENIDA FRANCISCO DE MELO, 181 QUADRA 73 LOTE 03 A. VILA ROSA. 74345-210 Goiânia - GO.
52036839;ESC MUL WATERLOO PRUDENTE;-16.68539880;-49.33342670;infantil|fundamental_i;municipal;ativa;geral;nao;AVENIDA FELIPE CAMARAO, 820 QUADRA 24 LOTE 04/07. GOIA. 74485-320 Goiânia - GO.
52036847;ESC MUL WILMAR DA SILVA GUIMARAES;-16.68951000;-49.20402000;infantil|fundamental_i;municipal;ativa;geral;nao;RUA J 3, S/N QD 12. CONJUNTO RESIDENCIAL ARUANA I. 74740-180 Goiânia - GO.
52035930;ESC MUN ANTONIO FIDELIS;-16.72970930;-49.27704950;infantil|fundamental_i;municipal;ativa;geral;nao;AVENIDA JOSE RODRIGUES DE MORAIS NETO, 499 QD.189. PARQUE AMAZONIA. 74840-080 Goiânia - GO.
52036413;ESC MUN MADRE FRANCISCA;-16.65905000;-49.18100000;infantil|fundamental_i|fundamental_ii;municipal;ativa;geral;nao;AVENIDA CENTRAL, S/N QD. X LT. 8/10. VILA PEDROSO. 74770-050 Goiânia - GO.
52068897;ESC MUN MARCOS ANTONIO DIAS BATISTA;-16.59518550;-49.31938540;infantil|fundamental_i|fundamental_ii;municipal;ativa;geral;nao;AVENIDA OTAVIO LUCIO, 00 QD. ARE. SETOR ESTRELA DALVA. 74475-260 Goiânia - GO.
52036510;ESC MUN ODILIA MENDES DE BRITO;-16.62359710;-49.34007430;fundamental_i|fundamental_ii;municipal;ativa;geral;nao;RUA VM 4 A, QD 88 LOTE AREA. SETOR NOVO PLANALTO. 74480-382 Goiânia - GO.
52036537;ESC MUN PAULO TEIXEIRA DE MENDONCA;-16.65592000;-49.24076000;fundamental_i;municipal;ativa;geral;nao;RUA TRES MARIAS, 30 QUADRA 36, LOTE 01. SETOR NEGRAO DE LIMA. 74650-280 Goiânia - GO.
52037240;ESC MUNICIPAL JAIME CAMARA;-16.72756690;-49.30840400;infantil|fundamental_i|fundamental_ii;municipal;ativa;geral;nao;RUA GRANADA, 140 JARDIM EUROPA. 74330-500 Goiânia - GO.
52084043;ESCOLA ADVENTISTA DE VILA NOVA;-16.66467940;-49.24062895;infantil|fundamental_i|fundamental_ii;privada;ativa;geral;nao;RUA 208, 670 SETOR LESTE VILA NOVA. 74635-055 Goiânia - GO.
52106683;ESCOLA ALDEIA LTDA;-16.70930608;-49.27577928;infantil|fundamental_i;privada;ativa;geral;nao;RUA C242, 220 Q. S 44 L. 01. JARDIM AMERICA. 74290-170 Goiânia - GO.
52075745;ESCOLA ANDRE LUIZ;-16.68504131;-49.29037361;infantil|fundamental_i|fundamental_ii;privada;ativa;geral;nao;RUA CAMPINAS, 606 SETOR SOL NASCENTE. 74210-124 Goiânia - GO.
52099210;ESCOLA APRENDER PENSANDO;-16.66073149;-49.26366320;infantil|fundamental_i|fundamental_ii;privada;ativa;geral;nao;RUA 5, 739 SETOR NORTE FERROVIARIO. 74063-100 Goiânia - GO.
52092550;ESCOLA AQUARELA;-16.61804400;-49.22443167;infantil|fundamental_i;privada;ativa;geral;nao;RUA ESTRELA DO SUL, 345 Nº 345. JARDIM GUANABARA. 74675-300 Goiânia - GO.
52086755;ESCOLA ARTE VIDA;-16.69503790;-49.26013310;infantil|fundamental_i;privada;ativa;geral;nao;AVENIDA ENGENHEIRO EURICO VIANA, 10 NUMERO 429 QUADRA 8. VILA MARIA JOSE. 74815-465 Goiânia - GO.
52086771;ESCOLA ATHOS;-16.59861990;-49.32963370;infantil|fundamental_i|fundamental_ii;privada;ativa;geral;nao;RUA JC 51, S/N QD. 13 LT.10. JARDIM CURITIBA III. 74481-300 Goiânia - GO.
52101770;ESCOLA ATOS;-16.67792300;-49.30939270;infantil|fundamental_i|fundamental_ii;privada;ativa;geral;nao;RUA DIVINO OLIVEIRA, 178 QD 81, LT. AREA. CIDADE JARDIM. 74425-220 Goiânia - GO.
52102009;ESCOLA AVILA 1ª FASE ESCOLA CASTELO DO SABER EIRELI-ME;-16.71677000;-49.26798000;fundamental_i;privada;ativa;geral;nao;RUA T 38, 1096 QD 157 LT 18. SETOR BUENO. 74223-042 Goiânia - GO.
52084078;ESCOLA BALAOZINHO ENCANTADO;-16.67469700;-49.31753920;infantil|fundamental_i;privada;ativa;geral;nao;RUA LUIZ HONORIO, 45 QD 39 LT 09. CIDADE JARDIM. 74425-530 Goiânia - GO.
52086690;ESCOLA BIOCLASS TURMA DA MONICA;-16.64827000;-49.18695000;infantil|fundamental_i|fundamental_ii;privada;ativa;geral;nao;RUA SR 62, 108 QD 87 LT 8. SETOR RECANTO DAS MINAS GERAIS. 74785-320 Goiânia - GO.
52080528;ESCOLA BRINCARTE;-16.62302909;-49.28721758;infantil|fundamental_i;privada;ativa;geral;nao;AVENIDA MARIANA JACOB DE MENESES QUADRA 08 LOTE 13, 804 JARDIM BALNEARIO MEIA PONTE. 74593-390 Goiânia - GO.
52097340;ESCOLA CAMINHO PARA O FUTURO;-16.73466210;-49.34259400;infantil|fundamental_i;privada;ativa;geral;nao;AVENIDA SAO LUIZ, QUADRA 04 LOTE 11. BAIRRO SANTA RITA. 74370-535 Goiânia - GO.
52104753;ESCOLA CANADENSE DE GOIANIA EIRELI;-16.70270333;-49.26161000;fundamental_ii;privada;ativa;geral;nao;RUA 1132, Q. 235 A L. 01. SETOR MARISTA. 74180-110 Goiânia - GO.
52104630;ESCOLA CANADENSE DE GOIANIA LTDA;-16.70868443;-49.21846176;infantil|fundamental_i;privada;ativa;geral;nao;RUA AURILANDIA, 32 Q. B5 L. 11. RESIDENCIAL ALPHAVILLE FLAMBOYANT. 74884-549 Goiânia - GO.
52104745;ESCOLA CANADENSE MARISTA DE GOIANIA EIRELI;-16.70287000;-49.26169833;fundamental_i;privada;ativa;geral;nao;RUA 1130, SN Q. 229 L. 4. SETOR MARISTA. 74180-090 Goiânia - GO.
52034623;ESCOLA CANTINHO DA EMILIA;-16.69511820;-49.25620510;infantil|fundamental_i;privada;ativa;geral;nao;RUA 131, 180 TERREO. SETOR SUL. 74093-200 Goiânia - GO.
52106918;ESCOLA CANTINHO DAS LETRAS;-16.68424779;-49.38504704;infantil|fundamental_i;privada;ativa;geral;nao;AVENIDA GERCINA BORGES TEIXEIRA, 3685 QD 01 LT 33. JARDIM SAO JOSE. 74495-130 Goiânia - GO.
52100766;ESCOLA CASA DAS LETRAS;-16.71784200;-49.28332590;fundamental_i;privada;ativa;geral;nao;RUA C 148, 1136 Q. 380 L. 18/21. JARDIM AMERICA. 74250-170 Goiânia - GO.
52075737;ESCOLA CASA DAS LETRAS LTDA;-16.71792650;-49.28337810;infantil;privada;ativa;geral;nao;RUA C 147, QD 380 LT 05 E 06. JARDIM AMERICA. 74250-010 Goiânia - GO.
52103412;ESCOLA CENTRO DINAMICO VIVENCIAR;-16.67895550;-49.23639200;fundamental_i;privada;ativa;geral;nao;RUA 261 A, 526 SETOR LESTE UNIVERSITARIO. 74610-260 Goiânia - GO.
52099180;ESCOLA CRISTA JAIME ROSE;-16.69467980;-49.30179300;infantil|fundamental_i;privada;ativa;geral;nao;RUA C45, ESQUINA COM AVENIDA C 15, QD. 133, LT. 12,13, 14, SETOR SUDOESTE. 74305-180 Goiânia - GO.
52102823;ESCOLA DE EDUCACAO INFANTIL PIAGET;-16.71200000;-49.25771880;infantil;privada;ativa;geral;nao;RUA 1026, 188 Q. 68 L. 08/09. SETOR PEDRO LUDOVICO. 74823-110 Goiânia - GO.
52084256;ESCOLA DE SAUDE IRMA DULCE;-16.67139690;-49.25332540;;privada;ativa;geral;nao;RUA 27, 271 QD 64 LOTE07. SETOR CENTRAL. 74020-040 Goiânia - GO.
52086798;ESCOLA DINAMICA 13 DE MAIO;-16.65652970;-49.24457330;infantil|fundamental_i;privada;ativa;geral;nao;RUA LAURO JACQUES, 300 QD 04 LT 21 E 22. SETOR NEGRAO DE LIMA. 74650-170 Goiânia - GO.
52075524;ESCOLA DIREITO DO SABER-CECOM;-16.64282200;-49.33198290;infantil|fundamental_i;privada;ativa;geral;sim;RUA 15, 293 QD 02 LT 16. SETOR SANTOS DUMONT. 74463-610 Goiânia - GO.
52215385;ESCOLA DO FUTURO DO ESTADO DE GOIAS EM ARTES BASILEU FRANCA;-16.67631050;-49.23876540;;estadual;ativa;geral;nao;AVENIDA UNIVERSITARIA, 1.750 SETOR LESTE UNIVERSITARIO. 74605-010 Goiânia - GO.
52097889;ESCOLA EDUCACIONAL BRINCARTE;-16.80067730;-49.36403440;;privada;paralisada;geral;nao;RUA ANGRA DOS REIS, 282 RESIDENCIAL CAMPOS DOURADOS. 74356-475 Goiânia - GO.
52092941;ESCOLA EDUCANDARIO VILA BOA FUNDAMENTAL;-16.70445340;-49.27281960;infantil|fundamental_i|fundamental_ii;privada;ativa;geral;nao;RUA T 30, 2338 QUADRA 92 LOTE 14. SETOR BUENO. 74215-060 Goiânia - GO.
52104559;ESCOLA EDUCANDARIO VILA BOA INFANTIL;-16.70451967;-49.27298912;;privada;paralisada;geral;nao;RUA T 33, 333 Q. 92 L. 07 E 08. SETOR BUENO. 74215-140 Goiânia - GO.
52069850;ESCOLA ESPECIAL HELENA ANTIPOFF APAE;-16.68458370;-49.28188630;infantil|fundamental_i;privada;ativa;exclusivo_deficiencia;sim;RUA 255, 628 SETOR COIMBRA. 74533-150 Goiânia - GO.
52081184;ESCOLA ESPIRITA ALLAN KARDEC;-16.64749730;-49.19789550;infantil|fundamental_i;privada;ativa;geral;sim;RUA PEDRO BRANT, CHACARA 2. SANTO HILARIO. 74780-030 Goiânia - GO.
52099881;ESCOLA ESPIRITA IRMA CELINA;-16.75234110;-49.33760171;infantil;privada;ativa;geral;sim;AVENIDA LIBERDADE, C/ RUA 31-B E 30-B, SETOR GARAVELO-B, SN NUMERO 370. SETOR GARAVELO B. 74354-065 Goiânia - GO.
52178200;ESCOLA ESPIRITA PEDRO DE CAMARGO;-16.79441500;-49.38156020;infantil|fundamental_i;privada;ativa;geral;sim;RUA NATALINA BAHIA, 00 CHACARA 27. LOTEAMENTO QUINTA DO RIO DOURADOS. 74356-190 Goiânia - GO.
52084167;ESCOLA ESPIRITA PIETRO UBALDI;-16.59455640;-49.34938080;infantil;privada;ativa;geral;sim;RUA SC 32 COM 25, S/N QUADRA 82. SAO CARLOS. 74477-097 Goiânia - GO.
52036979;ESCOLA ESPIRITA TENDA DO CAMINHO;-16.66980480;-49.24858050;infantil|fundamental_i;privada;ativa;geral;sim;RUA 201, 244 VILA NOVA. 74643-050 Goiânia - GO.
52035441;ESCOLA ESTADUAL PROFESSORA MARINETE SILVA;-16.66448240;-49.27821691;fundamental_ii;estadual;ativa;geral;nao;RUA BENJAMIN CONSTANT 1309 COM R DAS LARANJEIRAS, 702 VILA ABAJA. SETOR CAMPINAS. 74525-050 Goiânia - GO.
52100251;ESCOLA ESTRELAS DO FUTURO;-16.60959516;-49.31134277;infantil|fundamental_i|fundamental_ii;privada;ativa;geral;nao;RUA TROPICAL, 154 Q. 28 L. 60. RESIDENCIAL RECANTO DO BOSQUE. 74474-338 Goiânia - GO.
52229351;ESCOLA ESTRELINHA MAGICA;-16.78312406;-49.35520973;infantil|fundamental_i;privada;ativa;geral;nao;RUA 32, S/N QUADRA 11 LOTE 08. CONDOMINIO DAS ESMERALDAS. 74355-468 Goiânia - GO.
52092496;ESCOLA ETHOS LTDA;-16.70352190;-49.27620090;infantil|fundamental_i;privada;ativa;geral;nao;AVENIDA T 3, 1816 QD.171A LT. 02E. SETOR BUENO. 74215-095 Goiânia - GO.
52202410;ESCOLA EVANGELICA ANALU;-16.60384420;-49.31307500;infantil|fundamental_i|fundamental_ii;privada;ativa;geral;nao;RUA RB 6, SN QD. 08 LT.12. RESIDENCIAL RECANTO DO BOSQUE. 74474-315 Goiânia - GO.
52092461;ESCOLA EVANGELICA LIRIOS DO CAMPO;-16.72548770;-49.31981650;infantil|fundamental_i;privada;ativa;geral;nao;RUA ARAPONGA QUADRA 13 LOTE 13, 51 JARDIM VILA BOA. 74360-210 Goiânia - GO.
52247350;ESCOLA EVANGELICA OS CORDEIRINHOS DE CRISTO;-16.62930220;-49.32660320;infantil|fundamental_i|fundamental_ii;privada;ativa;geral;nao;RUA VF 63 A, S/N S/N. SETOR MORADA DO SOL. 74475-122 Goiânia - GO.
52093077;ESCOLA EVANGELICA RENASCER;-16.73345410;-49.33916380;infantil|fundamental_i;privada;ativa;geral;nao;RUA JOAO LUIZ, SN QD. 08 LT. 21. VILA SANTA RITA - 5ª ETAPA. 74370-580 Goiânia - GO.
52031179;ESCOLA FONTE DO SABER EIRELI ME;-16.73172000;-49.24988000;infantil|fundamental_i;privada;ativa;geral;nao;AVENIDA B, 297 Q. 27 L 17/18. JARDIM SANTO ANTONIO. 74853-030 Goiânia - GO.
52097382;ESCOLA FUNDAMENTO TOTAL;-16.71046000;-49.27645000;;privada;paralisada;geral;nao;RUA C 243, 272 JARDIM AMERICA. 74290-180 Goiânia - GO.
52091333;ESCOLA GENESIS;-16.61573818;-49.21963563;infantil|fundamental_i|fundamental_ii;privada;ativa;geral;nao;RUA GB 41 QD 68 LT 13, 10 JARDIM GUANABARA III. 74683-400 Goiânia - GO.
52101690;ESCOLA GOIANA BILINGUE EIRELI-EPP;-16.69518610;-49.26628570;fundamental_ii;privada;ativa;geral;nao;RUA 36 ESQUINA COM RUA 9, 40 SETOR MARISTA. 74150-240 Goiânia - GO.
52101860;ESCOLA GOTINHAS DO SABER EIRELI - EPP;-16.66204240;-49.24022580;infantil;privada;ativa;geral;nao;RUA A, 93 SETOR LESTE VILA NOVA. 74645-210 Goiânia - GO.
52037975;ESCOLA IMACULADA;-16.69296580;-49.27212670;infantil|fundamental_i;privada;ativa;geral;nao;RUA RUY BRASIL CAVALCANTE, 602 SETOR MARISTA. 74140-140 Goiânia - GO.
52084108;ESCOLA INFANTIL CANTINHO PRA SONHAR;-16.67603340;-49.25024940;infantil;privada;ativa;geral;nao;RUA 21, 525 SETOR CENTRAL. 74030-070 Goiânia - GO.
52086585;ESCOLA INFANTIL FAVO DE MEL;-16.73016480;-49.29043680;infantil|fundamental_i;privada;ativa;geral;nao;RUA MARIA APARECIDA, 334 QD 152 L 23. PARQUE AMAZONIA. 74843-180 Goiânia - GO.
52103285;ESCOLA INFANTIL FAVO DE MEL II;-16.73020380;-49.29051620;infantil;privada;ativa;geral;nao;RUA MARIA APARECIDA, 64 Q. 143 L. 08. JARDIM ATLANTICO. 74343-125 Goiânia - GO.
52079856;ESCOLA INFANTIL FLOR CRESCENTE LTDA;-16.62152930;-49.21444130;infantil|fundamental_i;privada;ativa;geral;nao;RUA T 27, 60 QD 24 LT 07. SETOR BUENO. 74210-030 Goiânia - GO.
52087204;ESCOLA INFANTIL LETRAS MAGICAS;-16.71479630;-49.25972540;infantil;privada;ativa;geral;nao;RUA S 6, 514 SETOR BELA VISTA. 74823-470 Goiânia - GO.
52075826;ESCOLA INFANTIL SAO JOSE;-16.70155000;-49.24063333;fundamental_i;privada;ativa;geral;nao;RUA 54, 532 QUADRA B 18 LT 21/22. JARDIM GOIAS. 74810-220 Goiânia - GO.
52091619;ESCOLA INTEGRAL AQUARELA;-16.72847000;-49.33490000;;privada;paralisada;geral;nao;RUA RIO GRANDE DO SUL, S/N QD. 01 LT. 12. SETOR TANCREDO NEVES. 74370-280 Goiânia - GO.
52086852;ESCOLA INTELECTUAL;-16.67288650;-49.22257260;infantil|fundamental_i;privada;ativa;geral;nao;RUA OTAWA, 90 QUADRA 126 LT 19. JARDIM NOVO MUNDO. 74705-220 Goiânia - GO.
52108422;ESCOLA INTERAGIR;-16.62715295;-49.31780322;infantil|fundamental_i;privada;ativa;geral;nao;RUA VF 49, 237 QD 50 LT. 28 E 29. VILA FINSOCIAL. 74473-450 Goiânia - GO.
52118401;ESCOLA INTERAMERICA FUNDAMENTAL;-16.70984000;-49.27659000;fundamental_ii;privada;ativa;geral;nao;RUA C 242, 42 QD. 557 LT. 16. JARDIM AMERICA. 74290-170 Goiânia - GO.
52084124;ESCOLA INTERAMERICA LTDA;-16.70526680;-49.27188800;infantil|fundamental_i;privada;ativa;geral;nao;RUA T 30, 2455 SETOR BUENO. 74210-060 Goiânia - GO.
52092569;ESCOLA INTERAMERICANA LTDA;-16.70532760;-49.27178120;fundamental_i;privada;ativa;geral;nao;RUA T 30, 2479 SETOR BUENO. 74215-060 Goiânia - GO.
52035808;ESCOLA JOAO CRISOSTOMO ROSA;-16.65965130;-49.20938100;fundamental_i;privada;ativa;geral;sim;AVENIDA MANCHESTER Q 248 L 10, SN JARDIM NOVO MUNDO. 74703-010 Goiânia - GO.
52192377;ESCOLA MANIA DE APRENDER;-16.59137090;-49.37494520;infantil|fundamental_i|fundamental_ii;privada;ativa;geral;nao;RUA CP 11, SN QD. 17 LT. 19/20. CONJUNTO PRIMAVERA. 74477-280 Goiânia - GO.
52096319;ESCOLA MENTES BRILHANTES;-16.67683890;-49.38344980;infantil|fundamental_i|fundamental_ii;privada;ativa;geral;nao;RUA VC 50, 117 QD 107 LT 16 A 20. CONJUNTO VERA CRUZ. 74495-270 Goiânia - GO.
52083837;ESCOLA MONTEIRO LOBATO;-16.73354400;-49.32324090;infantil|fundamental_i;privada;ativa;geral;nao;ALAMEDA PRESIDENTE BALDOMIR, 329 CHACARA 8. JARDIM PRESIDENTE. 74353-030 Goiânia - GO.
52084388;ESCOLA MONTEIRO LOBATO;-16.73761000;-49.27083000;infantil|fundamental_i|fundamental_ii;privada;ativa;geral;nao;RUA CACAUI QD 10 L4/5, 101 PARQUE AMAZONIA. 74840-230 Goiânia - GO.
52086623;ESCOLA MUNDO DA ESCRITA LTDA;-16.61397000;-49.22395000;infantil|fundamental_i;privada;ativa;geral;nao;AVENIDA ALVICTO OZORIO NOGUEIRA, 886 JARDIM GUANABARA III. 74683-500 Goiânia - GO.
52108643;ESCOLA MUNDO DA IMAGINACAO;-16.68973457;-49.39315528;infantil|fundamental_i;privada;ativa;geral;nao;RUA ATAULFO ALVES, 285 QD. 30 LT. 05. JARDIM SAO JOSE. 74494-695 Goiânia - GO.
52035867;ESCOLA MUNICIPAL ABRAO RASSI;-16.68910200;-49.31437850;fundamental_i;municipal;ativa;geral;nao;RUA C 11, 50 VILA NOVA CANAA. 74415-190 Goiânia - GO.
52035875;ESCOLA MUNICIPAL AGRIPINA TEIXEIRA MAGALHAES;-16.63769010;-49.28020070;infantil|fundamental_i;municipal;ativa;geral;nao;RUA SERRA DOURADA, QUADRA 04 LOTE 05. JARDIM DIAMANTINA. 74573-320 Goiânia - GO.
52035891;ESCOLA MUNICIPAL ALONSO DIAS PINHEIRO;-16.65132450;-49.29119720;infantil|fundamental_i;municipal;ativa;geral;nao;RUA DOS TAMOIOS, 232 VILA CLEMENTE. 74580-710 Goiânia - GO.
52035905;ESCOLA MUNICIPAL AMANCIO SEIXO DE BRITO;-16.61396500;-49.29962280;infantil|fundamental_i|fundamental_ii;municipal;ativa;geral;nao;RUA MILAO QD F LT. AREA, 91 Q F LOTE AREA. JARDIM BALNEARIO MEIA PONTE. 74590-480 Goiânia - GO.
52036030;ESCOLA MUNICIPAL ARCEBISPO DOM EMMANUEL;-16.67720850;-49.30036540;infantil|fundamental_i;municipal;ativa;geral;nao;RUA 1, 496 QD.21 LT.160/162. SETOR CASTELO BRANCO. 74403-010 Goiânia - GO.
52035948;ESCOLA MUNICIPAL ARY RIBEIRO VALADAO FILHO;-16.68229490;-49.20020360;infantil|fundamental_i;municipal;ativa;geral;nao;RUA AP 3, 358 QUADRA 10. CONJUNTO RESIDENCIAL ARUANA III. 74740-380 Goiânia - GO.
52035964;ESCOLA MUNICIPAL BARBARA DE SOUZA MORAIS;-16.68954710;-49.23090770;infantil|fundamental_i|fundamental_ii;municipal;ativa;geral;nao;AVENIDA URUGUAIANA, 42 JARDIM NOVO MUNDO. 74715-010 Goiânia - GO.
52035972;ESCOLA MUNICIPAL BENEDITA LUIZA DA SILVA DE MIRANDA;-16.71602000;-49.24807000;infantil|fundamental_i;municipal;ativa;geral;nao;RUA 1058, 171 QUADRA 130. SETOR PEDRO LUDOVICO. 74825-220 Goiânia - GO.
52264416;ESCOLA MUNICIPAL BUENA VISTA;-16.71818500;-49.39676020;infantil|fundamental_i|fundamental_ii;municipal;ativa;geral;nao;RUA POUSO ALEGRE, QD APM 29. RESIDENCIAL BUENA VISTA IV. 74394-615 Goiânia - GO.
52037215;ESCOLA MUNICIPAL CESAR DA CUNHA BASTOS;-16.70039000;-49.35458000;infantil|fundamental_i;municipal;ativa;geral;nao;RUA BENEDITO CANDIDO PEREIRA, 451 QD 26. SOLANGE PARK I. 74484-150 Goiânia - GO.
52035050;ESCOLA MUNICIPAL DE TEMPO INTEGRAL EUNICE WEAVER;-16.64580870;-49.27805760;fundamental_i;municipal;ativa;geral;nao;RUA CARLOS CUNHA FILHO, SN QD. 03 LT.09. RESIDENCIAL MORUMBI. 74574-003 Goiânia - GO.
52035093;ESCOLA MUNICIPAL DE TEMPO INTEGRAL JARDIM DAS AROEIRAS;-16.66304150;-49.19493100;fundamental_i;municipal;ativa;geral;nao;AV DAS AROEIRAS, 572 AREA ESPECIAL. JD DAS AROEIRAS. 74770-440 Goiânia - GO.
52035212;ESCOLA MUNICIPAL DE TEMPO INTEGRAL JUSCELINO KUBITSCHEK;-16.68615780;-49.28109810;fundamental_i;municipal;ativa;geral;nao;RUA 260, 471 QD AREA. LOTE APM12. SETOR COIMBRA. 74535-030 Goiânia - GO.
52035492;ESCOLA MUNICIPAL DE TEMPO INTEGRAL ROTARY CLUB DE GOIANIA;-16.67321750;-49.23013620;fundamental_i;municipal;ativa;geral;nao;RUA 3, 141 ST LESTE UNIVERSITARIO. 74615-070 Goiânia - GO.
52035611;ESCOLA MUNICIPAL DE TEMPO INTEGRAL SANTA MARTA;-16.68668760;-49.19249800;fundamental_i;municipal;ativa;geral;nao;RUA 8, LT. 01 QD. APM 1. COLONIA SANTA MARTA. 74735-606 Goiânia - GO.
52269370;ESCOLA MUNICIPAL DE TEMPO INTEGRAL SETOR GRAJAU;-16.75977280;-49.36233720;fundamental_i;municipal;ativa;geral;nao;RUA G 1, 0 QUADRA APM 11. SETOR GRAJAU. 74354-303 Goiânia - GO.
52036049;ESCOLA MUNICIPAL DEPUTADO JAMEL CECILIO;-16.73130330;-49.32229650;infantil|fundamental_i;municipal;ativa;geral;nao;AVENIDA PEDRO LUDOVICO TEIXEIRA, 755 QD AREA LOTE 00. JARDIM VILA BOA. 74360-490 Goiânia - GO.
52100375;ESCOLA MUNICIPAL DOM TOMAS BALDUINO;-16.66701250;-49.41573720;infantil|fundamental_i|fundamental_ii;municipal;ativa;geral;nao;RUA DOS GIRASSOIS, QD. APM 06 LT. AREA. RESIDENCIAL JARDINS DO CERRADO 1. 74491-220 Goiânia - GO.
52036707;ESCOLA MUNICIPAL DONA ROSA MARTINS PERIM;-16.64660580;-49.29771100;infantil|fundamental_i|fundamental_ii;municipal;ativa;geral;nao;AVENIDA PERIM, 380 SETOR PERIM. 74580-190 Goiânia - GO.
52036081;ESCOLA MUNICIPAL DONATA MONTEIRO DA MOTTA;-16.65374760;-49.25165460;infantil|fundamental_i;municipal;ativa;geral;nao;RUA DESEMBARGADOR VICENTE MIGUEL DE ABREU, S/N SETOR CRIMEIA LESTE. 74660-140 Goiânia - GO.
52037231;ESCOLA MUNICIPAL DR NICANOR DE ASSIS ALBERNAZ;-16.72718950;-49.37536830;infantil|fundamental_i|fundamental_ii;municipal;ativa;geral;nao;RUA ALPHA14, 333 QD. 06. LOTEAMENTO ALPHAVILLE RESIDENCIAL. 74393-700 Goiânia - GO.
52080340;ESCOLA MUNICIPAL ELI BRASILIENSE;-16.69302410;-49.34809140;infantil|fundamental_i;municipal;ativa;geral;nao;RUA DONA CAROLINA, 151 QD 40. RESIDENCIAL GOIANIA VIVA. 74484-428 Goiânia - GO.
52035921;ESCOLA MUNICIPAL ENGENHEIRO ANTONIO FELIX DA SILVA;-16.71306000;-49.31296200;infantil|fundamental_i|fundamental_ii;municipal;ativa;geral;nao;RUA DINAMARCA, S/N QD 99 LOTE/AREA 513. JARDIM EUROPA. 74330-050 Goiânia - GO.
52036162;ESCOLA MUNICIPAL FRANCISCO MATIAS;-16.72360380;-49.29821550;infantil|fundamental_i;municipal;ativa;geral;nao;RUA CARLOS GOMES, SEM NUMERO Q.17. PARQUE ANHANGUERA. 74340-050 Goiânia - GO.
52036189;ESCOLA MUNICIPAL FREI DEMETRIO ZANQUETA;-16.71984160;-49.25586140;fundamental_i;municipal;ativa;geral;nao;AVENIDA FLORIANOPOLIS, 241 SETOR PEDRO LUDOVICO. 74825-050 Goiânia - GO.
52036197;ESCOLA MUNICIPAL FREI NAZARENO CONFALONI;-16.70869500;-49.30387330;fundamental_i;municipal;ativa;geral;nao;RUA U 64, 141 SETOR UNIAO. 74313-440 Goiânia - GO.
52036200;ESCOLA MUNICIPAL GEORGETA RIVALINO DUARTE;-16.69981000;-49.31611000;fundamental_i;municipal;ativa;geral;nao;RUA GENERAL CUNHA MATOS, 447 Q.27 L. 2 A 7. VILA MAUA. 74323-250 Goiânia - GO.
52036227;ESCOLA MUNICIPAL GO 04;-16.60443600;-49.36876190;fundamental_i;municipal;ativa;geral;nao;RODOVIA GO-070, CHACARA 02. SITIOS DE RECREIO DOS BANDEIRANTES. 74482-380 Goiânia - GO.
52035956;ESCOLA MUNICIPAL HONESTINO MONTEIRO GUIMARAES;-16.71849320;-49.37445360;infantil|fundamental_i|fundamental_ii;municipal;ativa;geral;nao;VIA PROFESSOR JOSE FERREIRA DA CUNHA, 115 JARDIM ARITANA. 74391-250 Goiânia - GO.
52037746;ESCOLA MUNICIPAL IRMA VENERANDA;-16.61990000;-49.31638000;infantil|fundamental_i;municipal;ativa;geral;nao;RUA VF 25, QF. 21, LT.42, VILA FINSOCIAL. 74473-210 Goiânia - GO.
52036243;ESCOLA MUNICIPAL ITAMAR MARTINS FERREIRA;-16.71740740;-49.25894120;infantil|fundamental_i|fundamental_ii;municipal;ativa;geral;nao;RUA T 65, 45 QD. 12, LT. 67. SETOR BELA VISTA. 74823-370 Goiânia - GO.
52036251;ESCOLA MUNICIPAL IZABEL ESPERIDIAO JORGE;-16.71553880;-49.23981320;infantil|fundamental_i;municipal;ativa;geral;nao;RUA SAO LUIS, 499 QUADRA 10. ALTO DA GLORIA. 74815-755 Goiânia - GO.
52094081;ESCOLA MUNICIPAL JARDIM AMERICA;-16.72196940;-49.29035370;infantil|fundamental_i|fundamental_ii;municipal;ativa;geral;nao;RUA C 160, 1310 QUADRA 414, LOTE 25. JARDIM AMERICA. 74255-130 Goiânia - GO.
52036308;ESCOLA MUNICIPAL JESUINA DE ABREU;-16.73445050;-49.27474980;infantil|fundamental_i|fundamental_ii;municipal;ativa;geral;nao;RUA IGARITE, 44 QD. 65-A. PARQUE AMAZONIA. 74840-260 Goiânia - GO.
52036316;ESCOLA MUNICIPAL JOAO BRAZ;-16.61791120;-49.24851530;infantil|fundamental_i|fundamental_ii;municipal;ativa;geral;nao;RUA SAO SALVADOR, 77 QD. 28 LTS. 07/14. VILA JARDIM SAO JUDAS TADEU. 74685-560 Goiânia - GO.
52036332;ESCOLA MUNICIPAL JOAO DE PAULA TEIXEIRA;-16.66029000;-49.27335000;infantil|fundamental_i;municipal;ativa;geral;nao;RUA 10, 74 LOTE 05/06. SETOR MARECHAL RONDON. 74560-390 Goiânia - GO.
52264440;ESCOLA MUNICIPAL JOAQUIM CAMARA FILHO;-16.66494210;-49.42937610;fundamental_i;municipal;ativa;geral;nao;RUA DAS MAGNOLIAS ESQ. COM RUA DAS DRACENAS, S/Nº QUADRA APM 03. RESIDENCIAL JARDINS DO CERRADO 4. 74491-514 Goiânia - GO.
52037258;ESCOLA MUNICIPAL JOEL MARCELINO DE OLIVEIRA;-16.63246290;-49.31889590;infantil|fundamental_i;municipal;ativa;geral;nao;RUA VF 57, 0 QD. 85 LT. 19. VILA FINSOCIAL. 74473-516 Goiânia - GO.
52036146;ESCOLA MUNICIPAL JOSE CARLOS PIMENTA;-16.46172810;-49.20465000;fundamental_i|fundamental_ii;municipal;ativa;geral;nao;AVENIDA AVENIDA VILA RICA, 142 QUADRA 06 LOTE APM 2. DISTRITO VILA RICA. 74697-002 Goiânia - GO.
52036391;ESCOLA MUNICIPAL LIONS CLUBE BANDEIRANTES;-16.68724170;-49.32928500;infantil|fundamental_i|fundamental_ii;municipal;ativa;geral;nao;PRACA DA BANDEIRA, 200 QUADRA 30. GOIA. 74485-270 Goiânia - GO.
52036405;ESCOLA MUNICIPAL LIONS CLUBE DE GOIANIA TOCANTINS;-16.68784330;-49.22087840;fundamental_i;municipal;ativa;geral;nao;RUA COLOMBIA, S/N QD.14 LT.21. VILA MARIA LUIZA. 74720-190 Goiânia - GO.
52034321;ESCOLA MUNICIPAL LORENA PARK;-16.69783150;-49.35803770;infantil|fundamental_i;municipal;ativa;geral;nao;RUA VALENTIM CAPUZZO, 250 QD 10. LOTEAMENTO LORENA PARQUE. 74483-740 Goiânia - GO.
52097048;ESCOLA MUNICIPAL MANOEL JACINTO COELHO;-16.67389060;-49.42914410;infantil|fundamental_i|fundamental_ii;municipal;ativa;geral;nao;RUA JC 103, 6235777391 QD APM04. RESIDENCIAL JARDINS DO CERRADO 6. 74491-568 Goiânia - GO.
52037703;ESCOLA MUNICIPAL MARECHAL RIBAS JUNIOR;-16.72314090;-49.24338550;infantil|fundamental_i;municipal;ativa;geral;nao;RUA R 5, 201 QD20. VILA REDENCAO. 74845-710 Goiânia - GO.
52036448;ESCOLA MUNICIPAL MARIA GENOVEVA;-16.63519600;-49.24100230;fundamental_i;municipal;ativa;geral;nao;RUA PECUARIA, Nº 51 SANTA GENOVEVA. 74670-030 Goiânia - GO.
52036472;ESCOLA MUNICIPAL MOISES SANTANA;-16.66259580;-49.31812380;fundamental_i;municipal;ativa;geral;nao;AVENIDA RAPOSO TAVARES, 245 QUADRA 4 LOTE 26. CAPUAVA. 74450-210 Goiânia - GO.
52036480;ESCOLA MUNICIPAL MONICA DE CASTRO CARNEIRO;-16.67096280;-49.21611900;fundamental_i;municipal;ativa;geral;nao;AVENIDA CRISTOVAO COLOMBO, 539 QD 212 LT 27. JARDIM NOVO MUNDO. 74705-130 Goiânia - GO.
52075516;ESCOLA MUNICIPAL MONTEIRO LOBATO;-16.75227000;-49.35700000;fundamental_i|fundamental_ii;municipal;ativa;geral;nao;RUA SALUTE PAVAN PETROLLI, SN QUADRA 10. SETOR ORIENTVILLE. 74355-704 Goiânia - GO.
52082652;ESCOLA MUNICIPAL NOVA CONQUISTA;-16.61535016;-49.32928109;infantil|fundamental_i|fundamental_ii;municipal;ativa;geral;nao;RUA I, QD 155 LTS 25/26. SETOR PARQUE TREMENDAO. 74475-080 Goiânia - GO.
52037142;ESCOLA MUNICIPAL OLEGARIO MOREIRA BORGES;-16.73765160;-49.32321540;infantil|fundamental_i;municipal;ativa;geral;nao;RUA F 4 ESQUINA COM AVENIDA NADRA BUFAICAL, 242 QD. AREA LT. APMC03. SETOR FAICALVILLE. 74350-120 Goiânia - GO.
52037193;ESCOLA MUNICIPAL PADRE LIMA;-16.63235280;-49.23456310;infantil|fundamental_i;municipal;ativa;geral;nao;AVENIDA BRASIL, 0 QUADRA 47 LOTE 01. SANTA GENOVEVA. 74672-350 Goiânia - GO.
52037711;ESCOLA MUNICIPAL PEDRO COSTA DE MEDEIROS;-16.62068000;-49.21860000;infantil|fundamental_i|fundamental_ii;municipal;ativa;geral;nao;RUA CAIAPONIA, 240 QUADRA 62 LOTE 16. JARDIM GUANABARA. 74675-120 Goiânia - GO.
52036570;ESCOLA MUNICIPAL PEDRO XAVIER TEIXEIRA;-16.72239240;-49.32363060;infantil|fundamental_i|fundamental_ii;municipal;ativa;geral;nao;RUA D 28 ESQ. C/ AV. DOMICIANO PEIXOTO Q. F L. AREA, CONJUNTO CACHOEIRA DOURADA. 74363-690 Goiânia - GO.
52034330;ESCOLA MUNICIPAL PRESIDENTE VARGAS;-16.65547980;-49.31506480;infantil|fundamental_i|fundamental_ii;municipal;ativa;geral;nao;AVENIDA SAO LUIZ, 100 QD.27 LOTE 01. VILA JOAO VAZ. 74445-250 Goiânia - GO.
52036650;ESCOLA MUNICIPAL PROF MOACIR MONCLAR BRANDAO;-16.70250180;-49.28951940;infantil|fundamental_i;municipal;ativa;geral;nao;RUA C 115, 35 QUADRA AREA. JARDIM AMERICA. 74255-410 Goiânia - GO.
52036588;ESCOLA MUNICIPAL PROF PERCIVAL XAVIER REBELO;-16.72064650;-49.31777300;infantil|fundamental_i|fundamental_ii;municipal;ativa;geral;nao;RUA B 16, 101 SETOR NOVO HORIZONTE. 74365-440 Goiânia - GO.
52036600;ESCOLA MUNICIPAL PROFESSOR ARISTOCLIDES TEIXEIRA;-16.61256190;-49.24170030;infantil|fundamental_i|fundamental_ii;municipal;ativa;geral;nao;RUA MARACANA, S/N QD 34A. VILA JARDIM POMPEIA. 74690-160 Goiânia - GO.
52034313;ESCOLA MUNICIPAL PROFESSOR PAULO FREIRE;-16.61269940;-49.33980360;infantil|fundamental_i;municipal;ativa;geral;nao;RUA JC 3, S/N QDS. 2 E 3. JARDIM CURITIBA IV. 74480-460 Goiânia - GO.
52036677;ESCOLA MUNICIPAL PROFESSOR TRAJANO DE SA GUIMARAES;-16.72220000;-49.26936000;infantil|fundamental_i|fundamental_ii;municipal;ativa;geral;nao;AVENIDA T 15, 2155 QD. 03. PARQUE AMAZONIA. 74835-290 Goiânia - GO.
52037282;ESCOLA MUNICIPAL PROFESSORA AMELIA FERNANDES MARTINS;-16.73265260;-49.22838980;infantil|fundamental_i|fundamental_ii;municipal;ativa;geral;nao;RUA OCANAN, 50 PARQUE ACALANTO. 74860-200 Goiânia - GO.
52072509;ESCOLA MUNICIPAL PROFESSORA ANNA MARIA MELINI;-16.65571590;-49.31688920;infantil|fundamental_i;municipal;ativa;geral;nao;RUA GASPAR SILVEIRA MARTINS, 166 LT. 03 E 04. CAPUAVA. 74450-370 Goiânia - GO.
52097064;ESCOLA MUNICIPAL PROFESSORA DALKA LELES;-16.54945630;-49.26938160;infantil|fundamental_i|fundamental_ii;municipal;ativa;geral;nao;RUA OM 21, QD. APM-07 LT. APM. RESIDENCIAL ORLANDO MORAIS. 74693-036 Goiânia - GO.
52037169;ESCOLA MUNICIPAL PROFESSORA DEUSHAYDES RODRIGUES DE OLIVEIRA;-16.70563340;-49.32309640;infantil|fundamental_i|fundamental_ii;municipal;ativa;geral;nao;RUA CP 26, 165 AREA PUBLICA. LOTEAMENTO CELINA PARK. 74373-240 Goiânia - GO.
52214354;ESCOLA MUNICIPAL PROFESSORA MARIA NOSIDIA PALMEIRAS DAS NEVES;-16.62224190;-49.30484810;fundamental_i;municipal;ativa;geral;nao;RUA ONDINA ALBERNAZ, 50 QD. AREA, LT. APM08. RESIDENCIAL BARRAVENTO. 74594-113 Goiânia - GO.
52037177;ESCOLA MUNICIPAL PROFESSORA MARILIA CARNEIRO AZEVEDO DIAS;-16.61208190;-49.21808720;fundamental_i|fundamental_ii;municipal;ativa;geral;nao;RUA GB 34, 150 QD 58. JARDIM GUANABARA III. 74683-330 Goiânia - GO.
52036618;ESCOLA MUNICIPAL PROFª EDNA DE ROURE;-16.65907400;-49.29226810;infantil|fundamental_i;municipal;ativa;geral;nao;RUA DO MERCADO, 89 QD11 LT 3. VILA IRANY. 74523-330 Goiânia - GO.
52095223;ESCOLA MUNICIPAL RENASCER;-16.77985000;-49.38847000;infantil|fundamental_i|fundamental_ii;municipal;ativa;geral;nao;RUA RC 7, COM RC-16, APM-08. RESIDENCIAL REAL CONQUISTA. 74356-710 Goiânia - GO.
52076253;ESCOLA MUNICIPAL RESIDENCIAL ITAIPU;-16.78567270;-49.36787510;fundamental_i|fundamental_ii;municipal;ativa;geral;nao;RUA RI 24, SN QD. 44 LT. AREA. RESIDENCIAL ITAIPU. 74356-010 Goiânia - GO.
52075508;ESCOLA MUNICIPAL ROTARY GOIANIA SUL;-16.61773990;-49.33564550;infantil|fundamental_i;municipal;ativa;geral;nao;RUA D, 363 QUADRA AREA. RESIDENCIAL PRIVE NORTE. 74474-410 Goiânia - GO.
52036774;ESCOLA MUNICIPAL SANTA TEREZINHA;-16.55804560;-49.24062650;infantil|fundamental_i;municipal;ativa;geral;nao;RODOVIA GO-080, S/N QUADRA CH, LOTE 82. CHACARAS BOM RETIRO. 74686-015 Goiânia - GO.
52068773;ESCOLA MUNICIPAL SEBASTIAO ARANTES;-16.72559850;-49.23881760;fundamental_i;municipal;ativa;geral;nao;RUA CARAMURU, 150 21. JARDIM DA LUZ. 74850-380 Goiânia - GO.
52100359;ESCOLA MUNICIPAL SOLAR VILLE;-16.62967020;-49.35998170;infantil|fundamental_i|fundamental_ii;municipal;ativa;geral;nao;RUA AGRONOMO JOAQUIM BATISTA, 0 APM 10. RESIDENCIAL SOLAR VILLE. 74470-535 Goiânia - GO.
52037312;ESCOLA MUNICIPAL STEPHANIA ALVES BISPO;-16.61660860;-49.34638590;fundamental_i;municipal;ativa;geral;nao;RUA TRANSVERSAL QD. 74 ENTRE RUAS VM-3 COM VMB-12, JARDIM LIBERDADE. 74475-620 Goiânia - GO.
52036790;ESCOLA MUNICIPAL TARGINO DE AGUIAR;-16.70136750;-49.32696390;fundamental_i;municipal;ativa;geral;nao;ALAMEDA CAMARA FILHO, QD - 134, LT - 16, S/N PARQUE OESTE INDUSTRIAL. 74375-150 Goiânia - GO.
52100367;ESCOLA MUNICIPAL TROPICAL VILLE;-16.65288760;-49.38126030;infantil|fundamental_i;municipal;ativa;geral;nao;RUA JR 07, 00 APM 06. LOTEAMENTO TROPICAL VILLE. 74496-145 Goiânia - GO.
52068919;ESCOLA MUNICIPAL VEREADOR CARLOS EURICO DE CAMARGO ALVES;-16.72324630;-49.36726270;infantil|fundamental_i;municipal;ativa;geral;nao;AVENIDA BACURI, 454 PARQUE SANTA RITA. 74393-370 Goiânia - GO.
52037320;ESCOLA MUNICIPAL VICENTE RODRIGUES DO PRADO;-16.65448250;-49.18987530;infantil|fundamental_i|fundamental_ii;municipal;ativa;geral;nao;RUA VIEIRA CUNHA, QD.18. PARQUE DAS AMENDOEIRAS. 74780-560 Goiânia - GO.
52036812;ESCOLA MUNICIPAL VITOR HUGO LUDWIG;-16.67507540;-49.31584660;infantil|fundamental_i;municipal;ativa;geral;nao;RUA FORMOSA, 450 QD. 37 LT. 1/5. CIDADE JARDIM. 74425-410 Goiânia - GO.
52036855;ESCOLA MUNICIPAL ZEVERA ANDREA VECCI;-16.73105090;-49.21494370;fundamental_i;municipal;ativa;geral;nao;RUA 1, 150 QD 6. CONJUNTO FABIANA. 74870-260 Goiânia - GO.
52100081;ESCOLA NAPOLITANO;-16.72611150;-49.40340182;infantil|fundamental_i;privada;ativa;geral;nao;RUA ELPIDIO RODRIGUES, 1306 RESIDENCIAL BUENA VISTA III. 74394-415 Goiânia - GO.
52034461;ESCOLA NEIO LUCIO NACIFF;-16.66202060;-49.38733680;infantil|fundamental_i;privada;ativa;geral;sim;RUA PADRE ELIEZER, 00 C19 LOTE 05,7,09 11. CONJUNTO VERA CRUZ. 74490-235 Goiânia - GO.
52033040;ESCOLA NOVA OPCAO LTDA ME;-16.66199830;-49.24019080;fundamental_i|fundamental_ii;privada;ativa;geral;nao;RUA A, 93 SETOR LESTE VILA NOVA. 74645-210 Goiânia - GO.
52086577;ESCOLA O PEQUENO APRENDIZ;-16.60464440;-49.31216700;infantil|fundamental_i;privada;ativa;geral;nao;RUA RB 6, 680 QD 17 LT 01E, 02/ 03. RESIDENCIAL RECANTO DO BOSQUE. 74474-315 Goiânia - GO.
52084191;ESCOLA PARQUE;-16.72575250;-49.22483300;infantil|fundamental_i;privada;ativa;geral;nao;RUA GAIVOTA, 52 QD.42 LT.03. PARQUE DAS LARANJEIRAS. 74855-370 Goiânia - GO.
52243354;ESCOLA PARQUE DA ALEGRIA;-16.58849000;-49.33799000;infantil|fundamental_i;privada;ativa;geral;nao;RUA BF 26, S/N QD 32 LT 13. FLORESTA. 74477-163 Goiânia - GO.
52084442;ESCOLA PIAGET;-16.71206560;-49.25768020;fundamental_i;privada;ativa;geral;nao;RUA 1025, 397 QD. 68 LT. 8/9 24/25. SETOR PEDRO LUDOVICO. 74823-100 Goiânia - GO.
52080722;ESCOLA PINGUINHO DE GENTE;-16.72609000;-49.22583000;fundamental_i|fundamental_ii;privada;ativa;geral;nao;AVENIDA DOS FLAMBOYANT, 755 PARQUE DAS LARANJEIRAS. 74855-340 Goiânia - GO.
52100057;ESCOLA POLIGONAL LTDA;-16.67729280;-49.30809590;infantil|fundamental_i|fundamental_ii;privada;ativa;geral;nao;RUA DIVINO OLIVEIRA, 346 CIDADE JARDIM. 74425-220 Goiânia - GO.
52037851;ESCOLA PROFA YOLANDA;-16.61740680;-49.22083100;infantil|fundamental_i|fundamental_ii;privada;ativa;geral;nao;RUA CAMPOS Q. 160 LTS 38/39, 430 JARDIM GUANABARA. 74675-160 Goiânia - GO.
52091317;ESCOLA PROGRESSIVO;-16.68708240;-49.31679930;fundamental_ii;privada;ativa;geral;nao;RUA DOMINGOS ABREU VIEIRA, 748 QD. 215. CIDADE JARDIM. 74423-080 Goiânia - GO.
52036995;ESCOLA ROTARY GOIANIA OESTE;-16.70602580;-49.29118900;infantil|fundamental_i;privada;ativa;geral;sim;RUA C 118, 389 QUADRA 238 LOTE 19. JARDIM AMERICA. 74255-490 Goiânia - GO.
52037207;ESCOLA SANTA RITA DE CASSIA;-16.68613080;-49.31163300;infantil|fundamental_i;privada;ativa;geral;sim;RUA DOMINGOS DE ABREU VIEIRA, 133 LT 21/22. CIDADE JARDIM. 74423-080 Goiânia - GO.
52096610;ESCOLA SEI LTDA;-16.69115720;-49.24997280;infantil|fundamental_i;privada;ativa;geral;nao;RUA 109, 308 QUADRA F 32. SETOR SUL. 74085-090 Goiânia - GO.
52080463;ESCOLA SEMENTINHA DO SABER;-16.69966000;-49.32525000;infantil|fundamental_i;privada;ativa;geral;nao;RUA AMERICO PONTES, QUADRA 60 A LOTE 24. CONJUNTO MORADA NOVA. 74423-370 Goiânia - GO.
52104150;ESCOLA SENAI JARDIM COLORADO;-16.62892000;-49.33414000;;privada;ativa;geral;nao;RUA SC 29 FTE, SN QD. 24. RESIDENCIAL JARDIM COLORADO. 74474-036 Goiânia - GO.
52091260;ESCOLA SENAI VILA CANAA;-16.69068000;-49.31251000;;privada;ativa;geral;nao;RUA PROFESSOR LAZARO COSTA, 348 VILA NOVA CANAA. 74415-420 Goiânia - GO.
52034755;ESCOLA SESI CAMPINAS;-16.67254090;-49.29588210;fundamental_ii;privada;ativa;geral;nao;RUA GERALDO NEY, 662 QD 92- A LOTE AREA. CAMPINAS. 74515-020 Goiânia - GO.
52034640;ESCOLA SESI CANAA;-16.69087580;-49.31393510;fundamental_i|fundamental_ii;privada;ativa;geral;nao;RUA PROFESSOR LAZARO COSTA, 236 VILA CANAA. 74415-420 Goiânia - GO.
52034763;ESCOLA SESI PLANALTO;-16.71374230;-49.30267250;fundamental_i|fundamental_ii;privada;ativa;geral;nao;PRACA ITAPUA, 150 QUADRA 30. JARDIM PLANALTO. 74843-420 Goiânia - GO.
52070093;ESCOLA SILVIA BUENO - ESB;-16.71462150;-49.26592300;infantil|fundamental_i;privada;ativa;geral;nao;RUA T 37, 3454 QUADRA 148 LOTE 18. SETOR BUENO. 74230-022 Goiânia - GO.
52100227;ESCOLA SOL DOURADO;-16.61028000;-49.31026000;fundamental_i|fundamental_ii;privada;ativa;geral;nao;RUA DO BOSQUE, 1.134 QD. 29 LOTE 15/16. RESIDENCIAL RECANTO DO BOSQUE. 74474-303 Goiânia - GO.
52101002;ESCOLA TIA FLAVIA;-16.68314000;-49.32744000;infantil|fundamental_i|fundamental_ii;privada;ativa;geral;nao;RUA DOUTOR PEDRO VELHO, 136 QD 36LT 10. GOIA. 74485-290 Goiânia - GO.
52103765;ESCOLA TIA SONIA;-16.66878180;-49.32975030;;privada;paralisada;geral;nao;RUA JOSE BONIFACIO, 714 Q. 26 L. 22. SAO FRANCISCO. 74455-150 Goiânia - GO.
52094391;ESCOLA VIDEIRA DE EDUCACAO;-16.70229710;-49.27641560;infantil|fundamental_i|fundamental_ii;privada;ativa;geral;nao;AVENIDA T 3, SETOR BUENO. 74210-245 Goiânia - GO.
52098184;ESCOLA VIVENCIAR;-16.67597110;-49.25036030;fundamental_i|fundamental_ii;privada;ativa;geral;nao;ALAMEDA DO BOTAFOGO, 282 SETOR CENTRAL. 74030-020 Goiânia - GO.
52106861;ESCOLA ZENAS;-16.64843964;-49.34497712;infantil|fundamental_i;privada;ativa;geral;nao;AVENIDA EPHRAIM DE MORAIS, 627 Q. 80 L. 02. SETOR SANTOS DUMONT. 74463-400 Goiânia - GO.
52089193;EXPOVEST JUNIOR EDUCACAO PRE-ESCOLAR LTDA;-16.71213000;-49.29980000;infantil|fundamental_i;privada;ativa;geral;nao;RUA MONTE CASTELO, 142 JARDIM PLANALTO. 74333-200 Goiânia - GO.
52188388;FRACTAL CENTRO DE EDUCACAO E ENSINO;-16.71143450;-49.30302000;fundamental_ii;privada;ativa;geral;nao;AVENIDA T 9 COM RUA U-42, 4586 QD.22 LT.14 A 16. JARDIM PLANALTO. 74333-010 Goiânia - GO.
52102041;FRACTAL CENTRO DE EDUCACAO INFANTIL KIDS II SUDOESTE LTDA - ME;-16.69463860;-49.29546450;infantil|fundamental_i|fundamental_ii;privada;ativa;geral;nao;RUA C 54, 45 Q. 74 L. 10,11,16,17. SETOR SUDOESTE. 74305-330 Goiânia - GO.
52100120;FRACTAL CENTRO DE EDUCACAO INFANTIL LTDA-ME;-16.68132396;-49.31628475;infantil|fundamental_i;privada;ativa;geral;nao;RUA SANTA ROSA, 292 QD AREA. CIDADE JARDIM. 74423-580 Goiânia - GO.
52037045;IFG - CAMPUS GOIANIA;-16.66602064;-49.25508369;;federal;ativa;geral;nao;RUA 75, 46 SETOR CENTRAL. 74055-110 Goiânia - GO.
52100162;INSTITUICAO DE ENSINO CHARLES BABBAGE;-16.67649330;-49.26072540;;privada;paralisada;geral;nao;AVENIDA TOCANTINS, 450 QD.21 LT.56. SETOR CENTRAL. 74015-010 Goiânia - GO.
52270378;INSTITUTO ANIMA DE EDUCACAO LTDA;-16.67738000;-49.28193000;infantil|fundamental_i|fundamental_ii;privada;ativa;geral;nao;RUA 246, 311 QUADRA 57. SETOR COIMBRA. 74535-170 Goiânia - GO.
52102394;INSTITUTO DE EDUCACAO EM ARTES PROFESSOR GUSTAV RITTER;-16.66564877;-49.29372931;;estadual;ativa;geral;nao;AV MARECHAL DEODORO DA FONSECA, 237 SETOR CAMPINAS. 74520-040 Goiânia - GO.
52038033;INSTITUTO EDUCACIONAL EMMANUEL DA IEC;-16.68633280;-49.25638790;infantil|fundamental_i|fundamental_ii;privada;ativa;geral;sim;AVENIDA CORA CORALINA, 407 SETOR SUL. 74080-445 Goiânia - GO.
52038122;INSTITUTO JOANA D ARC;-16.66120000;-49.27162000;;privada;paralisada;geral;nao;RUA 9, 210 QUADRA 30 LOTE 7/11. SETOR MARECHAL RONDON. 74560-380 Goiânia - GO.
52038130;INSTITUTO MARIA AUXILIADORA;-16.69105000;-49.25263000;infantil|fundamental_i|fundamental_ii;privada;ativa;geral;nao;PRACA COMENDADOR GERMANO RORIZ, 275 LOTE AREA. SETOR SUL. 74093-320 Goiânia - GO.
52038149;INSTITUTO PRESBITERIANO DE EDUCACAO;-16.69532474;-49.27651718;infantil|fundamental_i|fundamental_ii;privada;ativa;geral;nao;AVENIDA T 1, 1008 SETOR BUENO. 74210-045 Goiânia - GO.
52038106;INSTITUTO SANTO TOMAS DE AQUINO;-16.66936000;-49.26273000;infantil|fundamental_i|fundamental_ii;privada;ativa;geral;nao;RUA 55, 922 QD 120. SETOR CENTRAL. 74045-040 Goiânia - GO.
52080102;IPEC - INSTITUTO PEDAGOGICO DE EDUCACAO E CULTURA;-16.67312850;-49.26988470;;privada;paralisada;geral;nao;RUA 18 A, 575 SETOR AEROPORTO. 74070-060 Goiânia - GO.
52080730;LAR ESPIRITA FRANCISCA DE LIMA;-16.68657504;-49.25599052;infantil;privada;ativa;geral;sim;RUA 84 C TRAVESSA BEZERRA DE MENESES, 103 SETOR SUL. 74080-350 Goiânia - GO.
52088146;NUCLEO EDUCACIONAL MAE DOLOROSA;-16.66080327;-49.19364226;infantil;privada;ativa;geral;sim;AVENIDA ANAPOLIS, 1104 QD AREA, LT AREA. VILA MATILDE. 74780-570 Goiânia - GO.
52038238;ORIENTAR CENTRO EDUCACIONAL;-16.61949330;-49.29875850;infantil|fundamental_i|fundamental_ii;privada;ativa;geral;nao;AVENIDA MARIA PESTANA, Nº 2.055 QD 67 LTS 14 A 16. JARDIM BALNEARIO MEIA PONTE. 74593-410 Goiânia - GO.
52080110;PRIMEIRA INFANCIA COMUNIDADE EDUCACIONAL LTDA;-16.71169000;-49.28269000;infantil|fundamental_i|fundamental_ii;privada;ativa;geral;nao;RUA C 136, 636 QUADRA 291 LOTE 13. JARDIM AMERICA. 74275-050 Goiânia - GO.
52038262;SEG SISTEMA EDUCACIONAL DE GOIANIA LTDA;-16.71808078;-49.26765300;fundamental_ii;privada;ativa;geral;nao;RUA T 65, 1011 SETOR BUENO. 74230-120 Goiânia - GO.
52091368;SENAC - CENTRO DE EDUCACAO PROFISSIONAL ELIAS BUFAICAL;-16.67480000;-49.27242000;;privada;ativa;geral;nao;RUA 31 A, 43 SETOR AEROPORTO. 74075-470 Goiânia - GO.
52087433;SERVICO SOCIAL DO COMERCIO - CENTRO DE ATIVIDADES NO SETOR UNIVERSITARIO;-16.67546000;-49.23974000;infantil;privada;ativa;geral;nao;AVENIDA UNIVERSITARIA, 1749 SETOR LESTE UNIVERSITARIO. 74610-100 Goiânia - GO.
52075818;SISTEMA GOYASES DE ENSINO E CULTURA LTDA;-16.69129210;-49.20911080;infantil|fundamental_i;privada;ativa;geral;nao;RUA PLANALTO, 270 CONJUNTO RIVIERA. 74730-080 Goiânia - GO.
52088944;STUDIUM ENSINO FUNDAMENTAL;-16.69442340;-49.26525320;;privada;paralisada;geral;nao;RUA 30, 59 SETOR MARISTA. 74150-100 Goiânia - GO.
52108406;SUPERINTENDENCIA DA ESCOLA DE SAUDE DE GOIAS;-16.73166640;-49.24217540;;estadual;paralisada;geral;nao;RUA 26, 521 JARDIM SANTO ANTONIO. 74853-070 Goiânia - GO.
52080200;UNIAO DAS PIONEIRAS DE GOIANIA;-16.66843700;-49.21413090;infantil;privada;ativa;geral;sim;RUA BOGOTA, 700 QD. 206 LTS 27 E 28. JARDIM NOVO MUNDO. 74705-100 Goiânia - GO.
