codigo_inep;nome;latitude;longitude;ciclo;rede;situacao;atendimento;conveniada;endereco
31247634;AME - ASSISTENCIA AO MENOR ESPECIALIZADA;-19.88101000;-43.93092000;;privada;paralisada;geral;nao;RUA MAURA, 479 IPIRANGA. 31160-260 Belo Horizonte - MG.
31252751;APAE ESCOLA OFICINA SOFIA ANTIPOFF;-19.91707000;-43.92423000;fundamental_i|fundamental_ii;privada;ativa;exclusivo_deficiencia;sim;RUA CRISTAL, 78 CASA. SANTA TEREZA. 31010-110 Belo Horizonte - MG.
31329541;AQUARELA CENTRO DE EDUCACAO;-19.87877460;-43.99575380;infantil|fundamental_i;privada;ativa;geral;nao;RUA CASTELO DE LAMEGO, 510 CASTELO. 31330-130 Belo Horizonte - MG.
31308561;ASKE ASSISTENCIA SOCIAL KENNEDY;-19.91080467;-44.02238754;infantil;privada;ativa;geral;sim;RUA ALINE, 907 PINDORAMA. 30880-400 Belo Horizonte - MG.
31290131;ASSOC ASSIST CAMINHO DA LUZ;-19.82785000;-43.97352000;;privada;extinta;geral;nao;RUA MANOEL CESARIO FRANCO, 107 SANTA MONICA. 31530-030 Belo Horizonte - MG.
31375543;ASSOCIACAO ARCO ENCANTADO;-19.81925500;-44.00193667;infantil;privada;ativa;geral;sim;RUA RADIALISTA MARIO MARCOS, 49 CEU AZUL. 31578-620 Belo Horizonte - MG.
31379808;ASSOCIACAO BENEFICENTE AMIGOS DO MUNDO CRIANCA;-19.88672333;-43.90239500;infantil;privada;ativa;geral;sim;RUA PORTO SEGURO, 505 NOVA VISTA. 31070-130 Belo Horizonte - MG.
31314757;ASSOCIACAO BENEFICENTE CANTINHO DO BEBE;-19.93793459;-43.91515022;infantil;privada;ativa;geral;sim;RUA SACRAMENTO, 49 CRECHE. SERRA. 30220-420 Belo Horizonte - MG.
31247600;ASSOCIACAO COMUNIDADE ESCOLA COMUMVIVER;-19.93047780;-43.94898300;;privada;extinta;geral;nao;AVENIDA BARBACENA, 1.477 SANTO AGOSTINHO. 30190-131 Belo Horizonte - MG.
31282341;ASSOCIACAO COMUNITARIA DA VILA PRESIDENTE VARGAS;-19.87074230;-43.89849640;infantil;privada;ativa;geral;sim;BECO UM, 45 R. TIZIU. GOIANIA. 31950-142 Belo Horizonte - MG.
31330787;ASSOCIACAO DA ESCOLINHA INFANTIL PEDACINHO DO CEU;-19.93638167;-43.91115667;infantil;privada;ativa;geral;sim;RUA BELA VISTA, 31 CRECHE. SANTANA DO CAFEZAL. 30250-010 Belo Horizonte - MG.
31320544;ASSOCIACAO DAS OBRAS PAVONIANAS;-19.94830833;-43.95023833;infantil;privada;ativa;geral;sim;RUA DIAS DE TOLEDO, 99 CORACAO DE JESUS. 30380-670 Belo Horizonte - MG.
31308854;ASSOCIACAO DINAMICAS;-19.94405000;-43.96781000;infantil;privada;ativa;geral;sim;RUA INDUSTRIAL JOSE COSTA, 745 NOVA GRANADA. 30431-330 Belo Horizonte - MG.
31332381;ASSOCIACAO ESPIRITA CRISTA LAR DA FRATERNIDADE;-19.95319000;-43.99978000;infantil;privada;ativa;geral;sim;RUA ESTRELA DA JORDANIA, 171 VISTA ALEGRE. 30518-030 Belo Horizonte - MG.
31347043;ASSOCIACAO INSTITUTO INTEGRA;-19.86507614;-43.91917747;infantil;privada;ativa;geral;nao;RUA MOREIRA, 80 PIRAJA. 31910-720 Belo Horizonte - MG.
31308790;ASSOCIACAO MANTENEDORA DA CRECHE VO ANGELINA;-19.93755755;-43.96512094;infantil;privada;ativa;geral;sim;RUA ALVES PINTO, 66 GRAJAU. 30431-206 Belo Horizonte - MG.
31210285;ASSOCIACAO PADRE ANGELICO LIPANI;-19.81735590;-43.95395190;infantil|fundamental_i|fundamental_ii;privada;ativa;geral;nao;RUA PADRE PEDRO PINTO, 476 PREDIO. VENDA NOVA. 31610-000 Belo Horizonte - MG.
31356034;ASSOCIACAO TREM DA ALEGRIA;-19.87908038;-44.00450148;infantil;privada;ativa;geral;sim;AVENIDA ALTAMIRO AVELINO SOARES, 1166 CASTELO. 31330-000 Belo Horizonte - MG.
31309010;BABY CENTER;-19.89588000;-44.00738000;;privada;extinta;geral;nao;RUA UIRAPIANA, 122 CASA. ALIPIO DE MELO. 30830-460 Belo Horizonte - MG.
31376167;BALAO AMARELO;-19.81281333;-43.98634500;infantil;privada;ativa;geral;sim;RUA BEATRIZ, 227 VISCONDE DO RIO BRANCO. 31535-400 Belo Horizonte - MG.
31371858;BERNOULLI GO;-19.94239132;-43.94194371;infantil|fundamental_i;privada;ativa;geral;nao;RUA CARANGOLA, 333 SANTO ANTONIO. 30330-240 Belo Horizonte - MG.
31004146;C DE EDUC INF ALGODAO DOCE;-19.92716570;-43.91809210;;privada;extinta;geral;nao;RUA JUIZ COSTA VAL, 183 SANTA EFIGENIA. 30240-350 Belo Horizonte - MG.
31298841;C EDUC CIA DO VERDE;-19.95162000;-43.92576000;infantil;privada;ativa;geral;nao;RUA BAMBUI, 1040 CRUZEIRO. 30310-320 Belo Horizonte - MG.
31247596;C EDUC ESP SERGIO F PACHECO;-19.83443000;-43.93128000;fundamental_i;privada;ativa;exclusivo_deficiencia;nao;RUA JOSE FERREIRA MAGALHAES, 341 FLORAMAR. 31742-093 Belo Horizonte - MG.
31246476;C EDUC PES NO CHAO LTDA;-19.91798000;-43.99416000;infantil|fundamental_i;privada;ativa;geral;nao;RUA ANGORITABA, 17 DOM CABRAL. 30535-026 Belo Horizonte - MG.
31360589;CANGURU CENTRO DE EDUCACAO INFANTIL;-19.85320239;-43.96544864;infantil;privada;ativa;geral;nao;AVENIDA SANTA ROSA, 756 SAO LUIZ. 31275-260 Belo Horizonte - MG.
31365297;CASA DA CRIANCA SANTO ANTONIO;-19.92020456;-44.00831513;infantil;privada;ativa;geral;sim;RUA DAS VIOLAS, 605 CASA. CALIFORNIA. 30850-520 Belo Horizonte - MG.
31340740;CASA DOS QUADRINHOS ESCOLA DE ARTES;-19.92773000;-43.93664000;;privada;ativa;geral;nao;AVENIDA JOAO PINHEIRO, 277 CASA. CENTRO. 30130-180 Belo Horizonte - MG.
31308552;CASA ESPIRITA URBANO;-19.87473931;-43.89990161;infantil;privada;ativa;geral;sim;RUA VERA LUCIA PEREIRA, 133 GOIANIA. 31950-060 Belo Horizonte - MG.
31375551;CASA FELIX;-19.83318696;-43.91134786;infantil;privada;ativa;geral;sim;RUA CANTORA MAYSA, 30 CASA. LAJEDO. 31846-270 Belo Horizonte - MG.
31356018;CATA-VENTO - ESCOLA INFANTIL SOL LTDA;-19.94277040;-43.94598200;infantil;privada;ativa;geral;nao;RUA PAULO AFONSO, 677 CASA. SANTO ANTONIO. 30350-142 Belo Horizonte - MG.
31369918;CEC - CENTRO DE ENSINO DO CASTELO;-19.87964766;-43.99791523;infantil|fundamental_i|fundamental_ii;privada;ativa;geral;nao;AVENIDA MIGUEL PERRELA, 309 CASTELO. 31330-290 Belo Horizonte - MG.
31353515;CEDEC - CENTRO DE EDUCACAO E DESENVOLVIMENTO DA CRIANCA;-19.81046000;-43.95619000;infantil;privada;ativa;geral;nao;RUA JOSE ANSELMO NASCIMENTO, 276 MINASCAIXA. 31610-360 Belo Horizonte - MG.
31306690;CEFEMG - CENTRO DE FORMACAO EM ENFERMAGEM DE MINAS GERAIS;-19.91933860;-43.94166190;;privada;paralisada;geral;sim;RUA CURITIBA, 786 10º ANDAR. CENTRO. 30170-120 Belo Horizonte - MG.
31344605;CEI - CENTRO DE EDUCACAO INFANTIL;-19.80302130;-43.99373610;;privada;extinta;geral;nao;RUA ANTONIO BRIGIO PINTO, 40 MARIA HELENA. 31680-150 Belo Horizonte - MG.
31314773;CEIA - CENTRO INTEGRADO ANDREIA AZEVEDO;-19.90442361;-43.97608297;infantil;privada;ativa;geral;nao;RUA ATLANTIDA, 387 CAICARA-ADELAIDE. 30720-590 Belo Horizonte - MG.
31257427;CEMAR -CENTRO EDUCACIONAL MARIO RABELO- UNIDADE I;-19.90028010;-44.02338330;infantil|fundamental_i;privada;ativa;geral;nao;RUA TACIBA, 326 COQUEIROS. 30881-040 Belo Horizonte - MG.
31332267;CENTOS C EDUC NOVOS TALENTOS;-19.87227000;-43.92826000;infantil;privada;ativa;geral;nao;RUA JOSE BARSAND DE LEUCAS, 600 PALMARES. 31160-530 Belo Horizonte - MG.
31355941;CENTRO COMUNITARIO DE EDUCACAO INFANTIL INSTITUTO TIA LUCIA;-19.98948530;-44.02695860;infantil;privada;ativa;geral;sim;RUA JERIBA, 188 OLARIA BARREIRO. 30660-360 Belo Horizonte - MG.
31373427;CENTRO COMUNITARIO DE EDUCACAO LAGOINHA;-19.80371553;-43.99636200;infantil;privada;ativa;geral;sim;RUA SAO CRISTOVAO, 48 LAGOINHA LEBLON VENDA NOVA. 31575-090 Belo Horizonte - MG.
31281824;CENTRO COMUNITARIO INFANTIL CAMINHANDO COM JESUS DO BAIRRO CAMARGOS;-19.94342480;-44.02211730;infantil;privada;ativa;geral;sim;RUA JOSE MOREIRA MOTA, 577 CAMARGOS. 30520-380 Belo Horizonte - MG.
31308919;CENTRO CRISTAO EVANGELICO EDUCACIONAL;-19.90433489;-43.98547355;infantil;privada;ativa;geral;sim;RUA ALIPIO DE MELO, 774 CASA. JARDIM MONTANHES. 30750-010 Belo Horizonte - MG.
31343684;CENTRO CRISTAO EVANGELICO EDUCACIONAL;-19.89292850;-43.99072322;infantil;privada;ativa;geral;sim;RUA FLOR DGUA, 681 JARDIM ALVORADA. 30810-310 Belo Horizonte - MG.
31296791;CENTRO DE APOIO ESCOLAR CASINHA FELIZ;-19.83225000;-43.93256000;;privada;extinta;geral;nao;RUA PAULO KRUGER MOURAO, 34 CASA. JARDIM GUANABARA. 31742-150 Belo Horizonte - MG.
31282278;CENTRO DE EDUCACAO COMUNITARIA SAGRADO CORACAO JESUS;-19.85461000;-43.89931000;infantil;privada;ativa;geral;sim;RUA MARIO MACHADO, 69 NAZARE. 31990-000 Belo Horizonte - MG.
31332020;CENTRO DE EDUCACAO ELO;-19.82688000;-43.93728000;infantil|fundamental_i|fundamental_ii;privada;ativa;geral;nao;RUA SEBASTIAO CARDOSO ANTOLIN, 222 CASA. JARDIM GUANABARA. 31742-316 Belo Horizonte - MG.
31299774;CENTRO DE EDUCACAO INFANTIL CANTINHO FELIZ;-19.92122000;-43.91707000;infantil;privada;ativa;geral;nao;RUA EXPEDICIONARIO NILO SEABRA, 00 00. SANTA EFIGENIA. 30260-090 Belo Horizonte - MG.
31308722;CENTRO DE EDUCACAO INFANTIL CASA DA CRIANCA;-19.93825570;-43.91102716;infantil;privada;ativa;geral;sim;RUA CARLOS ETIENE DE CASTRO, 33 CS. SERRA. 30220-360 Belo Horizonte - MG.
31281841;CENTRO DE EDUCACAO INFANTIL JOAO PAULO II;-19.94060756;-43.97774297;infantil;privada;ativa;geral;sim;RUA MAQUINE, 86 CASA. SALGADO FILHO. 30550-176 Belo Horizonte - MG.
31353809;CENTRO DE EDUCACAO INFANTIL LAPIS DE COR;-19.93912000;-44.01751000;;privada;paralisada;geral;nao;RUA DEPUTADO JOAQUIM MARIANO, 30 CAMARGOS. 30525-420 Belo Horizonte - MG.
31289566;CENTRO DE EDUCACAO INFANTIL LUCINDA ALVAREZ DE OLIVEIRA LEITE;-19.89368000;-43.89001000;infantil;privada;ativa;geral;sim;RUA MADRE ISABEL TEJERO, 100 CJ.MARIANO DE ABREU. BOA VISTA. 31050-320 Belo Horizonte - MG.
31348023;CENTRO DE EDUCACAO INFANTIL MARIA FLORIPES;-19.98019000;-44.04604000;infantil;privada;ativa;geral;sim;RUA IVALDIR ALVES PEDROSA, 313 LINDEIA BARREIRO. 30690-180 Belo Horizonte - MG.
31356417;CENTRO DE EDUCACAO INFANTIL PROFESSORA MARIA LUCIA HANNAS;-19.84037079;-44.01032040;infantil;privada;ativa;geral;sim;RUA COPENHAGUE, 500 TREVO. 31370-240 Belo Horizonte - MG.
31281484;CENTRO DE EDUCACAO INFANTIL SANTA CLARA CESCLAR;-20.00459167;-44.02331500;infantil;privada;ativa;geral;sim;AVENIDA PERIMETRAL, 1301 VILA PINHO VALE DO JATOBA BARREIRO. 30670-195 Belo Horizonte - MG.
31281409;CENTRO DE EDUCACAO INFANTIL SAO FRANCISCO;-19.91455000;-43.96124000;infantil;privada;ativa;geral;sim;RUA ESPINOSA, 1007 CARLOS PRATES. 30710-320 Belo Horizonte - MG.
31333964;CENTRO DE EDUCACAO INFANTIL TEMPO DE DESCOBRIR;-19.89965000;-44.02562000;;privada;paralisada;geral;nao;RUA MONSENHOR JOAO MARTINS, 1057 COQUEIROS. 30881-004 Belo Horizonte - MG.
31355976;CENTRO DE EDUCACAO INFANTIL ZELIA ALEIXO;-19.92188789;-43.92724212;infantil;privada;ativa;geral;sim;AVENIDA BERNARDO MONTEIRO, 390 PREDIO. SANTA EFIGENIA. 30150-280 Belo Horizonte - MG.
31331791;CENTRO DE EDUCACAO JARDIM DA BOA SEMENTE;-19.94130170;-43.95299330;infantil|fundamental_i;privada;ativa;geral;nao;RUA CESAR CAMPOS, 55 CIDADE JARDIM. 30380-180 Belo Horizonte - MG.
31364282;CENTRO DE EDUCACAO PROFISSIONAL SENAC - PLUGMINAS;-19.80175540;-43.97159520;;privada;paralisada;geral;nao;RUA SANTO AGOSTINHO, 1441 HORTO. 31035-480 Belo Horizonte - MG.
31292567;CENTRO DE EDUCACAO TECNOLOGICA NOVO RUMO;-19.91926690;-43.93511840;;privada;paralisada;geral;nao;AVENIDA DOS ANDRADAS, 485 CENTRO. 30120-010 Belo Horizonte - MG.
31299278;CENTRO DE EDUCAO INFANTIL NOSSA ESCOLA LTDA;-19.92971000;-43.98121000;infantil;privada;ativa;geral;nao;RUA ZURICK, 505 NOVA SUISSA. 30421-060 Belo Horizonte - MG.
31363790;CENTRO DE ENSINO GRAU TECNICO - UNIDADE BELO HORIZONTE;-19.92344167;-43.93742582;;privada;ativa;geral;sim;RUA DOS GOITACAZES, 15 1º, 2º E 3º ANDAR. CENTRO. 30190-050 Belo Horizonte - MG.
31371041;CENTRO DE ENSINO GRAU TECNICO BH - UNIDADE III;-19.92318022;-43.93784515;;privada;ativa;geral;sim;RUA DOS GOITACAZES, 76 CENTRO. 30190-050 Belo Horizonte - MG.
31368440;CENTRO DE ENSINO TECNICO DE MINAS GERAIS - CETEMG;-19.91933430;-43.94163280;;privada;paralisada;geral;nao;RUA CURITIBA, 786 5º ANDAR. CENTRO. 30170-120 Belo Horizonte - MG.
31280526;CENTRO DE FORMACAO ARTISTICA - CEFAR FUNDACAO CLOVIS SALGADO;-19.92579000;-43.93353000;;privada;ativa;geral;nao;AVENIDA AFONSO PENA, 1537 CENTRO. 30130-004 Belo Horizonte - MG.
31342769;CENTRO DE FORMACAO PROFISSIONAL PAULO CESAR DIAS DE SOUZA;-19.91886000;-43.93720000;;privada;ativa;geral;nao;RUA DOS CARIJOS, 244 14º ANDAR. CENTRO. 30120-060 Belo Horizonte - MG.
31353132;CENTRO DE FORMACAO TECNOLOGICA DE MINAS GERAIS;-19.91990000;-43.93096000;;privada;paralisada;geral;nao;RUA AQUILES LOBO, 524 SANTA TERESA. 30150-160 Belo Horizonte - MG.
31356107;CENTRO EDUCACIONAL ALFABETO;-19.87267584;-43.98400974;infantil|fundamental_i;privada;ativa;geral;nao;RUA DESEMBARGADOR PEDRO LICINIO, 165 OURO PRETO. 31310-650 Belo Horizonte - MG.
31289922;CENTRO EDUCACIONAL ALICERCE PARA A VIDA;-19.81419000;-43.96149000;infantil;privada;ativa;geral;sim;RUA PADRE PEDRO PINTO, 1251 VENDA NOVA. 31510-000 Belo Horizonte - MG.
31309478;CENTRO EDUCACIONAL ARCA DE NOE;-19.98295000;-43.99821000;;privada;extinta;geral;nao;RUA PITOMBA, 500 ARAGUAIA. 30620-600 Belo Horizonte - MG.
31331864;CENTRO EDUCACIONAL ARCA DE NOE;-19.88772000;-43.89974000;infantil|fundamental_i;privada;ativa;geral;nao;RUA PADRE GUILHERME, 49 NOVA VISTA. 31070-040 Belo Horizonte - MG.
31371343;CENTRO EDUCACIONAL CAMINHANDO PARA O SABER;-19.96803438;-43.98033326;infantil;privada;ativa;geral;nao;AVENIDA RAUL MOURAO GUIMARAES, 315 CASA. PALMEIRAS. 30575-400 Belo Horizonte - MG.
31267490;CENTRO EDUCACIONAL CARLOS PRATES - CECAP;-19.91549000;-43.95107000;;privada;extinta;geral;nao;RUA TRAIRAS, 140 CARLOS PRATES. 30710-130 Belo Horizonte - MG.
31244465;CENTRO EDUCACIONAL DE FORMACAO INFANTIL LTDA;-19.89236000;-43.93764000;infantil;privada;ativa;geral;nao;RUA HELIUM, 201 CASA. NOVA FLORESTA. 31140-280 Belo Horizonte - MG.
31309753;CENTRO EDUCACIONAL EFIGENIA TOBIAS;-19.82799750;-43.95126270;fundamental_i|fundamental_ii;privada;ativa;geral;nao;AVENIDA DOUTOR CRISTIANO GUIMARAES, 755 PLANALTO. 31720-300 Belo Horizonte - MG.
31360694;CENTRO EDUCACIONAL ESPACO DO SABER;-19.94318400;-43.94444020;infantil|fundamental_i;privada;ativa;geral;nao;RUA LUDGERO DOLABELA, 127 GUTIERREZ. 30441-051 Belo Horizonte - MG.
31297798;CENTRO EDUCACIONAL ICM;-19.84538000;-43.93917000;infantil|fundamental_i|fundamental_ii;privada;ativa;geral;nao;RUA OSMAR COSTA, 520 HELIOPOLIS. 31741-500 Belo Horizonte - MG.
31326674;CENTRO EDUCACIONAL IZA RIZZOTTI;-19.83666000;-43.95472000;infantil;privada;ativa;geral;nao;RUA MANOEL LOPES COELHO, 30 ITAPOA. 31710-530 Belo Horizonte - MG.
31362662;CENTRO EDUCACIONAL JOAO DEMICHELI;-19.88631587;-43.95853117;infantil|fundamental_i;privada;ativa;geral;nao;RUA LAGINHA, 38 ERMELINDA. 31250-300 Belo Horizonte - MG.
31257869;CENTRO EDUCACIONAL MARILDA ABREU;-19.93775587;-43.93217220;infantil;privada;ativa;geral;nao;RUA TOME DE SOUZA, 567 CASA. FUNCIONARIOS. 30140-130 Belo Horizonte - MG.
31006629;CENTRO EDUCACIONAL MINEIRO;-19.89221000;-44.01004000;infantil|fundamental_i|fundamental_ii;privada;ativa;geral;nao;AV. ABILIO MACHADO, 4020 RESSACA. 30881-310 Belo Horizonte - MG.
31325317;CENTRO EDUCACIONAL NOVO PROGRESSO;-19.84360000;-43.93031000;infantil|fundamental_i|fundamental_ii;privada;ativa;geral;nao;RUA IMBARE, 258 GUARANI. 31840-190 Belo Horizonte - MG.
31330973;CENTRO EDUCACIONAL PAQUETA;-19.87073530;-43.99297638;infantil|fundamental_i;privada;ativa;geral;nao;RUA MARIA CANDIDA DE JESUS, 250/262 PAQUETA. 31330-460 Belo Horizonte - MG.
31343102;CENTRO EDUCACIONAL PE DE MOLEQUE;-19.83656000;-44.01137000;infantil|fundamental_i;privada;ativa;geral;nao;RUA CARLOS LACERDA, 262 TREVO. 31545-170 Belo Horizonte - MG.
31297453;CENTRO EDUCACIONAL PIAGET;-19.94450365;-43.97884229;infantil|fundamental_i;privada;ativa;geral;nao;RUA MAQUINE, 585 CASA. SALGADO FILHO. 30550-176 Belo Horizonte - MG.
31006165;CENTRO EDUCACIONAL PIO XII;-19.92833148;-43.95725889;infantil|fundamental_i|fundamental_ii;privada;ativa;geral;nao;AV. CONTORNO, 8902 SANTO AGOSTINHO. 30110-062 Belo Horizonte - MG.
31278297;CENTRO EDUCACIONAL PLAFT;-19.86689000;-44.00419000;infantil|fundamental_i;privada;ativa;geral;nao;RUA ITATIAIUCU, 115 SANTA TEREZINHA. 31365-270 Belo Horizonte - MG.
31290254;CENTRO EDUCACIONAL PROFESSOR ESTEVAO PINTO;-19.93841000;-43.92178000;infantil;privada;ativa;geral;sim;RUA DONA CECILIA, 340 SERRA. 30220-070 Belo Horizonte - MG.
31262242;CENTRO EDUCACIONAL RENOVAR;-19.94776000;-43.97075000;;privada;extinta;geral;nao;RUA LINDOLFO DE AZEVEDO, 1833 JARDIM AMERICA. 30421-480 Belo Horizonte - MG.
31007251;CENTRO EDUCACIONAL ROGEDO;-19.93592400;-43.95699580;fundamental_ii;privada;ativa;geral;nao;RUA ALMIRANTE ALEXANDRINO, 470 GUTIERREZ. 30441-082 Belo Horizonte - MG.
31258181;CENTRO EDUCACIONAL TRANSMUTARE;-19.93255770;-43.95960875;infantil;privada;ativa;geral;nao;ANDRE CAVALCANTI, 625 GUTIERREZ. 30441-025 Belo Horizonte - MG.
31347990;CENTRO EDUCACIONAL TRILHA DO SABER;-19.90062000;-43.91731000;;privada;extinta;geral;nao;RUA SAO MATEUS, 384 SAGRADA FAMILIA. 31035-330 Belo Horizonte - MG.
31289868;CENTRO EDUCATIVO COMUNITARIO ISRAEL PINHEIRO;-19.91080000;-43.88938000;infantil;privada;ativa;geral;sim;RUA GENERAL OSORIO, 1390 ALTO VERA CRUZ. 30285-320 Belo Horizonte - MG.
31245488;CENTRO FEDERAL DE EDUCACAO TECNOLOGICA DE MINAS GERAIS;-19.93041290;-43.97829470;;federal;ativa;geral;nao;AVENIDA AMAZONAS, 5253 NOVA SUICA. 30421-169 Belo Horizonte - MG.
31299707;CENTRO INFANTIL BERENICE CATAO DE MAGALHAES PINTO;-19.89892152;-43.91910278;infantil;privada;ativa;geral;sim;RUA SAO ROQUE, 1150 SAGRADA FAMILIA. 31035-460 Belo Horizonte - MG.
31257508;CENTRO INFANTIL CABANA;-19.94572000;-43.99837000;infantil;privada;ativa;geral;sim;RUA JOAO PIRES, 455 JARDINOPOLIS. 30510-540 Belo Horizonte - MG.
31289876;CENTRO INFANTIL CAMINHO DO CEU;-19.91966217;-43.88072505;infantil;privada;ativa;geral;sim;RUA ALAIR PEREIRA DA SILVA, 205 CONJUNTO TAQUARIL. 30290-580 Belo Horizonte - MG.
31348015;CENTRO INFANTIL CHICO XAVIER;-19.94596100;-43.94188310;;privada;paralisada;geral;nao;RUA LEOPOLDINA, 695 SANTO ANTONIO. 30330-230 Belo Horizonte - MG.
31308781;CENTRO INFANTIL COMUNITARIO DE EDUCACAO CRIARTE;-19.82212000;-43.98002000;infantil;privada;ativa;geral;sim;RUA CLELIA, 231 SANTA MONICA. 31530-530 Belo Horizonte - MG.
31364983;CENTRO INFANTIL DONA LUZIA CEDRO;-19.81183990;-43.97161460;infantil;privada;ativa;geral;nao;RUA PEDRA DA LUA, 200 CANDELARIA. 31510-210 Belo Horizonte - MG.
31299740;CENTRO INFANTIL ELISA DUQUE DE CATAO;-19.93023623;-44.00085665;infantil;privada;ativa;geral;sim;RUA CRUZ ALTA, 540 JOAO PINHEIRO. 30530-150 Belo Horizonte - MG.
31308749;CENTRO INFANTIL GABRIELA DINELLI;-19.96438540;-43.98530280;;privada;paralisada;geral;nao;RUA FERNANDO CANDIDO DE SOUZA, 243 ESTRELA DO ORIENTE. 30580-180 Belo Horizonte - MG.
31299731;CENTRO INFANTIL GUIOMAR SCHMIDT SANCHES;-19.93907025;-43.99712725;infantil;privada;ativa;geral;sim;RUA GASTAO BRAULIO DOS SANTOS, 801 NOVA GAMELEIRA. 30510-120 Belo Horizonte - MG.
31004081;CENTRO INFANTIL LAR FELIZ;-19.98509000;-44.03288000;infantil;privada;ativa;geral;sim;RUA MADRE PAULINA, 64 ESCOLA. DIAMANTE. 30660-630 Belo Horizonte - MG.
31289990;CENTRO INFANTIL MOVIMENTO DE PROMOCAO SOCIAL;-19.89710113;-43.89290437;infantil;privada;ativa;geral;sim;RUA ARAPARI, 470 CRECHE. MARIANO DE ABREU. 31050-540 Belo Horizonte - MG.
31329339;CENTRO INFANTIL NOSSA SENHORA MENINA;-19.91973000;-43.88225000;infantil;privada;ativa;geral;sim;RUA GIL EANES, 77 TAQUARIL. 30290-120 Belo Horizonte - MG.
31289884;CENTRO INFANTIL PUPILEIRA ERNANI AGRICOLA;-19.89840167;-43.91541500;infantil;privada;ativa;geral;sim;RUA SAO JOAQUIM, 1177 CRECHE. SAGRADA FAMILIA. 31035-470 Belo Horizonte - MG.
31282499;CENTRO INFANTIL SAO FRANCISCO DE ASSIS;-19.86904000;-43.97851000;infantil;privada;ativa;geral;sim;AVENIDA EXPEDICIONARIO BENVINDO BELEM DE LIMA, 730 CS. SAO LUIZ. 31310-040 Belo Horizonte - MG.
31303704;CENTRO INFANTIL TRANSFORMAR;-19.90837000;-43.91444000;infantil;privada;ativa;geral;sim;AVENIDA SILVIANO BRANDAO, 2513 HORTO. 31030-035 Belo Horizonte - MG.
31308927;CENTRO INFANTO JUVENIL CRESCER SORRINDO;-19.94611000;-43.96672667;infantil;privada;ativa;geral;sim;RUA PEPERI, 975 NOVA GRANADA. 30431-395 Belo Horizonte - MG.
31364932;CENTRO INTERESCOLAR DE CULTURA ARTE LINGUAGENS E TECNOLOGIAS;-19.89676310;-43.91529350;;estadual;ativa;geral;nao;RUA SANTO AGOSTINHO, 1441 HORTO. 31035-490 Belo Horizonte - MG.
31346500;CENTRO PEDAGOGICO ABECEDARIO DA ALEGRIA;-19.81927000;-43.97336000;;privada;extinta;geral;nao;RUA OLAVO BILAC, 823 CASA. SANTA MONICA. 31520-420 Belo Horizonte - MG.
31319414;CENTRO PEDAGOGICO ANUNCIATA;-19.90060333;-44.00812500;infantil;privada;ativa;geral;sim;RUA VIRGILIO, 210 GLORIA. 30880-025 Belo Horizonte - MG.
31347019;CENTRO PEDAGOGICO CASA VERDE - MATRIZ;-19.81108492;-44.00422622;infantil;privada;ativa;geral;sim;RUA JOSUE MARTINS DE SOUZA, 941 LAGOA. 31578-000 Belo Horizonte - MG.
31332119;CENTRO PEDAGOGICO CRIANCA FELIZ;-19.83156000;-43.98738000;;privada;extinta;geral;nao;RUA DOM SEBASTIAO LEME, 351 COPACABANA. 31540-530 Belo Horizonte - MG.
31350176;CENTRO PEDAGOGICO CRISTAO REOBOTE;-19.82722000;-43.99559000;infantil|fundamental_i;privada;ativa;geral;nao;AVENIDA FRANCISCO NEGRAO DE LIMA, 230 ESCOLA. COPACABANA. 31545-000 Belo Horizonte - MG.
31311278;CENTRO PEDAGOGICO VERDE VIDA;-19.96426000;-43.97416000;infantil|fundamental_i;privada;ativa;geral;nao;RUA FRUTUOSO VIANA, 73 ESCOLA. HAVAI. 30570-640 Belo Horizonte - MG.
31315044;CENTRO PEDAGOGICO VINHA DE LUZ;-19.88921448;-43.96421386;;privada;extinta;geral;sim;RUA REIS DE ABREU, 110 APARECIDA. 31250-080 Belo Horizonte - MG.
31289825;CENTRO SOCIAL E EDUCACIONAL COMPANHIA DE MARIA;-19.84407486;-43.94736890;infantil;privada;ativa;geral;nao;RUA MARIA AMELIA MAIA, 260 SAO TOMAZ. 31741-171 Belo Horizonte - MG.
31360465;CENTRO UNIVERSITARIO NEWTON PAIVA - UNIDADE SILVA LOBO;-19.93708000;-43.96901000;;privada;paralisada;geral;nao;AVENIDA SILVA LOBO, 1730 NOVA GRANADA. 30431-001 Belo Horizonte - MG.
31359645;CENTRO UNIVERSITARIO UNA - CAMPUS AIMORES;-19.92852000;-43.93794000;;privada;paralisada;geral;nao;RUA AIMORES, 1451 LOURDES. 30140-071 Belo Horizonte - MG.
31359653;CENTRO UNIVERSITARIO UNA - CAMPUS BARRO PRETO;-19.92086000;-43.94762000;;privada;paralisada;geral;nao;RUA DOS GOITACAZES, 1159 BARRO PRETO. 30190-051 Belo Horizonte - MG.
31359580;CENTRO UNIVERSITARIO UNA - CAMPUS GUAJAJARAS;-19.92650000;-43.93528000;;privada;paralisada;geral;nao;RUA DOS GUAJAJARAS, 175 CENTRO. 30180-100 Belo Horizonte - MG.
31355704;CERES - CENTRO EDUCACIONAL REINO DO SABER;-19.97420019;-44.05468997;infantil;privada;ativa;geral;nao;RUA DAS VERBENAS, 64 LINDEIA BARREIRO. 30690-320 Belo Horizonte - MG.
31002569;CESEC MARIA VIEIRA BARBOSA;-19.81605080;-43.95724440;;estadual;ativa;geral;nao;RUA PADRE PEDRO PINTO, 775 VENDA NOVA. 31510-000 Belo Horizonte - MG.
31307068;CESEC POETA MURILO MENDES;-19.91961220;-43.93233310;;estadual;ativa;geral;nao;RUA ITAMBE, 49 FLORESTA. 30150-150 Belo Horizonte - MG.
31355739;CHROMOS INFANTIL;-19.85902000;-43.96107000;;privada;paralisada;geral;nao;RUA LEOPOLDINO DOS PASSOS, 134 SAO JOSE. 31275-010 Belo Horizonte - MG.
31331058;CIA DA CRIANCA;-19.92017000;-44.00196000;infantil;privada;ativa;geral;nao;RUA OSMARIO SOARES, 151 DOM BOSCO. 30850-380 Belo Horizonte - MG.
31005592;CLARETIANO COLEGIO;-19.92814040;-43.93917170;fundamental_i|fundamental_ii;privada;ativa;geral;nao;RUA DOS AIMORES, 1583 FUNCIONARIOS. 30140-071 Belo Horizonte - MG.
31363880;CLIC - CENTRO LUDICO DE INTERACAO E CULTURA;-19.94569224;-43.93736667;infantil|fundamental_i;privada;ativa;geral;nao;RUA LAVRAS, 653 SAO PEDRO. 30330-010 Belo Horizonte - MG.
31369977;COL CHROMOS BARREIRO;-19.97778710;-44.02128980;infantil|fundamental_i|fundamental_ii;privada;ativa;geral;nao;RUA BOAVENTURA COSTA, 463 BARREIRO. 30640-490 Belo Horizonte - MG.
31365130;COL CHROMOS CASTELO;-19.88029460;-44.00407630;infantil|fundamental_i;privada;ativa;geral;nao;RUA CASTELO DA FEIRA, 122 CASTELO. 31330-030 Belo Horizonte - MG.
31363294;COL CHROMOS CENTRO;-19.92549567;-43.93766988;;privada;ativa;geral;nao;RUA DA BAHIA, 1212 CENTRO. 30160-011 Belo Horizonte - MG.
31290157;COL CHROMOS PAMPULHA;-19.85906150;-43.96125750;;privada;ativa;geral;nao;RUA LEOPOLDINO DOS PASSOS, 156 SAO JOSE. 31275-010 Belo Horizonte - MG.
31257397;COL CHROMOS SERRANO;-19.89125000;-44.01200000;infantil|fundamental_i|fundamental_ii;privada;ativa;geral;nao;RUA LUME, 45 SERRANO. 30881-410 Belo Horizonte - MG.
31246468;COL CHROMOS VENDA NOVA;-19.81618000;-43.96552500;infantil|fundamental_i|fundamental_ii;privada;ativa;geral;nao;RUA RITAPOLIS, 22 CANDELARIA. 31510-340 Belo Horizonte - MG.
31005371;COL COTEMIG BARROCA;-19.93628123;-43.96642431;;privada;ativa;geral;nao;STA CRUZ, 546 ALTO BARROCA. 30431-228 Belo Horizonte - MG.
31210048;COL COTEMIG FLORESTA;-19.91458000;-43.93062000;;privada;ativa;geral;nao;ITAJUBA, 223 FLORESTA. 30150-380 Belo Horizonte - MG.
31329908;COL CRISTO REDENTOR;-19.97509000;-43.99838000;infantil|fundamental_i|fundamental_ii;privada;ativa;geral;nao;RUA PONTA GROSSA, 1599 MILIONARIOS BARREIRO. 30620-180 Belo Horizonte - MG.
31292982;COL DIVERSITAS LTDA;-19.93648968;-44.01895508;infantil|fundamental_i|fundamental_ii;privada;ativa;geral;nao;RUA LESANDRO RESENDE FRANCO, 106 PREDIO. CAMARGOS. 30525-450 Belo Horizonte - MG.
31260631;COL EDNA RORIZ;-19.96978000;-43.93450000;fundamental_i|fundamental_ii;privada;ativa;geral;nao;AVENIDA PROFESSOR CRISTOVAM DOS SANTOS, 383 BELVEDERE. 30320-510 Belo Horizonte - MG.
31305057;COL JEAN PIAGET;-19.93379367;-44.01107874;infantil|fundamental_i|fundamental_ii;privada;ativa;geral;nao;RUA SENADOR MILTON CAMPOS, 1000 PREDIO. SANTA MARIA. 30525-190 Belo Horizonte - MG.
31003875;COL MAXIMUS STA INES;-19.88631000;-43.90673000;fundamental_i|fundamental_ii;privada;ativa;geral;nao;RUA ITACARAMBI, 100 SANTA INES. 31080-260 Belo Horizonte - MG.
31258644;COL MAXIMUS UNID PALMARES;-19.87066360;-43.93202920;fundamental_i|fundamental_ii;privada;ativa;geral;nao;RUA PROFESSOR ANTONIO MARCIO, 333 PALMARES. 31155-480 Belo Horizonte - MG.
31315699;COL PROMOVE PAMPULHA JUNIOR;-19.86408000;-43.97584000;;privada;extinta;geral;nao;AVENIDA ALFREDO CAMARATE, 121 SAO LUIZ. 31310-000 Belo Horizonte - MG.
31253995;COLEGIO ABGAR RENAULT - UNIDADE GLORIA;-19.90160000;-44.00787000;fundamental_ii;privada;ativa;geral;nao;RUA ENEAS, 58 NOVO GLORIA. 30880-010 Belo Horizonte - MG.
31004316;COLEGIO ABGAR RENAULT UNID BOA VISTA;-19.89388670;-43.90435070;fundamental_i|fundamental_ii;privada;ativa;geral;nao;RUA GUIMARANIA, 108 COLEGIO. BOA VISTA. 31060-320 Belo Horizonte - MG.
31006092;COLEGIO ADVENTISTA DE BELO HORIZONTE;-19.87881830;-43.96110330;infantil|fundamental_i|fundamental_ii;privada;ativa;geral;nao;RUA AVEIRO, 367 SAO FRANCISCO. 31255-060 Belo Horizonte - MG.
31379956;COLEGIO AGAPE;-19.82870989;-43.98102168;infantil|fundamental_i|fundamental_ii;privada;ativa;geral;nao;RUA DOS JAVAES, 188 SANTA MONICA. 31530-330 Belo Horizonte - MG.
31314749;COLEGIO ALUMNUS;-19.87423800;-43.91932995;infantil|fundamental_i|fundamental_ii;privada;ativa;geral;nao;AVENIDA JOAQUIM JOSE DINIZ, 519 FERNAO DIAS. 31910-520 Belo Horizonte - MG.
31370266;COLEGIO ANGULO MINAS;-19.87151290;-43.97885100;infantil|fundamental_i|fundamental_ii;privada;ativa;geral;nao;RUA JORNALISTA WILSON ANGELO, 140 SAO LUIZ. 31310-220 Belo Horizonte - MG.
31341002;COLEGIO APRIMORAR;-19.86950000;-44.01601000;infantil|fundamental_i|fundamental_ii;privada;ativa;geral;nao;RUA CARLOS CAMPOS MOTTA, 567 ITATIAIA. 31360-660 Belo Horizonte - MG.
31004138;COLEGIO ARNALDO - UNIDADE ANCHIETA;-19.94612000;-43.92713000;infantil|fundamental_i|fundamental_ii;privada;ativa;geral;nao;RUA VITRIO MARCOLA, 360 ANCHIETA. 30310-360 Belo Horizonte - MG.
31004871;COLEGIO ARNALDO - UNIDADE FUNCIONARIOS;-19.92879000;-43.92795000;infantil|fundamental_i|fundamental_ii;privada;ativa;geral;nao;PRACA ARNALDO JANSSEN, 200 FUNCIONARIOS. 30130-066 Belo Horizonte - MG.
31218529;COLEGIO BATISTA GETSEMANI;-19.85708562;-43.94464920;infantil|fundamental_i;privada;ativa;geral;nao;RUA LUIZ CHAGAS CARVALHO, 410 DONA CLARA. 31260-200 Belo Horizonte - MG.
31375586;COLEGIO BATISTA GETSEMANI - UNIDADE BURITIS;-19.96632650;-43.95571982;;privada;paralisada;geral;nao;RUA DESEMBAGADOR AMILCAR DE CASTRO, 140 ESTORIL. 30494-390 Belo Horizonte - MG.
31005037;COLEGIO BATISTA MINEIRO;-19.90828090;-43.93497540;infantil|fundamental_i|fundamental_ii;privada;ativa;geral;nao;RUA PONTE NOVA, 665 COLEGIO BATISTA. 31110-150 Belo Horizonte - MG.
31354007;COLEGIO BATISTA MINEIRO - UNIDADE BURITIS I;-19.96815510;-43.96257460;;privada;paralisada;geral;nao;RUA PEDRO LABORNE TAVARES, 290 ESTORIL. 30455-680 Belo Horizonte - MG.
31329282;COLEGIO BATISTA MINEIRO - UNIDADE BURITIS II;-19.95809130;-43.96927840;infantil|fundamental_i|fundamental_ii;privada;ativa;geral;nao;RUA JOSE CLAUDIO REZENDE, 420 ESTORIL. 30494-230 Belo Horizonte - MG.
31370231;COLEGIO BATISTA MINEIRO - UNIDADE CASTELO;-19.87129610;-43.99854040;infantil|fundamental_i;privada;ativa;geral;nao;AVENIDA HERACLITO MOURAO DE MIRANDA, 2930 PAQUETA. 31330-412 Belo Horizonte - MG.
31350664;COLEGIO BERNOULLI;-19.92887726;-43.94068085;;privada;ativa;geral;nao;RUA BERNARDO GUIMARAES, 1738 LOURDES. 30140-082 Belo Horizonte - MG.
31311723;COLEGIO BERNOULLI CIDADE JARDIM;-19.92672533;-43.95403285;fundamental_i|fundamental_ii;privada;ativa;geral;nao;RUA GONCALVES DIAS, 3172 BARRO PRETO. 30140-093 Belo Horizonte - MG.
31294110;COLEGIO BURITIS AGOSTINIANO;-19.97829530;-43.96353580;infantil|fundamental_i|fundamental_ii;privada;ativa;geral;nao;RUA JOSE HEMETERIO ANDRADE, 850 BURITIS. 30493-180 Belo Horizonte - MG.
31308943;COLEGIO CAMINHAR BH;-20.00368000;-44.03578000;;privada;paralisada;geral;nao;AVENIDA SENADOR LEVINDO COELHO, 1830 VALE DO JATOBA BARREIRO. 30664-792 Belo Horizonte - MG.
31316580;COLEGIO CAVALIERI;-19.89145410;-43.99669330;;privada;extinta;geral;nao;RUA DESEMBARGADOR JOSE BURNIER, 37 CASTELO. 30840-420 Belo Horizonte - MG.
31321621;COLEGIO CEAPS;-19.90940000;-44.01834000;infantil|fundamental_i|fundamental_ii;privada;ativa;geral;nao;RUA CACHOEIRA DA PRATA, 491 PINDORAMA. 30865-080 Belo Horizonte - MG.
31003891;COLEGIO CENECISTA DOMICIANO VIEIRA;-19.97722540;-44.02239780;;privada;paralisada;geral;nao;RUA JOSE GONCALVES, 550 XX. BARREIRO. 30640-270 Belo Horizonte - MG.
31309443;COLEGIO CEOC;-19.95385000;-43.99841000;infantil|fundamental_i;privada;ativa;geral;nao;RUA CAPIM BRANCO, 649 VISTA ALEGRE. 30518-020 Belo Horizonte - MG.
31006289;COLEGIO CLOTILDE LEITE;-20.01238000;-44.03565000;infantil|fundamental_i|fundamental_ii;privada;ativa;geral;nao;RUA VICENTE SURETTE, 325 MANGUEIRAS BARREIRO. 30666-470 Belo Horizonte - MG.
31344621;COLEGIO CONVIVER;-19.90374412;-43.92991429;infantil|fundamental_i;privada;ativa;geral;nao;RUA STELA DE SOUZA, 03 PREDIO. SAGRADA FAMILIA. 31030-490 Belo Horizonte - MG.
31005363;COLEGIO COPAM-BH;-19.85607610;-43.95477940;infantil|fundamental_i|fundamental_ii;privada;ativa;geral;nao;RUA GARUMA, 565 JARAGUA. 31270-370 Belo Horizonte - MG.
31362417;COLEGIO COPBH - UNIDADE II;-19.87322419;-43.98940014;infantil|fundamental_i|fundamental_ii;privada;ativa;geral;nao;RUA SENA MADUREIRA, 455 OURO PRETO. 31340-000 Belo Horizonte - MG.
31267511;COLEGIO CORACAO DE ESTUDANTE;-20.00030332;-44.00262393;infantil|fundamental_i|fundamental_ii;privada;ativa;geral;nao;RUA INTERSINDICAL, 218 FLAVIO DE OLIVEIRA. 30626-540 Belo Horizonte - MG.
31305456;COLEGIO CRESCER LTDA;-19.87284000;-43.94528000;infantil|fundamental_i;privada;ativa;geral;nao;RUA PADRE FELIPE DA SILVA, 324 SANTA CRUZ. 31155-020 Belo Horizonte - MG.
31319341;COLEGIO CRISTAO ATOS;-19.97848000;-44.01882000;;privada;paralisada;geral;nao;RUA SOUZA MAGALHAES, 45 BARREIRO. 30640-120 Belo Horizonte - MG.
31252620;COLEGIO CRISTAO EBENEZER;-19.90898000;-43.93398000;infantil|fundamental_i;privada;ativa;geral;nao;RUA PONTE NOVA, 723 CASA. COLEGIO BATISTA. 31110-150 Belo Horizonte - MG.
31006602;COLEGIO CRISTAO ROSA DE SARON;-19.99748333;-44.04888833;infantil|fundamental_i;privada;ativa;geral;nao;RUA CLEMENTINA, 87 MARILANDIA. 30692-710 Belo Horizonte - MG.
31331767;COLEGIO CRISTAO SEDAF;-19.97921000;-44.04608000;infantil|fundamental_i|fundamental_ii;privada;ativa;geral;nao;RUA MARGARIDA BRANCA 220, 220 LINDEIA BARREIRO. 30690-160 Belo Horizonte - MG.
31315567;COLEGIO CRISTAO VER;-19.85225260;-43.87777690;infantil;privada;ativa;geral;nao;RUA OTAVIO BERNARDES, 59 PREDIO. JARDIM VITORIA. 31970-360 Belo Horizonte - MG.
31220329;COLEGIO DIMENSAO;-19.90372000;-43.97109000;infantil|fundamental_i|fundamental_ii;privada;ativa;geral;nao;RUA TEOTONIO MACIEL, 64 CAICARAS. 30770-440 Belo Horizonte - MG.
31005916;COLEGIO DO INSTITUTO PADRE MACHADO;-19.94026000;-43.93819000;fundamental_i|fundamental_ii;privada;ativa;geral;nao;AVENIDA DO CONTORNO, 6475 SANTO ANTONIO. 30110-039 Belo Horizonte - MG.
31309672;COLEGIO DOMINIO;-19.94037000;-44.01765000;infantil|fundamental_i|fundamental_ii;privada;ativa;geral;nao;RUA NAYDA SALLES TEIXEIRA, 37 CAMARGOS. 30520-320 Belo Horizonte - MG.
31246051;COLEGIO DONA CLARA;-19.85770640;-43.93931020;infantil|fundamental_i;privada;ativa;geral;nao;RUA MINISTRO OROZIMBO NONATO, 640 CS. DONA CLARA. 31260-230 Belo Horizonte - MG.
31303771;COLEGIO DOROTHEIA GOMES;-20.01539000;-44.03142000;infantil|fundamental_i;privada;ativa;geral;nao;RUA PROFESSORA DIRCE MARIA, 87 PETROPOLIS BARREIRO. 30666-515 Belo Horizonte - MG.
31355143;COLEGIO ECCELLENTE - UNIDADE PAMPULHA;-19.84209000;-43.96115000;;privada;paralisada;geral;nao;RUA SAO MIGUEL, 470 ITAPOA. 31710-350 Belo Horizonte - MG.
31363464;COLEGIO ERIDA DURAES;-19.83119000;-43.98515000;;privada;paralisada;geral;nao;RUA PRINCESA ISABEL, 85 COPACABANA. 31540-510 Belo Horizonte - MG.
31004979;COLEGIO ESCOLAPIO SAO MIGUEL;-19.89596000;-43.93113000;infantil|fundamental_i|fundamental_ii;privada;ativa;geral;nao;RUA ILDEFONSO ALVIM, 501 NOVA FLORESTA. 31140-270 Belo Horizonte - MG.
31004359;COLEGIO ESPANHOL SANTA MARIA MINAS - UNIDADE CIDADE NOVA;-19.88674319;-43.92222745;infantil|fundamental_i|fundamental_ii;privada;ativa;geral;nao;RUA PROFESSOR COSTA CHIABI, 15 CIDADE NOVA. 31170-250 Belo Horizonte - MG.
31007498;COLEGIO FRANCISCANO CORACAO DE MARIA;-19.81400061;-43.97400510;infantil|fundamental_i|fundamental_ii;privada;ativa;geral;nao;RUA DESEMBARGADOR ONOFRE MENDES JUNIOR, 63 ORFANATO STO ANTONIO. SAO JOAO BATISTA VENDA NOVA. 31535-510 Belo Horizonte - MG.
31006424;COLEGIO FRANCISCANO SAGRADA FAMILIA;-19.90250000;-43.96696000;infantil|fundamental_i|fundamental_ii;privada;ativa;geral;nao;AVENIDA PRESIDENTE CARLOS LUZ, 735 CAICARAS. 31230-000 Belo Horizonte - MG.
31005673;COLEGIO FREDERICO OZANAM;-19.89370000;-43.90646000;fundamental_i|fundamental_ii;privada;ativa;geral;nao;RUA JERONIMO MONTEIRO, 48 BOA VISTA. 31060-210 Belo Horizonte - MG.
31368571;COLEGIO INFANTUS;-19.93089665;-43.93600156;;privada;extinta;geral;nao;RUA SERGIPE, 489 BOA VIAGEM. 30130-170 Belo Horizonte - MG.
31220345;COLEGIO INTER ACAO;-19.87267000;-44.00356000;fundamental_i|fundamental_ii;privada;ativa;geral;nao;RUA BOM JESUS DA PENHA, 161 CASA. SANTA TEREZINHA. 31365-190 Belo Horizonte - MG.
31332780;COLEGIO INTER ACAO UNIDADE II;-19.87269000;-44.00448000;;privada;ativa;geral;nao;AVENIDA SANTA TEREZINHA, 1064 CASA. ITATIAIA. 31365-000 Belo Horizonte - MG.
31257656;COLEGIO JOAO DE BARRO;-19.98979849;-44.04003697;infantil|fundamental_i|fundamental_ii;privada;ativa;geral;nao;RUA JOSE MOREIRA, 295 TIROL. 30662-130 Belo Horizonte - MG.
31327638;COLEGIO LE PETIT;-19.90742940;-43.97935690;infantil|fundamental_i|fundamental_ii;privada;ativa;geral;nao;RUA HENRIQUE GORCEIX, 1906 JARDIM MONTANHES. 30750-552 Belo Horizonte - MG.
31006157;COLEGIO LOGOSOFICO GONZALEZ PECOTCHE;-19.92804704;-43.92646981;infantil|fundamental_i|fundamental_ii;privada;ativa;geral;nao;RUA PIAUI, 742 SANTA EFIGENIA. 30150-322 Belo Horizonte - MG.
31244058;COLEGIO LOGOSOFICO GONZALEZ PECOTCHE UNIDADE - CIDADE NOVA;-19.89397000;-43.92398000;infantil|fundamental_i|fundamental_ii;privada;ativa;geral;nao;AVENIDA JOSE CANDIDO DA SILVEIRA, 330 SAGRADA FAMILIA. 31035-572 Belo Horizonte - MG.
31321613;COLEGIO LOS ANGELOS - IPLAS;-19.98007000;-44.05604000;infantil|fundamental_i|fundamental_ii;privada;ativa;geral;nao;RUA SOLON CARDOSO NAVES, 258/268 LINDEIA BARREIRO. 30692-160 Belo Horizonte - MG.
31006238;COLEGIO LOYOLA;-19.93486070;-43.94981830;infantil|fundamental_i|fundamental_ii;privada;ativa;geral;nao;DO CONTORNO, 7919 LOURDES. 30110-051 Belo Horizonte - MG.
31300454;COLEGIO M2 - FERNAO DIAS;-19.87200000;-43.92126000;fundamental_i|fundamental_ii;privada;ativa;geral;nao;RUA DORESOPOLIS, 392 FERNAO DIAS. 31910-170 Belo Horizonte - MG.
31004731;COLEGIO MAGNUM AGOSTINIANO;-19.89058405;-43.93176499;infantil|fundamental_i|fundamental_ii;privada;ativa;geral;nao;SAO GONCALO, 1364 NOVA FLORESTA. 31140-360 Belo Horizonte - MG.
31347329;COLEGIO MANGABEIRAS;-19.95596000;-43.91170000;;privada;paralisada;geral;nao;RUA PROFESSOR DJALMA GUIMARAES, 140 MANGABEIRAS. 30210-190 Belo Horizonte - MG.
31005797;COLEGIO MARIA CLARA MACHADO;-19.94004920;-43.95368490;fundamental_i|fundamental_ii;privada;ativa;geral;nao;AVENIDA RAJA GABAGLIA, 589 CIDADE JARDIM. 30380-103 Belo Horizonte - MG.
31006394;COLEGIO MARISTA DOM SILVERIO;-19.94210690;-43.93496070;infantil|fundamental_i|fundamental_ii;privada;ativa;geral;nao;RUA LAVRAS, 225 -. SAO PEDRO. 30330-010 Belo Horizonte - MG.
31004880;COLEGIO MARISTA PADRE EUSTAQUIO;-19.91569140;-43.97414160;infantil|fundamental_i|fundamental_ii;privada;ativa;geral;nao;CESARIO ALVIM, 810 PADRE EUSTAQUIO. 30720-270 Belo Horizonte - MG.
31257877;COLEGIO MASTER PIMENTINHA;-19.98990247;-44.00325911;infantil|fundamental_i|fundamental_ii;privada;ativa;geral;nao;RUA SANTA ALEXANDRINA, 424 ARAGUAIA. 30620-170 Belo Horizonte - MG.
31361089;COLEGIO MAXIMUS UNIDADE OURO PRETO CASTELO;-19.87588900;-43.98988990;infantil|fundamental_i|fundamental_ii;privada;ativa;geral;nao;RUA DEPUTADO ANDRE DE ALMEIDA, 251 OURO PRETO. 31330-530 Belo Horizonte - MG.
31210251;COLEGIO METODO PLUS;-19.94318000;-43.91994000;fundamental_ii;privada;ativa;geral;nao;RUA MANOEL GOMES PEREIRA, 91 SERRA. 30220-000 Belo Horizonte - MG.
31320889;COLEGIO METROPOLE;-19.97481380;-44.02125379;;privada;paralisada;geral;nao;AVENIDA AFONSO VAZ DE MELO, 640 4º ANDAR. BARREIRO. 30640-070 Belo Horizonte - MG.
31291030;COLEGIO MILITAR DE BELO HORIZONTE;-19.87149000;-43.95903000;fundamental_ii;federal;ativa;geral;nao;AVENIDA MARECHAL ESPERIDIAO ROSAS, 400 CPOR/CM-BH. SAO FRANCISCO. 31255-000 Belo Horizonte - MG.
31006475;COLEGIO MINAS GERAIS;-19.92441000;-43.93755000;;privada;paralisada;geral;nao;AVENIDA AUGUSTO DE LIMA, 104 CENTRO. 30190-001 Belo Horizonte - MG.
31368326;COLEGIO MIRTES BARBOSA;-20.01020000;-44.03776000;infantil|fundamental_i;privada;ativa;geral;nao;RUA RAIMUNDO AFONSO FIGUEIREDO, 159 VALE DO JATOBA. 30666-070 Belo Horizonte - MG.
31004162;COLEGIO NOEME CAMPOS;-19.84387000;-43.91888000;infantil|fundamental_i|fundamental_ii;privada;ativa;geral;nao;RUA FURQUIM WERNECK, 94 GUARANI. 31840-220 Belo Horizonte - MG.
31006513;COLEGIO NOSSA SENHORA DA PIEDADE;-19.92226692;-43.96772529;infantil|fundamental_i|fundamental_ii;privada;ativa;geral;nao;RUA MONSENHOR DOMINGOS PINHEIRO, 35 CALAFATE. 30411-315 Belo Horizonte - MG.
31004171;COLEGIO NOSSA SENHORA DAS DORES;-19.91578724;-43.93121791;infantil|fundamental_i|fundamental_ii;privada;ativa;geral;nao;AVENIDA FRANCISCO SALES, 77 FLORESTA. 30150-220 Belo Horizonte - MG.
31005622;COLEGIO NOSSA SENHORA DAS DORES - UNIDADE POMPEIA;-19.91055744;-43.90451830;infantil|fundamental_i|fundamental_ii;privada;ativa;geral;nao;RUA ANTONIO JUSTINO, 280 POMPEIA. 30280-430 Belo Horizonte - MG.
31004499;COLEGIO NOSSA SENHORA DO MONTE CALVARIO;-19.92428220;-43.95766700;infantil|fundamental_i|fundamental_ii;privada;ativa;geral;nao;AVENIDA DO CONTORNO, 9384 BARRO PRETO. 30110-064 Belo Horizonte - MG.
31369772;COLEGIO OLIMPO BH;-19.94769387;-43.91794719;fundamental_ii;privada;ativa;geral;nao;AVENIDA BANDEIRANTES, 2222 MANGABEIRAS. 30210-420 Belo Horizonte - MG.
31370258;COLEGIO ORLEANS E BRAGANCA;-19.95580410;-43.93383540;fundamental_i|fundamental_ii;privada;ativa;geral;nao;AVENIDA DOS BANDEIRANTES, 800 COMITECO. 30315-382 Belo Horizonte - MG.
31344001;COLEGIO OURO MINAS LTDA;-19.84896000;-43.90791000;infantil|fundamental_i|fundamental_ii;privada;ativa;geral;nao;RUA SANTA LEOPOLDINA, 155 OURO MINAS. 31870-190 Belo Horizonte - MG.
31006009;COLEGIO PITAGORAS -CARLOS PRATES;-19.90938000;-43.96370000;fundamental_i|fundamental_ii;privada;ativa;geral;nao;RUA AREADO, 437 CARLOS PRATES. 30710-530 Belo Horizonte - MG.
31006327;COLEGIO PITAGORAS CIDADE JARDIM;-19.94806680;-43.94820750;;privada;extinta;geral;nao;AVENIDA PRUDENTE DE MORAIS, 1602 CIDADE JARDIM. 30380-002 Belo Horizonte - MG.
31315338;COLEGIO PROMISES;-20.00363663;-44.00933587;infantil|fundamental_i;privada;ativa;geral;nao;RUA PEROLA, 10 NOVO SANTA CECILIA BARREIRO. 30626-690 Belo Horizonte - MG.
31244082;COLEGIO PROMOVE PAMPULHA;-19.86433000;-43.97589000;;privada;paralisada;geral;nao;AVENIDA ALFREDO CAMARATTI, 121 SAO LUIZ. 31310-000 Belo Horizonte - MG.
31354880;COLEGIO RAIZ;-19.91586330;-43.97930820;fundamental_i;privada;ativa;geral;nao;RUA RIACHUELO, 1700 PADRE EUSTAQUIO. 30720-060 Belo Horizonte - MG.
31007072;COLEGIO RUI BARBOSA;-19.92289000;-43.93919000;;privada;paralisada;geral;nao;RUA DOS GOITACAZES, 493 CENTRO. 30190-050 Belo Horizonte - MG.
31315052;COLEGIO SABIRACEMA;-19.99771000;-44.00061000;infantil|fundamental_i|fundamental_ii;privada;ativa;geral;nao;RUA FLAMENGO, 73 FLAVIO MARQUES LISBOA BARREIRO. 30624-170 Belo Horizonte - MG.
31007111;COLEGIO SAGRADO CORACAO DE JESUS;-19.93586000;-43.93035000;infantil|fundamental_i|fundamental_ii;privada;ativa;geral;nao;RUA PROFESSOR MORAES, 363 FUNCIONARIOS. 30150-370 Belo Horizonte - MG.
31006599;COLEGIO SALESIANO;-19.93493000;-43.99326000;infantil|fundamental_i|fundamental_ii;privada;ativa;geral;nao;AV. AMAZONAS, 6825 NOVA GAMELEIRA. 30510-000 Belo Horizonte - MG.
31333670;COLEGIO SANTA AMELIA;-19.84087580;-43.98029410;infantil|fundamental_i|fundamental_ii;privada;ativa;geral;nao;RUA AUGUSTO MOREIRA, 871 JARDIM ATLANTICO. 31555-100 Belo Horizonte - MG.
31294047;COLEGIO SANTA CRUZ;-19.99090898;-44.00824184;fundamental_ii;privada;ativa;geral;nao;RUA SIRIUS, 80 PREDIO. MIRAMAR BARREIRO. 30642-550 Belo Horizonte - MG.
31007196;COLEGIO SANTA DOROTEIA;-19.95349122;-43.93598142;infantil|fundamental_i|fundamental_ii;privada;ativa;geral;nao;RUA CHICAGO, 240 SION. 30315-520 Belo Horizonte - MG.
31004031;COLEGIO SANTA MARCELINA;-19.85749630;-43.96676900;infantil|fundamental_i|fundamental_ii;privada;ativa;geral;nao;ALAMEDA DAS FALCATAS, 505 SAO LUIS. 31275-070 Belo Horizonte - MG.
31005614;COLEGIO SANTA MARIA MINAS - UNIDADE CORACAO EUCARISTICO;-19.91981890;-43.98896600;infantil|fundamental_i|fundamental_ii;privada;ativa;geral;nao;RUA ITUTINGA, 240 MINAS BRASIL. 30535-640 Belo Horizonte - MG.
31004197;COLEGIO SANTA MARIA MINAS - UNIDADE FLORESTA;-19.91120243;-43.93255198;infantil|fundamental_i|fundamental_ii;privada;ativa;geral;nao;RUA JACUI, 237 FLORESTA. 31110-050 Belo Horizonte - MG.
31295213;COLEGIO SANTA MARIA MINAS - UNIDADE MEDIANEIRA;-19.91794773;-43.90587321;infantil|fundamental_i;privada;ativa;geral;nao;RUA JOAO GOMES, 157 PARAISO. 30270-090 Belo Horizonte - MG.
31244457;COLEGIO SANTA MARIA MINAS - UNIDADE NOVA SUICA;-19.93575000;-43.97803000;infantil|fundamental_i|fundamental_ii;privada;ativa;geral;nao;RUA LINDOLFO DE AZEVEDO, 345 -. NOVA SUISSA. 30421-265 Belo Horizonte - MG.
31004952;COLEGIO SANTA MARIA MINAS - UNIDADE PAMPULHA;-19.83677064;-43.95005871;infantil|fundamental_i|fundamental_ii;privada;ativa;geral;nao;RUA ADELINA SALES PEREIRA, 273 PLANALTO. 31720-440 Belo Horizonte - MG.
31290092;COLEGIO SANTA MARIA MINAS PROVIDENCIA - UNIDADE CONJUNTO TAQUARIL;-19.92102607;-43.88075261;infantil;privada;ativa;geral;nao;RUA ALAIR PEREIRA DA SILVA, 100 CONJUNTO TAQUARIL. 30290-580 Belo Horizonte - MG.
31282189;COLEGIO SANTA MARIA MINAS PROVIDENCIA - UNIDADE JARDIM VITORIA;-19.85257219;-43.88502867;infantil;privada;ativa;geral;nao;RUA D, 300 JARDIM VITORIA. 31975-390 Belo Horizonte - MG.
31330876;COLEGIO SANTA MARIA MINAS PROVIDENCIA - UNIDADE SANTA EFIGENIA;-19.93220595;-43.90808737;;privada;extinta;geral;nao;RUA CASTELO NOVO, 1001 SANTA EFIGENIA. 30260-380 Belo Horizonte - MG.
31262251;COLEGIO SANTA PAULA;-19.99154940;-44.01813460;infantil|fundamental_i|fundamental_ii;privada;ativa;geral;nao;RUA ADELIA HILBERT TEIXEIRA, 421 ESCOLA. DIAMANTE. 30660-310 Belo Horizonte - MG.
31004511;COLEGIO SANTA RITA DE CASSIA;-19.97851875;-44.01229489;infantil|fundamental_i|fundamental_ii;privada;ativa;geral;nao;RUA COSTA BELEM, 122 BARREIRO. 30642-000 Belo Horizonte - MG.
31004651;COLEGIO SANTO AGOSTINHO;-19.92601992;-43.94960403;infantil|fundamental_i|fundamental_ii;privada;ativa;geral;nao;AVENIDA AMAZONAS, 1803 SANTO AGOSTINHO. 30180-007 Belo Horizonte - MG.
31370711;COLEGIO SANTO AGOSTINHO - UNIDADE GUTIERREZ;-19.94043990;-43.95889910;infantil|fundamental_i|fundamental_ii;privada;ativa;geral;nao;RUA DANIEL DE CARVALHO, 1424 GUTIERREZ. 30441-152 Belo Horizonte - MG.
31004812;COLEGIO SANTO ANTONIO;-19.93487000;-43.93506000;fundamental_i|fundamental_ii;privada;ativa;geral;nao;RUA PERNAMBUCO, 880 SAVASSI. 30130-156 Belo Horizonte - MG.
31004111;COLEGIO SAO JOSE DE ENSINO FUNDAMENTAL E MEDIO;-19.91527257;-43.92638586;infantil|fundamental_i|fundamental_ii;privada;ativa;geral;nao;RUA BUENO BRANDAO, 151 FLORESTA. 31015-178 Belo Horizonte - MG.
31004898;COLEGIO SAO LUIS GONZAGA;-19.90751000;-43.92547000;fundamental_i|fundamental_ii;privada;ativa;geral;nao;RUA GENERAL CARNEIRO, 397 SAGRADA FAMILIA. 31030-170 Belo Horizonte - MG.
31005134;COLEGIO SAO PAULO;-19.93919000;-43.95141000;infantil|fundamental_i|fundamental_ii;privada;ativa;geral;nao;RUA EDUARDO PORTO, 488 CIDADE JARDIM. 30380-060 Belo Horizonte - MG.
31005789;COLEGIO SAO PAULO DA CRUZ;-19.97842000;-44.02456000;infantil|fundamental_i|fundamental_ii;privada;ativa;geral;nao;AVENIDA SINFRONIO BROCHADO, 1281 BARREIRO. 30640-000 Belo Horizonte - MG.
31307742;COLEGIO SAVASSI;-19.93222000;-43.92308000;fundamental_i|fundamental_ii;privada;ativa;geral;nao;RUA NUNES VIEIRA, 227 SANTO ANTONIO. 30350-120 Belo Horizonte - MG.
31346420;COLEGIO SES;-19.97079077;-43.97728066;fundamental_i|fundamental_ii;privada;ativa;geral;nao;RUA ANIBAL TEOTONIO, 22 PALMEIRAS. 30575-520 Belo Horizonte - MG.
31369128;COLEGIO SES - UNIDADE I;-19.95682542;-43.97630589;infantil;privada;ativa;geral;nao;RUA MARIA BEATRIZ, 962 HAVAI. 30555-140 Belo Horizonte - MG.
31257583;COLEGIO SISTEMA;-19.91774958;-43.90083779;fundamental_i|fundamental_ii;privada;ativa;geral;nao;RUA ICO, 380 SAUDADE. 30285-040 Belo Horizonte - MG.
31371378;COLEGIO TARSILA DO AMARAL;-19.97437667;-44.01809000;infantil|fundamental_i;privada;ativa;geral;nao;RUA DIRAMIR LOUREIRO, 312 TIROL BARREIRO. 30662-400 Belo Horizonte - MG.
31344680;COLEGIO TESLA;-19.83331448;-43.92120698;infantil|fundamental_i;privada;ativa;geral;nao;RUA CORNELIO PENA, 72 TUPI A. 31842-250 Belo Horizonte - MG.
31307718;COLEGIO TIRADENTES DA PMMG UNIDADE NOSSA SRA DAS VITORIAS;-19.91950530;-43.96460950;fundamental_i|fundamental_ii;estadual;ativa;geral;nao;RUA DOS PAMPAS, 767 PRADO. 30411-073 Belo Horizonte - MG.
31001368;COLEGIO TIRADENTES PMMG - UNIDADE ARGENTINO MADEIRA;-19.91563000;-43.91746000;fundamental_i|fundamental_ii;estadual;ativa;geral;nao;PRACA DUQUE DE CAXIAS, S/N SANTA TEREZA. 31010-230 Belo Horizonte - MG.
31307696;COLEGIO TIRADENTES PMMG GAMELEIRA;-19.93440598;-43.98767914;fundamental_i|fundamental_ii;estadual;ativa;geral;nao;AVENIDA AMAZONAS, 6455 GAMELEIRA. 30510-000 Belo Horizonte - MG.
31307700;COLEGIO TIRADENTES PMMG MINAS CAIXA;-19.80380950;-43.95668320;fundamental_i|fundamental_ii;estadual;ativa;geral;nao;RUA JULITA NUNES LIMA, 271 MINAS CAIXA. 31615-140 Belo Horizonte - MG.
31358428;COLEGUIUM - UNIDADE ALIPIO DE MELO;-19.89288120;-44.00136760;infantil|fundamental_i|fundamental_ii;privada;ativa;geral;nao;RUA DOS AGRONOMOS, 185 ALIPIO DE MELO. 30840-110 Belo Horizonte - MG.
31358541;COLEGUIUM - UNIDADE CARLOS PRATES;-19.91123280;-43.96024340;infantil|fundamental_i|fundamental_ii;privada;ativa;geral;nao;RUA ESPINOSA, 646 CARLOS PRATES. 30710-320 Belo Horizonte - MG.
31332305;COLEGUIUM - UNIDADE CASTELO;-19.88091100;-43.99941000;infantil|fundamental_i;privada;ativa;geral;nao;RUA CASTELO GUIMARAES, 615 CASTELO. 31330-250 Belo Horizonte - MG.
31297551;COLEGUIUM - UNIDADE GUTIERREZ EDUCACAO INFANTIL;-19.93393990;-43.96095060;infantil;privada;ativa;geral;nao;RUA GENERAL ANDRADE NEVES, GUTIERREZ. 30441-119 Belo Horizonte - MG.
31364860;COLEGUIUM - UNIDADE GUTIERREZ ENSINO FUNDAMENTAL E MEDIO;-19.93356640;-43.96130050;fundamental_i|fundamental_ii;privada;ativa;geral;nao;RUA LUDGERO DOLABELA, 174 GUTIERREZ. 30441-048 Belo Horizonte - MG.
31005088;COLEGUIUM - UNIDADE INTERNACIONAL BELVEDERE;-19.96172070;-43.93506120;infantil|fundamental_i|fundamental_ii;privada;ativa;geral;nao;AVENIDA CELSO PORFIRIO MACHADO, 1650 BELVEDERE. 30320-400 Belo Horizonte - MG.
31368342;COLEGUIUM - UNIDADE INTERNACIONAL BURITIS;-19.96207580;-43.96524630;infantil|fundamental_i|fundamental_ii;privada;ativa;geral;nao;RUA PAULO PIEDADE CAMPOS, 340 ESTORIL. 30494-060 Belo Horizonte - MG.
31302104;COLEGUIUM - UNIDADE INTERNACIONAL PAMPULHA;-19.86305280;-43.98189040;infantil|fundamental_i|fundamental_ii;privada;ativa;geral;nao;RUA EXPEDICIONARIO CELSO RACIOPPI, 331 PAMPULHA. 31310-070 Belo Horizonte - MG.
31006386;COLEGUIUM - UNIDADE JARAGUA;-19.86434680;-43.94822700;infantil|fundamental_i|fundamental_ii;privada;ativa;geral;nao;RUA CORONEL MARCELINO, 182 SANTA ROSA. 31255-690 Belo Horizonte - MG.
31273724;COLEGUIUM - UNIDADE MANACAS;-19.88629130;-44.00333980;infantil|fundamental_i;privada;ativa;geral;nao;RUA DOUTOR SYLVIO MENICUCCI, 1021 CASTELO. 30840-480 Belo Horizonte - MG.
31217123;COLEGUIUM - UNIDADE OURO PRETO;-19.87344980;-43.97940730;infantil|fundamental_i|fundamental_ii;privada;ativa;geral;nao;RUA CARLOS FREDERICO CAMPOS, 630 OURO PRETO. 31310-400 Belo Horizonte - MG.
31351725;COLEGUIUM - UNIDADE OURO PRETO INTEGRAL;-19.87067170;-43.98358540;;privada;ativa;geral;nao;RUA FUNCHAL, 250 OURO PRETO. 31310-440 Belo Horizonte - MG.
31322873;COLEGUIUM - UNIDADE SANTA AMELIA;-19.84564650;-43.97954940;infantil|fundamental_i|fundamental_ii;privada;ativa;geral;nao;RUA DAS CANARIAS, 2171 SANTA BRANCA. 31560-050 Belo Horizonte - MG.
31289892;COMUNIDADE INFANTIL PRINCIPE DA PAZ;-19.91112874;-43.97227144;infantil;privada;ativa;geral;sim;RUA IRACI CARNEIRO, 10 CAICARA-ADELAIDE. 30770-250 Belo Horizonte - MG.
31324612;CONHECER ESCOLA TECNICA - UNIDADE I;-19.91776000;-43.93531000;;privada;paralisada;geral;nao;AVENIDA DOS ANDRADAS, 302 4º ANDAR. CENTRO. 30120-010 Belo Horizonte - MG.
31290041;CONSELHO POPULAR DE DEFESA DOS DIREITOS HUMANOS DOS MORADORES DO BAIRRO JARDIM FELICIDADE;-19.82627000;-43.92425333;infantil;privada;ativa;geral;sim;RUA JOSEFINA GUIMARAES VIEIRA, 2545 CASINHA DOS ANJOS. JARDIM FELICIDADE. 31742-602 Belo Horizonte - MG.
31257516;CRECHE 1º DE MAIO;-19.95256630;-43.99189160;infantil;privada;ativa;geral;sim;RUA HERCULANO MOURAO SALAZAR, 95 VISTA ALEGRE. 30514-130 Belo Horizonte - MG.
31290033;CRECHE ABELHINHA DOURADA;-19.85343457;-43.93125303;infantil;privada;ativa;geral;sim;RUA ARANTINA, 375 MINASLANDIA P MAIO. 31812-010 Belo Horizonte - MG.
31281522;CRECHE ABRIGO CORACAO DE JESUS;-19.98151516;-44.05139454;infantil;privada;ativa;geral;sim;RUA CYRILLO BASTOS, 15 LINDEIA BARREIRO. 30692-240 Belo Horizonte - MG.
31282031;CRECHE ABRIGO JESUS;-19.91542530;-43.97878890;infantil;privada;ativa;geral;sim;RUA COSTA SENNA, 959 PADRE EUSTAQUIO. 30720-350 Belo Horizonte - MG.
31281379;CRECHE AGOSTINHO CANDIDO SOUZA;-19.86226751;-43.92932932;infantil;privada;ativa;geral;sim;RUA VOLTS, 80 PREDIO ESCOLAR. PRIMEIRO DE MAIO. 31810-000 Belo Horizonte - MG.
31290076;CRECHE ANA G CASTILHO;-19.94906000;-43.97873000;infantil;privada;ativa;geral;sim;RUA DOUTOR SAMUEL HAHNEMANN, 165 SALGADO FILHO. 30550-650 Belo Horizonte - MG.
31332101;CRECHE ANJOS DE DEUS;-19.93297552;-43.96796023;infantil;privada;ativa;geral;sim;RUA CAMPOS ELISEOS, 519 ALTO BARROCA. 30431-038 Belo Horizonte - MG.
31345245;CRECHE ARCO IRIS;-19.82875680;-43.98609410;infantil;privada;ativa;geral;sim;RUA VISCONDE DE ITABORAI, 191 JARDIM LEBLON. 31540-460 Belo Horizonte - MG.
31281387;CRECHE ASSISTENCIAL SAO BERNARDO;-19.84951468;-43.93938245;infantil;privada;ativa;geral;sim;RUA ARMANDO RIBEIRO DOS SANTOS, 115 CRECHE. SAO BERNARDO. 31741-380 Belo Horizonte - MG.
31377210;CRECHE BEM VIVER;-19.88118319;-43.94739171;infantil;privada;ativa;geral;sim;RUA ITAPETINGA, 2198 SANTA CRUZ. 31150-362 Belo Horizonte - MG.
31290122;CRECHE BENEDITA HILIDIA DA SILVA REZENDE;-19.79771833;-43.98503833;infantil;privada;ativa;geral;sim;RUA IZALINA FAUSTINA SILVEIRA, 115 MANTIQUEIRA. 31660-530 Belo Horizonte - MG.
31289591;CRECHE CAMINHO A LUZ;-19.92663408;-43.91807551;infantil;privada;ativa;geral;sim;RUA TENENTE GARRO, 176 SANTA EFIGENIA. 30240-360 Belo Horizonte - MG.
31293091;CRECHE CAMINHO DA PAZ;-19.95022000;-43.98911000;infantil;privada;ativa;geral;sim;RUA SANTAREM, 386 NOVA CINTRA. 30516-070 Belo Horizonte - MG.
31373486;CRECHE CANTINHO ENCANTADOR;-19.81186559;-43.93630806;infantil;privada;ativa;geral;sim;RUA ROSA DE PEDRA, 140 ETELVINA CARNEIRO. 31746-115 Belo Horizonte - MG.
31282383;CRECHE CASA DO SOL;-19.85150000;-43.88996000;infantil;privada;ativa;geral;sim;RUA JUNIA CRISTINA, 120 NAZARE. 31990-140 Belo Horizonte - MG.
31281492;CRECHE CASINHA DA VOVO;-20.00907167;-44.03619333;infantil;privada;ativa;geral;sim;RUA CESAR DACORSO FILHO, 104 VALE DO JATOBA. CONJUNTO HABITACIONAL VALE DO JATOBA BARREIRO. 30664-560 Belo Horizonte - MG.
31375560;CRECHE CASINHA DA VOVO - FILIAL;-20.01234000;-44.03016000;infantil;privada;ativa;geral;sim;RUA DOUTOR FRANCISCO SILVEIRA, 216 PETROPOLIS. 30666-475 Belo Horizonte - MG.
31308498;CRECHE CASINHA FELIZ DA COMUNIDADE VILA SAO JOSE;-19.95142500;-44.00324500;infantil;privada;ativa;geral;sim;AVENIDA SIDERAL, 605 MADRE GERTRUDES. 30518-140 Belo Horizonte - MG.
31377996;CRECHE CASULO JARDIM DAS BORBOLETAS;-19.94666589;-43.96817372;infantil;privada;ativa;geral;sim;RUA CONSELHEIRO JOAQUIM CAETANO, 1520 JARDIM AMERICA. 30421-470 Belo Horizonte - MG.
31281468;CRECHE CENTRO INFANTIL AMELIA CRISPIM;-19.88546422;-43.90081184;infantil;privada;ativa;geral;sim;RUA LUNDS FERREIRA, 145 NOVA VISTA. 31070-120 Belo Horizonte - MG.
31290556;CRECHE CENTRO INFANTIL SAGRADO CORACAO DE JESUS;-19.92825387;-43.91829017;infantil;privada;ativa;geral;sim;RUA CORONEL FULGENCIO, 205 SAO LUCAS. 30240-340 Belo Horizonte - MG.
31290190;CRECHE CENTRO INFANTIL UNIAO;-19.95195020;-43.95773990;infantil;privada;ativa;geral;sim;RUA QUATRO, 195 ANTIGO Nº86. CONJUNTO SANTA MARIA. 30380-482 Belo Horizonte - MG.
31258351;CRECHE CENTRO MATERNO INFANTIL ANA MARIA DE CASTRO VEADO;-19.93603408;-43.91478193;infantil;privada;ativa;geral;sim;RUA DOUTOR CAMILO ANTONIO NOGUEIRA, 451/453 SAO LUCAS. 30240-090 Belo Horizonte - MG.
31289582;CRECHE CLUBINHO NOSSA SENHORA DAS VITORIAS;-19.92087404;-43.91886456;infantil;privada;ativa;geral;sim;BECO CENTRAL, 144 VILA UNIAO. 30260-034 Belo Horizonte - MG.
31282022;CRECHE COMUNITARIA AURELIO PIRES;-19.85452544;-43.95538735;infantil;privada;ativa;geral;sim;PRACA SANTO ANTONIO, 300 PAMPULHA. 31270-860 Belo Horizonte - MG.
31257966;CRECHE COMUNITARIA BOM MENINO;-19.99444043;-44.03285888;infantil;privada;ativa;geral;sim;AVENIDA WALDYR SOEIRO EMRICH, 5305 CASTANHEIRA. 30660-560 Belo Horizonte - MG.
31308811;CRECHE COMUNITARIA CRESCER COM AMOR;-19.95241450;-43.99584260;infantil;privada;ativa;geral;sim;BECO DA PEDREIRA, 35 VISTA ALEGRE. 30512-461 Belo Horizonte - MG.
31370568;CRECHE COMUNITARIA CRESCER PARA O FUTURO;-19.94973870;-43.96311310;;privada;extinta;geral;nao;RUA ESPERANCA, 315 VILA ANTENA. 30451-480 Belo Horizonte - MG.
31303721;CRECHE COMUNITARIA CRIANCA ESPERANCA;-19.90429609;-44.01013741;infantil;privada;ativa;geral;sim;RUA GUARARAPES, 300 GLORIA. 30870-180 Belo Horizonte - MG.
31308471;CRECHE COMUNITARIA CRIANCA FELIZ;-19.98541990;-43.98478100;infantil;privada;ativa;geral;sim;RUA QUARTORZE, 40 VILA BERNADETI BONSUCESSO. 30622-059 Belo Horizonte - MG.
31281328;CRECHE COMUNITARIA DA VILA CEMIG;-19.99737999;-43.99251766;infantil;privada;ativa;geral;sim;RUA COLETIVO, 56 VILA CEMIG. 30624-350 Belo Horizonte - MG.
31284432;CRECHE COMUNITARIA DA VILA PIRATININGA;-19.98852333;-44.05139833;infantil;privada;ativa;geral;sim;RUA VINHEDO, 640 BECO A, 78. ITAIPU BARREIRO. 30692-500 Belo Horizonte - MG.
31281697;CRECHE COMUNITARIA DA VILA SUMARE;-19.88903833;-43.96627167;infantil;privada;ativa;geral;sim;RUA SUMARE, 175 APARECIDA. 31250-820 Belo Horizonte - MG.
31282944;CRECHE COMUNITARIA DO BAIRRO OLARIA CANTINHO DO AMOR;-19.98972000;-44.03041000;infantil;privada;ativa;geral;sim;RUA MARANTA, 315 OLARIA BARREIRO. 30660-450 Belo Horizonte - MG.
31282413;CRECHE COMUNITARIA DO BAIRRO SANTA CECILIA JOAO AUGUSTO BITARAES FILHOS DE DEUS;-19.99840167;-44.03587167;infantil;privada;ativa;geral;sim;AVENIDA SENADOR LEVINDO COELHO, 1167 SANTA CECILIA VALE DO JATOBA BARREIRO. 30668-283 Belo Horizonte - MG.
31332038;CRECHE COMUNITARIA DOM GIUSSANI;-19.83921102;-43.91130846;infantil;privada;ativa;geral;sim;RUA GERALDO FERNANDES, 190 NOVO TUPI. 31844-290 Belo Horizonte - MG.
31257842;CRECHE COMUNITARIA JESUS E AS CRIANCAS;-19.87124000;-43.91206000;infantil;privada;ativa;geral;sim;RUA SANTA AMELIA, 370 PREDIO. SAO MARCOS. 31920-480 Belo Horizonte - MG.
31282481;CRECHE COMUNITARIA LAR INFANTIL DORCAS;-19.89826667;-43.94958500;infantil;privada;ativa;geral;sim;RUA MARCAZITA, 350 SAO CRISTOVAO. 31230-730 Belo Horizonte - MG.
31281310;CRECHE COMUNITARIA MARIA BESSA;-19.98607232;-44.05448955;infantil;privada;ativa;geral;sim;RUA CLOVIS DE SOUZA MUNHOZ, 53 REGINA BARREIRO. 30692-280 Belo Horizonte - MG.
31289914;CRECHE COMUNITARIA MARIA CHIQUINHA;-19.95929599;-44.01122619;infantil;privada;ativa;geral;sim;RUA DOUTOR RIBEIRO PENA, 380 DAS INDUSTRIAS I BARREIRO. 30610-080 Belo Horizonte - MG.
31281301;CRECHE COMUNITARIA MARIA FLORIPES;-19.98017830;-44.04596950;infantil;privada;ativa;geral;sim;AVENIDA FLOR-DE-SEDA, 1188 LINDEIA BARREIRO. 30690-580 Belo Horizonte - MG.
31282227;CRECHE COMUNITARIA NOSSA SENHORA DO CARMO;-19.93775000;-44.00263000;infantil;privada;ativa;geral;sim;RUA CORONEL CAMISAO, 167 VILA OESTE. 30532-040 Belo Horizonte - MG.
31281531;CRECHE COMUNITARIA PADRE FRANCISCO CARVALHO MOREIRA;-19.89700139;-43.89785827;infantil;privada;ativa;geral;sim;RUA TUCUMAN, 564 SAO GERALDO. 31050-560 Belo Horizonte - MG.
31006114;CRECHE COMUNITARIA PADRE JOSE FELIX;-19.86690500;-43.92508000;infantil;privada;ativa;geral;sim;RUA PADRE JOSE ALVES, 271 SAO PAULO. 31910-060 Belo Horizonte - MG.
31282260;CRECHE COMUNITARIA PEQUENO ALEXANDRE;-19.83604745;-43.96635282;infantil;privada;ativa;geral;sim;RUA ANTERO DE QUENTAL, 49 SANTA BRANCA. 31565-120 Belo Horizonte - MG.
31257648;CRECHE COMUNITARIA PINGO DE GENTE;-19.99330003;-44.03499942;infantil;privada;ativa;geral;sim;AVENIDA SENADOR LEVINDO COELHO, 600 TIROL BARREIRO. 30662-290 Belo Horizonte - MG.
31308528;CRECHE COMUNITARIA RECANTO FELIZ;-19.86931110;-44.00741060;infantil;privada;ativa;geral;sim;RUA CONGONHAL, 457 SANTA TEREZINHA. 31360-020 Belo Horizonte - MG.
31291579;CRECHE COMUNITARIA RECANTO VERDE;-19.79357000;-43.95465000;infantil;privada;ativa;geral;sim;RUA HEITOR A. MONTALVAO, 211 SERRA VERDE VENDA NOVA. 31630-020 Belo Horizonte - MG.
31282553;CRECHE COMUNITARIA SOSSEGO DA MAMAE;-19.85292405;-43.88428361;infantil;privada;ativa;geral;sim;RUA D, 185 JARDIM VITORIA. 31960-460 Belo Horizonte - MG.
31290327;CRECHE COMUNITARIA TERRA NOVA;-19.96153000;-43.92928000;infantil;privada;ativa;geral;sim;RUA DOS CARVALHOS, 124 VILA ACABA MUNDO. SION. 30315-320 Belo Horizonte - MG.
31257524;CRECHE COMUNITARIA TIA FRANCISCA;-19.99979739;-44.03251054;infantil;privada;ativa;geral;sim;RUA PAULO DUARTE, 320 SANTA CECILIA VALE DO JATOBA BARREIRO. 30668-260 Belo Horizonte - MG.
31315079;CRECHE COMUNITARIA TIA MAMALIA;-19.94379731;-43.99265181;infantil;privada;ativa;geral;sim;RUA ESTEVAO MESSIAS, 160 IMBAUBAS / NOVA GAMELEIRA. 30510-340 Belo Horizonte - MG.
31283606;CRECHE COMUNITARIO CRISTO OPERARIO;-19.83675833;-43.94781167;infantil;privada;ativa;geral;sim;RUA RISOLETA PINTO SARDINHA, 41 PLANALTO. 31720-530 Belo Horizonte - MG.
31289931;CRECHE CONS COM INT VENDA NOVA;-19.80244000;-43.98778000;;privada;extinta;geral;nao;RUA TENENTE MARINO FREIRE, 157 MARIA HELENA. 31680-120 Belo Horizonte - MG.
31289604;CRECHE CRIANCA FELIZ DA COMUNIDADE AMIGOS DO BAIRRO CAETANO FURQUIM;-19.89998240;-43.89086270;infantil;privada;ativa;geral;sim;RUA UARIRA, 317 CAETANO FURQUIM. 31050-200 Belo Horizonte - MG.
31282286;CRECHE DA ACAO SOCIAL DA PAROQUIA BOM PASTOR;-19.92308395;-43.99847539;infantil;privada;ativa;geral;sim;PRACA DA COMUNIDADE, 50 EM FRENTE A PRACA. DOM CABRAL. 30535-210 Belo Horizonte - MG.
31281743;CRECHE DAS PERPETUAS;-19.89688000;-44.00538000;infantil;privada;ativa;geral;sim;RUA GUARUBA, 25 ALIPIO DE MELO. 30830-690 Belo Horizonte - MG.
31290301;CRECHE DAS ROSINHAS;-19.93257000;-43.92215000;infantil;privada;ativa;geral;sim;RUA POUSO ALTO, 215 SERRA. 30240-180 Belo Horizonte - MG.
31290271;CRECHE DO FREI CLAUDIO VAN BALEN;-19.95346000;-43.94220000;infantil;privada;ativa;geral;sim;RUA UNIAO, 83 SANTA RITA DE CASSIA. 30335-030 Belo Horizonte - MG.
31282235;CRECHE DO MENINO DEUS;-19.88227000;-43.92145000;infantil;privada;ativa;geral;sim;RUA NELSON, 522 UNIAO. 31170-770 Belo Horizonte - MG.
31291048;CRECHE DOM BOSCO;-19.91182333;-44.00025333;infantil;privada;ativa;geral;sim;RUA OLINTO MAGALHAES, 2130 DOM BOSCO. 30830-050 Belo Horizonte - MG.
31377023;CRECHE DOM BOSCO - UNIDADE II;-19.91094000;-43.99949000;infantil;privada;ativa;geral;sim;RUA GUAIANA, 26 DOM BOSCO. 30830-080 Belo Horizonte - MG.
31257575;CRECHE DONA QUITA TOLENTINO;-19.89782000;-43.96131000;infantil;privada;ativa;geral;sim;BECO BELA VISTA, 54 SANTANA DO CAFEZAL. 30250-010 Belo Horizonte - MG.
31378054;CRECHE DONA QUITA TOLENTINO II;-19.89771238;-43.96143938;infantil;privada;ativa;geral;sim;AVENIDA AMERICO VESPUCIO, 1580 NOVA ESPERANCA. 31230-250 Belo Horizonte - MG.
31290017;CRECHE DORA RIBEIRO;-19.85332548;-43.92584360;infantil;privada;ativa;geral;sim;RUA JOANA ANGELICA, 420 AO LADO DO Nº 1120. PROVIDENCIA. 31810-390 Belo Horizonte - MG.
31281344;CRECHE EDUCACIONAL NASCER DA ESPERANCA;-19.95110940;-43.94205450;infantil;privada;ativa;geral;sim;RUA H, 280 VILA BARRAGEM SANTA LUCIA. 30335-522 Belo Horizonte - MG.
31320773;CRECHE EDUCANDARIO MEIMEI;-19.86929000;-44.00952167;infantil;privada;ativa;geral;sim;RUA JOAO EVANGELISTA, 270 CASA. SANTA TEREZINHA. 31360-140 Belo Horizonte - MG.
31257630;CRECHE ESCOLA INFANTIL SAO VICENTE DE PAULO;-19.91695766;-43.91847339;infantil;privada;ativa;geral;sim;RUA EURITA, 461 SANTA TEREZA. 31010-210 Belo Horizonte - MG.
31308765;CRECHE ESPERANCA;-19.94463030;-43.98540500;infantil;privada;ativa;geral;sim;RUA NOVA PONTE, 11 SALGADO FILHO. 30550-720 Belo Horizonte - MG.
31345660;CRECHE ESPIRITA NOSSO PEQUENO LAR;-19.83782000;-43.92462000;;privada;extinta;geral;nao;RUA NELSON HUNGRIA, 340 TUPI A. 31842-330 Belo Horizonte - MG.
31290025;CRECHE ETELVINA CAETANO DE JESUS;-19.86268270;-43.92737658;infantil;privada;ativa;geral;sim;RUA OSCAR LOBO PEREIRA, 115 ANTIGA RUA A. PRIMEIRO DE MAIO. 31812-070 Belo Horizonte - MG.
31281875;CRECHE FRANCISCO DE ASSIS;-19.90823000;-43.90906000;infantil;privada;ativa;geral;sim;RUA ANTONIO OLINTO, 825 ESPLANADA. 30280-040 Belo Horizonte - MG.
31289612;CRECHE GRAZIA BARRECA CASTAGNA;-19.91399667;-43.90702167;infantil;privada;ativa;geral;sim;RUA CORONEL OTAVIO DINIZ, 14 VILA SAO RAEL. SANTA EFIGENIA. 30270-360 Belo Horizonte - MG.
31297739;CRECHE IMACULADA CONCEICAO DA SOCIEDADE SAO VICENTE DE PAULO;-19.88696220;-43.90170330;infantil;privada;ativa;geral;sim;RUA MOCOCA, 62 NOVA VISTA. 31070-170 Belo Horizonte - MG.
31302058;CRECHE INFANTIL OS TRES PORQUINHOS;-19.85326517;-43.90833587;infantil;privada;ativa;geral;sim;RUA DOS FERREIROS, 228 PREDIO. SAO GABRIEL. 31985-090 Belo Horizonte - MG.
31281336;CRECHE INFANTIL PINGO DAGUA;-19.95180804;-43.99899835;infantil;privada;ativa;geral;sim;RUA EPAMINONDAS OTONI, 315 VISTA ALEGRE. 30512-700 Belo Horizonte - MG.
31282456;CRECHE INFANTIL VOVO GERALDA LUCAS;-19.83186772;-43.88807424;infantil;privada;ativa;geral;sim;RUA PACO DA LIBERDADE, 02 CRECHE. CONJUNTO PAULO VI. 31998-070 Belo Horizonte - MG.
31371793;CRECHE INSTITUTO FRE;-19.92155786;-44.00783704;infantil;privada;ativa;geral;sim;RUA DAS GUITARRAS, 72 CONJUNTO CALIFORNIA I. 30850-570 Belo Horizonte - MG.
31364789;CRECHE JARDIM DAS BORBOLETAS;-19.91882213;-43.98259244;;privada;extinta;geral;nao;RUA BELA VISTA, 105 PADRE EUSTAQUIO. 30730-000 Belo Horizonte - MG.
31281867;CRECHE LAR CRISTAO DA CRIANCA;-19.97915876;-44.00209391;infantil;privada;ativa;geral;sim;RUA SALVADOR PIRRI, 292 PREDIO. MILIONARIOS BARREIRO. 30620-040 Belo Horizonte - MG.
31372820;CRECHE LAR CRISTAO DA CRIANCA - UNIDADE II;-19.98107055;-43.99895959;infantil;privada;ativa;geral;sim;RUA PONTA GROSSA, 863 PREDIO. MILIONARIOS. 30620-180 Belo Horizonte - MG.
31281506;CRECHE LAR DAS CRIANCAS SAO VICENTE DE PAULO;-19.97941833;-44.02370833;infantil;privada;ativa;geral;sim;RUA SOUZA MAGALHAES, 853 BARREIRO. 30640-570 Belo Horizonte - MG.
31308935;CRECHE LAR FREI TONINHO;-20.01593668;-44.03047040;infantil;privada;ativa;geral;sim;RUA DAS AGUAS, 61 PETROPOLIS. 30666-500 Belo Horizonte - MG.
31290335;CRECHE MADRE GARCIA;-19.95119000;-43.94489000;infantil;privada;ativa;geral;sim;RUA PRINCIPAL, 19 CASA. VILA BARRAGEM SANTA LUCIA. 30335-000 Belo Horizonte - MG.
31308684;CRECHE MADRE MAZZARELLO;-19.94916667;-43.99115167;infantil;privada;ativa;geral;sim;RUA SANTAREM, 278 288. NOVA CINTRA. 30516-070 Belo Horizonte - MG.
31372781;CRECHE MARIA EURIPEDES DA SILVA;-19.78560835;-43.98124216;infantil;privada;ativa;geral;sim;RUA MARIA ROSA DA SILVA, 1074 MANTIQUEIRA. 31655-290 Belo Horizonte - MG.
31281476;CRECHE MENINO JESUS;-19.94279044;-43.94606133;infantil;privada;ativa;geral;sim;RUA PAULO AFONSO, 630 SANTO ANTONIO. 30350-060 Belo Horizonte - MG.
31308650;CRECHE METODISTA ISABEL VEIGA PINTO;-19.90039200;-43.98544712;infantil;privada;ativa;geral;sim;RUA FLOR-DE-LA, 40 JARDIM ALVORADA. 30810-040 Belo Horizonte - MG.
31309524;CRECHE NOSSA SENHORA AUXILIADORA DO BAIRRO SANTA MARIA;-19.93686290;-44.01024338;infantil;privada;ativa;geral;sim;RUA GONCALVES CRESPO, 22 SANTA MARIA. 30525-040 Belo Horizonte - MG.
31303747;CRECHE NOSSA SENHORA DAS NEVES;-19.90443423;-43.98918777;infantil;privada;ativa;geral;sim;RUA DA PASCOA, 40 JARDIM SAO JOSE. 30820-010 Belo Horizonte - MG.
31282502;CRECHE NOSSA SENHORA DO PERPETUO SOCORRO;-19.91675000;-43.88328000;infantil;privada;ativa;geral;sim;RUA FRANCISCO SERRAO, 45 CONJUNTO TAQUARIL. 30295-270 Belo Horizonte - MG.
31289850;CRECHE NOSSA SENHORA DO ROSARIO DE POMPEIA;-19.91269169;-43.90492841;infantil;privada;ativa;geral;sim;RUA LEOPOLDO GOMES, 382 POMPEIA. 30280-460 Belo Horizonte - MG.
31309117;CRECHE NOSSO ABRIGO CLAUDIA MARIA ROCHA BRANT;-19.94599732;-43.92459114;infantil;privada;ativa;geral;sim;RUA ARTUR JOVIANO, 26 CRUZEIRO. 30310-270 Belo Horizonte - MG.
31291501;CRECHE OASIS;-19.90058500;-43.94392833;infantil;privada;ativa;geral;sim;RUA JOAZEIRO, 51 29,41,51. SAO CRISTOVAO. 31110-490 Belo Horizonte - MG.
31308897;CRECHE OASIS DE ESPERANCA;-19.87178000;-43.98844000;;privada;extinta;geral;sim;RUA JORDANIA, 300 CASA. OURO PRETO. 31310-470 Belo Horizonte - MG.
31282375;CRECHE ODETE VALADARES;-19.88524000;-43.93094000;infantil;privada;ativa;geral;sim;RUA PIO XI, 804 IPIRANGA. 31160-140 Belo Horizonte - MG.
31308846;CRECHE PADRE EUSTAQUIO;-19.91951000;-43.97975000;infantil;privada;ativa;geral;sim;RUA HENRIQUE GORCEIX, 340 PADRE EUSTAQUIO. 30720-416 Belo Horizonte - MG.
31376973;CRECHE PADRE EUSTAQUIO - UNIDADE II;-19.90390000;-44.02371000;infantil;privada;ativa;geral;sim;RUA SEARA, 520 COQUEIROS. 30880-460 Belo Horizonte - MG.
31322008;CRECHE PASSO A PASSO COM JESUS;-19.90690449;-43.89170629;infantil;privada;ativa;geral;sim;RUA ASTOLFO DUTRA, 2385 ALTO VERA CRUZ. 30285-280 Belo Horizonte - MG.
31282014;CRECHE PATATI PATATA;-19.86499163;-43.93266640;infantil;privada;ativa;geral;sim;RUA CAJUI, 100 SUZANA. 31260-480 Belo Horizonte - MG.
31289558;CRECHE RECANTO COMUNITARIO CRIANCA FELIZ;-19.91888658;-43.88717749;infantil;privada;ativa;geral;sim;RUA DESEMBARGADOR BRAULIO, 2288 CRECHE. VERA CRUZ. 30285-170 Belo Horizonte - MG.
31281999;CRECHE RECANTO DA LAURINHA;-19.87310000;-43.97771000;;privada;extinta;geral;nao;RUA CONCEICAO DO MATO DENTRO, 160 OURO PRETO. 31310-240 Belo Horizonte - MG.
31290220;CRECHE RECANTO DO MENOR;-19.94288264;-43.95223620;infantil;privada;ativa;geral;sim;BECO DO COQUEIRO, 100 VILA SAO JOSE. CORACAO DE JESUS. 30380-204 Belo Horizonte - MG.
31372382;CRECHE SAGRADA FAMILIA;-19.92248091;-43.87148686;infantil;privada;ativa;geral;sim;AVENIDA COUNTRY CLUB, 469 CONJUNTO TAQUARIL. 30285-658 Belo Horizonte - MG.
31282421;CRECHE SANTA LUZIA;-19.88248167;-43.93303667;infantil;privada;ativa;geral;sim;RUA OZANAM, 308 IPIRANGA. 31160-210 Belo Horizonte - MG.
31290149;CRECHE SANTA MARIA MADALENA;-19.86313464;-43.93136412;infantil;privada;ativa;geral;sim;RUA JORGE FRANCISCO DOS SANTOS, 11 PRIMEIRO DE MAIO. 31810-230 Belo Horizonte - MG.
31308692;CRECHE SANTA SOFIA;-19.95046163;-43.96556703;infantil;privada;ativa;geral;sim;RUA HELIOTERIO, 85 SANTA SOFIA. 30451-416 Belo Horizonte - MG.
31290106;CRECHE SANTA TEREZINHA DO BAIRRO JAQUELINE;-19.80283350;-43.93947085;infantil;privada;ativa;geral;sim;RUA SENHORA DO BELO RAMO, 175 ESCOLA. JAQUELINE. 31748-143 Belo Horizonte - MG.
31290262;CRECHE SAO FRANCISCO DE ASSIS;-19.93808009;-43.90591929;infantil;privada;ativa;geral;sim;RUA NOSSA SENHORA DE FATIMA, 1175 NOSSA SENHORA DE FATIMA. 30230-000 Belo Horizonte - MG.
31282308;CRECHE SAO GERALDO;-19.89037956;-43.93808503;infantil;privada;ativa;geral;sim;PRACA MUQUI, 121 RENASCENCA. 31130-520 Belo Horizonte - MG.
31377970;CRECHE SAO JOAO PAULO II;-19.91673403;-43.88331332;infantil;privada;ativa;geral;sim;RUA MONTE REAL, 60 PREDIO. GRANJA DE FREITAS. 30286-100 Belo Horizonte - MG.
31290211;CRECHE SAO JOSE;-19.93712000;-43.94763000;infantil;privada;ativa;geral;sim;RUA TENENTE RENATO CESAR, 53 CIDADE JARDIM. 30380-110 Belo Horizonte - MG.
31356115;CRECHE SAO JOSE OPERARIO;-19.91070981;-43.99956606;infantil;privada;ativa;geral;sim;RUA PORANGA, 127 DOM BOSCO. 30830-100 Belo Horizonte - MG.
31303755;CRECHE SAO TIAGO;-19.90413347;-43.99273643;infantil;privada;ativa;geral;sim;RUA URUCANIA, 304 JARDIM SAO JOSE. 30820-100 Belo Horizonte - MG.
31281981;CRECHE SEMENTES DO AMANHA;-19.87617945;-43.95249856;infantil;privada;ativa;geral;sim;AVENIDA PRESIDENTE ANTONIO CARLOS, 3800 SAO FRANCISCO. 31255-234 Belo Horizonte - MG.
31309281;CRECHE SEMENTINHA ALEGRE;-19.95418000;-43.97287000;infantil;privada;ativa;geral;sim;RUA DO GROTAO, 31 HAVAI. 30555-270 Belo Horizonte - MG.
31315109;CRECHE SONHO DE CRIANCA;-19.81612000;-43.96110000;infantil;privada;ativa;geral;sim;RUA ALCIDES LINS, 112 CASA. SAO JOAO BATISTA. 31510-030 Belo Horizonte - MG.
31339393;CRECHE SONHO DE CRIANCA;-19.95133667;-43.99919500;infantil;privada;ativa;geral;sim;RUA EPAMINONDAS OTONI, 255 VISTA ALEGRE. 30512-700 Belo Horizonte - MG.
31281417;CRECHE SONHO REALIZADO;-19.95108870;-43.99723301;;privada;extinta;geral;sim;RUA SANTO INACIO, 185 PREDIO. VISTA ALEGRE. 30512-570 Belo Horizonte - MG.
31006645;CRECHE TIA CANDINHA;-19.99032639;-44.03546909;infantil;privada;ativa;geral;sim;RUA JOAO BATISTA DE ASSIS, 209 TIROL BARREIRO. 30662-320 Belo Horizonte - MG.
31340154;CRECHE TIA IOLANDA;-19.90631407;-43.99859797;infantil;privada;ativa;geral;sim;RUA MARIO CAMPOS, 350 INCONFIDENCIA. 30820-280 Belo Horizonte - MG.
31289841;CRECHE UNIVERSO INFANTIL AMURT AMURTEL;-19.83232667;-43.99309333;infantil;privada;ativa;geral;sim;RUA VIVEIROS DE CASTRO, 118 COPACABANA. 31540-520 Belo Horizonte - MG.
31281395;CRECHE VICENTINA DO SANTISSIMO SACRAMENTO;-19.93266333;-43.91791167;infantil;privada;ativa;geral;sim;RUA SALUTARES, 220 SAO LUCAS. 30240-190 Belo Horizonte - MG.
31290068;CRECHE VIRGILIO PEDRO DE ALMEIDA;-19.83954333;-43.90876333;infantil;privada;ativa;geral;sim;RUA QUARENTA E TRES, 86 NOVO AARAO REIS. 31845-060 Belo Horizonte - MG.
31290343;CRECHE VOVO DUDU;-19.91427349;-43.96987727;infantil;privada;ativa;geral;sim;RUA PERDOES, 339 CARLOS PRATES. 30720-280 Belo Horizonte - MG.
31281441;CRECHE VOVO GUIOMAR;-19.91151994;-43.94562934;infantil;privada;ativa;geral;sim;RUA BONFIM, 360 BONFIM. 31210-150 Belo Horizonte - MG.
31308625;CRUZADA DO BEM ELIZABETH SANTOS;-19.94307167;-43.97193167;infantil;privada;ativa;geral;sim;RUA BOGOTA, 95 JARDIM AMERICA. 30421-392 Belo Horizonte - MG.
31379760;CSACA MONTES CLAROS;-19.82934333;-43.89115500;infantil;privada;ativa;geral;sim;RUA QUINHENTOS E QUINZE, 285 CAPITAO EDUARDO. 31998-658 Belo Horizonte - MG.
31261866;DINAMICA CENTRO EDUCACIONAL;-19.84259538;-43.97605581;infantil|fundamental_i;privada;ativa;geral;nao;RUA LEVINDO IGNACIO RIBEIRO, 240 SANTA AMELIA. 31560-260 Belo Horizonte - MG.
31345237;DOCE MENTE INSTITUTO EDUCACIONAL;-19.89500750;-43.88762410;;privada;extinta;geral;nao;RUA AUREO DRUMMOND, 115 CASA BRANCA. 31050-060 Belo Horizonte - MG.
31332241;DOCE VIDA SISTEMA DE ENSINO;-19.89271000;-43.93286000;infantil|fundamental_i;privada;ativa;geral;nao;RUA BOTUCATU, 63 NOVA FLORESTA. 31140-300 Belo Horizonte - MG.
31007307;EDUCACAO INFANTIL - COLEGIO IMACULADA CONCEICAO;-19.93010080;-43.93916520;;privada;extinta;geral;nao;RUA DA BAHIA, 1762 LOURDES. 30160-011 Belo Horizonte - MG.
31282294;EDUCANDARIO E CRECHE MENINO JESUS;-19.90282880;-43.93453260;infantil;privada;ativa;geral;sim;RUA ITAPAGIPE, 622 CONCORDIA. 31110-590 Belo Horizonte - MG.
31273244;EDUCANDARIO ESTRELAS DO FUTURO;-19.87765000;-44.01420000;infantil|fundamental_i|fundamental_ii;privada;ativa;geral;nao;RUA MARIA DA CONCEICAO DE SOUZA, 55 SERRANO. 30882-720 Belo Horizonte - MG.
31281859;EDUCANDARIO PRESBITERIANO RENOVADO;-19.90093771;-43.99015774;infantil;privada;ativa;geral;sim;RUA FLOR DA CACHOEIRINHA, 95 JARDIM ALVORADA. 30810-240 Belo Horizonte - MG.
31358827;EDUCAR CENTRO PEDAGOGICO;-19.88256901;-44.00025925;infantil;privada;ativa;geral;nao;RUA CASTELO DE WINDSOR, 32 CASTELO. 31330-180 Belo Horizonte - MG.
31332372;EDUCATIVA - NUCLEO DE DESENVOLVIMENTO DA CRIANCA;-19.97855000;-43.97578000;infantil|fundamental_i;privada;ativa;geral;nao;RUA GERALDO LUCIO VASCONCELOS, 771 BURITIS. 30575-859 Belo Horizonte - MG.
31000027;EE AARAO REIS;-19.94993833;-44.00523833;fundamental_i|fundamental_ii;estadual;ativa;geral;nao;RUA JAYME SALES, 330 MADRE GERTRUDES. 30518-320 Belo Horizonte - MG.
31001911;EE ADALBERTO FERRAZ;-19.85735010;-43.91688740;fundamental_i|fundamental_ii;estadual;ativa;geral;nao;RUA OPERARIO SILVA, 50 SAO GABRIEL. 31980-130 Belo Horizonte - MG.
31000264;EE AFONSO PENA;-19.92905380;-43.93748930;fundamental_i|fundamental_ii;estadual;ativa;geral;nao;AVENIDA JOAO PINHEIRO, 450 CENTRO. 30130-180 Belo Horizonte - MG.
31002232;EE AFONSO PENA MASCARENHAS;-19.79903380;-43.97442860;fundamental_i;estadual;ativa;geral;nao;RUA ODETE RODRIGUES DE OLIVEIRA, 180 JARDIM DOS COMERCIARIOS. 31640-065 Belo Horizonte - MG.
31002259;EE AFRANIO DE MELO FRANCO;-19.82850090;-43.98259700;fundamental_i|fundamental_ii;estadual;ativa;geral;nao;RUA DOS COMANCHES, 678 SANTA MONICA. 31530-250 Belo Horizonte - MG.
31000426;EE ALBERTO DELPINO;-19.99200026;-44.01312344;;estadual;ativa;geral;nao;RUA FRANCISCO DUARTE MENDONCA, 2282 BARREIRO DE BAIXO. 30640-460 Belo Horizonte - MG.
31000591;EE ALVARO LAUREANO PIMENTEL;-20.00278000;-44.00721000;fundamental_ii;estadual;ativa;geral;nao;RUA JOSE OVIDIO GUERRA, 445 CARDOSO. 30626-660 Belo Horizonte - MG.
31000663;EE ALZIRA ALBUQUERQUE MOSQUEIRA;-19.94871888;-43.97940913;fundamental_ii;estadual;ativa;geral;nao;RUA PROFESSOR CICERO PEREIRA, 69 SALGADO FILHO. 30550-660 Belo Horizonte - MG.
31000744;EE AMELIA JOSEFINA KEESEN;-19.93642900;-43.98127900;fundamental_i|fundamental_ii;estadual;ativa;geral;nao;RUA HERCULANO PENA, 598 NOVA SUICA. 30550-012 Belo Horizonte - MG.
31000825;EE ANA DE CARVALHO SILVEIRA;-19.88755000;-43.93040000;fundamental_ii;estadual;ativa;geral;nao;AVENIDA DOM LEME, 235 SILVEIRA. 31140-560 Belo Horizonte - MG.
31001210;EE ANITA BRINA BRANDAO;-19.85608340;-43.94890340;fundamental_i|fundamental_ii;estadual;ativa;geral;nao;RUA HIGINO BONFIOLI, 5 JARAGUA. 31270-460 Belo Horizonte - MG.
31002216;EE ANTENOR PESSOA;-19.78651190;-43.97035050;fundamental_i|fundamental_ii;estadual;ativa;geral;nao;RUA SESSENTA E OITO, 154 JARDIM DOS COMERCIARIOS. 31650-095 Belo Horizonte - MG.
31002291;EE ANTONIO CLEMENTE;-19.84757070;-43.92053730;fundamental_i;estadual;ativa;geral;nao;RUA DOUTOR BENEDITO XAVIER, 1975 AARAO REIS. 31810-540 Belo Horizonte - MG.
31002313;EE ARI DA FRANCA;-19.81268790;-43.97747310;;estadual;ativa;geral;nao;RUA MINISTRO OLIVEIRA SALAZAR, 1057 SANTA MONICA. 31520-400 Belo Horizonte - MG.
31001546;EE ARTUR JOVIANO;-19.92372000;-43.91434000;fundamental_ii;estadual;ativa;geral;nao;RUA EUCLASIO, 201 SANTA EFIGENIA. 30260-220 Belo Horizonte - MG.
31001627;EE ASSIS CHATEAUBRIAND;-19.89260770;-43.90488860;fundamental_ii;estadual;ativa;geral;nao;RUA MARZAGANIA, 289 BOA VISTA. 31060-310 Belo Horizonte - MG.
31001708;EE ASSIS DAS CHAGAS;-19.92240480;-43.99845480;fundamental_i|fundamental_ii;estadual;ativa;geral;nao;PRACA DA COMUNIDADE, 165 DOM CABRAL. 30535-210 Belo Horizonte - MG.
31001783;EE AUGUSTO DE LIMA;-19.93731500;-43.92519670;fundamental_ii;estadual;ativa;geral;nao;AVENIDA DO CONTORNO, 4947 FUNCIONARIOS. 30110-031 Belo Horizonte - MG.
31001864;EE BARAO DE MACAUBAS;-19.91624850;-43.92881010;fundamental_ii;estadual;ativa;geral;nao;RUA DAVI CAMPISTA, 42 FLORESTA. 30150-090 Belo Horizonte - MG.
31001945;EE BARAO DO RIO BRANCO;-19.93751140;-43.93332460;fundamental_ii;estadual;ativa;geral;nao;AVENIDA GETULIO VARGAS, 1059 FUNCIONARIOS. 30112-020 Belo Horizonte - MG.
31002003;EE BENJAMIM GUIMARAES;-19.90262580;-43.93484000;fundamental_i;estadual;ativa;geral;nao;RUA ITAPAGIPE, 622 CONCORDIA. 31110-590 Belo Horizonte - MG.
31002089;EE BERNARDO MONTEIRO;-19.92380887;-43.96824148;fundamental_ii;estadual;ativa;geral;nao;PRACA DOUTOR CARLOS MARQUES, 0 CALAFATE. 30411-320 Belo Horizonte - MG.
31001384;EE BOLIVAR TINOCO MINEIRO;-19.83502100;-43.90573740;fundamental_i|fundamental_ii;estadual;ativa;geral;nao;RUA DIVINO ESPIRITO SANTO, 40 RIBEIRO DE ABREU. 31870-590 Belo Horizonte - MG.
31002127;EE BRITALDO SOARES FERREIRA DINIZ;-19.86342000;-43.93406000;fundamental_i|fundamental_ii;estadual;ativa;geral;nao;RUA PIRACEMA, 331 SUZANA. 31260-430 Belo Horizonte - MG.
31000035;EE BUENO BRANDAO;-19.93624110;-43.93307560;fundamental_i;estadual;ativa;geral;nao;RUA PARAIBA, 1145 FUNCIONARIOS. 30130-141 Belo Horizonte - MG.
31000116;EE CABANA DO PAI TOMAS;-19.94453990;-44.00179610;fundamental_i|fundamental_ii;estadual;ativa;geral;nao;RUA DA CHACARA, 132 CABANA. 30512-060 Belo Horizonte - MG.
31000191;EE CAIO NELSON DE SENA;-19.90138505;-43.97108084;fundamental_ii;estadual;ativa;geral;nao;RUA ENGENHO DE DENTRO, 887 CAICARAS. 30775-480 Belo Horizonte - MG.
31001651;EE CAMINHO A LUZ;-19.90442000;-43.90281000;fundamental_ii;estadual;ativa;geral;nao;RUA CRAVINAS, 537 ESPLANADA. 30280-170 Belo Horizonte - MG.
31000434;EE CANDIDA CABRAL;-19.92838220;-44.00235800;;estadual;ativa;geral;nao;RUA FREI LUIZ DE SOUZA, 481 JOAO PINHEIROS. 30530-310 Belo Horizonte - MG.
31000515;EE CANDIDO PORTINARI;-19.94285000;-43.98724000;fundamental_ii;estadual;ativa;geral;nao;RUA CAMPINA VERDE, 0 SALGADO FILHO. 30550-340 Belo Horizonte - MG.
31000671;EE CARLOS CAMPOS;-19.86054470;-43.91658790;fundamental_i;estadual;ativa;geral;nao;RUA JORN OSVALDINA NOBRE, 100 EYMARD. 31930-660 Belo Horizonte - MG.
31002526;EE CARLOS DRUMMOND DE ANDRADE;-19.83251000;-43.93076000;fundamental_ii;estadual;ativa;geral;nao;RUA PROFESSORA GABRIELA VARELA, 360 FLORAMAR. 31742-114 Belo Horizonte - MG.
31000752;EE CARLOS GOES;-19.89568230;-43.90238140;fundamental_i|fundamental_ii;estadual;ativa;geral;nao;RUA ERNESTO AUSTIN, 420 BOA VISTA. 31060-430 Belo Horizonte - MG.
31000833;EE CARMO GIFFONI;-19.99423030;-44.05401304;fundamental_ii;estadual;ativa;geral;nao;RUA COLAR, 85 JATOBA. 30692-020 Belo Horizonte - MG.
31000990;EE CECILIA MEIRELES;-19.98927910;-44.01767970;fundamental_i|fundamental_ii;estadual;ativa;geral;nao;RUA JOSE DOS SANTOS LAGE, 360 TEIXEIRA DIAS. 30644-220 Belo Horizonte - MG.
31002372;EE CELMAR BOTELHO DUARTE;-19.85671770;-43.92448880;fundamental_i|fundamental_ii;estadual;ativa;geral;nao;RUA BELO ORIENTE, 845 PROVIDENCIA. 31814-100 Belo Horizonte - MG.
31001074;EE CELSO MACHADO;-19.98482000;-44.00408000;fundamental_ii;estadual;ativa;geral;nao;RUA DONA LUIZA, 491 MILIONARIOS. 30620-090 Belo Horizonte - MG.
31001155;EE CESARIO ALVIM;-19.91791540;-43.94477920;fundamental_i|fundamental_ii;estadual;ativa;geral;nao;RUA RIO GRANDE DO SUL, 0 CENTRO. 30170-110 Belo Horizonte - MG.
31001317;EE CORACAO EUCARISTICO;-19.91192000;-43.89771000;;estadual;ativa;geral;nao;RUA ARCOS, 410 VERA CRUZ. 30285-100 Belo Horizonte - MG.
31001392;EE CORONEL JUCA PINTO;-19.86669830;-43.94394200;fundamental_i|fundamental_ii;estadual;ativa;geral;nao;AVENIDA BUENO SIQUEIRA, 180 UNIVERSITARIO. 31255-450 Belo Horizonte - MG.
31002534;EE CORONEL MANOEL SOARES DO COUTO;-19.80659000;-43.95764000;fundamental_i|fundamental_ii;estadual;ativa;geral;nao;RUA WALFRIDO TEIXEIRA SIMOES, 200 MINASCAIXA. 31615-680 Belo Horizonte - MG.
31001473;EE CORONEL VICENTE TORRES JUNIOR;-19.91068500;-43.89560000;fundamental_i|fundamental_ii;estadual;ativa;geral;nao;RUA LEOPOLDO GOMES, 1302 VERA CRUZ. 30285-310 Belo Horizonte - MG.
31001554;EE CRISTIANO MACHADO;-19.92270170;-43.97758010;fundamental_ii;estadual;ativa;geral;nao;RUA FRANCISCO BICALHO, 71 PADRE EUSTAQUIO. 30720-412 Belo Horizonte - MG.
31001007;EE DE EDUCACAO ESPECIAL DOUTOR JOAO MOREIRA SALLES;-19.85440000;-43.93251000;fundamental_ii;estadual;ativa;exclusivo_deficiencia;nao;RUA SANTA CLARA DE ASSIS, 159 MINASLANDIA. 31810-390 Belo Horizonte - MG.
31002356;EE DEPUTADO ALVARO SALLES;-19.83567610;-44.01101300;fundamental_i|fundamental_ii;estadual;ativa;geral;nao;RUA CARLOS LACERDA, 350 TREVO. 31545-170 Belo Horizonte - MG.
31000493;EE DEPUTADO ILACIR PEREIRA LIMA;-19.89017000;-43.94597000;fundamental_ii;estadual;ativa;geral;nao;RUA CONDE SANTA MARINHA, 707 CACHOEIRINHA. 31130-080 Belo Horizonte - MG.
31002411;EE DEPUTADO MANOEL COSTA;-19.82637210;-44.00939010;fundamental_i|fundamental_ii;estadual;ativa;geral;nao;RUA HORACIO TERENA GUIMARAES, 495 CEU AZUL. 31585-000 Belo Horizonte - MG.
31001759;EE DESEMBARGADOR MARIO GONCALVES DE MATOS;-19.91614480;-43.99208510;fundamental_i|fundamental_ii;estadual;ativa;geral;nao;PRACA DA CAPELA NOVA, 20 MINAS BRASIL. 30730-360 Belo Horizonte - MG.
31001791;EE DESEMBARGADOR RODRIGUES CAMPOS;-19.97614000;-44.01581000;;estadual;ativa;geral;nao;AVENIDA SINFRONIO BROCHADO, 355 BARREIRO DE BAIXO. 30640-000 Belo Horizonte - MG.
31001830;EE DIOGO DE VASCONCELOS;-19.95567000;-44.01056000;fundamental_i|fundamental_ii;estadual;ativa;geral;nao;RUA PROFESSOR LUIZ POMPEU, 30 DAS INDUSTRIAS. 30610-090 Belo Horizonte - MG.
31001872;EE DIVINA PROVIDENCIA;-19.98166840;-44.05527690;fundamental_ii;estadual;ativa;geral;nao;RUA PROFESSORA RUTH PINA, 381 REGINA. 30692-180 Belo Horizonte - MG.
31000655;EE DO INSTITUTO AGRONOMICO;-19.89812000;-43.91308000;fundamental_i|fundamental_ii;estadual;ativa;geral;nao;RUA SANTO AGOSTINHO, 1535 INSTITUTO AGRONOMICO. 31035-480 Belo Horizonte - MG.
31000442;EE DOM CABRAL;-19.96254721;-43.98844946;fundamental_ii;estadual;ativa;geral;nao;RUA SAO FELICISSIMO, 153 BETANIA. 30580-250 Belo Horizonte - MG.
31000604;EE DOMINGAS MARIA DE ALMEIDA;-20.01940680;-44.03446530;fundamental_i|fundamental_ii;estadual;ativa;geral;nao;RUA JOANICO CIRILO DE ABREU, 285 INDEPENDENCIA. 30672-200 Belo Horizonte - MG.
31000680;EE DONA ARGENTINA VIANNA CASTELO BRANCO;-19.94444090;-43.91905030;;estadual;ativa;exclusivo_deficiencia;nao;RUA ORIENTE, 758 SERRA. 30220-270 Belo Horizonte - MG.
31000761;EE DONA AUGUSTA GONCALVES NOGUEIRA;-19.95019650;-43.94502480;fundamental_i;estadual;ativa;geral;nao;RUA COPERNICO PINTO COELHO, 13 SANTA LUCIA. 30350-290 Belo Horizonte - MG.
31002488;EE DONATO WERNECK DE FREITAS;-19.85498760;-43.93287680;fundamental_ii;estadual;ativa;geral;nao;RUA ALCIDES DE SOUZA, 112 MINASLANDIA. 31810-350 Belo Horizonte - MG.
31000183;EE DOUTOR AMARO NEVES BARRETO;-19.99760240;-44.00328010;fundamental_i|fundamental_ii;estadual;ativa;exclusivo_deficiencia;nao;AVENIDA XIMANGO, 280 FLAVIO MARQUES LISBOA. 30624-160 Belo Horizonte - MG.
31001848;EE DOUTOR ANTONIO AUGUSTO SOARES CANEDO;-19.95028279;-44.00121159;fundamental_i;estadual;ativa;geral;nao;RUA CAPIM BRANCO, 157 VISTA ALEGRE. 30518-020 Belo Horizonte - MG.
31000841;EE DOUTOR AURINO MORAIS;-20.00968341;-44.03732648;fundamental_ii;estadual;ativa;geral;nao;RUA DOMICIO GABRIEL DE VASCONCELOS, 230 VALE DO JATOBA. 30664-480 Belo Horizonte - MG.
31000922;EE DOUTOR EUZEBIO DIAS BICALHO;-19.88472505;-44.01298111;fundamental_i|fundamental_ii;estadual;ativa;geral;nao;AVENIDA SERRANO, 75 SERRANO. 30882-370 Belo Horizonte - MG.
31001767;EE DOUTOR JOSE DO PATROCINIO DA SILVA PONTES;-19.98171916;-43.99966827;fundamental_i;estadual;ativa;geral;nao;RUA DOS CRUZEIRENSES, 15 MILIONARIOS. 30620-210 Belo Horizonte - MG.
31001082;EE DOUTOR LUCAS MONTEIRO MACHADO;-19.90999063;-44.02035053;;estadual;ativa;geral;nao;RUA GUARARAPES, 1800 PINDORAMA. 30865-000 Belo Horizonte - MG.
31001716;EE DOUTOR PAULO DINIZ CHAGAS;-19.93178320;-43.98492970;fundamental_ii;estadual;ativa;geral;nao;RUA CANDIDO DE SOUZA, 80 NOVA CINTRA. 30510-070 Belo Horizonte - MG.
31000124;EE DOUTOR SIMAO TAMM BIAS FORTES;-19.95836000;-43.97504000;fundamental_i|fundamental_ii;estadual;ativa;geral;nao;RUA MARIA BEATRIZ, 1200 HAVAI. 30555-140 Belo Horizonte - MG.
31000507;EE DULCE PINTO RODRIGUES;-19.93818130;-43.92196640;fundamental_i;estadual;ativa;geral;nao;RUA DONA CECILIA, 280 SERRA. 30220-070 Belo Horizonte - MG.
31001163;EE DUQUE DE CAXIAS;-19.98363000;-44.01099000;fundamental_i;estadual;ativa;geral;nao;RUA MARIA DE LOURDES OLIVEIRA, 85 SANTA HELENA. 30642-200 Belo Horizonte - MG.
31001244;EE EFIGENIO SALLES;-19.93523000;-43.90981000;fundamental_i;estadual;ativa;geral;nao;RUA SERENATA, 115 SANTANA DO CAFEZAL. 30250-000 Belo Horizonte - MG.
31001325;EE ELISEU LABORNE E VALE;-19.90570800;-43.98358080;fundamental_i|fundamental_ii;estadual;ativa;geral;nao;AVENIDA PANDIA CALOGERAS, 0 JARDIM MONTANHES. 30750-130 Belo Horizonte - MG.
31001597;EE ELPIDIO ARISTIDES DE FREITAS;-19.94258150;-44.01559570;fundamental_i|fundamental_ii;estadual;ativa;geral;nao;RUA MARIA ANTONIA FRAGOLA, 50 CAMARGOS. 30520-270 Belo Horizonte - MG.
31001406;EE ENGENHEIRO FRANCISCO BICALHO;-19.99344550;-44.00728260;fundamental_ii;estadual;ativa;geral;nao;AVENIDA OLINTO MEIRELES, 2632 BARREIRO DE CIMA. 30620-330 Belo Horizonte - MG.
31001481;EE ENGENHEIRO PRADO LOPES;-19.90434580;-43.89148050;fundamental_ii;estadual;ativa;geral;nao;RUA ITAGUA, 320 ALTO VERA CRUZ. 30285-260 Belo Horizonte - MG.
31001562;EE ENGENHEIRO SILVIO FONSECA;-19.88861000;-43.89836000;fundamental_i;estadual;ativa;geral;nao;RUA SIMAO PEREIRA, 60 NOVA VISTA. 31070-220 Belo Horizonte - MG.
31001228;EE ESTEVAO PINTO;-19.91011000;-43.91315000;;estadual;ativa;geral;nao;RUA CONSELHEIRO ROCHA, 3792 HORTO. 31035-007 Belo Horizonte - MG.
31001805;EE FLAVIO DOS SANTOS;-19.90344160;-43.93290370;fundamental_ii;estadual;ativa;geral;nao;RUA JACUI, 1131 CONCORDIA. 31110-050 Belo Horizonte - MG.
31001881;EE FRANCISCO MENEZES FILHO;-19.87381667;-43.98300833;;estadual;ativa;geral;nao;RUA JOAO ANTONIO CARDOSO, 318 OURO PRETO. 31310-390 Belo Horizonte - MG.
31001961;EE FRANCISCO SALES INSTITUTO DE DEFICIENCIA DA FALA E AUDICAO;-19.92273050;-43.95177490;fundamental_i|fundamental_ii;estadual;ativa;geral;nao;RUA GUAJAJARAS, 1887 BARRO PRETO. 30180-101 Belo Horizonte - MG.
31001856;EE GENERAL CARLOS LUIZ GUEDES;-19.97491500;-44.04542333;fundamental_i;estadual;ativa;geral;nao;RUA TIRADENTES, 1153 LINDEIA. 30622-630 Belo Horizonte - MG.
31002453;EE GERALDINA ANA GOMES;-19.80678430;-43.96730330;fundamental_i|fundamental_ii;estadual;ativa;geral;nao;RUA GUERNICA, 275 JARDIM EUROPA. 31620-520 Belo Horizonte - MG.
31002011;EE GERALDINA SOARES;-19.90605000;-43.90489000;fundamental_ii;estadual;ativa;geral;nao;RUA BONINAS, 517 ESPLANADA. 30280-220 Belo Horizonte - MG.
31002054;EE GERALDO JARDIM LINHARES;-19.94923440;-44.00634164;;estadual;ativa;geral;nao;RUA JAYME SALES, 278 MADRE GERTRUDES. 30518-320 Belo Horizonte - MG.
31001953;EE GERALDO TEIXEIRA DA COSTA;-19.93855700;-44.02415330;fundamental_i|fundamental_ii;estadual;ativa;geral;nao;RUA PADRE TIAGO DE ALMEIDA, 382 CAMARGOS. 30520-440 Belo Horizonte - MG.
31002542;EE GETULIO VARGAS;-19.79744000;-43.95123000;fundamental_i|fundamental_ii;estadual;ativa;geral;nao;RUA GUIDO LEAO, 22 SERRA VERDE. 31630-570 Belo Horizonte - MG.
31002135;EE GOVERNADOR MILTON CAMPOS;-19.93712000;-43.94447000;;estadual;ativa;geral;nao;RUA FERNANDES TOURINHO, 1020 SANTO ANTONIO. 30112-000 Belo Horizonte - MG.
31000051;EE GUIA LOPES;-19.90864040;-43.99461010;fundamental_i|fundamental_ii;estadual;ativa;geral;nao;RUA BARAO DE CAMARGOS, 88 JARDIM INCONFIDENCIA. 30820-190 Belo Horizonte - MG.
31000132;EE GUIMARAES ROSA;-19.91209247;-44.02217696;fundamental_ii;estadual;ativa;geral;nao;RUA AVELAR, 10 PINDORAMA. 30865-530 Belo Horizonte - MG.
31000213;EE HELENA PENA;-19.90584710;-43.92536160;fundamental_i;estadual;ativa;geral;nao;RUA GENOVEVA DE SOUZA, 691 SAGRADA FAMILIA. 31030-220 Belo Horizonte - MG.
31000370;EE HENRIQUE DINIZ;-19.92190330;-43.91585700;fundamental_ii;estadual;ativa;geral;nao;RUA TENENTE ANASTACIO DE MOURA, 280 SANTA EFIGENIA. 30240-390 Belo Horizonte - MG.
31000299;EE HERMENEGILDO CHAVES;-19.95245180;-43.99166900;fundamental_ii;estadual;ativa;geral;nao;RUA HERCULANO MOURAO SALAZAR, 105 VISTA ALEGRE. 30514-430 Belo Horizonte - MG.
31000451;EE HUGO WERNECK;-19.93476380;-44.00886230;fundamental_i;estadual;ativa;geral;nao;RUA DOUTOR ZEFERINO MOTA, 115 SANTA MARIA. 30525-170 Belo Horizonte - MG.
31002071;EE ISABEL DA SILVA POLCK;-19.87102520;-43.93032000;fundamental_i|fundamental_ii;estadual;ativa;geral;nao;RUA NELSON LEMOS DE CARVALHO, 198 PALMARES. 31160-590 Belo Horizonte - MG.
31000892;EE JOAO ALPHONSUS;-19.92191220;-43.90018780;fundamental_ii;estadual;ativa;geral;nao;RUA DOUTOR MICHAELLI, 680 PARAISO. 30270-190 Belo Horizonte - MG.
31001929;EE JOAO PAULO I;-19.98649030;-44.05337100;fundamental_ii;estadual;ativa;geral;nao;RUA SEBASTIAO RIBEIRO DE ARAUJO, 71 LINDEIA BARREIRO. 30692-267 Belo Horizonte - MG.
31000931;EE JORNALISTA JORGE PAES SARDINHA;-19.89055070;-43.99103490;fundamental_i;estadual;ativa;geral;nao;RUA FRANCISCA SANTOS ANASTASIA, 990 JARDIM ALVORADA. 30810-660 Belo Horizonte - MG.
31000973;EE JOSE BONIFACIO;-19.91665000;-43.92474000;fundamental_ii;estadual;ativa;geral;nao;RUA HERMILO ALVES, 168 SANTA TEREZA. 31010-070 Belo Horizonte - MG.
31002097;EE JOSE DE ALENCAR;-19.86780000;-43.89818000;;estadual;paralisada;geral;nao;RUA GUAXE, 77 GOIANIA. 31950-440 Belo Horizonte - MG.
31002496;EE JOSE HEILBUTH GONCALVES;-19.83982840;-43.96726720;fundamental_i|fundamental_ii;estadual;ativa;geral;nao;AVENIDA DOM PEDRO I, 527 SANTA BRANCA. 31565-000 Belo Horizonte - MG.
31001058;EE JOSE IZIDORO DE MIRANDA;-19.86456000;-43.90926000;fundamental_i;estadual;ativa;geral;nao;RUA FRANCELINA ALVES DE MIRANDA, 468 MARIA GORETTI. 31920-690 Belo Horizonte - MG.
31001091;EE JOSE MENDES CORREA;-19.94348000;-43.98538000;fundamental_i;estadual;ativa;geral;nao;RUA CARMELITA PRATES DA SILVA, 682 SALGADO FILHO. 30550-110 Belo Horizonte - MG.
31000337;EE JOSE MENDES JUNIOR;-19.93666870;-43.91377470;fundamental_i|fundamental_ii;estadual;ativa;geral;nao;RUA DOUTOR CAMILO ANTONIO NOGUEIRA, 578 SAO LUCAS. 30240-090 Belo Horizonte - MG.
31000256;EE JOSE MIGUEL DO NASCIMENTO;-19.97575060;-43.99519770;fundamental_i|fundamental_ii;estadual;ativa;geral;nao;RUA MARIA BEATRIZ, 90 NOVO INDUSTRIAS. 30610-270 Belo Horizonte - MG.
31322563;EE JOVEM PROTAGONISTA;-19.90995380;-43.91191010;fundamental_ii;estadual;ativa;geral;nao;RUA JOAO ALFREDO, 3792A UNIDADE HORTO. HORTO. 31015-012 Belo Horizonte - MG.
31001171;EE JULIA LOPES DE ALMEIDA;-19.91694700;-43.90030290;fundamental_i|fundamental_ii;estadual;ativa;geral;nao;RUA PADRE JULIO MARIA, 177 SAUDADE. 30285-360 Belo Horizonte - MG.
31002518;EE JUSCELINO KUBITSCHEK DE OLIVEIRA;-19.80248000;-43.99270000;fundamental_ii;estadual;ativa;geral;nao;RUA HERCI EUCLIDES FERREIRA, 229 MARIA HELENA. 31680-130 Belo Horizonte - MG.
31001252;EE LAICE AGUIAR;-19.90777400;-44.00547190;fundamental_i|fundamental_ii;estadual;ativa;geral;nao;RUA MARIA DA SILVEIRA, 44 NOVO GLORIA. 30870-190 Belo Horizonte - MG.
31322555;EE LAR DOS MENINOS;-19.98876840;-43.95874690;fundamental_ii;estadual;ativa;geral;nao;RUA SAO VICENTE, 300 OLHOS DAGUA. 30390-570 Belo Horizonte - MG.
31001295;EE LAUDIEME VAZ DE MELO;-19.88263990;-43.91849570;fundamental_ii;estadual;ativa;geral;nao;RUA CAMILO PRATES, 238 UNIAO. 31170-490 Belo Horizonte - MG.
31001333;EE LAURA DAS CHAGAS FERREIRA;-19.93813320;-43.91144040;fundamental_ii;estadual;ativa;geral;nao;RUA SACRAMENTO, 54 SERRA. 30220-420 Belo Horizonte - MG.
31001376;EE LUCIO DOS SANTOS;-19.91473630;-43.95419050;fundamental_ii;estadual;ativa;geral;nao;RUA PADRE EUSTAQUIO, 16 CARLOS PRATES. 30710-580 Belo Horizonte - MG.
31001414;EE LUIZ DE BESSA;-19.87085000;-43.90054000;;estadual;ativa;geral;nao;RUA ASA BRANCA, 103 GOIANIA. 31950-120 Belo Horizonte - MG.
31001457;EE MADRE CARMELITA;-19.85841110;-44.00240570;fundamental_i|fundamental_ii;estadual;ativa;geral;nao;AVENIDA ANTONIO FRANCISCO LISBOA, 500 BANDEIRANTES. 31365-770 Belo Horizonte - MG.
31001490;EE MAESTRO VILLA LOBOS;-19.92852810;-43.95240870;;estadual;ativa;geral;nao;RUA OURO PRETO, 1144 SANTO AGOSTINHO. 30170-041 Belo Horizonte - MG.
31000078;EE MAJOR DELFINO DE PAULA RICARDO;-19.87436000;-43.93765000;fundamental_i|fundamental_ii;estadual;ativa;geral;nao;AVENIDA JOSE CLETO, 733 SANTA CRUZ. 31155-290 Belo Horizonte - MG.
31000159;EE MANUEL CASASANTA;-19.96398000;-43.97938000;;estadual;ativa;geral;nao;RUA GUILHERMINO ESTEVAO NASCIMENTO, 150 PALMEIRAS. 30570-740 Belo Horizonte - MG.
31000230;EE MARECHAL DEODORO DA FONSECA;-19.88685290;-43.90756750;fundamental_i;estadual;ativa;geral;nao;RUA CAMPANARIO, 495 SANTA INES. 31080-180 Belo Horizonte - MG.
31000311;EE MARGARIDA BROCHADO;-19.97496590;-44.01719030;fundamental_ii;estadual;ativa;geral;nao;RUA BARAO DE COROMANDEL, 426 BARREIRO DE BAIXO. 30640-060 Belo Horizonte - MG.
31002551;EE MARGARIDA DE MELLO PRADO;-19.81778890;-43.89276350;fundamental_i|fundamental_ii;estadual;ativa;geral;nao;RUA JOAQUIM DE ABREU, 50 MONTE AZUL. 31872-630 Belo Horizonte - MG.
31253413;EE MARIA ANDRADE RESENDE;-19.83344000;-43.99632000;;estadual;ativa;geral;nao;RUA REINATO FANTONI, 51 ENSEADA DAS GARCAS. 31545-320 Belo Horizonte - MG.
31002429;EE MARIA CAROLINA CAMPOS;-19.80431050;-43.99231810;;estadual;ativa;geral;nao;RUA LARANJEIRAS, 30 LEBLON. 31575-040 Belo Horizonte - MG.
31000175;EE MARIA DE LOURDES DE OLIVEIRA;-19.86248250;-43.90927330;fundamental_ii;estadual;ativa;geral;nao;RUA JOSE ISIDORO DE MIRANDA, 140 MARIA GORETTI. 31930-540 Belo Horizonte - MG.
31002500;EE MARIA LUIZA MIRANDA BASTOS;-19.83627690;-43.95137450;;estadual;ativa;geral;nao;RUA SAO JOSE DO JACURI, 60 PLANALTO. 31720-370 Belo Horizonte - MG.
31000396;EE MARIANO DE ABREU;-19.88879300;-43.94506310;fundamental_i;estadual;ativa;geral;nao;RUA SIMAO TAMM, 143 CACHOEIRINHA. 31130-250 Belo Horizonte - MG.
31000477;EE MARIETA BROCHADO;-19.89758940;-44.00755890;fundamental_i;estadual;ativa;geral;nao;AVENIDA ABILIO MACHADO, 2085 GLORIA. 30830-373 Belo Horizonte - MG.
31000558;EE MARIO CASASSANTA;-19.94665930;-43.96604690;fundamental_i;estadual;ativa;geral;nao;RUA CONSELHEIRO JOAQUIM CAETANO, 1499 NOVA GRANADA. 30431-320 Belo Horizonte - MG.
31000639;EE MAURICIO MURGEL;-19.92936820;-43.97831330;;estadual;ativa;geral;nao;AVENIDA AMAZONAS, 5154 NOVA SUICA. 30421-056 Belo Horizonte - MG.
31000710;EE MELO VIANA;-19.91272440;-43.96462580;fundamental_ii;estadual;ativa;geral;nao;RUA BOM SUCESSO, 345 CARLOS PRATES. 30710-440 Belo Horizonte - MG.
31002585;EE MENDES PIMENTEL;-19.87128580;-43.92107240;fundamental_ii;estadual;ativa;geral;nao;RUA DORESOPOLIS, 325 FERNAO DIAS. 31910-170 Belo Horizonte - MG.
31002208;EE MENINO JESUS DE PRAGA;-19.81052210;-43.99986050;fundamental_ii;estadual;ativa;geral;nao;RUA JOSE SABINO MACIEL, 290 LAGOA. 31578-060 Belo Horizonte - MG.
31000795;EE MINISTRO ALFREDO VILHENA VALLADAO;-19.99213422;-44.03792298;;estadual;ativa;geral;nao;RUA SONIA MORAES ANGEL, 111 TIROL. 30662-300 Belo Horizonte - MG.
31000876;EE NECESIO TAVARES;-19.90724400;-43.89212210;fundamental_i;estadual;ativa;geral;nao;RUA FERNAO DIAS, 7 ALTO VERA CRUZ. 30285-160 Belo Horizonte - MG.
31000957;EE NOSSA SENHORA APARECIDA;-19.95076500;-43.96840330;fundamental_ii;estadual;ativa;geral;nao;RUA PAULO ARBEX, 25 JARDIM AMERICA. 30421-476 Belo Horizonte - MG.
31001031;EE NOSSA SENHORA DO BELO RAMO;-19.94081090;-43.96840780;fundamental_ii;estadual;ativa;geral;nao;RUA SEBASTIAO DE BARROS, 151 NOVA GRANADA. 30431-325 Belo Horizonte - MG.
31001112;EE ODILON BEHRENS;-19.92543900;-43.98559900;fundamental_ii;estadual;ativa;geral;nao;RUA CONEGO FELICIO, 84 CORACAO EUCARISTICO. 30535-570 Belo Horizonte - MG.
31001198;EE OLEGARIO MACIEL;-19.91795960;-43.94418800;;estadual;ativa;geral;nao;AVENIDA OLEGARIO MACIEL, 422 CENTRO. 30180-110 Belo Horizonte - MG.
31001279;EE OLIMPIA REZENDE PEREIRA;-19.93957240;-43.97910720;fundamental_i;estadual;ativa;geral;nao;RUA LINDOLFO DEODORO, 84 JARDIM AMERICA. 30550-006 Belo Horizonte - MG.
31001350;EE OLIVIA PINTO DE CASTRO LEITE;-19.90770630;-44.01919940;fundamental_i;estadual;ativa;geral;nao;RUA GUACIRA, 92 NOVO GLORIA. 30865-040 Belo Horizonte - MG.
31001431;EE ONDINA AMARAL BRANDAO;-19.90945470;-43.90287040;fundamental_i;estadual;ativa;geral;nao;RUA CASA BRANCA, 40 POMPEIA. 30280-390 Belo Horizonte - MG.
31001511;EE ORDEM E PROGRESSO;-19.93815040;-43.99610020;fundamental_ii;estadual;ativa;geral;nao;RUA OSCAR NEGRAO DE LIMA, 29 NOVA GAMELEIRA. 30510-210 Belo Horizonte - MG.
31002399;EE ORONCIO MURGEL DUTRA;-19.84240570;-43.95170350;fundamental_i|fundamental_ii;estadual;ativa;geral;nao;RUA SAO LUIZ, 401 SAO TOMAZ. 31741-125 Belo Horizonte - MG.
31001571;EE PADRE EUSTAQUIO;-19.92111000;-43.97467000;fundamental_i;estadual;ativa;geral;nao;RUA CESARIO ALVIM, 927 PADRE EUSTAQUIO. 30720-270 Belo Horizonte - MG.
31002151;EE PADRE JOAO BOSCO PENIDO BURNIER;-19.97437040;-44.04713240;fundamental_ii;estadual;ativa;geral;nao;RUA DAS PERPETUAS, 79 LINDEIA. 30690-270 Belo Horizonte - MG.
31001619;EE PADRE JOAO BOTELHO;-19.96403632;-44.00113277;fundamental_i|fundamental_ii;estadual;ativa;geral;nao;RUA MARIA DE LOURDES MANSO, 81 INDUSTRIAS. 30610-620 Belo Horizonte - MG.
31322636;EE PADRE JOAO DE MATTOS ALMEIDA;-19.87507000;-44.01413000;fundamental_ii;estadual;ativa;geral;nao;RUA DEPUTADO AUGUSTO GONCALVES, 370 SERRANO. 30882-660 Belo Horizonte - MG.
31000272;EE PADRE JOAO MARIA KOOYMAN;-19.90391860;-44.01008590;;estadual;paralisada;geral;nao;RUA PORTO VELHO, 1021 NOSSA SENHORA DO GLORIA. 30870-120 Belo Horizonte - MG.
31002224;EE PADRE LEBRET;-19.81865890;-43.95669190;fundamental_i;estadual;ativa;geral;nao;RUA SAO BENEDITO, 123 SAO JOAO BATISTA. 31515-050 Belo Horizonte - MG.
31001694;EE PADRE MATIAS;-19.90285870;-44.00689460;fundamental_ii;estadual;ativa;geral;nao;RUA CELIA COSTA, 31 GLORIA. 30870-150 Belo Horizonte - MG.
31001732;EE PANDIA CALOGERAS;-19.93051360;-43.94820610;fundamental_i|fundamental_ii;estadual;ativa;geral;nao;PRACA CARLOS CHAGAS, 35 SANTO AGOSTINHO. 30170-020 Belo Horizonte - MG.
31002241;EE PASCHOAL COMANDUCCI;-19.80171000;-43.93616000;fundamental_i|fundamental_ii;estadual;ativa;geral;nao;RUA JOAO NASCIMENTO PIRES, 240 JAQUELINE. 31748-315 Belo Horizonte - MG.
31001813;EE PAULO DAS GRACAS DA SILVA;-19.88894000;-43.89652000;fundamental_ii;estadual;ativa;geral;nao;RUA SILVA REIS, 80 BOA VISTA. 31070-230 Belo Horizonte - MG.
31001899;EE PEDRO DUTRA;-19.92063970;-43.98260350;fundamental_i;estadual;ativa;geral;nao;RUA HUMAITA, 1094 PADRE EUSTAQUIO. 30720-410 Belo Horizonte - MG.
31001937;EE PEDRO FRANCA;-19.99367350;-43.96230520;fundamental_ii;estadual;ativa;geral;nao;RUA UM, 705 OLHOS DAGUA. 30390-590 Belo Horizonte - MG.
31001970;EE PEDRO II;-19.92629270;-43.93040070;fundamental_ii;estadual;ativa;geral;nao;AVENIDA PROFESSOR ALFREDO BALENA, 523 CENTRO. 30130-100 Belo Horizonte - MG.
31002267;EE PEDRO PAULO PENIDO;-19.83892390;-43.93082550;fundamental_i;estadual;ativa;geral;nao;RUA RONAN SOARES, 40 FLORAMAR. 31840-380 Belo Horizonte - MG.
31000060;EE PERO VAZ DE CAMINHA;-19.88263240;-43.94547340;fundamental_i|fundamental_ii;estadual;ativa;geral;nao;RUA PACAJA, 200 CACHOEIRINHA. 31150-310 Belo Horizonte - MG.
31001066;EE PESTALOZZI;-19.92338190;-43.95165740;;estadual;ativa;exclusivo_deficiencia;nao;RUA TIMBIRAS, 3080 BARRO PRETO. 30140-062 Belo Horizonte - MG.
31000221;EE PRESIDENTE ANTONIO CARLOS;-19.94483820;-43.93397480;fundamental_ii;estadual;ativa;geral;nao;RUA PASSA TEMPO, 600 CARMO SION. 30310-760 Belo Horizonte - MG.
31000302;EE PRESIDENTE DUTRA;-19.88677970;-43.91849580;;estadual;ativa;geral;nao;RUA SETE, S/N HORTO. 31035-536 Belo Horizonte - MG.
31000418;EE PRESIDENTE TANCREDO NEVES;-19.84386000;-43.91900000;fundamental_ii;estadual;ativa;geral;nao;RUA FURQUIM WERNECK, 313 TUPI. 31840-050 Belo Horizonte - MG.
31000469;EE PRINCESA ISABEL;-19.88900620;-43.96043320;fundamental_i|fundamental_ii;estadual;ativa;geral;nao;RUA SANTA JUDITH, 565 APARECIDA. 31250-050 Belo Horizonte - MG.
31000540;EE PROFESSOR AFFONSO NEVES;-19.87772000;-43.96433000;fundamental_ii;estadual;ativa;geral;nao;RUA GUIMARAES, 900 SAO FRANCISCO. 31255-050 Belo Horizonte - MG.
31317357;EE PROFESSOR AGNELO CORREIA VIANA;-19.83005000;-43.99380000;fundamental_ii;estadual;ativa;geral;nao;RUA MEXICO, 900 JARDIM LEBLON. 31540-250 Belo Horizonte - MG.
31002283;EE PROFESSOR ALBERTO MAZONI ANDRADE;-19.85910698;-43.92770958;fundamental_i;estadual;ativa;geral;nao;RUA OSCAR LOBO PEREIRA, 390 VILA MINASLANDIA. 31812-070 Belo Horizonte - MG.
31000621;EE PROFESSOR ALCINDO VIEIRA;-19.88338740;-43.95863450;fundamental_ii;estadual;ativa;geral;nao;PRACA BERNARDO DA VEIGA, 0 NOVA CACHOEIRINHA. 31250-340 Belo Horizonte - MG.
31000582;EE PROFESSOR ALISSON PEREIRA GUIMARAES;-19.88885710;-44.00528920;fundamental_ii;estadual;ativa;geral;nao;RUA DOS ECONOMISTAS, 612 ALIPIO DE MELO. 30840-330 Belo Horizonte - MG.
31001678;EE PROFESSOR ANTONIO JOSE RIBEIRO FILHO;-19.85529640;-43.90828340;fundamental_i|fundamental_ii;estadual;ativa;geral;nao;RUA AMARAJI, 182 SAO GABRIEL. 31985-000 Belo Horizonte - MG.
31000701;EE PROFESSOR BATISTA SANTIAGO;-19.82499820;-43.97854770;fundamental_i;estadual;ativa;geral;nao;RUA CLEBER SOARES ANDRADE, 330 SANTA MONICA. 31525-390 Belo Horizonte - MG.
31002305;EE PROFESSOR BOLIVAR DE FREITAS;-19.82539170;-43.93669220;fundamental_i|fundamental_ii;estadual;ativa;geral;nao;RUA JOSE PINTO DE MOURA, 395 JARDIM GUANABARA. 31742-324 Belo Horizonte - MG.
31000787;EE PROFESSOR CAETANO AZEREDO;-19.92311550;-43.95078420;fundamental_ii;estadual;ativa;geral;nao;RUA GUAJAJARAS, 1827 BARRO PRETO. 30180-101 Belo Horizonte - MG.
31000868;EE PROFESSOR CLAUDIO BRANDAO;-19.99528307;-44.03543430;;estadual;ativa;geral;nao;AVENIDA SENADOR LEVINDO COELHO, 250 VALE DO JATOBA. 30662-290 Belo Horizonte - MG.
31000949;EE PROFESSOR CLOVIS SALGADO;-19.92352460;-44.00952162;fundamental_i|fundamental_ii;estadual;ativa;geral;nao;AVENIDA DAS CASTANHOLAS, 80 CONJUNTO CALIFORNIA. 30850-760 Belo Horizonte - MG.
31001104;EE PROFESSOR FRANCISCO BRANT;-19.90783000;-43.97535000;fundamental_ii;estadual;ativa;geral;nao;RUA ANTONIO PEIXOTO GUIMARAES, 165 CAICARAADELAIDE. 30770-290 Belo Horizonte - MG.
31000698;EE PROFESSOR GUILHERME AZEVEDO LAGE;-19.84842000;-43.91257000;;estadual;ativa;geral;nao;RUA MARICA, 285 SAO GABRIEL. 31980-470 Belo Horizonte - MG.
31000353;EE PROFESSOR HILTON ROCHA;-19.85811000;-43.93425000;;estadual;ativa;geral;nao;AVENIDA CRISTIANO MACHADO, 8200 PRIMEIRO DE MAIO. 31810-280 Belo Horizonte - MG.
31002321;EE PROFESSOR JOAO CAMARA;-19.82084170;-43.98065140;fundamental_i|fundamental_ii;estadual;ativa;geral;nao;PRACA JOAO VIANA, 142 RIO BRANCO. 31530-580 Belo Horizonte - MG.
31000086;EE PROFESSOR JOSE MESQUITA DE CARVALHO;-19.94817690;-43.94989000;fundamental_i|fundamental_ii;estadual;ativa;geral;nao;RUA IRAI, 154 VILA PARIS. 30380-640 Belo Horizonte - MG.
31001180;EE PROFESSOR LEON RENAULT;-19.93226900;-43.98569300;fundamental_i|fundamental_ii;estadual;ativa;geral;nao;AVENIDA AMAZONAS, 5855 GAMELEIRA. 30510-000 Belo Horizonte - MG.
31001261;EE PROFESSOR LEOPOLDO DE MIRANDA;-19.93937860;-43.94738560;;estadual;ativa;geral;nao;RUA BARAO DE MACAUBAS, 449 SANTO ANTONIO. 30350-090 Belo Horizonte - MG.
31001422;EE PROFESSOR MAGALHAES DRUMOND;-19.95134120;-43.98859320;fundamental_i;estadual;ativa;geral;nao;RUA FERNANDO ALVES, 260 NOVA CINTRA. 30516-080 Belo Horizonte - MG.
31001503;EE PROFESSOR MORAIS;-19.91344250;-43.98743990;;estadual;ativa;geral;nao;RUA CORNELIO CERQUEIRA, 475 PADRE EUSTAQUIO. 30730-482 Belo Horizonte - MG.
31342432;EE PROFESSOR NEIDSON RODRIGUES;-19.83201730;-43.88351740;;estadual;ativa;geral;nao;RUA LARANJA DA TERRA, 0 PAULO VI. 31998-510 Belo Horizonte - MG.
31001589;EE PROFESSOR PEDRO ALEIXO;-19.94685910;-43.91755940;;estadual;ativa;geral;nao;AVENIDA BANDEIRANTES, 2300 MANGABEIRAS. 30210-420 Belo Horizonte - MG.
31002020;EE PROFESSOR RICARDO DE SOUZA CRUZ;-19.90283710;-43.95912020;fundamental_ii;estadual;ativa;geral;nao;RUA GONCALO LACO, 120 NOVA ESPERANCA. 31230-350 Belo Horizonte - MG.
31246425;EE PROFESSORA ADIR ANDRADE ALBANO;-19.80807160;-43.99880030;fundamental_i;estadual;ativa;geral;nao;RUA RAIMUNDO GONCALVES FIGUEIREDO, 85 LAGOA. 31575-540 Belo Horizonte - MG.
31342459;EE PROFESSORA ALAIDE LISBOA DE OLIVEIRA;-19.91844990;-43.88871670;;estadual;ativa;geral;nao;RUA FOSFORO, 198 TAQUARIL. 30290-035 Belo Horizonte - MG.
31001660;EE PROFESSORA AMELIA DE CASTRO MONTEIRO;-19.89808480;-43.91387510;;estadual;paralisada;geral;nao;RUA SANTO AGOSTINHO, 1381 SAGRADA FAMILIA. 31035-480 Belo Horizonte - MG.
31001741;EE PROFESSORA BENVINDA DE CARVALHO;-19.90233380;-43.98569530;fundamental_i|fundamental_ii;estadual;ativa;geral;nao;RUA FLOR DE LIZ, 100 JARDIM ALVORADA. 30810-030 Belo Horizonte - MG.
31000205;EE PROFESSORA FRANCISCA MALHEIROS;-19.84001903;-43.91558134;fundamental_i|fundamental_ii;estadual;ativa;geral;nao;RUA RONALD DE CARVALHO, 276 TUPI. 31840-000 Belo Horizonte - MG.
31342424;EE PROFESSORA HENRIQUETA LISBOA;-19.86045770;-43.88190510;;estadual;ativa;geral;nao;RUA JOSE FLAUSINO, 900 JARDIM VITORIA. 31970-270 Belo Horizonte - MG.
31002348;EE PROFESSORA INES GERALDA DE OLIVEIRA;-19.81574167;-43.94129667;fundamental_i|fundamental_ii;estadual;ativa;geral;nao;RUA MARIA MARTINS, 550 CELESTINO. 31744-590 Belo Horizonte - MG.
31001821;EE PROFESSORA MARIA AMELIA GUIMARAES;-19.86682390;-43.91834660;fundamental_i|fundamental_ii;estadual;ativa;geral;nao;RUA AMARAL, 32 PIRAJA. 31910-330 Belo Horizonte - MG.
31001465;EE PROFESSORA MARIA AUXILIADORA LANNA;-19.90915014;-44.02194489;fundamental_i|fundamental_ii;estadual;ativa;geral;nao;RUA RUTILO, 31 PINDORAMA. 30880-600 Belo Horizonte - MG.
31001902;EE PROFESSORA MARIA BELMIRA TRINDADE;-19.98960579;-43.98933080;fundamental_i|fundamental_ii;estadual;ativa;geral;nao;RUA CLEMENTINA DE JESUS, 99 BONSUCESSO. 30622-460 Belo Horizonte - MG.
31002194;EE PROFESSORA MARIA CECILIA DE MELO;-19.87324000;-43.89870000;fundamental_i|fundamental_ii;estadual;ativa;geral;nao;RUA MARIA JOANA TAVARES, 71 GOIANIA. 31950-090 Belo Horizonte - MG.
31002445;EE PROFESSORA MARIA COUTINHO;-19.80459620;-43.94353770;fundamental_i|fundamental_ii;estadual;ativa;geral;nao;RUA LUIZ GONZAGA DE SOUZA, 75 JAQUELINE. 31748-131 Belo Horizonte - MG.
31001309;EE PROFESSORA MARIA DO SOCORRO ANDRADE;-19.95132860;-43.98760590;;estadual;ativa;geral;nao;RUA ALEXANDRE MATIAS ALVES, 290 BECO SANTA ROSA. NOVA CINTRA. 30516-210 Belo Horizonte - MG.
31002461;EE PROFESSORA MARIA MUZZI GUASTAFERRO;-19.81764510;-43.95836110;fundamental_ii;estadual;ativa;geral;nao;RUA IRINEU PINTO, 255 VENDA NOVA. 31510-020 Belo Horizonte - MG.
31001988;EE PROFESSORA NAIR DE OLIVEIRA SANTANA;-19.94337206;-43.99752459;fundamental_i|fundamental_ii;estadual;ativa;geral;nao;RUA CARLOS SCHETTINO, 735 NOVA GAMELEIRA. 30510-270 Belo Horizonte - MG.
31002101;EE SAGRADA FAMILIA I;-19.88568932;-43.89360753;fundamental_i|fundamental_ii;estadual;ativa;geral;nao;AVENIDA AMALIA, 258 NOVA VISTA. 31070-290 Belo Horizonte - MG.
31002143;EE SAGRADA FAMILIA II;-19.90545000;-43.92544000;fundamental_ii;estadual;ativa;geral;nao;RUA CELIA DE SOUZA, 600 SAGRADA FAMILIA. 31030-500 Belo Horizonte - MG.
31002186;EE SANDOVAL DE AZEVEDO;-19.91207000;-43.91756000;fundamental_i;estadual;ativa;geral;nao;RUA POUSO ALEGRE, 2382 SANTA TEREZA. 31010-514 Belo Horizonte - MG.
31000108;EE SANDRA RISOLETA DE LIMA HAUCK;-19.93778870;-44.00534270;fundamental_i;estadual;ativa;exclusivo_deficiencia;nao;RUA SACADURA CABRAL, 402 VILA OESTE. 30532-060 Belo Horizonte - MG.
31000248;EE SANTO AFONSO;-19.88347890;-43.93959190;fundamental_ii;estadual;ativa;geral;nao;AVENIDA BERNARDO VASCONCELOS, 1334 RENASCENCA. 31150-000 Belo Horizonte - MG.
31000329;EE SANTOS ANJOS;-19.90356080;-43.96502230;fundamental_i|fundamental_ii;estadual;ativa;geral;nao;RUA CATUMBI, 421 CAICARAS. 31230-070 Belo Horizonte - MG.
31002364;EE SANTOS DUMONT;-19.81724430;-43.95759520;;estadual;ativa;geral;nao;RUA ALCIDES LINS, 502 VENDA NOVA. 31510-030 Belo Horizonte - MG.
31000400;EE SAO BENTO;-19.91985280;-43.96676070;fundamental_i;estadual;ativa;geral;nao;RUA DIORITA, 112 PRADO. 30411-084 Belo Horizonte - MG.
31002381;EE SAO PEDRO E SAO PAULO;-19.81606000;-43.99040000;fundamental_ii;estadual;ativa;geral;nao;RUA ESTELA, 22 PIRATININGA. 31573-490 Belo Horizonte - MG.
31000566;EE SAO SALVADOR;-19.89534000;-44.01160000;fundamental_ii;estadual;ativa;geral;nao;AVENIDA AMINTAS JACQUES DE MORAIS, 85 GLORIA. 30880-133 Belo Horizonte - MG.
31000728;EE SARAH KUBITSCHEK BAIRRO GRACA;-19.90049000;-43.93124000;fundamental_i;estadual;ativa;geral;nao;RUA JUACEMA, 315 DA GRACA. 31140-030 Belo Horizonte - MG.
31000809;EE SARAH KUBITSCHEK IPIRANGA;-19.88201000;-43.93517000;fundamental_i;estadual;ativa;geral;nao;RUA JOSE CLEMENTE PEREIRA, 91 IPIRANGA. 31160-130 Belo Horizonte - MG.
31000647;EE SARAH KUBITSCHEK ITAMARATI;-19.86819590;-43.98765620;fundamental_i;estadual;ativa;geral;nao;RUA ANITA BLUMBERG, 61 OURO PRETO. 31340-150 Belo Horizonte - MG.
31001040;EE SARAH KUBITSCHEK SAO GERALDO;-19.90244200;-43.89804560;fundamental_i;estadual;ativa;geral;nao;RUA JANAITIBA, 144 SAO GERALDO. 31050-260 Belo Horizonte - MG.
31001121;EE SERGIA CALDEIRA ALKIMIN;-19.86831000;-43.91191000;fundamental_i;estadual;ativa;geral;nao;RUA SANTA EDWIGES, 336 SAO MARCOS. 31920-530 Belo Horizonte - MG.
31001201;EE SILVIANO BRANDAO;-19.90783810;-43.94521080;fundamental_ii;estadual;ativa;geral;nao;RUA ITAPECERICA, 685 LAGOINHA. 31210-030 Belo Horizonte - MG.
31002330;EE SIRIA MARQUES DA SILVA;-19.82958751;-43.98687207;fundamental_ii;estadual;ativa;geral;nao;RUA INGLATERRA, 410 JARDIM LEBLON. 31540-360 Belo Horizonte - MG.
31000281;EE TECNICO INDUSTRIAL PROFESSOR FONTES;-19.88575840;-43.91507890;;estadual;ativa;geral;nao;RUA SETE, S/N HORTO. 31035-536 Belo Horizonte - MG.
31001449;EE TITO FULGENCIO;-19.89281840;-43.93660760;fundamental_ii;estadual;ativa;geral;nao;RUA JACUI, 2357 RENASCENCA. 31140-650 Belo Horizonte - MG.
31001520;EE TOMAS BRANDAO;-19.89665500;-43.95506370;fundamental_ii;estadual;ativa;geral;nao;PRACA SENHOR BOM JESUS, 134 BOM JESUS. 31230-620 Belo Horizonte - MG.
31002402;EE TRES PODERES;-19.84234697;-43.96352834;fundamental_ii;estadual;ativa;geral;nao;AVENIDA PORTUGAL, 4095 ITAPOA. 31710-400 Belo Horizonte - MG.
31001601;EE URSULINA DE ANDRADE MELO;-19.89939500;-43.99118540;fundamental_i|fundamental_ii;estadual;ativa;geral;nao;RUA FLOR DE VIDRO, 251 JARDIM ALVORADA. 30810-330 Belo Horizonte - MG.
31001686;EE WALT DISNEY;-19.89513380;-43.88838060;;estadual;ativa;geral;nao;RUA RAUL DE BRITO, 9 CASA BRANCA. 31050-070 Belo Horizonte - MG.
31342440;EE ZILDA ARNS NEUMANN;-19.84470000;-43.89357000;fundamental_ii;estadual;ativa;geral;nao;RUA LAURO RODRIGUES DA CUNHA, 0 BELMONTE. 31995-120 Belo Horizonte - MG.
31279391;ENFERMIG ESC DE ENFERM DE MG;-19.92408000;-43.94778000;;privada;paralisada;geral;nao;AVENIDA AMAZONAS, 1493 SANTO AGOSTINHO. 30180-002 Belo Horizonte - MG.
31247626;EQUIPE DE ASSISTENCIA PSICO PEDIATRICA;-19.93425030;-43.92231890;;privada;extinta;geral;nao;RUA MONTE ALEGRE, 429 CASA. SERRA. 30240-230 Belo Horizonte - MG.
31331937;ESC CRISTA ARCA DA ALIANCA;-19.91296000;-43.98660000;infantil|fundamental_i|fundamental_ii;privada;ativa;geral;nao;RUA OLINTO MAGALHAES, 526 PADRE EUSTAQUIO. 30730-500 Belo Horizonte - MG.
31297887;ESC GRACA MAIOR;-19.92869000;-43.97401000;infantil|fundamental_i;privada;ativa;geral;nao;RUA DESEMBARGADOR BARCELOS, 498 NOVA SUISSA. 30421-015 Belo Horizonte - MG.
31005541;ESC INF BARBA PAPA;-19.90512000;-43.95308000;infantil;privada;ativa;geral;nao;RUA MARIANA, 1097 CASA. BONFIM. 31210-420 Belo Horizonte - MG.
31005029;ESC INF CASA DA GENTE;-19.93644000;-43.93862000;infantil;privada;ativa;geral;nao;RUA RUA TOME DE SOUZA, 1251 FUNCIONARIOS. 30140-138 Belo Horizonte - MG.
31303828;ESC INF CASINHA BRANCA JARAGUA;-19.85758000;-43.95216000;;privada;extinta;geral;nao;RUA BACUPA, 211 JARAGUA. 31270-360 Belo Horizonte - MG.
31003930;ESC INF CHEZ LENFANT;-19.93110000;-43.95157000;infantil;privada;ativa;geral;nao;RUA ARAGUARI, 1400 SANTO AGOSTINHO. 30190-111 Belo Horizonte - MG.
31315516;ESC INF ESTRELINHA MAGICA;-19.90443000;-43.95928000;infantil;privada;ativa;geral;nao;RUA GLOCINIA, 248 SANTO ANDRE. 31230-140 Belo Horizonte - MG.
31297305;ESC INF OBJETIVO;-19.89742000;-43.89643000;infantil;privada;ativa;geral;nao;AVENIDA ITAITE, 792 SAO GERALDO. 31050-550 Belo Horizonte - MG.
31258334;ESC INF PEQUENO PRINCIPE;-19.90748000;-43.90391000;infantil|fundamental_i;privada;ativa;geral;nao;RUA SETE DE ABRIL, 614 ESPLANADA. 30280-240 Belo Horizonte - MG.
31258211;ESC INF VOVO NENEM;-19.93027000;-43.97474000;infantil;privada;ativa;geral;nao;RUA LIMOEIRO, 254 NOVA SUISSA. 30421-176 Belo Horizonte - MG.
31307432;ESC SAUDE PUBLICA DE MINAS GERAIS;-19.92533770;-43.95729930;;privada;paralisada;geral;nao;RUA UBERABA, 780 BARRO PRETO. 30180-080 Belo Horizonte - MG.
31007285;ESC TEC POLIMIG LAGOINHA;-19.90760000;-43.95025000;;privada;paralisada;geral;nao;RUA ALEM PARAIBA, 951 LAGOINHA. 31210-120 Belo Horizonte - MG.
31006271;ESC VISCONDE DE SABUGOSA;-19.95058520;-43.92153160;infantil;privada;ativa;geral;nao;RUA PAUL BOUTHILIER, 210 COMITECO. 30315-010 Belo Horizonte - MG.
31006173;ESCOLA ADVENTISTA DA CONCORDIA;-19.90020000;-43.94253000;infantil|fundamental_i|fundamental_ii;privada;ativa;geral;nao;RUA BEBERIBE, 222 SAO CRISTOVAO. 31110-730 Belo Horizonte - MG.
31244074;ESCOLA AMERICANA DE BELO HORIZONTE;-19.97737395;-43.97494793;infantil|fundamental_i|fundamental_ii;privada;ativa;geral;nao;AVENIDA PROFESSOR MARIO WERNECK, 3301 BURITIS. 30575-180 Belo Horizonte - MG.
31347345;ESCOLA ARTE DE CRESCER;-19.93688000;-43.95938000;infantil;privada;ativa;geral;nao;RUA AMERICO MACEDO, 666 GUTIERREZ. 30441-102 Belo Horizonte - MG.
31309397;ESCOLA AVIVAR DE EDUCACAO ESPECIAL;-19.94843000;-43.95486000;fundamental_i;privada;ativa;exclusivo_deficiencia;nao;RUA FABIO COURI, 40 LUXEMBURGO. 30380-560 Belo Horizonte - MG.
31006491;ESCOLA BALAO VERMELHO;-19.95515000;-43.91020000;infantil|fundamental_i|fundamental_ii;privada;ativa;geral;nao;RUA PROFESSOR DJALMA GUIMARAES, 140 MANGABEIRAS. 30210-190 Belo Horizonte - MG.
31369152;ESCOLA BILBOQUE ESTORIL;-19.96797786;-43.95926730;infantil;privada;ativa;geral;nao;DESEMBARGADOR AMILCAR DE CASTRO, 631 ESTORIL. 30494-390 Belo Horizonte - MG.
31356050;ESCOLA CASINHA AMARELA;-19.85745814;-43.88340246;infantil|fundamental_i;privada;ativa;geral;nao;RUA ARNALDO LOURENCO, 585 JARDIM VITORIA. 31970-190 Belo Horizonte - MG.
31278351;ESCOLA CASTELINHO ENCANTADO;-19.91735752;-43.92855280;infantil;privada;ativa;geral;nao;RUA MARECHAL DEODORO, 160 FLORESTA. 30150-110 Belo Horizonte - MG.
31335371;ESCOLA CASTELO MAGICO;-19.94356000;-43.94133000;infantil;privada;ativa;geral;nao;RUA SAO DOMINGOS DO PRATA, 650 SANTO ANTONIO. 30330-110 Belo Horizonte - MG.
31258024;ESCOLA CONSTRUIR EIRELI EPP;-19.90199655;-43.97945977;infantil|fundamental_i;privada;ativa;geral;nao;RUA VANDER RODRIGUES DE LIMA, 200 CAICARA ADELAIDE. 30750-160 Belo Horizonte - MG.
31258059;ESCOLA CRIATIVA IDADE;-19.96146181;-43.94796232;infantil;privada;ativa;geral;nao;RUA VIA LACTEA, 170 SANTA LUCIA. 30360-270 Belo Horizonte - MG.
31267554;ESCOLA CRISTA DA POMPEIA;-19.90721000;-43.90394000;infantil;privada;ativa;geral;nao;RUA VIOLETA, 735 ESPLANADA. 30280-230 Belo Horizonte - MG.
31244481;ESCOLA CRISTA IBF;-19.90873000;-43.93509000;;privada;paralisada;geral;nao;RUA PONTE NOVA, 615 COLEGIO BATISTA. 31110-150 Belo Horizonte - MG.
31309290;ESCOLA CRISTA SUDOESTE;-19.94653000;-43.97212000;infantil|fundamental_i;privada;ativa;geral;nao;RUA LINDOLFO DE AZEVEDO, 1637 JARDIM AMERICA. 30421-428 Belo Horizonte - MG.
31257826;ESCOLA DA COMUNIDADE ASSIS CHATEAUBRIAND;-20.00913833;-44.03651167;infantil;privada;ativa;geral;sim;PRACA GERALDA DINIZ DA SILVA, 31 CONJUNTO HABITACIONAL VALE DO JATOBA BARREIRO. 30664-552 Belo Horizonte - MG.
31320404;ESCOLA DA SERRA;-19.94773030;-43.91878430;infantil|fundamental_i|fundamental_ii;privada;ativa;geral;nao;RUA DO OURO, 1900 SERRA. 30210-590 Belo Horizonte - MG.
31258377;ESCOLA DE EDUCACAO BASICA E PROFISSIONAL DA UFMG - CENTRO PEDAGOGICO;-19.86725630;-43.95864830;fundamental_i|fundamental_ii;federal;ativa;geral;nao;AVENIDA PRESIDENTE ANTONIO CARLOS, 6627 PAMPULHA. 31270-901 Belo Horizonte - MG.
31274861;ESCOLA DE ENFERMAGEM DO HOSPITAL EVANGELICO;-19.81634000;-43.96260000;;privada;paralisada;geral;nao;RUA ROSA ZANDONA, 192 VENDA NOVA. 31510-050 Belo Horizonte - MG.
31260649;ESCOLA DE ENFERMAGEM SAUDE E VIDA;-19.91942000;-43.94253000;;privada;ativa;geral;nao;RUA DOS TAMOIOS, 666 2º ANDAR. CENTRO. 30120-050 Belo Horizonte - MG.
31299138;ESCOLA DE ENFERMAGEM SOUZA CASTRO;-19.93037560;-43.96348440;;privada;ativa;geral;nao;RUA PEDRA BONITA, 878 BARROCA. 30431-065 Belo Horizonte - MG.
31257389;ESCOLA DINAMICA;-19.93311000;-43.97132000;;privada;extinta;geral;nao;RUA AMPARO, 54 ALTO BARROCA. 30431-008 Belo Horizonte - MG.
31244023;ESCOLA DO SEBRAE;-19.93689990;-43.97136360;;privada;ativa;geral;nao;RUA MARIA MACEDO, 998 NOVA GRANADA. 30431-265 Belo Horizonte - MG.
31348953;ESCOLA DO SEBRAE NEJ - NUCLEO DE EMPREENDEDORISMO JUVENIL;-19.89635277;-43.91502047;;privada;ativa;geral;sim;RUA WALTER IANNI, 255 PUC SAO GABRIEL. SAO GABRIEL. 31980-110 Belo Horizonte - MG.
31252808;ESCOLA DOMINGOS SAVIO DE ENSINO ESPECIAL;-19.94945000;-44.00634000;fundamental_i;privada;ativa;exclusivo_deficiencia;nao;RUA JAYME SALES, 280 MADRE GERTRUDES. 30518-320 Belo Horizonte - MG.
31373095;ESCOLA E CRECHE CANTINHO DA PAZ;-19.92201500;-43.87292833;infantil;privada;ativa;geral;sim;RUA DOMINGOS RODRIGUES, 260 CONJUNTO TAQUARIL. 30290-615 Belo Horizonte - MG.
31281581;ESCOLA E CRECHE SANTO TOMAZ DE AQUINO;-19.84496000;-43.95169000;infantil;privada;ativa;geral;sim;RUA DEZ DE NOVEMBRO, 176 SAO TOMAZ. 31741-120 Belo Horizonte - MG.
31296716;ESCOLA EDUCACIONAL SER CRIANCA;-19.92376000;-43.96474000;;privada;extinta;geral;nao;RUA TURMALINA, 264 CASA. PRADO. 30411-117 Belo Horizonte - MG.
31210200;ESCOLA EDUCAR - ENSINO FUNDAMENTAL;-19.88116623;-44.01171708;infantil|fundamental_i|fundamental_ii;privada;ativa;geral;nao;AVENIDA SERRANA, 511 SERRANO. 30882-370 Belo Horizonte - MG.
31365874;ESCOLA EDUCAR - ENSINO MEDIO;-19.88116903;-44.01174560;;privada;ativa;geral;nao;AVENIDA SERRANA, 511 SERRANO. 30882-370 Belo Horizonte - MG.
31298417;ESCOLA GALILEO GALILEI;-19.93094840;-43.92387100;infantil;privada;ativa;geral;nao;RUA GRAO PARA, 1010 FUNCIONARIOS. 30150-341 Belo Horizonte - MG.
31348074;ESCOLA IMACULADA - EDUCACAO DE JOVENS E ADULTOS;-19.92780880;-43.93870710;;privada;paralisada;geral;nao;RUA DA BAHIA, 1534 CENTRO. 30160-011 Belo Horizonte - MG.
31308501;ESCOLA INCLUSIVA RENASCER;-19.90062167;-43.97785500;infantil;privada;ativa;geral;sim;RUA BANGU, 316 ALTO CAICARAS. 30750-410 Belo Horizonte - MG.
31346624;ESCOLA INFANTIL BALAO MAGICO;-20.00536000;-44.01032000;infantil;privada;ativa;geral;nao;RUA LUIZ PONGELUPE, 102 CARDOSO BARREIRO. 30626-730 Belo Horizonte - MG.
31217271;ESCOLA INFANTIL BEABA LTDA;-19.89893236;-43.92547781;infantil;privada;ativa;geral;nao;RUA GODOFREDO DE ARAUJO, 164 SAGRADA FAMILIA. 31035-520 Belo Horizonte - MG.
31303798;ESCOLA INFANTIL BRINCANDO E APRENDENDO;-19.87013000;-44.01592000;;privada;extinta;geral;nao;RUA CARLOS CAMPOS MOTTA, 567 ITATIAIA. 31360-660 Belo Horizonte - MG.
31296627;ESCOLA INFANTIL BRINCANDO E APRENDENDO I;-19.94730592;-44.00550330;infantil|fundamental_i;privada;ativa;geral;nao;RUA ANTONIO JOSE, 40 MADRE GERTRUDES. 30512-790 Belo Horizonte - MG.
31006769;ESCOLA INFANTIL CASINHA VERDE LTDA;-19.89113528;-43.95271825;infantil|fundamental_i;privada;ativa;geral;nao;RUA MADUREIRA, 444 APARECIDA. 31235-100 Belo Horizonte - MG.
31373001;ESCOLA INFANTIL COLORE;-19.93912710;-44.01755371;infantil;privada;ativa;geral;nao;RUA DEPUTADO JOAQUIM MARIANO, 30 CAMARGOS. 30525-420 Belo Horizonte - MG.
31256170;ESCOLA INFANTIL CORUJINHA;-19.93772000;-43.92981000;;privada;extinta;geral;nao;RUA CEARA, 1851 FUNCIONARIOS. 30150-311 Belo Horizonte - MG.
31377228;ESCOLA INFANTIL E CASA DE BRINCAR ABELHINHA DOURADA;-19.83775047;-43.89885622;infantil;privada;ativa;geral;sim;RUA CARLOS GARDEL, 200 RIBEIRO DE ABREU. 31870-530 Belo Horizonte - MG.
31373273;ESCOLA INFANTIL MONTESSORI DE BELO HORIZONTE;-19.94137490;-43.92472764;infantil;privada;ativa;geral;nao;AVENIDA AFONSO PENA, 3487 SERRA. 30130-008 Belo Horizonte - MG.
31331970;ESCOLA INFANTIL PINGO DE LUZ;-19.92938000;-43.99459000;infantil|fundamental_i;privada;ativa;geral;nao;RUA MARIANO PROCOPIO, 192 JOAO PINHEIRO. 30530-290 Belo Horizonte - MG.
31309486;ESCOLA INFANTIL REPUBLICA DO BABY LTDA;-19.94305360;-43.94758930;infantil;privada;ativa;geral;nao;RUA CARLOS GOMES, 358 CASA. SANTO ANTONIO. 30350-130 Belo Horizonte - MG.
31257940;ESCOLA INFANTIL SONHO ENCANTADO;-19.88350000;-43.93305000;;privada;extinta;geral;nao;RUA DO PATRIARCA, 620 IPIRANGA. 31160-180 Belo Horizonte - MG.
31376183;ESCOLA INFANTIL UNIPED;-19.82767333;-43.94927833;infantil;privada;ativa;geral;sim;RUA DAS CODORNAS, 149 VILA CLORIS. 31744-182 Belo Horizonte - MG.
31302112;ESCOLA INFANTIL URSINHO PIMPA0;-19.86075921;-43.94329259;infantil|fundamental_i;privada;ativa;geral;nao;RUA LEOPOLDINA CARDOSO, 56 DONA CLARA. 31260-240 Belo Horizonte - MG.
31371505;ESCOLA INFANTIL VOVO LINA;-19.93830667;-43.91131500;infantil;privada;ativa;geral;nao;RUA CARLOS ETIENE DE CASTRO, 45 SERRA. 30220-360 Belo Horizonte - MG.
31257915;ESCOLA INFANTIL VOVO ZILAH;-19.86774139;-44.00299709;infantil;privada;ativa;geral;nao;RUA CONCEICAO DA APARECIDA, 750 PRACA BAIRRO. SANTA TEREZINHA. 31365-150 Belo Horizonte - MG.
31258172;ESCOLA LOGOSOFICA RAUMSOL;-19.91052000;-43.93050000;infantil;privada;ativa;geral;nao;RUA DONA LEONIDIA LEITE, 28 FLORESTA. 31015-300 Belo Horizonte - MG.
31217182;ESCOLA LUCIA CASASANTA;-19.94696478;-43.93212556;infantil|fundamental_i;privada;ativa;geral;nao;RUA RIO VERDE, 379 CARMO. 30310-750 Belo Horizonte - MG.
31005282;ESCOLA MADRE GERTRUDES;-19.95294289;-44.00548467;infantil|fundamental_i|fundamental_ii;privada;ativa;geral;nao;RUA MADRE GERTRUDES COMENSOLI, 249 MADRE GERTRUDES. 30518-180 Belo Horizonte - MG.
31004847;ESCOLA MUNDO FELIZ;-19.93864179;-43.95867287;infantil|fundamental_i;privada;ativa;geral;nao;RUA MARECHAL HERMES, 895 CASA. GUTIERREZ. 30441-110 Belo Horizonte - MG.
31312614;ESCOLA MUNICIPAL ACADEMICO VIVALDI MOREIRA;-19.80573000;-43.94059000;fundamental_i|fundamental_ii;municipal;ativa;geral;nao;RUA AGENOR DE PAULA ESTRELA, 00393 JAQUELINE. 31748-190 Belo Horizonte - MG.
31003450;ESCOLA MUNICIPAL ADAUTO LUCIO CARDOSO;-19.81608000;-43.99822000;infantil|fundamental_i|fundamental_ii;municipal;ativa;geral;nao;RUA ERNESTO GAZZOLLI, 164 CEU AZUL. 31580-160 Belo Horizonte - MG.
31002798;ESCOLA MUNICIPAL AGENOR ALVES DE CARVALHO;-19.85380000;-43.89614000;infantil|fundamental_i|fundamental_ii;municipal;ativa;geral;nao;RUA AGENOR ALVES, 53 NAZARE. 31990-040 Belo Horizonte - MG.
31002836;ESCOLA MUNICIPAL AIRES DA MATA MACHADO;-19.99416572;-44.03539544;fundamental_i;municipal;ativa;geral;nao;AVE SENADOR LEVINDO COELHO, 632 TIROL. 30662-290 Belo Horizonte - MG.
31002879;ESCOLA MUNICIPAL AMERICO RENE GIANNETTI;-19.89833000;-43.94050000;infantil|fundamental_i;municipal;ativa;geral;nao;RUA JUNDIAI, 00557 CONCORDIA. 31110-770 Belo Horizonte - MG.
31002917;ESCOLA MUNICIPAL ANA ALVES TEIXEIRA;-19.99910246;-44.00675464;infantil|fundamental_i;municipal;ativa;geral;nao;RUA BARAO DO MONTE ALTO, 00300 CARDOSO. 30626-480 Belo Horizonte - MG.
31250651;ESCOLA MUNICIPAL ANISIO TEIXEIRA;-19.88342822;-43.92585851;fundamental_i|fundamental_ii;municipal;ativa;geral;nao;RUA BOLIVAR, 00010 UNIAO. 31170-670 Belo Horizonte - MG.
31219185;ESCOLA MUNICIPAL ANNE FRANK;-19.86703000;-44.02012000;infantil|fundamental_i|fundamental_ii;municipal;ativa;geral;nao;RUA CECILIA MAGALHAES GOMES, 445 CONFISCO. 31360-510 Belo Horizonte - MG.
31003476;ESCOLA MUNICIPAL ANTONIA FERREIRA;-19.81867333;-43.96226500;infantil|fundamental_i;municipal;ativa;geral;nao;RUA JOAO GUALBERTO DE ABREU, 00010 SAO JOAO BATISTA. 31510-480 Belo Horizonte - MG.
31003301;ESCOLA MUNICIPAL ANTONIO ALEIXO;-19.97344500;-44.01391167;fundamental_i;municipal;ativa;geral;nao;AVE OLINTO MEIRELES, 250 BARREIRO. 30640-010 Belo Horizonte - MG.
31003492;ESCOLA MUNICIPAL ANTONIO GOMES HORTA;-19.81190350;-43.95547388;infantil|fundamental_i;municipal;ativa;geral;nao;RUA ANTONIO JOSE DE OLIVEIRA, 161 MINASCAIXA. 31610-300 Belo Horizonte - MG.
31002950;ESCOLA MUNICIPAL ANTONIO MOURAO GUIMARAES;-20.00147953;-44.00259269;infantil|fundamental_i;municipal;ativa;geral;nao;RUA INTERSINDICAL, 00270 FLAVIO DE OLIVEIRA. 30626-540 Belo Horizonte - MG.
31002992;ESCOLA MUNICIPAL ANTONIO SALLES BARBOSA;-19.98471000;-44.04564000;infantil|fundamental_i|fundamental_ii;municipal;ativa;geral;nao;RUA SABINO JOSE FERREIRA, 00005 TIROL. 30662-630 Belo Horizonte - MG.
31232009;ESCOLA MUNICIPAL ARMANDO ZILLER;-19.78540698;-43.98378131;fundamental_i|fundamental_ii;municipal;ativa;geral;nao;RUA GERALDO ILIDIO TEIXEIRA, 00283 MANTIQUEIRA. 31655-440 Belo Horizonte - MG.
31003034;ESCOLA MUNICIPAL ARTHUR GUIMARAES;-19.89812000;-43.96145000;infantil|fundamental_i;municipal;ativa;geral;nao;AVE AMERICO VESPUCIO, 01610 NOVA ESPERANCA. 31230-250 Belo Horizonte - MG.
31003077;ESCOLA MUNICIPAL AUGUSTA MEDEIROS;-19.89098723;-44.01473957;infantil|fundamental_i;municipal;ativa;geral;nao;RUA GENERAL CLARK, 28 SAO SALVADOR. 30881-640 Belo Horizonte - MG.
31217786;ESCOLA MUNICIPAL AURELIO BUARQUE DE HOLANDA;-19.97711124;-44.05795209;fundamental_i|fundamental_ii;municipal;ativa;geral;nao;RUA FORTUNATO BRUNO DINIZ, 40 LINDEIA. 30690-700 Belo Horizonte - MG.
31003115;ESCOLA MUNICIPAL AURELIO PIRES;-19.86511183;-43.95234664;infantil|fundamental_i|fundamental_ii;municipal;ativa;geral;nao;RUA BARRINHA, 171 INDAIA. 31270-070 Belo Horizonte - MG.
31002593;ESCOLA MUNICIPAL BELO HORIZONTE;-19.90355918;-43.94739663;fundamental_i|fundamental_ii;municipal;ativa;geral;nao;AVE JOSE BONIFACIO, 00189 SAO CRISTOVAO. 31210-690 Belo Horizonte - MG.
31003158;ESCOLA MUNICIPAL BENJAMIM JACOB;-19.95386138;-43.93687922;infantil|fundamental_i;municipal;ativa;geral;nao;RUA VENEZUELA, 00643 SION. 30315-250 Belo Horizonte - MG.
31223697;ESCOLA MUNICIPAL CAIO LIBANO SOARES;-19.94141537;-43.94237007;;municipal;ativa;geral;nao;RUA CARANGOLA, 00288 6º ANDAR. SANTO ANTONIO. 30330-240 Belo Horizonte - MG.
31247294;ESCOLA MUNICIPAL CARLOS DRUMMOND DE ANDRADE;-19.82164834;-43.95416270;fundamental_ii;municipal;ativa;geral;nao;RUA DAS PEDRINHAS, 76 SAO JOAO BATISTA. 31515-130 Belo Horizonte - MG.
31003191;ESCOLA MUNICIPAL CARLOS GOIS;-19.90246500;-43.95198833;fundamental_i;municipal;ativa;geral;nao;RUA MENDES DE OLIVEIRA, 00446 SANTO ANDRE. 31210-610 Belo Horizonte - MG.
31003239;ESCOLA MUNICIPAL CARMELITA CARVALHO GARCIA;-19.88579599;-43.98709025;fundamental_i|fundamental_ii;municipal;ativa;geral;nao;PCA OLGA GATTI BARBOSA, 10 OURO PRETO. 31320-195 Belo Horizonte - MG.
31244473;ESCOLA MUNICIPAL CIAC LUCAS MONTEIRO MACHADO;-19.99957108;-44.02636969;infantil|fundamental_i|fundamental_ii;municipal;ativa;geral;nao;RUA OTAVIANO DE CARVALHO, 12 VILA PINHO. 30670-180 Belo Horizonte - MG.
31003514;ESCOLA MUNICIPAL CONEGO RAIMUNDO TRINDADE;-19.80607000;-43.98885000;fundamental_i;municipal;ativa;geral;nao;RUA BRODOSQUI, 51 PIRATININGA. 31573-050 Belo Horizonte - MG.
31003255;ESCOLA MUNICIPAL CONEGO SEQUEIRA;-20.02300629;-44.02916757;infantil|fundamental_i|fundamental_ii;municipal;ativa;geral;nao;RUA FLOR CHUVA DE PRATA, 00040 MINEIRAO. 30672-260 Belo Horizonte - MG.
31003531;ESCOLA MUNICIPAL CONSUL ANTONIO CADAR;-19.85061000;-43.92718000;fundamental_i|fundamental_ii;municipal;ativa;geral;nao;RUA PARNAIBA, 21 MINASLANDIA. 31812-280 Belo Horizonte - MG.
31003557;ESCOLA MUNICIPAL CORA CORALINA;-19.83581000;-43.99033000;fundamental_i|fundamental_ii;municipal;ativa;geral;nao;RUA LISBOA, 00054 COPACABANA. 31550-130 Belo Horizonte - MG.
31217859;ESCOLA MUNICIPAL DA VILA PINHO;-20.00363240;-44.02326280;fundamental_i|fundamental_ii;municipal;ativa;geral;nao;RUA COLETORA, 00956 VILA PINHO. 30670-050 Belo Horizonte - MG.
31357820;ESCOLA MUNICIPAL DE EDUCACAO INFANTIL AARAO REIS;-19.84741667;-43.92181667;infantil;municipal;ativa;geral;nao;RUA TRES, 25 SAO GONCALO. 31814-358 Belo Horizonte - MG.
31357367;ESCOLA MUNICIPAL DE EDUCACAO INFANTIL AGUAS CLARAS;-20.01110667;-44.02271500;infantil;municipal;ativa;geral;nao;RUA CLEMENTE BORGES DOS SANTOS, 150 AGUAS CLARAS. 30673-146 Belo Horizonte - MG.
31357979;ESCOLA MUNICIPAL DE EDUCACAO INFANTIL ALAIDE LISBOA;-19.86429000;-43.95917000;infantil;municipal;ativa;geral;nao;AVE PRESIDENTE ANTONIO CARLOS, 6627 CAMPUS UFMG. 31270-901 Belo Horizonte - MG.
31232025;ESCOLA MUNICIPAL DE EDUCACAO INFANTIL ALESSANDRA SALUM CADAR;-19.80426167;-43.96936000;infantil;municipal;ativa;geral;nao;RUA BUDAPESTE, 68 EUROPA. 31620-340 Belo Horizonte - MG.
31362204;ESCOLA MUNICIPAL DE EDUCACAO INFANTIL ALTO VERA CRUZ;-19.91831000;-43.88823000;infantil;municipal;ativa;geral;nao;RUA FOSFORO, 75 TAQUARIL. 30290-035 Belo Horizonte - MG.
31361780;ESCOLA MUNICIPAL DE EDUCACAO INFANTIL BAIRRO DAS INDUSTRIAS;-19.96575667;-44.00069833;infantil;municipal;ativa;geral;nao;RUA IRMA MARIA PAULA, 254 BAIRRO DAS INDUSTRIAS I. 30610-370 Belo Horizonte - MG.
31361690;ESCOLA MUNICIPAL DE EDUCACAO INFANTIL BALEIA;-19.92086893;-43.89940205;infantil;municipal;ativa;geral;nao;RUA JURAMENTO, 660 PARAISO. 30285-408 Belo Horizonte - MG.
31365556;ESCOLA MUNICIPAL DE EDUCACAO INFANTIL BARREIRO;-19.98071146;-44.01086804;infantil;municipal;ativa;geral;nao;RUA SAO PAULO DA CRUZ, 65 BARREIRO. 30642-060 Belo Horizonte - MG.
31357596;ESCOLA MUNICIPAL DE EDUCACAO INFANTIL BELMONTE;-19.84614000;-43.90035000;infantil;municipal;ativa;geral;nao;RUA DOM SILVERIO GOMES PIMENTA, 325 BELMONTE. 31870-750 Belo Horizonte - MG.
31357855;ESCOLA MUNICIPAL DE EDUCACAO INFANTIL BETINHO;-19.84495376;-43.91362865;infantil;municipal;ativa;geral;nao;RUA TRINTA E NOVE, 00060 NOVO AARAO REIS. 31845-430 Belo Horizonte - MG.
31357928;ESCOLA MUNICIPAL DE EDUCACAO INFANTIL BRAUNAS;-19.84078746;-44.01157835;infantil;municipal;ativa;geral;nao;RUA AUREA ELIZA VALADAO, 40 BRAUNAS. 31370-480 Belo Horizonte - MG.
31357553;ESCOLA MUNICIPAL DE EDUCACAO INFANTIL CACHOEIRINHA;-19.89394000;-43.94528000;infantil;municipal;ativa;geral;nao;RUA CONDE SANTA MARINHA, 00370 CACHOEIRINHA. 31130-080 Belo Horizonte - MG.
31357529;ESCOLA MUNICIPAL DE EDUCACAO INFANTIL CAETANO FURQUIM;-19.89934000;-43.88976000;infantil;municipal;ativa;geral;nao;RUA MAIRINK, 625 CASA BRANCA. 31050-170 Belo Horizonte - MG.
31362026;ESCOLA MUNICIPAL DE EDUCACAO INFANTIL CAFEZAL;-19.93567961;-43.91403975;infantil;municipal;ativa;geral;nao;RUA OLIEM BONFIM GUIMARAES, 237 NOSSA SENHORA DA CONCEICAO. 30260-640 Belo Horizonte - MG.
31357669;ESCOLA MUNICIPAL DE EDUCACAO INFANTIL CALIFORNIA;-19.92129953;-44.00885913;infantil;municipal;ativa;geral;nao;BEC QUATRO MIL QUATROCENTOS E VINTE E NOVE, 155 CONJUNTO CALIFORNIA. 30850-513 Belo Horizonte - MG.
31366080;ESCOLA MUNICIPAL DE EDUCACAO INFANTIL CALIFORNIA II;-19.92737500;-44.01569500;infantil;municipal;ativa;geral;nao;RUA CHRISTINA MARIA ASSIS, 550 CALIFORNIA. 30855-440 Belo Horizonte - MG.
31361739;ESCOLA MUNICIPAL DE EDUCACAO INFANTIL CAMARGOS;-19.93451000;-44.02104000;infantil;municipal;ativa;geral;nao;RUA GENTIL PORTUGAL DO BRASIL, 61 CAMARGOS. 30520-540 Belo Horizonte - MG.
31357626;ESCOLA MUNICIPAL DE EDUCACAO INFANTIL CAPITAO EDUARDO;-19.82996196;-43.86977922;infantil;municipal;ativa;geral;nao;RUA DOS MENSAGEIROS, 95 CONJUNTO CAPITAO EDUARDO. 31998-380 Belo Horizonte - MG.
31357464;ESCOLA MUNICIPAL DE EDUCACAO INFANTIL CAPIVARI;-19.94016007;-43.91096405;infantil;municipal;ativa;geral;nao;RUA CAPIVARI, 1026 MARCOLA. 30220-400 Belo Horizonte - MG.
31357332;ESCOLA MUNICIPAL DE EDUCACAO INFANTIL CARDOSO;-20.00132908;-44.00261211;infantil;municipal;ativa;geral;nao;RUA SOLIDARIEDADE, 477 FLAVIO DE OLIVEIRA. 30626-600 Belo Horizonte - MG.
31357693;ESCOLA MUNICIPAL DE EDUCACAO INFANTIL CARLOS PRATES;-19.91468785;-43.95237150;infantil;municipal;ativa;geral;nao;AVE NOSSA SENHORA DE FATIMA, 2283 CARLOS PRATES. 30710-662 Belo Horizonte - MG.
31357960;ESCOLA MUNICIPAL DE EDUCACAO INFANTIL CASTELO;-19.87729100;-43.99747651;infantil;municipal;ativa;geral;nao;RUA CASTELO DE ALCAZAR, 10 CASTELO. 31330-310 Belo Horizonte - MG.
31365564;ESCOLA MUNICIPAL DE EDUCACAO INFANTIL CASTELO DE CRATO;-19.87775000;-43.99474000;infantil;municipal;ativa;geral;nao;RUA CASTELO DE CRATO, 101 CASTELO. 31330-120 Belo Horizonte - MG.
31357634;ESCOLA MUNICIPAL DE EDUCACAO INFANTIL CAVALINHO DE PAU;-19.85375362;-43.91282768;infantil;municipal;ativa;geral;nao;RUA CIRCULAR, 00315 CIRCULAR. SAO GABRIEL. 31980-630 Belo Horizonte - MG.
31358045;ESCOLA MUNICIPAL DE EDUCACAO INFANTIL CEU AZUL;-19.82010167;-43.99187167;infantil;municipal;ativa;geral;nao;RUA SAO JOAO BATISTA DO GLORIA, 530 PIRATININGA. 31540-100 Belo Horizonte - MG.
31361712;ESCOLA MUNICIPAL DE EDUCACAO INFANTIL CINQUENTENARIO;-19.96099455;-43.98219143;infantil;municipal;ativa;geral;nao;AVE DOM JOAO VI, 691 CINQUENTENARIO. 30570-066 Belo Horizonte - MG.
31357618;ESCOLA MUNICIPAL DE EDUCACAO INFANTIL COQUEIRO VERDE;-19.83358429;-43.88178735;infantil;municipal;ativa;geral;nao;RUA DAS ALMAS, 1200 CONJUNTO PAULO VI. 31998-020 Belo Horizonte - MG.
31361771;ESCOLA MUNICIPAL DE EDUCACAO INFANTIL COQUEIROS;-19.89861357;-44.02104350;infantil;municipal;ativa;geral;nao;RUA ENEIDA, 1465 COQUEIROS. 30881-120 Belo Horizonte - MG.
31003271;ESCOLA MUNICIPAL DE EDUCACAO INFANTIL CORNELIO VAZ DE MELO;-19.89476752;-43.95797634;infantil;municipal;ativa;geral;nao;RUA POROROCAS, 124 APARECIDA. 31235-120 Belo Horizonte - MG.
31357812;ESCOLA MUNICIPAL DE EDUCACAO INFANTIL CURUMINS;-19.82985167;-43.92817833;infantil;municipal;ativa;geral;nao;RUA CECILIA TRINDADE SILVA, 95 JARDIM FELICIDADE. 31742-533 Belo Horizonte - MG.
31357456;ESCOLA MUNICIPAL DE EDUCACAO INFANTIL DELFIM MOREIRA;-19.92253000;-43.93803000;infantil;municipal;ativa;geral;nao;RUA ESPIRITO SANTO, 890 CENTRO. 30160-033 Belo Horizonte - MG.
31361798;ESCOLA MUNICIPAL DE EDUCACAO INFANTIL DIAMANTE;-19.99669000;-44.01942000;infantil;municipal;ativa;geral;nao;RUA AZARIAS DUARTE, 180 DIAMANTE. 30644-152 Belo Horizonte - MG.
31002607;ESCOLA MUNICIPAL DE EDUCACAO INFANTIL ELOS;-19.86683094;-43.92475395;infantil;municipal;ativa;geral;nao;RUA MANOEL ALEXANDRINO, 440 SAO PAULO. 31910-120 Belo Horizonte - MG.
31365572;ESCOLA MUNICIPAL DE EDUCACAO INFANTIL ENGENHO NOGUEIRA;-19.89224873;-43.98173899;infantil;municipal;ativa;geral;nao;RUA ENGENHO DO MAR, 10 ENGENHO NOGUEIRA. 31320-480 Belo Horizonte - MG.
31361801;ESCOLA MUNICIPAL DE EDUCACAO INFANTIL FLORAMAR;-19.83521000;-43.93315000;infantil;municipal;ativa;geral;nao;RUA JOSE FERREIRA MAGALHAES, 87 FLORAMAR. 31742-093 Belo Horizonte - MG.
31002721;ESCOLA MUNICIPAL DE EDUCACAO INFANTIL FRANCISCO AZEVEDO;-19.88249660;-43.92612524;infantil;municipal;ativa;geral;nao;RUA PITT, 332 UNIAO. 31170-610 Belo Horizonte - MG.
31357898;ESCOLA MUNICIPAL DE EDUCACAO INFANTIL GAMELEIRA;-19.94595561;-43.96801027;infantil;municipal;ativa;geral;nao;AVE AMAZONAS, 05855 DA GAMELEIRA. 30510-000 Belo Horizonte - MG.
31361810;ESCOLA MUNICIPAL DE EDUCACAO INFANTIL GOIANIA;-19.87259745;-43.89856863;infantil;municipal;ativa;geral;nao;RUA JOSE ARCANJO SANTIAGO, 300 GOIANIA. 31950-100 Belo Horizonte - MG.
31357863;ESCOLA MUNICIPAL DE EDUCACAO INFANTIL GRAJAU;-19.94260667;-43.96200833;infantil;municipal;ativa;geral;nao;RUA SANTA INES, 75 SAO JORGE II. 30451-041 Belo Horizonte - MG.
31357510;ESCOLA MUNICIPAL DE EDUCACAO INFANTIL GRANJA DE FREITAS;-19.90880000;-43.88428000;infantil;municipal;ativa;geral;nao;RUA SAO VICENTE, 371 GRANJA DE FREITAS. 30286-070 Belo Horizonte - MG.
31361828;ESCOLA MUNICIPAL DE EDUCACAO INFANTIL GUARANI;-19.84113000;-43.92345000;infantil;municipal;ativa;geral;nao;RUA PACAEMBU, 10 GUARANI. 31840-100 Belo Horizonte - MG.
31357871;ESCOLA MUNICIPAL DE EDUCACAO INFANTIL HAVAI;-19.96355000;-43.97078000;infantil;municipal;ativa;geral;nao;AVE COSTA DO MARFIM, 480 HAVAI. 30575-000 Belo Horizonte - MG.
31357804;ESCOLA MUNICIPAL DE EDUCACAO INFANTIL HELIOPOLIS;-19.84288485;-43.94134811;infantil;municipal;ativa;geral;nao;RUA DOS BENEDITINOS, 220 HELIOPOLIS. 31730-758 Belo Horizonte - MG.
31273732;ESCOLA MUNICIPAL DE EDUCACAO INFANTIL HENFIL;-19.86431793;-43.95426623;infantil;municipal;ativa;geral;nao;RUA BOAVENTURA, 844 INDAIA. 31270-020 Belo Horizonte - MG.
31361836;ESCOLA MUNICIPAL DE EDUCACAO INFANTIL IPIRANGA;-19.88639904;-43.93295213;infantil;municipal;ativa;geral;nao;RUA DOM CABRAL, 133 IPIRANGA. 31160-150 Belo Horizonte - MG.
31362212;ESCOLA MUNICIPAL DE EDUCACAO INFANTIL ITAIPU;-19.99481757;-44.04309282;infantil;municipal;ativa;geral;nao;RUA TINGUI, 221 CDI JATOBA. 30662-408 Belo Horizonte - MG.
31357987;ESCOLA MUNICIPAL DE EDUCACAO INFANTIL ITAMARATI;-19.83214500;-43.98036833;infantil;municipal;ativa;geral;nao;RUA DOS COMANCHES, 245 SANTA MONICA. 31530-250 Belo Horizonte - MG.
31357952;ESCOLA MUNICIPAL DE EDUCACAO INFANTIL ITATIAIA;-19.87585740;-44.00636723;infantil;municipal;ativa;geral;nao;RUA MARIA CECILIA, 270 SANTA TEREZINHA. 31360-230 Belo Horizonte - MG.
31361844;ESCOLA MUNICIPAL DE EDUCACAO INFANTIL JAQUELINE;-19.80421000;-43.94340000;infantil;municipal;ativa;geral;nao;RUA LUIZ GONZAGA DE SOUZA, 101 JAQUELINE. 31748-131 Belo Horizonte - MG.
31358029;ESCOLA MUNICIPAL DE EDUCACAO INFANTIL JARDIM DOS COMERCIARIOS;-19.79090037;-43.97647101;infantil;municipal;ativa;geral;nao;RUA SETE DE OUTUBRO, 600 JARDIM DOS COMERCIARIOS. 31640-565 Belo Horizonte - MG.
31357782;ESCOLA MUNICIPAL DE EDUCACAO INFANTIL JARDIM GUANABARA;-19.82899767;-43.93405033;infantil;municipal;ativa;geral;nao;RUA JOAO ALVARES CABRAL, 77 JARDIM GUANABARA. 31742-170 Belo Horizonte - MG.
31358037;ESCOLA MUNICIPAL DE EDUCACAO INFANTIL JARDIM LEBLON;-19.82985535;-43.98877732;infantil;municipal;ativa;geral;nao;RUA PEDRINOPOLIS, 395 JARDIM LEBLON. 31540-470 Belo Horizonte - MG.
31361887;ESCOLA MUNICIPAL DE EDUCACAO INFANTIL JARDIM MONTANHES;-19.90512419;-43.98164364;infantil;municipal;ativa;geral;nao;RUA LEOPOLDO PEREIRA, 197 JARDIM MONTANHES. 30750-140 Belo Horizonte - MG.
31357561;ESCOLA MUNICIPAL DE EDUCACAO INFANTIL JARDIM VITORIA;-19.86025000;-43.88258000;infantil;municipal;ativa;geral;nao;RUA BRANCA, 51 VITORIA. 31970-685 Belo Horizonte - MG.
31361909;ESCOLA MUNICIPAL DE EDUCACAO INFANTIL JARDIM VITORIA II;-19.85946333;-43.87673833;infantil;municipal;ativa;geral;nao;RUA LOURDES GONCALVES BARBOSA, 785 JARDIM VITORIA. 31970-626 Belo Horizonte - MG.
31361917;ESCOLA MUNICIPAL DE EDUCACAO INFANTIL JARDIM VITORIA III;-19.84057266;-43.88032266;infantil;municipal;ativa;geral;nao;RUA BERENICE RIBEIRO DE MIRANDA, 240 JARDIM VITORIA. 31975-340 Belo Horizonte - MG.
31357294;ESCOLA MUNICIPAL DE EDUCACAO INFANTIL JATOBA IV;-20.00465482;-44.03611854;infantil;municipal;ativa;geral;nao;AVE AGENOR NONATO DE SOUZA, 00008 VALE DO JATOBA. 30664-210 Belo Horizonte - MG.
31357340;ESCOLA MUNICIPAL DE EDUCACAO INFANTIL JOSE ISIDORO FILHO;-19.99361715;-43.98988888;infantil;municipal;ativa;geral;nao;RUA ATLANTA, 42 ESPERANCA. 30624-500 Belo Horizonte - MG.
31357790;ESCOLA MUNICIPAL DE EDUCACAO INFANTIL JULIANA;-19.81718790;-43.94250982;infantil;municipal;ativa;geral;nao;RUA DA GALERIA, 1130 JULIANA. 31744-540 Belo Horizonte - MG.
31358002;ESCOLA MUNICIPAL DE EDUCACAO INFANTIL LAGOA;-19.80950993;-43.99982275;infantil;municipal;ativa;geral;nao;RUA HELCIO PEREIRA FORTES, 06 LAGOA. 31578-225 Belo Horizonte - MG.
31361950;ESCOLA MUNICIPAL DE EDUCACAO INFANTIL LAJEDO;-19.83441305;-43.91298492;infantil;municipal;ativa;geral;nao;RUA PINTOR RUGENDAS, 7 LAJEDO. 31846-040 Belo Horizonte - MG.
31361976;ESCOLA MUNICIPAL DE EDUCACAO INFANTIL LINDEIA;-19.97737000;-44.05105000;infantil;municipal;ativa;geral;nao;RUA DOS PINHOS, 91 LINDEIA. 30690-440 Belo Horizonte - MG.
31357383;ESCOLA MUNICIPAL DE EDUCACAO INFANTIL LUCAS MONTEIRO MACHADO;-19.99935970;-44.02700760;infantil;municipal;ativa;geral;nao;RUA SOLDADO WEVERSON DE ALMEIDA, 350 VILA PINHO. 30670-170 Belo Horizonte - MG.
31357430;ESCOLA MUNICIPAL DE EDUCACAO INFANTIL LUXEMBURGO;-19.95187000;-43.95894000;infantil;municipal;ativa;geral;nao;AVE ACESSO BLOCO UM, 200 CONJUNTO SANTA MARIA. 30380-471 Belo Horizonte - MG.
31361704;ESCOLA MUNICIPAL DE EDUCACAO INFANTIL MALDONADO;-19.98415833;-44.02444167;infantil;municipal;ativa;geral;nao;RUA ALCINDO GONCALVES COTTA, 105 DIAMANTE. 30640-750 Belo Horizonte - MG.
31362077;ESCOLA MUNICIPAL DE EDUCACAO INFANTIL MANACAS;-19.89120370;-43.99111803;infantil;municipal;ativa;geral;nao;RUA FRANCISCA SANTOS ANASTASIA, 860 PAQUETA. 30810-660 Belo Horizonte - MG.
31357391;ESCOLA MUNICIPAL DE EDUCACAO INFANTIL MANGUEIRAS;-20.01244000;-44.03726000;infantil;municipal;ativa;geral;nao;RUA COROA DE FRADE, 00328 MANGUEIRAS. 30666-230 Belo Horizonte - MG.
31361984;ESCOLA MUNICIPAL DE EDUCACAO INFANTIL MANTIQUEIRA;-19.78824587;-43.97835058;infantil;municipal;ativa;geral;nao;RUA ARAMITA FRANCISCA DOS SANTOS, 88 MANTIQUEIRA. 31655-300 Belo Horizonte - MG.
31362050;ESCOLA MUNICIPAL DE EDUCACAO INFANTIL MARFIM;-19.90715500;-44.02353333;infantil;municipal;ativa;geral;nao;RUA ASSUMAR, 375 PINDORAMA. 30880-490 Belo Horizonte - MG.
31205681;ESCOLA MUNICIPAL DE EDUCACAO INFANTIL MARIA DA GLORIA LOMMEZ;-19.90371000;-43.95019500;infantil;municipal;ativa;geral;nao;RUA CARMO DO RIO CLARO, 145 PEDREIRA PRADO LOPES. 31210-680 Belo Horizonte - MG.
31361992;ESCOLA MUNICIPAL DE EDUCACAO INFANTIL MARIA GORETTI;-19.86120000;-43.90840000;infantil;municipal;ativa;geral;nao;RUA BARREIRO GRANDE, 495 MARIA GORETTI. 31930-520 Belo Horizonte - MG.
31205702;ESCOLA MUNICIPAL DE EDUCACAO INFANTIL MARIA SALES FERREIRA;-19.95953000;-43.99298000;infantil;municipal;ativa;geral;nao;RUA DAS CANOAS, 150 BETANIA. 30590-232 Belo Horizonte - MG.
31357847;ESCOLA MUNICIPAL DE EDUCACAO INFANTIL MARIQUINHAS;-19.81220472;-43.93967841;infantil;municipal;ativa;geral;nao;RUA ACALIFA, 209 MARIQUINHAS. 31744-690 Belo Horizonte - MG.
31357758;ESCOLA MUNICIPAL DE EDUCACAO INFANTIL MINASLANDIA;-19.85184000;-43.93188000;infantil;municipal;ativa;geral;nao;RUA MARIA MADALENA ESTEVES, 95 MINASLANDIA. 31812-115 Belo Horizonte - MG.
31357359;ESCOLA MUNICIPAL DE EDUCACAO INFANTIL MIRAMAR;-19.99459710;-44.01226822;infantil;municipal;ativa;geral;nao;RUA TRES MARIAS, 151 MIRAMAR. 30644-030 Belo Horizonte - MG.
31231959;ESCOLA MUNICIPAL DE EDUCACAO INFANTIL MIRIAM BRANDAO;-19.79923145;-43.95672823;infantil;municipal;ativa;geral;nao;RUA JOAO BATISTA FERNANDES, 75 SERRA VERDE. 31630-340 Belo Horizonte - MG.
31362018;ESCOLA MUNICIPAL DE EDUCACAO INFANTIL MONTE AZUL;-19.81751673;-43.89357585;infantil;municipal;ativa;geral;nao;RUA AMELIA DE ALMEIDA, 10 MONTE AZUL. 31872-640 Belo Horizonte - MG.
31361747;ESCOLA MUNICIPAL DE EDUCACAO INFANTIL NAVEGANTES;-19.82408014;-44.00436871;infantil;municipal;ativa;geral;nao;RUA RADIALISTA JOSE JUNQUILHO, 32 CEU AZUL. 31585-020 Belo Horizonte - MG.
31357677;ESCOLA MUNICIPAL DE EDUCACAO INFANTIL NOVA ESPERANCA;-19.89950759;-43.96229060;infantil;municipal;ativa;geral;nao;AVE AMERICO VESPUCIO, 1998 CAICARAS. 31230-250 Belo Horizonte - MG.
31361860;ESCOLA MUNICIPAL DE EDUCACAO INFANTIL NOVA IORQUE;-19.79357000;-43.96389000;infantil;municipal;ativa;geral;nao;RUA EDIVALDO JARDIM, 400 JARDIM DOS COMERCIARIOS. 31650-700 Belo Horizonte - MG.
31357588;ESCOLA MUNICIPAL DE EDUCACAO INFANTIL OURO MINAS;-19.84540000;-43.90505000;infantil;municipal;ativa;geral;nao;RUA DAS URSULINAS, 98 OURO MINAS. 31870-260 Belo Horizonte - MG.
31362069;ESCOLA MUNICIPAL DE EDUCACAO INFANTIL OURO PRETO;-19.87663422;-43.98803867;infantil;municipal;ativa;geral;nao;RUA GERALDINA CANDIDA DE JESUS, 90 OURO PRETO. 31330-560 Belo Horizonte - MG.
31362115;ESCOLA MUNICIPAL DE EDUCACAO INFANTIL PACAJA;-19.88161667;-43.94599500;infantil;municipal;ativa;geral;nao;RUA CACHOEIRINHA, 915 SANTA CRUZ. 31150-260 Belo Horizonte - MG.
31357448;ESCOLA MUNICIPAL DE EDUCACAO INFANTIL PADRE TARCISIO;-19.94414000;-43.90973000;infantil;municipal;ativa;geral;nao;RUA MANGABEIRA DA SERRA, 280 MARCOLA. 30220-265 Belo Horizonte - MG.
31357936;ESCOLA MUNICIPAL DE EDUCACAO INFANTIL PALMEIRAS;-19.97209320;-43.98096727;infantil;municipal;ativa;geral;nao;RUA MANUEL ALVES, 100 PALMEIRAS. 30575-540 Belo Horizonte - MG.
31357502;ESCOLA MUNICIPAL DE EDUCACAO INFANTIL PARAISO;-19.91803715;-43.90506587;infantil;municipal;ativa;geral;nao;RUA ITABIRITO, 416 PARAISO. 30270-090 Belo Horizonte - MG.
31358053;ESCOLA MUNICIPAL DE EDUCACAO INFANTIL PARAUNAS;-19.80326252;-43.98834599;infantil;municipal;ativa;geral;nao;RUA PADRE PEDRO PINTO, 5700 MARIA HELENA. 31660-000 Belo Horizonte - MG.
31362085;ESCOLA MUNICIPAL DE EDUCACAO INFANTIL PARQUE REAL;-19.84158000;-43.88821000;infantil;municipal;ativa;geral;nao;RUA TRES MIL E SETENTA E QUATRO, 500 PAULO VI. 31995-354 Belo Horizonte - MG.
31361763;ESCOLA MUNICIPAL DE EDUCACAO INFANTIL PAULO VI;-19.83319118;-43.88652695;infantil;municipal;ativa;geral;nao;RUA QUATRO MIL SETECENTOS E SESSENTA E NOVE, 150 CONJUNTO PAULO VI. 31998-182 Belo Horizonte - MG.
31357715;ESCOLA MUNICIPAL DE EDUCACAO INFANTIL PEDREIRA PRADO LOPES;-19.90329167;-43.94989000;infantil;municipal;ativa;geral;nao;RUA CARMO DO RIO CLARO, 203 PEDREIRA PRADO LOPES. 31210-680 Belo Horizonte - MG.
31368644;ESCOLA MUNICIPAL DE EDUCACAO INFANTIL PEDRO LESSA;-19.90370000;-43.95064500;infantil;municipal;ativa;geral;nao;RUA PEDRO LESSA, 506 PEDREIRA PRADO LOPES. 31210-580 Belo Horizonte - MG.
31357405;ESCOLA MUNICIPAL DE EDUCACAO INFANTIL PETROPOLIS;-20.01279830;-44.02756138;infantil;municipal;ativa;geral;nao;RUA FREDERICO BOY PRUSSIANO, 455 PETROPOLIS. 30666-517 Belo Horizonte - MG.
31357375;ESCOLA MUNICIPAL DE EDUCACAO INFANTIL PILAR OLHOS D AGUA;-19.99961000;-43.96647000;infantil;municipal;ativa;geral;nao;AVE SIGMUND WEISS, 00025 PILAR. 30390-200 Belo Horizonte - MG.
31357685;ESCOLA MUNICIPAL DE EDUCACAO INFANTIL PINDORAMA;-19.91100814;-44.02106619;infantil;municipal;ativa;geral;nao;RUA GUARARAPES, 01850 PINDORAMA. 30865-000 Belo Horizonte - MG.
31365408;ESCOLA MUNICIPAL DE EDUCACAO INFANTIL PIRATININGA;-19.80783000;-43.98999000;infantil;municipal;ativa;geral;nao;RUA ALTINOPOLIS, 585 PIRATININGA. 31573-080 Belo Horizonte - MG.
31357731;ESCOLA MUNICIPAL DE EDUCACAO INFANTIL PITUCHINHA;-19.92910667;-44.00267167;infantil;municipal;ativa;geral;nao;RUA MARQUES DO LAVRADIO, 619 JOAO PINHEIRO. 30530-110 Belo Horizonte - MG.
31362093;ESCOLA MUNICIPAL DE EDUCACAO INFANTIL PLANALTO;-19.83933474;-43.94525559;infantil;municipal;ativa;geral;nao;RUA LUIZ DE MELLO MATTOS, 215 PLANALTO. 31730-710 Belo Horizonte - MG.
31362158;ESCOLA MUNICIPAL DE EDUCACAO INFANTIL POMPEIA;-19.91668000;-43.90289000;infantil;municipal;ativa;geral;nao;RUA BELEM, 1800 POMPEIA. 30285-010 Belo Horizonte - MG.
31357740;ESCOLA MUNICIPAL DE EDUCACAO INFANTIL PRIMEIRO DE MAIO;-19.85879167;-43.92758500;infantil;municipal;ativa;geral;nao;RUA CINCO DE JULHO, 119 PROVIDENCIA. 31810-440 Belo Horizonte - MG.
31002755;ESCOLA MUNICIPAL DE EDUCACAO INFANTIL PROFESSOR CHRISTOVAM COLOMBO DOS SANTOS;-19.95650000;-43.97006000;infantil;municipal;ativa;geral;nao;RUA VEREADOR NELSON CUNHA, 137 ESTORIL. 30494-015 Belo Horizonte - MG.
31003361;ESCOLA MUNICIPAL DE EDUCACAO INFANTIL PROFESSOR JOSE BRAZ;-19.97106094;-44.01867073;infantil;municipal;ativa;geral;nao;RUA JOSE ZUQUIM, 00210 SANTA MARGARIDA. 30640-180 Belo Horizonte - MG.
31357570;ESCOLA MUNICIPAL DE EDUCACAO INFANTIL PROFESSORA ACIDALIA LOTT;-19.83404000;-43.88961000;infantil;municipal;ativa;geral;nao;RUA ANTONIO MARIANO DE ABREU, 1364 PAULO VI. 31995-000 Belo Horizonte - MG.
31002640;ESCOLA MUNICIPAL DE EDUCACAO INFANTIL PROFESSORA MARILIA TANURE PEREIRA;-19.90204167;-43.90527667;infantil;municipal;ativa;geral;nao;AVE VINTE OITO DE DE SETEMBRO, 00138 ESPLANADA. 30280-050 Belo Horizonte - MG.
31357480;ESCOLA MUNICIPAL DE EDUCACAO INFANTIL PROFESSORA MARTA NAIR MONTEIRO;-19.95353000;-43.94163000;infantil;municipal;ativa;geral;nao;RUA UNIAO, 16 SANTA RITA DE CASSIA. 30335-030 Belo Horizonte - MG.
31002666;ESCOLA MUNICIPAL DE EDUCACAO INFANTIL RENASCENCA;-19.89109410;-43.93821536;infantil;municipal;ativa;geral;nao;RUA MACAPA, 00224 RENASCENCA. 31130-500 Belo Horizonte - MG.
31357642;ESCOLA MUNICIPAL DE EDUCACAO INFANTIL RIBEIRO DE ABREU;-19.83751560;-43.90135500;infantil;municipal;ativa;geral;nao;RUA DIANOPOLIS, 170 RIBEIRO DE ABREU. 31870-582 Belo Horizonte - MG.
31357707;ESCOLA MUNICIPAL DE EDUCACAO INFANTIL SABINOPOLIS;-19.91094960;-43.96035469;infantil;municipal;ativa;geral;nao;RUA SABINOPOLIS, 120 CARLOS PRATES. 30710-340 Belo Horizonte - MG.
31368130;ESCOLA MUNICIPAL DE EDUCACAO INFANTIL SAGRADA FAMILIA;-19.90367478;-43.92256125;infantil;municipal;ativa;geral;nao;RUA COSTA MONTEIRO, 875 SAGRADA FAMILIA. 31030-480 Belo Horizonte - MG.
31357944;ESCOLA MUNICIPAL DE EDUCACAO INFANTIL SANTA AMELIA;-19.84461331;-43.98321473;infantil;municipal;ativa;geral;nao;RUA MANOEL EUSTAQUIO, 98 SANTA AMELIA. 31555-140 Belo Horizonte - MG.
31362107;ESCOLA MUNICIPAL DE EDUCACAO INFANTIL SANTA BRANCA;-19.83133000;-43.96811000;infantil;municipal;ativa;geral;nao;RUA CAMPISTA, 70 SANTA MONICA. 31565-250 Belo Horizonte - MG.
31357545;ESCOLA MUNICIPAL DE EDUCACAO INFANTIL SANTA CRUZ;-19.88009037;-43.94050756;infantil;municipal;ativa;geral;nao;RUA FLORICENA FARIA FRAGA, 241 SANTA CRUZ. 31150-580 Belo Horizonte - MG.
31357499;ESCOLA MUNICIPAL DE EDUCACAO INFANTIL SANTA ISABEL;-19.93255257;-43.91080538;infantil;municipal;ativa;geral;nao;RUA DOUTOR ARGEMIRO RESENDE COSTA, 380 VILA NOVO SAO LUCAS. 30260-430 Belo Horizonte - MG.
31357880;ESCOLA MUNICIPAL DE EDUCACAO INFANTIL SANTA MARIA;-19.93374045;-44.01753959;infantil;municipal;ativa;geral;nao;RUA JOAO BATISTA VIEIRA, 00720 SANTA MARIA. 30525-395 Belo Horizonte - MG.
31362140;ESCOLA MUNICIPAL DE EDUCACAO INFANTIL SANTA ROSA;-19.87130082;-43.95140060;infantil;municipal;ativa;geral;nao;RUA CALDAS DA RAINHA, 527 SAO FRANCISCO. 31255-180 Belo Horizonte - MG.
31357766;ESCOLA MUNICIPAL DE EDUCACAO INFANTIL SAO BERNARDO;-19.84613879;-43.94428421;infantil;municipal;ativa;geral;nao;RUA CECILIA PINTO, 105 SAO BERNARDO. 31741-310 Belo Horizonte - MG.
31357600;ESCOLA MUNICIPAL DE EDUCACAO INFANTIL SAO GABRIEL;-19.85291736;-43.91387978;infantil;municipal;ativa;geral;nao;RUA SAO JOAO DA SERRA, 00140 SAO GABRIEL. 31980-580 Belo Horizonte - MG.
31357472;ESCOLA MUNICIPAL DE EDUCACAO INFANTIL SAO JOAO;-19.93594917;-43.90396423;infantil;municipal;ativa;geral;nao;BEC SAO JOAO, 355 NOSSA SENHORA DA CONCEICAO. 30230-520 Belo Horizonte - MG.
31358061;ESCOLA MUNICIPAL DE EDUCACAO INFANTIL SAO JOAO BATISTA;-19.82354000;-43.96195000;infantil;municipal;ativa;geral;nao;RUA PROFESSOR AIMORE DUTRA, 514 SAO JOAO BATISTA. 31520-050 Belo Horizonte - MG.
31362166;ESCOLA MUNICIPAL DE EDUCACAO INFANTIL SAO MARCOS;-19.87144000;-43.91384000;infantil;municipal;ativa;geral;nao;RUA SANTO ALBERTO, 10 FERNAO DIAS. 31920-540 Belo Horizonte - MG.
31362174;ESCOLA MUNICIPAL DE EDUCACAO INFANTIL SARANDI;-19.87499789;-44.01375937;infantil;municipal;ativa;geral;nao;RUA DEPUTADO AUGUSTO GONCALVES, 150 SERRANO. 30882-660 Belo Horizonte - MG.
31362190;ESCOLA MUNICIPAL DE EDUCACAO INFANTIL SERRA VERDE;-19.80383000;-43.96153000;infantil;municipal;ativa;geral;nao;RUA JOSE MACHADO RIBEIRO, 94 CENACULO. 31615-170 Belo Horizonte - MG.
31357901;ESCOLA MUNICIPAL DE EDUCACAO INFANTIL SILVA LOBO;-19.94286000;-43.96435500;infantil;municipal;ativa;geral;nao;AVE SILVA LOBO, 2250 NOVA GRANADA. 30431-360 Belo Horizonte - MG.
31357316;ESCOLA MUNICIPAL DE EDUCACAO INFANTIL SOL NASCENTE;-19.97708620;-43.99432838;infantil;municipal;ativa;geral;nao;RUA MARIA LETICIA, 800 MILIONARIOS. 30610-660 Belo Horizonte - MG.
31361933;ESCOLA MUNICIPAL DE EDUCACAO INFANTIL SOLAR RUBI;-20.01031287;-44.01462070;infantil;municipal;ativa;geral;nao;AVE WARLEY APARECIDO MARTINS, 730 SOLAR DO BARREIRO. 30670-370 Belo Horizonte - MG.
31357324;ESCOLA MUNICIPAL DE EDUCACAO INFANTIL SOLAR URUCUIA;-20.00997668;-44.00940497;infantil;municipal;ativa;geral;nao;RUA NELSON DE PAULA PIRES, 411 PONGELUPE. 30628-030 Belo Horizonte - MG.
31361879;ESCOLA MUNICIPAL DE EDUCACAO INFANTIL SOLIMOES;-19.82372224;-43.92938544;infantil;municipal;ativa;geral;nao;RUA WALDEMAR CANDIDO RODRIGUES, 244 JARDIM FELICIDADE. 31742-410 Belo Horizonte - MG.
31357537;ESCOLA MUNICIPAL DE EDUCACAO INFANTIL TAQUARIL;-19.92191422;-43.88126157;infantil;municipal;ativa;geral;nao;RUA DESEMBARGADOR BRAULIO, 3550 CIDADE JARDIM TAQUARIL. 30290-020 Belo Horizonte - MG.
31357413;ESCOLA MUNICIPAL DE EDUCACAO INFANTIL TIMBIRAS;-19.92697264;-43.93898903;infantil;municipal;ativa;geral;nao;RUA DOS TIMBIRAS, 1697 LOURDES. 30140-061 Belo Horizonte - MG.
31361941;ESCOLA MUNICIPAL DE EDUCACAO INFANTIL TIROL;-19.99462403;-44.03530247;infantil;municipal;ativa;geral;nao;PCA MARIETA PULQUERIA DE JESUS, 20 TIROL. 30668-022 Belo Horizonte - MG.
31362123;ESCOLA MUNICIPAL DE EDUCACAO INFANTIL UNIVERSITARIO;-19.86555000;-43.94206167;infantil;municipal;ativa;geral;nao;RUA ARISTOTELES RIBEIRO VASCONCELOS, 40 SANTA ROSA. 31255-650 Belo Horizonte - MG.
31362220;ESCOLA MUNICIPAL DE EDUCACAO INFANTIL URCA CONFISCO;-19.86774261;-44.01581951;infantil;municipal;ativa;geral;nao;RUA EXPEDICIONARIO PAULO DE SOUZA, 701 CONFISCO. 31360-395 Belo Horizonte - MG.
31358010;ESCOLA MUNICIPAL DE EDUCACAO INFANTIL VENDA NOVA;-19.81920835;-43.95361508;infantil;municipal;ativa;geral;nao;RUA DOUTOR ALVARO CAMARGOS, 200 SAO JOAO BATISTA. 31515-200 Belo Horizonte - MG.
31206539;ESCOLA MUNICIPAL DE EDUCACAO INFANTIL VEREADOR ANTONIO MENEZES;-19.80854000;-43.97894000;infantil;municipal;ativa;geral;nao;RUA LUIZ FURTADO FILHO, 10 LETICIA. 31570-220 Belo Horizonte - MG.
31357910;ESCOLA MUNICIPAL DE EDUCACAO INFANTIL VILA ANTENA;-19.89655036;-43.98539417;infantil;municipal;ativa;geral;nao;RUA FLOR DO ORIENTE, 137 VILA ANTENA MONTANHES. 30810-427 Belo Horizonte - MG.
31357995;ESCOLA MUNICIPAL DE EDUCACAO INFANTIL VILA APOLONIA;-19.82746357;-43.99269108;infantil;municipal;ativa;geral;nao;RUA MARROCOS, 678 APOLONIA. 31540-230 Belo Horizonte - MG.
31361720;ESCOLA MUNICIPAL DE EDUCACAO INFANTIL VILA CALAFATE;-19.93166000;-43.97101000;infantil;municipal;ativa;geral;nao;RUA CONTENDAS, 254 ALTO BARROCA. 30431-012 Belo Horizonte - MG.
31357774;ESCOLA MUNICIPAL DE EDUCACAO INFANTIL VILA CLORIS;-19.82440340;-43.94232242;infantil;municipal;ativa;geral;nao;RUA DAS GAIVOTAS, 838 XODOMARIZE. 31744-145 Belo Horizonte - MG.
31357421;ESCOLA MUNICIPAL DE EDUCACAO INFANTIL VILA CONCEICAO;-19.93316729;-43.91538015;infantil;municipal;ativa;geral;nao;RUA CORONEL ALVINO ALVIM DE MENEZES, 111 NOSSA SENHORA DO ROSARIO. 30260-654 Belo Horizonte - MG.
31362131;ESCOLA MUNICIPAL DE EDUCACAO INFANTIL VILA ESTRELA;-19.94209000;-43.94308333;infantil;municipal;ativa;geral;nao;RUA PRIMAVERA, 60 SANTO ANTONIO. 30330-260 Belo Horizonte - MG.
31361968;ESCOLA MUNICIPAL DE EDUCACAO INFANTIL VILA LEONINA;-19.95394000;-43.96440000;infantil;municipal;ativa;geral;nao;RUA DEZENOVE DE DEZEMBRO, 331 ALPES. 30451-691 Belo Horizonte - MG.
31361925;ESCOLA MUNICIPAL DE EDUCACAO INFANTIL VILA MARIA;-19.84857000;-43.88405000;infantil;municipal;ativa;geral;nao;RUA ZELIA JACINTA DA COSTA, 7 JARDIM VITORIA. 31970-010 Belo Horizonte - MG.
31357650;ESCOLA MUNICIPAL DE EDUCACAO INFANTIL VILA SAO VICENTE;-19.92086588;-43.98321715;infantil;municipal;ativa;geral;nao;RUA HUMAITA, 1149 PADRE EUSTAQUIO. 30720-410 Belo Horizonte - MG.
31357723;ESCOLA MUNICIPAL DE EDUCACAO INFANTIL VILA SENHOR DOS PASSOS;-19.90597180;-43.94864001;infantil;municipal;ativa;geral;nao;RUA EVARISTO DA VEIGA, 00239 VILA SENHOR DOS PASSOS. 31210-300 Belo Horizonte - MG.
31362239;ESCOLA MUNICIPAL DE EDUCACAO INFANTIL XODO MARISE;-19.82098147;-43.93862072;infantil;municipal;ativa;geral;nao;RUA HUMBERTO LAVALLE, 91 XODOMARIZE. 31744-425 Belo Horizonte - MG.
31357839;ESCOLA MUNICIPAL DE EDUCACAO INFANTIL ZILAH SPOSITO;-19.80462000;-43.92859000;infantil;municipal;ativa;geral;nao;RUA COQUILHO, 75 JAQUELINE. 31748-495 Belo Horizonte - MG.
31217816;ESCOLA MUNICIPAL DE ENSINO ESPECIAL DO BAIRRO VENDA NOVA;-19.80863167;-43.97899000;;municipal;paralisada;geral;nao;RUA CARLOS TORREZANI, 00190 LETICIA. 31570-340 Belo Horizonte - MG.
31231967;ESCOLA MUNICIPAL DE ENSINO ESPECIAL FREI LEOPOLDO;-19.95047582;-43.97904278;;municipal;paralisada;geral;nao;RUA CLOVIS CYRILO LIMONGE, 141 SALGADO FILHO. 30555-030 Belo Horizonte - MG.
31003298;ESCOLA MUNICIPAL DEPUTADO MILTON SALLES;-19.95527000;-43.96930000;infantil|fundamental_i|fundamental_ii;municipal;ativa;geral;nao;RUA TEOFILO FILHO, 222 JARDIM AMERICA. 30494-005 Belo Horizonte - MG.
31003760;ESCOLA MUNICIPAL DEPUTADO RENATO AZEREDO;-19.79645665;-43.99231612;infantil|fundamental_i|fundamental_ii;municipal;ativa;geral;nao;RUA AGUA, 240 MARIA HELENA. 31680-430 Belo Horizonte - MG.
31003573;ESCOLA MUNICIPAL DESEMBARGADOR LORETO RIBEIRO DE ABREU;-19.81771649;-43.90197347;fundamental_i;municipal;ativa;geral;nao;RUA MARCOS DONATO DE LIMA, 520 RIBEIRO DE ABREU. 31872-410 Belo Horizonte - MG.
31003174;ESCOLA MUNICIPAL DINORAH MAGALHAES FABRI;-19.99401000;-43.99050000;infantil|fundamental_i|fundamental_ii;municipal;ativa;geral;nao;RUA PAVAO, 295 ESPERANCA. 30624-270 Belo Horizonte - MG.
31331589;ESCOLA MUNICIPAL DOM BOSCO;-19.91693173;-43.99976781;fundamental_i|fundamental_ii;municipal;ativa;geral;nao;RUA BICUIBA, 00100 DOM BOSCO. 30850-260 Belo Horizonte - MG.
31003310;ESCOLA MUNICIPAL DOM JAIME DE BARROS CAMARA;-19.91527000;-43.96791000;fundamental_i;municipal;ativa;geral;nao;RUA FREDERICO BRACHER JUNIOR, 00123 CARLOS PRATES. 30720-000 Belo Horizonte - MG.
31003336;ESCOLA MUNICIPAL DOM ORIONE;-19.86773221;-43.97874959;infantil|fundamental_i|fundamental_ii;municipal;ativa;geral;nao;AVE EXPEDICIONARIO BENVINDO BELEM DE LIMA, 900 SAO LUIZ. 31310-040 Belo Horizonte - MG.
31003590;ESCOLA MUNICIPAL DORA TOMICH LAENDER;-19.80610667;-43.95942500;fundamental_i|fundamental_ii;municipal;ativa;geral;nao;RUA JULITA NUNES LIMA, 53 CONJUNTO MINASCAIXA. 31615-140 Belo Horizonte - MG.
31346853;ESCOLA MUNICIPAL DOUTOR JULIO SOARES;-19.90736468;-43.88376511;fundamental_i|fundamental_ii;municipal;ativa;geral;nao;RUA SAO VICENTE, 200 GRANJA DE FREITAS. 30286-070 Belo Horizonte - MG.
31330850;ESCOLA MUNICIPAL DR JOSE XAVIER NOGUEIRA;-19.80291833;-43.96310667;infantil|fundamental_i;municipal;ativa;geral;nao;RUA NAVARRA, 100 EUROPA. 31620-050 Belo Horizonte - MG.
31212776;ESCOLA MUNICIPAL DULCE MARIA HOMEM;-19.99476763;-44.01268786;infantil|fundamental_i|fundamental_ii;municipal;ativa;geral;nao;RUA TRES MARIAS, 00221 MIRAMAR. 30644-030 Belo Horizonte - MG.
31217867;ESCOLA MUNICIPAL EDITH PIMENTA DA VEIGA;-19.99622243;-44.03064229;infantil|fundamental_i|fundamental_ii;municipal;ativa;geral;nao;ALA VARGEM GRANDE, 38 CASTANHEIRA. 30668-160 Belo Horizonte - MG.
31003611;ESCOLA MUNICIPAL ELISA BUZELIN;-19.80501948;-43.98274515;fundamental_i;municipal;ativa;geral;nao;RUA JAIR AFONSO INACIO, 00277 PIRATININGA. 31570-430 Belo Horizonte - MG.
31217824;ESCOLA MUNICIPAL ELOY HERALDO LIMA;-20.00497391;-44.04160917;infantil|fundamental_i|fundamental_ii;municipal;ativa;geral;nao;RUA ENGRACIA COSTA E SILVA, 56 VALE DO JATOBA. 30664-800 Belo Horizonte - MG.
31002615;ESCOLA MUNICIPAL EMIDIO BERUTTO;-19.88014920;-43.91096851;infantil|fundamental_i;municipal;ativa;geral;nao;RUA CONCEICAO DO PARA, 01726 SANTA INES. 31080-020 Belo Horizonte - MG.
31217875;ESCOLA MUNICIPAL FERNANDO DIAS COSTA;-19.91944667;-43.87770000;fundamental_i|fundamental_ii;municipal;ativa;geral;nao;RUA PEDRO ALEXANDRINO MENDONCA, 59 CONJUNTO TAQUARIL. 30290-590 Belo Horizonte - MG.
31283011;ESCOLA MUNICIPAL FLORESTAN FERNANDES;-19.82139742;-43.92428390;infantil|fundamental_i|fundamental_ii;municipal;ativa;geral;nao;RUA PAU-FERRO, 360 SOLIMOES. 31742-810 Belo Horizonte - MG.
31002682;ESCOLA MUNICIPAL FRANCISCA ALVES;-19.86804110;-43.99706960;fundamental_i|fundamental_ii;municipal;ativa;geral;nao;AVE SANTA TEREZINHA, 8 CONJUNTO LAGOA. 31365-000 Belo Horizonte - MG.
31002704;ESCOLA MUNICIPAL FRANCISCA DE PAULA;-19.95752498;-43.98346265;infantil|fundamental_i;municipal;ativa;geral;nao;RUA JULIO DE CASTILHO, 00330 CINQUENTENARIO. 30570-080 Belo Horizonte - MG.
31002747;ESCOLA MUNICIPAL FRANCISCO BRESSANE DE AZEVEDO;-19.86617662;-43.92468721;fundamental_i;municipal;ativa;geral;nao;RUA AIURUOCA, 501 SAO PAULO. 31910-130 Belo Horizonte - MG.
31003638;ESCOLA MUNICIPAL FRANCISCO CAMPOS;-19.83460000;-43.92272000;infantil|fundamental_i|fundamental_ii;municipal;ativa;geral;nao;RUA HERALDO BELISARIO, 190 TUPI A. 31842-290 Belo Horizonte - MG.
31217891;ESCOLA MUNICIPAL FRANCISCO MAGALHAES GOMES;-19.82117764;-43.94967603;fundamental_i|fundamental_ii;municipal;ativa;geral;nao;RUA DOS MAMOEIROS, 98 VILA CLORIS. 31744-060 Belo Horizonte - MG.
31002763;ESCOLA MUNICIPAL GEORGE RICARDO SALUM;-19.91888000;-43.88788000;fundamental_i;municipal;ativa;geral;nao;RUA FOSFORO, 77 TAQUARIL. 30290-035 Belo Horizonte - MG.
31003824;ESCOLA MUNICIPAL GERALDO TEIXEIRA DA COSTA;-19.81515000;-43.97632000;fundamental_i|fundamental_ii;municipal;ativa;geral;nao;RUA MARCIO LIMA PAIXAO, 00009 RIO BRANCO. 31535-090 Belo Horizonte - MG.
31002780;ESCOLA MUNICIPAL GOVERNADOR CARLOS LACERDA;-19.88588870;-43.93209727;infantil|fundamental_i|fundamental_ii;municipal;ativa;geral;nao;RUA PRINCESA LEOPOLDINA, 00490 IPIRANGA. 31160-120 Belo Horizonte - MG.
31224111;ESCOLA MUNICIPAL GOVERNADOR OZANAM COELHO;-19.82978982;-43.86778500;infantil|fundamental_i|fundamental_ii;municipal;ativa;geral;nao;RUA ANGELA BENAREGES, 166 CONJUNTO CAPITAO EDUARDO. 31998-360 Belo Horizonte - MG.
31003468;ESCOLA MUNICIPAL GRACY VIANNA LAGE;-19.78919397;-43.97143495;fundamental_i|fundamental_ii;municipal;ativa;geral;nao;RUA JOAO SOARES LEAL, 23 JARDIM DOS COMERCIARIOS. 31650-230 Belo Horizonte - MG.
31002801;ESCOLA MUNICIPAL HELENA ANTIPOFF;-19.99023235;-44.04504568;infantil|fundamental_i;municipal;ativa;geral;nao;RUA ANTONIO EUSTAQUIO PIAZZA, 04020 TIROL. 30662-050 Belo Horizonte - MG.
31247308;ESCOLA MUNICIPAL HELIO PELLEGRINO;-19.84499000;-43.92483000;fundamental_i|fundamental_ii;municipal;ativa;geral;nao;RUA GUILHERME SOARES, 255 AARAO REIS. 31814-570 Belo Horizonte - MG.
31212768;ESCOLA MUNICIPAL HENRIQUETA LISBOA;-19.87437911;-43.91412439;fundamental_i|fundamental_ii;municipal;ativa;geral;nao;RUA GEORGINA PADUA, 297 PENHA. 31920-270 Belo Horizonte - MG.
31312622;ESCOLA MUNICIPAL HERBERT JOSE DE SOUZA;-19.84099000;-43.90784000;infantil|fundamental_i;municipal;ativa;geral;nao;AVE DETETIVE EDUARDO FERNANDES, 320 NOVO AARAO REIS. 31845-000 Belo Horizonte - MG.
31003484;ESCOLA MUNICIPAL HILDA RABELLO MATTA;-19.84462932;-43.93433445;infantil|fundamental_i|fundamental_ii;municipal;ativa;geral;nao;RUA JOVENTINA DA ROCHA, 72 HELIOPOLIS. 31741-450 Belo Horizonte - MG.
31002828;ESCOLA MUNICIPAL HONORINA DE BARROS;-19.90262205;-43.94631347;fundamental_i;municipal;ativa;geral;nao;PCA PROFESSOR CORREA NETO, 200 SAO CRISTOVAO. 31210-740 Belo Horizonte - MG.
31002844;ESCOLA MUNICIPAL HONORINA RABELLO;-19.85753833;-43.89592167;infantil|fundamental_i;municipal;ativa;geral;nao;RUA MARIA CONCEICAO BONFIM, 00315 GOIANIA. 31950-540 Belo Horizonte - MG.
31002861;ESCOLA MUNICIPAL HUGO PINHEIRO SOARES;-19.89807533;-43.94013718;fundamental_i|fundamental_ii;municipal;ativa;geral;nao;RUA JUNDIAI, 00567 CONCORDIA. 31110-770 Belo Horizonte - MG.
31002887;ESCOLA MUNICIPAL HUGO WERNECK;-19.94266621;-43.96330879;infantil|fundamental_i;municipal;ativa;geral;nao;RUA OSCAR TROMPOWSKY, 1372 GRAJAU. 30431-177 Belo Horizonte - MG.
31205699;ESCOLA MUNICIPAL IGNACIO DE ANDRADE MELO;-19.90055000;-43.99811000;infantil|fundamental_i|fundamental_ii;municipal;ativa;geral;nao;RUA VIOLETA DE MELO, 1005 JARDIM SAO JOSE. 30820-650 Belo Horizonte - MG.
31003441;ESCOLA MUNICIPAL IMACO;-19.93103333;-43.93569000;infantil|fundamental_i|fundamental_ii;municipal;ativa;geral;nao;RUA GONCALVES DIAS, 1180 BOA VIAGEM. 30140-096 Belo Horizonte - MG.
31002925;ESCOLA MUNICIPAL ISRAEL PINHEIRO;-19.91140938;-43.88979748;infantil|fundamental_i|fundamental_ii;municipal;ativa;geral;nao;RUA DESEMBARGADOR BRAULIO, 01147 ALTO VERA CRUZ. 30285-170 Belo Horizonte - MG.
31212792;ESCOLA MUNICIPAL JARDIM FELICIDADE;-19.82396777;-43.93087344;fundamental_i|fundamental_ii;municipal;ativa;geral;nao;RUA QUARENTA E SETE A, 250 JARDIM FELICIDADE. 31742-420 Belo Horizonte - MG.
31362247;ESCOLA MUNICIPAL JARDIM LEBLON;-19.82683000;-43.98533000;infantil|fundamental_i;municipal;ativa;geral;nao;RUA SILVA XAVIER, 15 JARDIM LEBLON. 31540-400 Belo Horizonte - MG.
31362581;ESCOLA MUNICIPAL JARDIM VITORIA;-19.85754000;-43.87216000;fundamental_i|fundamental_ii;municipal;ativa;geral;nao;RUA LOURDES GONCALVES BARBOSA, 160 JARDIM VITORIA. 31970-626 Belo Horizonte - MG.
31002968;ESCOLA MUNICIPAL JOAO DO PATROCINIO;-19.94433370;-43.99339882;infantil|fundamental_i;municipal;ativa;geral;nao;RUA SERINGUEIRA, 00128 NOVA GAMELEIRA. 30510-690 Belo Horizonte - MG.
31002984;ESCOLA MUNICIPAL JOAO PINHEIRO;-19.93330565;-43.99996137;infantil|fundamental_i;municipal;ativa;geral;nao;RUA PADRE MANOEL BERNARDES, 303 OESTE. 30530-470 Belo Horizonte - MG.
31003506;ESCOLA MUNICIPAL JOAQUIM DOS SANTOS;-19.82557000;-43.99604000;infantil|fundamental_i;municipal;ativa;geral;nao;RUA ANTONIO JOSE DOS SANTOS, 00300 CEU AZUL. 31580-000 Belo Horizonte - MG.
31003000;ESCOLA MUNICIPAL JONAS BARCELLOS CORREA;-20.01534653;-44.03019177;fundamental_i|fundamental_ii;municipal;ativa;geral;nao;RUA PROFESSORA DIRCE MARIA, 240 PETROPOLIS. 30666-515 Belo Horizonte - MG.
31305499;ESCOLA MUNICIPAL JOSE DE CALASANZ;-19.87226089;-43.90523240;infantil|fundamental_i|fundamental_ii;municipal;ativa;geral;nao;RUA SEBASTIAO SANTANA FILHO, 00111 IPE. 31930-070 Belo Horizonte - MG.
31003549;ESCOLA MUNICIPAL JOSE MADUREIRA HORTA;-19.83577000;-43.97981000;fundamental_i|fundamental_ii;municipal;ativa;geral;nao;RUA JOAQUIM RAYMUNDO BRAGA, 00040 SANTA AMELIA. 31555-380 Belo Horizonte - MG.
31003565;ESCOLA MUNICIPAL JOSE MARIA ALKMIM;-19.79823223;-43.95429287;infantil|fundamental_i|fundamental_ii;municipal;ativa;geral;nao;RUA BENIGNO FAGUNDES DA SILVA, 33 SERRA VERDE. 31630-070 Belo Horizonte - MG.
31223654;ESCOLA MUNICIPAL JOSE MARIA DOS MARES GUIA;-19.84364519;-43.94166290;fundamental_i|fundamental_ii;municipal;ativa;geral;nao;RUA DOS BENEDITINOS, 00180 HELIOPOLIS. 31730-758 Belo Horizonte - MG.
31003522;ESCOLA MUNICIPAL JOSEFINA SOUZA LIMA;-19.85638726;-43.93095606;fundamental_i|fundamental_ii;municipal;ativa;geral;nao;RUA MARIA ORTIZ, 195 MINASLANDIA. 31810-310 Belo Horizonte - MG.
31003026;ESCOLA MUNICIPAL JULIA PARAISO;-19.89606859;-44.00580275;fundamental_i;municipal;ativa;geral;nao;RUA TIES, 100 ALIPIO DE MELO. 30830-500 Belo Horizonte - MG.
31003042;ESCOLA MUNICIPAL LEVINDO LOPES;-19.92328834;-43.90447947;fundamental_i;municipal;ativa;geral;nao;RUA FLUORINA, 01460 PARAISO. 30270-380 Belo Horizonte - MG.
31003581;ESCOLA MUNICIPAL LIDIA ANGELICA;-19.83855166;-43.95835734;infantil|fundamental_i|fundamental_ii;municipal;ativa;geral;nao;RUA CORONEL INDIO DO BRASIL, 64 ITAPOA. 31710-640 Belo Horizonte - MG.
31003069;ESCOLA MUNICIPAL LUIGI TONIOLO;-19.90244809;-44.01746962;infantil|fundamental_i;municipal;ativa;geral;nao;RUA MAFRA, 124 NOVO GLORIA. 30880-294 Belo Horizonte - MG.
31003085;ESCOLA MUNICIPAL LUIZ GATTI;-19.98200873;-44.02651219;fundamental_ii;municipal;ativa;geral;nao;RUA O GARIMPEIRO, 00045 ADEMAR MALDONADO. 30640-720 Belo Horizonte - MG.
31217832;ESCOLA MUNICIPAL LUIZ GONZAGA JUNIOR;-20.00879500;-44.03242333;infantil|fundamental_i|fundamental_ii;municipal;ativa;geral;nao;RUA MARIA PEREIRA DAMASCENO, 65 ERNESTO DO NASCIMENTO. 30668-430 Belo Horizonte - MG.
31003107;ESCOLA MUNICIPAL MAGALHAES DRUMOND;-19.93121000;-43.97109000;fundamental_i;municipal;ativa;geral;nao;RUA CONTENDAS, 200 ALTO BARROCA. 30431-012 Belo Horizonte - MG.
31002674;ESCOLA MUNICIPAL MARCONI;-19.93120829;-43.95494107;infantil|fundamental_i|fundamental_ii;municipal;ativa;geral;nao;AVE DO CONTORNO, 8476 SANTO AGOSTINHO. 30110-062 Belo Horizonte - MG.
31231991;ESCOLA MUNICIPAL MARIA DA ASSUNCAO DE MARCO;-19.85966000;-43.90426000;infantil|fundamental_i|fundamental_ii;municipal;ativa;geral;nao;RUA ANA HORTA, 00098 GOIANIA. 31960-210 Belo Horizonte - MG.
31003140;ESCOLA MUNICIPAL MARIA DAS NEVES;-19.92811720;-43.91976672;fundamental_i|fundamental_ii;municipal;ativa;geral;nao;RUA PIRANGA, 39 SAO LUCAS. 30240-310 Belo Horizonte - MG.
31003123;ESCOLA MUNICIPAL MARIA DE MAGALHAES PINTO;-19.87543065;-44.00688172;fundamental_i|fundamental_ii;municipal;ativa;geral;nao;RUA SENADOR VIRGILIO TAVORA, 150 SANTA TEREZINHA. 31360-220 Belo Horizonte - MG.
31003166;ESCOLA MUNICIPAL MARIA DE REZENDE COSTA;-19.90652265;-43.99969529;infantil|fundamental_i;municipal;ativa;geral;nao;AVE ABILIO MACHADO, 1009 GLORIA. 30830-233 Belo Horizonte - MG.
31003603;ESCOLA MUNICIPAL MARIA SILVEIRA;-19.84772473;-43.94449640;fundamental_i|fundamental_ii;municipal;ativa;geral;nao;RUA LIBANIA PENA, 201 SAO BERNARDO. 31741-318 Belo Horizonte - MG.
31003620;ESCOLA MUNICIPAL MARIO MOURAO FILHO;-19.81228667;-44.00422000;infantil|fundamental_i;municipal;ativa;geral;nao;RUA MARIA GERTRUDES SANTOS, 01029 CEU AZUL. 31578-300 Belo Horizonte - MG.
31217794;ESCOLA MUNICIPAL MARLENE PEREIRA RANCANTE;-19.89649358;-44.00195086;infantil|fundamental_i|fundamental_ii;municipal;ativa;geral;nao;RUA DOS COMERCIANTES, 00038 ALIPIO DE MELO. 30840-040 Belo Horizonte - MG.
31003204;ESCOLA MUNICIPAL MESTRE ATAIDE;-19.96799000;-43.98845000;fundamental_i|fundamental_ii;municipal;ativa;geral;nao;RUA AUGUSTO JOSE DOS SANTOS, 560 ESTRELA DO ORIENTE. 30580-100 Belo Horizonte - MG.
31003221;ESCOLA MUNICIPAL MESTRE PARANHOS;-19.95176000;-43.95952000;infantil|fundamental_i;municipal;ativa;geral;nao;RUA ALCIDA TORRES, 25 CONJUNTO SANTA MARIA. 30380-450 Belo Horizonte - MG.
31003646;ESCOLA MUNICIPAL MILTON CAMPOS;-19.79643243;-43.98475915;infantil|fundamental_i|fundamental_ii;municipal;ativa;geral;nao;RUA JOVINO RODRIGUES PEGO, 195 MANTIQUEIRA. 31660-250 Belo Horizonte - MG.
31003662;ESCOLA MUNICIPAL MINERVINA AUGUSTA;-19.82964109;-43.94696747;infantil|fundamental_i|fundamental_ii;municipal;ativa;geral;nao;RUA DAVID CANABARRO, 00018 CAMPO ALEGRE. 31730-200 Belo Horizonte - MG.
31002631;ESCOLA MUNICIPAL MONSENHOR ARTUR DE OLIVEIRA;-19.90615410;-43.96509099;fundamental_i|fundamental_ii;municipal;ativa;geral;nao;RUA FORNACIARI, 00157 CAICARAS. 30770-010 Belo Horizonte - MG.
31002691;ESCOLA MUNICIPAL MONSENHOR JOAO RODRIGUES DE OLIVEIRA;-19.89810833;-43.89711333;infantil|fundamental_i;municipal;ativa;geral;nao;RUA ARAPARI, 00095 SAO GERALDO. 31050-540 Belo Horizonte - MG.
31002909;ESCOLA MUNICIPAL MONTEIRO LOBATO;-19.87525000;-43.91003000;infantil|fundamental_i;municipal;ativa;geral;nao;RUA SANTA APOLONIA, 00120 SAO MARCOS. 31920-360 Belo Horizonte - MG.
31003671;ESCOLA MUNICIPAL MOYSES KALIL;-19.78987326;-43.98211632;infantil|fundamental_i|fundamental_ii;municipal;ativa;geral;nao;RUA AFONSO PEREIRA DA SILVA, 00010 MANTIQUEIRA. 31655-010 Belo Horizonte - MG.
31217883;ESCOLA MUNICIPAL MURILO RUBIAO;-19.84703000;-43.89622000;infantil|fundamental_i|fundamental_ii;municipal;ativa;geral;nao;RUA UM, 10 ACAIACA. 31990-365 Belo Horizonte - MG.
31002739;ESCOLA MUNICIPAL NOSSA SENHORA DO AMPARO;-19.88955527;-43.95103544;infantil|fundamental_i;municipal;ativa;geral;nao;RUA HESPERIA, 300 APARECIDA. 31235-080 Belo Horizonte - MG.
31002771;ESCOLA MUNICIPAL OSWALDO CRUZ;-19.95442445;-43.96909083;fundamental_ii;municipal;ativa;geral;nao;RUA SANTOS, 2200 JARDIM AMERICA. 30421-490 Belo Horizonte - MG.
31219223;ESCOLA MUNICIPAL OSWALDO FRANCA JUNIOR;-19.85356000;-43.91303000;fundamental_i|fundamental_ii;municipal;ativa;geral;nao;RUA CIRCULAR, 00335 SAO GABRIEL. 31980-630 Belo Horizonte - MG.
31002810;ESCOLA MUNICIPAL PADRE EDEIMAR MASSOTE;-19.89846672;-44.02207830;fundamental_i|fundamental_ii;municipal;ativa;geral;nao;RUA ENEIDA, 1485 COQUEIROS. 30881-120 Belo Horizonte - MG.
31002658;ESCOLA MUNICIPAL PADRE FLAVIO GIAMMETTA;-19.97767021;-44.02729866;infantil|fundamental_i;municipal;ativa;geral;nao;RUA SEBASTIAO MARIA DA SILVA, 175 ATILA DE PAIVA. 30640-360 Belo Horizonte - MG.
31218618;ESCOLA MUNICIPAL PADRE FRANCISCO CARVALHO MOREIRA;-19.89931663;-43.90416787;infantil|fundamental_i|fundamental_ii;municipal;ativa;geral;nao;RUA ITAITUBA, 12 SAO GERALDO. 31050-714 Belo Horizonte - MG.
31002852;ESCOLA MUNICIPAL PADRE GUILHERME PETERS;-19.93249000;-43.91540000;fundamental_i|fundamental_ii;municipal;ativa;geral;nao;RUA CORONEL JORGE DAVIS, 300 NOSSA SENHORA DO ROSARIO. 30240-560 Belo Horizonte - MG.
31002895;ESCOLA MUNICIPAL PADRE HENRIQUE BRANDAO;-19.95623461;-44.00038306;fundamental_i|fundamental_ii;municipal;ativa;geral;nao;RUA CRISPIM JAQUES, 00987 VISTA ALEGRE. 30514-130 Belo Horizonte - MG.
31294641;ESCOLA MUNICIPAL PADRE MARZANO MATIAS;-19.81466230;-43.97487059;infantil|fundamental_i|fundamental_ii;municipal;ativa;geral;nao;RUA ERICO VERISSIMO, 1280 RIO BRANCO. 31535-094 Belo Horizonte - MG.
31223689;ESCOLA MUNICIPAL PAULO MENDES CAMPOS;-19.94086000;-43.94259000;infantil|fundamental_i|fundamental_ii;municipal;ativa;geral;nao;RUA DA BAHIA, 1534 LOURDES. 30160-017 Belo Horizonte - MG.
31002933;ESCOLA MUNICIPAL PEDRO ALEIXO;-19.99388592;-44.00207903;infantil|fundamental_i|fundamental_ii;municipal;ativa;geral;nao;AVE MENELICK DE CARVALHO, 255 ARAGUAIA. 30624-000 Belo Horizonte - MG.
31231975;ESCOLA MUNICIPAL PEDRO NAVA;-19.99966458;-43.96629432;infantil|fundamental_i;municipal;ativa;geral;nao;RUA SAO PEDRO DA ALDEIA, 445 SERRA DO CURRAL. 30390-021 Belo Horizonte - MG.
31002976;ESCOLA MUNICIPAL PERSIO PEREIRA PINTO;-19.83948870;-43.87814311;infantil|fundamental_i;municipal;ativa;geral;nao;ROD ANEL RODOVIARIO CELSO MELLO AZEVEDO, 28177 CAPITAO EDUARDO. 31998-253 Belo Horizonte - MG.
31369446;ESCOLA MUNICIPAL POLO DE EDUCACAO INTEGRADA;-19.99633328;-44.00416499;fundamental_ii;municipal;ativa;geral;nao;PCA MODESTINO SALES BARBOSA, 50 FLAVIO MARQUES LISBOA. 30624-010 Belo Horizonte - MG.
31003018;ESCOLA MUNICIPAL PREFEITO AMINTHAS DE BARROS;-19.96320333;-43.96931667;infantil|fundamental_i|fundamental_ii;municipal;ativa;geral;nao;RUA SAN SALVADOR, 100 HAVAI. 30575-020 Belo Horizonte - MG.
31219398;ESCOLA MUNICIPAL PREFEITO OSWALDO PIERUCCETTI;-19.91002164;-44.00900623;infantil|fundamental_i|fundamental_ii;municipal;ativa;geral;nao;RUA CAITITE, 309 CONJUNTO JARDIM FILADELFIA. 30860-330 Belo Horizonte - MG.
31003051;ESCOLA MUNICIPAL PREFEITO SOUZA LIMA;-19.85471833;-43.88377167;fundamental_i|fundamental_ii;municipal;ativa;geral;nao;RUA DOS PARAGUAIOS, 00097 JARDIM VITORIA. 31975-370 Belo Horizonte - MG.
31353760;ESCOLA MUNICIPAL PRESIDENTE ITAMAR FRANCO;-20.01227361;-44.02692927;infantil|fundamental_i|fundamental_ii;municipal;ativa;geral;nao;AVE PERIMETRAL, 2911 PETROPOLIS. 30666-519 Belo Horizonte - MG.
31232017;ESCOLA MUNICIPAL PRESIDENTE JOAO PESSOA;-19.94339770;-43.94160309;infantil|fundamental_i;municipal;ativa;geral;nao;RUA CONGONHAS, 00639 SANTO ANTONIO. 30330-100 Belo Horizonte - MG.
31003689;ESCOLA MUNICIPAL PRESIDENTE TANCREDO NEVES;-19.81834440;-44.00249569;infantil|fundamental_i|fundamental_ii;municipal;ativa;geral;nao;RUA RADIALISTA JOAQUIM DA FONSECA, 00045 CEU AZUL. 31578-590 Belo Horizonte - MG.
31219568;ESCOLA MUNICIPAL PROFESSOR AMILCAR MARTINS;-19.83173000;-43.97186000;infantil|fundamental_i|fundamental_ii;municipal;ativa;geral;nao;RUA PRELUDIO, 00054 SANTA AMELIA. 31560-450 Belo Horizonte - MG.
31003328;ESCOLA MUNICIPAL PROFESSOR CLAUDIO BRANDAO;-19.89001294;-43.95275501;fundamental_i;municipal;ativa;geral;nao;RUA CANTAGALO, 1147 APARECIDA. 31230-770 Belo Horizonte - MG.
31294632;ESCOLA MUNICIPAL PROFESSOR DANIEL ALVARENGA;-19.80378000;-43.92946000;infantil|fundamental_i|fundamental_ii;municipal;ativa;geral;nao;RUA COQUILHO, 155 JAQUELINE. 31748-495 Belo Horizonte - MG.
31003344;ESCOLA MUNICIPAL PROFESSOR DOMICIANO VIEIRA;-19.90273147;-43.91588875;infantil|fundamental_i;municipal;ativa;geral;nao;RUA SAO BENTO, 1591 SAGRADA FAMILIA. 31035-060 Belo Horizonte - MG.
31283002;ESCOLA MUNICIPAL PROFESSOR EDGAR DA MATTA MACHADO;-19.85409333;-43.90482833;infantil|fundamental_i|fundamental_ii;municipal;ativa;geral;nao;RUA PENALVA, 00201 DOM SILVERIO. 31985-260 Belo Horizonte - MG.
31212784;ESCOLA MUNICIPAL PROFESSOR EDSON PISANI;-19.93809739;-43.90781928;fundamental_i;municipal;ativa;geral;nao;RUA NOSSA SENHORA DE FATIMA, 1015 NOSSA SENHORA DE FATIMA. 30230-000 Belo Horizonte - MG.
31294659;ESCOLA MUNICIPAL PROFESSOR HILTON ROCHA;-20.01274833;-44.03699667;fundamental_i|fundamental_ii;municipal;ativa;geral;nao;RUA VICENTE SURETTE, 215 MANGUEIRAS. 30666-470 Belo Horizonte - MG.
31002941;ESCOLA MUNICIPAL PROFESSOR JOAO CAMILO DE OLIVEIRA TORRES;-19.92950500;-44.00930667;infantil|fundamental_i|fundamental_ii;municipal;ativa;geral;nao;RUA ESTER BATISTA VIEIRA, 00012 CALIFORNIA. 30855-060 Belo Horizonte - MG.
31005291;ESCOLA MUNICIPAL PROFESSOR LOURENCO DE OLIVEIRA;-19.91330973;-43.91113889;infantil|fundamental_i|fundamental_ii;municipal;ativa;geral;nao;RUA SAO GOTARDO, 321 SANTA TEREZA. 31010-400 Belo Horizonte - MG.
31003182;ESCOLA MUNICIPAL PROFESSOR MARIO WERNECK;-19.93635165;-44.01337576;infantil|fundamental_i|fundamental_ii;municipal;ativa;geral;nao;RUA ABATI, 38 SANTA MARIA. 30525-230 Belo Horizonte - MG.
31003379;ESCOLA MUNICIPAL PROFESSOR MELLO CANCADO;-19.98113000;-44.05315000;infantil|fundamental_i;municipal;ativa;geral;nao;RUA DAS PETUNIAS, 02058 LINDEIA. 30690-020 Belo Horizonte - MG.
31003735;ESCOLA MUNICIPAL PROFESSOR MILTON LAGE;-19.85163343;-43.88490427;fundamental_i|fundamental_ii;municipal;ativa;geral;nao;RUA ITAGIBA MIRANDA RABELO, 70 VILA MARIA. 31975-350 Belo Horizonte - MG.
31003743;ESCOLA MUNICIPAL PROFESSOR MOACYR ANDRADE;-19.80759748;-43.99702262;fundamental_i|fundamental_ii;municipal;ativa;geral;nao;RUA DOS CACADORES, 93 LAGOA. 31575-320 Belo Horizonte - MG.
31305481;ESCOLA MUNICIPAL PROFESSOR PAULO FREIRE;-19.82903187;-43.89507062;fundamental_i|fundamental_ii;municipal;ativa;geral;nao;RUA PAULO CAMPOS MENDES, 311 CAPITAO EDUARDO. 31872-072 Belo Horizonte - MG.
31003751;ESCOLA MUNICIPAL PROFESSOR PEDRO GUERRA;-19.80234833;-43.98770333;infantil|fundamental_i|fundamental_ii;municipal;ativa;geral;nao;RUA JOAO FERREIRA DA SILVA, 00230 MANTIQUEIRA. 31680-050 Belo Horizonte - MG.
31206521;ESCOLA MUNICIPAL PROFESSOR TABAJARA PEDROSO;-19.81198723;-43.97930922;infantil|fundamental_i;municipal;ativa;geral;nao;RUA GERALDO ANUNCIACAO, 45 RIO BRANCO. 31535-504 Belo Horizonte - MG.
31003697;ESCOLA MUNICIPAL PROFESSORA ACIDALIA LOTT;-19.83467298;-43.89054380;fundamental_i|fundamental_ii;municipal;ativa;geral;nao;RUA ANTONIO MARIANO DE ABREU, 1231 PAULO VI. 31995-000 Belo Horizonte - MG.
31003093;ESCOLA MUNICIPAL PROFESSORA ALCIDA TORRES;-19.91645940;-43.88444421;infantil|fundamental_i|fundamental_ii;municipal;ativa;geral;nao;RUA ALVARO FERNANDES, 00144 TAQUARIL. 30295-200 Belo Horizonte - MG.
31003131;ESCOLA MUNICIPAL PROFESSORA ALICE NACIF;-19.86715834;-44.01577103;infantil|fundamental_i|fundamental_ii;municipal;ativa;geral;nao;RUA EXPEDICIONARIO PAULO DE SOUZA, 721 CONFISCO. 31360-395 Belo Horizonte - MG.
31003701;ESCOLA MUNICIPAL PROFESSORA CONSUELITA CANDIDA;-19.84513376;-43.89980456;fundamental_i;municipal;ativa;geral;nao;RUA DOM SILVERIO GOMES PIMENTA, 301 BELMONTE. 31870-750 Belo Horizonte - MG.
31003212;ESCOLA MUNICIPAL PROFESSORA EFIGENIA VIDIGAL;-19.97026000;-43.98276000;fundamental_i;municipal;ativa;geral;nao;RUA JOSE GUALBERTO, 00295 PALMEIRAS. 30575-780 Belo Horizonte - MG.
31003247;ESCOLA MUNICIPAL PROFESSORA ELEONORA PIERUCCETTI;-19.88560929;-43.94785220;fundamental_i|fundamental_ii;municipal;ativa;geral;nao;AVE BERNARDO DE VASCONCELOS, 00288 CACHOEIRINHA. 31150-000 Belo Horizonte - MG.
31003719;ESCOLA MUNICIPAL PROFESSORA HELENA ABDALLA;-19.85785082;-43.88349661;infantil|fundamental_i;municipal;ativa;geral;nao;RUA ARNALDO LOURENCO, 602 POUSADA SANTO ANTONIO. 31970-190 Belo Horizonte - MG.
31003263;ESCOLA MUNICIPAL PROFESSORA ISAURA SANTOS;-19.98945000;-44.00920000;infantil|fundamental_i|fundamental_ii;municipal;ativa;geral;nao;RUA HOFFMAN, 80 SANTA HELENA. 30644-010 Belo Horizonte - MG.
31219193;ESCOLA MUNICIPAL PROFESSORA MARIA MAZARELLO;-19.85380280;-43.89273056;fundamental_i|fundamental_ii;municipal;ativa;geral;nao;RUA BENEDITO NEVES, 00045 NAZARE. 31990-160 Belo Horizonte - MG.
31003280;ESCOLA MUNICIPAL PROFESSORA MARIA MODESTA CRAVO;-19.89032348;-43.92043423;infantil|fundamental_i;municipal;ativa;geral;nao;RUA DOUTOR JULIO OTAVIANO FERREIRA, 1085 CIDADE NOVA. 31170-200 Belo Horizonte - MG.
31003727;ESCOLA MUNICIPAL PROFESSORA ONDINA NOBRE;-19.82511505;-44.00429620;fundamental_i|fundamental_ii;municipal;ativa;geral;nao;RUA RADIALISTA JOSE JUNQUILHO, 100 CEU AZUL. 31585-020 Belo Horizonte - MG.
31233366;ESCOLA MUNICIPAL RUI DA COSTA VAL;-19.82957326;-43.92820093;fundamental_i|fundamental_ii;municipal;ativa;geral;nao;RUA CECILIA TRINDADE SILVA, 221 JARDIM FELICIDADE. 31742-533 Belo Horizonte - MG.
31002712;ESCOLA MUNICIPAL SALGADO FILHO;-19.95014148;-43.97785506;infantil|fundamental_i|fundamental_ii;municipal;ativa;geral;nao;RUA CLOVIS CYRILO LIMONGE, 151 SALGADO FILHO. 30555-030 Belo Horizonte - MG.
31219231;ESCOLA MUNICIPAL SANTA TEREZINHA;-19.87130000;-44.00114000;infantil|fundamental_i|fundamental_ii;municipal;ativa;geral;nao;RUA CONCEICAO DA APARECIDA, 00400 SANTA TEREZINHA. 31365-150 Belo Horizonte - MG.
31217808;ESCOLA MUNICIPAL SANTO ANTONIO;-19.94106466;-43.94274021;;municipal;paralisada;geral;nao;RUA CARANGOLA, 00288 2º ANDAR. SANTO ANTONIO. 30330-240 Belo Horizonte - MG.
31003387;ESCOLA MUNICIPAL SANTOS DUMONT;-19.92231377;-43.91192052;infantil|fundamental_i|fundamental_ii;municipal;ativa;geral;nao;AVE MEM DE SA, 00600 SANTA EFIGENIA. 30260-270 Belo Horizonte - MG.
31003778;ESCOLA MUNICIPAL SEBASTIANA NOVAIS;-19.84205000;-43.91928000;fundamental_i;municipal;ativa;geral;nao;RUA ANITA MALFATTI, 60 TUPI B. 31844-000 Belo Horizonte - MG.
31003409;ESCOLA MUNICIPAL SEBASTIAO GUILHERME DE OLIVEIRA;-19.98953329;-44.02968365;infantil|fundamental_i|fundamental_ii;municipal;ativa;geral;nao;RUA CALENDULA, 00010 OLARIA. 30660-440 Belo Horizonte - MG.
31003786;ESCOLA MUNICIPAL SECRETARIO HUMBERTO ALMEIDA;-19.82219000;-43.90259000;fundamental_i|fundamental_ii;municipal;ativa;geral;nao;TRV SERRA DO ITATIAIA, 03 RIBEIRO DE ABREU. 31872-403 Belo Horizonte - MG.
31003417;ESCOLA MUNICIPAL SENADOR LEVINDO COELHO;-19.94408000;-43.91478000;fundamental_i|fundamental_ii;municipal;ativa;geral;nao;RUA CARACA, 850 MANGABEIRAS. 30220-260 Belo Horizonte - MG.
31353752;ESCOLA MUNICIPAL SERGIO MIRANDA;-19.83072663;-43.91359790;fundamental_i|fundamental_ii;municipal;ativa;geral;nao;RUA MINISTRO OSVALDO ARANHA, 345 GRANJA WERNECK. 31844-470 Belo Horizonte - MG.
31219550;ESCOLA MUNICIPAL SOBRAL PINTO;-19.83292000;-43.88310000;fundamental_i|fundamental_ii;municipal;ativa;geral;nao;RUA DAS ALMAS, 1120 CONJUNTO PAULO VI. 31998-020 Belo Horizonte - MG.
31358614;ESCOLA MUNICIPAL SOLAR RUBI;-20.01103798;-44.01467023;fundamental_i|fundamental_ii;municipal;ativa;geral;nao;AVE WARLEY APARECIDO MARTINS, 854 SOLAR DO BARREIRO. 30670-370 Belo Horizonte - MG.
31003794;ESCOLA MUNICIPAL TANCREDO PHIDEAS GUIMARAES;-19.81469632;-43.95023272;fundamental_i|fundamental_ii;municipal;ativa;geral;nao;RUA SATURNO, 400 PARQUE SAO PEDRO. 31610-220 Belo Horizonte - MG.
31003425;ESCOLA MUNICIPAL TENENTE MANOEL MAGALHAES PENIDO;-19.96267000;-43.99711000;fundamental_i;municipal;ativa;geral;nao;RUA AMUR, 60 BETANIA. 30590-360 Belo Horizonte - MG.
31312606;ESCOLA MUNICIPAL THEOMAR DE CASTRO ESPINDOLA;-19.92958000;-43.91875000;infantil|fundamental_i;municipal;ativa;geral;nao;RUA MICA, 144 NOSSA SENHORA DA APARECIDA. 30240-330 Belo Horizonte - MG.
31003808;ESCOLA MUNICIPAL TRISTAO DA CUNHA;-19.83753000;-43.94308000;infantil|fundamental_i|fundamental_ii;municipal;ativa;geral;nao;RUA DOUTOR JOSE FEROLLA, 00080 PLANALTO. 31730-680 Belo Horizonte - MG.
31231983;ESCOLA MUNICIPAL ULYSSES GUIMARAES;-19.95089000;-43.93981000;infantil|fundamental_i;municipal;ativa;geral;nao;RUA BOLIVIA, 532 SANTA RITA DE CASSIA. 30330-360 Belo Horizonte - MG.
31273252;ESCOLA MUNICIPAL UNIAO COMUNITARIA;-20.00041000;-44.01434000;infantil|fundamental_i|fundamental_ii;municipal;ativa;geral;nao;RUA PROFESSOR LUIZ BICALHO, 505 BRASIL INDUSTRIAL. 30626-070 Belo Horizonte - MG.
31003816;ESCOLA MUNICIPAL VICENTE GUIMARAES;-19.80962000;-43.98019000;infantil|fundamental_i;municipal;ativa;geral;nao;RUA IZAURA PEREIRA ALMEIDA, 00110 LETICIA. 31570-360 Belo Horizonte - MG.
31330868;ESCOLA MUNICIPAL VILA FAZENDINHA;-19.93101345;-43.90614699;infantil|fundamental_i;municipal;ativa;geral;nao;RUA PAULO DE SOUZA, 51 FAZENDINHA. 30250-410 Belo Horizonte - MG.
31217841;ESCOLA MUNICIPAL VINICIUS DE MORAES;-19.99010720;-44.03900089;infantil|fundamental_i|fundamental_ii;municipal;ativa;geral;nao;RUA SEBASTIAO MOREIRA, 409 TIROL. 30662-180 Belo Horizonte - MG.
31003433;ESCOLA MUNICIPAL WLADIMIR DE PAULA GOMES;-19.89955036;-43.89068762;fundamental_i|fundamental_ii;municipal;ativa;geral;nao;RUA UARIRA, 350 CASA BRANCA. 31050-138 Belo Horizonte - MG.
31346900;ESCOLA MUNICIPAL ZILDA ARNS;-19.81788377;-43.99226767;infantil|fundamental_i|fundamental_ii;municipal;ativa;geral;nao;RUA ERVA MATE, 46 PIRATININGA. 31573-506 Belo Horizonte - MG.
31309516;ESCOLA PEDACINHO DE GENTE;-19.85453000;-43.89479000;infantil|fundamental_i;privada;ativa;geral;nao;RUA AMERICO ALVES, 301 NAZARE. 31990-070 Belo Horizonte - MG.
31245925;ESCOLA POLITECNICA DE MINAS GERAIS - POLIMIG;-19.93652000;-43.99224000;;privada;ativa;geral;nao;RUA GILBERTO PORTO, 817 817. NOVA GAMELEIRA. 30510-170 Belo Horizonte - MG.
31006998;ESCOLA POLITECNICA DE MINAS GERAIS POLIMIG- UNIDADE LAGOINHA;-19.90674000;-43.93045000;fundamental_ii;privada;ativa;geral;sim;RUA CAXAMBU, 83 LAGOINHA. 31210-060 Belo Horizonte - MG.
31004278;ESCOLA SANTO TOMAS DE AQUINO;-19.95436551;-43.95151075;infantil|fundamental_i|fundamental_ii;privada;ativa;geral;nao;AVENIDA PROFESSOR CANDIDO HOLANDA, 165 SAO BENTO. 30350-340 Belo Horizonte - MG.
31007153;ESCOLA SEB UNIDADE SERRA;-19.93857011;-43.92274615;infantil|fundamental_i|fundamental_ii;privada;ativa;geral;nao;RUA PROFESSOR ESTEVAO PINTO, 400 SERRA. 30220-060 Belo Horizonte - MG.
31309711;ESCOLA SEB UNIMASTER;-19.96878000;-43.96664000;infantil|fundamental_i|fundamental_ii;privada;ativa;geral;nao;RUA ENGENHEIRO ALBERTO PONTES, 280 165 - ANEXO. BURITIS. 30492-020 Belo Horizonte - MG.
31220353;ESCOLA SESI BELO HORIZONTE SAO JOAO BATISTA;-19.82766650;-43.96090540;fundamental_i|fundamental_ii;privada;ativa;geral;nao;RUA MOACYR FROES, 83 SAO JOAO BATISTA VENDA NOVA. 31515-215 Belo Horizonte - MG.
31005185;ESCOLA SESI EMILIA MASSANTI;-19.94862000;-44.00613000;fundamental_i|fundamental_ii;privada;ativa;geral;nao;RUA ALBERT SCHARLE, 05 MADRE GERTRUDES. 30518-300 Belo Horizonte - MG.
31246450;ESCOLA SESI GENERAL ONESIMO BECKER DE ARAUJO;-19.97803000;-44.01923000;fundamental_i|fundamental_ii;privada;ativa;geral;nao;CIPRIANO DE CARVALHO, 255 ESCOLA. BARREIRO. 30640-130 Belo Horizonte - MG.
31004596;ESCOLA SESI HAMLETO MAGNAVACCA;-20.01001000;-44.03393000;fundamental_i|fundamental_ii;privada;ativa;geral;nao;AVENIDA SENADOR LEVINDO COELHO, 2680 VALE DO JATOBA. 30664-792 Belo Horizonte - MG.
31005347;ESCOLA SESI MARIZA ARAUJO;-19.92634870;-43.97767290;fundamental_i|fundamental_ii;privada;ativa;geral;nao;RUA LINDOLFO CAETANO, 10 CALAFATE. 30411-515 Belo Horizonte - MG.
31004430;ESCOLA SESI NEWTON ANTONIO DA SILVA PEREIRA;-19.86535000;-43.92543000;fundamental_i|fundamental_ii;privada;ativa;geral;nao;RUA AIURUOCA, 539 SAO PAULO. 31910-130 Belo Horizonte - MG.
31267082;ESCOLA TECNICA DA SANTA CASA;-19.92139000;-43.92478000;;privada;ativa;geral;sim;AV. DOS ANDRADAS, 2688 SANTA EFIGENIA. 30150-240 Belo Horizonte - MG.
31006432;ESCOLA TECNICA POLIMIG - CALAFATE;-19.92414210;-43.96996610;;privada;extinta;geral;nao;RUA PLATINA, 1407 CALAFATE. 30411-325 Belo Horizonte - MG.
31004936;ESCOLA TECNICA VITAL BRASIL;-19.91403310;-43.97966300;fundamental_ii;privada;ativa;geral;nao;RUA HENRIQUE GORCEIX, 169 ESCOLA. PADRE EUSTAQUIO. 30720-360 Belo Horizonte - MG.
31005011;ESCOLA THEODOR HERZL;-19.94301000;-43.92258000;infantil|fundamental_i|fundamental_ii;privada;ativa;geral;nao;RUA CARACA, 15 SERRA. 30220-260 Belo Horizonte - MG.
31350990;ESCOLA TRAMPOLIM;-19.87773000;-44.00219000;infantil;privada;ativa;geral;nao;RUA CASTELO DE TORDESILHAS, 414 CASTELO. 31330-230 Belo Horizonte - MG.
31331775;ESCOLINHA CASINHA INFANTIL;-19.98719000;-43.99169000;;privada;extinta;geral;nao;RUA CAIAPONIA, 154 ARAGUAIA. 30622-270 Belo Horizonte - MG.
31290203;ESCOLINHA EVANGELICA DE EDUCACAO INFANTIL;-19.94865540;-43.94108320;infantil;privada;ativa;geral;sim;BECO SAO JOAO, 90 CRECHE. SAO PEDRO. 30330-296 Belo Horizonte - MG.
31005967;ESCOLINHA RECANTO ALEGRE;-19.82663000;-43.89887000;infantil;privada;ativa;geral;nao;RUA SERRA DOS ORGAOS, 586 RIBEIRO DE ABREU. 31872-300 Belo Horizonte - MG.
31329495;ESCOLINHA TIA FLOR;-19.88443000;-43.94234000;infantil;privada;ativa;geral;nao;RUA COQUEIRO, 66 CACHOEIRINHA. 31150-210 Belo Horizonte - MG.
31378038;ESCUDINHO BABY 02;-19.98904068;-43.99169335;infantil;privada;ativa;geral;sim;AVENIDA DOUTOR CRISTIANO REZENDE, 2079 BONSUCESSO. 30622-020 Belo Horizonte - MG.
31332283;ESPACO PEDAGOGICO DA CRIANCA LTDA;-19.82786910;-43.95167030;fundamental_i;privada;ativa;geral;nao;RUA HELIO BAGGETTI, 20 PLANALTO. 31720-250 Belo Horizonte - MG.
31332046;ESPACO VIVO;-19.93459399;-43.96688819;infantil;privada;ativa;geral;nao;RUA CATETE, 561 ALTO BARROCA. 30431-016 Belo Horizonte - MG.
31354139;ESTACAO ENSINO SOCIEDADE EDUCACIONAL LTDA;-19.91682057;-43.94057459;;privada;ativa;geral;sim;RUA CURITIBA, 500 4 ANDAR. CENTRO. 30170-120 Belo Horizonte - MG.
31378003;ESTRELINHA BRILHANTE;-19.86174474;-43.89920241;infantil;privada;ativa;geral;sim;RUA ODILON MELO FRANCO, 438 GOIANIA. 31960-490 Belo Horizonte - MG.
31360112;FACULDADE ANHANGUERA DE BELO HORIZONTE - CAMPUS 2;-19.87272000;-43.95464000;;privada;paralisada;geral;nao;AV. PRESIDENTE ANTONIO CARLOS, 4157 SAO FRANCISCO. 31270-010 Belo Horizonte - MG.
31360350;FACULDADE DE CIENCIAS GERENCIAIS PADRE ARNALDO JANSSEN - CAMPUS UNIDADE SEDE;-19.92813000;-43.92851000;;privada;paralisada;geral;nao;PRACA JOAO PESSOA, 200 SANTA EFIGENIA. 30140-020 Belo Horizonte - MG.
31363898;FACULDADE PITAGORAS DE BELO HORIZONTE - CAMPUS CIDADE ACADEMICA;-19.94787000;-43.94935000;;privada;paralisada;geral;nao;R. SANTA MADALENA SOFIA, 25 VILA PARIS. 30380-650 Belo Horizonte - MG.
31360260;FACULDADE PITAGORAS DE BELO HORIZONTE - CAMPUS RAJA GABAGLIA;-19.94629000;-43.95911000;;privada;paralisada;geral;nao;AV. RAJA GABAGLIA, 1306 GUTIERREZ. 30380-435 Belo Horizonte - MG.
31262048;FAMA COLEGIO;-19.81694000;-43.97591000;infantil|fundamental_i;privada;ativa;geral;nao;RUA CANDIDO DE FIGUEIREDO, 179 SANTA MONICA. 31520-390 Belo Horizonte - MG.
31003832;FUNDACAO DE EDUCACAO PARA O TRABALHO DE MINAS GERAIS - UTRAMIG;-19.94097000;-43.92541000;;privada;ativa;geral;nao;AVENIDA AFONSO PENA, 3400 CRUZEIRO. 30130-009 Belo Horizonte - MG.
31252719;FUNDACAO DOM BOSCO - ESCOLA ESPECIAL LIGIA DE SOUZA TIBO;-19.91713157;-43.93147950;fundamental_i|fundamental_ii;privada;ativa;exclusivo_deficiencia;sim;RUA URUCUIA, 18 FLORESTA. 30150-060 Belo Horizonte - MG.
31373281;FUTURE CHILD DEVELOPMENT;-19.95087768;-43.92230803;infantil;privada;ativa;geral;nao;AVENIDA DOS BANDEIRANTES, 1535 ANCHIETA. 30310-403 Belo Horizonte - MG.
31309125;GRUPAC GRUPO DE APOIO A CRIANCA PADRE TEODORO;-19.89259608;-44.01399239;infantil;privada;ativa;geral;sim;RUA TIRO, 50 SAO SALVADOR. 30881-440 Belo Horizonte - MG.
31290289;GRUPO DE AMIGOS DA CRIANCA;-19.95554609;-43.94312472;infantil;privada;ativa;geral;sim;BECO APARECIDA, 25 VILA BARRAGEM SANTA LUCIA. 30335-840 Belo Horizonte - MG.
31373435;GUARDIOES KIDS EDUCACAO INFANTIL;-19.88547333;-43.90749000;;privada;extinta;geral;nao;RUA MINDURI, 492 SANTA INES. 31080-270 Belo Horizonte - MG.
31373311;IAG KIDS;-19.92587775;-43.94774701;infantil|fundamental_i;privada;ativa;geral;nao;RUA OLEGARIO MACIEL, 1195 LOURDES. 30140-076 Belo Horizonte - MG.
31331716;IDEIA DE CRIANCA;-19.90718836;-43.93679794;;privada;extinta;geral;nao;RUA SALDANHA DA GAMA, 101 COLEGIO BATISTA. 31110-210 Belo Horizonte - MG.
31337765;IEB INSTITUTO EDUCACIONAL BELO HORIZONTE;-19.91793000;-43.93726000;;privada;ativa;geral;nao;RUA CANAA, 855 NOVA GRANADA. 30431-270 Belo Horizonte - MG.
31306703;IMAM INSTITUTO MINEIRO DE ACUPUNTURA E MASSAGENS;-19.96641000;-43.95500000;;privada;paralisada;geral;nao;AVENIDA DO CONTORNO, 4498 1º ANDAR. FUNCIONARIOS. 30110-032 Belo Horizonte - MG.
31274666;INAP INST ARTE E PROJETO;-19.92384000;-43.91862000;;privada;paralisada;geral;nao;RUA NIQUELINA, 50 SANTA EFIGENIA. 30260-100 Belo Horizonte - MG.
31300501;INFANCIA CENTRO EDUCACIONAL DE TERAPIA E APRENDIZAGEM;-19.85975000;-43.96557000;;privada;extinta;geral;nao;RUA ROQUETE MENDONCA, 124 SAO JOSE. 31275-030 Belo Horizonte - MG.
31330990;INS EDUC ABC BRINCANDO APRENDER;-19.86895000;-44.00838000;;privada;extinta;geral;nao;RUA BERNARDES CARVALHO, 41 SANTA TEREZINHA. 31360-130 Belo Horizonte - MG.
31304034;INST EDUC APRENDER;-19.98669000;-44.00564000;infantil;privada;ativa;geral;nao;RUA JOSE DE OLIVEIRA, 526 MILIONARIOS BARREIRO. 30620-300 Belo Horizonte - MG.
31296732;INST EDUC ARCA DOS SONHOS;-19.87815000;-43.90906000;infantil;privada;ativa;geral;nao;RUA CARMESIA, 1450 SANTA INES. 31080-170 Belo Horizonte - MG.
31210102;INST EDUC BAIAO SANTOS;-19.92820000;-44.00042000;infantil|fundamental_i|fundamental_ii;privada;ativa;geral;nao;RUA BACURI, 297 JOAO PINHEIRO. 30530-140 Belo Horizonte - MG.
31004448;INST EDUC CEU AZUL;-19.82537000;-43.99744000;infantil|fundamental_i|fundamental_ii;privada;ativa;geral;nao;RUA JOAO GUALBERTO DOS SANTOS, 108 CEU AZUL. 31580-500 Belo Horizonte - MG.
31273791;INST EDUC DO SABER;-19.94057000;-44.02263000;fundamental_i;privada;ativa;geral;nao;RUA LUZIA RIGHI, 61 CAMARGOS. 30520-400 Belo Horizonte - MG.
31304115;INST EDUC FLORES SER;-19.92630000;-43.91065000;infantil;privada;ativa;geral;nao;RUA GREGORIO DE MATOS, 21 SANTA EFIGENIA. 30260-340 Belo Horizonte - MG.
31273660;INST EDUC MIRANDA OTTONI;-19.87288000;-43.93193000;infantil;privada;ativa;geral;nao;RUA JOVIANO NAVES, 114 PALMARES. 31155-710 Belo Horizonte - MG.
31327051;INST EDUC PIMENTINHA;-19.91005000;-43.89695000;infantil|fundamental_i;privada;ativa;geral;nao;RUA CONDE DEU, 525 SAUDADE. 30285-110 Belo Horizonte - MG.
31257435;INST EDUC RECANTO DO SABER;-19.90930000;-43.97876000;infantil;privada;ativa;geral;nao;RUA FRANCISCO DA VEIGA, 380 CASA. MONSENHOR MESSIAS. 30720-490 Belo Horizonte - MG.
31298468;INST EDUC SONHO INFANTIL;-19.95775000;-43.95013000;infantil;privada;ativa;geral;nao;AVENIDA CONSUL ANTONIO CADAR, 409 CASA. SAO BENTO. 30360-000 Belo Horizonte - MG.
31315354;INST EDUC VERDE VIDA SERRA;-19.93703920;-43.92428310;infantil;privada;ativa;geral;nao;RUA AMAPA, 73 SERRA. 30240-060 Belo Horizonte - MG.
31294039;INST EMILIA FERREIRO;-19.84142000;-43.93890000;infantil|fundamental_i|fundamental_ii;privada;ativa;geral;nao;RUA NAIR PENTAGNA GUIMARAES, 635 HELIOPOLIS. 31741-545 Belo Horizonte - MG.
31252727;INST MINEIRO DE EDUC E PEDAGOGIA;-19.94578000;-43.94190000;;privada;paralisada;geral;nao;RUA LAVRAS, 606 SAO PEDRO. 30330-010 Belo Horizonte - MG.
31331945;INST NAIMA GRAZZIANE;-19.93210000;-44.00039000;infantil|fundamental_i;privada;ativa;geral;nao;AVENIDA RIBEIRO DE PAIVA, 758 JOAO PINHEIRO. 30530-170 Belo Horizonte - MG.
31315397;INST PEDAG CENARIO INFANTIL;-19.82162000;-43.95127000;infantil|fundamental_i;privada;ativa;geral;nao;RUA DOS MORANGOS, 45 VILA CLORIS. 31744-069 Belo Horizonte - MG.
31297330;INST PEDAG STA TEREZA;-19.91563000;-43.91345000;;privada;extinta;geral;nao;RUA BOM DESPACHO, 34 SANTA TEREZA. 31010-390 Belo Horizonte - MG.
31006106;INST ROUSSEAU;-19.91660000;-43.97760000;;privada;extinta;geral;nao;RUA FRANCISCO BICALHO, PADRE EUSTAQUIO. 30720-412 Belo Horizonte - MG.
31304166;INST STA AMELIA;-19.84088090;-43.98025050;;privada;paralisada;geral;nao;RUA AUGUSTO MOREIRA, 871 JARDIM ATLANTICO. 31555-100 Belo Horizonte - MG.
31345814;INSTITUTO ARCANJO GABRIEL;-19.90471832;-43.93937912;infantil|fundamental_i;privada;ativa;geral;nao;RUA PITANGUI, 900 COLEGIO BATISTA. 31110-242 Belo Horizonte - MG.
31329517;INSTITUTO BALAO AZUL;-19.98940000;-44.04321000;;privada;extinta;geral;nao;RUA DIRAMIR LOUREIRO, 312 TIROL BARREIRO. 30662-400 Belo Horizonte - MG.
31267040;INSTITUTO BAMBOLE;-19.92023000;-43.91120000;;privada;paralisada;geral;nao;RUA BENJAMIM QUADROS, 255 SANTA EFIGENIA. 30270-130 Belo Horizonte - MG.
31367087;INSTITUTO BATISTA ITATIAIA;-19.86855158;-44.00874197;infantil;privada;ativa;geral;sim;RUA JOAO EVANGELISTA, 371 SANTA TEREZINHA. 31360-140 Belo Horizonte - MG.
31363871;INSTITUTO BELO HORIZONTE DE ENSINO SUPERIOR - IBHES - PRONATEC;-19.92424000;-43.95764000;;privada;paralisada;geral;nao;AVENIDA DO CONTORNO, 9384 BARRO PRETO. 30110-064 Belo Horizonte - MG.
31005495;INSTITUTO BEM ME QUER;-19.93914686;-43.96633037;infantil|fundamental_i;privada;ativa;geral;nao;RUA HENRIQUE BURNIER, 300 GRAJAU. 30431-202 Belo Horizonte - MG.
31360708;INSTITUTO BENEFICENTE FILADELFIA;-19.89826283;-43.92292237;infantil;privada;ativa;geral;sim;RUA CONSELHEIRO LAFAIETE, 1580 SAGRADA FAMILIA. 31035-560 Belo Horizonte - MG.
31377007;INSTITUTO BETANIA PRIMEIROS PASSOS;-19.80783333;-43.96951667;infantil;privada;ativa;geral;sim;RUA PADRE PEDRO PINTO, 2435 CANDELARIA. 31650-700 Belo Horizonte - MG.
31362859;INSTITUTO CAMINHAR UNIDADE VALE DO JATOBA;-20.00629333;-44.03539667;infantil;privada;ativa;geral;sim;RUA CARLOS PINTO COELHO, 33 VALE DO JATOBA BARREIRO. 30664-790 Belo Horizonte - MG.
31005738;INSTITUTO CECILIA MEIRELES - SANTO AGOSTINHO;-19.92795420;-43.95229430;fundamental_i;privada;ativa;geral;nao;RUA OURO PRETO, 1122 1132. SANTO AGOSTINHO. 30170-041 Belo Horizonte - MG.
31372455;INSTITUTO CECILIA MEIRELES - UNIDADE CASTELO;-19.87616590;-43.99891215;fundamental_i;privada;ativa;geral;nao;RUA CASTELO DE ALCAZAR, 210 CASTELO. 31330-310 Belo Horizonte - MG.
31005819;INSTITUTO CHARLES PERRAULT;-19.92265000;-43.94142000;infantil;privada;ativa;geral;nao;RUA DOS GOITACAZES, 483 CASA. CENTRO. 30190-050 Belo Horizonte - MG.
31005975;INSTITUTO CORACAO DE JESUS;-19.93096725;-43.97464677;infantil|fundamental_i|fundamental_ii;privada;ativa;geral;nao;RUA OLINDA, 206 NOVA SUICA. 30421-185 Belo Horizonte - MG.
31371556;INSTITUTO CORACAO DE JESUS - UNIDADE II;-19.93109298;-43.97475411;;privada;extinta;geral;nao;RUA OLINDA, 250 NOVA SUICA. 30421-185 Belo Horizonte - MG.
31308731;INSTITUTO CRISTAO AGAPE UNIDADE BONFIM;-19.91245754;-43.95125644;infantil;privada;ativa;geral;sim;RUA GRUPIARA, 66 BONFIM. 31210-410 Belo Horizonte - MG.
31351768;INSTITUTO CRISTAO CALVARIO;-19.84317002;-43.94694408;infantil;privada;ativa;geral;sim;RUA DOS SALESIANOS, 538 PLANALTO. 31730-730 Belo Horizonte - MG.
31006050;INSTITUTO DA CRIANCA;-19.96300000;-43.94709000;infantil|fundamental_i;privada;ativa;geral;nao;RUA LAPLACE, 155 SANTA LUCIA. 30360-390 Belo Horizonte - MG.
31315249;INSTITUTO DE EDUCACAO ARCA DE NOE;-19.89305985;-43.99928140;infantil|fundamental_i;privada;ativa;geral;sim;RUA MAESTRO GEORGE MARINUZZI, 321 MANACAS. 30840-620 Belo Horizonte - MG.
31370894;INSTITUTO DE EDUCACAO ARCA DE NOE - UNIDADE SERRANO;-19.87773073;-44.00764134;infantil;privada;ativa;geral;sim;RUA HELIA RICALDONI DE FREITAS, 327 SERRANO. 30882-650 Belo Horizonte - MG.
31356867;INSTITUTO DE EDUCACAO CRIANCA FELIZ;-19.89677833;-43.99081167;infantil;privada;ativa;geral;sim;RUA FLOR-DO-NORTE, 255 JARDIM MONTANHES. 30810-340 Belo Horizonte - MG.
31001996;INSTITUTO DE EDUCACAO DE MINAS GERAIS;-19.92775940;-43.93259040;fundamental_i|fundamental_ii;estadual;ativa;geral;nao;RUA PERNAMBUCO, 47 ANDAR. FUNCIONARIOS. 30130-150 Belo Horizonte - MG.
31297445;INSTITUTO DE EDUCACAO INFANTIL CANTINHO MAGICO;-19.94221500;-43.98509500;infantil;privada;ativa;geral;nao;RUA CARMELITA PRATES, 780 CASA. SALGADO FILHO. 30550-250 Belo Horizonte - MG.
31344788;INSTITUTO DE EDUCACAO MONTEIRO LOBATO;-19.80730000;-43.97911000;infantil|fundamental_i;privada;ativa;geral;nao;RUA DOUTOR PEDRO RUELA, 731 LETICIA. 31570-100 Belo Horizonte - MG.
31339636;INSTITUTO DE EDUCACAO REFERENCIA;-19.79830172;-43.94673608;infantil|fundamental_i|fundamental_ii;privada;ativa;geral;nao;RUA MAURITANIA, 191 ESCOLA. CANAA. 31749-010 Belo Horizonte - MG.
31357235;INSTITUTO DE EDUCACAO TEMPO DE DESCOBRIR;-19.89979290;-44.02536850;infantil|fundamental_i|fundamental_ii;privada;ativa;geral;nao;RUA MONSENHOR JOAO MARTINS, 1507 COQUEIROS. 30881-004 Belo Horizonte - MG.
31004740;INSTITUTO EDUCACIONAL ACALANTO;-19.88887000;-43.92651000;;privada;extinta;geral;nao;RUA TABELIAO FERREIRA DE CARVALHO, 524 CIDADE NOVA. 31170-180 Belo Horizonte - MG.
31320552;INSTITUTO EDUCACIONAL AGAPE;-19.91327587;-43.89621902;infantil;privada;ativa;geral;sim;RUA CONDE DEU, 867 IGREJA. SAUDADE. 30285-110 Belo Horizonte - MG.
31303691;INSTITUTO EDUCACIONAL ANNI;-19.83301000;-43.90415000;infantil;privada;ativa;geral;nao;RUA FREI LUIZ DE RAVENA, 21 RIBEIRO DE ABREU. 31870-690 Belo Horizonte - MG.
31005860;INSTITUTO EDUCACIONAL BERNARDO E BIANCA;-19.88851000;-43.89681000;;privada;extinta;geral;nao;RUA SAO FIDELIS, 700 NOVA VISTA. 31070-020 Belo Horizonte - MG.
31324574;INSTITUTO EDUCACIONAL BORBOLETA AZUL;-19.94228000;-44.02173000;;privada;extinta;geral;nao;RUA JOSE DE ASSIS, 135 CAMARGOS. 30520-410 Belo Horizonte - MG.
31298760;INSTITUTO EDUCACIONAL CARROSSEL;-19.85990000;-43.95720000;;privada;paralisada;geral;nao;RUA BOAVENTURA, 1347 CASA. LIBERDADE. 31270-310 Belo Horizonte - MG.
31315265;INSTITUTO EDUCACIONAL CASTELINHO DOURADO;-19.84851000;-43.89916000;;privada;extinta;geral;nao;RUA CLEANTO, 77 CASA. NAZARE. 31990-360 Belo Horizonte - MG.
31349151;INSTITUTO EDUCACIONAL CIDADAO DOS CEUS;-19.95679960;-44.00474300;infantil|fundamental_i;privada;ativa;geral;nao;RUA PROFESSOR MILTON FRANCISCO, 45 DAS INDUSTRIAS I BARREIRO. 30610-200 Belo Horizonte - MG.
31352217;INSTITUTO EDUCACIONAL COLORIR;-19.91145820;-43.98047360;infantil;privada;ativa;geral;nao;RUA RIO POMBA, 1569 CARLOS PRATES. 30720-290 Belo Horizonte - MG.
31356441;INSTITUTO EDUCACIONAL COMUNITARIO RECOMECAR;-19.85267000;-43.87786000;infantil;privada;ativa;geral;sim;RUA OTAVIO BERNARDES, 83 CASA. JARDIM VITORIA. 31970-360 Belo Horizonte - MG.
31332291;INSTITUTO EDUCACIONAL CRIANCA FELIZ;-19.96580000;-43.98479000;;privada;extinta;geral;nao;RUA ESTRELA DA ESPERANCA, 400 ESTRELA DO ORIENTE. 30580-150 Belo Horizonte - MG.
31356280;INSTITUTO EDUCACIONAL CRISTAO PEQUENOS BRILHANTES;-19.83951742;-43.91806472;infantil;privada;ativa;geral;sim;RUA EMILIO CARDOSO AIRES, 210 TUPI B. 31844-090 Belo Horizonte - MG.
31343498;INSTITUTO EDUCACIONAL DA MONICA;-19.80227366;-43.99591393;infantil|fundamental_i;privada;ativa;geral;nao;RUA HERCI EUCLIDES FERREIRA, 548 MARIA HELENA. 31680-130 Belo Horizonte - MG.
31351741;INSTITUTO EDUCACIONAL DEGRAUS DO CONHECIMENTO;-19.81379000;-43.95491000;infantil|fundamental_i;privada;ativa;geral;nao;RUA SEVERINO LARA, 38 PARQUE SAO PEDRO VENDA NOVA. 31610-260 Belo Horizonte - MG.
31246441;INSTITUTO EDUCACIONAL DENTINHO DE LEITE;-19.91822000;-43.97981000;infantil;privada;ativa;geral;nao;RUA HENRIQUE GORCEIX, 549 PADRE EUSTAQUIO. 30720-360 Belo Horizonte - MG.
31315281;INSTITUTO EDUCACIONAL DPAULAS;-19.85197000;-43.92799000;infantil|fundamental_i;privada;ativa;geral;nao;RUA MEDEIROS, 80 MINASLANDIA - PRIMEIRO DE MAIO. 31812-020 Belo Horizonte - MG.
31229750;INSTITUTO EDUCACIONAL E CRECHE ABRIGO DE PAZ;-19.90454373;-43.97517111;infantil;privada;ativa;geral;sim;RUA ARTICA, 200 220. CAICARA-ADELAIDE. 30770-360 Belo Horizonte - MG.
31299791;INSTITUTO EDUCACIONAL EDEL QUINN;-19.95975320;-43.97927470;infantil|fundamental_i;privada;ativa;geral;nao;RUA CIPRESTE, 390 A. MARAJO. 30570-410 Belo Horizonte - MG.
31369012;INSTITUTO EDUCACIONAL ESCUDO DA VERDADE;-19.95284175;-43.99275780;infantil;privada;ativa;geral;sim;RUA EDITH MELLO SILVA, 176 VISTA ALEGRE. 30516-050 Belo Horizonte - MG.
31350273;INSTITUTO EDUCACIONAL ESTRELINHA CINTILANTE;-19.84181609;-43.89412273;infantil|fundamental_i;privada;ativa;geral;nao;RUA ANTONIO MARIANO DE ABREU, 595 CONJUNTO PAULO VI. 31995-000 Belo Horizonte - MG.
31246077;INSTITUTO EDUCACIONAL EVANGELICO MONTE SIAO;-19.81914000;-43.97766000;infantil|fundamental_i|fundamental_ii;privada;ativa;geral;nao;RUA ERICO VERISSIMO, 1826 SAO JOAO BATISTA VENDA NOVA. 31520-000 Belo Horizonte - MG.
31332054;INSTITUTO EDUCACIONAL FACULDADE DA CRIANCA;-19.93259387;-43.97975192;infantil|fundamental_i;privada;ativa;geral;nao;RUA GENEBRA, 1063 NOVA SUISSA. 30421-121 Belo Horizonte - MG.
31331724;INSTITUTO EDUCACIONAL FAZENDINHA;-19.98791000;-44.00042000;;privada;extinta;geral;nao;RUA SANTA ALEXANDRINA, 319 ARAGUAIA. 30620-170 Belo Horizonte - MG.
31367427;INSTITUTO EDUCACIONAL GENIUS LTDA;-19.91057723;-43.91539764;infantil;privada;ativa;geral;nao;RUA AMIANTO, 106 HORTO. 31010-500 Belo Horizonte - MG.
31344591;INSTITUTO EDUCACIONAL GIRASSOL;-19.81294000;-43.96722000;infantil|fundamental_i;privada;ativa;geral;nao;RUA BURITIS, 46 CASA. CANDELARIA. 31510-270 Belo Horizonte - MG.
31373176;INSTITUTO EDUCACIONAL INFANTIL GERACAO SAMUEL;-19.82842686;-43.93743094;infantil;privada;ativa;geral;sim;RUA GASTAO DA COSTA PINHEIRO, 107 FLORAMAR. 31742-248 Belo Horizonte - MG.
31348317;INSTITUTO EDUCACIONAL JAQUELINE;-19.80197000;-43.94034000;infantil|fundamental_i|fundamental_ii;privada;ativa;geral;nao;RUA JANUARIO PEREIRA GONCALVES, 135 JAQUELINE. 31748-141 Belo Horizonte - MG.
31296481;INSTITUTO EDUCACIONAL LAPIDAR;-19.90112000;-43.93091000;infantil;privada;ativa;geral;nao;RUA JUACEMA, 249 GRACA. 31140-030 Belo Horizonte - MG.
31217263;INSTITUTO EDUCACIONAL MANOEL PINHEIRO;-19.84346953;-43.92720843;fundamental_ii;privada;ativa;geral;nao;RUA CAMBUI, 276 GUARANI. 31840-120 Belo Horizonte - MG.
31364851;INSTITUTO EDUCACIONAL MANOEL PINHEIRO;-19.84353462;-43.92720331;infantil|fundamental_i;privada;ativa;geral;nao;RUA CAMBUI, 276 GUARANI. 31840-120 Belo Horizonte - MG.
31303682;INSTITUTO EDUCACIONAL MARIA MORATO;-19.97988280;-44.04983030;infantil|fundamental_i|fundamental_ii;privada;ativa;geral;nao;RUA DAS VERBENAS, 67 LINDEIA BARREIRO. 30690-320 Belo Horizonte - MG.
31340391;INSTITUTO EDUCACIONAL MISSAO PAZ;-19.82188000;-43.96112000;infantil|fundamental_i|fundamental_ii;privada;ativa;geral;nao;RUA CYRENE CRIVELLARI BELLONIA, 85 REGIAO DE VENDA NOVA. SAO JOAO BATISTA VENDA NOVA. 31515-320 Belo Horizonte - MG.
31338435;INSTITUTO EDUCACIONAL PEQUENA VIA;-19.85622196;-43.94955228;infantil|fundamental_i;privada;ativa;geral;nao;RUA NIVALDO CORREIA, 25 JARAGUA. 31270-450 Belo Horizonte - MG.
31347116;INSTITUTO EDUCACIONAL PEQUENINOS DO REI;-19.84490061;-43.94138261;infantil|fundamental_i;privada;ativa;geral;nao;RUA ADERITO TAVORA, 80 HELIOPOLIS. 31741-550 Belo Horizonte - MG.
31278327;INSTITUTO EDUCACIONAL PERNALONGA- CEDEF;-19.98243000;-44.00308000;infantil|fundamental_i;privada;ativa;geral;nao;RUA JOAO ALEXANDRE PIRES, 577 MILIONARIOS BARREIRO. 30620-080 Belo Horizonte - MG.
31324566;INSTITUTO EDUCACIONAL PING PONG;-19.79807281;-43.93294665;infantil;privada;ativa;geral;sim;RUA AUGUSTA ANDRADE LAGE, 1197 JAQUELINE. 31748-200 Belo Horizonte - MG.
31367109;INSTITUTO EDUCACIONAL PLANALTO;-19.83213636;-43.94486357;infantil|fundamental_i;privada;ativa;geral;nao;RUA JOSE BENJAMIM DE CASTRO, 326 PLANALTO. 31730-500 Belo Horizonte - MG.
31356379;INSTITUTO EDUCACIONAL PRIMEIRO APRENDIZADO;-19.86206333;-43.88529667;;privada;extinta;geral;nao;RUA ALARANJADA, 154A VITORIA. 31970-690 Belo Horizonte - MG.
31347051;INSTITUTO EDUCACIONAL PRIMEIROS PASSOS LTDA;-19.95982000;-43.96912000;infantil;privada;ativa;geral;nao;RUA PROFESSOR DUQUE, 196 HAVAI. 30570-300 Belo Horizonte - MG.
31347035;INSTITUTO EDUCACIONAL RAIO DE SOL;-19.89796000;-43.88936000;;privada;extinta;geral;nao;RUA MAIRINK, 124 CASA BRANCA. 31050-170 Belo Horizonte - MG.
31355763;INSTITUTO EDUCACIONAL RAIO DE SOL;-19.82872777;-43.98826703;infantil;privada;ativa;geral;sim;RUA CENTRAL, 1176 JARDIM LEBLON. 31540-500 Belo Horizonte - MG.
31298204;INSTITUTO EDUCACIONAL RECANTO DOS ANJOS;-19.84363000;-43.98553000;infantil|fundamental_i;privada;ativa;geral;nao;RUA CARLOS SA, 96 CASA. JARDIM ATLANTICO. 31550-200 Belo Horizonte - MG.
31270024;INSTITUTO EDUCACIONAL RIO BRANCO;-19.81458000;-43.98543000;infantil|fundamental_i|fundamental_ii;privada;ativa;geral;nao;RUA MARIA LUCIA PETIT, 373 RIO BRANCO. 31535-265 Belo Horizonte - MG.
31257567;INSTITUTO EDUCACIONAL RISQUE E RABISQUE;-19.88419000;-43.90831000;infantil;privada;ativa;geral;nao;RUA MATUTINA, 380 SANTA INES. 31080-300 Belo Horizonte - MG.
31006220;INSTITUTO EDUCACIONAL ROUXINOL - COLEGIO NEUSA ROCHA;-19.85668000;-43.97234000;infantil|fundamental_i|fundamental_ii;privada;ativa;geral;nao;ALAMEDA DO IPE BRANCO, 1197 SAO LUIZ. 31275-080 Belo Horizonte - MG.
31298026;INSTITUTO EDUCACIONAL SALADA DE FRUTAS;-19.85072785;-43.91602766;infantil|fundamental_i;privada;ativa;geral;nao;RUA CODAJAS, 430 SAO GABRIEL. 31980-370 Belo Horizonte - MG.
31354511;INSTITUTO EDUCACIONAL SAO CAMILO;-19.93004000;-43.96066000;;privada;ativa;geral;sim;AVENIDA ASSIS CHATEAUBRIAND, 218 FLORESTA. 30150-100 Belo Horizonte - MG.
31244104;INSTITUTO EDUCACIONAL SAO JOAO BATISTA;-19.90714600;-43.90203690;infantil;privada;ativa;geral;sim;RUA BONINAS, 847 ESPLANADA. 30280-220 Belo Horizonte - MG.
31217212;INSTITUTO EDUCACIONAL SETE ANOES;-19.80390000;-43.99394000;infantil;privada;ativa;geral;nao;RUA GAVEA, 72 LAGOINHA LEBLON VENDA NOVA. 31575-060 Belo Horizonte - MG.
31377880;INSTITUTO EDUCACIONAL SHALOM;-19.82622927;-43.99823548;infantil;privada;ativa;geral;sim;RUA RADIALISTA CAETANO SILVA, 105 CEU AZUL. 31540-480 Belo Horizonte - MG.
31368997;INSTITUTO EDUCACIONAL VILA DOS SONHOS;-19.93477238;-43.96472313;infantil|fundamental_i;privada;ativa;geral;nao;RUA RIO NEGRO, 1070 BARROCA. 30431-058 Belo Horizonte - MG.
31289957;INSTITUTO ENILCE LANZA;-19.91569833;-44.02465000;infantil;privada;ativa;geral;sim;BECO PRINCIPAL, 183 CASA. VILA DA PAZ NOVO GLORIA. 30865-700 Belo Horizonte - MG.
31281972;INSTITUTO ESPIRITA EURIPEDES;-19.99501380;-44.04983610;infantil;privada;ativa;geral;sim;RUA TABOAO DA SERRA, 235 ITAIPU. 30692-610 Belo Horizonte - MG.
31378399;INSTITUTO ESPIRITA EURIPEDES UNIDADE II;-19.89043333;-43.91246000;infantil;privada;ativa;geral;sim;RUA MOEDA, 26 SANTA INES. 31080-110 Belo Horizonte - MG.
31356875;INSTITUTO INFANTIL AMBJA I;-19.89209023;-43.99088650;infantil;privada;ativa;geral;sim;RUA FLOR DAGUA, 711 JARDIM MONTANHES. 30810-310 Belo Horizonte - MG.
31366099;INSTITUTO INFANTIL AMBJA II;-19.88172290;-43.98417930;infantil;privada;ativa;geral;sim;RUA ARNALDO BUENO AZEVEDO, OURO PRETO. 31320-090 Belo Horizonte - MG.
31298069;INSTITUTO INFANTIL CANTO VERDE;-19.95861000;-43.98712000;infantil|fundamental_i|fundamental_ii;privada;ativa;geral;nao;RUA URSULA PAULINO, 1209 BETANIA. 30570-000 Belo Horizonte - MG.
31261696;INSTITUTO INOVAR;-19.97769810;-44.01499010;;privada;ativa;geral;nao;RUA DOMICIANO VIEIRA, 54 BARREIRO. 30642-040 Belo Horizonte - MG.
31004481;INSTITUTO ITAPOA;-19.84111395;-43.95348046;fundamental_i|fundamental_ii;privada;ativa;geral;nao;RUA SAO MIGUEL, 1577 ITAPOA. 31710-350 Belo Horizonte - MG.
31352012;INSTITUTO MEIMEI;-19.89520000;-44.01584000;;privada;paralisada;geral;nao;RUA FUNDAO, 99 CASA. SAO SALVADOR. 30881-380 Belo Horizonte - MG.
31292753;INSTITUTO MODAL;-19.93107000;-43.96217000;;privada;ativa;geral;nao;RUA BERNARDINO DE LIMA, 358 GUTIERREZ. 30441-008 Belo Horizonte - MG.
31004987;INSTITUTO MONTEIRO LOBATO;-19.91724000;-43.93037000;infantil;privada;ativa;geral;nao;AVENIDA ASSIS CHATEAUBRIAND, 312 CASA. FLORESTA. 30150-100 Belo Horizonte - MG.
31347965;INSTITUTO PEDAGOGICO COMECINHO DE VIDA;-19.94477990;-43.99613110;infantil;privada;ativa;geral;nao;RUA SERINGUEIRA, 595 NOVA GAMELEIRA. 30510-690 Belo Horizonte - MG.
31345091;INSTITUTO PEDAGOGICO DO RE MI;-19.89864974;-43.91893960;infantil;privada;ativa;geral;nao;RUA CABROBO, 471 SAGRADA FAMILIA. 31035-350 Belo Horizonte - MG.
31329151;INSTITUTO PEDAGOGICO GENESIS;-19.80131000;-43.95603000;infantil|fundamental_i|fundamental_ii;privada;ativa;geral;nao;AVENIDA NENEM LARA ROCHA, 185 SERRA VERDE VENDA NOVA. 31630-160 Belo Horizonte - MG.
31355925;INSTITUTO PEDAGOGICO ILUMINAR;-19.89596912;-43.89899687;infantil;privada;ativa;geral;sim;RUA GOUVEIA, 70 SAO GERALDO. 31050-583 Belo Horizonte - MG.
31321788;INSTITUTO PEDAGOGICO OFICINA DO SABER;-19.92140781;-44.01142636;infantil|fundamental_i;privada;ativa;geral;nao;RUA EMILIO CARAM, 15 CALIFORNIA. 30855-260 Belo Horizonte - MG.
31297356;INSTITUTO PEDAGOGICO PIRULI;-19.89666000;-43.89543000;;privada;extinta;geral;nao;AVENIDA ITAITE, 274 SAO GERALDO. 31050-550 Belo Horizonte - MG.
31372145;INSTITUTO PEDAGOGICO SONHO DA VOVO;-19.84310312;-43.92216959;infantil;privada;ativa;geral;sim;RUA JOATUBA, 94 GUARANI. 31840-090 Belo Horizonte - MG.
31346560;INSTITUTO PEROLA DE ENSINO;-19.82214140;-44.00303780;infantil|fundamental_i;privada;ativa;geral;nao;RUA RADIALISTA NADIR LIMA, 49 CASA. CEU AZUL. 31585-060 Belo Horizonte - MG.
31331872;INSTITUTO SAO FRANCISCO DE ASSIS;-19.88829000;-43.90648000;infantil|fundamental_i;privada;ativa;geral;nao;RUA CAIANA, 184 ESCOLA. SANTA INES. 31080-190 Belo Horizonte - MG.
31000485;INSTITUTO SAO RAFAEL;-19.92035000;-43.95512000;fundamental_ii;estadual;ativa;geral;nao;AVENIDA AUGUSTO DE LIMA, 2109 BARRO PRETO. 30190-002 Belo Horizonte - MG.
31332259;INSTITUTO SERRA DOURADA;-19.82574684;-43.90069860;infantil|fundamental_i;privada;ativa;geral;nao;RUA SERRA DOURADA, 06 RIBEIRO DE ABREU. 31872-260 Belo Horizonte - MG.
31373036;INSTITUTO SONHO DA VOVO II;-19.84368349;-43.92883976;infantil;privada;ativa;geral;sim;RUA CAMBUI, 328 GUARANI. 31840-120 Belo Horizonte - MG.
31331040;INSTITUTO TARCISIO BISINOTTO;-19.96823000;-43.93396000;infantil|fundamental_i;privada;ativa;geral;nao;AVENIDA PROFESSOR CRISTOVAM DOS SANTOS, 595 BELVEDERE. 30320-510 Belo Horizonte - MG.
31281565;INSTITUTO ZILAH SPOSITO PARA O DESENVOLVIMENTO HUMANO E SOCIAL;-19.80102000;-43.92301000;infantil;privada;ativa;geral;sim;RUA CARNAUBA, 928 JAQUELINE. 31748-435 Belo Horizonte - MG.
31344672;INSTITUTO ZIP ZAP I;-19.90210000;-44.01656000;infantil|fundamental_i;privada;ativa;geral;nao;RUA MAFRA, 85 COQUEIROS. 30880-452 Belo Horizonte - MG.
31257834;IPEMIG - INSTITUTO PRESBITERIANO DE EDUCACAO DE MINAS GERAIS;-19.91195333;-43.90745000;infantil;privada;ativa;geral;sim;RUA ITAJOBI, 106 POMPEIA. 30280-320 Belo Horizonte - MG.
31007463;JARDIM DE INFANCIA CINDERELA;-19.90989000;-43.94670000;infantil;privada;ativa;geral;nao;RUA ITATIAIA, 260 BONFIM. 31210-170 Belo Horizonte - MG.
31315401;JARDIM DE INFANCIA PADRE EUSTAQUIO;-19.91842000;-43.97812000;infantil|fundamental_i;privada;ativa;geral;nao;AVENIDA CORONEL JOSE BENJAMIM, 936 PADRE EUSTAQUIO. 30720-430 Belo Horizonte - MG.
31005444;JARDIM DE INFANCIA PEDACINHO DE GENTE;-19.90522000;-43.92588000;infantil;privada;ativa;geral;nao;RUA JOAO GUALBERTO FILHO, 141 SAGRADA FAMILIA. 31030-410 Belo Horizonte - MG.
31304328;JD INF FAZENDINHA ENCANTADA;-19.89508000;-43.89586000;infantil|fundamental_i;privada;ativa;geral;nao;RUA GURUA, 460B. BOA VISTA. 31050-610 Belo Horizonte - MG.
31308536;LAR CRECHE PINGO DE GENTE;-19.82764462;-43.93704798;infantil;privada;ativa;geral;sim;RUA SEBASTIAO CARDOSO ANTOLIN, 132 JARDIM GUANABARA. 31742-316 Belo Horizonte - MG.
31282391;LAR DOS MENINOS SAO DOMINGOS OBRA SOCIAL;-19.88727891;-43.93321100;infantil;privada;ativa;geral;sim;RUA DOM CABRAL, 25 IPIRANGA. 31160-150 Belo Horizonte - MG.
31308757;LAR ESCOLA TEREZINHA DELAMARE;-19.83067074;-43.98527750;infantil;privada;ativa;geral;sim;RUA WENCESLAU BRAZ, 107 JARDIM LEBLON. 31540-670 Belo Horizonte - MG.
31004383;LAR ESPIRITA ESPERANCA;-19.94930333;-43.97967500;infantil;privada;ativa;geral;sim;RUA DOUTOR SAMUEL HAHNEMANN, 99 SALGADO FILHO. 30550-650 Belo Horizonte - MG.
31281450;LAR FABIANO DE CRISTO;-19.98185000;-44.00249000;;privada;extinta;geral;nao;RUA CAETANO PIRRI, 930 MILIONARIOS. 30620-070 Belo Horizonte - MG.
31355992;LETRA ESCOLA DE EDUCACAO INFANTIL;-19.97245540;-43.97470670;infantil;privada;ativa;geral;nao;RUA ORLANDO MORETZSONH, 106 BURITIS. 30575-300 Belo Horizonte - MG.
31360805;MADDA - BEBE CRIANCA E CIA;-19.92723000;-43.95177000;infantil;privada;ativa;geral;nao;RUA OURO PRETO, 1047 CASA. SANTO AGOSTINHO. 30170-041 Belo Horizonte - MG.
31345644;MAPLE BEAR CANADIAN SCHOOL BELO HORIZONTE;-19.96694640;-43.94431280;infantil|fundamental_i|fundamental_ii;privada;ativa;geral;nao;RUA DOUTOR ARMANDO DUARTE, 61 SANTA LUCIA. 30360-452 Belo Horizonte - MG.
31359505;MAPLE BEAR CANADIAN SCHOOL CONEGO ROCHA;-19.93577621;-43.95413054;infantil;privada;ativa;geral;nao;RUA CONEGO ROCHA FRANCO, 197 GUTIERREZ. 30441-045 Belo Horizonte - MG.
31346535;MASTER EDUCADORA LTDA;-19.83059098;-43.96849245;infantil|fundamental_i;privada;ativa;geral;nao;RUA NORTE, 285 SANTA BRANCA. 31565-320 Belo Horizonte - MG.
31324027;META ESCOLA TECNICA DE FORMACAO PROFISSIONAL;-19.97619000;-44.01196000;;privada;ativa;geral;nao;RUA OLIVEIRA LISBOA, 41 BARREIRO. 30640-470 Belo Horizonte - MG.
31353582;MIGUEL ARCANJO ESCOLA WALDORF ENSINO FUNDAMENTAL;-19.86830110;-43.97636090;infantil|fundamental_i|fundamental_ii;privada;ativa;geral;nao;AVENIDA EXPEDICIONARIO BENVINDO BELEM DE LIMA, 271 SAO LUIZ. 31310-040 Belo Horizonte - MG.
31276782;MIUDINHOS CENTRO DE EDUCACAO INFANTIL;-19.93875759;-43.92172813;infantil;privada;ativa;geral;nao;RUA PALMIRA, 381 SERRA. 30220-110 Belo Horizonte - MG.
31320765;MORADA NOVA CASA DA CRIANCA;-19.95413861;-43.94398755;infantil;privada;ativa;geral;sim;RUA PRINCIPAL, 531 VILA BARRAGEM SANTA LUCIA. 30335-000 Belo Horizonte - MG.
31332330;MORIA SIST CRISTAO DE ENSINO;-19.81659000;-43.97976000;infantil|fundamental_i;privada;ativa;geral;nao;RUA NACIP RAYDAN, 247 RIO BRANCO. 31535-060 Belo Horizonte - MG.
31371564;NE BABY;-19.92723106;-43.92964907;;privada;paralisada;geral;nao;RUA RIO GRANDE DO NORTE, 205 SANTA EFIGENIA. 30130-130 Belo Horizonte - MG.
31365700;NOSSA ESCOLA - SISTEMA DE EDUCACAO UNIDADE BABY I E II;-19.92660644;-43.92851265;;privada;extinta;geral;nao;AVENIDA BERNARDO MONTEIRO, 930 SANTA EFIGENIA. 30150-281 Belo Horizonte - MG.
31310999;NOSSA ESCOLA EDUCACAO PARA CRIANCAS;-19.92655024;-43.93049170;infantil|fundamental_i;privada;ativa;geral;nao;RUA PADRE ROLIM, 959 SANTA EFIGENIA. 30130-090 Belo Horizonte - MG.
31331741;NUCLEO DE EDUCACAO TALITA MARCIA;-19.98509970;-44.01296260;;privada;extinta;geral;nao;RUA JOSE FALEIRO, 321 SANTA HELENA BARREIRO. 30642-150 Belo Horizonte - MG.
31302091;NUCLEO EDUCACIONAL COELHINHO BRANCO;-19.88078167;-43.96227000;infantil|fundamental_i;privada;ativa;geral;nao;RUA ESTORIL, 1896 CASA. SAO FRANCISCO. 31255-190 Belo Horizonte - MG.
31318949;NUCLEO EDUCACIONAL CRESCER;-19.91450000;-43.97235000;;privada;paralisada;geral;nao;RUA PERDOES, 582 PADRE EUSTAQUIO. 30720-280 Belo Horizonte - MG.
31267058;NUCLEO EDUCACIONAL CRESCER E LAPIS DE COR;-19.91359000;-43.96636000;infantil;privada;ativa;geral;nao;RUA LIMA DUARTE, 353 CARLOS PRATES. 30710-470 Belo Horizonte - MG.
31351903;NUCLEO EDUCACIONAL NOVOS PASSOS;-19.86989000;-43.99434000;infantil;privada;ativa;geral;nao;RUA POVOA DE VARZIM, 415 PAQUETA. 31340-060 Belo Horizonte - MG.
31348007;NUCLEO EDUCACIONAL PIU PIU;-19.82728030;-43.97712760;infantil;privada;ativa;geral;nao;RUA ALZIRA MARIA FERREIRA, 06 CASA. SANTA MONICA. 31530-150 Belo Horizonte - MG.
31276804;NUCLEO EDUCACIONAL SER FELIZ;-19.93758000;-43.97718000;infantil;privada;ativa;geral;nao;RUA LINDOLFO DE AZEVEDO, 509 NOVA SUISSA. 30421-265 Belo Horizonte - MG.
31308889;NUCLEO ESPIRITA INFANTIL VOVO SILVINHA - NEIVOS;-19.86411130;-43.90421102;infantil;privada;ativa;geral;sim;RODOVIA MG-5, 501 GOIANIA. 31950-000 Belo Horizonte - MG.
31304000;NUCLEO INFANTIL MARIA CANDIDA CORREA;-19.91211833;-43.91595833;infantil;privada;ativa;geral;sim;RUA PROFESSOR RAIMUNDO NONATO, 220 SANTA TEREZA. 31010-520 Belo Horizonte - MG.
31315419;NUCLEO PEDAGOGICO ABC;-19.80796000;-43.99037000;;privada;extinta;geral;nao;RUA ALTINOPOLIS, 752 PIRATININGA VENDA NOVA. 31573-080 Belo Horizonte - MG.
31331066;NUCLEO PEDAGOGICO COFAVIS;-19.99033350;-44.04043000;infantil|fundamental_i;privada;ativa;geral;nao;RUA AIDA FERNANDES ALVARES, 201 TIROL BARREIRO. 30662-270 Belo Horizonte - MG.
31362867;NUCLEO PEDAGOGICO CRESCER;-19.90110705;-43.89830024;infantil;privada;ativa;geral;nao;RUA CAISSARA, 618 SAO GERALDO. 31050-280 Belo Horizonte - MG.
31346993;NUCLEO PEDAGOGICO EDUCARTE;-19.99610000;-44.01502000;infantil|fundamental_i;privada;ativa;geral;nao;RUA LUNETA, 179 CASA. BRASIL INDUSTRIAL BARREIRO. 30626-000 Belo Horizonte - MG.
31366439;NUCLEO PSICOPEDAGOGICO DA CRIANCA;-19.86305030;-43.98189540;;privada;extinta;geral;nao;RUA EXPEDICIONARIO CELSO RACIOPPI, 331 SAO LUIZ. 31365-450 Belo Horizonte - MG.
31004049;OBRA EDUCACIONAL CATARINA COMENSOLI;-19.87084000;-43.90976000;infantil;privada;ativa;geral;sim;RUA LAGO, 425 SAO MARCOS. 31920-440 Belo Horizonte - MG.
31289906;OBRAS EDUCATIVAS JARDIM FELICIDADE;-19.83087640;-43.93134872;infantil;privada;ativa;geral;sim;RUA PROFESSORA GABRIELA VARELA, 580 JARDIM GUANABARA. 31742-173 Belo Horizonte - MG.
31289833;OFICINA ESCOLA DE ANGELIS;-19.85383340;-43.93205242;infantil;privada;ativa;geral;sim;RUA SANTA CLARA DE ASSIS, 300 MINASLANDIA. 31810-340 Belo Horizonte - MG.
31000981;ORGANIZACAO EDUCACIONAL JOAO XXIII - AMPC;-19.94739944;-44.00628802;infantil;privada;ativa;geral;sim;RUA VISCONDE DE CAIRU, 75 MADRE GERTRUDES. 30512-780 Belo Horizonte - MG.
31312371;POLITEC MG - ESCOLA POLITECNICA MG;-19.91941000;-43.93921000;;privada;paralisada;geral;sim;RUA DOS TUPINAMBAS, 524 CENTRO. 30120-070 Belo Horizonte - MG.
31350141;PROMOVER EDUCACAO INFANTIL LTDA;-19.88859635;-43.92051213;;privada;extinta;geral;nao;RUA PROFESSOR COSTA CHIABI, 256 ESCOLA. CIDADE NOVA. 31170-250 Belo Horizonte - MG.
31353329;PROZ - UNIDADE BELO HORIZONTE;-19.91739000;-43.94229000;;privada;ativa;geral;sim;RUA ESPIRITO SANTO, 900 CENTRO. 30160-033 Belo Horizonte - MG.
31007404;RECREIO CENTRO DE CRIATIVIDADE E DESENVOLVIMENTO INFANTIL;-19.95274088;-43.95331395;infantil|fundamental_i;privada;ativa;geral;nao;RUA JANDYRA DA COSTA MOURAO, 119 SAO BENTO. 30350-360 Belo Horizonte - MG.
31329363;RECRIANCA ESPACO INFANTIL;-19.91532676;-43.93068199;infantil;privada;ativa;geral;nao;RUA ITAJUBA, 160 FLORESTA. 30150-380 Belo Horizonte - MG.
31007561;REDE DECISAO - UNIDADE SANTA BRANCA;-19.83172956;-43.96667207;infantil|fundamental_i|fundamental_ii;privada;ativa;geral;nao;RUA SAO JOAO DA LAGOA, 380 SANTA BRANCA. 31565-170 Belo Horizonte - MG.
31006351;SEIAS OBRA SOCIAL SAO JOSE OPERARIO;-19.85600710;-43.99995870;;privada;paralisada;geral;nao;AVENIDA OTACILIO NEGRAO DE LIMA, 7040 PAMPULHA. 31365-450 Belo Horizonte - MG.
31358460;SENAC - UNIDADE DE ENSINO TECNICO DO CEP DO BARREIRO;-19.97683000;-44.01867000;;privada;paralisada;geral;nao;AVENIDA SINFRONIO BROCHADO, 635 BARREIRO. 30640-000 Belo Horizonte - MG.
31363960;SENAC - UNIDADE DE ENSINO TECNICO DO CEP SENAC GUAJAJARAS;-19.92660000;-43.93447000;;privada;ativa;geral;nao;RUA DOS GUAJAJARAS, 30180-910 Belo Horizonte - MG.
31262641;SENAC- UNIDADE DE ENSINO TECNICO DO CEP BELO HORIZONTE;-19.91616660;-43.94400030;;privada;ativa;geral;sim;RUA TUPINAMBAS, 30120-070 Belo Horizonte - MG.
31267678;SENAI BELO HORIZONTE CA CENTRO AUTOMOTIVO;-19.89702820;-43.91214580;;privada;paralisada;geral;nao;RUA SANTO AGOSTINHO, 1717 SAGRADA FAMILIA. 31035-480 Belo Horizonte - MG.
31274682;SENAI BELO HORIZONTE CECOTEG SERGIO DE FREITAS PACHECO -HORTO;-19.89727860;-43.91254280;;privada;ativa;geral;nao;RUA SANTO AGOSTINHO, 1717 COMERCIAL. HORTO FLORESTAL. 31035-480 Belo Horizonte - MG.
31267571;SENAI BELO HORIZONTE CFP AMERICO RENE GIANNETTI;-19.90681833;-43.94386333;;privada;ativa;geral;nao;AVENIDA ANTONIO CARLOS, 561 LAGOINHA. 31210-010 Belo Horizonte - MG.
31309648;SENAI BELO HORIZONTE CFP PAULO DE TARSO;-19.92098140;-43.98423920;;privada;ativa;geral;sim;RUA HUMAITA, 1275 PADRE EUSTAQUIO. 30720-410 Belo Horizonte - MG.
31316610;SENAI BELO HORIZONTE ESCOLA FIEMG DE LIDERES EMPRESARIAIS;-19.92516000;-43.93476000;;privada;paralisada;geral;nao;AVENIDA AFONSO PENA, 1500 14º E 15º ANDAR. CENTRO. 30130-005 Belo Horizonte - MG.
31329614;SENAI BELO HORIZONTE MODATEC;-19.89722380;-43.91257620;;privada;paralisada;geral;nao;RUA SANTO AGOSTINHO, 1717 SAGRADA FAMLIA. 31035-480 Belo Horizonte - MG.
31324663;SIC - ESCOLA PROFISSIONALIZANTE SANTO AGOSTINHO;-20.00146540;-44.01114170;;privada;ativa;geral;nao;AVENIDA DEPUTADO ANTONIO LUNARDI, 98 BRASIL INDUSTRIAL- BARREIRO. 30626-110 Belo Horizonte - MG.
31210064;SICRA - SOCIEDADE IRMAOS DAS CRIANCAS;-20.00101516;-44.01439103;infantil;privada;ativa;geral;sim;RUA MARCELO ROBSON DOS SANTOS, 149 BRASIL INDUSTRIAL BARREIRO. 30626-160 Belo Horizonte - MG.
31256889;SISTEMA APICE DE ENSINO;-19.94167000;-43.96753000;infantil|fundamental_i;privada;ativa;geral;nao;RUA MARACAJU, 120 NOVA GRANADA. 30431-350 Belo Horizonte - MG.
31315435;SISTEMA DE ENS MUNDO DO SABER;-19.87868000;-44.01038000;infantil|fundamental_i;privada;ativa;geral;nao;RUA JORNALISTA MARIO EUGENIO, 162 SERRANO. 30882-610 Belo Horizonte - MG.
31298051;SISTEMA DE ENSINO ALPHONSUS DE GUIMARAENS;-19.94219000;-43.97318000;infantil|fundamental_i;privada;ativa;geral;nao;RUA GAMA CERQUEIRA, 570 CASA. JARDIM AMERICA. 30421-372 Belo Horizonte - MG.
31261840;SISTEMA DE ENSINO ERIDA DURAES;-19.83114000;-43.98516000;infantil|fundamental_i|fundamental_ii;privada;ativa;geral;nao;RUA PRINCESA ISABEL, 85 COPACABANA. 31540-510 Belo Horizonte - MG.
31371335;SISTEMA DE ENSINO IPE AMARELO;-19.97518082;-43.96864171;infantil;privada;ativa;geral;nao;RUA TEREZA MOTA VALADARES, 989 BURITIS. 30575-160 Belo Horizonte - MG.
31309184;SISTEMA EDUCACIONAL ATHENA - UNIDADE MUNDO DA CRIANCA;-19.96767000;-43.96067000;infantil|fundamental_i;privada;ativa;geral;nao;RUA PEDRO LABORNE TAVARES, 105 EDIFICIO. ESTORIL. 30455-680 Belo Horizonte - MG.
31373397;SISTEMA EDUCACIONAL CUBO DIVERTIDO;-19.88865573;-44.01284012;infantil|fundamental_i;privada;ativa;geral;nao;RUA QUITANDINHA, 237 SERRANO. 30881-490 Belo Horizonte - MG.
31297721;SISTEMA EDUCACIONAL IPE AMARELO;-19.84185148;-43.99081263;infantil;privada;ativa;geral;nao;AVENIDA PORTUGAL, 450 JARDIM ATLANTICO. 31550-000 Belo Horizonte - MG.
31298689;SISTEMA EDUCACIONAL PRIMEIROS PASSOS;-19.94823699;-43.93101448;infantil;privada;ativa;geral;nao;RUA CRISTINA, 158 ANCHIETA. 30310-692 Belo Horizonte - MG.
31350982;SISTEMA EDUCACIONAL SEJE - BELO HORIZONTE;-19.84925330;-43.90894971;infantil|fundamental_i;privada;ativa;geral;nao;RUA NOSSA SENHORA DE GUADALUPE, 510 OURO MINAS. 31870-000 Belo Horizonte - MG.
31329487;SISTEMA ENSINO PEDACINHO DO CEU;-19.90712000;-44.01848000;;privada;extinta;geral;nao;RUA AIMARA, 43 PINDORAMA. 30865-010 Belo Horizonte - MG.
31298093;SISTEMA LAMAXI DE ENSINO;-19.94225990;-43.98099130;infantil|fundamental_i;privada;ativa;geral;nao;RUA MAGI SALOMON, 511 SALGADO FILHO. 30550-190 Belo Horizonte - MG.
31007587;SISTEMA PIAGET DE ENSINO;-19.83055745;-43.96846014;fundamental_ii;privada;ativa;geral;nao;RUA DO CARMELO, 150 SANTA BRANCA. 31565-260 Belo Horizonte - MG.
31309141;STELLA ESCOLA;-19.89151900;-43.99527950;infantil|fundamental_i|fundamental_ii;privada;ativa;geral;nao;RUA DESEMBARGADOR JOSE SATYRO, 767 CASTELO. 30840-490 Belo Horizonte - MG.
31333352;SUPREMA EDUCACAO;-19.88631000;-43.90826000;infantil|fundamental_i;privada;ativa;geral;nao;RUA CARMESIA, 580 SANTA INES. 31080-170 Belo Horizonte - MG.
31356883;TEMPO DE APRENDER;-19.89284570;-44.00239355;infantil;privada;ativa;geral;nao;RUA DOS AGRONOMOS, 85 ALIPIO DE MELO. 30840-110 Belo Horizonte - MG.
31325678;TERRA DO SABER ESCOLA DE EDUCACAO INFANTIL;-19.93980870;-43.94860030;infantil;privada;ativa;geral;nao;RUA BERNARDO MASCARENHAS, 515 CIDADE JARDIM. 30380-010 Belo Horizonte - MG.
31366315;TIC TAC TOE EDUCACAO INFANTIL;-19.94750672;-43.95525250;;privada;extinta;geral;nao;RUA GUACUI, 685 LUXEMBURGO. 30380-342 Belo Horizonte - MG.
31298387;TRILHA DA CRIANCA CENTRO EDUCACIONAL;-19.94435000;-43.92885000;infantil;privada;ativa;geral;nao;RUA VITORIO MARCOLA, 105 ANCHIETA. 30310-360 Belo Horizonte - MG.
31367400;TRILHA DO SOL JARDIM DE INFANCIA;-19.83703000;-43.96281000;infantil;privada;ativa;geral;nao;RUA MONTESE, 397 ITAPOA. 31710-100 Belo Horizonte - MG.
31000019;UFMG - COLEGIO TECNICO;-19.87174833;-43.96327500;;federal;ativa;geral;nao;AVENIDA PRESIDENTE ANTONIO CARLOS, 6.627 PREDIO DO COLTEC. PAMPULHA. 31270-901 Belo Horizonte - MG.
31007643;UFMG - TEATRO UNIVERSITARIO;-19.86264115;-43.96006249;;federal;ativa;geral;nao;AVENIDA PRESIDENTE ANTONIO CARLOS, 6627 PAMPULHA. 31270-901 Belo Horizonte - MG.
31363049;UNIVERSIDADE JOSE DO ROSARIO VELLANO - CAMPUS BELO HORIZONTE - UNIDADE ITAPOA - PRONATEC;-19.84062000;-43.96535000;;privada;paralisada;geral;nao;RUA LIBANO, 66 ITAPOA. 31710-030 Belo Horizonte - MG.
31365726;VILA BURITIS SISTEMA EDUCACIONAL LTDA;-19.97664311;-43.97261553;;privada;extinta;geral;nao;RUA JORNALISTA GUILHERME APGAUA, 35 BURITIS. 30575-270 Belo Horizonte - MG.
31356891;VILA CASTELO EDUCACAO INFANTIL;-19.87630758;-43.99545213;;privada;extinta;geral;nao;AVENIDA MIGUEL PERRELA, 701 CASTELO. 31330-290 Belo Horizonte - MG.
31309044;VILA DA CRIANCA;-19.95209000;-43.92970000;infantil;privada;ativa;geral;nao;RUA PIUM-I, 1495 CRUZEIRO. 30310-080 Belo Horizonte - MG.
