codigo_inep;nome;latitude;longitude;ciclo;rede;situacao;atendimento;conveniada;endereco
23064641;21 DE ABRIL COLEGIO;-3.73241670;-38.55076830;infantil|fundamental_i;privada;ativa;geral;nao;RUA BENJAMIM BARROSO, 820 MONTE CASTELO. 60325-450 Fortaleza - CE.
23246561;21 DE ABRIL COLEGIO BEZERRA DE MENEZES;-3.73269870;-38.55040210;fundamental_ii;privada;ativa;geral;nao;AVENIDA BEZERRA DE MENEZES, 600 SAO GERARDO. 60325-001 Fortaleza - CE.
23071516;9 DE JUNHO CENTRO EDUCACIONAL;-3.76337500;-38.60834000;fundamental_i|fundamental_ii;privada;ativa;geral;nao;AVENIDA F, 174 2 ETAPA. CONJUNTO CEARA. 60533-642 Fortaleza - CE.
23410639;9 DE JUNHO COLEGIO;-3.76334500;-38.60825000;;privada;ativa;geral;nao;AVENIDA F, 174 2 ETAPA. CONJUNTO CEARA. 60533-642 Fortaleza - CE.
23212233;ABC INFANTIL ESCOLA;-3.80990109;-38.47956648;infantil|fundamental_i;privada;ativa;geral;nao;NENE GONCALVES BARREIRA, 67 CAMBEBA. 60822-145 Fortaleza - CE.
23235861;ACADEMICO INFANTIL CENTRO;-3.80531100;-38.50547000;infantil|fundamental_i|fundamental_ii;privada;ativa;geral;nao;RUA GREGORIO FRANCA, 225 CAJAZEIRAS. 60864-400 Fortaleza - CE.
23243791;ADEMIR ARAUJO COLEGIO;-3.80300020;-38.58766250;infantil|fundamental_i|fundamental_ii;privada;ativa;geral;nao;RUA WALDIR DIOGO, 1055 NOVO MONDUBIM. 60764-020 Fortaleza - CE.
23070340;ADVENTISTA PAULO CESAR AFONSO COLEGIO;-3.73618500;-38.53461000;infantil|fundamental_i|fundamental_ii;privada;ativa;geral;nao;AVENIDA DA UNIVERSIDADE, 2083 BENFICA. 60020-180 Fortaleza - CE.
23247088;AGAPE COLEGIO;-3.79335260;-38.48684630;infantil|fundamental_i|fundamental_ii;privada;ativa;geral;nao;AVENIDA HERMINIO DE CASTRO, 140 PARQUE MANIBURA. 60821-825 Fortaleza - CE.
23072881;AGNUS COLEGIO;-3.76570820;-38.54529230;infantil|fundamental_i|fundamental_ii;privada;ativa;geral;nao;RUA TEODORICO BARROSO, 827 MONTESE. 60420-314 Fortaleza - CE.
23259205;AGNUS ELLERY COLEGIO;-3.72466690;-38.56256040;infantil|fundamental_i|fundamental_ii;privada;ativa;geral;nao;RUA GILBERTO CAMARA, 607 VILA ELLERY. 60320-280 Fortaleza - CE.
23265230;AGUIA COLEGIO;-3.78502750;-38.58637030;infantil|fundamental_i;privada;ativa;geral;nao;RUA SOUSA CARVALHO, 68 BONSUCESSO. 60541-646 Fortaleza - CE.
23245913;ALDA MELO COLEGIO;-3.81255000;-38.52614000;infantil|fundamental_i;privada;ativa;geral;nao;RUA REGINA DE FATIMA, 3110 PASSARE. 60862-460 Fortaleza - CE.
23212063;ALFA CENTRO EDUCACIONAL;-3.70169800;-38.57975000;infantil|fundamental_i|fundamental_ii;privada;ativa;geral;nao;RUA CHICO XAVIER, 181 BARRA DO CEARA. 60332-320 Fortaleza - CE.
23431636;ALFA E OMEGA COLEGIO;-3.73187100;-38.53218000;;privada;ativa;geral;nao;RUA GENERAL SAMPAIO, 1525 CENTRO. 60020-031 Fortaleza - CE.
23226129;ALTERNATIVO COLEGIO;-3.75101450;-38.56046930;infantil|fundamental_i;privada;ativa;geral;nao;RUA VIRIATO RIBEIRO, 724 BELA VISTA. 60442-642 Fortaleza - CE.
23243597;ANDELINE COSTA COLEGIO;-3.78714000;-38.48888000;infantil|fundamental_i|fundamental_ii;privada;ativa;geral;nao;RUA GENERAL CAIADO DE CASTRO, 445 ENGENHEIRO LUCIANO CAVALCANTE. 60813-795 Fortaleza - CE.
23266465;ANDERSON ALVES COLEGIO;-3.78991800;-38.58374000;infantil|fundamental_i|fundamental_ii;privada;ativa;geral;nao;RUA ANTONIO COSTA MENDES, 508 VILA PERI. 60730-175 Fortaleza - CE.
23075961;ANTARES ATS COLEGIO;-3.72126260;-38.51438380;infantil|fundamental_i|fundamental_ii;privada;ativa;geral;nao;RUA TIJIPIO, 274 PRAIA DE IRACEMA. 60060-420 Fortaleza - CE.
23077042;ANTARES ATS COLEGIO;-3.76154420;-38.53134350;infantil|fundamental_i|fundamental_ii;privada;ativa;geral;nao;RUA ALBERTO MONTEZUMA, 235 VILA UNIAO. 60410-772 Fortaleza - CE.
23564121;ANTARES COLEGIO PRE VESTIBULAR;-3.73353790;-38.47134650;;privada;ativa;geral;nao;RUA LETICIA BRAGA, 520 PAPICU. 60175-655 Fortaleza - CE.
23074604;APAE FORTALEZA - CAEE MARIA REGINA PIO DE ALMEIDA;-3.76832030;-38.49708720;;privada;ativa;sem_escolarizacao;sim;AVENIDA ROGACIANO LEITE, 2001 ENGENHEIRO LUCIANO CAVALCANTE. 60810-475 Fortaleza - CE.
23263750;ARCA DO SABER ESCOLA;-3.74934000;-38.56335000;infantil|fundamental_i;privada;ativa;geral;nao;RUA MARIO DE ANDRADE,, 1067 BELA VISTA. 60442-132 Fortaleza - CE.
23214872;ARCO IRIS CENTRO EDUCA CIONAL;-3.75921300;-38.59167000;infantil|fundamental_i;privada;ativa;geral;nao;RUA PORTO ALEGRE, 1557 HENRIQUE JORGE. 60510-205 Fortaleza - CE.
23233214;ARCO IRIS CENTRO EDUCACIONAL;-3.83430530;-38.56690060;infantil|fundamental_i|fundamental_ii;privada;ativa;geral;nao;RUA CORONEL DE QUEIROZ, 550 PLANALTO AYRTON SENNA. 60760-510 Fortaleza - CE.
23233931;ARCO IRIS CENTRO EDUCACIONAL;-3.74695600;-38.56676000;infantil|fundamental_i|fundamental_ii;privada;ativa;geral;nao;RUA TRES DE MAIO, 1487 BELA VISTA. 60442-202 Fortaleza - CE.
23245832;ARCO IRIS ESCOLA UNIDADE I;-3.76898400;-38.58139000;infantil|fundamental_i|fundamental_ii;privada;ativa;geral;nao;RUA BRIGADEIRO TORRES, 1166 JOAO XXIII. 60520-510 Fortaleza - CE.
23272430;ARI DE SA CAVALCANTE - ALDEOTA;-3.74592511;-38.49271434;fundamental_i|fundamental_ii;privada;ativa;geral;nao;TRAVESSA MONSENHOR CATAO, 1655 ALDEOTA. 60175-010 Fortaleza - CE.
23069864;ARI DE SA CAVALCANTE - DUQUE DE CAXIAS;-3.73227708;-38.52888149;;privada;ativa;geral;nao;AVENIDA DUQUE DE CAXIAS, 519 CENTRO. 60035-110 Fortaleza - CE.
23235543;ARI DE SA CAVALCANTE - MAJOR FACUNDO;-3.73188870;-38.52930210;fundamental_ii;privada;ativa;geral;nao;AVENIDA DUQUE DE CAXIAS, 550 CENTRO. 60035-110 Fortaleza - CE.
23246871;ARI DE SA CAVALCANTE - MARIO MAMEDE;-3.78850469;-38.47881069;;privada;ativa;geral;nao;RUA JOSE MARIO MAMEDE, 200 EDSON QUEIROZ. 60834-366 Fortaleza - CE.
23071036;ARI DE SA CAVALCANTE - WASHINGTON SOARES;-3.78833617;-38.48001447;infantil|fundamental_i|fundamental_ii;privada;ativa;geral;nao;AVENIDA WASHINGTON SOARES, 3737 EDSON QUEIROZ. 60811-341 Fortaleza - CE.
23251409;ART E MANHA CRECHE ESCOLA;-3.76336880;-38.53858940;infantil|fundamental_i;privada;ativa;geral;nao;RUA SAO MATEUS, 1020 VILA UNIAO. 60410-642 Fortaleza - CE.
23071311;ASSOCIACAO PESTALOZZI DE FORTALEZA;-3.72755950;-38.51042160;;privada;ativa;sem_escolarizacao;sim;RUA BARAO DE ARACATI, 696 MEIRELES. 60115-080 Fortaleza - CE.
23225939;ASSUNCAO ESCOLA NOSSA SRA;-3.71678900;-38.46505000;infantil|fundamental_i;privada;ativa;geral;nao;AVENIDA ZEZE DIOGO, 1110 CAIS DO PORTO. 60180-012 Fortaleza - CE.
23065672;ATENEU DO CEARA COLEGIO;-3.83260100;-38.50239000;fundamental_ii;privada;ativa;geral;nao;RUA COLETOR ANTONIO GADELHA, 621 MESSEJANA. 60871-055 Fortaleza - CE.
23243163;ATENEU DO CEARA COLEGIO;-3.80134870;-38.55257850;infantil|fundamental_i|fundamental_ii;privada;ativa;geral;nao;AVENIDA BERNARDO MANUEL, 9360 PARQUE DOIS IRMAOS. 60761-282 Fortaleza - CE.
23235950;AUXILIADORA NOSSA SENHORA ESCOLA;-3.73446870;-38.53659870;infantil|fundamental_i|fundamental_ii;privada;ativa;geral;nao;AVENIDA IMPERADOR, 1490 CENTRO. 60015-051 Fortaleza - CE.
23247045;AVANCAR CRECHE ESCOLA LTDA;-3.80199850;-38.52923020;infantil|fundamental_i;privada;ativa;geral;nao;AVENIDA DOUTOR SILAS MUNGUBA, 5455 PASSARE. 60743-762 Fortaleza - CE.
23262974;BARBARA DE ALENCAR COLEGIO;-3.84220300;-38.56577000;infantil|fundamental_i|fundamental_ii;privada;ativa;geral;nao;RUA CAXIAS, 43 PLANALTO AYRTON SENNA. 60766-750 Fortaleza - CE.
23183705;BASICO EDUC INFANTIL JAR DAS OLIVEIRAS;-3.77471700;-38.50062000;fundamental_i;privada;ativa;geral;nao;RUA FRANCISCO DAS CHAGAS MENDES, 347 ENGENHEIRO LUCIANO CAVALCANTE. 60811-245 Fortaleza - CE.
23232242;BATISTA SANTOS DUMONT - COLEGIO ANEXO I;-3.77532100;-38.47714000;infantil|fundamental_i|fundamental_ii;privada;ativa;geral;nao;RUA HIL DE MORAES, 124 EDSON QUEIROZ. 60811-760 Fortaleza - CE.
23065893;BATISTA SANTOS DUMONT COL;-3.73870040;-38.49545340;infantil|fundamental_i|fundamental_ii;privada;ativa;geral;nao;RUA DESEMBARGADOR LEITE ALBUQUERQUE, 1056 ALDEOTA. 60150-150 Fortaleza - CE.
23462434;BATISTA SANTOS DUMONT COLEGIO UNIDADE VARJOTA;-3.73039500;-38.48762000;infantil|fundamental_i;privada;ativa;geral;nao;AVENIDA ANTONIO JUSTA, 3790 MEIRELES. 60165-090 Fortaleza - CE.
23066040;BEZERRA DE MENEZES COLEGIO DR;-3.72916910;-38.58174710;fundamental_i|fundamental_ii;privada;ativa;geral;nao;RUA RIO TOCANTINS, 1560 JARDIM IRACEMA. 60340-110 Fortaleza - CE.
23066083;BOM JESUS ESCOLA DE ENSINO FUNDAMENTAL CIRCULI STA;-3.76412534;-38.51635925;infantil|fundamental_i|fundamental_ii;privada;ativa;geral;nao;RUA JOSE BUSON, 101 ALTO DA BALANCA. 60851-170 Fortaleza - CE.
23266333;BRASIL COLEGIO;-3.75976400;-38.58767000;fundamental_ii;privada;ativa;geral;nao;RUA ARACAJU, 826 HENRIQUE JORGE. 60521-095 Fortaleza - CE.
23243333;BRINCANDO E APRENDENDO;-3.70289300;-38.57763000;infantil|fundamental_i;privada;ativa;geral;nao;RUA CAUBI, 610 BARRA DO CEARA. 60331-100 Fortaleza - CE.
23353627;BRINCANDO E APRENDENDO ESCOLA;-3.70564800;-38.56191000;infantil|fundamental_i;privada;ativa;geral;nao;AVENIDA DOUTOR THEMBERGE, 19 CRISTO REDENTOR. 60335-480 Fortaleza - CE.
23367636;BRINCANDO E APRENDENDO ESCOLA;-3.73293600;-38.47868000;infantil|fundamental_i;privada;ativa;geral;nao;RUA FAUSTO CABRAL, 885 PAPICU. 60175-415 Fortaleza - CE.
23226293;BRINCAR DE VIVER CENTRO PEDAGOGICO;-3.75383420;-38.56335910;infantil|fundamental_i;privada;ativa;geral;nao;RUA AMAZONAS, 726 BELA VISTA. 60441-685 Fortaleza - CE.
23076909;CAEE-RECANTO PSICOPEDAGOGICO;-3.73880590;-38.47498050;;privada;ativa;sem_escolarizacao;sim;RUA ARI BARROSO, 55 PAPICU. 60175-705 Fortaleza - CE.
23186224;CAIC RAIMUNDO GOMES DE CARVALHO;-3.75336200;-38.59515000;;estadual;ativa;geral;nao;RUA PROFESSOR EDGAR DE RRUDA, 1683 DOM LUSTOSA. 60510-350 Fortaleza - CE.
23564601;CAMINHARTE I CRECHE ESCOLA;-3.76478640;-38.55457240;infantil|fundamental_i;privada;ativa;geral;nao;RUA ROMEU MARTINS, 433 MONTESE. 60420-720 Fortaleza - CE.
23564580;CAMINHARTE II CRECHE ESCOLA;-3.77242000;-38.58954160;infantil;privada;ativa;geral;nao;RUA DIOGO CORREIA, 217 JOAO XXIII. 60525-580 Fortaleza - CE.
23224568;CAMPELO CENTRO EDUC VOVO;-3.84424900;-38.49660000;infantil|fundamental_i;privada;ativa;geral;nao;RUA LUIZ ALVES TOMAZ, 145 PARQUE SANTA MARIA. 60873-025 Fortaleza - CE.
23243520;CASA DA TIA LEA ESCOLA CRECHE;-3.75826700;-38.48579000;infantil|fundamental_i;privada;ativa;geral;nao;AVENIDA WASHINGTON SOARES, 610 ENGENHEIRO LUCIANO CAVALCANTE. 60810-350 Fortaleza - CE.
23316411;CASA DE CRIANCA ESCOLA CRECHE LTDA;-3.74908950;-38.50555550;infantil|fundamental_i;privada;ativa;geral;nao;RUA JOAQUIM NABUCO, 2725 DIONISIO TORRES. 60125-121 Fortaleza - CE.
23185783;CASTELINHO VERMELHO ESC CRECHE;-3.72488500;-38.53948000;infantil|fundamental_i;privada;ativa;geral;nao;RUA DOM JERONIMO, 123 FARIAS BRITO. 60011-170 Fortaleza - CE.
23066644;CASTRO ALVES COLEGIO;-3.81788670;-38.60044260;infantil|fundamental_i|fundamental_ii;privada;ativa;geral;nao;RUA TULIPA NEGRA, 2319 PROX. CONEGO DE CAST. PARQUE SANTA ROSA. 60763-005 Fortaleza - CE.
23258772;CASULO INSTITUTO MONTESSORI BILINGUE;-3.80885100;-38.46095000;infantil|fundamental_ii;privada;ativa;geral;nao;RUA LAURA BEZERRA, 85 LAGOA REDONDA. 60832-820 Fortaleza - CE.
23252324;CECILIA MEIRELES COLEGIO;-3.72377070;-38.53989380;infantil|fundamental_i|fundamental_ii;privada;ativa;geral;nao;RUA 151 CONJ CEARA II, 98 1ª ETAPA. CONJUNTO CEARA II. 60533-615 Fortaleza - CE.
23064706;CEJA ADELINO ALCANTARA FILHO;-3.76506770;-38.60280140;;estadual;ativa;geral;nao;RUA 612, SN ETAPA I. CONJUNTO CEARA I. 60531-560 Fortaleza - CE.
23225262;CEJA JOSE WALTER;-3.83459010;-38.55821110;;estadual;ativa;geral;nao;AV L, SN 2 ETAPA. JOSE WALTER. 60750-110 Fortaleza - CE.
23236582;CEJA MILTON CUNHA;-3.83227562;-38.49459536;;estadual;ativa;geral;nao;RUA EDUARDO PORTO, 42 MESSEJANA. 60842-050 Fortaleza - CE.
23070919;CEJA MONSENHOR HELIO CAMPOS;-3.70552800;-38.56501190;;estadual;ativa;geral;nao;AV MONSENHOR HELIO CAMPOS, 251 CRISTO REDENTOR. 60336-800 Fortaleza - CE.
23227885;CEJA PAULO FREIRE;-3.73245660;-38.56491280;;estadual;ativa;geral;nao;AV OLAVO BILAC, 1300 SAO GERARDO. 60320-000 Fortaleza - CE.
23066920;CEJA PROFESSOR GILMAR MAIA DE SOUSA;-3.72507167;-38.53560000;;estadual;ativa;geral;nao;RUA ESTEFANIA SALGADO, 80 CENTRO. 60015-070 Fortaleza - CE.
23188510;CEJA PROFESSOR JOSE NEUDSON BRAGA;-3.73949500;-38.53914000;;estadual;ativa;geral;nao;AV CARAPINIMA, 2137 BENFICA. 60015-290 Fortaleza - CE.
23225653;CEJA PROFESSOR MOREIRA CAMPOS;-3.77856400;-38.57236739;;estadual;ativa;geral;nao;RUA JULIO BRAGA, 101 B. PARANGABA. 60720-640 Fortaleza - CE.
23234105;CEJA PROFESSORA MARIA EUDES VERAS;-3.73639050;-38.58463790;;estadual;ativa;geral;nao;AV DEMETRIO MENEZES, 130 ANTONIO BEZERRA. 60356-552 Fortaleza - CE.
23211962;CELIA BARROSO EDUCANDARIO;-3.78714300;-38.62863000;infantil|fundamental_i|fundamental_ii;privada;ativa;geral;nao;RUA NOVA CONQUISTA, 3899 CASA 1201. GRANJA LISBOA. 60540-234 Fortaleza - CE.
23263954;CEMI COLEGIO;-3.83631000;-38.57583667;fundamental_i|fundamental_ii;privada;ativa;geral;nao;RUA MONSENHOR VICENTE MARTINS, 1285 JOAO XXIII. 60525-564 Fortaleza - CE.
23235748;CENTEC INSTITUTO CENTRO DE ENSINO TECNOLOGICO;-3.74201280;-38.52917500;;privada;paralisada;geral;nao;RUA SILVA JARDIM, 515 JOSE BONIFACIO. 60040-260 Fortaleza - CE.
23270233;CENTRO DE EDUCACAO APOENA;-3.73439200;-38.53761000;;privada;ativa;geral;nao;RUA DOUTOR JOSE VITOR, 85 FATIMA. 60040-630 Fortaleza - CE.
23252561;CENTRO DE ENSINO GRAU TECNICO UNIDADE MONTESE;-3.76783090;-38.55289640;;privada;ativa;geral;nao;RUA BARAO DE SOBRAL, 712 MONTESE. 60420-775 Fortaleza - CE.
23251620;CENTRO DE ENSINO TECNICO E SUPERIOR LTDA;-3.73196800;-38.53457000;;privada;ativa;geral;nao;AVENIDA TRISTAO GONCALVES, 1177 CENTRO. 60015-000 Fortaleza - CE.
23244330;CENTRO DE ESTUDOS E PESQUISAS EM ELETRONICA PROF ISSIONAL E INFORMATICA LTDA - CEPEP BENFICA;-3.74387400;-38.54122000;;privada;ativa;geral;nao;AVENIDA DA UNIVERSIDADE, 3228 BENFICA. 60020-181 Fortaleza - CE.
23263245;CENTRO DE FORMACAO PROFISSIONAL JESSE PINTO FREIRE;-3.73269720;-38.53453700;;privada;ativa;geral;nao;AVENIDA TRISTAO GONCALVES, 1245 CENTRO. 60015-002 Fortaleza - CE.
23252820;CENTRO DE FORMACAO PROFISSIONAL RATIO - CFPR;-3.75254600;-38.50636000;;privada;paralisada;geral;nao;RUA ISAC AMARAL, 420 SAO JOAO DO TAUAPE. 60130-304 Fortaleza - CE.
23259876;CENTRO DE INTEGRACAO DE EDUCACAO DE JOVENS E ADULTOS;-3.72272550;-38.53295190;;privada;ativa;geral;nao;AVENIDA IMPERADOR, 195 CENTRO. 60015-060 Fortaleza - CE.
23251433;CENTRO DE INTEGRACAO PSICOSSOCIAL DO CEARA;-3.74709100;-38.45450000;;privada;ativa;sem_escolarizacao;sim;RUA OLIVEIRA FILHO, 3320 ANTONIO DIOGO. 60183-675 Fortaleza - CE.
23493992;CENTRO EDUCACIONAL BRAGA GUERRA;-3.82475938;-38.56490496;infantil|fundamental_i|fundamental_ii;privada;ativa;geral;nao;RUA MANGABA, 414 MONDUBIM. 60762-515 Fortaleza - CE.
23066423;CENTRO EDUCACIONAL CARMELIA BASTOS;-3.73997700;-38.51304000;infantil|fundamental_i;privada;ativa;geral;nao;RUA CARLOS VASCONCELOS, 2055 ALDEOTA. 60115-171 Fortaleza - CE.
23071931;CENTRO EDUCACIONAL DA JUVENTUDE PADRE JOAO PIAMARTA;-3.75922880;-38.52266880;fundamental_i|fundamental_ii;privada;ativa;geral;nao;AVENIDA AGUANAMBI, 2479 AEROPORTO. 60415-390 Fortaleza - CE.
23070234;CENTRO EDUCACIONAL FERNAO DIAS;-3.75526700;-38.58766000;fundamental_i|fundamental_ii;privada;ativa;geral;nao;RUA SANTA FILOMENA, 24 DOM LUSTOSA. 60526-105 Fortaleza - CE.
23271680;CENTRO EDUCACIONAL FILHOS DA SABEDORIA;-3.78484250;-38.62245190;infantil|fundamental_i|fundamental_ii;privada;ativa;geral;nao;RUA OSCAR FRANCA, 3463 GRANJA LISBOA. 60540-374 Fortaleza - CE.
23214309;CENTRO EDUCACIONAL GIRASSOL;-3.71320400;-38.59502000;infantil|fundamental_i;privada;ativa;geral;nao;AVENIDA BENU MARCONDES, 81 CONJ. NOVA ASSUNCAO. VILA VELHA. 60347-500 Fortaleza - CE.
23243465;CENTRO EDUCACIONAL MOREIRA LIMA;-3.84246900;-38.52992000;infantil|fundamental_i;privada;ativa;geral;nao;RUA ALCIDES GERARDI, 1280 CONJUNTO PALMEIRAS. 60870-200 Fortaleza - CE.
23185570;CENTRO EDUCACIONAL PADRAO SC LTDA;-3.83360300;-38.50029000;;privada;ativa;geral;nao;RUA SANTA EFIGENIA, 131 MESSEJANA. 60871-015 Fortaleza - CE.
23225580;CENTRO EDUCACIONAL PEQUENO BRASIL;-3.71344200;-38.58686000;infantil|fundamental_i;privada;ativa;geral;nao;RUA JANDIRA, 740 BARRA DO CEARA. 60330-460 Fortaleza - CE.
23070080;CENTRO EDUCACIONAL SAO FRANCISCO;-3.70893700;-38.57494790;fundamental_i;privada;ativa;geral;nao;RUA MARCILIO DIAS, 708 PIRAMBU. 60310-750 Fortaleza - CE.
23069147;CENTRO EDUCACIONAL SAO JOSE;-3.76907040;-38.54896820;infantil|fundamental_i;privada;ativa;geral;nao;RUA BOA NOITE, 149 MONTESE. 60421-570 Fortaleza - CE.
23212284;CENTRO EDUCACIONAL SAO MATEUS;-3.72635500;-38.56220000;infantil|fundamental_i|fundamental_ii;privada;ativa;geral;nao;AVENIDA SARGENTO HERMINIO SAMPAIO, 2440 PROXIMO A MECESA. MONTE CASTELO. 60326-500 Fortaleza - CE.
23074442;CENTRO ESTUDANTIL VIDA NOVA;-3.79871690;-38.58816330;infantil|fundamental_i;privada;ativa;geral;nao;RUA COMENDADOR GARCIA, 1817 PARQUE SAO JOSE. 60730-235 Fortaleza - CE.
23252081;CENTRO INTEGRADO DO SABER;-3.72973600;-38.56543000;infantil|fundamental_i;privada;ativa;geral;nao;RUA MARGARIDA MARIA, 1009 PRESIDENTE KENNEDY. 60355-501 Fortaleza - CE.
23323213;CENTRO PEDAGOGICO ESPACO DO SABER;-3.76132300;-38.60038000;infantil|fundamental_i;privada;ativa;geral;nao;RUA HUMAITA, 618 PARQUE GENIBAU. 60534-050 Fortaleza - CE.
23067055;CHAPEUZINHO VERMELHO ESC;-3.80034600;-38.59559000;infantil|fundamental_i;privada;ativa;geral;nao;RUA SAO FELIPE, 1151 CANINDEZINHO. 60731-020 Fortaleza - CE.
23246880;CHRISTUS COLEGIO PRE UNIVERSITARIO;-3.80976230;-38.47429390;;privada;ativa;geral;nao;AVENIDA ENGENHEIRO LEAL LIMA VERDE, 2295 JOSE DE ALENCAR. 60830-055 Fortaleza - CE.
23076046;CIENTISTA COLEGIO;-3.70894080;-38.59533370;infantil|fundamental_i|fundamental_ii;privada;ativa;geral;nao;RUA 31, 340 CONJUNTO POLAR. VILA VELHA. 60347-650 Fortaleza - CE.
23291613;CLAREAR COLEGIO;-3.80285900;-38.60541000;infantil|fundamental_i|fundamental_ii;privada;ativa;geral;nao;RUA GUAIRA, 360 BOM JARDIM. 60731-660 Fortaleza - CE.
23226560;COLEGIO 25 DE DEZEMBRO;-3.73449700;-38.57613000;infantil|fundamental_i|fundamental_ii;privada;ativa;geral;nao;RUA JOAQUIM ALBANO, 67 PADRE ANDRADE. 60356-342 Fortaleza - CE.
23077549;COLEGIO 7 DE SETEMBRO;-3.73261850;-38.53622950;infantil|fundamental_i|fundamental_ii;privada;ativa;geral;nao;AVENIDA IMPERADOR, 1330 FARIAS BRITO. 60015-052 Fortaleza - CE.
23077557;COLEGIO 7 DE SETEMBRO;-3.74832640;-38.49116460;infantil|fundamental_i|fundamental_ii;privada;ativa;geral;nao;RUA HENRIQUETA GALENO, 1011 DIONISIO TORRES. 60135-420 Fortaleza - CE.
23064722;COLEGIO ADM;-3.76326100;-38.48340000;infantil|fundamental_i|fundamental_ii;privada;ativa;geral;nao;RUA FIRMINO ROCHA AGUIAR, 600 PATRIOLINO RIBEIRO. 60810-165 Fortaleza - CE.
23235497;COLEGIO AFONSO ANDRADE;-3.74036960;-38.58532640;infantil|fundamental_i|fundamental_ii;privada;ativa;geral;nao;RUA CORONEL MATOS DOURADO, 168 ANTONIO BEZERRA. 60360-590 Fortaleza - CE.
23248157;COLEGIO ANTARES - ATS;-3.74401230;-38.50003950;fundamental_i|fundamental_ii;privada;ativa;geral;nao;RUA BARBOSA DE FREITAS, 2058 DIONISIO TORRES. 60170-020 Fortaleza - CE.
23245980;COLEGIO ANTARES ATS;-3.73481790;-38.47089170;infantil|fundamental_i|fundamental_ii;privada;ativa;geral;nao;RUA PROFESSOR OCELO PINHEIRO, 101 VICENTE PINZON. 60181-235 Fortaleza - CE.
23269340;COLEGIO ANTARES ATS;-3.79251180;-38.47123670;infantil|fundamental_i;privada;ativa;geral;nao;AVENIDA PRESIDENTE ARTUR BERNARDES, 2451 SAPIRANGA. 60833-201 Fortaleza - CE.
23545208;COLEGIO ANTARES ATS;-3.73868470;-38.48923230;fundamental_i|fundamental_ii;privada;ativa;geral;nao;AVENIDA SANTOS DUMONT, 3777 ALDEOTA. 60150-162 Fortaleza - CE.
23271469;COLEGIO ATENEU;-3.83661800;-38.48503800;infantil|fundamental_i|fundamental_ii;privada;ativa;geral;nao;RUA GURGEL DO AMARAL, 1270 MESSEJANA. 60871-170 Fortaleza - CE.
23074477;COLEGIO ATENEU - MONTESE;-3.77068790;-38.55373050;infantil|fundamental_i|fundamental_ii;privada;ativa;geral;nao;DOM CARLOTO TAVORA, 701 RUA. ITAOCA. 60421-070 Fortaleza - CE.
23245905;COLEGIO BATISTA ELOAH;-3.82074400;-38.51118000;infantil|fundamental_i;privada;ativa;geral;nao;RUA PARAISO, 600 A. BARROSO. 60863-030 Fortaleza - CE.
23265272;COLEGIO BATISTA SANTOS DUMONT - SEIS BOCAS;-3.79940380;-38.48124790;infantil|fundamental_i;privada;ativa;geral;nao;RUA DOUTOR WALDEMAR DE ALCANTARA, 200 SEIS BOCAS. 60833-241 Fortaleza - CE.
23252715;COLEGIO CEARENSE TOTAL;-3.81539520;-38.58824280;infantil|fundamental_i|fundamental_ii;privada;ativa;geral;nao;AVENIDA D, 85 CONJUNTO ESPERANCA. 60763-470 Fortaleza - CE.
23067071;COLEGIO CHRISTUS BARAO DE STUDART;-3.73833120;-38.50727250;infantil|fundamental_i|fundamental_ii;privada;ativa;geral;nao;RUA JOAO CARVALHO, 630 ALDEOTA. 60140-140 Fortaleza - CE.
23491035;COLEGIO CHRISTUS DIONISIO TORRES;-3.74977500;-38.49576510;infantil|fundamental_i|fundamental_ii;privada;ativa;geral;nao;RUA ISRAEL BEZERRA, 630 DIONISIO TORRES. 60135-460 Fortaleza - CE.
23498994;COLEGIO CHRISTUS UNIDADE PARQUELANDIA;-3.74767670;-38.56193970;infantil|fundamental_i|fundamental_ii;privada;ativa;geral;nao;RUA HUMBERTO MONTE, 1355 PARQUELANDIA. 60442-611 Fortaleza - CE.
23462442;COLEGIO CHRISTUS UNIDADE SUL;-3.80847150;-38.47376330;infantil|fundamental_i|fundamental_ii;privada;ativa;geral;nao;AVENIDA ENGENHEIRO LEAL LIMA VERDE, 2265 EDSON QUEIROZ. 60834-385 Fortaleza - CE.
23067080;COLEGIO CICERO NOGUEIRA;-3.71478100;-38.59412000;infantil|fundamental_i|fundamental_ii;privada;ativa;geral;nao;RUA DOUTOR GOIS FERREIRA, 668 VILA VELHA. 60347-160 Fortaleza - CE.
23064650;COLEGIO CIVICO MILITAR ACADEMOS;-3.72899140;-38.51627670;infantil|fundamental_i|fundamental_ii;privada;ativa;geral;nao;RUA COSTA BARROS, ALDEOTA. 60160-280 Fortaleza - CE.
23277459;COLEGIO CRIANCA FELIZ;-3.81493916;-38.54059763;infantil|fundamental_i|fundamental_ii;privada;ativa;geral;nao;RUA MOURA MATOS, 1305 PASSARE. 60861-350 Fortaleza - CE.
23199385;COLEGIO CRISTAO ELOHIM;-3.72388800;-38.47910000;fundamental_i|fundamental_ii;privada;ativa;geral;nao;RUA DO TRABALHO, 27 MUCURIPE. 60175-570 Fortaleza - CE.
23071133;COLEGIO DA IMACULADA CONCEICAO;-3.72771800;-38.52274610;infantil|fundamental_i|fundamental_ii;privada;ativa;geral;nao;AV SANTOS DUMONT, 55 CENTRO. 60150-330 Fortaleza - CE.
23198710;COLEGIO DA POLICIA MILITAR DO CEARA GENERAL EDGARD FACO;-3.73845181;-38.57874772;fundamental_i|fundamental_ii;estadual;ativa;geral;nao;AV MISTER HULL, 3835 ANTONIO BEZERRA. 60356-001 Fortaleza - CE.
23245468;COLEGIO DE ENSINO MEDIO JOSE DE ALENCAR SC LTDA;-3.74739600;-38.59097000;;privada;ativa;geral;nao;DR. MANOEL SOARES, 196 ANTONIO BEZERRA. 60360-050 Fortaleza - CE.
23067845;COLEGIO DEOCLECIO FERRO;-3.74000340;-38.54735230;fundamental_i|fundamental_ii;privada;ativa;geral;nao;RUA MINERVINO DE CASTRO, 987 RODOLFO TEOFILO. 60430-620 Fortaleza - CE.
23212276;COLEGIO DOM FELIPE;-3.72555880;-38.59525560;fundamental_i|fundamental_ii;privada;ativa;geral;nao;AVENIDA INDEPENDENCIA, 1652 QUINTINO CUNHA. 60345-664 Fortaleza - CE.
23268093;COLEGIO DOM FELIPE;-3.72746030;-38.59435950;infantil|fundamental_i;privada;ativa;geral;nao;RUA FRANCISCO MENDES DE OLIVEIRA, 183 OLAVO OLIVEIRA. 60351-250 Fortaleza - CE.
23268506;COLEGIO DOM FELIPE;-3.72671700;-38.59465540;;privada;ativa;geral;nao;RUA FRANCISCO MENDES DE OLIVEIRA, OLAVO OLIVEIRA. 60351-250 Fortaleza - CE.
23227630;COLEGIO EDUCARTE;-3.72303600;-38.55623000;infantil|fundamental_i|fundamental_ii;privada;ativa;geral;nao;RUA NATURALISTA FEIJO, 462 MONTE CASTELO. 60326-220 Fortaleza - CE.
23226048;COLEGIO EMANUEL;-3.74932560;-38.55417500;infantil|fundamental_i;privada;ativa;geral;nao;RUA GUSTAVO BRAGA, 278 RODOLFO TEOFILO. 60430-120 Fortaleza - CE.
23395630;COLEGIO ESPACO ABERTO;-3.74622280;-38.47383420;infantil|fundamental_i|fundamental_ii;privada;ativa;geral;nao;RUA BENTO ALBUQUERQUE, 1671 COCO. 60192-055 Fortaleza - CE.
23073039;COLEGIO ESTADUAL LICEU DO CEARA - EEMTI;-3.72416220;-38.54105850;;estadual;ativa;geral;nao;PRACA GUSTAVO BARROSO, SN JACARECANGA. 60010-700 Fortaleza - CE.
23275600;COLEGIO EVOLUIR;-3.73452700;-38.58956000;infantil|fundamental_i|fundamental_ii;privada;ativa;geral;nao;RUA CANDIDO MAIA, 109 ANTONIO BEZERRA. 60356-830 Fortaleza - CE.
23266066;COLEGIO FONTE LUMINOSA;-3.79134020;-38.54258500;infantil|fundamental_i;privada;ativa;geral;nao;RUA DOUTOR PEDRO WILSON, 474 ITAPERI. 60714-410 Fortaleza - CE.
23276002;COLEGIO GLOBOMAX;-3.78934200;-38.48889000;infantil|fundamental_i|fundamental_ii;privada;ativa;geral;nao;RUA GENERAL CAIADO DE CASTRO, 156 ENGENHEIRO LUCIANO CAVALCANTE. 60813-795 Fortaleza - CE.
23298812;COLEGIO IMPACTO LTDA;-3.78673900;-38.62850000;infantil|fundamental_i|fundamental_ii;privada;ativa;geral;nao;RUA NOVA CONQUISTA, 3892 GRANJA LISBOA. 60540-232 Fortaleza - CE.
23245883;COLEGIO INDEPENDENCIA;-3.72614400;-38.59275000;infantil|fundamental_i|fundamental_ii;privada;ativa;geral;nao;AVENIDA INDEPENDENCIA, 1362 QUINTINO CUNHA. 60346-256 Fortaleza - CE.
23234113;COLEGIO INTELECTO;-3.78844240;-38.57734740;infantil|fundamental_i|fundamental_ii;privada;ativa;geral;nao;RUA DOM XISTO ALBANO, 217 VILA PERI. 60730-165 Fortaleza - CE.
23277467;COLEGIO INTELECTO;-3.78838112;-38.57740497;;privada;ativa;geral;nao;RUA DOM XISTO ALBANO, 217 VILA PERI. 60730-165 Fortaleza - CE.
23268174;COLEGIO JULYA MEDEIROS;-3.71369940;-38.60301270;infantil|fundamental_i|fundamental_ii;privada;ativa;geral;nao;RUA BETA, 301 VILA VELHA II BARRA DO CEARA. 60349-130 Fortaleza - CE.
23186240;COLEGIO KENNEDY EDUCACAO - LTDA;-3.72623600;-38.47746000;infantil;privada;ativa;geral;nao;RUA LUIS TIBURCIO, 104 MUCURIPE. 60175-551 Fortaleza - CE.
23272341;COLEGIO KENNEDY PAPICU - LTDA;-3.72914740;-38.47818450;fundamental_i|fundamental_ii;privada;ativa;geral;nao;AVENIDA ENGENHEIRO SANTANA JUNIOR, 58 PAPICU. 60175-652 Fortaleza - CE.
23235900;COLEGIO LOURENCO FILHO - PARANGABA;-3.77900083;-38.56822279;infantil|fundamental_i|fundamental_ii;privada;ativa;geral;nao;RUA CONEGO DE CASTRO, 700 PARANGABA. 60720-096 Fortaleza - CE.
23073209;COLEGIO LOURENCO FILHO CENTRAL;-3.73630370;-38.53130720;infantil|fundamental_i|fundamental_ii;privada;ativa;geral;nao;RUA BARAO DO RIO BRANCO, 2101 JOSE BONIFACIO. 60025-061 Fortaleza - CE.
23251867;COLEGIO MAJESTIC;-3.80746800;-38.56984000;infantil|fundamental_i;privada;ativa;geral;nao;RUA CASTRO MEIRELES, 325 MONDUBIM. 60711-475 Fortaleza - CE.
23259027;COLEGIO MANOEL ANACLETO;-3.79286374;-38.61565484;infantil|fundamental_i|fundamental_ii;privada;ativa;geral;nao;RUA MANUEL GALDINO, 2443 GRANJA LISBOA. 60540-125 Fortaleza - CE.
23246057;COLEGIO MANOEL COSTA;-3.76404700;-38.55435000;infantil|fundamental_i;privada;ativa;geral;nao;RUA CORONEL ALEXANDRINO, 400 MONTESE. 60420-700 Fortaleza - CE.
23235624;COLEGIO MANUEL DA SILVA;-3.71497030;-38.57270190;infantil|fundamental_i|fundamental_ii;privada;ativa;geral;nao;RUA FRANCISCO CALACA, 1527 ALVARO WEYNE. 60336-045 Fortaleza - CE.
23186844;COLEGIO MARIA ALICE;-3.71205900;-38.55939000;infantil|fundamental_i|fundamental_ii;privada;ativa;geral;nao;AVENIDA PASTEUR, 700 ALVARO WEYNE. 60335-000 Fortaleza - CE.
23258799;COLEGIO MARIA ESTER 3;-3.79675280;-38.54363060;infantil|fundamental_i;privada;ativa;geral;nao;RUA 9, 193 CONJUNTO MIRASSOL. PARQUE DOIS IRMAOS. 60743-290 Fortaleza - CE.
23071982;COLEGIO MARIA MONTFORT;-3.73947700;-38.54606000;infantil|fundamental_i|fundamental_ii;privada;ativa;geral;nao;RUA PROFESSOR JOAO BOSCO, 213 RODOLFO TEOFILO. 60430-690 Fortaleza - CE.
23074094;COLEGIO MARINHEIRO POPEYE;-3.77677950;-38.62033570;infantil|fundamental_i|fundamental_ii;privada;ativa;geral;nao;RUA 926, 328 4º ETAPA. CONJUNTO CEARA. 60532-590 Fortaleza - CE.
23075600;COLEGIO MAURO BEZERRA;-3.77004000;-38.51444000;infantil|fundamental_i|fundamental_ii;privada;ativa;geral;nao;RUA BRIGADEIRO VILELA, 221 AEROLANDIA. 60850-780 Fortaleza - CE.
23210710;COLEGIO MILITAR DE FORTALEZA;-3.72927100;-38.51768000;fundamental_ii;federal;ativa;geral;nao;AVENIDA SANTOS DUMONT, 485 ALDEOTA. 60150-160 Fortaleza - CE.
23215534;COLEGIO MILITAR DO CORPO DE BOMBEIROS ESCRITORA RACHEL DE QUEIROZ;-3.72157850;-38.54525180;fundamental_i|fundamental_ii;estadual;ativa;geral;nao;RUA ADRIANO MARTINS, 436 JACARECANGA. 60010-590 Fortaleza - CE.
23232404;COLEGIO MOZAR ANSELMO;-3.84955100;-38.48390990;infantil|fundamental_i|fundamental_ii;privada;ativa;geral;nao;RUA ADOLFO MARINHO, 358 PAUPINA. 60872-468 Fortaleza - CE.
23244313;COLEGIO MULTIVERSO MESSEJANA;-3.83226400;-38.48780000;infantil|fundamental_i|fundamental_ii;privada;ativa;geral;nao;RUA DIONISIO ALENCAR FILHO, 339 MESSEJANA. 60840-450 Fortaleza - CE.
23244453;COLEGIO NOVO CAMINHO;-3.72081370;-38.47487090;infantil|fundamental_i;privada;ativa;geral;nao;RUA PEDRO TOLEDO, 147 CAIS DO PORTO. 60180-660 Fortaleza - CE.
23520981;COLEGIO NOVOS SABERES;-3.77457000;-38.52765000;infantil|fundamental_i;privada;ativa;geral;nao;RUA DEOCLECIANO CAVALCANTE, 126 AEROPORTO. 60422-690 Fortaleza - CE.
23071958;COLEGIO PADRE JOAO PIAMARTA;-3.75770540;-38.54100960;infantil|fundamental_i|fundamental_ii;privada;ativa;geral;nao;RUA PADRE JOAO PIAMARTA, 161 MONTESE. 60410-315 Fortaleza - CE.
23064803;COLEGIO PROFESSORA JEMINA GOIS SS LTDA ME;-3.75683460;-38.56855410;fundamental_i|fundamental_ii;privada;ativa;geral;nao;RUA GUANABARA, 627 DEMOCRITO ROCHA. 60440-135 Fortaleza - CE.
23243651;COLEGIO RAIO DE LUZ;-3.78283400;-38.56777000;infantil|fundamental_i|fundamental_ii;privada;ativa;geral;nao;RUA ARARIBOIA, 192 PARANGABA. 60710-140 Fortaleza - CE.
23066814;COLEGIO SANTA CECILIA;-3.74413800;-38.49576000;infantil|fundamental_i|fundamental_ii;privada;ativa;geral;nao;AVENIDA SENADOR VIRGILIO TAVORA, 2000 ALDEOTA. 60170-251 Fortaleza - CE.
23071141;COLEGIO SANTO INACIO;-3.74647220;-38.50134780;infantil|fundamental_i|fundamental_ii;privada;ativa;geral;nao;DESEMBARGADOR MOREIRA, 2355 SALA 34. DIONISIO TORRES. 60170-173 Fortaleza - CE.
23245794;COLEGIO SIMOES GONCALVES;-3.74124750;-38.54896660;infantil|fundamental_i;privada;ativa;geral;nao;RUA JOSE MARTINS, 933 BOM JARDIM. 60543-458 Fortaleza - CE.
23212020;COLEGIO TELES;-3.81421800;-38.52992000;infantil|fundamental_i|fundamental_ii;privada;ativa;geral;nao;AVENIDA JUSCELINO KUBITSCHEK, 3653 PASSARE. 60861-635 Fortaleza - CE.
23232676;COLEGIO TORRES VASCONCELOS;-3.82959600;-38.52282000;fundamental_i|fundamental_ii;privada;ativa;geral;nao;RUA 107, 77 JANGURUSSU. 60866-170 Fortaleza - CE.
23252464;COLEGIO VENCER;-3.80178900;-38.60376000;infantil|fundamental_i|fundamental_ii;privada;ativa;geral;nao;RUA JARDIM PAROARA, 1108 SIQUEIRA. 60731-748 Fortaleza - CE.
23244445;COLEGIO XV DE OUTUBRO;-3.72178400;-38.58892000;fundamental_i;privada;ativa;geral;nao;RUA CREUZA ROCHA, 39 JARDIM GUANABARA. 60346-352 Fortaleza - CE.
23272503;CONCEICAO EDUCANDARIO N S;-3.82253513;-38.49140449;infantil|fundamental_i;privada;ativa;geral;nao;RUA TENENTE JOSE NEWTON, 27 MESSEJANA. 60841-250 Fortaleza - CE.
23243546;CONECTIVO COLEGIO;-3.80818840;-38.56963760;infantil|fundamental_i|fundamental_ii;privada;ativa;geral;nao;RUA GENERAL ONOFRE, 445 MONDUBIM. 60762-170 Fortaleza - CE.
23212098;CONQUISTA DIARIA CENTRO EDUCACIONAL;-3.82162420;-38.53102210;infantil|fundamental_i|fundamental_ii;privada;ativa;geral;nao;RUA 3, 240 CONJ. JD.CASTELAO. PASSARE. 60862-140 Fortaleza - CE.
23067470;CORA CORALINA COLEGIO;-3.77212400;-38.60470000;infantil|fundamental_i|fundamental_ii;privada;ativa;geral;nao;RUA 729, 360 3ª ETAPA. CONJUNTO CEARA. 60531-760 Fortaleza - CE.
23236701;CORACAO DE CRIANCA CENTRO EDUCACIONAL;-3.75834700;-38.60316000;infantil|fundamental_i;privada;ativa;geral;nao;RUA ANASTACIA BRAGA, 197 GRANJA PORTUGAL. 60534-120 Fortaleza - CE.
23077336;CORACAO DE MARIA INSTITUTO SAGRADO;-3.75518500;-38.57866000;infantil|fundamental_i|fundamental_ii;privada;ativa;geral;nao;TRAVESSA SANTO AMARO DO PICI, 359 PICI. 60511-480 Fortaleza - CE.
23243724;CORINA QUEIROZ COLEGIO;-3.81004000;-38.58187000;infantil|fundamental_i;privada;ativa;geral;nao;RUA ALFREDO MAMEDE, 458 NOVO MONDUBIM. 60763-806 Fortaleza - CE.
23226412;CRECHE ESCOLA TIRADENTES;-3.73521010;-38.53781580;infantil;privada;ativa;geral;nao;RUA GIL AMORA, 1540 FARIAS BRITO. 60015-180 Fortaleza - CE.
23232978;CRIATIVO COLEGIO;-3.78313100;-38.58707000;infantil|fundamental_i|fundamental_ii;privada;ativa;geral;nao;RUA PRIMEIRO DE MAIO, 436 BONSUCESSO. 60541-658 Fortaleza - CE.
23263741;CWD MAXIMUS COLEGIO;-3.73640200;-38.55635000;;privada;ativa;geral;nao;RUA DOM LINO, 301 PARQUELANDIA. 60450-285 Fortaleza - CE.
23073012;DARWIN COLEGIO;-3.72986160;-38.51240730;infantil|fundamental_i|fundamental_ii;privada;ativa;geral;nao;RUA ILDEFONSO ALBANO, 1030 ALDEOTA. 60115-000 Fortaleza - CE.
23067780;DAULIA BRINGEL COLEGIO;-3.79212500;-38.49240500;infantil|fundamental_i|fundamental_ii;privada;ativa;geral;nao;RUA TRAJANO ALVES DE AGUIAR, 55 CIDADE DOS FUNCIONARIOS. 60822-060 Fortaleza - CE.
23272015;DAULIA BRINGEL COLEGIO;-3.79217550;-38.49215390;;privada;ativa;geral;nao;RUA TRAJANO ALVES DE AGUIAR, 55 A. CIDADE DOS FUNCIONARIOS. 60822-060 Fortaleza - CE.
23233036;DESCOBRINDO PARA A VIDA INSTITUTO EDUCACIONAL;-3.75913500;-38.56669000;infantil|fundamental_i|fundamental_ii;privada;ativa;geral;nao;RUA RIO GRANDE DO NORTE, 1050 DEMOCRITO ROCHA. 60440-110 Fortaleza - CE.
23076690;DOM QUINTINO CENTRO DE ESTUDOS;-3.72438011;-38.58969287;fundamental_ii;privada;ativa;geral;nao;RUA CECIL SALGADO, 53 JARDIM GUANABARA. 60346-205 Fortaleza - CE.
23068060;DORIS JOHNSON CENTRO EDUCACIONAL;-3.83418630;-38.56174060;infantil|fundamental_i|fundamental_ii;privada;ativa;geral;nao;AVENIDA BERNARDO MANUEL, 13.285 PREFEITO JOSE WALTER. 60760-000 Fortaleza - CE.
23260009;DOUTOR MIGUEL COUTO ESCOLA;-3.82676320;-38.48650880;infantil|fundamental_i|fundamental_ii;privada;ativa;geral;nao;RUA DUARTE DA COSTA, 509 MESSEJANA. 60841-150 Fortaleza - CE.
23252499;DUQUE DE CAXIAS COLEGIO;-3.78126010;-38.55371800;infantil|fundamental_i|fundamental_ii;privada;ativa;geral;nao;RUA PERU, 1675 PARANGABA. 60740-510 Fortaleza - CE.
23234547;EBENEZER INSTITUTO EDUCACIONAL;-3.79296900;-38.57936000;infantil|fundamental_i|fundamental_ii;privada;ativa;geral;nao;RUA BULGARIA, 190 A. MANUEL SATIRO. 60713-500 Fortaleza - CE.
23068140;ECA DE QUEIROS COLEGIO;-3.79138800;-38.57986000;infantil|fundamental_i|fundamental_ii;privada;ativa;geral;nao;RUA DOM XISTO ALBANO, 611 VILA PERI. 60730-165 Fortaleza - CE.
23070153;EDUCANDARIO FELIPE DOS SANTOS;-3.75825763;-38.59112961;infantil|fundamental_i|fundamental_ii;privada;ativa;geral;nao;RUA TERESINA, 313 HENRIQUE JORGE. 60521-094 Fortaleza - CE.
23258837;EDUCANDARIO LUZ DA SABEDORIA;-3.81210450;-38.55458810;infantil|fundamental_i;privada;ativa;geral;nao;RUA DAS OLIMPIADAS, 238 PARQUE DOIS IRMAOS. 60761-135 Fortaleza - CE.
23273194;EDUCAR CENTRO EDUCACIONAL;-3.83028860;-38.56466200;infantil|fundamental_i;privada;ativa;geral;nao;RUA ANTONIO BARBOSA, 1180 MONDUBIM. 60750-130 Fortaleza - CE.
23272236;EDUCAR COLEGIO;-3.72847700;-38.59834000;infantil|fundamental_i;privada;ativa;geral;nao;AVENIDA MOZART PINHEIRO DE LUCENA, 2713 CIDADE OESTE. QUINTINO CUNHA. 60352-645 Fortaleza - CE.
23271965;EDUCAR ENSINO FUNDAMENTAL LTDA COLEGIO;-3.78626800;-38.52440000;infantil|fundamental_i|fundamental_ii;privada;ativa;geral;nao;RUA CAPITAO JOAO FERREIRA LIMA, 578 DIAS MACEDO. 60860-220 Fortaleza - CE.
23078774;EEEP COMENDADOR MIGUEL GURGEL;-3.83086300;-38.48176000;;estadual;ativa;geral;nao;RUA JOSE BAIMA, 340 PROXIMO AO HOSPITAL. GUAJERU. 60843-220 Fortaleza - CE.
23187956;EEEP DONA CREUSA DO CARMO ROCHA;-3.72555200;-38.55877000;;estadual;ativa;geral;nao;AV SARGENTO HERMINIO, 2006 MONTE CASTELO. 60350-550 Fortaleza - CE.
23323426;EEEP ICARO DE SOUSA MOREIRA;-3.78582500;-38.61052330;;estadual;ativa;geral;nao;RUA JOSE MARTINS, 2246 GRANJA LISBOA. 60540-545 Fortaleza - CE.
23244747;EEEP JAIME ALENCAR DE OLIVEIRA;-3.77449340;-38.49900240;;estadual;ativa;geral;nao;AV ROGACIANO LEITE, 2285 LUCIANAO CAVALCANTE. 60810-475 Fortaleza - CE.
23072024;EEEP JOAQUIM ANTONIO ALBANO;-3.74951120;-38.51020000;;estadual;ativa;geral;nao;RUA JULIO SIQUEIRA, 390 DIONISIO TORRES. 60130-090 Fortaleza - CE.
23068884;EEEP JOAQUIM MOREIRA DE SOUSA;-3.77287720;-38.56384160;;estadual;ativa;geral;nao;RUA CAIO PRADO, 2 PARANGABA. 60720-040 Fortaleza - CE.
23072067;EEEP JOAQUIM NOGUEIRA;-3.73936834;-38.56655153;;estadual;ativa;geral;nao;RUA DR MOREIRA DE SOUSA, 327 QUADRA. PARQUELANDIA. 60450-080 Fortaleza - CE.
23072318;EEEP JOSE DE BARCELOS;-3.83593900;-38.49956000;;estadual;ativa;geral;nao;RUA ANGELICA GURGEL, 362 MESSEJANA. 60871-030 Fortaleza - CE.
23072750;EEEP JUAREZ TAVORA;-3.75187400;-38.53158000;;estadual;ativa;geral;nao;RUA JOAQUIM BASTOS, 747 FATIMA. 60415-040 Fortaleza - CE.
23072792;EEEP JULIA GIFFONI;-3.74843000;-38.58433000;;estadual;ativa;geral;nao;RUA CEL MATOS DOURADO, 1349 PICI. 60511-745 Fortaleza - CE.
23252588;EEEP LEONEL DE MOURA BRIZOLA;-3.80032430;-38.56068960;;estadual;ativa;geral;nao;AV HOLANDA, 1281 JARDIM CEARENSE. 60712-165 Fortaleza - CE.
23252391;EEEP MARIA ANGELA DA SILVEIRA BORGES;-3.72810100;-38.46135860;;estadual;ativa;geral;nao;RUA PINTOR ANTONIO BANDEIRA,, SN PRAIA DO FUTUDO. 60180-476 Fortaleza - CE.
23073683;EEEP MARIA JOSE MEDEIROS;-3.74211070;-38.47368600;;estadual;ativa;geral;nao;RUA DESEMBARGADOR LAURO NOGUEIRA, 1240 PAPICU. 60175-055 Fortaleza - CE.
23323434;EEEP MARIO ALENCAR;-3.85506200;-38.50874000;;estadual;ativa;geral;nao;RUA VERDE 44, 97 CONJ SITIO SAO JOAO. JANGURUSSU. 60876-670 Fortaleza - CE.
23074159;EEEP MARWIN;-3.70542680;-38.56623390;;estadual;ativa;geral;nao;AV MONS HELIO CAMPOS, SN CRISTO REDENTOR. 60336-800 Fortaleza - CE.
23323418;EEEP PAULO PETROLA;-3.70075480;-38.58251430;;estadual;ativa;geral;nao;RUA SALDARIA, SN GOIABEIRAS. BARRA DO CEARA. 60330-320 Fortaleza - CE.
23075864;EEEP PAULO VI;-3.75205410;-38.53911090;;estadual;ativa;geral;nao;RUA JORGE DUMAR, 1841 JARDIM AMERICA. 60410-426 Fortaleza - CE.
23077174;EEEP PRESIDENTE ROOSEVELT;-3.73274000;-38.54865667;;estadual;ativa;geral;nao;AV BEZERRA DE MENEZES, 435 FARIAS BRITO. 60325-000 Fortaleza - CE.
23069074;EEEP PROFESSOR ONELIO PORTO;-3.83442100;-38.55810000;;estadual;ativa;geral;nao;AV E, 471 JOSE WALTER. 60750-040 Fortaleza - CE.
23186399;EEF INSTITUTO DOS CEGOS;-3.73745900;-38.58836000;infantil|fundamental_i|fundamental_ii;estadual;ativa;exclusivo_deficiencia;nao;RUA DR JOAO GUILHERME, 373 ANTONIO BEZERRA. 60356-770 Fortaleza - CE.
23077808;EEFM ALMIRANTE TAMANDARE;-3.83833110;-38.51664710;;estadual;ativa;geral;nao;RUA MANDACARU, 1048 JANGURUSSU. 60865-290 Fortaleza - CE.
23187735;EEFM ANTONIO DIAS MACEDO;-3.78530670;-38.52036680;fundamental_ii;estadual;ativa;geral;nao;AV PEDRO DANTAS, 340 DIAS MACEDO. 60860-150 Fortaleza - CE.
23077140;EEFM ARQUITETO ROGERIO FROES;-3.75182150;-38.47194060;fundamental_ii;estadual;ativa;geral;nao;AV DAS GRAVIOLAS, 1000 CIDADE 2000. 60190-600 Fortaleza - CE.
23070900;EEFM CENTRO EDUCACIONAL DOM HELIO CAMPOS;-3.70959270;-38.55318460;;estadual;ativa;geral;nao;RUA SAO RAIMUNDO, 199 PIRAMBU. 60311-030 Fortaleza - CE.
23067446;EEFM CONSTANCIA TAVORA;-3.80150210;-38.51182680;fundamental_ii;estadual;ativa;geral;nao;AV DEPUTADO PAULINO ROCHA, 50 CASA 208. CAJAZEIRAS. 60864-311 Fortaleza - CE.
23069490;EEFM DEPUTADO JOACI PEREIRA;-3.83321300;-38.56838000;;estadual;ativa;geral;nao;RUA PROFESSOR PEDRO JORGE, 830 PLANALTO AYRTON SENNA. 60760-445 Fortaleza - CE.
23225491;EEFM DOM HELDER CAMARA;-3.72688000;-38.58917000;;estadual;ativa;geral;nao;RUA ROSINHA SAMPAIO, 1157 QUINTINO CUNHA. 60346-251 Fortaleza - CE.
23068566;EEFM DONA JULIA ALVES PESSOA;-3.80034970;-38.59918220;;estadual;ativa;geral;nao;RUA SAO FRANCISCO, SN BOM JARDIM. 60545-064 Fortaleza - CE.
23073420;EEFM DONA LUIZA TAVORA - PIO XII;-3.75905120;-38.50772310;;estadual;ativa;geral;nao;RUA ANA GONCALVES, 947 SAO JOAO DO TAUAPE. 60130-490 Fortaleza - CE.
23070552;EEFM DOUTOR GENTIL BARREIRA;-3.76524400;-38.60807000;;estadual;ativa;geral;nao;RUA 202 - D, SN 2 ETAPA. CONJUNTO CEARA I. 60530-300 Fortaleza - CE.
23070161;EEFM FELIX DE AZEVEDO;-3.74580270;-38.54846320;;estadual;ativa;geral;nao;RUA MONSENHOR FURTADO, 757 RODOLFO TEOFILO. 60430-355 Fortaleza - CE.
23070218;EEFM FERNANDO CAVALCANTE MOTA;-3.70894340;-38.57500040;fundamental_ii;estadual;ativa;geral;nao;RUA DA SALEMA, 85 BARRA DO CEARA. 60332-410 Fortaleza - CE.
23070242;EEFM FIGUEIREDO CORREIA;-3.74209940;-38.53587340;fundamental_ii;estadual;ativa;geral;nao;RUA MARECHAL DEODORO, 733 BENFICA. 60020-060 Fortaleza - CE.
23070269;EEFM GOVERNADOR FLAVIO MARCILIO;-3.71098047;-38.55857288;;estadual;ativa;geral;nao;AV PASTEUR, 575 PIRAMBU. 60335-000 Fortaleza - CE.
23070978;EEFM HERACLITO DE CASTRO E SILVA;-3.77210900;-38.57725000;;estadual;ativa;geral;nao;RUA SILVEIRA FILHO, 808 JOQUEI CLUBE. 60520-055 Fortaleza - CE.
23264721;EEFM JOAO PAULO II;-3.76254820;-38.58497000;;estadual;ativa;geral;nao;AV PROFESSOR HERIBALDO COSTA, 1125 HENRIQUE JORGE. 60521-055 Fortaleza - CE.
23072008;EEFM JOAQUIM ALVES;-3.75914500;-38.57092000;;estadual;ativa;geral;nao;RUA ESTADO DO RIO, 955 DEMOCRITO ROCHA. 60440-145 Fortaleza - CE.
23068914;EEFM JOSE LEOPOLDINO DA SILVA FILHO;-3.76076562;-38.60719680;;estadual;ativa;geral;nao;RUA 448 E, SN 2 ETAPA. CONJUNTO CEARA I. 60531-230 Fortaleza - CE.
23225505;EEFM JOSE WALDEMAR DE ALCANTARA E SILVA;-3.75779490;-38.58718440;;estadual;ativa;geral;nao;RUA MACEIO, 627 DOM LUSTOSA. 60526-175 Fortaleza - CE.
23225327;EEFM MARIO HUGO CIDRACK DO VALE;-3.74423681;-38.58582236;fundamental_ii;estadual;ativa;geral;nao;RUA DOUTOR PERIGUARI, 547 ANTONIO BEZERRA. 60360-600 Fortaleza - CE.
23233893;EEFM MICHELSON NOBRE DA SILVA;-3.78570830;-38.61833000;;estadual;ativa;geral;nao;AV OSCAR ARARIPE, 3037 GRANJA LISBOA. 60540-442 Fortaleza - CE.
23075147;EEFM NOEL HUGNEN DE OLIVEIRA PAIVA;-3.75616180;-38.51740430;fundamental_ii;estadual;ativa;geral;nao;RUA MONSENHOR SALAZAR, 279 SAO JOAO DO TAUAPE. 60130-370 Fortaleza - CE.
23069570;EEFM PADRE ROCHA;-3.74520935;-38.51743801;fundamental_ii;estadual;ativa;geral;nao;RUA CORONEL ALVES TEIXEIRA, 525 JOAQUIM TAVORA. 60130-000 Fortaleza - CE.
23068973;EEFM PAROQUIA DA PAZ;-3.73340100;-38.49853610;fundamental_ii;estadual;ativa;geral;nao;RUA VISCONDE DE MAUA, 905 A. ALDEOTA. 60125-160 Fortaleza - CE.
23078340;EEFM PARQUE PRESIDENTE VARGAS;-3.81562340;-38.58474780;;estadual;ativa;geral;nao;AV PENETRACAO LESTE, 815 PRESIDENTE VARGAS. 60763-410 Fortaleza - CE.
23075686;EEFM PATRONATO SAGRADA FAMILIA;-3.74064167;-38.58900333;;estadual;ativa;geral;nao;RUA MARTINS NETO, 379 ANTONIO BEZERRA. 60360-415 Fortaleza - CE.
23234296;EEFM PAULO ELPIDIO;-3.80499500;-38.62714000;;estadual;ativa;geral;nao;RUA PROFESSOR MANOEL DE CASTRO, 1202 SIQUEIRA. JARDIM JATOBA. 60732-395 Fortaleza - CE.
23069023;EEFM PROFESSOR ALOYSIO BARROS LEAL;-3.82550220;-38.51821220;;estadual;ativa;geral;nao;RUA 10, 28 CONJ JOAO PAULO II. BARROSO. 60863-630 Fortaleza - CE.
23071460;EEFM PROFESSOR JADER MOREIRA DE CARVALHO;-3.78465600;-38.54523000;;estadual;ativa;geral;nao;PROFA HELOISA FERREIRA LIMA, 420 SERRINHA. 60742-105 Fortaleza - CE.
23225386;EEFM PROFESSOR MARIO SCHENBERG;-3.79907900;-38.58262000;;estadual;ativa;geral;nao;RUA AMERICO ROCHA LIMA, 835 VILA MANOEL SATIRO. 60713-240 Fortaleza - CE.
23075775;EEFM PROFESSOR PAULO AYRTON DE ARAUJO;-3.79297580;-38.50911980;fundamental_ii;estadual;ativa;geral;nao;AVENIDA FREI CIRILO, 800 MESSEJANA. 60840-974 Fortaleza - CE.
23069171;EEFM SANTA LUZIA;-3.72620200;-38.51302000;fundamental_ii;estadual;ativa;geral;nao;RUA JOAO CORDEIRO, 711 MEIRELES. 60110-300 Fortaleza - CE.
23233168;EEFM SAO FRANCISCO DE ASSIS - CANINDEZINHO;-3.80051540;-38.59610950;;estadual;ativa;geral;nao;RUA SAO FELIPE, 564 CANINDEZINHO. CANINDEZINHO. 60731-020 Fortaleza - CE.
23069961;EEM DEPUTADO FRANCISCO DE ALMEIDA MONTE;-3.72368680;-38.58659090;;estadual;ativa;geral;nao;AV CORONEL CARVALHO, 2400 JARDIM GUANABARA. 60346-164 Fortaleza - CE.
23073918;EEM DEPUTADO MANOEL RODRIGUES;-3.73131300;-38.46219000;;estadual;ativa;geral;nao;RUA OLIVEIRA FILHO, 1576 VICENTE PINZON. 60181-815 Fortaleza - CE.
23186488;EEM DOUTOR CESAR CALS;-3.73359334;-38.53927730;;estadual;ativa;geral;nao;AV DOMINGOS OLIMPIO, 1800 FARIAS BRITO. 60040-081 Fortaleza - CE.
23078170;EEM DR UBIRAJARA INDIO DO CEARA;-3.77366690;-38.60145090;;estadual;ativa;geral;nao;RUA 751, SN CONJUNTO CEARA. 60532-020 Fortaleza - CE.
23075023;EEM GENERAL MURILO BORGES MOREIRA;-3.72757560;-38.47467600;;estadual;ativa;geral;nao;RUA DO ENTARDECER, 90 CONJ STA TEREZINHA. VICENTE PINZON. 60181-190 Fortaleza - CE.
23064684;EEM GOVERNADOR ADAUTO BEZERRA;-3.75002100;-38.53122240;;estadual;ativa;geral;nao;RUA MONS LIBERATO, 1850 FATIMA. 60411-150 Fortaleza - CE.
23071664;EEM JESUS MARIA JOSE;-3.73221080;-38.60102080;;estadual;ativa;geral;nao;RUA DA MANGUEIRA, 134 CONJUNTO SAO FCO. QUINTINO CUNHA. 60352-630 Fortaleza - CE.
23069430;EEM JOSE DE ALENCAR;-3.83662000;-38.49352000;;estadual;ativa;geral;nao;RUA VENEZA, 84 MESSEJANA. 60871-600 Fortaleza - CE.
23073411;EEM LUIZA TAVORA - PROMORAR;-3.78613160;-38.50637960;;estadual;ativa;geral;nao;RUA FREI CANECA, 379 CONJ TANCREDO NEVES. JARDIM DAS OLIVEIRAS. 60820-000 Fortaleza - CE.
23074060;EEM MARIANO MARTINS;-3.76067000;-38.58563000;;estadual;ativa;geral;nao;AV SENADOR FERNANDES TAVORA, 1445 HENRIQUE JORGE. 60510-290 Fortaleza - CE.
23070382;EEM POLIVALENTE MODELO DE FORTALEZA;-3.82413270;-38.55465630;;estadual;ativa;geral;nao;AV A, 482 1 ETAPA. JOSE WALTER. 60750-000 Fortaleza - CE.
23071001;EEM PROFESSOR HERMENEGILDO FIRMEZA;-3.78674020;-38.57981230;;estadual;ativa;geral;nao;RUA GABRIEL FIUZA, 360 VILA PERI. 60730-110 Fortaleza - CE.
23075430;EEM PROFESSOR OTAVIO TERCEIRO DE FARIAS;-3.82896510;-38.55524290;;estadual;ativa;geral;nao;AV C, 435 JOSE WALTER. 60750-020 Fortaleza - CE.
23067918;EEM PROFESSORA DIVA CABRAL;-3.79828700;-38.56189000;;estadual;ativa;geral;nao;RUA HOLANDA, 701 MARAPONGA. 60712-165 Fortaleza - CE.
23069457;EEM PROFESSORA MARIA GONCALVES;-3.79428840;-38.51880880;;estadual;ativa;geral;nao;RUA NOSSA SENHORA MONTE CARMELO, 50 CASTELAO. 60861-040 Fortaleza - CE.
23225360;EEM SANTO AMARO;-3.79577590;-38.60204430;;estadual;ativa;geral;nao;RUA NOVA CONQUISTA, 871 PARQUE SANTO AMARO. 60543-355 Fortaleza - CE.
23264985;EEM SAO JOSE;-3.80031250;-38.58974410;;estadual;ativa;geral;nao;RUA COMENDADOR GARCIA, 2066 PARQUE SAO JOSE. 60730-235 Fortaleza - CE.
23227877;EEM SAO JOSE DO PICI DAS PEDREIRAS;-3.77358354;-38.59254723;;estadual;ativa;geral;nao;RUA MANOEL ANTONIO LEITE, 250 ESCOLA. BONSUCESSO. 60545-300 Fortaleza - CE.
23065214;EEMTI ANISIO TEIXEIRA;-3.75456580;-38.56538990;;estadual;ativa;geral;nao;RUA RIO GRANDE DO SUL, 680 PAN AMERICANO. 60440-805 Fortaleza - CE.
23065494;EEMTI ANTONIETA SIQUEIRA;-3.75799870;-38.57722670;;estadual;ativa;geral;nao;RUA GUARANI, 4 JOQUEI CLUBE. 60520-455 Fortaleza - CE.
23065249;EEMTI ANTONIO BEZERRA;-3.74407820;-38.59436570;;estadual;ativa;geral;nao;RUA PE PERDIGAO SAMPAIO, 780 ANTONIO BEZERRA. 60361-010 Fortaleza - CE.
23065389;EEMTI ANTONIO SALES;-3.73949470;-38.55208380;;estadual;ativa;geral;nao;RUA - PROFESSOR ANACLETO, 630 PARQUELANDIA. 60450-360 Fortaleza - CE.
23188774;EEMTI AYRTON SENNA DA SILVA;-3.75489260;-38.59169580;;estadual;ativa;geral;nao;RUA MANAUS, 855 DOM LUSTOSA. 60526-205 Fortaleza - CE.
23065842;EEMTI BARBARA DE ALENCAR;-3.72800170;-38.48762480;;estadual;ativa;geral;nao;RUA PEDRO RUFINO, 38 VARJOTA. 60175-100 Fortaleza - CE.
23188154;EEMTI CAIC MARIA ALVES CARIOCA;-3.78330700;-38.61852000;;estadual;ativa;geral;nao;RUA SARGENTO BARBOSA, 851 GRANJA LISBOA. 60540-498 Fortaleza - CE.
23067233;EEMTI CLAUDIO MARTINS;-3.72591020;-38.55105220;;estadual;ativa;geral;nao;RUA DEMOCRITO ROCHA, 400 MONTE CASTELO. 60325-200 Fortaleza - CE.
23067268;EEMTI CLOVIS BEVILAQUA;-3.72874550;-38.52091220;fundamental_ii;estadual;ativa;geral;nao;AV DOM MANUEL, 511 CENTRO. 60060-090 Fortaleza - CE.
23072865;EEMTI COLEGIO ESTADUAL JUSTINIANO DE SERPA - EEMTI;-3.72889700;-38.52295000;;estadual;ativa;geral;nao;AV SANTOS DUMONT, 56 CENTRO. 60150-160 Fortaleza - CE.
23071370;EEMTI DEPUTADO IRAPUAN CAVALCANTE PINHEIRO;-3.81616500;-38.58656000;;estadual;ativa;geral;nao;AV E, 305 CONJUNTO ESPERANCA. 60763-480 Fortaleza - CE.
23068710;EEMTI DEPUTADO PAULINO ROCHA;-3.80914400;-38.52580590;;estadual;ativa;geral;nao;RUA PROF JOSE SILVEIRA, 528 PASSARE. 60862-010 Fortaleza - CE.
23075791;EEMTI DEPUTADO PAULO BENEVIDES;-3.83521090;-38.49933120;;estadual;ativa;geral;nao;RUA ANGELICA GURGEL, 186 MESSEJANA. 60871-030 Fortaleza - CE.
23065273;EEMTI DOM ANTONIO DE ALMEIDA LUSTOSA;-3.77254160;-38.47666340;;estadual;ativa;geral;nao;RUA ADOLFO MOREIRA DE CARVALHO, 01 CONJUNTO IPASE. EDSON QUEIROZ. 60811-740 Fortaleza - CE.
23071044;EEMTI DONA HILZA DIOGO DE OLIVEIRA;-3.71467718;-38.59714530;;estadual;ativa;geral;nao;DOM ALOISIO LORSHEIDER, 1040 VILA VELHA. 60347-780 Fortaleza - CE.
23073721;EEMTI DONA MARIA MENEZES DE SERPA;-3.71055900;-38.59458000;;estadual;ativa;geral;nao;RUA DR QUIXADA FELICIO, 141 VILA VELHA. 60347-470 Fortaleza - CE.
23068086;EEMTI DRAGAO DO MAR;-3.72610800;-38.48382870;;estadual;ativa;geral;nao;RUA UMARI, SN MUCURIPE. 60175-280 Fortaleza - CE.
23068809;EEMTI ESTADO DE ALAGOAS;-3.70430060;-38.57816118;;estadual;ativa;geral;nao;AVENIDA PRESIDENTE CASTELO BRANCO, 5244 BARRA DO CEARA. 60334-100 Fortaleza - CE.
23069511;EEMTI ESTADO DO AMAZONAS;-3.75604960;-38.55781120;;estadual;ativa;geral;nao;RUA MONSENHOR FURTADO, 2327 BELA VISTA. 60441-750 Fortaleza - CE.
23068825;EEMTI ESTADO DO MARANHAO;-3.81500400;-38.57376000;;estadual;ativa;geral;nao;RUA CARLOS PIMENTA, 506 MONDUBIM. 60752-592 Fortaleza - CE.
23068833;EEMTI ESTADO DO PARA;-3.76525500;-38.51281000;;estadual;ativa;geral;nao;RUA DJALMA PETIT, 589 ALTO DA BALANCA. 60851-120 Fortaleza - CE.
23068841;EEMTI ESTADO DO PARANA;-3.75735100;-38.54331560;;estadual;ativa;geral;nao;RUA ALBERTO MAGNO, 123 BOM FUTURO. 60425-235 Fortaleza - CE.
23069767;EEMTI GENERAL EUDORO CORREA;-3.77807500;-38.57316694;;estadual;ativa;geral;nao;RUA JULIO BRAGA, 101A PARANGABA. 60720-640 Fortaleza - CE.
23078758;EEMTI GOVERNADOR LUIZ GONZAGA DA FONSECA MOTA;-3.84576430;-38.47459560;;estadual;ativa;geral;nao;RUA SANTA ROSA, 407 COACU. 60872-370 Fortaleza - CE.
23069619;EEMTI GOVERNADOR VIRGILIO TAVORA;-3.81292020;-38.49370040;fundamental_ii;estadual;ativa;geral;nao;RUA ALMEIDA REGO, SN PARQUE IRACEMA. 60841-545 Fortaleza - CE.
23070897;EEMTI HELENITA MOTA;-3.71114510;-38.46854300;;estadual;ativa;geral;nao;RUA AMANCIO FILOMENO, 720 SERVILUZ. 60180-320 Fortaleza - CE.
23071010;EEMTI HERMINIO BARROSO;-3.73557900;-38.55396518;;estadual;ativa;geral;nao;RUA PE GUILHERME WASSEN, 800 PARQUE RIO BRANCO. 60356-360 Fortaleza - CE.
23073853;EEMTI INTEGRADA 2 DE MAIO;-3.81332760;-38.53674750;;estadual;ativa;geral;nao;AV DA SAUDADE, SN JARDIM UNIAO. PASSARE. 60861-330 Fortaleza - CE.
23071354;EEMTI IRACEMA;-3.81076760;-38.47643090;;estadual;ativa;geral;nao;RUA EGIDIO DE OLIVEIRA, 250 JOSE DE ALENCAR. 60830-605 Fortaleza - CE.
23186518;EEMTI IRMAO URBANO GONZALEZ RODRIGUEZ;-3.80160600;-38.58855000;;estadual;ativa;geral;nao;RUA CONEGO DE CASTRO, 4055 PARQUE SAO JOSE. 60730-202 Fortaleza - CE.
23071591;EEMTI JENNY GOMES;-3.76070510;-38.52103920;;estadual;ativa;geral;nao;AV BORGES DE MELO, 210 EM FRENTE A BAF. AEROPORTO. 60415-510 Fortaleza - CE.
23069260;EEMTI JOAO MATTOS;-3.76689540;-38.55519150;;estadual;ativa;geral;nao;RUA ALMIRANTE RUBIM, 1014 MONTESE. 60425-482 Fortaleza - CE.
23252294;EEMTI JOAO NOGUEIRA JUCA;-3.79043030;-38.47165240;;estadual;ativa;geral;nao;RUA JOSE FELIX DE LIMA, 313 SAPIRANGA. 60833-071 Fortaleza - CE.
23069546;EEMTI JOHNSON;-3.76770180;-38.49384170;;estadual;ativa;geral;nao;RUA GONTRAN GIFFONI, SN GUARAPES. 60810-220 Fortaleza - CE.
23072237;EEMTI JOSE BEZERRA DE MENEZES;-3.73766412;-38.58812124;;estadual;ativa;geral;nao;RUA DOUTOR JOAO GUILHERME, 311 ANTONIO BEZERRA. 60356-770 Fortaleza - CE.
23072571;EEMTI JOSE VALDO RIBEIRO RAMOS;-3.71299108;-38.56746901;;estadual;ativa;geral;nao;RUA PEDRO AMERICO, 100 CARLITO PAMPLONA. 60337-220 Fortaleza - CE.
23225416;EEMTI LICEU DO CONJUNTO CEARA;-3.75835310;-38.60982390;;estadual;ativa;geral;nao;RUA 1139 A, 10 4 ETAPA. CONJUNO CEARA. 60533-440 Fortaleza - CE.
23272058;EEMTI LICEU PROFESSOR DOMINGOS BRASILEIRO;-3.83262800;-38.56988000;;estadual;ativa;geral;nao;RUA PLANALTINA, SN PLANALTO AYRTON SENNA. 60760-480 Fortaleza - CE.
23225408;EEMTI LICEU VILA VELHA;-3.71150940;-38.59931550;;estadual;ativa;geral;nao;AV L, 840 VILA VELHA. 60348-300 Fortaleza - CE.
23073136;EEMTI LIONS JANGADA;-3.70835550;-38.56460680;;estadual;ativa;geral;nao;RUA CAMELIA, 352 CRISTO REDENTOR. 60337-380 Fortaleza - CE.
23071095;EEMTI MARECHAL HUMBERTO DE ALENCAR CASTELO BRANCO;-3.76429000;-38.54894830;;estadual;ativa;geral;nao;RUA ALVARO FERNANDES, 913 MONTESE. 60420-570 Fortaleza - CE.
23188545;EEMTI MARIA JOSE SANTOS FERREIRA GOMES;-3.73260830;-38.59773500;;estadual;ativa;geral;nao;RUA DONA LUCIA PINHEIRO, 93 QUINTINO CUNHA. 60352-670 Fortaleza - CE.
23078669;EEMTI MARIA THOMASIA;-3.78745200;-38.57238000;;estadual;ativa;geral;nao;RUA POLONIA, 369 MARAPONGA. 60710-500 Fortaleza - CE.
23068930;EEMTI MATIAS BECK;-3.72691630;-38.47888630;;estadual;ativa;geral;nao;RUA PROFESSORA AIDA BALAIO, 38 VICENTE PINZON. 60181-274 Fortaleza - CE.
23069562;EEMTI MIRIAN PORTO MOTA;-3.78145700;-38.50854000;fundamental_ii;estadual;ativa;geral;nao;RUA GUAJIRU, 100 CONJ TANCREDO NEVES. JARDIM DAS OLIVEIRAS. 60820-460 Fortaleza - CE.
23074701;EEMTI MOEMA TAVORA;-3.71207240;-38.55005830;;estadual;ativa;geral;nao;RUA MARCILIO DIAS, 485 PIRAMBU. 60310-750 Fortaleza - CE.
23068078;EEMTI MONSENHOR DOURADO;-3.73127715;-38.58103332;;estadual;ativa;geral;nao;AV SARGENTO HERMINIO, 4600 PADRE ANDRADE. 60356-392 Fortaleza - CE.
23070820;EEMTI PADRE GUILHERME WAESSEN;-3.78815440;-38.52468320;;estadual;ativa;geral;nao;RUA BOA VENTURA, 916 DIAS MACEDO. 60860-440 Fortaleza - CE.
23078707;EEMTI PADRE MARCELINO CHAMPAGNAT;-3.82290200;-38.50443000;;estadual;ativa;geral;nao;RUA DAUREA, 120 BARROSO. 60862-760 Fortaleza - CE.
23214457;EEMTI POETA OTACILIO COLARES;-3.85945730;-38.49793730;;estadual;ativa;geral;nao;RUA JORGE DA VEIGA, 265 ANCURI. 60873-205 Fortaleza - CE.
23233885;EEMTI POETA PATATIVA DO ASSARE;-3.78968940;-38.62982400;;estadual;ativa;geral;nao;DESCARTE BRAGA, 4269 GRANJA LISBOA. 60540-096 Fortaleza - CE.
23071087;EEMTI PRESIDENTE HUMBERTO DE ALENCAR CASTELO BRANCO;-3.76231450;-38.55453850;;estadual;ativa;geral;nao;RUA IRMA BAZET, 210 ITAOCA. 60420-670 Fortaleza - CE.
23072199;EEMTI PROFESSOR CORONEL JOSE AURELIO CAMARA;-3.76639830;-38.53203910;;estadual;ativa;geral;nao;JORGE ACURCIO, 655 VILA UNIAO. VILA UNIAO. 60410-802 Fortaleza - CE.
23068183;EEMTI PROFESSOR EDMILSON GUIMARAES DE ALMEIDA;-3.76841300;-38.61505000;;estadual;ativa;geral;nao;RUA 1074, SN IV ETAPA. CONJUNTO CEARA II. 60533-120 Fortaleza - CE.
23068965;EEMTI PROFESSOR JOCIE CAMINHA DE MENEZES;-3.78641630;-38.60131840;;estadual;ativa;geral;nao;RUA ITU, 120 GRANJA PORTUGAL. 60545-275 Fortaleza - CE.
23072431;EEMTI PROFESSOR JOSE MARIA CAMPOS DE OLIVEIRA;-3.76871220;-38.60094080;;estadual;ativa;geral;nao;RUA 820, SN 3 ETAPA. CONJUNTO CEARA I. 60532-200 Fortaleza - CE.
23227818;EEMTI PROFESSOR PAULO FREIRE;-3.75806500;-38.58914210;;estadual;ativa;geral;nao;AV SENADOR FERNANDES TAVORA, 1936 HENRIQUE JORGE. 60510-290 Fortaleza - CE.
23069082;EEMTI PROFESSOR PLACIDO ADERALDO CASTELO;-3.77205960;-38.60186720;;estadual;ativa;geral;nao;RUA 719, 100 CONJUNTO CEARA II. 60530-710 Fortaleza - CE.
23064676;EEMTI PROFESSORA ADALGISA BONFIM SOARES;-3.81520850;-38.58937680;;estadual;ativa;geral;nao;AV DA PENETRACAO OESTE, 150 CONJUNTO ESPERANCA. 60763-390 Fortaleza - CE.
23186364;EEMTI PROFESSORA ADELIA BRASIL FEIJO;-3.81256570;-38.59476530;;estadual;ativa;geral;nao;AV CONTORNO SUL, 1540 CONJUNTO ESPERANCA. 60763-430 Fortaleza - CE.
23069031;EEMTI PROFESSORA BALBINA JUCA DE ALBUQUERQUE;-3.72404500;-38.58086333;;estadual;ativa;geral;nao;AV MAJOR ASSIS, 346 JARDIM IRACEMA. 60340-065 Fortaleza - CE.
23065486;EEMTI PROFESSORA MARIA ANTONIETA NUNES;-3.77426700;-38.61785000;;estadual;ativa;geral;nao;RUA 916, 01 CONJUNTO CEARA II. 60532-540 Fortaleza - CE.
23073527;EEMTI PROFESSORA MARIA DA CONCEICAO PORFIRIO TELES;-3.77946200;-38.51234000;fundamental_ii;estadual;ativa;geral;nao;RUA MONTE CRISTO, 177 AEROLANDIA. 60850-270 Fortaleza - CE.
23073713;EEMTI PROFESSORA MARIA MARGARIDA DE CASTRO ALMEIDA;-3.81351790;-38.59420430;;estadual;ativa;geral;nao;AV CONTORNO SUL, 1230 CONJUNTO ESPERANCA. 60763-430 Fortaleza - CE.
23077883;EEMTI PROFESSORA TECLA FERREIRA;-3.80516370;-38.45983910;;estadual;ativa;geral;nao;RUA FRANCISCA BEZERRA, 417 SAPIRANGA. 60833-561 Fortaleza - CE.
23068523;EEMTI PROFESSORA TELINA BARBOSA DA COSTA;-3.83151300;-38.48728500;;estadual;ativa;geral;nao;RUA DOUTOR PERGENTINO MAIA, SN MESSEJANA. 60840-045 Fortaleza - CE.
23069120;EEMTI RENATO BRAGA;-3.74072850;-38.51110970;;estadual;ativa;geral;nao;AV RUI BARBOSA, 2000 JOAQUIM TAVORA. 60115-221 Fortaleza - CE.
23077387;EEMTI SALES CAMPOS;-3.71740499;-38.54660888;;estadual;ativa;geral;nao;RUA JACINTO DE MATOS, 730 JACARECANGA. 60310-210 Fortaleza - CE.
23069201;EEMTI SANTO AFONSO;-3.74124130;-38.56134210;;estadual;ativa;geral;nao;GENERAL BERNARDO FIGUEIREDO, 2670 PARQUELANDIA. 60455-475 Fortaleza - CE.
23069988;EEMTI SAO FRANCISCO DE ASSIS - BOM JARDIM;-3.78917600;-38.59261000;;estadual;ativa;geral;nao;RUA NEREIDE, 320 GRANJA PORTUGAL. 60540-685 Fortaleza - CE.
23259639;EEMTI SAO JOAO PIAMARTA;-3.75958350;-38.52330120;;estadual;ativa;geral;nao;AV AGUANAMBI, 2479 FATIMA. 60415-390 Fortaleza - CE.
23072377;EEMTI SAO JOSE DOS ARPOADORES;-3.70316930;-38.56909960;;estadual;ativa;geral;nao;RUA FRANCISCO CALACA, 90 BARRA DO CEARA. 60334-110 Fortaleza - CE.
23069627;EEMTI SENADOR FERNANDES TAVORA;-3.76101560;-38.56769060;;estadual;ativa;geral;nao;RUA GOIAS, 141 DEMOCRITO ROCHA. 60440-085 Fortaleza - CE.
23069163;EEMTI SENADOR OSIRES PONTES;-3.80787090;-38.60709210;;estadual;ativa;geral;nao;RUA DIVINA, 150 CANINDEZINHO. 60736-120 Fortaleza - CE.
23078529;EEMTI VISCONDE DO RIO BRANCO;-3.73669010;-38.52365720;;estadual;ativa;geral;nao;AV DOM MANUEL, 1803 CENTRO. 60060-091 Fortaleza - CE.
23078561;EEMTI WALDEMAR FALCAO;-3.71714190;-38.57061430;;estadual;ativa;geral;nao;RUA ANTONIO JOAQUIM DE CARVALHO, 19 ALVARO WEYNE. 60336-001 Fortaleza - CE.
23069244;EEMTI WALTER DE SA CAVALCANTE;-3.79751130;-38.50012940;;estadual;ativa;geral;nao;AV OLIVEIRA PAIVA, 550 CIDADE DOS FUNCIONARIOS. 60822-130 Fortaleza - CE.
23262966;EFIVEST;-3.75885600;-38.54477000;;privada;ativa;geral;nao;RUA ALBERTO MAGNO, 300 BOM FUTURO. 60425-235 Fortaleza - CE.
23456639;EMANUEL COLEGIO DOM;-3.72855600;-38.59336000;infantil|fundamental_i;privada;ativa;geral;nao;RUA FRANCISCO MENDES DE OLIVEIRA, 991 OLAVO OLIVEIRA. 60351-250 Fortaleza - CE.
23212187;ESCOLA ACONCHEGO DO UNIVERSO;-3.78470800;-38.49552380;infantil|fundamental_i;privada;ativa;geral;nao;AVENIDA DOUTOR JOAO MACIEL FILHO, 170 JARDIM DAS OLIVEIRAS. 60821-500 Fortaleza - CE.
23185147;ESCOLA BEDELANDIA;-3.73878600;-38.52116000;infantil|fundamental_i;privada;ativa;geral;nao;RUA J. DA PENHA, 972 JOAQUIM TAVORA. 60110-120 Fortaleza - CE.
23247134;ESCOLA DE ED INF E ENS FUND SESC FORTALEZA UNID I;-3.72832405;-38.54442523;infantil|fundamental_i;privada;ativa;geral;nao;AVENIDA JOSE JATAHY, 813 FARIAS BRITO. 60010-843 Fortaleza - CE.
23265167;ESCOLA DE ED INF E ENS FUND SESC FORTALEZA UNID II;-3.76228870;-38.55785880;fundamental_ii;privada;ativa;geral;nao;RUA JOSE BASTOS, 5217 COLTO FERNANDES. 60442-108 Fortaleza - CE.
23245310;ESCOLA DE SAUDE PUBLICA DO CEARA;-3.72794200;-38.49271000;;estadual;paralisada;geral;nao;AVENIDA ANTONIO JUSTA, 3161 MEIRELES. 60165-090 Fortaleza - CE.
23269006;ESCOLA ESPACO CULTURAL MUNDO DO MICKEY;-3.81315000;-38.54122000;infantil|fundamental_i;privada;ativa;geral;nao;RUA ARGENTINO PINHEIRO TORRES, 1786 CONJ. JARDIM UNIAO 2. PASSARE. 60867-065 Fortaleza - CE.
23259868;ESCOLA ESPACO VIVENCIA;-3.75609400;-38.58415000;infantil|fundamental_i;privada;ativa;geral;nao;RUA MONSENHOR HIPOLITO BRASIL, 1367 DOM LUSTOSA. 60526-055 Fortaleza - CE.
23243910;ESCOLA EVANGELICA MONTE SINAI;-3.79144080;-38.54026540;infantil|fundamental_i|fundamental_ii;privada;ativa;geral;nao;RUA BRUNO VALENTE, 1101 SERRINHA. 60742-785 Fortaleza - CE.
23545143;ESCOLA FILANTROPICA ANDREA PESCIA;-3.78100508;-38.54940861;infantil;privada;ativa;geral;nao;RUA GUERRA JUNQUEIRO, 835 SERRINHA. 60741-300 Fortaleza - CE.
23075341;ESCOLA FILANTROPICA IRMA GIULIANA GALLI;-3.78246950;-38.55007800;infantil;privada;ativa;geral;sim;TRAVESSA SANTO ONOFRE, 10 SERRINHA. 60741-170 Fortaleza - CE.
23225289;ESCOLA FRANKLIN ROOSEVELT;-3.78803400;-38.54167000;infantil|fundamental_i;privada;ativa;geral;nao;RUA PUPUNHA, 111 SERRINHA. 60742-165 Fortaleza - CE.
23258543;ESCOLA HORA DE APRENDER;-3.80158300;-38.48325000;infantil|fundamental_i|fundamental_ii;privada;ativa;geral;nao;RUA CANDIDO PORTINARI, 11 CAMBEBA. 60822-170 Fortaleza - CE.
23462507;ESCOLA LIDERANCA;-3.72406500;-38.48013000;infantil|fundamental_i;privada;ativa;geral;nao;RUA JUVENCIO VASCONCELOS, 100 MUCURIPE. 60175-350 Fortaleza - CE.
23243449;ESCOLA LUA DE CRISTAL;-3.71428800;-38.59949000;infantil|fundamental_i;privada;ativa;geral;nao;RUA 43, 1120 CONJ PLAN DA BARRA. VILA VELHA. 60348-570 Fortaleza - CE.
23236523;ESCOLA MAPLE BEAR DE FORTALEZA;-3.80660000;-38.47126000;infantil|fundamental_i|fundamental_ii;privada;ativa;geral;nao;RUA RAFAEL TOBIAS, 2861 JOSE DE ALENCAR. 60830-105 Fortaleza - CE.
23259418;ESCOLA MUNICIPAL 11 DE AGOSTO;-3.73044500;-38.58410500;fundamental_ii;municipal;ativa;geral;nao;RUA ALBERTO FERREIRA, 1790 JARDIM IRACEMA. 60341-140 Fortaleza - CE.
23272740;ESCOLA MUNICIPAL 15 DE OUTUBRO;-3.77526945;-38.58597870;infantil|fundamental_i;municipal;ativa;geral;nao;RUA GUARANI, 2030 BONSUCESSO. 60520-494 Fortaleza - CE.
23186909;ESCOLA MUNICIPAL ABDENAGO DA ROCHA LIMA;-3.80137800;-38.54442000;infantil|fundamental_i;municipal;ativa;geral;nao;RUA 114, 75 CJ TUPA MIRIM. PARQUE DOIS IRMAOS. 60744-530 Fortaleza - CE.
23264179;ESCOLA MUNICIPAL ADALBERTO STUDART FILHO;-3.83519788;-38.57493091;fundamental_i;municipal;ativa;geral;nao;RUA DO CAMPO, 25 PLANALTO AYRTON SENNA. 60766-395 Fortaleza - CE.
23067934;ESCOLA MUNICIPAL ADROALDO TEIXEIRA CASTELO;-3.75542333;-38.57510389;infantil|fundamental_i;municipal;ativa;geral;nao;RUA ALAGOAS, 2267 PICI. 60511-080 Fortaleza - CE.
23263296;ESCOLA MUNICIPAL AGOSTINHO MOREIRA E SILVA;-3.70045471;-38.58550815;infantil|fundamental_i;municipal;ativa;geral;nao;RUA PERI, 20 BARRA DO CEARA. 60331-270 Fortaleza - CE.
23263148;ESCOLA MUNICIPAL ALAIDE AUGUSTO DE OLIVEIRA;-3.81160000;-38.59655500;infantil|fundamental_i;municipal;ativa;geral;nao;RUA SETEMBRINA, 525 CONJUNTO ESPERANCA. 60763-646 Fortaleza - CE.
23064870;ESCOLA MUNICIPAL ALBA FROTA;-3.73156023;-38.52279160;infantil|fundamental_i;municipal;ativa;geral;nao;AVENIDA DOM MANUEL, 914 CENTRO. 60060-090 Fortaleza - CE.
23264144;ESCOLA MUNICIPAL ALDEIDES REGIS;-3.71123291;-38.56736477;infantil|fundamental_i;municipal;ativa;geral;nao;RUA IRINEU DE SOUSA, 197 ALVARO WEYNE. 60337-180 Fortaleza - CE.
23064994;ESCOLA MUNICIPAL ALMERINDA DE ALBUQUERQUE;-3.75878592;-38.50609664;infantil|fundamental_i;municipal;ativa;geral;nao;RUA ANA GONCALVES, 1105 TAUAPE. 60130-490 Fortaleza - CE.
23065052;ESCOLA MUNICIPAL ALVORADA;-3.79191491;-38.47479592;infantil|fundamental_i;municipal;ativa;geral;nao;RUA ANGRA DOS REIS, 234 SAPIRANGA. 60833-046 Fortaleza - CE.
23256850;ESCOLA MUNICIPAL ANDRE LUIS;-3.82715667;-38.53355667;infantil|fundamental_i;municipal;ativa;geral;nao;AVENIDA PRESIDENTE COSTA E SILVA, 5255 PASSARE. 60862-515 Fortaleza - CE.
23065192;ESCOLA MUNICIPAL ANGELICA GURGEL;-3.83093837;-38.49197212;fundamental_ii;municipal;ativa;geral;nao;RUA DOUTOR PERGENTINO MAIA, 375 MESSEJANA. 60840-045 Fortaleza - CE.
23215267;ESCOLA MUNICIPAL ANTONIO CORREIA LIMA;-3.71284938;-38.59213645;fundamental_i|fundamental_ii;municipal;ativa;geral;nao;RUA DESEMBARGADOR HERMES PARAHYBA, 934 VILA VELHA. 60347-155 Fortaleza - CE.
23065311;ESCOLA MUNICIPAL ANTONIO DIOGO DE SIQUEIRA;-3.78400350;-38.58791014;infantil|fundamental_i;municipal;ativa;geral;nao;RUA ANSELMO NOGUEIRA, 655 BONSUCESSO. 60545-360 Fortaleza - CE.
23184221;ESCOLA MUNICIPAL ANTONIO MENDES;-3.70868571;-38.56986405;fundamental_i;municipal;ativa;geral;nao;RUA DONA MENDINHA, 682 CRISTO REDENTOR. 60337-385 Fortaleza - CE.
23065397;ESCOLA MUNICIPAL ANTONIO SALES;-3.74855411;-38.55720135;infantil|fundamental_i;municipal;ativa;geral;nao;RUA TAVARES IRACEMA, 675 RODOLFO TEOFILO. 60430-070 Fortaleza - CE.
23065621;ESCOLA MUNICIPAL ARI DE SA CAVALCANTE;-3.84081456;-38.55930215;infantil|fundamental_i|fundamental_ii;municipal;ativa;geral;nao;AVENIDA H, 430 PREFEITO JOSE WALTER. 60750-070 Fortaleza - CE.
23065680;ESCOLA MUNICIPAL AUTRAN NUNES;-3.74953167;-38.59582667;infantil|fundamental_i;municipal;ativa;geral;nao;RUA PROFESSOR VIRGILIO MORAIS, S N AUTRAN NUNES. 60526-720 Fortaleza - CE.
23065834;ESCOLA MUNICIPAL BARBARA DE ALENCAR;-3.85324208;-38.50062237;fundamental_ii;municipal;ativa;geral;nao;RUA CAPITAO PORFIRIO, 544 PARQUE SANTA MARIA. 60873-135 Fortaleza - CE.
23546026;ESCOLA MUNICIPAL BERGSON GURJAO FARIAS;-3.75616297;-38.59204364;infantil|fundamental_i;municipal;ativa;geral;nao;AVENIDA SENADOR FERNANDES TAVORA, 2500 AUTRAN NUNES. 60526-642 Fortaleza - CE.
23066520;ESCOLA MUNICIPAL CASIMIRO JOSE DE LIMA FILHO;-3.70385800;-38.59029000;infantil|fundamental_i;municipal;ativa;geral;nao;AVENIDA FRANCISCO SA, 6449 BARRA DO CEARA. 60330-875 Fortaleza - CE.
23078766;ESCOLA MUNICIPAL CASIMIRO MONTENEGRO;-3.81878633;-38.55774659;infantil|fundamental_i|fundamental_ii;municipal;ativa;geral;nao;AVENIDA BERNARDO MANUEL, 11360 PREFEITO JOSE WALTER. 60760-000 Fortaleza - CE.
23066628;ESCOLA MUNICIPAL CASTELO DE CASTRO;-3.71791947;-38.60019018;infantil|fundamental_i;municipal;ativa;geral;nao;RUA 43, 1531 CJ BANCARIOS. VILA VELHA. 60348-340 Fortaleza - CE.
23242469;ESCOLA MUNICIPAL CATARINA LIMA DA SILVA;-3.79977340;-38.60114959;fundamental_ii;municipal;ativa;geral;nao;RUA PEDRO MARTINS, 313 BOM JARDIM. 60543-305 Fortaleza - CE.
23066660;ESCOLA MUNICIPAL CATULO DA PAIXAO CEARENSE;-3.78441901;-38.57627084;infantil|fundamental_i;municipal;ativa;geral;nao;RUA LEAO DO NORTE, 300 VILA PERI. 60730-010 Fortaleza - CE.
23250623;ESCOLA MUNICIPAL CESAR CALS DE OLIVEIRA NETO;-3.84633898;-38.52297797;infantil|fundamental_i;municipal;ativa;geral;nao;RUA OLIMPIO RIBEIRO, 20 CONJUNTO PALMEIRAS. 60870-340 Fortaleza - CE.
23075155;ESCOLA MUNICIPAL CLAUDIO MARTINS;-3.76787000;-38.55991167;fundamental_ii;municipal;ativa;geral;nao;RUA BARAO DE CANINDE, S N ITAOCA. 60421-106 Fortaleza - CE.
23067330;ESCOLA MUNICIPAL COLONIA Z-8;-3.72884200;-38.48539000;infantil|fundamental_i;municipal;ativa;geral;nao;RUA MANUEL JESUINO, 370 MUCURIPE. 60175-270 Fortaleza - CE.
23067390;ESCOLA MUNICIPAL CONCEICAO MOURAO;-3.77702249;-38.60192768;fundamental_ii;municipal;ativa;geral;nao;RUA DUAS NACOES, 551 GRANJA PORTUGAL. 60545-241 Fortaleza - CE.
23070137;ESCOLA MUNICIPAL CONEGO FRANCISCO PEREIRA DA SILVA;-3.84179789;-38.48652209;infantil|fundamental_i|fundamental_ii;municipal;ativa;geral;nao;RUA LUIZ FRANCISCO XAVIER, 256 PAUPINA. 60872-508 Fortaleza - CE.
23271540;ESCOLA MUNICIPAL CRESCER E APRENDER;-3.79085000;-38.59793000;infantil|fundamental_i;municipal;ativa;geral;nao;RUA EDSON MARTINS, 642 BOM JARDIM. 60543-454 Fortaleza - CE.
23067543;ESCOLA MUNICIPAL CREUSA DO CARMO ROCHA;-3.78149000;-38.60317000;fundamental_ii;municipal;ativa;geral;nao;RUA DUAS NACOES, 1055 GRANJA PORTUGAL. 60545-242 Fortaleza - CE.
23067691;ESCOLA MUNICIPAL CRISTO REDENTOR;-3.70922333;-38.55836000;fundamental_ii;municipal;ativa;geral;nao;AVENIDA PASTEUR, 372 ALVARO WEYNE. 60335-000 Fortaleza - CE.
23529989;ESCOLA MUNICIPAL DE TEMPO INTEGRAL ALDEMIR MARTINS;-3.70630441;-38.58554106;fundamental_ii;municipal;ativa;geral;nao;AVENIDA FRANCISCO SA, 7460 BARRA DO CEARA. 60330-878 Fortaleza - CE.
23264810;ESCOLA MUNICIPAL DE TEMPO INTEGRAL AMBIENTAL DRA FRANCISCA DE ASSIS CANITO DA FROTA;-3.75584449;-38.50257979;fundamental_i;municipal;ativa;geral;nao;RUA MONSENHOR SALAZAR, 2432 TAUAPE. 60130-371 Fortaleza - CE.
23324244;ESCOLA MUNICIPAL DE TEMPO INTEGRAL CAROLINO SUCUPIRA;-3.77300771;-38.55894430;fundamental_i;municipal;ativa;geral;nao;RUA MUNDICA PAULA, S N ITAOCA. 60421-410 Fortaleza - CE.
23078740;ESCOLA MUNICIPAL DE TEMPO INTEGRAL DIOGO VITAL DE SIQUEIRA;-3.82657063;-38.55514913;fundamental_ii;municipal;ativa;geral;nao;AVENIDA L, S N PREFEITO JOSE WALTER. 60750-110 Fortaleza - CE.
23065265;ESCOLA MUNICIPAL DE TEMPO INTEGRAL DOM ANTONIO DE ALMEIDA LUSTOSA;-3.78445986;-38.62659425;fundamental_ii;municipal;ativa;geral;nao;RUA GERALDO BARBOSA, 3901 GRANJA LISBOA. 60540-344 Fortaleza - CE.
23259566;ESCOLA MUNICIPAL DE TEMPO INTEGRAL EDUCACAO BILINGUE FRANCISCO SUDERLAND BASTOS MOTA;-3.80544500;-38.55365167;fundamental_i;municipal;ativa;geral;nao;AVENIDA BERNARDO MANUEL, 9970 A. PARQUE DOIS IRMAOS. 60761-281 Fortaleza - CE.
23070250;ESCOLA MUNICIPAL DE TEMPO INTEGRAL FILGUEIRAS LIMA;-3.75258696;-38.53760200;infantil|fundamental_ii;municipal;ativa;geral;nao;AVENIDA DOS EXPEDICIONARIOS, 3910 JARDIM AMERICA. 60410-446 Fortaleza - CE.
23234440;ESCOLA MUNICIPAL DE TEMPO INTEGRAL FRANCISCA FERNANDES MAGALHAES;-3.77999000;-38.58979000;infantil|fundamental_i;municipal;ativa;geral;nao;RUA VITAL BRASIL, 1020 BONSUCESSO. 60541-705 Fortaleza - CE.
23070846;ESCOLA MUNICIPAL DE TEMPO INTEGRAL GUIOMAR DA SILVA ALMEIDA;-3.86750777;-38.49401604;fundamental_ii;municipal;ativa;geral;nao;RUA PEROLINA DE MORAIS, 449 PAUPINA. 60873-810 Fortaleza - CE.
23273747;ESCOLA MUNICIPAL DE TEMPO INTEGRAL HILDETE BRASIL DE SA CAVALCANTE;-3.82294383;-38.56560161;fundamental_ii;municipal;ativa;geral;nao;RUA E, MONDUBIM. 60762-595 Fortaleza - CE.
23272708;ESCOLA MUNICIPAL DE TEMPO INTEGRAL JOSE CARVALHO;-3.81755333;-38.47581500;fundamental_ii;municipal;ativa;geral;nao;RUA CLODOALDO ARRUDA, 1300 CJ SAOMIGUEL. JOSE DE ALENCAR. 60830-295 Fortaleza - CE.
23275154;ESCOLA MUNICIPAL DE TEMPO INTEGRAL LAIS RODRIGUES DE ALMEIDA;-3.82250805;-38.47749057;fundamental_ii;municipal;ativa;geral;nao;AVENIDA ODILON GUIMARAES, 1773 CURIO. 60844-070 Fortaleza - CE.
23275006;ESCOLA MUNICIPAL DE TEMPO INTEGRAL LEONEL DE MOURA BRIZOLA;-3.83392500;-38.56869333;fundamental_ii;municipal;ativa;geral;nao;RUA CORONEL DE QUEIROZ, PLANALTO AYRTON SENNA. 60760-510 Fortaleza - CE.
23262613;ESCOLA MUNICIPAL DE TEMPO INTEGRAL MARIA DO SOCORRO ALVES CARNEIRO;-3.78499700;-38.58992000;fundamental_ii;municipal;ativa;geral;nao;AVENIDA LUIS VIEIRA, 1020 BONSUCESSO. 60541-672 Fortaleza - CE.
23272007;ESCOLA MUNICIPAL DE TEMPO INTEGRAL MARIA ODETE DA SILVA COLARES;-3.82272833;-38.48776833;fundamental_ii;municipal;ativa;geral;nao;RUA CORONEL JOAO DE OLIVEIRA, 687 MESSEJANA. 60841-820 Fortaleza - CE.
23271493;ESCOLA MUNICIPAL DE TEMPO INTEGRAL NOSSA SENHORA DE FATIMA;-3.72046957;-38.57214815;fundamental_ii;municipal;ativa;geral;nao;RUA SILVIO ROMERO, 370 ALVARO WEYNE. 60336-100 Fortaleza - CE.
23069015;ESCOLA MUNICIPAL DE TEMPO INTEGRAL PROFESSOR ADEMAR NUNES BATISTA;-3.76236608;-38.61200071;fundamental_ii;municipal;ativa;geral;nao;RUA 1159, 6 ET 4º ET 4º. CONJUNTO CEARA. 60533-540 Fortaleza - CE.
23264799;ESCOLA MUNICIPAL DE TEMPO INTEGRAL PROFESSOR ALEXANDRE RODRIGUES DE ALBUQUERQUE;-3.80536937;-38.61159861;fundamental_ii;municipal;ativa;geral;nao;RUA ALVES BEZERRA, 743 SIQUEIRA. 60736-130 Fortaleza - CE.
23065028;ESCOLA MUNICIPAL DE TEMPO INTEGRAL PROFESSOR ALVARO COSTA;-3.71180100;-38.47214000;fundamental_ii;municipal;ativa;geral;nao;AVENIDA VICENTE DE CASTRO, 6074 CAIS DO PORTO. 60180-410 Fortaleza - CE.
23065346;ESCOLA MUNICIPAL DE TEMPO INTEGRAL PROFESSOR ANTONIO GIRAO BARROSO;-3.84829138;-38.52041943;fundamental_ii;municipal;ativa;geral;nao;RUA 37, S N CJ SAO JOAO. JANGURUSSU. 60876-601 Fortaleza - CE.
23259540;ESCOLA MUNICIPAL DE TEMPO INTEGRAL PROFESSOR EDGAR LINHARES LIMA;-3.84018507;-38.57146805;fundamental_ii;municipal;ativa;geral;nao;RUA SANTA RITA, S N LOT FORTALEZA. PLANALTO AYRTON SENNA. 60760-675 Fortaleza - CE.
23275146;ESCOLA MUNICIPAL DE TEMPO INTEGRAL PROFESSOR EXPEDITO PARENTE;-3.80768659;-38.61807592;fundamental_ii;municipal;ativa;geral;nao;RUA P, 100 LOT PARAISO VERDE. SIQUEIRA. 60732-449 Fortaleza - CE.
23331615;ESCOLA MUNICIPAL DE TEMPO INTEGRAL PROFESSOR JOAQUIM FRANCISCO DE SOUSA FILHO;-3.73076500;-38.57065333;fundamental_ii;municipal;ativa;geral;nao;RUA JOAQUIM MARQUES, 13 PRESIDENTE KENNEDY. 60356-032 Fortaleza - CE.
23264780;ESCOLA MUNICIPAL DE TEMPO INTEGRAL PROFESSOR JOSE JULIO DA PONTE;-3.74994500;-38.56219833;fundamental_ii;municipal;ativa;geral;nao;RUA MARIO DE ANDRADE, S N PX A BELA VISTA. 60442-132 Fortaleza - CE.
23274930;ESCOLA MUNICIPAL DE TEMPO INTEGRAL PROFESSOR PRISCO BEZERRA;-3.76660156;-38.60389827;fundamental_ii;municipal;ativa;geral;nao;AVENIDA F, S N CONJUNTO CEARA. 60533-644 Fortaleza - CE.
23069317;ESCOLA MUNICIPAL DE TEMPO INTEGRAL PROFESSORA ANTONIETA CALS;-3.75564000;-38.50642167;infantil|fundamental_ii;municipal;ativa;geral;nao;RUA MONSENHOR SALAZAR, 1480 TAUAPE. 60130-371 Fortaleza - CE.
23067829;ESCOLA MUNICIPAL DEMOCRITO ROCHA;-3.84564667;-38.49486833;fundamental_i|fundamental_ii;municipal;ativa;geral;nao;RUA PADRE PEDRO DE ALENCAR, 2012 MESSEJANA. 60873-082 Fortaleza - CE.
23272732;ESCOLA MUNICIPAL DEPUTADO GERONCIO BEZERRA;-3.73641800;-38.59060000;infantil|fundamental_i;municipal;ativa;geral;nao;TRAVESSA MANUEL NUNES, 42 ANTONIO BEZERRA. 60356-845 Fortaleza - CE.
23271507;ESCOLA MUNICIPAL DOIS DE DEZEMBRO;-3.70912833;-38.58025167;infantil|fundamental_i;municipal;ativa;geral;nao;RUA ARAQUEM, 860 BARRA DO CEARA. 60331-120 Fortaleza - CE.
23067977;ESCOLA MUNICIPAL DOLORES ALCANTARA;-3.74987000;-38.59264667;fundamental_ii;municipal;ativa;geral;nao;RUA CARDEAL ARCOVERDE, S N AUTRAN NUNES. 60526-400 Fortaleza - CE.
23547995;ESCOLA MUNICIPAL DOM ALOISIO LORSCHEIDER;-3.74518138;-38.45470366;infantil|fundamental_i|fundamental_ii;municipal;ativa;geral;nao;RUA JULIO SILVA, 400 PRAIA DO FUTURO I. 60182-435 Fortaleza - CE.
23255668;ESCOLA MUNICIPAL DOM ANTONIO BATISTA DE FRAGOSO;-3.70457506;-38.58946815;fundamental_ii;municipal;ativa;geral;nao;AVENIDA FRANCISCO SA, 7945 BARRA DO CEARA. 60330-875 Fortaleza - CE.
23234300;ESCOLA MUNICIPAL DOM HELDER CAMARA;-3.73044719;-38.60195199;infantil|fundamental_i;municipal;ativa;geral;nao;RUA FREI ODILON, 264 B ALVARO WEYNE. 60336-190 Fortaleza - CE.
23072555;ESCOLA MUNICIPAL DOM JOSE TUPINAMBA DA FROTA;-3.74942214;-38.56232914;infantil|fundamental_i;municipal;ativa;geral;nao;RUA VIRIATO RIBEIRO, 1031 BELA VISTA. 60442-642 Fortaleza - CE.
23073934;ESCOLA MUNICIPAL DOM MANOEL DA SILVA GOMES;-3.75462344;-38.54529226;fundamental_ii;municipal;ativa;geral;nao;RUA SAMUEL UCHOA, 550 BOM FUTURO. 60416-205 Fortaleza - CE.
23067764;ESCOLA MUNICIPAL DONA DAGMAR GENTIL;-3.74275181;-38.56155093;fundamental_i;municipal;ativa;geral;nao;RUA VITORIA, 1740 JOAO XXIII. 60525-455 Fortaleza - CE.
23263113;ESCOLA MUNICIPAL DOUTOR SERVULO MENDES BARROSO;-3.78626923;-38.61057496;infantil|fundamental_i;municipal;ativa;geral;nao;RUA JOSE MARTINS, 2239 GRANJA LISBOA. 60540-545 Fortaleza - CE.
23068167;ESCOLA MUNICIPAL EDILSON BRASIL SOAREZ;-3.77378167;-38.61378833;fundamental_ii;municipal;ativa;geral;nao;RUA 303D, 67 CONJUNTO CEARA. 60530-570 Fortaleza - CE.
23214899;ESCOLA MUNICIPAL EDUCADOR PAULO FREIRE;-3.78685915;-38.59356288;infantil|fundamental_i|fundamental_ii;municipal;ativa;geral;nao;RUA CORONEL FABRICIANO, 452 GRANJA PORTUGAL. 60540-835 Fortaleza - CE.
23068302;ESCOLA MUNICIPAL ELEAZAR DE CARVALHO;-3.72204500;-38.47588000;infantil|fundamental_i;municipal;ativa;geral;nao;RUA FRANCISCO ALVES PEREIRA, 349 CAIS DO PORTO. 60180-720 Fortaleza - CE.
23069937;ESCOLA MUNICIPAL FAUSTINO DE ALBUQUERQUE;-3.72403868;-38.55428555;infantil|fundamental_i;municipal;ativa;geral;nao;RUA AMARO CAVALCANTE, 221 MONTE CASTELO. 60326-130 Fortaleza - CE.
23256923;ESCOLA MUNICIPAL FLORIVAL ALVES SERAINE;-3.80751024;-38.60202843;infantil|fundamental_i;municipal;ativa;geral;nao;RUA ITATIAIA, S N CANINDEZINHO. 60731-455 Fortaleza - CE.
23227419;ESCOLA MUNICIPAL FRANCISCA DE ABREU LIMA;-3.80703721;-38.59763364;infantil|fundamental_i;municipal;ativa;geral;nao;RUA HUMBERTO DE ALMEIDA, 535 CANINDEZINHO. 60731-415 Fortaleza - CE.
23250550;ESCOLA MUNICIPAL FRANCISCO ANDRADE TEOFILO GIRAO;-3.81747412;-38.52211711;infantil|fundamental_i|fundamental_ii;municipal;ativa;geral;nao;RUA UNIDOS VENCEREMOS, 2040 PASSARE. 60862-096 Fortaleza - CE.
23255870;ESCOLA MUNICIPAL FRANCISCO DAS CHAGAS DE FARIAS;-3.71426747;-38.58503603;;municipal;paralisada;geral;nao;RUA DESEMBARGADOR HERMES PARAHYBA, 135 BARRA DO CEARA. 60330-142 Fortaleza - CE.
23070021;ESCOLA MUNICIPAL FRANCISCO DOMINGOS DA SILVA;-3.70641417;-38.57416665;fundamental_ii;municipal;ativa;geral;nao;AVENIDA PRESIDENTE CASTELO BRANCO, 4707 CARLITO PAMPLONA. 60312-060 Fortaleza - CE.
23257873;ESCOLA MUNICIPAL FRANCISCO EDILSON PINHEIRO;-3.72108699;-38.59813906;infantil|fundamental_i;municipal;ativa;geral;nao;RUA N, 35 VILA VELHA. 60349-160 Fortaleza - CE.
23070030;ESCOLA MUNICIPAL FRANCISCO EDMILSON PINHEIRO;-3.77676667;-38.61726045;infantil|fundamental_i;municipal;ativa;geral;nao;AVENIDA H, 2115 ET 4 ET 4. CONJUNTO CEARA. 60533-667 Fortaleza - CE.
23070056;ESCOLA MUNICIPAL FRANCISCO NUNES CAVALCANTE;-3.82246556;-38.55485852;infantil|fundamental_i;municipal;ativa;geral;nao;RUA POETA MARIO LINHARES, 561 1A. ETAPA. PREFEITO JOSE WALTER. 60750-160 Fortaleza - CE.
23071168;ESCOLA MUNICIPAL FRANCISCO SILVA CAVALCANTE;-3.71824800;-38.57967000;fundamental_ii;municipal;ativa;geral;nao;RUA CONSELHEIRO LAFAYETTE, 205 FLORESTA. 60340-192 Fortaleza - CE.
23250275;ESCOLA MUNICIPAL FREI AGOSTINHO FERNANDES;-3.73787800;-38.45666000;infantil|fundamental_i;municipal;ativa;geral;nao;RUA CESAR CALS, 2370 VICENTE PINZON. 60183-550 Fortaleza - CE.
23068892;ESCOLA MUNICIPAL FREI LAURO SCHWARTE;-3.73191032;-38.54116615;fundamental_i|fundamental_ii;municipal;ativa;geral;nao;RUA ANTONIO POMPEU, 2005 FARIAS BRITO. 60015-107 Fortaleza - CE.
23070471;ESCOLA MUNICIPAL GABRIEL CAVALCANTE;-3.72947325;-38.57052513;infantil|fundamental_i;municipal;ativa;geral;nao;QUADRA F, 167 PRESIDENTE KENNEDY. 60357-250 Fortaleza - CE.
23257679;ESCOLA MUNICIPAL GEISA FIRMO GONCALVES;-3.83202833;-38.56609000;infantil|fundamental_i;municipal;ativa;geral;nao;RUA ZULEICA PONTES, 1260 PLANALTO AYRTON SENNA. 60760-425 Fortaleza - CE.
23073870;ESCOLA MUNICIPAL GENERAL MANOEL CORDEIRO NETO;-3.76833574;-38.53333532;fundamental_ii;municipal;ativa;geral;nao;RUA JORGE ACURCIO, 900 VILA UNIAO. 60410-802 Fortaleza - CE.
23069945;ESCOLA MUNICIPAL GOVERNADOR FAUSTINO DE ALBUQUERQUE;-3.77224833;-38.60788667;fundamental_ii;municipal;ativa;geral;nao;RUA 143, 155 ET 1ª ET 1ª. CONJUNTO CEARA. 60530-210 Fortaleza - CE.
23070870;ESCOLA MUNICIPAL GUSTAVO BARROSO;-3.73300000;-38.55769000;infantil|fundamental_i|fundamental_ii;municipal;ativa;geral;nao;RUA ERETIDES MARTINS, 26 SAO GERARDO. 60320-350 Fortaleza - CE.
23262605;ESCOLA MUNICIPAL HAROLDO JORGE BRAUN VIEIRA;-3.77312033;-38.52830507;infantil|fundamental_i|fundamental_ii;municipal;ativa;geral;nao;RUA JORGE VIEIRA, S N VILA UNIAO. 60420-055 Fortaleza - CE.
23222964;ESCOLA MUNICIPAL HEITOR VILLA LOBOS;-3.83800628;-38.58055826;fundamental_i;municipal;ativa;geral;nao;AVENIDA NOVA FORTALEZA, 1635 PLANALTO AYRTON SENNA. 60766-680 Fortaleza - CE.
23070960;ESCOLA MUNICIPAL HENRIQUETA GALENO;-3.79758800;-38.58082000;infantil|fundamental_i|fundamental_ii;municipal;ativa;geral;nao;RUA MAJOR MONTENEGRO, 917 MANUEL SATIRO. 60713-520 Fortaleza - CE.
23213736;ESCOLA MUNICIPAL HERBERT DE SOUZA;-3.79742300;-38.60803000;infantil|fundamental_i;municipal;ativa;geral;nao;RUA URUCUTUBA, 1599 BOM JARDIM. 60543-315 Fortaleza - CE.
23234318;ESCOLA MUNICIPAL HERONDINA LIMA CAVALCANTE;-3.71597441;-38.59811969;fundamental_i|fundamental_ii;municipal;ativa;geral;nao;AVENIDA AMBIENTALISTA ARY THIERS, 310 CJ BEIRA. VILA VELHA. 60348-100 Fortaleza - CE.
23071028;ESCOLA MUNICIPAL HILBERTO SILVA;-3.71208082;-38.55569476;fundamental_i;municipal;ativa;geral;nao;AVENIDA PRESIDENTE CASTELO BRANCO, 2973 CARLITO PAMPLONA. 60312-060 Fortaleza - CE.
23257105;ESCOLA MUNICIPAL HILZA DIOGO CALS;-3.80376654;-38.58544610;infantil|fundamental_i;municipal;ativa;geral;nao;AVENIDA WALDIR DIOGO, 850 NOVO MONDUBIM. 60764-020 Fortaleza - CE.
23069538;ESCOLA MUNICIPAL HONORIO BEZERRA;-3.72300894;-38.56146636;fundamental_i;municipal;ativa;geral;nao;RUA CAPITAO NESTOR GOIS, 400 ELLERY. 60320-380 Fortaleza - CE.
23233702;ESCOLA MUNICIPAL IMACULADA CONCEICAO;-3.82200112;-38.53309105;infantil|fundamental_i;municipal;ativa;geral;nao;RUA 1, 10 CJ JARDIM CASTELAO. PASSARE. 60862-120 Fortaleza - CE.
23324252;ESCOLA MUNICIPAL INFANTE ROSALINA RODRIGUES;-3.80683411;-38.54899546;infantil|fundamental_i;municipal;ativa;geral;nao;AVENIDA II, 700 LOT AV DOS EXPED. PARQUE DOIS IRMAOS. 60745-510 Fortaleza - CE.
23244976;ESCOLA MUNICIPAL IRMA GIULIANA GALLI;-3.78420938;-38.54973255;infantil|fundamental_i;municipal;ativa;geral;nao;RUA ANTONIO BOTELHO, 715 SERRINHA. 60741-110 Fortaleza - CE.
23233834;ESCOLA MUNICIPAL IRMA MARIA EVANETE;-3.76090480;-38.60325848;infantil|fundamental_i;municipal;ativa;geral;nao;AVENIDA D, 1015 CONJUNTO CEARA. 60533-621 Fortaleza - CE.
23256966;ESCOLA MUNICIPAL IRMA ROCHA;-3.77723063;-38.60114324;infantil|fundamental_i;municipal;ativa;geral;nao;RUA EMILIO DE MENEZES, 2515 GRANJA PORTUGAL. 60541-424 Fortaleza - CE.
23077611;ESCOLA MUNICIPAL IRMA SIMAS;-3.79070799;-38.47551446;fundamental_i;municipal;ativa;geral;nao;RUA JOAO MARIANO, 608 SAPIRANGA. 60833-052 Fortaleza - CE.
23235128;ESCOLA MUNICIPAL ISABEL FERREIRA;-3.82942753;-38.46667872;infantil|fundamental_i;municipal;ativa;geral;nao;RUA ISABEL FERREIRA, 1000 LAGOA REDONDA. 60831-525 Fortaleza - CE.
23071427;ESCOLA MUNICIPAL ISMAEL PORDEUS;-3.78404298;-38.49865462;fundamental_i|fundamental_ii;municipal;ativa;geral;nao;RUA DESEMBARGADOR FAUSTINO DE ALBUQUERQUE, 511 JARDIM DAS OLIVEIRAS. 60821-440 Fortaleza - CE.
23256036;ESCOLA MUNICIPAL JADER DE FIGUEIREDO CORREIA;-3.70574555;-38.58986529;infantil|fundamental_i;municipal;ativa;geral;nao;RUA TOCANDIRA, 61 BARRA DO CEARA. 60330-155 Fortaleza - CE.
23255749;ESCOLA MUNICIPAL JESUS CRISTO;-3.72181449;-38.58340802;infantil|fundamental_i;municipal;ativa;geral;nao;RUA ALBERTO FERREIRA, 564 JARDIM IRACEMA. 60341-140 Fortaleza - CE.
23233842;ESCOLA MUNICIPAL JOAO ESTANISLAU FACANHA;-3.79919417;-38.56288620;infantil|fundamental_i|fundamental_ii;municipal;ativa;geral;nao;RUA 11, S N CJ CAMPO. JARDIM CEARENSE. 60712-300 Fortaleza - CE.
23257172;ESCOLA MUNICIPAL JOAO FREDERICO FERREIRA GOMES;-3.75356800;-38.60138000;infantil|fundamental_i;municipal;ativa;geral;nao;RUA JOSE MENDONCA, 1150 GENIBAU. 60534-090 Fortaleza - CE.
23071796;ESCOLA MUNICIPAL JOAO GERMANO DA PONTE NETO;-3.84842882;-38.52749199;infantil|fundamental_i;municipal;ativa;geral;nao;RUA MAIZA, 549 CONJUNTO PALMEIRAS. 60870-250 Fortaleza - CE.
23263130;ESCOLA MUNICIPAL JOAO HILDO DE CARVALHO FURTADO;-3.83046837;-38.59043819;infantil|fundamental_i|fundamental_ii;municipal;ativa;geral;nao;RUA JUVENCIO SALES, S N MONDUBIM. 60764-600 Fortaleza - CE.
23071850;ESCOLA MUNICIPAL JOAO MENDES DE ANDRADE;-3.78893368;-38.62944991;infantil|fundamental_i|fundamental_ii;municipal;ativa;geral;nao;RUA B, 1366 CJ PALMARES. GRANJA LISBOA. 60540-258 Fortaleza - CE.
23546018;ESCOLA MUNICIPAL JOAO NOGUEIRA JUCA;-3.84746819;-38.47636308;infantil|fundamental_i;municipal;ativa;geral;nao;RUA B, 10 LOT ESP MESSEJANA. COACU. 60872-110 Fortaleza - CE.
23264160;ESCOLA MUNICIPAL JOAO NUNES PINHEIRO;-3.76522370;-38.60481223;infantil|fundamental_i;municipal;ativa;geral;nao;AVENIDA F, 550 ET 1ª ET 1ª. CONJUNTO CEARA. 60533-644 Fortaleza - CE.
23272759;ESCOLA MUNICIPAL JOAO PAULO I;-3.77678903;-38.57782261;infantil|fundamental_i;municipal;ativa;geral;nao;RUA LUIS DE CASTRO, 254 BONSUCESSO. 60520-485 Fortaleza - CE.
23257202;ESCOLA MUNICIPAL JOAO PAULO II;-3.77060409;-38.61389444;infantil|fundamental_i;municipal;ativa;geral;nao;AVENIDA C, 1381 ET 2ª CONJUNTO CEARA. 60533-617 Fortaleza - CE.
23235373;ESCOLA MUNICIPAL JOAO SARAIVA LEAO;-3.82598067;-38.47729894;infantil|fundamental_i;municipal;ativa;geral;nao;AVENIDA PROFESSOR JOSE ARTHUR DE CARVALHO, 50 LAGOA REDONDA. 60831-370 Fortaleza - CE.
23072016;ESCOLA MUNICIPAL JOAQUIM ALVES;-3.81775368;-38.61947872;infantil|fundamental_i;municipal;ativa;geral;nao;RUA COSTA DO SOL, 1061 SIQUEIRA. 60732-180 Fortaleza - CE.
23185066;ESCOLA MUNICIPAL JOAQUIM NOGUEIRA;-3.73841826;-38.59516595;;municipal;paralisada;geral;nao;RUA PADRE PERDIGAO SAMPAIO, 250 QUINTINO CUNHA. 60351-695 Fortaleza - CE.
23274034;ESCOLA MUNICIPAL JOHNSON;-3.76780500;-38.49393000;fundamental_ii;municipal;ativa;geral;nao;RUA DOUTORA SOCORRO AZEVEDO, 461 ENGENHEIRO LUCIANO CAVALCANTE. 60810-400 Fortaleza - CE.
23234067;ESCOLA MUNICIPAL JONATHAN DA ROCHA ALCOFORADO;-3.82616940;-38.58080361;infantil|fundamental_i|fundamental_ii;municipal;ativa;geral;nao;RUA MARIA GOMES DE SA, 1030 MONDUBIM. 60765-173 Fortaleza - CE.
23245182;ESCOLA MUNICIPAL JORNALISTA DEMOCRITO DUMMAR;-3.82081525;-38.60846107;infantil|fundamental_i;municipal;ativa;geral;nao;AVENIDA EUCLIDES PAULINO BARROSO, 2505 CANINDEZINHO. 60734-630 Fortaleza - CE.
23080124;ESCOLA MUNICIPAL JORNALISTA DURVAL AIRES;-3.83565833;-38.57780333;fundamental_ii;municipal;ativa;geral;nao;RUA DO SOL, 522 PLANALTO AYRTON SENNA. 60766-160 Fortaleza - CE.
23324260;ESCOLA MUNICIPAL JORNALISTA JOSE BLANCHARD GIRAO DA SILVA;-3.84480530;-38.50673365;infantil|fundamental_i;municipal;ativa;geral;nao;TRAVESSA MISSIONARIO OLIVEIRA, 301 CJ SANTA FILOMENA. JANGURUSSU. 60870-603 Fortaleza - CE.
23244305;ESCOLA MUNICIPAL JOSE ALCIDES PINTO;-3.77366800;-38.58578000;fundamental_ii;municipal;ativa;geral;nao;RUA GUARANI, 2000 BONSUCESSO. 60520-494 Fortaleza - CE.
23072202;ESCOLA MUNICIPAL JOSE AYRTON TEIXEIRA;-3.81081000;-38.58396000;fundamental_ii;municipal;ativa;geral;nao;RUA ALFREDO MAMEDE, S N NOVO MONDUBIM. 60763-806 Fortaleza - CE.
23250429;ESCOLA MUNICIPAL JOSE BARROS DE ALENCAR;-3.83846768;-38.49057646;infantil|fundamental_i;municipal;ativa;geral;nao;RUA GARDENIA, S N PARQUE MAMOEIRO. PAUPINA. 60872-675 Fortaleza - CE.
23234407;ESCOLA MUNICIPAL JOSE BATISTA DE OLIVEIRA;-3.75752653;-38.56536000;infantil|fundamental_i;municipal;ativa;geral;nao;RUA GOIAS, S N PANAMERICANO. 60441-005 Fortaleza - CE.
23072245;ESCOLA MUNICIPAL JOSE BONIFACIO DE SOUSA;-3.75758232;-38.57189197;fundamental_ii;municipal;ativa;geral;nao;RUA PERNAMBUCO, 600 DEMOCRITO ROCHA. 60440-140 Fortaleza - CE.
23270675;ESCOLA MUNICIPAL JOSE CARLOS DA COSTA RIBEIRO;-3.73711167;-38.59937333;infantil|fundamental_i|fundamental_ii;municipal;ativa;geral;nao;RUA PIO SARAIVA, 335 QUINTINO CUNHA. 60352-470 Fortaleza - CE.
23257482;ESCOLA MUNICIPAL JOSE CARLOS DE PINHO;-3.77373536;-38.49157406;infantil|fundamental_i;municipal;ativa;geral;nao;RUA LUIZA MIRANDA COELHO, 595 ENGENHEIRO LUCIANO CAVALCANTE. 60811-110 Fortaleza - CE.
23256796;ESCOLA MUNICIPAL JOSE CARLOS MATOS;-3.78342481;-38.59587339;infantil|fundamental_i;municipal;ativa;geral;nao;RUA ITAJAI, 802 GRANJA PORTUGAL. 60545-290 Fortaleza - CE.
23072270;ESCOLA MUNICIPAL JOSE DE ALENCAR;-3.71971700;-38.58305000;fundamental_ii;municipal;ativa;geral;nao;RUA ALBERTO FERREIRA, 248 JARDIM IRACEMA. 60341-140 Fortaleza - CE.
23072350;ESCOLA MUNICIPAL JOSE DIAS MACEDO;-3.73154920;-38.50198740;infantil|fundamental_i;municipal;ativa;geral;nao;RUA NUNES VALENTE, 809 MEIRELES. 60125-070 Fortaleza - CE.
23186771;ESCOLA MUNICIPAL JOSE MOREIRA LEITAO;-3.85128167;-38.50176100;infantil|fundamental_i;municipal;ativa;geral;nao;RUA HONORINA MAIA, 467 PARQUE SANTA MARIA. 60873-000 Fortaleza - CE.
23245212;ESCOLA MUNICIPAL JOSE NAURI BRAGA;-3.74960635;-38.56646006;infantil|fundamental_i;municipal;ativa;geral;nao;RUA LILIA ABREU, 231 PICI. 60440-543 Fortaleza - CE.
23072512;ESCOLA MUNICIPAL JOSE RAMOS TORRES DE MELO;-3.72538100;-38.48394000;fundamental_ii;municipal;ativa;geral;nao;AVENIDA DA ABOLICAO, 3984 MUCURIPE. 60165-082 Fortaleza - CE.
23256478;ESCOLA MUNICIPAL JOSE SOBREIRA DE AMORIM;-3.79766795;-38.51166171;infantil|fundamental_i;municipal;ativa;geral;nao;RUA TENENTE TITO BARROS, 330 CAJAZEIRAS. 60864-300 Fortaleza - CE.
23078693;ESCOLA MUNICIPAL JOSEFA BARROS DE ALENCAR;-3.82858293;-38.48651707;infantil|fundamental_i;municipal;ativa;geral;nao;RUA DOUTOR JOAQUIM BENTO, 590 MESSEJANA. 60840-200 Fortaleza - CE.
23263334;ESCOLA MUNICIPAL LENIRA JUREMA DE MAGALHAES;-3.72586589;-38.54617747;infantil|fundamental_i;municipal;ativa;geral;nao;RUA TEOFILO GURGEL, 111 MONTE CASTELO. 60325-250 Fortaleza - CE.
23256001;ESCOLA MUNICIPAL LIONS CLUBE FORTALEZA FATIMA;-3.83848512;-38.51359458;fundamental_i;municipal;ativa;geral;nao;TRAVESSA LIONS CLUBE, 141 JANGURUSSU. 60865-415 Fortaleza - CE.
23263326;ESCOLA MUNICIPAL LORHAN MARQUES MEDEIROS;-3.72157000;-38.59111000;infantil|fundamental_i;municipal;ativa;geral;nao;RUA CREUZA ROCHA, 255 JARDIM GUANABARA. 60346-352 Fortaleza - CE.
23233729;ESCOLA MUNICIPAL LUIS ANGELO PEREIRA;-3.72651226;-38.47689835;infantil|fundamental_i;municipal;ativa;geral;nao;RUA OSMUNDO CAVALCANTE DE OLIVEIRA, 90 MUCURIPE. 60175-552 Fortaleza - CE.
23186950;ESCOLA MUNICIPAL MADRE TERESA DE CALCUTA;-3.79765167;-38.58526833;infantil|fundamental_i;municipal;ativa;geral;nao;RUA GUILHERME MOREIRA, 75 FATIMA. 60040-490 Fortaleza - CE.
23271531;ESCOLA MUNICIPAL MANOEL CAETANO DE SOUZA;-3.76262000;-38.59656167;infantil|fundamental_i;municipal;ativa;geral;nao;RUA SANTA LUCIA, 211 GENIBAU. 60534-255 Fortaleza - CE.
23256699;ESCOLA MUNICIPAL MANOEL MALVEIRA MAIA;-3.79127900;-38.61930000;infantil|fundamental_i;municipal;ativa;geral;nao;RUA MANUEL GALDINO, S N GRANJA LISBOA. 60540-125 Fortaleza - CE.
23255641;ESCOLA MUNICIPAL MANOEL RODRIGUES;-3.72448665;-38.59148358;fundamental_ii;municipal;ativa;geral;nao;RUA MARIA CLARA, 1237 JARDIM GUANABARA. 60346-218 Fortaleza - CE.
23244291;ESCOLA MUNICIPAL MANOELITO GUIMARAES DOMINGUES;-3.86146991;-38.50578692;infantil|fundamental_i;municipal;ativa;geral;nao;RUA BABILONIA, S N ANCURI. 60874-130 Fortaleza - CE.
23184558;ESCOLA MUNICIPAL MANUEL LIMA SOARES;-3.79940925;-38.54612164;infantil|fundamental_ii;municipal;ativa;geral;nao;RUA 130, 60 CJ TUPAMIRIM I. PARQUE DOIS IRMAOS. 60744-640 Fortaleza - CE.
23198486;ESCOLA MUNICIPAL MARCOS VALENTIM PEREIRA DE SOUZA;-3.78277569;-38.54265025;infantil|fundamental_i;municipal;ativa;geral;nao;RUA FREIRE ALEMAO, 91 SERRINHA. 60742-110 Fortaleza - CE.
23270560;ESCOLA MUNICIPAL MARIA ALICE;-3.73498755;-38.48341979;infantil|fundamental_i;municipal;ativa;geral;nao;RUA RAIMUNDO OLIVEIRA FILHO, 95 PAPICU. 60175-175 Fortaleza - CE.
23257300;ESCOLA MUNICIPAL MARIA BEZERRA QUEVEDO;-3.80752851;-38.58750176;infantil|fundamental_i;municipal;ativa;geral;nao;RUA 103, 28 CJ NOVO MONDUBIM. NOVO MONDUBIM. 60764-260 Fortaleza - CE.
23257644;ESCOLA MUNICIPAL MARIA CARDOSO;-3.72620466;-38.59863018;infantil|fundamental_i;municipal;ativa;geral;nao;RUA FRANCISQUINHA PORTELA, 1151 QUINTINO CUNHA. 60351-840 Fortaleza - CE.
23255854;ESCOLA MUNICIPAL MARIA DALVA SEVERINO MARREIRO;-3.72520970;-38.58441741;infantil|fundamental_i;municipal;ativa;geral;nao;RUA RIO PARAGUAI, 782 JARDIM IRACEMA. 60341-270 Fortaleza - CE.
23234423;ESCOLA MUNICIPAL MARIA DE CARVALHO MARTINS;-3.79160578;-38.53757179;infantil|fundamental_i;municipal;ativa;geral;nao;AVENIDA DOUTOR SILAS MUNGUBA, 4300 ITAPERI. 60714-502 Fortaleza - CE.
23073535;ESCOLA MUNICIPAL MARIA DE JESUS ORIA ALENCAR;-3.85252294;-38.51169482;infantil|fundamental_i;municipal;ativa;geral;nao;RUA 43, S N CJ SAO JOAO. JANGURUSSU. 60876-660 Fortaleza - CE.
23256591;ESCOLA MUNICIPAL MARIA DE LOURDES;-3.78753415;-38.50933691;infantil|fundamental_i;municipal;ativa;geral;nao;RUA LUIS MENDES, 174 CIDADE DOS FUNCIONARIOS. 60823-080 Fortaleza - CE.
23073543;ESCOLA MUNICIPAL MARIA DE LOURDES RIBEIRO JEREISSATI;-3.78321189;-38.50307210;infantil|fundamental_i|fundamental_ii;municipal;ativa;geral;nao;RUA REINO UNIDO, 115 JARDIM DAS OLIVEIRAS. 60820-140 Fortaleza - CE.
23263121;ESCOLA MUNICIPAL MARIA DOLORES PETROLA DE MELO JORGE;-3.78163003;-38.62413490;infantil|fundamental_i;municipal;ativa;geral;nao;RUA PAULINO ROCHA, 1000 GRANJA LISBOA. 60540-576 Fortaleza - CE.
23198818;ESCOLA MUNICIPAL MARIA FELICIO LOPES;-3.72228411;-38.47157951;infantil|fundamental_i|fundamental_ii;municipal;ativa;geral;nao;RUA ISMAEL PORDEUS, 70 VICENTE PINZON. 60181-712 Fortaleza - CE.
23073667;ESCOLA MUNICIPAL MARIA HELENILCE CAVALCANTE LEITE MARTINS;-3.85086227;-38.52473522;infantil|fundamental_ii;municipal;ativa;geral;nao;RUA MAIZA, S N CONJUNTO PALMEIRAS. 60870-250 Fortaleza - CE.
23257881;ESCOLA MUNICIPAL MARIA MARIZA MENDES DE CARVALHO;-3.72010058;-38.60621227;infantil|fundamental_i;municipal;ativa;geral;nao;RUA RAIMUNDO CUNHA, 1174 VILA VELHA. 60345-151 Fortaleza - CE.
23330015;ESCOLA MUNICIPAL MARIA MARQUES CEDRO;-3.83628667;-38.57586833;infantil|fundamental_i;municipal;ativa;geral;nao;RUA DO SOL, 285 PLANALTO AYRTON SENNA. 60766-160 Fortaleza - CE.
23213140;ESCOLA MUNICIPAL MARIA ROCHELLE DA SILVA;-3.83862410;-38.57830780;fundamental_ii;municipal;ativa;geral;nao;RUA DELMIRO JUNIOR, 50 PLANALTO AYRTON SENNA. 60766-455 Fortaleza - CE.
23190787;ESCOLA MUNICIPAL MARIA ROSELI LIMA MESQUITA;-3.71705333;-38.57401833;infantil|fundamental_i;municipal;ativa;geral;nao;RUA FRANCISCO CALACA, 1791 ALVARO WEYNE. 60336-045 Fortaleza - CE.
23073764;ESCOLA MUNICIPAL MARIA VIVIANE BENEVIDES GOUVEIA;-3.80087833;-38.57676167;infantil|fundamental_i|fundamental_ii;municipal;ativa;geral;nao;RUA CREUZA ROQUE, 247 MANUEL SATIRO. 60713-330 Fortaleza - CE.
23073772;ESCOLA MUNICIPAL MARIA ZELIA CORREIA DE SOUZA;-3.83111000;-38.57087167;infantil|fundamental_i;municipal;ativa;geral;nao;RUA ANTONIO PEREIRA, 1495 PLANALTO AYRTON SENNA. 60760-525 Fortaleza - CE.
23074078;ESCOLA MUNICIPAL MARIETA CALS;-3.84557736;-38.52365018;infantil|fundamental_ii;municipal;ativa;geral;nao;RUA VALPARAISO, 160 CONJUNTO PALMEIRAS. 60870-440 Fortaleza - CE.
23074086;ESCOLA MUNICIPAL MARIETA GUEDES MARTINS;-3.80683760;-38.59326369;fundamental_ii;municipal;ativa;geral;nao;RUA CONEGO DE CASTRO, 4701 NOVO MONDUBIM. 60764-205 Fortaleza - CE.
23206152;ESCOLA MUNICIPAL MARILENE LOPES RABELO;-3.83077770;-38.59786664;infantil|fundamental_i;municipal;ativa;geral;nao;RUA JACARANDA, 460 PARQUE PRESIDENTE VARGAS. 60765-551 Fortaleza - CE.
23074124;ESCOLA MUNICIPAL MARTHA DOS MARTINS COELHO GUILHERME;-3.83875500;-38.52317833;infantil|fundamental_i|fundamental_ii;municipal;ativa;geral;nao;RUA 313, 243 CJ SAO CRISTOVAO. JANGURUSSU. 60866-370 Fortaleza - CE.
23257520;ESCOLA MUNICIPAL MINHA VIDA MEUS AMORES;-3.83138333;-38.55609000;infantil|fundamental_i;municipal;ativa;geral;nao;AVENIDA D, 380 ET 2 PREFEITO JOSE WALTER. 60750-030 Fortaleza - CE.
23073080;ESCOLA MUNICIPAL MONSENHOR LINHARES;-3.74537667;-38.55992167;fundamental_ii;municipal;ativa;geral;nao;RUA PROFESSOR LINO ENCARNACAO, 1130 PARQUELANDIA. 60450-235 Fortaleza - CE.
23234172;ESCOLA MUNICIPAL MONTEIRO LOBATO;-3.83244954;-38.55910999;infantil|fundamental_i;municipal;ativa;geral;nao;RUA 83, 181 PREFEITO JOSE WALTER. 60751-050 Fortaleza - CE.
23078677;ESCOLA MUNICIPAL MOREIRA DA ROCHA;-3.81445007;-38.46605184;infantil|fundamental_i;municipal;ativa;geral;nao;AVENIDA ODILON GUIMARAES, 3860 LAGOA REDONDA. 60831-295 Fortaleza - CE.
23074876;ESCOLA MUNICIPAL MOURA BRASIL;-3.71853321;-38.53503530;infantil|fundamental_i|fundamental_ii;municipal;ativa;geral;nao;RUA PADRE MORORO, 189 MOURA BRASIL. 60010-100 Fortaleza - CE.
23069368;ESCOLA MUNICIPAL MOZART PINTO;-3.75403671;-38.53978875;infantil|fundamental_i;municipal;ativa;geral;nao;RUA JORGE DUMAR, 2078 JARDIM AMERICA. 60410-426 Fortaleza - CE.
23075015;ESCOLA MUNICIPAL MURILO AGUIAR;-3.75479260;-38.60303988;infantil|fundamental_i;municipal;ativa;geral;nao;RUA 24 DE OUTUBRO, 655 GENIBAU. 60534-130 Fortaleza - CE.
23257237;ESCOLA MUNICIPAL MURILO SERPA;-3.75582286;-38.58386375;infantil|fundamental_i;municipal;ativa;geral;nao;RUA MONSENHOR HIPOLITO BRASIL, 1400 DOM LUSTOSA. 60526-055 Fortaleza - CE.
23075058;ESCOLA MUNICIPAL NARCISA BORGES;-3.73925585;-38.57987795;infantil|fundamental_i;municipal;ativa;geral;nao;TRAVESSA COSTA RICA, S N PADRE ANDRADE. 60360-490 Fortaleza - CE.
23302615;ESCOLA MUNICIPAL NARCISO PESSOA DE ARAUJO;-3.80174228;-38.59880733;fundamental_ii;municipal;ativa;geral;nao;AVENIDA GENERAL OSORIO DE PAIVA, 4841 CANINDEZINHO. 60731-335 Fortaleza - CE.
23273755;ESCOLA MUNICIPAL NELSON MANDELA;-3.82906300;-38.55521265;fundamental_ii;municipal;ativa;geral;nao;AVENIDA C, 435 PREFEITO JOSE WALTER. 60750-020 Fortaleza - CE.
23075120;ESCOLA MUNICIPAL NILSON HOLANDA;-3.74928375;-38.56161144;fundamental_ii;municipal;ativa;geral;nao;RUA VIRIATO RIBEIRO, 890 BELA VISTA. 60442-642 Fortaleza - CE.
23233877;ESCOLA MUNICIPAL NOELZINDA SATIRO SANTIAGO;-3.78276333;-38.58290000;infantil|fundamental_i;municipal;ativa;geral;nao;RUA DOM XISTO ALBANO, 1298 PARQUE SAO JOSE. 60730-225 Fortaleza - CE.
23245379;ESCOLA MUNICIPAL NOSSA SENHORA APARECIDA;-3.72176372;-38.53540211;infantil|fundamental_i;municipal;ativa;geral;nao;RUA TERESA CRISTINA, 112 CENTRO. 60015-140 Fortaleza - CE.
23255889;ESCOLA MUNICIPAL NOSSA SENHORA DO PERPETUO SOCORRO;-3.71637300;-38.56172000;fundamental_ii;municipal;ativa;geral;nao;RUA CONSUL GOUVEIA, 57 ALVARO WEYNE. 60335-390 Fortaleza - CE.
23257393;ESCOLA MUNICIPAL NOSSA SENHORA DO SAGRADO CORACAO;-3.75978297;-38.51698757;infantil|fundamental_i;municipal;ativa;geral;nao;RUA ANA GONCALVES, 1 TAUAPE. 60130-490 Fortaleza - CE.
23256737;ESCOLA MUNICIPAL NOVO RENASCER;-3.82653833;-38.56476467;infantil|fundamental_i;municipal;ativa;geral;nao;RUA LO 05, 140 MONDUBIM. 60762-397 Fortaleza - CE.
23078723;ESCOLA MUNICIPAL OTAVIO DE FARIAS;-3.81492174;-38.50995271;infantil|fundamental_i;municipal;ativa;geral;nao;RUA JOAO FERREIRA, S N CJ JARDIM VIOLETA. BARROSO. 60862-650 Fortaleza - CE.
23184914;ESCOLA MUNICIPAL PADRE ANTONIO MONTEIRO DA CRUZ;-3.81719137;-38.60237132;infantil|fundamental_i|fundamental_ii;municipal;ativa;geral;nao;RUA DE PEDESTRE XIII, 25 CJ JARDIM FLUMINENSE. CANINDEZINHO. 60734-290 Fortaleza - CE.
23072180;ESCOLA MUNICIPAL PADRE ARIMATEIA DINIZ;-3.76843316;-38.59918939;infantil|fundamental_i|fundamental_ii;municipal;ativa;geral;nao;RUA 810, S N ET 3ª ET 3ª. CONJUNTO CEARA. 60532-150 Fortaleza - CE.
23257725;ESCOLA MUNICIPAL PADRE CICERO ROMAO BATISTA;-3.81168835;-38.59467324;infantil|fundamental_i;municipal;ativa;geral;nao;RUA 114, 460 CONJUNTO ESPERANCA. 60763-630 Fortaleza - CE.
23256486;ESCOLA MUNICIPAL PADRE FELICE PISTONE;-3.75689002;-38.54941109;infantil|fundamental_i;municipal;ativa;geral;nao;RUA JULIO CESAR, 1810 BOM FUTURO. 60425-236 Fortaleza - CE.
23068469;ESCOLA MUNICIPAL PADRE JOSEFINO CABRAL;-3.73386771;-38.58898954;infantil|fundamental_i;municipal;ativa;geral;nao;AVENIDA SARGENTO HERMINIO SAMPAIO, 5598 ANTONIO BEZERRA. 60350-484 Fortaleza - CE.
23071990;ESCOLA MUNICIPAL PAPA JOAO XXIII;-3.76353712;-38.53398616;infantil|fundamental_i;municipal;ativa;geral;nao;RUA TREZE DE ABRIL, 545 VILA UNIAO. 60411-055 Fortaleza - CE.
23074582;ESCOLA MUNICIPAL PARQUE SAO MIGUEL;-3.82874667;-38.47544000;infantil|fundamental_i;municipal;ativa;geral;nao;RUA LOURDES VIDAL ALVES, 444 LAGOA REDONDA. 60831-160 Fortaleza - CE.
23272716;ESCOLA MUNICIPAL PATATIVA DO ASSARE;-3.71512600;-38.56195000;infantil|fundamental_i;municipal;ativa;geral;nao;RUA IRINEU DE SOUSA, 197 ALVARO WEYNE. 60337-180 Fortaleza - CE.
23075856;ESCOLA MUNICIPAL PAULO SARASATE;-3.76431460;-38.56341122;infantil|fundamental_i;municipal;ativa;geral;nao;RUA PEDRO MUNIZ, 250 DEMOCRITO ROCHA. 60440-060 Fortaleza - CE.
23546999;ESCOLA MUNICIPAL PAULO SERGIO DE SOUSA LIRA;-3.81264185;-38.51838207;fundamental_i;municipal;ativa;geral;nao;RUA ITABORAI, 264 PASSARE. 60861-830 Fortaleza - CE.
23072911;ESCOLA MUNICIPAL PRESIDENTE KENNEDY;-3.76807667;-38.57783333;fundamental_ii;municipal;ativa;geral;nao;AVENIDA LINEU MACHADO, 811 JOQUEI CLUBE. 60520-101 Fortaleza - CE.
23065125;ESCOLA MUNICIPAL PROFESSOR AMERICO BARREIRA;-3.76268704;-38.59965803;fundamental_ii;municipal;ativa;geral;nao;RUA RICARDO PONTE, S N GENIBAU. 60534-020 Fortaleza - CE.
23065206;ESCOLA MUNICIPAL PROFESSOR ANISIO TEIXEIRA;-3.85875790;-38.49269973;infantil|fundamental_i;municipal;ativa;geral;nao;RUA GUARANI, 355 LOT ITAMARATY. PAUPINA. 60873-530 Fortaleza - CE.
23188375;ESCOLA MUNICIPAL PROFESSOR CLODOALDO PINTO;-3.73094697;-38.58112495;infantil|fundamental_i;municipal;ativa;geral;nao;RUA BANVARTH BEZERRA, 100 PADRE ANDRADE. 60356-400 Fortaleza - CE.
23263075;ESCOLA MUNICIPAL PROFESSOR CLODOMIR TEOFILO GIRAO;-3.82098710;-38.48908089;infantil|fundamental_i;municipal;ativa;geral;nao;TRAVESSA RUTILO, 108 CJ SAO BERNARDO. MESSEJANA. 60841-645 Fortaleza - CE.
23184680;ESCOLA MUNICIPAL PROFESSOR DENIZARD MACEDO DE ALCANTARA;-3.73137915;-38.58892422;infantil|fundamental_i;municipal;ativa;geral;nao;RUA MATOSO FILHO, 450 OLAVO OLIVEIRA. 60351-365 Fortaleza - CE.
23264187;ESCOLA MUNICIPAL PROFESSOR EDILSON BRASIL SOAREZ;-3.80218836;-38.61452643;infantil|fundamental_i|fundamental_ii;municipal;ativa;geral;nao;AVENIDA I, S N CJ TATUMUNDE. SIQUEIRA. 60544-700 Fortaleza - CE.
23250631;ESCOLA MUNICIPAL PROFESSOR ERNESTO GURGEL;-3.79065259;-38.46651007;infantil|fundamental_i|fundamental_ii;municipal;ativa;geral;nao;RUA OLEGARIO MEMORIA, 3105 SAPIRANGA. 60833-045 Fortaleza - CE.
23070013;ESCOLA MUNICIPAL PROFESSOR FRANCISCO DE MELO JABORANDI;-3.83167992;-38.51882626;infantil|fundamental_i;municipal;ativa;geral;nao;AVENIDA GOVERNADOR LEONEL BRIZOLA, 198 CJ SAO CRISTOVAO. JANGURUSSU. 60866-190 Fortaleza - CE.
23070048;ESCOLA MUNICIPAL PROFESSOR FRANCISCO MAURICIO DE MATTOS DOURADO;-3.77228100;-38.47897000;infantil|fundamental_i;municipal;ativa;geral;nao;RUA DESEMBARGADOR FLORIANO BENEVIDES MAGALHAES, 391 EDSON QUEIROZ. 60811-690 Fortaleza - CE.
23263040;ESCOLA MUNICIPAL PROFESSOR GERARDO MILTON DE SA;-3.74220780;-38.58914760;infantil|fundamental_i|fundamental_ii;municipal;ativa;geral;nao;RUA VALE COSTA, S N ANTONIO BEZERRA. 60360-720 Fortaleza - CE.
23071435;ESCOLA MUNICIPAL PROFESSOR JACINTO BOTELHO;-3.80613259;-38.56892042;infantil|fundamental_i|fundamental_ii;municipal;ativa;geral;nao;RUA DOUTOR RODRIGO CODES SANDOVAL, 374 MONDUBIM. 60711-455 Fortaleza - CE.
23071818;ESCOLA MUNICIPAL PROFESSOR JOAO HIPOLYTO DE AZEVEDO E SA;-3.78842000;-38.52714833;infantil|fundamental_i|fundamental_ii;municipal;ativa;geral;nao;RUA 3, 88 CJ NAPOLEAO VIANA. DIAS MACEDO. 60860-490 Fortaleza - CE.
23244283;ESCOLA MUNICIPAL PROFESSOR JOSE CIRIO PEREIRA FILHO;-3.80549174;-38.62314520;infantil|fundamental_i;municipal;ativa;geral;nao;RUA QUARTZO ROSA, 100 SIQUEIRA. 60732-498 Fortaleza - CE.
23304812;ESCOLA MUNICIPAL PROFESSOR JOSE FERREIRA DE ALENCAR;-3.79867634;-38.60184655;infantil|fundamental_i;municipal;ativa;geral;nao;RUA SAO FRANCISCO DO JARDIM, 557 BOM JARDIM. 60545-064 Fortaleza - CE.
23235080;ESCOLA MUNICIPAL PROFESSOR JOSE MARIA MOREIRA CAMPOS;-3.81910700;-38.59174000;infantil|fundamental_i|fundamental_ii;municipal;ativa;geral;nao;RUA FRANCISCO ALMEIDA, 525 PARQUE SANTA ROSA. 60762-845 Fortaleza - CE.
23069350;ESCOLA MUNICIPAL PROFESSOR JOSE MILITAO DE ALBUQUERQUE;-3.75934667;-38.61030833;fundamental_i|fundamental_ii;municipal;ativa;geral;nao;RUA 1145, 14 ET 4ª CONJUNTO CEARA. 60533-470 Fortaleza - CE.
23072520;ESCOLA MUNICIPAL PROFESSOR JOSE REBOUCAS MACAMBIRA;-3.72228891;-38.59086298;infantil|fundamental_i|fundamental_ii;municipal;ativa;geral;nao;RUA CARIUS, 200 JARDIM GUANABARA. 60346-271 Fortaleza - CE.
23072156;ESCOLA MUNICIPAL PROFESSOR JOSE SOBREIRA DE AMORIM;-3.76502249;-38.57851929;infantil|fundamental_i;municipal;ativa;geral;nao;RUA ESTRADA DO PICI, 1083 HENRIQUE JORGE. 60510-206 Fortaleza - CE.
23072563;ESCOLA MUNICIPAL PROFESSOR JOSE VALDEVINO DE CARVALHO;-3.77585701;-38.55896746;infantil|fundamental_i;municipal;ativa;geral;nao;RUA GUARA, S N PARANGABA. 60740-140 Fortaleza - CE.
23187840;ESCOLA MUNICIPAL PROFESSOR LUIS COSTA;-3.76940600;-38.49607000;infantil|fundamental_i;municipal;ativa;geral;nao;RUA JOSE GUILHERME DA COSTA, 156 ENGENHEIRO LUCIANO CAVALCANTE. 60811-300 Fortaleza - CE.
23212543;ESCOLA MUNICIPAL PROFESSOR LUIS RECAMONDE CAPELO;-3.77555000;-38.58815000;fundamental_ii;municipal;ativa;geral;nao;RUA MARIA QUINTELA, 706 BONSUCESSO. 60520-790 Fortaleza - CE.
23325216;ESCOLA MUNICIPAL PROFESSOR MANUEL EDUARDO PINHEIRO CAMPOS;-3.78927130;-38.44871337;infantil|fundamental_i|fundamental_ii;municipal;ativa;geral;nao;RUA MIRIU, 500 SABIAGUABA. 60836-050 Fortaleza - CE.
23074140;ESCOLA MUNICIPAL PROFESSOR MARTINZ DE AGUIAR;-3.72218602;-38.55741559;infantil|fundamental_ii;municipal;ativa;geral;nao;RUA BERNARDO PORTO, 470 MONTE CASTELO. 60320-570 Fortaleza - CE.
23074779;ESCOLA MUNICIPAL PROFESSOR MONTEIRO DE MORAES;-3.79748100;-38.46727000;infantil|fundamental_i;municipal;ativa;geral;nao;AVENIDA EVILASIO ALMEIDA MIRANDA, 1608 SAPIRANGA. 60833-302 Fortaleza - CE.
23186690;ESCOLA MUNICIPAL PROFESSOR OSMIRIO DE OLIVEIRA BARRETO;-3.81701833;-38.56964000;infantil|fundamental_i;municipal;ativa;geral;nao;RUA 10, S N CJ SITIO. MONDUBIM. 60752-110 Fortaleza - CE.
23064854;ESCOLA MUNICIPAL PROFESSORA AIDA SANTOS E SILVA;-3.72624240;-38.46566099;infantil|fundamental_i;municipal;ativa;geral;nao;AVENIDA TRAJANO DE MEDEIROS, 813 VICENTE PINZON. 60182-185 Fortaleza - CE.
23064927;ESCOLA MUNICIPAL PROFESSORA ALDACI BARBOSA;-3.79143542;-38.47662351;fundamental_ii;municipal;ativa;geral;nao;RUA OLEGARIO MEMORIA, 1257 SAPIRANGA. 60833-045 Fortaleza - CE.
23445645;ESCOLA MUNICIPAL PROFESSORA ANTONIA MARIA DE LIMA;-3.79062664;-38.62483536;infantil|fundamental_i;municipal;ativa;geral;nao;RUA SARGENTO JOAO PINHEIRO, 2601 GRANJA LISBOA. 60540-513 Fortaleza - CE.
23065958;ESCOLA MUNICIPAL PROFESSORA BELARMINA CAMPOS;-3.72526400;-38.46634000;infantil|fundamental_i|fundamental_ii;municipal;ativa;geral;nao;RUA DOUTOR MANOEL RODRIGUES MONTEIRO, 840 VICENTE PINZON. 60181-805 Fortaleza - CE.
23256605;ESCOLA MUNICIPAL PROFESSORA BERNADETE ORIA DE OLIVEIRA;-3.83947667;-38.52747833;infantil|fundamental_i;municipal;ativa;geral;nao;RUA DOUTOR CODES SANDOVAL, 796 CJ PALMEIRAS II. CONJUNTO PALMEIRAS. 60870-090 Fortaleza - CE.
23067462;ESCOLA MUNICIPAL PROFESSORA CONSUELO AMORA;-3.72375206;-38.47715844;fundamental_i;municipal;ativa;geral;nao;AVENIDA DOS JANGADEIROS, 577 MUCURIPE. 60175-440 Fortaleza - CE.
23068175;ESCOLA MUNICIPAL PROFESSORA EDITH BRAGA;-3.77092333;-38.51590333;infantil|fundamental_i;municipal;ativa;geral;nao;RUA CAPITAO VASCONCELOS, 1061 AEROLANDIA. 60850-680 Fortaleza - CE.
23070188;ESCOLA MUNICIPAL PROFESSORA FERNANDA MARIA DE ALENCAR COLARES;-3.82014445;-38.45239805;infantil|fundamental_i|fundamental_ii;municipal;ativa;geral;nao;AVENIDA PROFESSOR JOSE ARTHUR DE CARVALHO, 1540 LAGOA REDONDA. 60831-370 Fortaleza - CE.
23257059;ESCOLA MUNICIPAL PROFESSORA IRENE DE SOUZA PEREIRA;-3.82554167;-38.57653833;infantil|fundamental_i|fundamental_ii;municipal;ativa;geral;nao;RUA F, S N PLANALTO AYRTON SENNA. 60766-045 Fortaleza - CE.
23256559;ESCOLA MUNICIPAL PROFESSORA JOSEFINA PARENTE DE ARAUJO;-3.80055653;-38.44957469;infantil|fundamental_i;municipal;ativa;geral;nao;RUA PEDRO MAMEDE, 175 SABIAGUABA. 60836-075 Fortaleza - CE.
23073144;ESCOLA MUNICIPAL PROFESSORA LIREDA FACO;-3.78835648;-38.61017810;infantil|fundamental_i|fundamental_ii;municipal;ativa;geral;nao;RUA TRES CORACOES, 735 GRANJA LISBOA. 60540-461 Fortaleza - CE.
23324279;ESCOLA MUNICIPAL PROFESSORA MARIA ANTONEZIA MEIRELES E SA;-3.81937497;-38.50619891;infantil|fundamental_ii;municipal;ativa;geral;nao;RUA CORONEL VIRGILIO TAVORA, 1340 BARROSO. 60862-715 Fortaleza - CE.
23256460;ESCOLA MUNICIPAL PROFESSORA MARIA DO SOCORRO FERREIRA VIRINO;-3.84575597;-38.52303123;infantil|fundamental_i;municipal;ativa;geral;nao;RUA MODESTA, 44 CONJUNTO PALMEIRAS. 60870-140 Fortaleza - CE.
23255919;ESCOLA MUNICIPAL PROFESSORA MARIA EVAN DO CARMO;-3.81599667;-38.47687000;;municipal;paralisada;geral;nao;RUA MATEUS ALMEIDA, 71 JOSE DE ALENCAR. 60830-455 Fortaleza - CE.
23073608;ESCOLA MUNICIPAL PROFESSORA MARIA GONDIM DOS SANTOS;-3.73763802;-38.47827938;infantil|fundamental_i|fundamental_ii;municipal;ativa;geral;nao;TRAVESSA GUARANI, 620 PAPICU. 60175-790 Fortaleza - CE.
23325224;ESCOLA MUNICIPAL PROFESSORA MARIA JOSE MACARIO COELHO;-3.82006976;-38.54251399;fundamental_ii;municipal;ativa;geral;nao;RUA BANABUIU, S N PASSARE. 60861-431 Fortaleza - CE.
23189681;ESCOLA MUNICIPAL PROFESSORA MARIA LIDUINA CORREA LEITE;-3.74920052;-38.56976033;infantil|fundamental_i;municipal;ativa;geral;nao;RUA FERNAO MAGALHAES, 120 PICI. 60440-550 Fortaleza - CE.
23264152;ESCOLA MUNICIPAL PROFESSORA MARIA ODNILRA CRUZ MOREIRA;-3.75552300;-38.46788000;infantil|fundamental_i;municipal;ativa;geral;nao;AVENIDA DAS ADENANTERAS, 800 CIDADE 2000. 60190-560 Fortaleza - CE.
23073748;ESCOLA MUNICIPAL PROFESSORA MARIA STELLA COCHRANE SANTIAGO;-3.79965153;-38.52861545;infantil|fundamental_i|fundamental_ii;municipal;ativa;geral;nao;RUA ANTONIO FARIAS, 121 BOA VISTA CASTELAO. 60861-118 Fortaleza - CE.
23256540;ESCOLA MUNICIPAL PROFESSORA OLINDINA CARVALHO DE MORAIS;-3.82392700;-38.52035000;;municipal;paralisada;geral;nao;RUA 5, 581 CJ JOAO PAULO II. BARROSO. 60863-800 Fortaleza - CE.
23323469;ESCOLA MUNICIPAL PROFESSORA RAIMUNDA FELIX DE ALCANTARA;-3.82552211;-38.48525486;fundamental_i|fundamental_ii;municipal;ativa;geral;nao;RUA MEM DE SA, 384 MESSEJANA. 60841-130 Fortaleza - CE.
23078006;ESCOLA MUNICIPAL PROFESSORA TEREZINHA FERREIRA PARENTE;-3.82686167;-38.46373667;infantil|fundamental_ii;municipal;ativa;geral;nao;RUA NELSON COELHO, 209 LAGOA REDONDA. 60831-410 Fortaleza - CE.
23235365;ESCOLA MUNICIPAL PROFESSORA VANIA MARIA NEVES FACO BARROS;-3.82363333;-38.55591833;infantil|fundamental_i|fundamental_ii;municipal;ativa;geral;nao;RUA 16, 30 PREFEITO JOSE WALTER. 60750-300 Fortaleza - CE.
23078448;ESCOLA MUNICIPAL PROFESSORA VICENTINA CAMPOS MARINHO LOPES;-3.79838616;-38.54711867;;municipal;paralisada;geral;nao;AVENIDA NORTE SUL, 145 CJ JARDIM PRIMAVERA. PARQUE DOIS IRMAOS. 60744-395 Fortaleza - CE.
23075074;ESCOLA MUNICIPAL PROJETO NASCENTE;-3.79428400;-38.55435000;infantil|fundamental_i|fundamental_ii;municipal;ativa;geral;nao;RUA BETEL, S N RACHEL DE QUEIROZ. 60714-612 Fortaleza - CE.
23076682;ESCOLA MUNICIPAL QUINTINO CUNHA;-3.72458000;-38.59168833;fundamental_i;municipal;ativa;geral;nao;RUA MARIA CLARA, 1263 JARDIM GUANABARA. 60346-218 Fortaleza - CE.
23076798;ESCOLA MUNICIPAL RACHEL DE QUEIROZ;-3.82905263;-38.55698338;infantil|fundamental_i;municipal;ativa;geral;nao;AVENIDA C, 559 PREFEITO JOSE WALTER. 60750-020 Fortaleza - CE.
23255960;ESCOLA MUNICIPAL RACHEL DE QUEIROZ;-3.70486167;-38.57656000;infantil|fundamental_i;municipal;ativa;geral;nao;AVENIDA PRESIDENTE CASTELO BRANCO, 5010 BARRA DO CEARA. 60334-100 Fortaleza - CE.
23076720;ESCOLA MUNICIPAL RACHEL VIANA MARTINS;-3.79301038;-38.62460325;infantil|fundamental_i|fundamental_ii;municipal;ativa;geral;nao;RUA TUCUNDUBA, 2703 GRANJA LISBOA. 60540-121 Fortaleza - CE.
23250666;ESCOLA MUNICIPAL RAIMUNDO DE MOURA MATOS;-3.81371500;-38.53729667;infantil|fundamental_i;municipal;ativa;geral;nao;AVENIDA DOIS DE MAIO, 1300 PASSARE. 60867-105 Fortaleza - CE.
23255951;ESCOLA MUNICIPAL RAIMUNDO DE SOUSA MANGUEIRA;-3.72281561;-38.58333536;fundamental_i;municipal;ativa;geral;nao;RUA ALBERTO FERREIRA, 624 JARDIM IRACEMA. 60341-140 Fortaleza - CE.
23256761;ESCOLA MUNICIPAL RAIMUNDO MOREIRA SENA;-3.79660479;-38.61391445;infantil|fundamental_i;municipal;ativa;geral;nao;RUA G, S N BOM JARDIM. 60546-160 Fortaleza - CE.
23184779;ESCOLA MUNICIPAL RAIMUNDO SOARES DE SOUZA;-3.74629845;-38.54099764;fundamental_i|fundamental_ii;municipal;ativa;geral;nao;RUA COSTA FREIRE, 550 VILA PERI. 60730-135 Fortaleza - CE.
23257342;ESCOLA MUNICIPAL REITOR ANTONIO MARTINS FILHO;-3.78121528;-38.60151923;infantil|fundamental_i;municipal;ativa;geral;nao;RUA TEODORO DE CASTRO, 1175 GRANJA PORTUGAL. 60541-192 Fortaleza - CE.
23263318;ESCOLA MUNICIPAL REITOR PEDRO TEIXEIRA BARROSO;-3.71042167;-38.58602500;fundamental_ii;municipal;ativa;geral;nao;RUA FLORENCIO DE ALENCAR, 900 BARRA DO CEARA. 60330-055 Fortaleza - CE.
23077131;ESCOLA MUNICIPAL ROGACIANO LEITE;-3.83771615;-38.55840883;infantil|fundamental_ii;municipal;ativa;geral;nao;RUA 45, S N PREFEITO JOSE WALTER. 60750-590 Fortaleza - CE.
23256990;ESCOLA MUNICIPAL ROSA AMARO CAVALCANTE;-3.81109798;-38.58457295;infantil|fundamental_i;municipal;ativa;geral;nao;RUA ALFREDO MAMEDE, 1064 CONJUNTO ESPERANCA. 60763-425 Fortaleza - CE.
23256656;ESCOLA MUNICIPAL SAGRADO CORACAO;-3.76316168;-38.56026643;infantil|fundamental_i;municipal;ativa;geral;nao;AVENIDA HOLANDA, 477 MARAPONGA. 60711-005 Fortaleza - CE.
23256915;ESCOLA MUNICIPAL SANTA ISABEL;-3.79182753;-38.59802368;infantil|fundamental_i;municipal;ativa;geral;nao;AVENIDA OSCAR ARARIPE, 741 BOM JARDIM. 60543-452 Fortaleza - CE.
23257695;ESCOLA MUNICIPAL SANTA LUZIA;-3.74991579;-38.59086932;infantil|fundamental_i;municipal;ativa;geral;nao;RUA CORONEL FRANCISCO BENTO, 16 DOM LUSTOSA. 60526-328 Fortaleza - CE.
23187778;ESCOLA MUNICIPAL SANTA MARIA;-3.76435827;-38.58793810;infantil|fundamental_ii;municipal;ativa;geral;nao;RUA CUIABA, 1465 HENRIQUE JORGE. 60510-182 Fortaleza - CE.
23069198;ESCOLA MUNICIPAL SANTA TEREZA;-3.70616900;-38.56359000;fundamental_i|fundamental_ii;municipal;ativa;geral;nao;AVENIDA MONSENHOR HELIO CAMPOS, 90 CRISTO REDENTOR. 60336-800 Fortaleza - CE.
23242710;ESCOLA MUNICIPAL SANTA TEREZINHA;-3.79724777;-38.54923359;infantil|fundamental_i;municipal;ativa;geral;nao;RUA AFONSO LOPES, 1095 PARQUE DOIS IRMAOS. 60743-218 Fortaleza - CE.
23272724;ESCOLA MUNICIPAL SANTOS DUMONT;-3.79410288;-38.59448589;infantil|fundamental_i|fundamental_ii;municipal;ativa;geral;nao;RUA GERALDO BARBOSA, 240 BOM JARDIM. 60543-335 Fortaleza - CE.
23257075;ESCOLA MUNICIPAL SAO CARLOS;-3.73545500;-38.59730000;infantil|fundamental_i;municipal;ativa;geral;nao;TRAVESSA BRASIL, 120 QUINTINO CUNHA. 60352-480 Fortaleza - CE.
23067756;ESCOLA MUNICIPAL SAO CURA DARS;-3.70627550;-38.55970082;infantil|fundamental_i;municipal;ativa;geral;nao;RUA SANTA ELISA, 722 PIRAMBU. 60311-020 Fortaleza - CE.
23256060;ESCOLA MUNICIPAL SAO JOSE;-3.72466600;-38.56840000;fundamental_ii;municipal;ativa;geral;nao;AVENIDA DOUTOR THEBERGE, 2288 PRESIDENTE KENNEDY. 60355-000 Fortaleza - CE.
23269170;ESCOLA MUNICIPAL SAO RAFAEL;-3.71943280;-38.51759596;infantil|fundamental_i|fundamental_ii;municipal;ativa;geral;nao;RUA DOS TABAJARAS, 244 PRAIA DE IRACEMA. 60060-510 Fortaleza - CE.
23257750;ESCOLA MUNICIPAL SAO RAIMUNDO;-3.74534800;-38.55441000;infantil|fundamental_i;municipal;ativa;geral;nao;RUA ALEXANDRE BARAUNA, 1450 RODOLFO TEOFILO. 60430-160 Fortaleza - CE.
23257440;ESCOLA MUNICIPAL SAO VICENTE DE PAULO;-3.82599828;-38.49020035;infantil|fundamental_i;municipal;ativa;geral;nao;AVENIDA ZEZE DIOGO, 1247 CAIS DO PORTO. 60180-012 Fortaleza - CE.
23077450;ESCOLA MUNICIPAL SEBASTIANA ALDIGUERI;-3.70798084;-38.56314380;fundamental_ii;municipal;ativa;geral;nao;AVENIDA DOUTOR THEBERGE, 448 ALVARO WEYNE. 60335-480 Fortaleza - CE.
23077468;ESCOLA MUNICIPAL SEBASTIAO DE ABREU;-3.79230374;-38.60159894;fundamental_ii;municipal;ativa;geral;nao;RUA GERALDO BARBOSA, 1065 BOM JARDIM. 60543-332 Fortaleza - CE.
23272082;ESCOLA MUNICIPAL SECRETARIO ESCOLAR FRANCISCO DE ASSIS MOREL FERNANDES;-3.81752333;-38.61730833;;municipal;paralisada;geral;nao;RUA COSTA DO SOL, 1061 SIQUEIRA. 60732-180 Fortaleza - CE.
23547987;ESCOLA MUNICIPAL SECRETARIO PAULO PETROLA;-3.72468900;-38.54440000;infantil|fundamental_i|fundamental_ii;municipal;ativa;geral;nao;RUA CARNEIRO DA CUNHA, 415 JACARECANGA. 60010-470 Fortaleza - CE.
23233800;ESCOLA MUNICIPAL SINO PINHEIRO;-3.82422500;-38.51932333;infantil|fundamental_i;municipal;ativa;geral;nao;RUA 14, 151 CJ JOAO PAULO II. JANGURUSSU. 60876-430 Fortaleza - CE.
23077794;ESCOLA MUNICIPAL TAIS MARIA BEZERRA NOGUEIRA;-3.83155674;-38.52394887;fundamental_ii;municipal;ativa;geral;nao;AVENIDA GOVERNADOR LEONEL BRIZOLA, 710 CJ SAO CRISTOVAO. JANGURUSSU. 60866-190 Fortaleza - CE.
23257334;ESCOLA MUNICIPAL TEREZA D ANA;-3.83381750;-38.56874365;;municipal;paralisada;geral;nao;RUA CORONEL DE QUEIROZ, 750 PLANALTO AYRTON SENNA. 60760-510 Fortaleza - CE.
23311614;ESCOLA MUNICIPAL TERTULIANO CAMBRAIA;-3.71297608;-38.55506729;infantil|fundamental_i;municipal;ativa;geral;nao;RUA MONSENHOR ROSA, 946 CARLITO PAMPLONA. 60310-440 Fortaleza - CE.
23078030;ESCOLA MUNICIPAL THOMAZ POMPEU SOBRINHO;-3.78473951;-38.56084938;infantil|fundamental_i|fundamental_ii;municipal;ativa;geral;nao;RUA JOSE MENELEU, 531 ITAPERI. 60714-040 Fortaleza - CE.
23257652;ESCOLA MUNICIPAL TOMAZ MUNIZ;-3.80432541;-38.60574908;infantil|fundamental_i;municipal;ativa;geral;nao;RUA DOUTORA VANDA CIDADE, 185 SIQUEIRA. 60736-050 Fortaleza - CE.
23078162;ESCOLA MUNICIPAL TRISTAO DE ALENCAR;-3.88880979;-38.50912099;infantil|fundamental_i;municipal;ativa;geral;nao;RUA JOSE NOGUEIRA, 69 PEDRAS. 60874-670 Fortaleza - CE.
23256907;ESCOLA MUNICIPAL ULISSES GUIMARAES;-3.79383750;-38.61533046;infantil|fundamental_i;municipal;ativa;geral;nao;RUA TENENTE FRANCISCO PAIVA, 1350 GRANJA LISBOA. 60540-478 Fortaleza - CE.
23072229;ESCOLA MUNICIPAL VEREADOR JOSE BARROS DE ALENCAR;-3.84609500;-38.50482333;fundamental_ii;municipal;ativa;geral;nao;RUA B, 48 CJ SANTOS DIAS. JANGURUSSU. 60870-588 Fortaleza - CE.
23078413;ESCOLA MUNICIPAL VICENTE FIALHO;-3.76172916;-38.55481785;infantil|fundamental_i|fundamental_ii;municipal;ativa;geral;nao;RUA IRMA BAZET, 193 MONTESE. 60420-670 Fortaleza - CE.
23256044;ESCOLA MUNICIPAL VIRGILIO TAVORA;-3.70543252;-38.56388105;infantil|fundamental_i;municipal;ativa;geral;nao;AVENIDA MONSENHOR HELIO CAMPOS, S N CRISTO REDENTOR. 60336-800 Fortaleza - CE.
23078553;ESCOLA MUNICIPAL WALDEMAR BARROSO;-3.77854226;-38.54932558;fundamental_ii;municipal;ativa;geral;nao;RUA CONEGO LIMA SUCUPIRA, 410 SERRINHA. 60741-255 Fortaleza - CE.
23078596;ESCOLA MUNICIPAL WASHINGTON SOARES;-3.77809726;-38.47712265;fundamental_ii;municipal;ativa;geral;nao;RUA DO CORRENTE, 400 EDSON QUEIROZ. 60812-290 Fortaleza - CE.
23078600;ESCOLA MUNICIPAL YOLANDA QUEIROZ;-3.76447527;-38.50978541;infantil|fundamental_i|fundamental_ii;municipal;ativa;geral;nao;AVENIDA GENERAL MURILO BORGES, 864 ALTO DA BALANCA. 60851-250 Fortaleza - CE.
23078626;ESCOLA MUNICIPAL ZAIRA MONTEIRO GONDIM;-3.79240418;-38.54404677;fundamental_ii;municipal;ativa;geral;nao;RUA PEDRO AGUIAR, 315 ITAPERI. 60714-330 Fortaleza - CE.
23462400;ESCOLA NOVA;-3.77442300;-38.48496000;infantil|fundamental_i|fundamental_ii;privada;ativa;geral;nao;RUA CAIO CID, 390 ENGENHEIRO LUCIANO CAVALCANTE. 60811-150 Fortaleza - CE.
23262796;ESCOLA NOVA GERACAO;-3.78280600;-38.57146000;infantil|fundamental_i|fundamental_ii;privada;ativa;geral;nao;RUA CONEGO DE CASTRO, 1324 VILA PERI. 60730-062 Fortaleza - CE.
23245662;ESCOLA NOVO MILENIO LTDA - ME;-3.77520200;-38.57414880;infantil|fundamental_i;privada;ativa;geral;nao;RUA GUILHERME PERDIGAO, 516 PARANGABA. 60720-420 Fortaleza - CE.
23076135;ESCOLA PEQUENO PRINCIPE;-3.77335500;-38.57738690;infantil|fundamental_i;privada;ativa;geral;nao;RUA SILVEIRA FILHO, 825 JOQUEI CLUBE. 60520-055 Fortaleza - CE.
23225300;ESCOLA RECANTO DO SABER;-3.79765670;-38.57803220;infantil|fundamental_i;privada;ativa;geral;nao;RUA JULIO MACIEL, 443 MANUEL SATIRO. 60713-180 Fortaleza - CE.
23269375;ESCOLA SANTA EDWIGES;-3.70984250;-38.55932540;infantil|fundamental_i|fundamental_ii;privada;ativa;geral;nao;RUA DOM QUINTINO, 1200 CASA. REDENTOR. 60310-520 Fortaleza - CE.
23069791;ESCOLA SESI EUZEBIO MOTA DE ALENCAR;-3.76887770;-38.56120710;infantil|fundamental_i|fundamental_ii;privada;ativa;geral;nao;AVENIDA JOAO PESSOA, 6754 PARANGABA. 60721-340 Fortaleza - CE.
23245255;ESCOLA SONHO DE CRIANCA;-3.78988000;-38.62514000;infantil|fundamental_i|fundamental_ii;privada;ativa;geral;nao;RUA DANDARA KETLEY, 3794 GRANJA LISBOA. 60540-124 Fortaleza - CE.
23245581;ESCOLA SONHO DE PATY;-3.82437200;-38.51847000;infantil|fundamental_i;privada;ativa;geral;nao;RUA 16, 214 BARROSO. 60863-750 Fortaleza - CE.
23251891;ESCOLA SONHO INFANTIL LTDA;-3.74409000;-38.53206000;infantil|fundamental_i;privada;ativa;geral;nao;RUA DA ASSUNCAO, 1668 CENTRO. 60050-010 Fortaleza - CE.
23078472;ESCOLA VIRGEM PODEROSA;-3.77934800;-38.60642000;infantil|fundamental_i;privada;ativa;geral;nao;RUA TEODORO DE CASTRO, 1730 GRANJA PORTUGAL. 60541-192 Fortaleza - CE.
23260289;ESCOLINHA BRINCOLANDIA;-3.85508200;-38.49997000;infantil|fundamental_i|fundamental_ii;privada;ativa;geral;nao;RUA ISABEL BEZERRA, 430 PARQUE SANTA MARIA. 60873-175 Fortaleza - CE.
23187581;ESCOLINHA MEU SONHO;-3.72811500;-38.47596000;infantil|fundamental_i;privada;ativa;geral;nao;RUA CRISTO SALVADOR, 80 VICENTE PINZON. 60181-240 Fortaleza - CE.
23226870;ESCOLINHA RECANTO DO SABER;-3.77922600;-38.60758000;infantil|fundamental_i;privada;ativa;geral;nao;RUA TEODORO DE CASTRO, 1853 GRANJA LISBOA. 60540-475 Fortaleza - CE.
23078120;ESCOLINHA TRENZINHO FELIZ;-3.74668500;-38.51870000;infantil|fundamental_i|fundamental_ii;privada;ativa;geral;nao;RUA PADRE CHEVALIER, 212 JOAQUIM TAVORA. 60130-080 Fortaleza - CE.
23194669;ESPACO ABERTO;-3.73448110;-38.49476890;infantil|fundamental_i|fundamental_ii;privada;ativa;geral;nao;AVENIDA DOM LUIS, 730 MEIRELES. 60160-196 Fortaleza - CE.
23261978;ESPACO ATIVO ESCOLA;-3.74510190;-38.48206500;infantil|fundamental_i;privada;ativa;geral;nao;RUA ANDRADE FURTADO, 810/830 COCO. 60192-070 Fortaleza - CE.
23312610;ESPACO CRIATIVO ESCOLA;-3.75258900;-38.52174000;infantil;privada;ativa;geral;nao;RUA LAURO MAIA, 1353 FATIMA. 60055-210 Fortaleza - CE.
23545127;ESPACO CRIATIVO ESCOLA;-3.85868410;-38.50185750;infantil|fundamental_i|fundamental_ii;privada;ativa;geral;nao;RUA JORGE DA VEIGA, 595 MESSEJANA. PARQUE SANTA MARIA. 60873-205 Fortaleza - CE.
23302216;ESPACO DA CRIANCA EEI;-3.80304200;-38.53103000;infantil|fundamental_i;privada;ativa;geral;nao;AVENIDA HEROIS DO ACRE, 160 PASSARE. 60743-760 Fortaleza - CE.
23253134;ESPACO DE ATIVIDADES PEDAGOGICAS SS LTDA CANARINHO SAPIENS;-3.73550400;-38.51408000;fundamental_i|fundamental_ii;privada;ativa;geral;nao;RUA ILDEFONSO ALBANO, 1654 MEIRELES. 60115-000 Fortaleza - CE.
23462485;ESPACO INTELIGENTE CRECHE ESCOLA;-3.74019700;-38.49032000;infantil|fundamental_i;privada;ativa;geral;nao;RUA FONSECA LOBO, 262 ALDEOTA. 60175-020 Fortaleza - CE.
23069686;ESPACO VIDA CRECHE ESCOLA;-3.73988300;-38.55990000;infantil|fundamental_i|fundamental_ii;privada;ativa;geral;nao;RUA PEDRO DE QUEIROS, 532 PARQUELANDIA. 60450-225 Fortaleza - CE.
23263849;ESSENCIAL COLEGIO;-3.74501000;-38.59380000;infantil|fundamental_i|fundamental_ii;privada;ativa;geral;nao;RUA PEDRO MELO, 1005 ANTONIO BEZERRA. 60360-220 Fortaleza - CE.
23519983;ESTRELA DE DAVI INSTITUTO PEDAGOGICO;-3.76904100;-38.53124000;infantil|fundamental_i;privada;ativa;geral;nao;RUA ALMIRANTE RUFINO, 777 VILA UNIAO. 60420-075 Fortaleza - CE.
23545305;EURIDICE COLEGIO;-3.72148400;-38.55531200;infantil|fundamental_i|fundamental_ii;privada;ativa;geral;nao;RUA NATURALISTA FEIJO, 736 MONTE CASTELO. 60326-220 Fortaleza - CE.
23186704;EVANDRO AYRES DE MOURA CENTRO EDUCACIONAL;-3.76786490;-38.60802600;infantil|fundamental_i|fundamental_ii;privada;ativa;geral;nao;AVENIDA MINISTRO ALBUQUERQUE LIMA, 353 3ª ETAPA. CONJUNTO CEARA. 60533-695 Fortaleza - CE.
23186763;EXODUS COLEGIO;-3.80177560;-38.53627070;infantil|fundamental_i|fundamental_ii;privada;ativa;geral;nao;RUA DOUTOR EDUARDO DIAS, 156 JARDIM SUMARE. PASSARE. 60743-710 Fortaleza - CE.
23245344;EXTERNATO SAO VICENTE DE PAULO;-3.72760700;-38.52187000;infantil|fundamental_i;privada;ativa;geral;nao;RUA VINTE E CINCO DE MARCO, 407 CENTRO. 60060-120 Fortaleza - CE.
23265388;FARIAS BRITO BABY ALDEOTA COLEGIO;-3.73760820;-38.48679490;infantil;privada;ativa;geral;nao;RUA OSORIO PALMELLA, 244 VARJOTA. 60150-200 Fortaleza - CE.
23272481;FARIAS BRITO BABY COLEGIO;-3.79908200;-38.47727270;infantil;privada;ativa;geral;nao;RUA ELISEU ORIA, 1185 SAPIRANGA. 60833-165 Fortaleza - CE.
23265396;FARIAS BRITO BABY PLUS COLEGIO;-3.79719000;-38.47467660;infantil;privada;ativa;geral;nao;RUA SALVADOR CORREIA DE SA, 990 SAPIRANGA. 60833-183 Fortaleza - CE.
23065591;FARIAS BRITO COLEGIO CENTRAL;-3.74094400;-38.53380000;fundamental_ii;privada;ativa;geral;nao;RUA SENADOR POMPEU, 2607 BENFICA. 60025-002 Fortaleza - CE.
23246847;FARIAS BRITO COLEGIO DE APLICACAO;-3.73660250;-38.48614740;;privada;ativa;geral;nao;RUA CASTRO MONTE, 1364 SALA 01,2,03. VARJOTA. 60175-230 Fortaleza - CE.
23272333;FARIAS BRITO COLEGIO PRE-VESTIBULAR CENTRAL;-3.74429800;-38.53398000;;privada;ativa;geral;nao;RUA BARAO DO RIO BRANCO, 2424 JOSE BONIFACIO. 60025-062 Fortaleza - CE.
23243350;FARIAS BRITO JOVEM SEIS BOCAS COLEGIO;-3.79863720;-38.47386230;fundamental_ii;privada;ativa;geral;nao;RUA SALVADOR CORREIA DE SA, 1111 SAPIRANGA. 60833-183 Fortaleza - CE.
23334266;FARIAS BRITO PRE VESTIBULAR ALDEOTA;-3.73629350;-38.48658210;;privada;ativa;geral;nao;AVENIDA JULIO ABREU, 284 VARJOTA. 60160-240 Fortaleza - CE.
23272473;FARIAS BRITO SEIS BOCAS COLEGIO;-3.79499970;-38.47603130;infantil|fundamental_i;privada;ativa;geral;nao;AVENIDA ENGENHEIRO LEAL LIMA VERDE, 700 SAPIRANGA. 60833-175 Fortaleza - CE.
23069902;FATIMA CENTRO EDUCACIONAL NOSSA SENHORA DE;-3.82271550;-38.49327950;infantil|fundamental_i|fundamental_ii;privada;ativa;geral;nao;RUA FREI HENRIQUE, 48 MESSEJANA. 60841-280 Fortaleza - CE.
23266279;FERNANDES RIBEIRO ESCOLA;-3.86785410;-38.49164220;infantil|fundamental_i|fundamental_ii;privada;ativa;geral;nao;RUA VINTE DE ABRIL, 1350 PAUPINA. 60873-750 Fortaleza - CE.
23190710;FILIPPO SMALDONE INST;-3.74278740;-38.51827330;fundamental_ii;privada;ativa;exclusivo_deficiencia;sim;RUA ADOLFO SIQUEIRA, 273 JOAQUIM TAVORA. 60135-140 Fortaleza - CE.
23243813;FONTE DO SABER ESC;-3.82775250;-38.48469070;infantil|fundamental_i;privada;ativa;geral;nao;RUA VICENTE NOBRE DE MACEDO, 643 MESSEJANA. 60841-110 Fortaleza - CE.
23070064;FRANCISCO PEREIRA COLEGIO CONEGO;-3.83299900;-38.48472600;infantil|fundamental_i|fundamental_ii;privada;ativa;geral;nao;RUA INACIO ORIA, 470 MESSEJANA. 60840-460 Fortaleza - CE.
23225769;FREITAS MOTA CENTRO EDUC;-3.71928100;-38.58242000;infantil|fundamental_i;privada;ativa;geral;nao;RUA ABELARDO FERREIRA, 451 JARDIM IRACEMA. 60340-025 Fortaleza - CE.
23258985;FUNDACAO DEMOCRITO ROCHA;-3.73944033;-38.52505946;;privada;ativa;geral;nao;AVENIDA AGUANAMBI, 282 A. JOAQUIM TAVORA. 60055-402 Fortaleza - CE.
23267410;FUNDACAO PROJETO DIFERENTE;-3.73353100;-38.50400000;;privada;ativa;sem_escolarizacao;nao;RUA JOSE VILAR, 938 MEIRELES. 60125-000 Fortaleza - CE.
23235870;FUTURO GENIO ESCOLA;-3.82779650;-38.46287620;infantil|fundamental_i;privada;ativa;geral;nao;RUA DE PEDESTRE J, 111 RESIDENCIAL CURIO. LAGOA REDONDA. 60831-506 Fortaleza - CE.
23225815;FUTURO MESTRE CENTRO EDUCACIONAL;-3.75785600;-38.60120000;infantil|fundamental_i|fundamental_ii;privada;ativa;geral;nao;RUA DOUTOR PERILO TEIXEIRA, 780 PARQUE GENIBAU. 60534-080 Fortaleza - CE.
23273895;GADELHA ESCOLA;-3.84122690;-38.49266396;infantil|fundamental_i|fundamental_ii;privada;ativa;geral;nao;RUA CLEMENTE PEREIRA, 63 PARQUE MANUEIRO. PAUPINA. 60872-655 Fortaleza - CE.
23235888;GENESIS ESCOLA;-3.83163500;-38.46124000;infantil|fundamental_i;privada;ativa;geral;nao;RUA DE PEDESTRE A, 317 LAGOA REDONDA. 60831-493 Fortaleza - CE.
23070528;GENTE PEQUENA ESCOLA;-3.73110200;-38.48497000;infantil|fundamental_i;privada;ativa;geral;nao;RUA MANUEL JESUINO, 653 VARJOTA. 60175-270 Fortaleza - CE.
23324210;GETSEMANI CENTRO EDUCACIONAL;-3.74386100;-38.59338000;infantil|fundamental_i|fundamental_ii;privada;ativa;geral;nao;RUA TOMAS RODRIGUES, 1250 ANTONIO BEZERRA. 60361-000 Fortaleza - CE.
23367628;GIRA MUNDO CRECHE ESCOLA;-3.74814590;-38.51407920;infantil|fundamental_i;privada;ativa;geral;nao;RUA PADRE CHEVALIER, 745 JOAQUIM TAVORA. 60130-080 Fortaleza - CE.
23070684;GIRASSOL INSTITUTO EDUCACIONAL;-3.73222430;-38.51411950;infantil|fundamental_i;privada;ativa;geral;nao;RUA ANTONIO AUGUSTO, 1300 ALDEOTA. 60110-370 Fortaleza - CE.
23074752;GOMES BARBOSA COLEGIO;-3.85058900;-38.52409000;fundamental_i|fundamental_ii;privada;ativa;geral;nao;RUA SILVINHA TELES, 21 CONJUNTO PALMEIRAS. 60870-010 Fortaleza - CE.
23214490;GUARACIARA BARROS LEAL CENTRO EDUCACIONAL;-3.79546530;-38.50206880;infantil|fundamental_i;privada;ativa;geral;nao;RUA TEOFREDO GOIANA, 1127 CIDADE DOS FUNCIONRIOS. 60822-630 Fortaleza - CE.
23070463;GUIOMAR DOURADO COLEGIO;-3.77684600;-38.55484000;infantil|fundamental_i;privada;ativa;geral;nao;RUA CONEGO LIMA SUCUPIRA, 2112 ITAOCA. 60740-355 Fortaleza - CE.
23070854;GURI LTDA INSTITUTO PEDAGOGICO;-3.78643310;-38.57505870;fundamental_i;privada;ativa;geral;nao;RUA CONEGO DE CASTRO, 1780 VILA PERY. 60730-062 Fortaleza - CE.
23078235;HELENA COLEGIO SANTA;-3.81520900;-38.58562000;infantil|fundamental_i|fundamental_ii;privada;ativa;geral;nao;AVENIDA CONTORNO NORTE, 819 CONJUNTO ESPERANCA. 60763-730 Fortaleza - CE.
23071273;HELIO GOES INSTITUTO;-3.73241210;-38.55275030;infantil|fundamental_i|fundamental_ii;privada;ativa;geral;nao;AVENIDA BEZERRA DE MENEZES, 892 SAO GERARDO. 60325-004 Fortaleza - CE.
23070951;HENRIQUE ESCOLINHA COMUNITARIA PADRE;-3.70294000;-38.57310240;infantil;privada;ativa;geral;nao;RUA PADRE HENRIQUE, 1098 COLONIA. BARRA DO CEARA. 60333-240 Fortaleza - CE.
23070943;HENRIQUE JORGE INSTITUTO EDUCACIONAL;-3.82800300;-38.55267000;infantil|fundamental_i|fundamental_ii;privada;ativa;geral;nao;RUA 57, 260 2A ETAPA. PREFEITO JOSE WALTER. 60750-710 Fortaleza - CE.
23225793;HOLANDA DANTAS COLEGIO;-3.77653800;-38.60312000;infantil|fundamental_i;privada;ativa;geral;nao;RUA VITAL BRASIL, 2425 GRANJA PORTUGAL. 60541-495 Fortaleza - CE.
23459638;HORA DE APRENDER CENTRO EDUCACIONAL;-3.77655800;-38.60320000;infantil|fundamental_i|fundamental_ii;privada;ativa;geral;nao;RUA VITAL BRASIL, 2533 GRANJA PORTUGAL. 60541-495 Fortaleza - CE.
23071079;HUMANISTA INSTITUTO EDUCACIONAL;-3.70286000;-38.57770000;infantil|fundamental_i|fundamental_ii;privada;ativa;geral;nao;RUA CAUBI, 478 BARRA DO CEARA. 60331-100 Fortaleza - CE.
23272805;ICONE COLEGIO;-3.71159500;-38.56971040;fundamental_i|fundamental_ii;privada;ativa;geral;nao;RUA ALVES DE LIMA, 1085 CRISTO REDENTOR. 60337-350 Fortaleza - CE.
23066709;IFCE - CAMPUS FORTALEZA;-3.74407500;-38.53560000;;federal;ativa;geral;nao;AVENIDA TREZE DE MAIO, 2081 BENFICA. 60040-215 Fortaleza - CE.
23556986;INFANCIA FELIZ ESCOLA;-3.80101500;-38.47518000;infantil|fundamental_i;privada;ativa;geral;nao;AVENIDA ENGENHEIRO LEAL LIMA VERDE, 1263 SAPIRANGA. 60833-175 Fortaleza - CE.
23273178;INSTITUTO ATENEU;-3.73733940;-38.51259890;;privada;ativa;geral;nao;RUA CARLOS VASCONCELOS, 1774 ALDEOTA. 60115-171 Fortaleza - CE.
23273186;INSTITUTO ATENEU;-3.73855890;-38.59780500;;privada;ativa;geral;nao;RUA SAO VICENTE DE PAULO, 300 ANTONIO BEZERRA. 60352-370 Fortaleza - CE.
23071265;INSTITUTO CEARENSE DE EDUCACAO DE SURDOS;-3.74032290;-38.51098380;fundamental_ii;estadual;ativa;exclusivo_deficiencia;nao;AV RUI BARBOSA, 1970 ALDEOTA. 60115-222 Fortaleza - CE.
23242876;INSTITUTO DE EDUCACAO BENFICA;-3.73696910;-38.53926620;infantil|fundamental_i|fundamental_ii;privada;ativa;geral;nao;RUA PRINCESA ISABEL, 1920 FARIAS BRITO. 60015-061 Fortaleza - CE.
23066717;INSTITUTO DE EDUCACAO DO CEARA;-3.75253800;-38.53150000;;estadual;ativa;geral;nao;GRACILIANO RAMOS, 52 FATIMA. 60415-050 Fortaleza - CE.
23259850;INSTITUTO DE FORMACAO TECNOLOGICA;-3.73568667;-38.53203833;;privada;ativa;geral;nao;RUA SENADOR POMPEU, 1943 JOSE BONIFACIO. 60025-001 Fortaleza - CE.
23273321;INSTITUTO DRAGAO DO MAR;-3.72203159;-38.51949317;;privada;ativa;geral;nao;RUA DRAGAO DO MAR, 160 PRAIA DE IRACEMA. 60060-390 Fortaleza - CE.
23215321;INSTITUTO EDUCACIONAL ANA OLIVEIRA;-3.71846910;-38.57901470;fundamental_i|fundamental_ii;privada;ativa;geral;nao;RUA CONSELHEIRO LAFAYETTE, 115 FLORESTA. 60340-192 Fortaleza - CE.
23078090;INSTITUTO EDUCACIONAL GRAO DO SABER;-3.73999900;-38.56092000;infantil|fundamental_i;privada;ativa;geral;nao;RUA PROFESSOR LINO ENCARNACAO, 540 PARQUELANDIA. 60450-235 Fortaleza - CE.
23072300;INSTITUTO EDUCACIONAL JOSE DE ALENCAR SC LTDA;-3.74615500;-38.59073000;fundamental_ii;privada;ativa;geral;nao;RUA HUGO VITOR, 730 ANTONIO BEZERRA. 60360-820 Fortaleza - CE.
23322217;INSTITUTO EDUCACIONAL TRANSFORMAR;-3.74261390;-38.51665330;;privada;ativa;geral;nao;RUA LOURENCO FEITOSA, 30 JOSE BONIFACIO. 60055-500 Fortaleza - CE.
23204559;INSTITUTO GIRASSOL DE EDUCACAO;-3.75672070;-38.57001750;infantil|fundamental_i;privada;ativa;geral;nao;RUA ESTADO DO RIO, 682 PAN AMERICANO. 60440-782 Fortaleza - CE.
23075112;INSTITUTO INFANTIL TIA NEUMA;-3.74961500;-38.47036000;fundamental_i;privada;ativa;geral;nao;ALAMEDA ANA ELISA, 133 CIDADE 2000. 60190-130 Fortaleza - CE.
23071290;INSTITUTO MOREIRA DE SOUSA;-3.79051100;-38.53824000;;privada;ativa;sem_escolarizacao;sim;AVENIDA DOUTOR SILAS MUNGUBA, 4241 SERRINHA. 60741-575 Fortaleza - CE.
23545160;INSTITUTO PEDAGOGICO ASSUNCAO;-3.71267190;-38.59616250;infantil|fundamental_i;privada;ativa;geral;nao;AV BENU MARCONDES, 230 VILA VELHA. 60347-500 Fortaleza - CE.
23211679;INSTITUTO PEDAGOGICO UNIVERSO INFANTIL;-3.79404500;-38.50453000;infantil|fundamental_i;privada;ativa;geral;nao;RUA MELO CESAR, 61 CIDADE DOS FUNCIONARIOS. 60823-110 Fortaleza - CE.
23545178;INSTITUTO PETER PAN;-3.72468400;-38.60286000;infantil|fundamental_i;privada;ativa;geral;nao;RUA SAO JOAO, 80 QUINTINO CUNHA. 60353-120 Fortaleza - CE.
23564598;INSTITUTO SAO CARLOS;-3.72276200;-38.58928000;infantil|fundamental_i;privada;ativa;geral;nao;RUA CARIUS, 32 JARDIM GUANABARA. 60346-271 Fortaleza - CE.
23071346;INTEGRAL COLEGIO;-3.74173024;-38.48224472;infantil|fundamental_i|fundamental_ii;privada;ativa;geral;nao;AVENIDA SANTOS DUMONT, 5572 PAPICU. 60175-047 Fortaleza - CE.
23556048;J OLIVEIRA COLEGIO;-3.72272550;-38.53295230;;privada;ativa;geral;nao;AVENIDA IMPERADOR, 195 CENTRO. 60015-051 Fortaleza - CE.
23558989;J OLIVEIRA COLEGIO;-3.74571100;-38.50371480;;privada;ativa;geral;nao;RUA OSVALDO CRUZ, 2312 DIONISIO TORRES. 60170-250 Fortaleza - CE.
23265019;JEFE ESCOLINHA;-3.84917170;-38.52269630;infantil|fundamental_i|fundamental_ii;privada;ativa;geral;nao;AVENIDA CASTELO DE CASTRO, 2499 CONJUNTO PALMEIRAS. 60870-066 Fortaleza - CE.
23194146;JERUSALEM CENTRO EDUCACIONAL;-3.80556600;-38.60072000;infantil|fundamental_i|fundamental_ii;privada;ativa;geral;nao;RUA SAO FELIPE, 1345 CANINDEZINHO. 60731-020 Fortaleza - CE.
23187867;JIM WILLSON COLEGIO;-3.78274190;-38.58098870;;privada;ativa;geral;nao;AVENIDA AUGUSTO DOS ANJOS, 1915 VILA PERI. 60730-125 Fortaleza - CE.
23382627;JIM WILSON ENSINO FUNDAMENTAL SC LTDA;-3.78313900;-38.58062820;fundamental_ii;privada;ativa;geral;nao;AVENIDA GENERAL OSORIO DE PAIVA, 2008 VILA PERI. 60730-088 Fortaleza - CE.
23189240;JK COLEGIO;-3.72889700;-38.53265000;;privada;ativa;geral;nao;RUA VINTE E QUATRO DE MAIO, 855 CENTRO. 60020-000 Fortaleza - CE.
23211237;JOAO BATISTA COLEGIO;-3.82472800;-38.46370000;infantil|fundamental_i|fundamental_ii;privada;ativa;geral;nao;RUA EDUARDO GUIMARAES, 71 LAGOA REDONDA. 60832-520 Fortaleza - CE.
23071923;JOAO PEDRO DE SEXTO INSTITUTO FREI;-3.82139800;-38.49569000;infantil|fundamental_i|fundamental_ii;privada;ativa;geral;nao;AVENIDA FREI CIRILO, 4241 MESSEJANA. 60840-285 Fortaleza - CE.
23262729;JOSE BARRETO FILHO COLEGIO;-3.79017000;-38.59314000;infantil|fundamental_i;privada;ativa;geral;nao;RUA JOAO XXIII, 51 GRANJA PORTUGAL. 60540-665 Fortaleza - CE.
23389630;JOSE DE ALENCAR CENTRO EDUCACIONAL LTDA;-3.74557700;-38.59081000;fundamental_i;privada;ativa;geral;nao;RUA HUGO VITOR, 686 ANTONIO BEZERRA. 60360-820 Fortaleza - CE.
23188065;JOSE DE ALENCAR COLEGIO;-3.75157400;-38.54459000;infantil|fundamental_i|fundamental_ii;privada;ativa;geral;nao;RUA ANA NERI, 667 JARDIM AMERICA. 60416-020 Fortaleza - CE.
23246898;JOSE DUARTE ESPINHEIRO CENTRO EDUCACIONAL;-3.81814500;-38.52489000;infantil|fundamental_i;privada;ativa;geral;nao;RUA CRISANTO ARRUDA, 1070 CASA. PASSARE. 60861-760 Fortaleza - CE.
23188618;JOSE FERNANDES DE SOUSA CENTRO EDUC;-3.72070500;-38.56248000;infantil|fundamental_i;privada;ativa;geral;nao;RUA VISCONDE DE ICO, 841 VILA ELLERY. 60320-640 Fortaleza - CE.
23072407;JOSE JULIO CENTRO PEDAGOGICO;-3.80596800;-38.45900000;infantil|fundamental_i;privada;ativa;geral;nao;RUA JOSE JULIO FEITOSA, 120 SAPIRANGA. 60833-552 Fortaleza - CE.
23311215;JOSE MARIA COUTO BEZERRA CENTRO DE EDUCACAO INFANTIL;-3.79216100;-38.58689000;infantil|fundamental_i;privada;ativa;geral;nao;RUA ANTONIO COSTA MENDES, 1766 PARQUE SAO JOSE. 60730-265 Fortaleza - CE.
23187794;JOSE NUNES DE MORAIS CENTRO EDUC;-3.79890200;-38.51771000;infantil|fundamental_i|fundamental_ii;privada;ativa;geral;nao;RUA GENERAL ROMEL, 530 BOA VISTA. 60861-160 Fortaleza - CE.
23072741;JOVINIANO BARRETO COLEGIO MONSENHOR;-3.75404000;-38.51795000;fundamental_i|fundamental_ii;privada;ativa;geral;nao;RUA FREI VIDAL, 1621 SAO JOAO DO TAUAPE. 60120-100 Fortaleza - CE.
23073691;JULIA FIALHO ENSINO FUNDAMENTAL COLEGIO;-3.73450900;-38.59053000;infantil|fundamental_i|fundamental_ii;privada;ativa;geral;nao;RUA JOSE ACIOLY, 73 ANTONIO BEZERRA. 60350-300 Fortaleza - CE.
23072873;JUVENAL DE CARVALHO COLEGIO;-3.75116780;-38.54776300;infantil|fundamental_i|fundamental_ii;privada;ativa;geral;nao;AVENIDA JOAO PESSOA, 4279 DAMAS. 60425-813 Fortaleza - CE.
23244194;JW CENTRO EDUCACIONAL;-3.69751700;-38.58021000;fundamental_i;privada;ativa;geral;nao;RUA DO POENTE, 365 BARRA DO CEARA. 60352-560 Fortaleza - CE.
23273275;KAREN DE SOUSA ESCOLA;-3.78438530;-38.59126400;fundamental_i;privada;ativa;geral;nao;RUA DAS ACACIAS, 482 BONSUCESSO. 60545-340 Fortaleza - CE.
23194448;LA MARQUES COLEGIO;-3.78916110;-38.60783890;infantil|fundamental_i|fundamental_ii;privada;ativa;geral;nao;AVENIDA OSCAR ARARIPE, 1831 BOM JARDIM. 60543-451 Fortaleza - CE.
23548983;LAPIS NA MAO ESCOLA;-3.75209700;-38.46936000;infantil|fundamental_i;privada;ativa;geral;nao;RUA BENTO ALBUQUERQUE, 2048 COCO. 60192-050 Fortaleza - CE.
23212110;LEONARDO DA VINCI;-3.86680200;-38.49488000;infantil|fundamental_i|fundamental_ii;privada;ativa;geral;nao;RUA DOIS DE ABRIL, 150 ELIZABTH II. PAUPINA. 60873-780 Fortaleza - CE.
23221160;LICEU DE MESSEJANA;-3.82321600;-38.48170000;;estadual;ativa;geral;nao;AV WASHINGTON SOARES, 7702 MESSEJANA. 60841-032 Fortaleza - CE.
23405635;LIMA MOTA COLEGIO;-3.83505950;-38.52440780;infantil|fundamental_i|fundamental_ii;privada;ativa;geral;nao;AVENIDA MONSENHOR AMARILIO RODRIGUES, 652 JANGURUSSU. 60866-290 Fortaleza - CE.
23267658;LIMA NOGUEIRA COLEGIO;-3.77558900;-38.58122000;;privada;ativa;geral;nao;RUA JULIO BRAGA, 1117 JOAO XXIII. 60525-632 Fortaleza - CE.
23532980;LIRA COUTINHO COLEGIO;-3.81559890;-38.52601870;infantil|fundamental_i|fundamental_ii;privada;ativa;geral;nao;RUA BELOS PORTOS, 447 PASSARE. 60862-280 Fortaleza - CE.
23556013;LIRIO DOS VALES CENTRO EDUCACIONAL;-3.85909500;-38.49435000;infantil|fundamental_i;privada;ativa;geral;nao;RUA GUARANI, 200 PARQUE ITAMARATY. PAUPINA. 60873-530 Fortaleza - CE.
23564180;LUAN KENNEDY COLEGIO;-3.72328300;-38.59804000;infantil|fundamental_i|fundamental_ii;privada;ativa;geral;nao;RUA PEDRO SAMPAIO, 935 VILA VELHA. 60345-602 Fortaleza - CE.
23073233;LUCE COLEGIO;-3.77130410;-38.57499400;infantil|fundamental_i|fundamental_ii;privada;ativa;geral;nao;RUA CUIABA, 155 JOQUEI CLUBE. 60510-055 Fortaleza - CE.
23073306;LUIZ BARBOSA MOREIRA PATRONATO PE;-3.83119590;-38.49152120;infantil|fundamental_i|fundamental_ii;privada;ativa;geral;nao;RUA CORONEL GUILHERME ALENCAR, 121 MESSEJANA. 60840-340 Fortaleza - CE.
23073330;LUIZ DE FRANCA LIMA FILHO EEF;-3.79070730;-38.60126760;infantil|fundamental_i|fundamental_ii;privada;ativa;geral;nao;AVENIDA OSCAR ARARIPE, 1099 BOM JARDIM. 60543-451 Fortaleza - CE.
23185244;LUIZA TAVORA LTDA COLEGIO;-3.76576680;-38.61353860;infantil|fundamental_i;privada;ativa;geral;nao;RUA 1050, 171 4ª ETAPA. CONJUNTO CEARA. 60533-000 Fortaleza - CE.
23225670;LUZ DO SABER CENTRO EDUCACIONAL;-3.77507630;-38.47424160;infantil|fundamental_i|fundamental_ii;privada;ativa;geral;nao;RUA OTAVIO ROCHA, 410 EDSON QUEIROZ. 60811-830 Fortaleza - CE.
23073810;MACKENZIE COLEGIO;-3.83782870;-38.55775100;infantil|fundamental_i|fundamental_ii;privada;ativa;geral;nao;AVENIDA J, 1461 3ª ETAPA. PREFEITO JOSE WALTER. 60750-090 Fortaleza - CE.
23201169;MADRE ELISA BALDO CRECHE ESCOLA;-3.78502813;-38.54683251;infantil;privada;ativa;geral;nao;RUA MADRE ELISA BALDO, 771 CONVENTO. SERRINHA. 60741-450 Fortaleza - CE.
23245697;MANUELITO COLEGIO LTDA;-3.74249700;-38.54931000;infantil|fundamental_i|fundamental_ii;privada;ativa;geral;nao;RUA TIRADENTES, 483 RODOLFO TEOFILO. 60430-560 Fortaleza - CE.
23073950;MARANATA ESCOLA;-3.70833900;-38.57176000;infantil|fundamental_i;privada;ativa;geral;nao;RUA CESAR CORREIA, 303 BARRA DO CEARA. 60334-130 Fortaleza - CE.
23273224;MARIA DO CARMO ESPACO DA CRIANCA ESCOLA;-3.77469000;-38.47651000;infantil|fundamental_i;privada;ativa;geral;nao;RUA ENGENHEIRO PAULO CESAR BARBOSA, 107 EDSON QUEIROZ. 60811-750 Fortaleza - CE.
23073586;MARIA ESTER 1 COLEGIO;-3.78984600;-38.53897000;infantil|fundamental_i;privada;ativa;geral;nao;RUA ANTONIO TEIXEIRA LEITE, 248 SERRINHA. 60742-815 Fortaleza - CE.
23073578;MARIA ESTER COLEGIO;-3.79708330;-38.54346500;fundamental_i|fundamental_ii;privada;ativa;geral;nao;RUA F, 158 CONJ. MIRASSOL. PARQUE DOIS IRMAOS. 60743-315 Fortaleza - CE.
23251662;MARIA FERREIRA DE ARAUJO ESPACO INFANTIL;-3.75124000;-38.51569000;infantil|fundamental_i;privada;ativa;geral;nao;RUA PROFESSOR CARVALHO, 3040 JOAQUIM TAVORA. 60120-340 Fortaleza - CE.
23251255;MARILENE LOPES RABELO PROFESSORA EMEIEF;-3.83033150;-38.59823770;;municipal;paralisada;geral;nao;RUA MARTINS DE LIMA, PARQUE PRESIDENTE VARGAS. 60765-725 Fortaleza - CE.
23225874;MARTIM SOARES MORENO CENTRO EDUCACIONAL;-3.79289100;-38.53067000;fundamental_i;privada;ativa;geral;nao;RUA II, 131 MARTIM S. MORENO. SERRINHA. 60744-750 Fortaleza - CE.
23236051;MASTER COLEGIO;-3.73466250;-38.56081990;;privada;ativa;geral;nao;AVENIDA BEZERRA DE MENEZES, 1802 SAO GERARDO. 60325-002 Fortaleza - CE.
23245573;MASTER COLEGIO;-3.73458140;-38.56078710;infantil|fundamental_i|fundamental_ii;privada;ativa;geral;nao;AVENIDA BEZERRA DE MENEZES, 1766 SAO GERARDO. 60325-002 Fortaleza - CE.
23269316;MASTER SUL COLEGIO;-3.79733100;-38.49561000;infantil|fundamental_i|fundamental_ii;privada;ativa;geral;nao;AVENIDA ULISSES BEZERRA, 2200 CIDADE DOS FUNCIONARIOS. 60822-490 Fortaleza - CE.
23074175;MATER AMABILIS INSTITUTO;-3.72369050;-38.55105300;infantil|fundamental_i|fundamental_ii;privada;ativa;geral;nao;RUA PADRE ANCHIETA, 438 MONTE CASTELO. 60325-505 Fortaleza - CE.
23206373;MATHEUS CENTRO EDUCACIONAL SAO;-3.81080700;-38.59136000;infantil|fundamental_i|fundamental_ii;privada;ativa;geral;nao;RUA 110, 110 CONJUNTO ESPERANCA. 60763-590 Fortaleza - CE.
23074248;MEDALHA MILAGROSA COLEGIO;-3.75884360;-38.54151210;infantil|fundamental_i|fundamental_ii;privada;ativa;geral;nao;RUA PADRE JOAO PIAMARTA, 415 PARREAO. 60410-315 Fortaleza - CE.
23074264;MEDICI INSTITUTO EDUCACIONAL PRESIDENTE;-3.71404200;-38.57400000;infantil|fundamental_i|fundamental_ii;privada;ativa;geral;nao;RUA CESAR CORREIA, 973 FLORESTA. 60336-244 Fortaleza - CE.
23199407;MENEZES E SOUSA COLEGIO;-3.83362100;-38.51902000;infantil|fundamental_i|fundamental_ii;privada;ativa;geral;nao;AVENIDA BULEVAR I, 92 CONJ. SAO CRISTOVAO. JANGURUSSU. 60866-280 Fortaleza - CE.
23243295;MENINO DEUS ESCOLA;-3.73231000;-38.48522000;infantil|fundamental_i;privada;ativa;geral;nao;RUA HILTON SANTOS, 79 VARJOTA. 60175-250 Fortaleza - CE.
23280212;MENINO JESUS COLEGIO;-3.72235120;-38.56882810;fundamental_i|fundamental_ii;privada;ativa;geral;nao;RUA VIRGILIO BRIGIDO, 614 PRESIDENTE KENNEDY. 60355-050 Fortaleza - CE.
23269065;MENINO JESUS DE PRAGA COLEGIO;-3.72464490;-38.56259140;fundamental_i|fundamental_ii;privada;ativa;geral;nao;RUA ANA FACO, 140 ALVARO WEYNE. 60335-430 Fortaleza - CE.
23272422;MENINO JESUS UNIVERSIDADE INFANTIL;-3.71022000;-38.55688000;infantil|fundamental_i|fundamental_ii;privada;ativa;geral;nao;RUA ALVARO DE ALENCAR, 400 JACARECANGA. 60311-750 Fortaleza - CE.
23074531;MEU SONHO INFANTIL ESCOLA;-3.79366760;-38.61314690;infantil|fundamental_i;privada;ativa;geral;nao;RUA MANUEL GALDINO, 2143 GRANJA LISBOA. 60540-125 Fortaleza - CE.
23074639;MIRASSOL INST PEDAGO NOME FANTASIA COLEGIO MIRASSOL;-3.72985720;-38.59979140;infantil|fundamental_i|fundamental_ii;privada;ativa;geral;nao;RUA FRANCISQUINHA PORTELA, 2904 CIDADE OESTE. QUINTINO CUNHA. 60351-840 Fortaleza - CE.
23186305;MONTEIRO LOBATO INSTITUTO EDUCACIONAL;-3.72395140;-38.59813010;infantil|fundamental_i|fundamental_ii;privada;ativa;geral;nao;RUA ROSINHA SAMPAIO, 2204 VILA VELHA. 60345-662 Fortaleza - CE.
23255170;MUNDO DA CRIANCA ESCOLA CRECHE;-3.75453120;-38.52875500;infantil|fundamental_i;privada;ativa;geral;nao;RUA GRACILIANO RAMOS, 299 FATIMA. 60415-050 Fortaleza - CE.
23312017;MUNDO DO SNOOPY ESCOLA;-3.76053800;-38.55216000;infantil;privada;ativa;geral;nao;RUA EUGENIO GADELHA, 318 MONTESE. 60420-450 Fortaleza - CE.
23186003;MUNDO FELIZ INSTITUTO PEDAGOGICO;-3.83258000;-38.55701000;fundamental_i|fundamental_ii;privada;ativa;geral;nao;RUA 56, 451 2ª ETAPA. PREFEITO JOSE WALTER. 60750-700 Fortaleza - CE.
23235403;MUNDO INFANTIL CENTRO EDUCAC - CEMI;-3.83628500;-38.57585500;infantil;privada;ativa;geral;nao;RUA DESEMBARGADOR FELIX CANDIDO, 950 JOQUEI CLUBE. 60520-355 Fortaleza - CE.
23213582;MUNDO INFANTIL ESCOLINHA;-3.72973100;-38.57444000;infantil|fundamental_i;privada;ativa;geral;nao;AVENIDA SARGENTO HERMINIO SAMPAIO, 3787 PRESIDENTE KENNEDY. 60356-392 Fortaleza - CE.
23243180;MUNDO MAGICO COLEGIO;-3.74380800;-38.56493000;fundamental_i|fundamental_ii;privada;ativa;geral;nao;RUA HUMBERTO MONTE, 1981 PARQUELANDIA. 60442-611 Fortaleza - CE.
23233745;NEMILTON VIANA CENTRO EDUCACIONAL;-3.79122600;-38.60885000;infantil|fundamental_i;privada;ativa;geral;nao;RUA DOUTOR FERNANDO AUGUSTO, 1821 GRANJA LISBOA. 60540-265 Fortaleza - CE.
23068027;NOSSA SENHORA DAS DORES CENTRO EDUCACIONAL;-3.70901400;-38.57106000;infantil|fundamental_i|fundamental_ii;privada;ativa;geral;nao;RUA FRANCISCO CALACA, 812 BARRA DO CEARA. 60334-110 Fortaleza - CE.
23068043;NOSSA SENHORA DAS DORES ESCOLA;-3.70076500;-38.57995000;infantil|fundamental_i|fundamental_ii;privada;ativa;geral;nao;RUA MORRO BRANCO, 75 PLANALTO DAS GOIABEI. BARRA DO CEARA. 60332-620 Fortaleza - CE.
23070722;NOSSA SENHORA DAS GRACAS COLEGIO;-3.74729080;-38.52661070;infantil|fundamental_i|fundamental_ii;privada;ativa;geral;nao;RUA MONSENHOR OTAVIO DE CASTRO, 535 FATIMA. 60050-150 Fortaleza - CE.
23186259;NOSSA SENHORA DAS GRACAS ESCOLA;-3.71267900;-38.55134000;infantil|fundamental_i|fundamental_ii;privada;ativa;geral;nao;AVENIDA PRESIDENTE CASTELO BRANCO, 2618 CARLITO PAMPLONA. 60312-060 Fortaleza - CE.
23547006;NOSSA SENHORA DE FATIMA CENTRO PEDAGOGICO;-3.72031060;-38.55842050;infantil|fundamental_i|fundamental_ii;privada;ativa;geral;nao;RUA CATARINA LABOURE, 08 MONTE CASTELO. 60320-560 Fortaleza - CE.
23066431;NOSSA SENHORA DO CARMO COLEGIO;-3.76739800;-38.55582940;infantil|fundamental_i;privada;ativa;geral;nao;RUA ELVIRA PINHO, 400 MONTESE. 60421-000 Fortaleza - CE.
23235446;NOSSO ESPACO ESCOLA;-3.72374500;-38.55211000;infantil|fundamental_i;privada;ativa;geral;nao;RUA MARIO STUDART, 470 MONTE CASTELO. 60326-025 Fortaleza - CE.
23075201;NOVA ALDEOTA ESCOLA EDUCADORA;-3.73858700;-38.48288000;infantil|fundamental_i;privada;ativa;geral;nao;RUA DESEMBARGADOR LAURO NOGUEIRA, 321 PAPICU. 60175-055 Fortaleza - CE.
23267151;NOVA DIMENSAO COLEGIO;-3.78854800;-38.47138000;infantil|fundamental_i|fundamental_ii;privada;ativa;geral;nao;AVENIDA EDILSON BRASIL SOARES, 1599 EDSON QUEIROZ. 60834-005 Fortaleza - CE.
23261200;NOVA GERACAO CENTRO PEDAGOGICO;-3.80253600;-38.56481000;infantil|fundamental_i;privada;ativa;geral;nao;RUA 1 CJ CAMPO DOS INGLESES, 354 CJ CAMPO DO INGLESES. JARDIM CEARENSE. 60712-247 Fortaleza - CE.
23260041;NOVO APRENDER ESCOLINHA;-3.72903100;-38.47334000;infantil|fundamental_i;privada;ativa;geral;nao;RUA DA CIOBA, 61 CON.STª TERESINHA. VICENTE PINZON. 60181-330 Fortaleza - CE.
23236710;NOVO HORIZONTE COLEGIO;-3.78488940;-38.50685570;infantil|fundamental_i|fundamental_ii;privada;ativa;geral;nao;RUA BEIJA-FLOR, 25 PREDIO. JARDIM DAS OLIVEIRAS. 60820-110 Fortaleza - CE.
23556005;NOVO MUNDO INSTITUTO PEDAGOGICO;-3.79237300;-38.47560000;infantil|fundamental_i|fundamental_ii;privada;ativa;geral;nao;RUA ALPINOPOLIS, 148 SAPIRANGA. 60833-036 Fortaleza - CE.
23243457;NOVO TEMPO ESC;-3.74237900;-38.59587000;infantil|fundamental_i|fundamental_ii;privada;ativa;geral;nao;RUA MAJOR CELESTINO, 614 ANTONIO BEZERRA. 60361-030 Fortaleza - CE.
23211970;NUCLEO DE ESTUDOS SANTA LUZIA;-3.80697000;-38.59781000;infantil|fundamental_i|fundamental_ii;privada;ativa;geral;nao;RUA RENE DESCARTES, 620 CANINDEZINHO. 60731-400 Fortaleza - CE.
23066210;O BRASILEIRINHO CENTRO EDUCACIONAL;-3.75930600;-38.58789000;infantil|fundamental_i;privada;ativa;geral;nao;AVENIDA SENADOR FERNANDES TAVORA, 1717 HENRIQUE JORGE. 60510-290 Fortaleza - CE.
23066326;O CANARINHO INSTITUTO EDUCACIONAL;-3.73522920;-38.51284770;infantil|fundamental_i;privada;ativa;geral;nao;RUA BARAO DE ARACATI, 1552 ALDEOTA. 60115-081 Fortaleza - CE.
23076100;O PENSADOR COLEGIO;-3.72636400;-38.47463000;infantil|fundamental_i|fundamental_ii;privada;ativa;geral;nao;RUA DO ENTARDECER, 95 VICENTE PINZON. 60181-190 Fortaleza - CE.
23075287;ODILON BRAVEZA COL;-3.73615800;-38.48750740;infantil|fundamental_i|fundamental_ii;privada;ativa;geral;nao;RUA OITO DE SETEMBRO, 1330 VARJOTA. 60175-210 Fortaleza - CE.
23183055;OLIVEIRA LIMA COLEGIO;-3.73233350;-38.49595730;infantil|fundamental_i|fundamental_ii;privada;ativa;geral;nao;RUA BARBOSA DE FREITAS, 705 MEIRELES. 60170-020 Fortaleza - CE.
23235250;ORGANIZ EDUCAC LOPES PEREIRA LTDA COLEGIO SAO LUCAS;-3.80709200;-38.51834000;infantil|fundamental_i|fundamental_ii;privada;ativa;geral;nao;RUA JOSE DA FRANCA CABRAL, 748 BOA VISTA-CASTELAO. 60867-580 Fortaleza - CE.
23258748;ORGANIZACAO EDUCACIONAL MANUEL DA SILVA SS LTDA- SEDE CARLITO;-3.71696250;-38.56100870;;privada;ativa;geral;nao;RUA ASSIS BEZERRA, 25 07. ALVARO WEYNE. 60335-195 Fortaleza - CE.
23198435;ORGANIZACAO EDUCACIONAL PROGRESSIVO;-3.77627410;-38.56905420;infantil|fundamental_i|fundamental_ii;privada;ativa;geral;nao;RUA IGUAPE, 66 PARANGABA. 60720-490 Fortaleza - CE.
23076658;ORGANIZACAO EDUCACIONAL QUEIROZ BELEM SS LTDA;-3.81273490;-38.58978390;infantil|fundamental_i|fundamental_ii;privada;ativa;geral;nao;RUA 105, 120 CONJUNTO ESPERANCA. 60763-540 Fortaleza - CE.
23075368;OSMAR NOGUEIRA CENTRO PEDAGOGICO;-3.76471500;-38.60210000;infantil|fundamental_i|fundamental_ii;privada;ativa;geral;nao;RUA 612, 20 1ª ETAPA. CONJUNTO CEARA. 60531-560 Fortaleza - CE.
23267194;PAIVA ANDRADE COLEGIO;-3.83581000;-38.49160000;infantil|fundamental_i|fundamental_ii;privada;ativa;geral;nao;RUA INACIO MOREIRA, 133 MESSEJANA. 60871-585 Fortaleza - CE.
23075490;PAMPULHA INSTITUTO;-3.77853000;-38.49813000;infantil|fundamental_i;privada;ativa;geral;nao;RUA TEODORICO DE PAIVA, 248 ENGENHEIRO LUCIANO CAVALCANTE. 60811-275 Fortaleza - CE.
23253207;PARAISO DA CRIANCA ESCOLA;-3.76135800;-38.56201000;infantil|fundamental_i;privada;ativa;geral;nao;RUA RODRIGUES DE ANDRADE, 46 DEMOCRITO ROCHA. 60440-080 Fortaleza - CE.
23324627;PARAISO DA CRIANCA ESCOLA;-3.74125110;-38.54896510;infantil|fundamental_i;privada;ativa;geral;nao;RUA 02, 145 LOT. ABELARDO ROCHA. MONDUBIM. 60761-710 Fortaleza - CE.
23238950;PARAISO DO SABER CENTRO EDUCACIONAL;-3.75807800;-38.57066000;infantil|fundamental_i;privada;ativa;geral;nao;RUA PARANA, 710 DEMOCRITO ROCHA. 60440-104 Fortaleza - CE.
23232650;PEQUENO CONSTRUTOR ESCOLA O;-3.73709190;-38.55005960;infantil|fundamental_i;privada;ativa;geral;nao;RUA JOSE DE BARCELOS, 739 PARQUE ARAXA. 60450-510 Fortaleza - CE.
23374624;PEQUENO GRANDE EDUCANDARIO;-3.76316533;-38.56027050;infantil|fundamental_i;privada;ativa;geral;nao;RUA AMAPA, 216 DEMOCRITO ROCHA. 60440-100 Fortaleza - CE.
23211865;PEQUENO MESTRE ESCOLA;-3.73136700;-38.48203000;infantil|fundamental_i|fundamental_ii;privada;ativa;geral;nao;AVENIDA ANTONIO JUSTA, 3920 MEIRELES. 60165-090 Fortaleza - CE.
23076143;PEQUENO PRINCIPE INST;-3.74107000;-38.52751000;infantil|fundamental_i;privada;ativa;geral;nao;RUA CONSELHEIRO TRISTAO, 788 JOSE BONIFACIO. 60050-101 Fortaleza - CE.
23076283;PETER PAN CENTRO EDUCACIONAL;-3.76548800;-38.57962000;infantil|fundamental_i;privada;ativa;geral;nao;RUA PORTO ALEGRE, 46 HENRIQUE JORGE. 60510-205 Fortaleza - CE.
23214236;PINGO DE GENTE INSTITUTO EDUCACIONAL;-3.72494200;-38.58356000;infantil|fundamental_i;privada;ativa;geral;nao;RUA ALBERTO FERREIRA, 830 JARDIM IRACEMA. 60341-140 Fortaleza - CE.
23267682;PINGO DE OURO UNIVERSIDADE INFANTIL;-3.76095620;-38.58939180;infantil|fundamental_i;privada;ativa;geral;nao;RUA NATAL, 279 HENRIQUE JORGE. 60521-092 Fortaleza - CE.
23255390;PINOCHIO ESCOLA;-3.73398320;-38.58053790;infantil|fundamental_i;privada;ativa;geral;nao;RUA GOIS MONTEIRO, 620 PADRE ANDRADE. 60356-322 Fortaleza - CE.
23337010;PLANETA DO SABER ESCOLA CRECHE;-3.74678200;-38.55953000;infantil|fundamental_i;privada;ativa;geral;nao;RUA PROFESSOR LINO ENCARNACAO, 1270 AMADEU FURTADO. 60455-515 Fortaleza - CE.
23070730;PONTES COLEGIO;-3.83429200;-38.52195000;infantil|fundamental_i|fundamental_ii;privada;ativa;geral;nao;RUA 208, 405 JANGURUSSU. 60866-230 Fortaleza - CE.
23545747;PRIMEIRO MUNDO ESCOLINHA;-3.73171100;-38.49883000;infantil|fundamental_i;privada;ativa;geral;nao;RUA PEREIRA VALENTE, 252 MEIRELES. 60160-250 Fortaleza - CE.
23284617;PRIMEIROS PASSOS ESCOLINHA;-3.79184500;-38.47553000;infantil|fundamental_i;privada;ativa;geral;nao;RUA ANGRA DOS REIS, 52 CONJUNTO ALVORADA. SAPIRANGA. 60833-046 Fortaleza - CE.
23274093;PRINCIPIO DO SABER ESCOLA;-3.70526167;-38.57546333;infantil|fundamental_i;privada;ativa;geral;nao;RUA JERONIMO ALBUQUERQUE, 319 BARRA DO CEARA. 60331-750 Fortaleza - CE.
23267747;PROJETO ALIANCA COM CRISTO;-3.79524200;-38.60248000;infantil|fundamental_i;privada;ativa;geral;nao;RUA VALDEMAR PAES, 1208 BOM JARDIM. 60545-055 Fortaleza - CE.
23076208;PROVECTO COLEGIO;-3.79394700;-38.56931000;fundamental_i|fundamental_ii;privada;ativa;geral;nao;AVENIDA GODOFREDO MACIEL, 2106 MARAPONGA. 60710-001 Fortaleza - CE.
23265892;PROVECTO COLEGIO;-3.79309200;-38.56967000;;privada;ativa;geral;nao;RUA SUICA, 76 MARAPONGA. 60711-035 Fortaleza - CE.
23462574;QUERO VENCER CENTRO EDUCACIONAL;-3.72921680;-38.57947560;infantil|fundamental_i;privada;ativa;geral;nao;AVENIDA TENENTE LISBOA, 600 JACARECANGA. 60010-340 Fortaleza - CE.
23272368;RAINHA DA PAZ ESCOLA;-3.78974800;-38.52160000;infantil;privada;ativa;geral;sim;RUA TORRES DE MELO, 689 DIAS MACEDO. 60860-370 Fortaleza - CE.
23440635;RAIO DE LUZ COLEGIO;-3.76368271;-38.44231180;infantil|fundamental_i|fundamental_ii;privada;ativa;geral;nao;AVENIDA DIOGUINHO, 5716 ANTONIO DIOGO. 60183-706 Fortaleza - CE.
23258551;RAIO DE LUZ EEF;-3.77808600;-38.60563000;infantil|fundamental_i;privada;ativa;geral;nao;RUA PRIMEIRO DE MAIO, 2612 GRANJA PORTUGAL. 60541-312 Fortaleza - CE.
23243902;RAIO DE LUZ INSTITUTO PSICOPEDAGOGICO;-3.78166680;-38.50373670;infantil|fundamental_i;privada;ativa;geral;nao;RUA ESPERANCA, 244 JARDIM DAS OLIVEIRAS. 60821-060 Fortaleza - CE.
23243074;RECANTO VERDE ESCOLA CRECHE;-3.75276200;-38.52751000;infantil;privada;ativa;geral;nao;RUA MONTEIRO LOBATO, 72 FATIMA. 60411-210 Fortaleza - CE.
23268786;RECRIARTE ESCOLA;-3.75976690;-38.54781080;infantil|fundamental_i;privada;ativa;geral;nao;RUA MARCO, 95 BOM FUTURO. 60425-150 Fortaleza - CE.
23074655;REGINA PACIS COLEGIO;-3.76407400;-38.54378000;fundamental_i|fundamental_ii;privada;ativa;geral;nao;RUA JOAQUIM PIMENTA, 101 MONTESE. 60410-220 Fortaleza - CE.
23076992;RENASCER CENTRO EDUCACIONAL;-3.80103660;-38.57780860;infantil|fundamental_i|fundamental_ii;privada;ativa;geral;nao;RUA CREUZA ROQUE, 305 MANUEL SATIRO. 60713-330 Fortaleza - CE.
23245743;RODA-GIGANTE ESPACO EDUCACIONAL;-3.74400900;-38.58861000;infantil|fundamental_i|fundamental_ii;privada;ativa;geral;nao;RUA VALE COSTA, 843 ANTONIO BEZERRA. 60360-720 Fortaleza - CE.
23077190;ROSA DE SAROM INSTITUTO EDUCACIONAL;-3.80878667;-38.47953333;fundamental_i|fundamental_ii;privada;ativa;geral;nao;RUA AMANCIO VALENTE, 1770 CAMBEBA. 60822-155 Fortaleza - CE.
23192534;ROSIMAR CENTRO EDUCACIONAL PROF;-3.82399700;-38.48419000;infantil|fundamental_i;privada;ativa;geral;nao;RUA VICENTE NOBRE DE MACEDO, 221 MESSEJANA. 60841-110 Fortaleza - CE.
23245158;SAEER COLEGIO;-3.78834420;-38.58132230;infantil|fundamental_i;privada;ativa;geral;nao;RUA COSTA FREIRE, 922 VILA PERI. 60730-135 Fortaleza - CE.
23214520;SAGRADA FAMILIA COLEGIO;-3.78650000;-38.54240000;infantil|fundamental_i|fundamental_ii;privada;ativa;geral;nao;RUA MADRE ELISA BALDO, 331 SERRINHA. 60741-450 Fortaleza - CE.
23328622;SAGRADA FAMILIA COLEGIO;-3.74102800;-38.56514000;infantil|fundamental_i|fundamental_ii;privada;ativa;geral;nao;AVENIDA JOVITA FEITOSA, 2961 PARQUELANDIA. 60455-410 Fortaleza - CE.
23252537;SAGRADA FAMILIA ESCOLA;-3.76523730;-38.56159840;infantil|fundamental_i;privada;ativa;geral;nao;RUA URSULA GARCIA, 167 DEMOCRITO ROCHA. 60440-030 Fortaleza - CE.
23564342;SAGRADO CORACAO ESCOLA MARISTA;-3.80031700;-38.56671000;fundamental_i|fundamental_ii;privada;ativa;geral;nao;RUA VIDAL DE NEGREIROS, 550 JARDIM CEARENSE. 60712-108 Fortaleza - CE.
23066148;SALESIANO DOM BOSCO COLEGIO;-3.74018500;-38.52092830;infantil|fundamental_i|fundamental_ii;privada;ativa;geral;nao;AVENIDA ANTONIO SALES, 116 JOAQUIM TAVORA. 60135-100 Fortaleza - CE.
23077409;SALOME BASTOS COLEGIO;-3.70078530;-38.57904370;infantil|fundamental_i|fundamental_ii;privada;ativa;geral;nao;RUA DESEMBARGADOR HERMES PARAHYBA, 1120 VILA VELHA. 60347-155 Fortaleza - CE.
23213590;SANDBOX LTDA CENTRO DE EDUCACAO INFANTIL;-3.73181860;-38.46829100;infantil|fundamental_i;privada;ativa;geral;nao;AVENIDA CLOVIS MATOS, 1131 VICENTE PIZON. 60182-250 Fortaleza - CE.
23252871;SANTA CLARA DE ASSIS ESCOLA;-3.72696800;-38.56912000;infantil|fundamental_i;privada;ativa;geral;nao;AVENIDA DOUTOR THEBERGE, 2786 PRESIDENTE KENNEDY. 60355-000 Fortaleza - CE.
23071400;SANTA ISABEL COLEGIO;-3.73542600;-38.56948220;infantil|fundamental_i|fundamental_ii;privada;ativa;geral;nao;AVENIDA BEZERRA DE MENEZES, 2840 SAO GERARDO. 60325-002 Fortaleza - CE.
23263580;SANTANA ESCOLA SS;-3.81225460;-38.57944930;infantil|fundamental_i|fundamental_ii;privada;ativa;geral;nao;RUA 10, 1305 PARQUE SANTANA. MONDUBIM. 60767-700 Fortaleza - CE.
23068124;SANTOS DUMONT COLEGIO;-3.77150080;-38.51461660;infantil|fundamental_i|fundamental_ii;privada;ativa;geral;nao;RUA TENENTE JAIME ANDRADE, 214 AEROLANDIA. 60850-720 Fortaleza - CE.
23252340;SAO CAMILO DE LELLIS ESCOLA DE ENFERMAGEM;-3.72435700;-38.53745000;;privada;ativa;geral;nao;RUA PADRE MORORO, 874 CENTRO. 60015-220 Fortaleza - CE.
23077484;SAO SEBASTIAO CENTRO EDUCACIONAL;-3.76005300;-38.57103000;infantil|fundamental_i|fundamental_ii;privada;ativa;geral;nao;RUA GUANABARA, 987 DEMOCRITO ROCHA. 60440-135 Fortaleza - CE.
23490993;SEMENTES DO AMANHA ESCOLA;-3.71857100;-38.58574000;infantil|fundamental_i;privada;ativa;geral;nao;RUA OTAVIO PARANHOS, 74 JARDIM IRACEMA. 60341-515 Fortaleza - CE.
23260017;SENAI-CE AABMS- ANA AMELIA BEZERRA DE MENEZES E SOUZA;-3.76893407;-38.56170685;;privada;ativa;geral;nao;AVENIDA JOAO PESSOA, 6760 SESI/SENAI. PARANGABA. 60721-340 Fortaleza - CE.
23260246;SENAI-CE AUA-ANTONIO URBANO DE ALMEIDA;-3.72620100;-38.54090000;;privada;ativa;geral;nao;AVENIDA PADRE IBIAPINA, 1280 JACARECANGA. 60010-690 Fortaleza - CE.
23266937;SENAI-CE WDS-WALDYR DIOGO DE SIQUEIRA;-3.70722100;-38.58481000;;privada;ativa;geral;nao;AVENIDA FRANCISCO SA, 7221 BARRA DO CEARA. 60330-875 Fortaleza - CE.
23299010;SERVICO NACIONAL PROFISSIONALIZANTE SENAP;-3.73129500;-38.53332000;;privada;ativa;geral;nao;AVENIDA IMPERADOR, 852 CENTRO. 60015-050 Fortaleza - CE.
23226404;SILVA PRAXEDES EDUCANDARIO;-3.78080500;-38.55652000;infantil|fundamental_i;privada;ativa;geral;nao;RUA JOSE CAMELO, 189 COLEGIO. PARANGABA. 60740-750 Fortaleza - CE.
23187859;SONHO DA FANTASIA CENTRO EDUCACIONAL;-3.72802330;-38.58177170;infantil|fundamental_i;privada;ativa;geral;nao;RUA RIO TOCANTINS, 1404 JARDIM IRACEMA. 60340-110 Fortaleza - CE.
23077700;SONHO DE CRIANCA ESCOLA;-3.82479200;-38.55968000;infantil|fundamental_i;privada;ativa;geral;nao;RUA 5, 163 JOSE WALTER. MONDUBIM. 60762-655 Fortaleza - CE.
23077727;SONHO DE TALITA ESCOLA;-3.75873360;-38.55210440;infantil|fundamental_i;privada;ativa;geral;nao;RUA JULIO CESAR, BOM FUTURO. 60425-236 Fortaleza - CE.
23190094;SONHO MEU ESCOLINHA;-3.70001400;-38.58171000;infantil|fundamental_i;privada;ativa;geral;nao;RUA DOM LUSTOSA, 06 BARRA DO CEARA. 60333-040 Fortaleza - CE.
23545801;SONHOS DE CRIANCA COLEGIO;-3.73330000;-38.59884000;infantil|fundamental_i;privada;ativa;geral;nao;RUA DA JANGADINHA, 33 QUINTINO CUNHA. 60352-600 Fortaleza - CE.
23332018;SORRISO DE CRIANCA ESCOLA;-3.70076510;-38.57910970;infantil|fundamental_i;privada;ativa;geral;nao;RUA DAS CANOAS, 139 BARRA DO CEARA. 60332-360 Fortaleza - CE.
23077824;TANCREDO NEVES CENTRO EDUCACIONAL PRESIDENTE;-3.75498700;-38.56152000;infantil|fundamental_i|fundamental_ii;privada;ativa;geral;nao;RUA AMAZONAS, 490 BELA VISTA. 60441-685 Fortaleza - CE.
23462590;TEIXEIRA HOLANDA COLEGIO;-3.79039920;-38.53657500;infantil|fundamental_i|fundamental_ii;privada;ativa;geral;nao;RUA BETESAIDA, 401 SERRINHA. 60743-485 Fortaleza - CE.
23194154;TELEYOS COLEGIO;-3.81313100;-38.58746300;infantil|fundamental_i|fundamental_ii;privada;ativa;geral;nao;AV. CONTORNO NORTE, 1260 CONJUNTO ESPERANCA. 60711-220 Fortaleza - CE.
23491981;TIA ANA CENTRO EDUCACIONAL;-3.79713000;-38.58291000;infantil|fundamental_i;privada;ativa;geral;nao;RUA SAO MANUEL, 1906 MANUEL SATIRO. 60713-750 Fortaleza - CE.
23265108;TIA ELI CENTRO EDUCACIONAL;-3.86467960;-38.49187020;infantil|fundamental_i;privada;ativa;geral;nao;RUA ANTERO QUENTAL, 504 PARQUE ITAMARATY. PAUPINA. 60873-652 Fortaleza - CE.
23235829;TIA GARDENIA EEIEF;-3.71752800;-38.56420000;infantil|fundamental_i;privada;ativa;geral;nao;RUA ENGENHEIRO JOAO NOGUEIRA, 285 ALVARO WEYNE. 60335-140 Fortaleza - CE.
23277165;TIO JAIME CRECHE ESCOLA;-3.77227410;-38.59036485;infantil|fundamental_i;privada;ativa;geral;nao;RUA SAO GREGORIO, 155 JOAO XXIII. 60525-610 Fortaleza - CE.
23245921;TIQUINHO DE GENTE ESCOLINHA E CRECHE;-3.81184400;-38.49446000;infantil|fundamental_i;privada;ativa;geral;nao;RUA INACIO VASCONCELOS, SN MESSEJANA. 60841-535 Fortaleza - CE.
23078065;TIRADENTES COLEGIO;-3.72936360;-38.53724640;infantil|fundamental_i|fundamental_ii;privada;ativa;geral;nao;AVENIDA DUQUE DE CAXIAS, 1452 CENTRO. 60035-111 Fortaleza - CE.
23251832;TIRADENTES COLEGIO;-3.72932500;-38.53428560;;privada;ativa;geral;nao;AVENIDA TRISTAO GONCALVES, 876 CENTRO. 60015-001 Fortaleza - CE.
23315016;TOCA DA CRIANCA ESCOLINHA;-3.74741900;-38.47588000;infantil|fundamental_i;privada;ativa;geral;nao;RUA JORNALISTA NERTAN MACEDO, 35 COCO. 60192-450 Fortaleza - CE.
23078081;TOMAS DE AQUINO COLEGIO;-3.75292190;-38.52677250;infantil|fundamental_i|fundamental_ii;privada;ativa;geral;nao;RUA MARIO MAMEDE, 750 FATIMA. 60415-000 Fortaleza - CE.
23078103;TREM DA ALEGRIA ESCOLINHA;-3.75611800;-38.51467000;infantil|fundamental_i;privada;ativa;geral;nao;RUA MONSENHOR SALAZAR, 547 SAO JOAO DO TAUAPE. 60130-370 Fortaleza - CE.
23245786;TRENZINHO DO SABER EDUCANDARIO;-3.73059000;-38.59473000;infantil|fundamental_i;privada;ativa;geral;nao;RUA NAPOLIS, 93 CONJ CIDADE OESTE. QUINTINO CUNHA. 60352-010 Fortaleza - CE.
23269162;TRENZINHO MAGICO CENTRO EDUCACIONAL;-3.76943070;-38.53367630;infantil|fundamental_i;privada;ativa;geral;nao;RUA LIVREIRO GUALTER, 216 VILA UNIAO. 60420-130 Fortaleza - CE.
23199679;TURMA DO PERERE ESCOLINHA;-3.75758100;-38.50908000;infantil|fundamental_i|fundamental_ii;privada;ativa;geral;nao;RUA CRUZ ABREU, 765 SAO JOAO DO TAUAPE. 60130-440 Fortaleza - CE.
23545151;UM JEITO DE APRENDER ESCOLA;-3.70672300;-38.56638000;infantil|fundamental_i;privada;ativa;geral;nao;RUA QUATRO DE JANEIRO, 131 CRISTO REDENTOR. 60337-470 Fortaleza - CE.
23071478;UMA JANELA PARA O MUNDO COLEGIO;-3.77556400;-38.58011000;infantil|fundamental_i|fundamental_ii;privada;ativa;geral;nao;RUA JULIO BRAGA, 1014 JOAO XXIII. 60525-632 Fortaleza - CE.
23259035;UNIDADE DE EDUCACAO PROFISSIONAL;-3.78607580;-38.55282360;;estadual;ativa;geral;nao;AVENIDA DOUTOR SILAS MUNGUBA, 1700 PREDIO DA REITORIA. ITAPERI. 60714-903 Fortaleza - CE.
23226056;UNIVERSIDADE DO SABER;-3.83874340;-38.48622370;infantil|fundamental_i|fundamental_ii;privada;ativa;geral;nao;RUA MARQUESA DE SANTOS, 390 COACU. 60871-645 Fortaleza - CE.
23265418;UNIVERSIDADE INFANTIL JEMINA GOIS ESCOLA;-3.75558000;-38.56852510;infantil;privada;ativa;geral;nao;RUA GUANABARA, 627 DEMOCRITO ROCHA. 60440-135 Fortaleza - CE.
23185520;UNIVERSIDADE INFANTIL SEDE I;-3.79166890;-38.48695650;infantil;privada;ativa;geral;nao;RUA CORONEL HONORIO VIEIRA, 11 PARQUE MANIBURA. 60821-836 Fortaleza - CE.
23299614;UNIVERSIDADE INFANTIL SEDE II;-3.79124330;-38.48711100;fundamental_i;privada;ativa;geral;nao;AVENIDA JOSE LEON, 2773 PARQUE MANIBURA. 60821-743 Fortaleza - CE.
23067667;UNIVERSIDADE INTEGRADA DA CRIANCA UNIC;-3.74622300;-38.53779000;infantil|fundamental_i;privada;ativa;geral;nao;RUA COSTA SOUSA, 235 BENFICA. 60020-300 Fortaleza - CE.
23078251;UNIVERSO COLEGIO;-3.73417900;-38.57690000;fundamental_ii;privada;ativa;geral;nao;RUA JOAQUIN ALBANO, 100 PADRE ANDRADE. 60356-332 Fortaleza - CE.
23504994;UNIVERSO COLORIDO CENTRO EDUCACIONAL;-3.77362300;-38.46129000;fundamental_i|fundamental_ii;privada;ativa;geral;nao;RUA CIDADE ECOLOGICA, 939 EDSON QUEIROZ. 60812-450 Fortaleza - CE.
23277017;UNIVERSO DA CRIANCA CENTRO EDUCACIONAL;-3.77617000;-38.55813000;infantil|fundamental_i;privada;ativa;geral;nao;RUA IARA, 220 A. PARANGABA. 60740-235 Fortaleza - CE.
23078286;UNIVERSO DO SABER COLEGIO;-3.80060300;-38.56424000;infantil|fundamental_i|fundamental_ii;privada;ativa;geral;nao;RUA 4, 23 CAMPO DOS INGLESES. JARDIM CEARENSE. 60712-274 Fortaleza - CE.
23251859;VASCONCELOS VIEIRA COLEGIO;-3.74125200;-38.54896480;infantil|fundamental_i|fundamental_ii;privada;ativa;geral;nao;RUA MAJOR PEDRO SAMPAIO, 376 RODOLFO TEOFILO. 60430-180 Fortaleza - CE.
23462604;VEGA COLEGIO;-3.82902400;-38.55347000;infantil|fundamental_i|fundamental_ii;privada;ativa;geral;nao;AVENIDA C, 160 PREFEITO JOSE WALTER. 60750-020 Fortaleza - CE.
23234253;VERAS COLEGIO;-3.84940100;-38.51025000;infantil|fundamental_i|fundamental_ii;privada;ativa;geral;nao;RUA VALPARAISO, 672 SANTA FILOMENA. CONJUNTO PALMEIRAS. 60870-440 Fortaleza - CE.
23226242;VICENCIA BATISTA CENTRO EDUC;-3.75964900;-38.57678000;infantil|fundamental_i;privada;ativa;geral;nao;RUA BRIGADEIRO TORRES, 81 JOQUEI CLUB. 60420-610 Fortaleza - CE.
23243414;VIDA ESCOLA;-3.84810200;-38.51762000;infantil|fundamental_i;privada;ativa;geral;nao;RUA VERDE 4, 173 JANGURUSSU. 60876-340 Fortaleza - CE.
23225890;VIDA VIVA CENTRO EDUCACIONAL;-3.81768280;-38.62058300;infantil|fundamental_i|fundamental_ii;privada;ativa;geral;nao;RUA JOSE MARIA, 100 SIQUEIRA. 60732-700 Fortaleza - CE.
23069651;VILA CRECHE ESCOLA E ESPACO CULTURAL LTDA;-3.74899350;-38.52548760;fundamental_i|fundamental_ii;privada;ativa;geral;nao;RUA DOM SEBASTIAO LEME, 819 FATIMA. 60050-160 Fortaleza - CE.
23330635;VILA CRIANCA ESCOLA;-3.74446900;-38.47827000;infantil|fundamental_i;privada;ativa;geral;nao;RUA DOUTOR GILBERTO STUDART, 1157 COCO. 60192-095 Fortaleza - CE.
23252421;VITAL DIDONET CENTRO DE EDUCACAO;-3.79464800;-38.49705000;infantil|fundamental_i;privada;ativa;geral;nao;RUA SERTAO DOS INHAMUNS, 201 CIDADE DOS FUNCIONARIOS. 60822-770 Fortaleza - CE.
23330414;VITORIA SANTOS ESCOLA;-3.78240070;-38.60077060;infantil|fundamental_i;privada;ativa;geral;nao;RUA HUMBERTO LOMEU, 1000 GRANJA PORTUGAL. 60541-112 Fortaleza - CE.
23074540;WALDORF MICAEL FORTALEZA ESCOLA;-3.78074280;-38.48502330;infantil|fundamental_i|fundamental_ii;privada;ativa;geral;nao;RUA DOUTOR DEOPLISTO FEITOSA, 10 ENGENHEIRO LUCIANO CAVALCANTE. 60813-585 Fortaleza - CE.
23078570;WALTER DISNEY COLEGIO;-3.73637400;-38.55642000;infantil|fundamental_i|fundamental_ii;privada;ativa;geral;nao;RUA AZEVEDO BOLAO, 1369 PARQUELANDIA. 60455-165 Fortaleza - CE.
23078618;YOLANDA QUEIROZ ESCOLA DE APLICACAO;-3.77009640;-38.47456070;infantil|fundamental_i;privada;ativa;geral;nao;AVENIDA WASHINGTON SOARES 1321, 1321 CAMPUS UNIFOR. EDSON QUEIROZ. 60811-905 Fortaleza - CE.
