codigo_inep;nome;latitude;longitude;ciclo;rede;situacao;atendimento;conveniada;endereco
29465729;ALYNE BONFIM SEGUNDO OLIVEIRA;-12.96619000;-38.46818000;infantil|fundamental_i;privada;ativa;geral;nao;RUA AJAX BALEEIRO, 89 PERNAMBUES. 41100-190 Salvador - BA.
29383200;APADA ASSOC DE PAIS AMIGOS DE DEFIC AUDI;-13.00992000;-38.49119000;;privada;ativa;sem_escolarizacao;sim;RUA ILHEUS, 96 PARQUE CRUZ AGUIAR. RIO VERMELHO. 41940-570 Salvador - BA.
29392675;ASS B R CRECHE ESCOLA COMUNITARIA CRIANCA FELIZ;-12.93456000;-38.43812000;infantil;privada;ativa;geral;sim;RUA HAROLDO CAINO, 05 TERREO. SUSSUARANA. 41215-820 Salvador - BA.
29435269;ASSOC E CENTRO DE EDUC INFANTIL MARIA DOLORES;-12.94115000;-38.47563560;infantil;privada;ativa;geral;sim;RUA 7 DE SETEMBRO DA FAZENDA GRANDE, 35 TERREO. FAZENDA GRANDE DO RETIRO. 40353-110 Salvador - BA.
29395577;ASSOCIACAO ACAO SOCIAL MOSTEIRO DO SALVADOR-MANT CENTRO DE EDUCACAO INFANTIL ZEZA CALMON DE SA;-12.84755500;-38.47264330;infantil;privada;ativa;geral;sim;RUA DA FRATERNIDADE, S/N COUTOS. 40732-025 Salvador - BA.
29344930;ASSOCIACAO BAHIANA DE REABILITACAO E EDUCACAO-ABRE;-12.97168000;-38.48969000;;privada;ativa;sem_escolarizacao;sim;RUA RAUL LEITE, 93 VILA LAURA. 40270-180 Salvador - BA.
29457068;ASSOCIACAO BEIJA FLOR DA MASSARANDUBA;-12.92844833;-38.49774667;infantil;privada;ativa;geral;sim;RUA LOPES TROVAO, 115 PX AO 10º CENT SAUDE. MASSARANDUBA. 40435-000 Salvador - BA.
29620600;ASSOCIACAO BENEFICENTE EVANGELICA DE CAJAZEIRAS;-12.89055080;-38.43063020;infantil;privada;ativa;geral;sim;RUA DO BOIADEIRO, 50 AGUAS CLARAS. 41310-060 Salvador - BA.
29386780;ASSOCIACAO CENTRO DE EDUCACAO INFANTIL JOAO PAULO II;-12.90385370;-38.47589080;infantil;privada;ativa;geral;sim;TRAVESSA PRIMEIRO DE NOVEMBRO, 00 SEM NUMERO. SAO JOAO DO CABRITO. 40490-272 Salvador - BA.
29404940;ASSOCIACAO CLUBE DAS CRIANCAS;-12.97109000;-38.41852000;infantil;privada;ativa;geral;sim;RUA DO CASCALHO, 12A LOT JARDIM IMPERIAL. PITUACU. 41741-510 Salvador - BA.
29427436;ASSOCIACAO CRECHE ESCOLA COMUNITARIA FRUTOS DE MAES;-12.92795000;-38.49956000;infantil;privada;ativa;geral;sim;RUA LOPES TROVAO, 107 PX AO CENTRO DE SAUD. MASSARANDUBA. 40435-000 Salvador - BA.
29475392;ASSOCIACAO CRECHE ESCOLA COMUNITARIA NOSSO SONHO;-12.86378500;-38.46421500;infantil;privada;ativa;geral;sim;2ª AVENIDA 9 DE MARCO, 24 NOVA CONSTITUINTE. 40748-130 Salvador - BA.
29449952;ASSOCIACAO CRECHE ESCOLA CRIANCA INOCENTE;-12.93488688;-38.46280946;infantil;privada;ativa;geral;sim;RUA SAO MATEUS, 134 E. MATA ESCURA. 41220-200 Salvador - BA.
29651620;ASSOCIACAO CRECHE ESCOLA CULTURAL PROFESSORA LIGIA MARIA DE ASSIS CALDAS;-12.85728000;-38.45484000;infantil;privada;ativa;geral;sim;RUA DA PAZ, 31 VISTA ALEGRE. COUTOS. 41301-110 Salvador - BA.
29474116;ASSOCIACAO CRECHE ESCOLA SEMENTINHA CRIACAO DO SENHOR;-12.89291500;-38.43199000;infantil;privada;ativa;geral;sim;RUA ROBERTO LUIZ, 16 CASA-TERREO. AGUAS CLARAS. 41310-130 Salvador - BA.
29435706;ASSOCIACAO CRECHE GRAO DE MOSTARDA;-12.86412000;-38.47049000;infantil;privada;ativa;geral;sim;RUA ANDRESA NERI, PERIPERI. 40728-095 Salvador - BA.
29537622;ASSOCIACAO DAS COMUNIDADES PAROQUIAIS DE MATA ESCURA E CALABETAO;-12.93601870;-38.46221500;infantil;privada;ativa;geral;sim;RUA DIRETA DA MATA ESCURA, 6 MATA ESCURA. 41225-190 Salvador - BA.
29457297;ASSOCIACAO DE AMIGOS DO AUTISTA DA BAHIA- AMA;-12.96397833;-38.40470000;;privada;ativa;sem_escolarizacao;sim;RUA MACEDO DE AGUIAR, 98 PITUACU. 41740-085 Salvador - BA.
29415080;ASSOCIACAO DE PAIS E AMIGOS DOS EXCEPCIONAIS;-13.00167340;-38.45984570;;privada;ativa;sem_escolarizacao;sim;RUA RIO GRANDE DO SUL, 545 PITUBA. 41830-141 Salvador - BA.
29446805;ASSOCIACAO E CRECHE SANTA IZABEL;-12.93649860;-38.43550020;infantil;privada;ativa;geral;sim;RUA DALVA SANTOS DE ARAUJO, PREDIO. NOVA SUSSUARANA. 41216-610 Salvador - BA.
29396190;ASSOCIACAO E CRECHE SILDUDU;-12.90978290;-38.40257960;infantil;privada;ativa;geral;sim;RUA NOSSA SENHORA APARECIDA, 22E JAGUARIPE I. CAJAZEIRAS. 41330-570 Salvador - BA.
29724635;ASSOCIACAO EDUCACIONAL DOM GIUSSANI;-12.92420000;-38.48719240;infantil;privada;ativa;geral;sim;RUA BAHAMAS, 01 CONJUNTO JOANES AZUL. LOBATO. 40471-015 Salvador - BA.
29475279;ASSOCIACAO EDUCACIONAL E CULTURAL ESTACAO CRIANCA;-12.92876970;-38.47812748;infantil;privada;ativa;geral;sim;RUA JOSE TIBERIO, 1123 CASA. BOA VISTA DE SAO CAETANO. 40385-640 Salvador - BA.
29435404;ASSOCIACAO EDUCACIONAL SONS NO SILENCIO;-12.96834000;-38.42981000;fundamental_ii;privada;ativa;exclusivo_deficiencia;sim;RUA ALBERTO FIUZA, 502 CASA. IMBUI. 41720-025 Salvador - BA.
29472946;ASSOCIACAO EDUCANDARIO ROSA DE SARON;-12.90386696;-38.39455257;infantil;privada;ativa;geral;sim;CAMINHO 31-QUADRA B, 4 FAZENDA GRANDE III. 41343-712 Salvador - BA.
29469295;ASSOCIACAO EDUCATIVA FONTE DA VIDA;-12.92214509;-38.47601691;infantil;privada;ativa;geral;sim;RUA RODOVIA A, 3229 1 ANDAR. BOA VISTA DE SAO CAETANO. 40385-645 Salvador - BA.
29452180;ASSOCIACAO IRMAS TERZIARIAS FRANCESCANAS REG DE TODOS SANTOS;-13.01299140;-38.47459450;infantil|fundamental_i;privada;ativa;geral;sim;RUA DOUTOR EDGARD BARROS, 13 AMARALINA. 41900-420 Salvador - BA.
29663628;ASSOCIACAO SAGRADA FAMILIA;-13.00251000;-38.48080000;infantil;privada;ativa;geral;sim;RUA SAO BENEDITO, SN SANTA CRUZ. 41920-310 Salvador - BA.
29399637;CASA DA CRIANCA BEZERRA DE MENEZES;-12.92292000;-38.42367000;infantil;privada;ativa;geral;nao;RUA ARTEMIO CASTRO VALENTE, 483 PROXIMO AO BARRADAO. CANABRAVA. 41260-300 Salvador - BA.
29587603;CASA DO SOL PADRE LUIS LINTNER;-12.89321000;-38.42139000;infantil;privada;ativa;geral;sim;RUA PADRE LUIZ LINTNER, 189 CAJAZEIRAS 5. 41335-100 Salvador - BA.
29398304;CASA PIA E COLEGIO DOS ORFAOS DE SAO JOAQUIM;-12.94955000;-38.50032000;infantil;privada;ativa;geral;sim;AVENIDA FREDERICO PONTES, 375 IGREJA DOS ORFAOS. AGUA DE MENINOS. 40460-000 Salvador - BA.
29833620;CEI CORACAO DE MARIA;-12.93543000;-38.38037000;infantil;privada;ativa;geral;sim;RUA MACHADO DE ASSIS, 17 BAIRRO DA PAZ. 41515-030 Salvador - BA.
29832640;CEI SANTO ANTONIO;-12.93068000;-38.37365000;infantil;privada;ativa;geral;sim;RUA UBATA, S/N BAIRRO DA PAZ. 41515-324 Salvador - BA.
29833639;CEI SAO FRANCISCO DE ASSIS;-12.93238000;-38.37812000;infantil;privada;ativa;geral;sim;RUA DA FELICIDADE, S/N BAIRRO DA PAZ. 41515-310 Salvador - BA.
29833647;CEI SAO GERALDO;-12.92769000;-38.37166000;infantil;privada;ativa;geral;sim;RUA GETULIO VARGAS, 36 BAIRRO DA PAZ. 41515-360 Salvador - BA.
29199182;CENTRO DE APOIO PEDAGOGICO ESPECIALIZADO ALBERTO DE ASSIS;-12.96120000;-38.50174000;;estadual;ativa;sem_escolarizacao;nao;RUA SAO JOSE DE BAIXO, 00055 BARBALHO. 40300-770 Salvador - BA.
29386632;CENTRO DE APOIO PEDAGOGICO ESPECIALIZADO CATIA MARIA PAIM CRUZ;-12.97529000;-38.50466000;;estadual;ativa;sem_escolarizacao;nao;RUA DA JAQUEIRA, 12 40040-570 Salvador - BA.
29179815;CENTRO DE APOIO PEDAGOGICO ESPECIALIZADO DA BAHIA;-13.00580000;-38.50763000;;estadual;ativa;sem_escolarizacao;nao;RAIMUNDO PEREIRA MAGALHAES, 00045 ONDINA. 40170-155 Salvador - BA.
29200296;CENTRO DE APOIO PEDAGOGICO ESPECIALIZADO PARA PESSOAS COM SURDEZ WILSON LINS;-13.00668435;-38.50770557;fundamental_ii;estadual;ativa;exclusivo_deficiencia;nao;RUA RAIMUNDO PEREIRA MAGALHAES, ONDINA. 40170-015 Salvador - BA.
29200342;CENTRO DE APOIO PEDAGOGICO ESPECIALIZADO PESTALOZZI;-13.00553000;-38.50844000;;estadual;ativa;sem_escolarizacao;nao;RUA ADEMAR DE BARROS, 00007 ONDINA. 40170-110 Salvador - BA.
29476445;CENTRO DE ATENDIMENTO EDUCACIONAL ESPECIALIZADO LOUIS BRAILLE;-12.96199453;-38.50175736;;privada;ativa;sem_escolarizacao;sim;RUA SAO JOSE DE BAIXO, 55 BARBALHO. 40300-770 Salvador - BA.
29463610;CENTRO DE CULTURA E CONHECIMENTO ESCOLA CASA DA INFANCIA;-12.99704000;-38.46312000;infantil|fundamental_i;privada;ativa;geral;nao;RUA SILVIO VALENTE, 88 ITAIGARA. 41815-370 Salvador - BA.
29984726;CENTRO DE EDUCACAO ESPACO INTERATIVO;-12.84777200;-38.45839310;infantil|fundamental_i|fundamental_ii;privada;ativa;geral;nao;RUA EIXO 34, 32 3ª ETAPA QUADRA 03. FAZENDA COUTOS. 40731-585 Salvador - BA.
29432065;CENTRO DE EDUCACAO INFANTIL CANTO DA PAZ;-12.93114667;-38.49016833;infantil;privada;ativa;geral;sim;AVENIDA SAO ROQUE, 364E TERREO. URUGUAI. 40450-355 Salvador - BA.
29399645;CENTRO DE EDUCACAO INFANTIL CRISTO REDENTOR;-12.98240650;-38.50822490;infantil;privada;ativa;geral;sim;RUA PRESIDENTE DUTRA, 114 BAIRRO DA PAZ. 41515-120 Salvador - BA.
29993954;CENTRO DE EDUCACAO INFANTIL IRMA GUILHERMINA;-12.89109292;-38.43887969;infantil;privada;ativa;geral;sim;RUA SANTA CLARA DE ASSIS, S/N LOT. NOGUEIRA. AGUAS CLARAS. 41310-270 Salvador - BA.
29432782;CENTRO DE EDUCACAO INFANTIL JOANES LESTE;-12.92449000;-38.48561000;infantil;privada;ativa;geral;sim;CONJUNTO JOANES LESTE, 0 QUADRA 23. LOBATO. 40470-370 Salvador - BA.
29365147;CENTRO DE EDUCACAO MIRIM MODELO;-12.93411000;-38.42073000;infantil|fundamental_i|fundamental_ii;privada;ativa;geral;sim;AVENIDA DIVINO ESPIRITO SANTO DO SALVADOR, SN VALE DOS LAGOS. 41256-090 Salvador - BA.
29193036;CENTRO DE EDUCACAO NOVAS IDEIAS;-13.00366000;-38.51438000;infantil|fundamental_i|fundamental_ii;privada;ativa;geral;nao;TRAVESSA RESEDA, 171 FEDERACAO. ALTO DAS POMBAS. 40226-625 Salvador - BA.
29906725;CENTRO DE EDUCACAO TSSALEAH LTD;-12.95384000;-38.46053000;fundamental_ii;privada;ativa;geral;nao;RUA ANTONIO CANDIDO LIMA 130 CABULA SALVADOR, CABULA. 41150-500 Salvador - BA.
29457327;CENTRO DE FORMACAO EM ENFERMAGEM IRMA DULCE;-12.98727000;-38.51437000;;privada;ativa;geral;nao;RUA DO SALETE, 378 BARRIS. 40070-200 Salvador - BA.
29385466;CENTRO DE GIRO SANTO ANTONIO DE PADUA;-12.83679920;-38.46885880;infantil;privada;ativa;geral;sim;RUA VENEZUELA, 234 PARIPE. 40820-070 Salvador - BA.
29179947;CENTRO DE INICIACACAO ESC NOVO SINAI DA GALILEIA;-12.95154000;-38.48908000;infantil|fundamental_i;privada;ativa;geral;nao;RUA NOSSA SENHORA DAS GRACAS, 32 PERO VAZ. 40335-180 Salvador - BA.
29399688;CENTRO DE INTEGRACAO EDUCACIONAL E SOCIAL DE SUSSUARANA;-12.93402000;-38.44299000;infantil|fundamental_i|fundamental_ii;privada;ativa;geral;nao;AVENIDA ULYSSES GUIMARAES, 4277 ANEXOS DA IBNC. SUSSUARANA. 41213-000 Salvador - BA.
29445906;CENTRO DE INTEGRACAO FAMILIAR - CEIFAR;-12.94174550;-38.44950840;infantil;privada;ativa;geral;sim;RUA DIRETA DE TANCREDO NEVES, 402 TANCREDO NEVES. 41205-000 Salvador - BA.
29364426;CENTRO DE RECREACAO PUERIL LTDA - ESCOLA PANTHEON;-13.00420000;-38.52543000;infantil|fundamental_i|fundamental_ii;privada;ativa;geral;nao;RUA ARACAJU, 196 JARDIM BRASIL. BARRA. 40140-360 Salvador - BA.
29455634;CENTRO EDUCACIONAL A CONQUISTA DO SABER LTDA;-12.98851000;-38.47793000;infantil|fundamental_i;privada;ativa;geral;nao;RUA ALTO DO SALDANHA, 25 PARQUE BELA VISTA. 40280-070 Salvador - BA.
29468264;CENTRO EDUCACIONAL ALBA ALELUIA;-12.97882994;-38.49369533;infantil|fundamental_i;privada;ativa;geral;nao;RUA JOSE PETITINGA, 22 CASA. COSME DE FARIAS. 40250-020 Salvador - BA.
29452074;CENTRO EDUCACIONAL ALEGRIA DO APRENDER;-12.96847447;-38.45712533;infantil|fundamental_i|fundamental_ii;privada;ativa;geral;nao;RUA 15 DE AGOSTO, 27 E. PERNAMBUES. 41120-230 Salvador - BA.
29703620;CENTRO EDUCACIONAL ALZEMIRA BORGES;-12.91893770;-38.47615490;infantil|fundamental_i|fundamental_ii;privada;ativa;geral;nao;RUA JOAO RODRIGUES MENDES, LOBATO. 40471-265 Salvador - BA.
29459761;CENTRO EDUCACIONAL ANACELY;-12.94556000;-38.36361000;fundamental_i|fundamental_ii;privada;ativa;geral;nao;RUA GUARARAPES, 22 ITAPUA. 41610-540 Salvador - BA.
29451566;CENTRO EDUCACIONAL ANTONINO SILVA;-12.92085440;-38.41347660;infantil|fundamental_i|fundamental_ii;privada;ativa;geral;nao;3ª TRAVESSA ARTHUR GONZALES, 11E LOTEAMENTO VILA MAR. NOVA BRASILIA. 41350-380 Salvador - BA.
29479282;CENTRO EDUCACIONAL APRIMORA LTDA;-12.97170355;-38.49173483;infantil|fundamental_i;privada;ativa;geral;nao;RUA RAUL LEITE, 37 VILA LAURA. 40270-180 Salvador - BA.
29452279;CENTRO EDUCACIONAL ARTE LAZER;-12.85444167;-38.46627833;infantil|fundamental_i|fundamental_ii;privada;ativa;geral;nao;RUA 2 DE JULHO, 447 E. COUTOS. 40750-380 Salvador - BA.
29459460;CENTRO EDUCACIONAL BATISTA FILADELFIA;-12.95784000;-38.49278000;infantil|fundamental_i|fundamental_ii;privada;ativa;geral;nao;RUA SALDANHA MARINHO, 109 CAIXA DAGUA. 40321-210 Salvador - BA.
29435552;CENTRO EDUCACIONAL CARIDADE;-12.91889000;-38.47695000;infantil;privada;ativa;geral;nao;RUA TRANQUILINO MENDES, S/N LOBATO. 40471-340 Salvador - BA.
29179548;CENTRO EDUCACIONAL CARNEIRO RIBEIRO CLASSE I;-12.95139000;-38.49032000;fundamental_ii;estadual;ativa;geral;nao;RUA PERO VAZ, 148 PERO VAZ. 40335-000 Salvador - BA.
29179394;CENTRO EDUCACIONAL CARNEIRO RIBEIRO CLASSE II;-12.95533000;-38.48629000;fundamental_ii;estadual;ativa;geral;nao;RUA VITOR SERRA, 00526 PERO VAZ. 40340-290 Salvador - BA.
29179629;CENTRO EDUCACIONAL CARNEIRO RIBEIRO CLASSE III;-12.96065000;-38.48211000;fundamental_ii;estadual;ativa;geral;nao;RUA MARQUES DE MARICA, 00195 PAU MIUDO. 40310-000 Salvador - BA.
29983720;CENTRO EDUCACIONAL CARNEIRO RIBEIRO ESCOLA PARQUE;-12.95733000;-38.49202000;;estadual;ativa;sem_escolarizacao;nao;SALDANHA MARINHO, 134 CAIXA DAGUA. 40320-415 Salvador - BA.
29190185;CENTRO EDUCACIONAL CLEONICE COLOMBO;-13.00768440;-38.47572610;fundamental_i;privada;ativa;geral;nao;RUA PRESIDENTE KENNEDY, 92/94 CASA. SANTA CRUZ. 41927-040 Salvador - BA.
29180384;CENTRO EDUCACIONAL COLINAS DE PITUACU;-12.93634000;-38.42948000;infantil|fundamental_i|fundamental_ii;privada;ativa;geral;sim;CONJUNTO COLINAS DO PITUACU, 689 SAO MARCOS. 41250-520 Salvador - BA.
29181925;CENTRO EDUCACIONAL E CULTURAL CHRISTUS LTDA;-12.91789000;-38.36699000;fundamental_ii;privada;ativa;geral;nao;SETOR E, CAMINHO 04, 07 MUSSURUNGA 1. 41481-049 Salvador - BA.
29180490;CENTRO EDUCACIONAL EDGAR SANTOS TEMPO INTEGRAL;-12.99390000;-38.51207000;;estadual;ativa;geral;nao;RUA PREDILIANO PITA, 019 GARCIA. 40100-200 Salvador - BA.
29179564;CENTRO EDUCACIONAL EMMANUEL KANT LTDA;-12.95507000;-38.48425000;infantil|fundamental_i|fundamental_ii;privada;ativa;geral;nao;RUA CONDE DE PORTO ALEGRE, 154 IAPI. 40330-200 Salvador - BA.
29180520;CENTRO EDUCACIONAL EMMANUEL KANT LTDA;-12.95768000;-38.49285000;infantil|fundamental_i|fundamental_ii;privada;ativa;geral;nao;RUA SALDANHA MARINHO2, 103 CAIXA DAGUA. 40370-010 Salvador - BA.
29467241;CENTRO EDUCACIONAL ESPACO DO SABER;-13.00065000;-38.51182000;fundamental_i|fundamental_ii;privada;ativa;geral;nao;RUA PROFESSOR SEVERO PESSOA, 17 ESCOLA. FEDERACAO. 40210-700 Salvador - BA.
29474523;CENTRO EDUCACIONAL FABILANE;-12.98069154;-38.48600840;infantil|fundamental_i;privada;ativa;geral;nao;RUA ANTONIO VIANA, 177 1º E 2º ANDAR. COSME DE FARIAS. 40254-160 Salvador - BA.
29475708;CENTRO EDUCACIONAL FELICISSIMO LTDA;-12.91483606;-38.43965534;infantil|fundamental_i|fundamental_ii;privada;ativa;geral;nao;AVENIDA ALIOMAR BALEEIRO, SN SETE DE ABRIL. 41385-160 Salvador - BA.
29459540;CENTRO EDUCACIONAL HILDEBERTO CARDOSO;-12.92507830;-38.50156500;fundamental_ii;privada;ativa;geral;nao;RUA RAFAEL UCHOA, 72 ESPACO PROPRIO. MASSARANDUBA. 40435-590 Salvador - BA.
29465826;CENTRO EDUCACIONAL JARDIM DO EDEN;-12.95211000;-38.44806000;infantil|fundamental_i;privada;ativa;geral;nao;RUA SANTA TEREZA, 41 NARANDIBA. 41192-121 Salvador - BA.
29392586;CENTRO EDUCACIONAL LAR DOS PEQUENINOS;-12.93168000;-38.46789000;infantil;privada;ativa;geral;sim;RUA CLERISTON ANDRADE, 61 CALABETAO. 41227-050 Salvador - BA.
29180686;CENTRO EDUCACIONAL MARIA JOSE;-12.96551170;-38.46364630;infantil|fundamental_i|fundamental_ii;privada;ativa;geral;nao;RUA RENATO CINCURA, 17 PERNAMBUES. 41110-010 Salvador - BA.
29195233;CENTRO EDUCACIONAL MENDES;-12.84015000;-38.46973000;infantil|fundamental_i|fundamental_ii;privada;ativa;geral;nao;PRACA JOAO MARTINS, 07 PARIPE. 40820-130 Salvador - BA.
29196728;CENTRO EDUCACIONAL MONICA IDEAL;-12.99275000;-38.50176000;infantil|fundamental_i|fundamental_ii;privada;ativa;geral;nao;RUA SANTA SUZANA, 6 FEDERACAO. 40230-570 Salvador - BA.
29475651;CENTRO EDUCACIONAL NATIVIDADE;-12.94144598;-38.45290211;infantil|fundamental_i|fundamental_ii;privada;ativa;geral;nao;ESTRADA DAS BARREIRAS, 1523 CASA. BARREIRAS. 41195-000 Salvador - BA.
29180147;CENTRO EDUCACIONAL NOSSA SENHORA DO RESGATE;-12.98097000;-38.49952000;infantil|fundamental_i|fundamental_ii;privada;ativa;geral;nao;RUA SENADOR SALGADO FILHO, 02 ENGENHO VELHO DE BROTAS. 40240-350 Salvador - BA.
29179580;CENTRO EDUCACIONAL NOSSA SRA DO RESGATE;-12.96452000;-38.47227000;infantil|fundamental_i|fundamental_ii;privada;ativa;geral;nao;RUA SILVEIRA MARTINS, 1 CABULA. 41150-000 Salvador - BA.
29461090;CENTRO EDUCACIONAL NOVA MONICA;-12.89656000;-38.46570000;infantil|fundamental_i;privada;ativa;geral;nao;TRAVESSA VINTE E QUATRO DE AGOSTO, 361A RUA VELHA. PIRAJA. 41295-170 Salvador - BA.
29468116;CENTRO EDUCACIONAL PARAISO;-12.92491167;-38.49849167;infantil|fundamental_i;privada;ativa;geral;nao;TRAVESSA RUBEM AMORIM, MANGUEIRA. 40437-170 Salvador - BA.
29850835;CENTRO EDUCACIONAL PAULO VI;-12.87616310;-38.43623860;infantil;privada;ativa;geral;sim;RUA SAO GERALDO, 192 JARDIM TERRA NOVA. VALERIA. 41301-260 Salvador - BA.
29385768;CENTRO EDUCACIONAL PROFESSOR ADALBERTO DE SOUZA LOPES;-13.00981950;-38.47465500;infantil|fundamental_i;privada;ativa;geral;sim;RUA ALTO DO CAPIM, 97 PREDIO. NORDESTE. 41905-290 Salvador - BA.
29453704;CENTRO EDUCACIONAL RECRIAR;-12.96835000;-38.49971000;infantil|fundamental_i|fundamental_ii;privada;ativa;geral;nao;RUA MONTE CASTELO, 98 BARBALHO. 40301-210 Salvador - BA.
29454360;CENTRO EDUCACIONAL SAL DA TERRA;-12.94486330;-38.46055170;infantil|fundamental_i;privada;ativa;geral;sim;RUA MAJOR VITORINO PALMA, 02 BLOCO 28. BARREIRAS. 41195-760 Salvador - BA.
29458412;CENTRO EDUCACIONAL SANTA CLARA LTDA;-12.96822000;-38.45837000;infantil|fundamental_i;privada;ativa;geral;nao;RUA SANTA CLARA, 6 PERNAMBUES. 41130-070 Salvador - BA.
29451027;CENTRO EDUCACIONAL TURMA DA PRISCILLA LTDA;-12.92517330;-38.49936330;infantil|fundamental_i;privada;ativa;geral;nao;RUA CAPITAO VICENCIO CONSTANTINO FIGUEREDO, MANGUEIRA. 40437-030 Salvador - BA.
29399653;CENTRO EDUCACIONAL VISAO;-12.88960000;-38.43145000;infantil|fundamental_i|fundamental_ii;privada;ativa;geral;nao;AVENIDA BOIADEIRO, 29 AGUAS CLARAS. 41311-461 Salvador - BA.
29374669;CENTRO EDUCACIONAL VITORIA;-12.85911000;-38.43867000;infantil|fundamental_i;privada;ativa;geral;sim;RUA NOVA BRASILIA, 445E TERREO. VALERIA. 41302-250 Salvador - BA.
29181062;CENTRO ESCOLAR ANAMELIA;-12.94275000;-38.47779000;infantil|fundamental_i|fundamental_ii;privada;ativa;geral;nao;RUA MELLO MORAES FILHO, 261 FAZENDA GRANDE DO RETIRO. 40352-000 Salvador - BA.
29191190;CENTRO EST DE ED PROFISSIONAL EM SAUDE E TECNOLOGIA DA INFORMACAO CARLOS CORREA DE MENEZES SANTANA;-13.00504000;-38.46737000;;estadual;ativa;geral;nao;PARA, 264 AMARALINA. 41830-070 Salvador - BA.
29181631;CENTRO ESTADUAL DE EDUCACAO INOVACAO E FORMACAO DA BAHIA CEEIFOR MAE STELLA TEMPO INTEGRAL;-12.95766000;-38.46717000;;estadual;ativa;geral;nao;RUA SILVEIRA MARTINS, 355 CABULA. 40000-990 Salvador - BA.
29196434;CENTRO ESTADUAL DE EDUCACAO PROFISSIONAL EM CONTROLE E PROCESSOS INDUSTRIAIS NEWTON SUCUPIRA;-12.91174000;-38.36889000;;estadual;ativa;geral;nao;RUA M , SETOR F, 01343 MUSSURUNGA I. 41510-190 Salvador - BA.
29187320;CENTRO ESTADUAL DE EDUCACAO PROFISSIONAL EM GESTAO NEGOCIOS E TURISMO LUIZ NAVARRO DE BRITO;-12.95393000;-38.49752000;;estadual;ativa;geral;nao;RUA DO QUEIMADINHO, LIBERDADE. 40368-185 Salvador - BA.
29181542;CENTRO ESTADUAL DE EDUCACAO PROFISSIONAL EM GESTAO SEVERINO VIEIRA;-12.97495000;-38.50219000;;estadual;ativa;geral;nao;JOANA ANGELICA, 00253 40050-000 Salvador - BA.
29180104;CENTRO ESTADUAL DE EDUCACAO PROFISSIONAL EM LOGISTICA E TRANSPORTE LUIZ PINTO DE CARVALHO;-12.93406000;-38.47638000;;estadual;ativa;geral;nao;PRACA ANA MARIANI BITTENCOURT, SAO CAETANO. 41345-538 Salvador - BA.
29447151;CENTRO ESTADUAL DE EDUCACAO PROFISSIONAL EM MUSICA;-12.97056000;-38.50053000;;estadual;ativa;geral;nao;PRACA DO BARBALHO, 34 BARBALHO. 40300-753 Salvador - BA.
29181151;CENTRO ESTADUAL DE EDUCACAO PROFISSIONAL EM SAUDE ANISIO TEIXEIRA;-12.96037000;-38.49464000;;estadual;ativa;geral;nao;LADEIRA DO PAIVA, 40 CAIXA DAGUA. 40313-430 Salvador - BA.
29199387;CENTRO ESTADUAL DE EDUCACAO PROFISSIONAL FORMACAO E EVENTOS ISAIAS ALVES;-12.96576000;-38.49931000;;estadual;ativa;geral;nao;PRACA DO BARBALHO, 01310 BARBALHO. 40301-000 Salvador - BA.
29412293;CENTRO INTEGRADO LAGOA AZUL;-12.89520000;-38.48440000;infantil|fundamental_i|fundamental_ii;privada;ativa;geral;sim;RUA DO SERTAO, 132 PLATAFORMA. 40718-620 Salvador - BA.
29460026;CENTRO JUVENIL DE CIENCIA E CULTURA CJCC CENTRAL;-12.98120000;-38.51134000;;estadual;ativa;sem_escolarizacao;nao;JOANA ANGELICA, 00012 NAZARE. 40040-455 Salvador - BA.
29449197;CENTRO MUNICIPAL DE EDUCACAO INFANTIL ABDIAS NASCIMENTO;-12.84652760;-38.45088490;infantil;municipal;ativa;geral;nao;VIA BRONZE, SN LATERAL DO ATACADAO. NOVA BRASILIA DE VALERIA. 41307-340 Salvador - BA.
29186277;CENTRO MUNICIPAL DE EDUCACAO INFANTIL ABRIGO DO SALVADOR;-12.98258660;-38.47754120;infantil;municipal;ativa;geral;nao;TRAVESSA CAMPINAS DE BROTAS, 32 ANTES DO CEMITERIO. CAMPINAS DE BROTAS. 40275-170 Salvador - BA.
29411513;CENTRO MUNICIPAL DE EDUCACAO INFANTIL ALMIR OLIVEIRA;-12.91619840;-38.36621340;infantil;municipal;ativa;geral;nao;RUA NELSON ANTONIO DAIHA, 0 SETOR D. MUSSURUNGA. 41481-053 Salvador - BA.
29344417;CENTRO MUNICIPAL DE EDUCACAO INFANTIL ALVARO BAHIA;-12.84541250;-38.46668130;infantil;municipal;ativa;geral;nao;RUA TURIM, S/N CJ ALM. TAMANDARE. PARIPE. 40800-490 Salvador - BA.
29344433;CENTRO MUNICIPAL DE EDUCACAO INFANTIL ALVARO DA FRANCA ROCHA;-12.95844420;-38.45479410;infantil;municipal;ativa;geral;nao;RUA SILVEIRA MARTINS, SN NARANDIBA. 41192-010 Salvador - BA.
29344441;CENTRO MUNICIPAL DE EDUCACAO INFANTIL ANGELINA ROCHA DE ASSIS;-12.91896280;-38.47648600;infantil;municipal;ativa;geral;nao;RUA JOAO RODRIGUES MENDES, SN ALTO DA BOA VISTA. LOBATO. 40471-265 Salvador - BA.
29436915;CENTRO MUNICIPAL DE EDUCACAO INFANTIL ANIVAL RAZONI FIGUEIREDO;-12.90383340;-38.45003670;infantil|fundamental_i;municipal;ativa;geral;nao;RUA DAS PAULINAS, S/N FINAL DE LINHA. DOM AVELAR. 41315-150 Salvador - BA.
29411432;CENTRO MUNICIPAL DE EDUCACAO INFANTIL ARLETE MAGALHAES;-12.92806670;-38.50362000;infantil;municipal;ativa;geral;nao;RUA ANTONIO FRANCISCO BRANDAO, 16 ROMA. 40444-020 Salvador - BA.
29190495;CENTRO MUNICIPAL DE EDUCACAO INFANTIL ASSOCIACAO CRISTA FEMININA;-12.98190200;-38.43344160;infantil;municipal;ativa;geral;nao;RUA TENENTE GUSTAVO DOS SANTOS, 679 NA RUA DA TORRE DE T. BOCA DO RIO. 41706-860 Salvador - BA.
29189551;CENTRO MUNICIPAL DE EDUCACAO INFANTIL BARONESA DE SAUIPE;-12.92599620;-38.50229420;infantil;municipal;ativa;geral;nao;LARGO DO PAPAGAIO, 77 RIBEIRA. RIBEIRA. 40415-352 Salvador - BA.
29411769;CENTRO MUNICIPAL DE EDUCACAO INFANTIL CALABAR;-13.00093970;-38.51571360;infantil;municipal;ativa;geral;nao;RUA MARIA PINHO, SN ALTO DAS POMBAS. 40226-565 Salvador - BA.
29411521;CENTRO MUNICIPAL DE EDUCACAO INFANTIL CANTINHO DAS CRIANCAS;-12.88799610;-38.43489230;infantil;municipal;ativa;geral;nao;RUA DOUTOR JORGE COSTA ANDRADE, SN AGUAS CLARAS. 41310-260 Salvador - BA.
29179475;CENTRO MUNICIPAL DE EDUCACAO INFANTIL CASA DA CRIANCA DO BOM JUA;-12.93999060;-38.47415660;infantil;municipal;ativa;geral;nao;RUA 12 DE SETEMBRO, S/N BOM JUA. FAZENDA GRANDE DO RETIRO. 40353-350 Salvador - BA.
29456282;CENTRO MUNICIPAL DE EDUCACAO INFANTIL CASTRO ALVES;-12.97037590;-38.42191530;infantil;municipal;ativa;geral;nao;RUA PROFESSOR JAIRO SIMOES, 223 BOCA DO RIO. 41720-375 Salvador - BA.
29411505;CENTRO MUNICIPAL DE EDUCACAO INFANTIL CECY ANDRADE;-12.93045750;-38.44259110;infantil;municipal;ativa;geral;nao;RUA FLAVIO CAVALCANTE, SN SUSSUARANA. 41214-490 Salvador - BA.
29336651;CENTRO MUNICIPAL DE EDUCACAO INFANTIL CRECHE VOVO ZEZINHO;-12.94948110;-38.43961000;infantil;municipal;ativa;geral;nao;RUA DIRETA DO ARENOSO, S/N BEIRU. ARENOSO. 41211-025 Salvador - BA.
29336511;CENTRO MUNICIPAL DE EDUCACAO INFANTIL CSU JOAO PAULO I;-12.86587070;-38.43538270;infantil|fundamental_i;municipal;ativa;geral;nao;RUA BOCA DA MATA, SN 1 ANDAR. VALERIA. 41300-460 Salvador - BA.
29190592;CENTRO MUNICIPAL DE EDUCACAO INFANTIL CSU MAJOR COSME DE FARIAS;-12.97607410;-38.48688700;infantil;municipal;ativa;geral;nao;RUA LUIZ ANSELMO, 155 MATATU. LUIZ ANSELMO. 40260-485 Salvador - BA.
29470145;CENTRO MUNICIPAL DE EDUCACAO INFANTIL DA SANTA MONICA;-12.96322750;-38.48463230;infantil;municipal;ativa;geral;nao;RUA DOUTOR ARLINDO TELES, 13 SANTA MONICA. 40342-610 Salvador - BA.
29412277;CENTRO MUNICIPAL DE EDUCACAO INFANTIL DALIA DE MENEZES;-13.00319580;-38.47300970;infantil;municipal;ativa;geral;nao;RUA SAO JOSE DO NORDESTE, SN NORDESTE. 41905-185 Salvador - BA.
29191793;CENTRO MUNICIPAL DE EDUCACAO INFANTIL DE AMARALINA;-13.01281870;-38.47253420;infantil;municipal;ativa;geral;nao;RUA VISCONDE DE ITABORAHY, 102 AMARALINA. 41900-031 Salvador - BA.
29194318;CENTRO MUNICIPAL DE EDUCACAO INFANTIL DEPUTADO LOURIVAL EVANGELISTA COSTA;-12.89935931;-38.48936233;infantil;municipal;ativa;geral;nao;RUA URSULA CATHARINO, SN PLATAFORMA. 40710-680 Salvador - BA.
29188814;CENTRO MUNICIPAL DE EDUCACAO INFANTIL DR AUGUSTO LOPES PONTES;-12.92566410;-38.50296090;infantil;municipal;ativa;geral;nao;AVENIDA LUIZ TARQUINIO, 596 BOA VIAGEM. 40414-120 Salvador - BA.
29411530;CENTRO MUNICIPAL DE EDUCACAO INFANTIL EDIVALDO MACHADO BOAVENTURA;-12.89076140;-38.40921450;infantil;municipal;ativa;geral;nao;CAMINHO 14-SETOR 01, S/Nº CAJAZEIRAS X. 41340-510 Salvador - BA.
29414890;CENTRO MUNICIPAL DE EDUCACAO INFANTIL EDUARDO FREITAS;-12.90918980;-38.42539110;infantil;municipal;ativa;geral;nao;CJ ANTONIO CARLOS MAGALHAES, SN COROADO SAO MARCOS. SAO MARCOS. 41253-260 Salvador - BA.
29411548;CENTRO MUNICIPAL DE EDUCACAO INFANTIL EDUCAR E VIVER;-12.85386750;-38.45709170;infantil;municipal;ativa;geral;nao;RUA FRANCO VELASCO, S/N E. COUTOS. 40731-460 Salvador - BA.
29468191;CENTRO MUNICIPAL DE EDUCACAO INFANTIL EPIFANIA SILVA;-12.96294300;-38.48446620;infantil;municipal;ativa;geral;nao;RUA ELMANO SILVEIRA CASTRO, 528 IAPI. 40323-215 Salvador - BA.
29411483;CENTRO MUNICIPAL DE EDUCACAO INFANTIL FRUTO DO AMANHA;-12.95005650;-38.47271040;infantil;municipal;ativa;geral;nao;RUA DO CANAL, S/N FAZENDA GRANDE DO RETIRO. 40352-470 Salvador - BA.
29411475;CENTRO MUNICIPAL DE EDUCACAO INFANTIL GEORGIA MARIA BARRADAS CARNEIRO;-12.93838860;-38.37137430;infantil;municipal;ativa;geral;nao;R VINTE E OITO DE JANEIRO, SN CASA. ALTO DO COQUEIRINHO. 41615-310 Salvador - BA.
29411459;CENTRO MUNICIPAL DE EDUCACAO INFANTIL HELCIO TRIGUEIRO;-12.90926710;-38.42533800;infantil;municipal;ativa;geral;nao;RUA FELICIA, 07 ANTIGA R.DO CONSELHO. SETE DE ABRIL. 41385-740 Salvador - BA.
29467900;CENTRO MUNICIPAL DE EDUCACAO INFANTIL HELIO VIANNA;-12.85895820;-38.46272410;infantil;municipal;ativa;geral;nao;RUA DO CONGO, SN COUTOS. 40732-215 Salvador - BA.
29411564;CENTRO MUNICIPAL DE EDUCACAO INFANTIL HOSANNAH DE OLIVEIRA;-12.96199190;-38.48622090;infantil;municipal;ativa;geral;nao;PCA CONS JOAO ALFREDO, S/N, SN LARG DO TAMARINEIRO. PAU MIUDO. 40320-350 Salvador - BA.
29344620;CENTRO MUNICIPAL DE EDUCACAO INFANTIL IACY VAZ FAGUNDES;-12.98747500;-38.49578630;infantil;municipal;ativa;geral;nao;AV GENERAL GRACA LESSA, 0 ACUPE DE BROTAS. 40290-500 Salvador - BA.
29404975;CENTRO MUNICIPAL DE EDUCACAO INFANTIL IEDA BARRADAS CARNEIRO;-12.98278320;-38.46698200;infantil;municipal;ativa;geral;nao;AV ANTONIO CARLOS MAGALHAES S/N, S/N 00000. PARQUE BELA VISTA. 40280-000 Salvador - BA.
29415063;CENTRO MUNICIPAL DE EDUCACAO INFANTIL IRMA SHEILA;-12.97883520;-38.43870430;infantil;municipal;ativa;geral;nao;RUA CANAMBI, 60 BOCA DO RIO. 41750-780 Salvador - BA.
29180058;CENTRO MUNICIPAL DE EDUCACAO INFANTIL JOAQUIM SANTOS;-12.97796280;-38.43300500;infantil;municipal;ativa;geral;nao;RUA JOSE FELIPE VENIQUE, 20 BOCA DO RIO. BOCA DO RIO. 41705-320 Salvador - BA.
29344638;CENTRO MUNICIPAL DE EDUCACAO INFANTIL JOSE ADEODATO DE SOUZA FILHO;-12.96032600;-38.48252960;infantil;municipal;ativa;geral;nao;RUA DOS PIRINEUS, SN, SN PAU MIUDO. 40310-230 Salvador - BA.
29411556;CENTRO MUNICIPAL DE EDUCACAO INFANTIL JOSE DA SILVA TAVARES;-12.95967950;-38.48376920;infantil;municipal;ativa;geral;nao;RUA LIMITE, SN IAPI. 40330-515 Salvador - BA.
29344654;CENTRO MUNICIPAL DE EDUCACAO INFANTIL JOSE MARIA DE MAGALHAES NETO;-12.96761300;-38.41757530;infantil;municipal;ativa;geral;nao;AV NETUNO, S/N PITUACU. 41740-450 Salvador - BA.
29181259;CENTRO MUNICIPAL DE EDUCACAO INFANTIL JOSE RENATO MONTEIRO LOBATO;-12.90303300;-38.42812270;infantil;municipal;ativa;geral;nao;RUA NELSON LIMA PIAUHY DOURADO, SN CASTELO BRANCO. CASTELO BRANCO. 41321-570 Salvador - BA.
29344662;CENTRO MUNICIPAL DE EDUCACAO INFANTIL LINDAURA ANDRADE MENDONCA;-12.94576800;-38.47876110;infantil;municipal;ativa;geral;nao;RUA DIRETA DO CALAFATE, SN, SN FAZENDA GRANDE DO RETIRO. 40354-100 Salvador - BA.
29344719;CENTRO MUNICIPAL DE EDUCACAO INFANTIL LUIS EDUARDO MAGALHAES;-12.98379210;-38.48679910;infantil;municipal;ativa;geral;nao;AVENIDA MARIO LEAL FERREIRA, SN S/N. BROTAS. 40252-390 Salvador - BA.
29412234;CENTRO MUNICIPAL DE EDUCACAO INFANTIL MARIA DA CONCEICAO COSTA;-12.93776510;-38.49943980;infantil;municipal;ativa;geral;nao;RUA RESENDE COSTA, SN VILA RUY BARBOSA. 40430-000 Salvador - BA.
29412269;CENTRO MUNICIPAL DE EDUCACAO INFANTIL MARIO ALTENFELDER;-12.92488500;-38.48736110;infantil|fundamental_i|fundamental_ii;municipal;ativa;geral;nao;RUA ATERRO DO JOANES, SN LOBATO. 40470-690 Salvador - BA.
29404789;CENTRO MUNICIPAL DE EDUCACAO INFANTIL MOSA BERBERT;-12.93003330;-38.48471660;infantil;municipal;ativa;geral;nao;RUA PADRE ANTONIO VIEIRA, SN CAPELINHA. 40395-200 Salvador - BA.
29411750;CENTRO MUNICIPAL DE EDUCACAO INFANTIL MUNDO FELIZ;-12.93573830;-38.49037980;infantil;municipal;ativa;geral;nao;AVENIDA SAO CARLOS, 05 STA LUZIA DO LOBATO. LOBATO. 40470-390 Salvador - BA.
29194563;CENTRO MUNICIPAL DE EDUCACAO INFANTIL MURILO CELESTINO COSTA;-12.94947780;-38.46551500;infantil;municipal;ativa;geral;nao;RUA MILTON GOMES COSTA, 195 RETIRO. SAO GONCALO. 41190-200 Salvador - BA.
29412250;CENTRO MUNICIPAL DE EDUCACAO INFANTIL NOSSA LUTA;-12.96586930;-38.46436450;infantil;municipal;ativa;geral;nao;RUA THOMAZ GONZAGA SN, 150 PERNAMBUES. 41100-000 Salvador - BA.
29190509;CENTRO MUNICIPAL DE EDUCACAO INFANTIL NOSSA SENHORA DA VITORIA;-12.99636110;-38.52823920;infantil;municipal;ativa;geral;nao;R FLORIDA, 134 GRACA. GRACA. 40150-480 Salvador - BA.
29344751;CENTRO MUNICIPAL DE EDUCACAO INFANTIL NOSSA SENHORA DAS GRACAS;-12.93038500;-38.50361500;infantil;municipal;ativa;geral;nao;RUA POLYDORO BITTENCOURT, SN BONFIM. 40415-370 Salvador - BA.
29411440;CENTRO MUNICIPAL DE EDUCACAO INFANTIL NOVA ESPERANCA;-12.99647340;-38.51133850;infantil;municipal;ativa;geral;nao;RUA MIGUEL LEMOS, 1 FEDERACAO. 40230-650 Salvador - BA.
29344760;CENTRO MUNICIPAL DE EDUCACAO INFANTIL OLGA BENARIO;-12.95790290;-38.44242290;infantil;municipal;ativa;geral;nao;RUA FERNANDO DE SAO PAULO, SN DORON. 41194-135 Salvador - BA.
29194490;CENTRO MUNICIPAL DE EDUCACAO INFANTIL PAROQUIAL DE SANTANA;-12.97655460;-38.50866430;infantil;municipal;ativa;geral;nao;LADEIRA DE SANTANA, 1 BAIXA DO SAPATEIRO. NAZARE. 40040-460 Salvador - BA.
29448905;CENTRO MUNICIPAL DE EDUCACAO INFANTIL PAULO BISPO BRAZ;-12.85218320;-38.45324290;infantil;municipal;ativa;geral;nao;CONJUNTO MORADA DA LAGOA RUA RETIROLANDIA, 87C QD 7 LT 14 CS 14. NOVA BRASILIA DE VALERIA. 41306-715 Salvador - BA.
29344778;CENTRO MUNICIPAL DE EDUCACAO INFANTIL PIO BITTENCOURT;-12.99678940;-38.50290750;infantil;municipal;ativa;geral;nao;RUA ENGENHEIRO JAIME ZAVERUCHA SN, S/N FEDERACAO. 40230-320 Salvador - BA.
29411467;CENTRO MUNICIPAL DE EDUCACAO INFANTIL PIRAJA;-12.89274830;-38.45622910;infantil|fundamental_i;municipal;ativa;geral;nao;RUA PORTO ALEGRE, SN VIA LOCAL. PIRAJA. 41290-700 Salvador - BA.
29344794;CENTRO MUNICIPAL DE EDUCACAO INFANTIL RAFAEL DE OLIVEIRA;-12.89831660;-38.41327890;infantil;municipal;ativa;geral;nao;RUA DELMIRO GOUVEIA, SN VIA LOCAL E4. CAJAZEIRAS VIII. 41338-040 Salvador - BA.
29412242;CENTRO MUNICIPAL DE EDUCACAO INFANTIL RAUL QUEIROZ;-12.91708980;-38.35237620;infantil;municipal;ativa;geral;nao;RUA POCO VERDE S/N CONJ HABITACIONAL SAO CRISTOVAO, 00 SAO CRISTOVAO. SAO CRISTOVAO. 41510-333 Salvador - BA.
29190347;CENTRO MUNICIPAL DE EDUCACAO INFANTIL SAO GONCALO;-13.00197970;-38.50140530;infantil;municipal;ativa;geral;nao;AVENIDA CARDEAL DA SILVA, 892 FEDERACAO. 41950-495 Salvador - BA.
29344816;CENTRO MUNICIPAL DE EDUCACAO INFANTIL SEMENTE DO AMANHA;-12.95007720;-38.47271520;infantil;municipal;ativa;geral;nao;AVENIDA GENERAL SAN MARTIN, 69 IAPI. 40323-245 Salvador - BA.
29414628;CENTRO MUNICIPAL DE EDUCACAO INFANTIL TEREZA HELENA MATA PIRES;-12.90903490;-38.47813050;infantil;municipal;ativa;geral;nao;RUA DO CAJU, S/N LOBATO. 40484-440 Salvador - BA.
29186463;CENTRO MUNICIPAL DE EDUCACAO INFANTIL TERTULIANO DE GOES;-13.00202050;-38.51469950;infantil;municipal;ativa;geral;nao;RUA PADRE CAMILO TORREND, 38 FEDERACAO. 40210-650 Salvador - BA.
29344832;CENTRO MUNICIPAL DE EDUCACAO INFANTIL UNIAO DA BOCA DO RIO;-12.97340760;-38.43353660;infantil;municipal;ativa;geral;nao;RUA JAYME SAPOLNIK, S/N IMBUI. 41710-045 Salvador - BA.
29344840;CENTRO MUNICIPAL DE EDUCACAO INFANTIL UNIDOS DE CASTELO BRANCO;-12.90748540;-38.43435560;infantil;municipal;ativa;geral;nao;RUA DOS UNIDOS 4 ETAPA, 10 CASTELO BRANCO. 41321-455 Salvador - BA.
29474590;CENTRO MUNICIPAL DE EDUCACAO INFANTIL VALE DAS PEDRINHAS;-13.00653512;-38.47730281;infantil;municipal;ativa;geral;nao;RUA GILBERTO MALTEZ, SN SANTA CRUZ. 41905-805 Salvador - BA.
29447623;CENTRO MUNICIPAL DE EDUCACAO INFANTIL VIRGEM DE LA ALMUDENA;-12.99644200;-38.48339940;infantil;municipal;ativa;geral;nao;ALAMEDA BONS ARES - CANDEAL, 211 BROTAS. 40296-360 Salvador - BA.
29344859;CENTRO MUNICIPAL DE EDUCACAO INFANTIL WALDECK ORNELAS;-12.89735480;-38.40603760;infantil;municipal;ativa;geral;nao;CAMINHO 14, QUADRA B, SN FAZENDA GRANDE I. FAZENDA GRANDE I. 41339-176 Salvador - BA.
29344565;CENTRO MUNICIPAL DE EDUCACAO INFANTIL YOLANDA PIRES;-12.95007930;-38.47272100;infantil;municipal;ativa;geral;nao;RUA DAS PITANGUEIRAS, 01 FAZENDA GRANDE DO RETIRO. 40350-000 Salvador - BA.
29462541;CENTRO NOSSA SENHORA APARECIDA CRECHE E PRE ESCOLA;-12.89983230;-38.36181400;infantil;privada;ativa;geral;sim;TRAVESSA ACALANTO, 2236 JARDIM DAS MARGARIDAS. 41502-135 Salvador - BA.
29459354;CENTRO TECNICO SILOE - CTS;-12.94021000;-38.49114000;;privada;ativa;geral;nao;RUA ENGENHEIRO AUSTRICLIANO, 15B LARGO DO TANQUE. SAO CAETANO. 40391-204 Salvador - BA.
29472199;CIEP - CENTRO INTERNACIONAL DE EVOLUCAO PROFISSIONAL E PESSOAL;-12.95150166;-38.38108038;;privada;ativa;geral;nao;RUA SANTA BARBARA, 5 PIATA. 41650-050 Salvador - BA.
29336562;CIEP - ENGº LEONEL DE MOURA BRIZOLA - ESCOLA MUNICIPAL PIRATINI;-12.96801360;-38.41961150;fundamental_i;municipal;ativa;geral;nao;RUA MARIO BESTETTI, 25 ALTO DO SAO JOAO. PITUACU. 41741-190 Salvador - BA.
29181321;CLASSE - CENTRO DE APRENDIZAGEM ESCOLAR LTDA;-12.90413154;-38.44211567;fundamental_i|fundamental_ii;privada;ativa;geral;sim;RUA E-QUADRA 01, 11 1ª ETAPA. CASTELO BRANCO. 41320-590 Salvador - BA.
29451825;CLUBE DE MAES A SERVICO DA VIDA E DA ESPERANCA;-12.93023308;-38.46611671;infantil;privada;ativa;geral;sim;ALAMEDA DAS PEDREIRAS, 02 CALABETAO. 41227-006 Salvador - BA.
29646600;CLUBE DE MAES CRECHE E ESCOLA NOSSA SENHORA DA LUZ;-12.96756072;-38.45805642;infantil;privada;ativa;geral;sim;AVENIDA PAULO AFONSO DE PERNAMBUES, 03 PERNAMBUES. 41100-238 Salvador - BA.
29392560;CLUBE DE MAES DE NOVOS ALAGADOS HEROINAS DO LAR;-12.89882000;-38.47621000;infantil;privada;ativa;geral;sim;RUA JAQUELINE, 1356 A PLANALTO REAL. PLATAFORMA. 40717-654 Salvador - BA.
29343410;COLEGIO ACADEMICO III;-13.00775654;-38.46827547;fundamental_i|fundamental_ii;privada;ativa;geral;nao;TRAVESSA DOUTOR ARTUR NAPOLEAO CARNEIRO REGO, 228 AMARALINA. 41900-295 Salvador - BA.
29393140;COLEGIO ADVENTISTA DA LIBERDADE;-12.99001050;-38.51817160;infantil|fundamental_i|fundamental_ii;privada;ativa;geral;nao;ESTRADA DA LIBERDADE, 257 LIBERDADE. 40375-016 Salvador - BA.
29427347;COLEGIO ADVENTISTA DE CASTELO BRANCO;-12.90411000;-38.44278000;infantil|fundamental_i|fundamental_ii;privada;ativa;geral;nao;RUA E-QUADRA 01, 07 1ª ETAPA. CASTELO BRANCO. 41320-590 Salvador - BA.
29179530;COLEGIO ADVENTISTA DE ITAPAGIPE;-12.93474000;-38.50238000;infantil|fundamental_i|fundamental_ii;privada;ativa;geral;nao;RUA FRANCISCO SOUZA, 43 ROMA. 40444-010 Salvador - BA.
29181755;COLEGIO ADVENTISTA DE SALVADOR;-12.97028117;-38.50240012;infantil|fundamental_i|fundamental_ii;privada;ativa;geral;nao;LADEIRA DO HOSPITAL, 21 NAZARE. 40050-420 Salvador - BA.
29454948;COLEGIO ALIANCA;-12.97770000;-38.50005000;infantil|fundamental_i|fundamental_ii;privada;ativa;geral;nao;LADEIRA DOS GALES, 29 MATATU. 40255-010 Salvador - BA.
29422248;COLEGIO ANGLO BRASILEIRO;-12.95952000;-38.40529000;fundamental_i|fundamental_ii;privada;ativa;geral;nao;RUA DO MANGALO, 156 COLINA A. PATAMARES. 41680-048 Salvador - BA.
29181801;COLEGIO ANTONIO VIEIRA;-12.99263590;-38.51481760;fundamental_i|fundamental_ii;privada;ativa;geral;nao;LEOVIGILDO FILGUEIRAS, 683 ESCOLA. GARCIA. 40100-000 Salvador - BA.
29462436;COLEGIO APRIORI;-12.92893118;-38.50994847;infantil|fundamental_i;privada;ativa;geral;nao;RUA BIGUA, 05 BONFIM. 40415-310 Salvador - BA.
29441676;COLEGIO AUGUSTO COMTE;-12.92325260;-38.44172380;;privada;ativa;geral;nao;RUA SAO DOMINGOS, 15 PAU DA LIMA. 41235-605 Salvador - BA.
29181895;COLEGIO BATISTA BRASILEIRO;-12.99855000;-38.46504000;infantil|fundamental_i|fundamental_ii;privada;ativa;geral;nao;RUA ALTINO SERBETO DE BARROS, 174 PITUBA. 41830-492 Salvador - BA.
29452333;COLEGIO BOM JESUS;-12.94594530;-38.44775100;infantil|fundamental_i|fundamental_ii;privada;ativa;geral;sim;RUA ROSINEIDE, 20 TANCREDO NEVES. 41207-300 Salvador - BA.
29181917;COLEGIO BOM JESUS DOS MILAGRES;-12.97686000;-38.49663000;fundamental_i|fundamental_ii;privada;ativa;geral;nao;RUA AFFONSO DE TAUNAY, S/N MATATU. 40255-310 Salvador - BA.
29188229;COLEGIO BOM PASTOR;-12.99487289;-38.48651836;infantil|fundamental_i|fundamental_ii;privada;ativa;geral;nao;RUA WALDEMAR FALCAO, 567 CANDEAL. 40296-710 Salvador - BA.
29189993;COLEGIO CELESTIN FREINET;-12.86433000;-38.47168000;infantil|fundamental_i|fundamental_ii;privada;ativa;geral;nao;RUA COSME DE FARIAS DE PERIPERI, PERIPERI. 40728-105 Salvador - BA.
29486009;COLEGIO DA CIDADE;-12.95457000;-38.48746000;fundamental_i|fundamental_ii;privada;ativa;geral;nao;RUA DOUTOR EDUARDO SANTOS, 325 PROXIMO AO FIMDELINH. PERO VAZ. 40340-070 Salvador - BA.
29182115;COLEGIO DA POLICIA MILITAR DONA LEONOR CALMON;-12.90436000;-38.40622000;fundamental_ii;estadual;ativa;geral;nao;CONJ FAZENA GRANDE II JAGUARIPE, CAJAZEIRAS. 41310-355 Salvador - BA.
29182190;COLEGIO DA POLICIA MILITAR JOAO FLORENCIO GOMES;-12.91185000;-38.49714000;fundamental_ii;estadual;ativa;geral;nao;AVENIDA BEIRA MAR, 00481 RIBEIRA. 40420-340 Salvador - BA.
29357896;COLEGIO DA POLICIA MILITAR LUIZ TARQUINIO;-12.93071000;-38.51153000;fundamental_ii;estadual;ativa;geral;nao;RUA POLIDORO BITTENCURT, 00131 BOA VIAGEM. 40414-340 Salvador - BA.
29364906;COLEGIO DAMAZZIO LTDA ME;-12.90998178;-38.43905138;infantil|fundamental_i|fundamental_ii;privada;ativa;geral;nao;RUA DOUTOR ANTONIO DE OLIVEIRA, 85 VILA CANARIA. 41390-090 Salvador - BA.
29479410;COLEGIO DOM BOSCO;-12.97250244;-38.43925996;infantil|fundamental_i|fundamental_ii;privada;ativa;geral;nao;RUA DOS COLIBRIS, 16 IMBUI. 41720-060 Salvador - BA.
29452210;COLEGIO EDUCAR DE ITAPUA;-12.94178167;-38.36344500;fundamental_i|fundamental_ii;privada;ativa;geral;nao;RUA GUARARAPES, 63 ITAPUA. 41610-540 Salvador - BA.
29404762;COLEGIO ESTADUAL 15 DE NOVEMBRO;-12.90968000;-38.35238000;;estadual;paralisada;geral;nao;LAURO DE FREITAS, 13 SAO CRISTOVAO. 41500-190 Salvador - BA.
29188903;COLEGIO ESTADUAL ABILIO CESAR BORGES TEMPO INTEGRAL;-12.93555000;-38.50684000;fundamental_ii;estadual;ativa;geral;nao;LUIZ TARQUINIO, 00006 ROMA. 40414-120 Salvador - BA.
29190770;COLEGIO ESTADUAL ALBERTO SANTOS DUMONT;-12.90073000;-38.46438000;;estadual;ativa;geral;nao;OITO DE NOVEMBRO, 00059 PIRAJA. 41290-200 Salvador - BA.
29189047;COLEGIO ESTADUAL ALBERTO VALENCA TEMPO INTEGRAL;-12.94749000;-38.46808000;fundamental_ii;estadual;ativa;geral;nao;RUA MILTON GOMES COSTA, 125 SAO GONCALO. 41185-505 Salvador - BA.
29189080;COLEGIO ESTADUAL ALFREDO MAGALHAES TEMPO INTEGRAL;-13.00671000;-38.48548000;fundamental_ii;estadual;ativa;geral;nao;RUA IPIRA, S/N RIO VERMELHO. 41940-230 Salvador - BA.
29182077;COLEGIO ESTADUAL ALIPIO FRANCA;-12.92694000;-38.50739000;;estadual;ativa;geral;nao;AV BONFIM, 0200 BONFIM. 40415-000 Salvador - BA.
29182689;COLEGIO ESTADUAL ALMIRANTE BARROSO;-12.84088000;-38.46399000;fundamental_ii;estadual;ativa;geral;nao;ALMIRANTE TAMANDARE, 00420 PARIPE. 40800-480 Salvador - BA.
29444667;COLEGIO ESTADUAL ANA CRISTINA PRAZERES MATA PIRES;-12.85438000;-38.47002000;fundamental_ii;estadual;ativa;geral;nao;RUA CAMBOJA, COUTOS. 40732-305 Salvador - BA.
29189241;COLEGIO ESTADUAL ANFRISIA SANTIAGO TEMPO INTEGRAL;-12.84740000;-38.47274000;fundamental_ii;estadual;ativa;geral;nao;AVENIDA AFRANIO PEIXOTO, 00780 COUTOS. 40730-200 Salvador - BA.
29188792;COLEGIO ESTADUAL ARTUR DE SALES;-12.91682000;-38.46557000;;estadual;ativa;geral;nao;DE CAMPINAS, 00012 CAMPINAS DE PIRAJA. 41275-150 Salvador - BA.
29189454;COLEGIO ESTADUAL ASSIS CHATEAUBRIAND;-12.93361000;-38.47994000;fundamental_ii;estadual;ativa;geral;nao;GERSON DE CARVALHO, SAO CAETANO. 40390-040 Salvador - BA.
29191661;COLEGIO ESTADUAL BARROS BARRETO TEMPO INTEGRAL;-12.84110000;-38.47101000;;estadual;ativa;geral;nao;RUA DA AUSTRALIA, 00061 PARIPE. 40800-010 Salvador - BA.
29191270;COLEGIO ESTADUAL BENTO GONCALVES;-12.93570000;-38.48214000;fundamental_ii;estadual;ativa;geral;nao;RUA MELO MORAIS FILHO, 00536 FAZENDA GRANDE DO RETIRO. 40352-000 Salvador - BA.
29192129;COLEGIO ESTADUAL BOLIVAR SANTANA TEMPO INTEGRAL;-12.95451000;-38.42993000;;estadual;paralisada;geral;nao;3 AV DO CAB, 350 CENTRO ADMINISTRATIVO DA BAHIA. 41215-250 Salvador - BA.
29190835;COLEGIO ESTADUAL BRIGADEIRO EDUARDO GOMES;-12.97498000;-38.49153000;fundamental_ii;estadual;ativa;geral;nao;RUA SAO GERALDO, 24 MATATU. 40255-315 Salvador - BA.
29192188;COLEGIO ESTADUAL CELIA MATA PIRES TEMPO INTEGRAL;-12.92711000;-38.46057000;;estadual;ativa;geral;nao;RUA DIRETA DO SANTO INACIO, 00083 MATA ESCURA. 40000-990 Salvador - BA.
29190860;COLEGIO ESTADUAL CIDADE DE CURITIBA;-12.99187000;-38.49707000;;estadual;ativa;geral;nao;RUA PADRE LUIS FILGUEIRAS, 00366 ENGENHO VELHO DE BROTAS. 40243-320 Salvador - BA.
29191378;COLEGIO ESTADUAL CLARICE SANTIAGO DOS SANTOS;-12.94866000;-38.44348000;fundamental_ii;estadual;ativa;geral;nao;RUA MANOEL RUFINO, ARENOSO. 41211-320 Salvador - BA.
29182697;COLEGIO ESTADUAL CLERISTON ANDRADE TEMPO INTEGRAL;-12.88599000;-38.48133000;fundamental_ii;estadual;ativa;geral;nao;RUA RIO SERGIMIRIM, SN, 03500 ITACARANHA. 40713-296 Salvador - BA.
29190363;COLEGIO ESTADUAL CONSELHEIRO VICENTE PACHECO DE OLIVEIRA TEMPO INTEGRAL;-12.90317000;-38.44907000;fundamental_ii;estadual;ativa;geral;nao;RUA DAS PAULINAS, 00372 DOM AVELAR. 41315-150 Salvador - BA.
29190878;COLEGIO ESTADUAL COSME DE FARIAS;-12.98079000;-38.48851000;fundamental_ii;estadual;ativa;geral;nao;RUA WENCESLAU GALO, 01152 COSME DE FARIAS. 40252-190 Salvador - BA.
29182123;COLEGIO ESTADUAL DA BAHIA CENTRAL TEMPO INTEGRAL;-12.98114000;-38.51185000;;estadual;ativa;geral;nao;PRACA CARNEIRO RIBEIRO, 00115 NAZARE. 41215-785 Salvador - BA.
29357829;COLEGIO ESTADUAL DALVA MATOS TEMPO INTEGRAL;-12.92198000;-38.49111000;fundamental_ii;estadual;ativa;geral;nao;ATERRO JOANES CENTRO OESTE, SN, LOBATO. 40470-690 Salvador - BA.
29190720;COLEGIO ESTADUAL DANIEL LISBOA;-12.92153000;-38.44445000;fundamental_ii;estadual;ativa;geral;nao;ARTUR GONZALEZ, 00181 PAU DA LIMA. 40000-990 Salvador - BA.
29336627;COLEGIO ESTADUAL DAVID MENDES PEREIRA;-12.93399000;-38.42719000;;estadual;ativa;geral;nao;CONDOMINIO COLINAS DO MAR RUA VIA B1, 00049 PAU DA LIMA. 41250-520 Salvador - BA.
29414903;COLEGIO ESTADUAL DE PLATAFORMA TEMPO INTEGRAL;-12.89879000;-38.48703000;fundamental_ii;estadual;ativa;geral;nao;RUA NOVA BRASILIA, 320 PLATAFORMA. 40710-510 Salvador - BA.
29190894;COLEGIO ESTADUAL DE TEMPO INTEGRAL JOSE DIAS DE SALES;-12.91943000;-38.44821000;fundamental_ii;estadual;ativa;geral;nao;RUA LUCIANO GOMES, Nº 121, 121 JARDIM CAJAZEIRAS. 41181-900 Salvador - BA.
29182174;COLEGIO ESTADUAL DE TEMPO INTEGRAL PROF PEDRO PAULO MARQUES E MARQUES;-12.91296000;-38.35171000;fundamental_ii;estadual;ativa;geral;nao;AVENIDA SAO CRISTOVAO, 1100 SAO CRISTOVAO. 41500-360 Salvador - BA.
29184460;COLEGIO ESTADUAL DEMOCRATICO BERTHOLDO CIRILO DOS REIS;-12.90030000;-38.48269000;fundamental_ii;estadual;ativa;geral;nao;RUA ESTRADA DO CABRITO, 0080 PLATAFORMA. 40710-000 Salvador - BA.
29191360;COLEGIO ESTADUAL DEPUTADO HENRIQUE BRITO TEMPO INTEGRAL;-12.97793000;-38.47882000;fundamental_ii;estadual;ativa;geral;nao;RUA ENGENHEIRO JOSE ANASOL, 420 BROTAS. 40275-220 Salvador - BA.
29182131;COLEGIO ESTADUAL DEPUTADO MANOEL NOVAES TEMPO INTEGRAL;-12.99213000;-38.52131000;;estadual;ativa;geral;nao;RUA ARAUJO PINHO, 30 CANELA. 40110-150 Salvador - BA.
29192137;COLEGIO ESTADUAL DINAH GONCALVES;-12.87682000;-38.43963000;fundamental_ii;estadual;ativa;geral;nao;ENGENHEIRO ANTONIO FRANCO, 328 VALERIA. 41305-000 Salvador - BA.
29192889;COLEGIO ESTADUAL DOIS DE JULHO;-12.94208000;-38.47919000;fundamental_ii;estadual;ativa;geral;nao;MELLO MORAES FILHO, 311 FAZENDA GRANDE DO RETIRO. 40352-000 Salvador - BA.
29189012;COLEGIO ESTADUAL DOUTOR AILTON PINTO DE ANDRADE;-12.92463000;-38.48694000;;estadual;ativa;geral;nao;ATERRO DO JOANES, 00062 LOBATO. 40470-690 Salvador - BA.
29190916;COLEGIO ESTADUAL EDIVALDO BOAVENTURA;-12.97948000;-38.44781000;fundamental_ii;estadual;ativa;geral;nao;CONJ HAB V DOS RIOS, STIEP. 40000-990 Salvador - BA.
29336708;COLEGIO ESTADUAL EDUARDO BAHIANA;-12.90436000;-38.40622000;fundamental_ii;estadual;ativa;geral;nao;ESTRADA DO COQUEIRO GRANDE JAGUARIPE, FAZENDA GRANDE II. 41340-000 Salvador - BA.
29191840;COLEGIO ESTADUAL EDVALDO BRANDAO CORREIA TEMPO INTEGRAL;-12.89769000;-38.42348000;;estadual;ativa;geral;nao;QUADRA 3, CAMINHO 1, 00203 CAJAZEIRAS IV. 41334-210 Salvador - BA.
29190932;COLEGIO ESTADUAL EURICLES DE MATOS TEMPO INTEGRAL;-13.01221000;-38.48688000;fundamental_ii;estadual;ativa;geral;nao;RUA OSVALDO CRUZ, 00016 RIO VERMELHO. 41940-000 Salvador - BA.
29359597;COLEGIO ESTADUAL FRANCISCO DA CONCEICAO MENEZES TEMPO INTEGRAL;-12.95712000;-38.45392000;fundamental_ii;estadual;ativa;geral;nao;SILVEIRA MARTINS, 00679 CABULA. 41150-000 Salvador - BA.
29182719;COLEGIO ESTADUAL FREDERICO COSTA TEMPO INTEGRAL;-12.96961000;-38.48866000;fundamental_ii;estadual;ativa;geral;nao;RUA BERNARDO SPECTOR, 00685 VILA LAURA. 40270-220 Salvador - BA.
29182166;COLEGIO ESTADUAL GOES CALMON TEMPO INTEGRAL;-12.98603000;-38.49328000;;estadual;ativa;geral;nao;AVENIDA DOM JOAO VI, 131 BROTAS. 40000-990 Salvador - BA.
29190967;COLEGIO ESTADUAL GOVERNADOR OTAVIO MANGABEIRA TEMPO INTEGRAL;-12.96005110;-38.44795330;fundamental_ii;estadual;ativa;geral;nao;BECO DA CORUJA, S/N SABOEIRO. 41180-170 Salvador - BA.
29181496;COLEGIO ESTADUAL GOVERNADOR ROBERTO SANTOS TEMPO INTEGRAL;-12.95711000;-38.45414000;;estadual;ativa;geral;nao;SILVEIRA MARTINS, 01287 CABULA. 41150-000 Salvador - BA.
29192293;COLEGIO ESTADUAL HEITOR VILLA LOBOS;-12.95397000;-38.43974000;fundamental_ii;estadual;ativa;geral;nao;THEODULO DE ALBUQUERQUE, 00457 CABULA VI. 41181-045 Salvador - BA.
29182042;COLEGIO ESTADUAL HELENA CELESTINO MAGALHAES TEMPO INTEGRAL;-12.95261000;-38.47771000;fundamental_ii;estadual;ativa;geral;nao;DESEMBARGADOR JOSE MACIEL DOS SANTOS, 00039 IAPI. 40330-475 Salvador - BA.
29192307;COLEGIO ESTADUAL HELENA MAGALHAES TEMPO INTEGRAL;-12.94386000;-38.44878000;;estadual;ativa;geral;nao;DIRETA DE TANCREDO NEVES, TANCREDO NEVES. 41205-000 Salvador - BA.
29192790;COLEGIO ESTADUAL HENRIQUETA MARTINS CATHARINO TEMPO INTEGRAL;-13.00124000;-38.50063000;fundamental_ii;estadual;ativa;geral;nao;RUA HENRIQUETA M CATHARINO, 158 FEDERACAO. 40365-100 Salvador - BA.
29190991;COLEGIO ESTADUAL JOAO DAS BOTAS;-13.00576000;-38.52976000;fundamental_ii;estadual;ativa;geral;nao;MORRO DO GAVAZZA, 00236 BARRA. 40140-095 Salvador - BA.
29188768;COLEGIO ESTADUAL JOSIAS DE ALMEIDA MELO;-12.88940000;-38.47770000;fundamental_ii;estadual;ativa;geral;nao;JOSE JOAQUIM ALVES, 00205 PLATAFORMA. 40718-192 Salvador - BA.
29191009;COLEGIO ESTADUAL KLEBER PACHECO TEMPO INTEGRAL;-12.97074000;-38.47066000;;estadual;ativa;geral;nao;NUMA POMPILIO, 00237 PERNAMBUES. 41100-170 Salvador - BA.
29185351;COLEGIO ESTADUAL LEDA JESUINO DOS SANTOS TEMPO INTEGRAL;-12.98885000;-38.49974000;fundamental_ii;estadual;ativa;geral;nao;ALMIRANTE ALVES CAMARA, 00019 ENGENHO VELHO DE BROTAS. 40243-000 Salvador - BA.
29187303;COLEGIO ESTADUAL LUIZ FERNANDO MACEDO COSTA TEMPO INTEGRAL;-12.88795000;-38.42650000;fundamental_ii;estadual;ativa;geral;nao;RUA F CAJAZEIRA VII, 00405 CAJAZEIRAS VII. 41337-180 Salvador - BA.
29181143;COLEGIO ESTADUAL LUIZ VIANA TEMPO INTEGRAL;-12.99126000;-38.48307000;fundamental_ii;estadual;ativa;geral;nao;RUA WALDEMAR FALCAO, 07 BROTAS. 40000-990 Salvador - BA.
29181500;COLEGIO ESTADUAL MANOEL DEVOTO;-13.01094000;-38.48251000;;estadual;ativa;geral;nao;OSWALDO CRUZ, RIO VERMELHO. 41940-000 Salvador - BA.
29193567;COLEGIO ESTADUAL MARIA AMELIA SANTOS;-12.92258000;-38.43731000;fundamental_ii;estadual;ativa;geral;nao;ANTONIO CARLOS MAGALHAES, 00180 SAO MARCOS. 41253-260 Salvador - BA.
29185394;COLEGIO ESTADUAL MARIO AUGUSTO TEIXEIRA DE FREITAS TEMPO INTEGRAL;-12.97970000;-38.50975000;;estadual;ativa;geral;nao;RUA DA MANGUEIRA, 10/20 NAZARE. 40040-400 Salvador - BA.
29192242;COLEGIO ESTADUAL MESTRE MOA DO KATENDE TEMPO INTEGRAL;-12.98231000;-38.50206000;fundamental_ii;estadual;ativa;geral;nao;RUA DIQUE PEQUENO, VASCO DA GAMA. 40000-990 Salvador - BA.
29438934;COLEGIO ESTADUAL MESTRE PAULO DOS ANJOS;-12.93690000;-38.38024000;fundamental_ii;estadual;ativa;geral;nao;TANCREDO NEVES, 00001 BAIRRO DA PAZ. 41515-235 Salvador - BA.
29192030;COLEGIO ESTADUAL MINISTRO ALIOMAR BALEEIRO TEMPO INTEGRAL;-12.96566000;-38.46042000;;estadual;ativa;geral;nao;RUA SATURNO, 00435 PERNAMBUES. 41110-070 Salvador - BA.
29193966;COLEGIO ESTADUAL MONSENHOR MANOEL BARBOSA;-12.97335000;-38.43261000;fundamental_ii;estadual;ativa;geral;nao;CONJUNTO GUILHERME MARBACK, BOCA DO RIO. 41710-850 Salvador - BA.
29181534;COLEGIO ESTADUAL NELSON MANDELA TEMPO INTEGRAL;-12.86672000;-38.47189000;fundamental_ii;estadual;ativa;geral;nao;RUA DOUTOR ALMEIDA, 00001 PERIPERI. 40728-035 Salvador - BA.
29194750;COLEGIO ESTADUAL NOSSA SENHORA DE FATIMA;-12.85783000;-38.45565000;fundamental_ii;estadual;ativa;geral;nao;LOTEAMENTO NOSSA SENHORA DE FATIMA, 102 PERIPERI. 40730-370 Salvador - BA.
29382017;COLEGIO ESTADUAL OLIVEIRA BRITO TEMPO INTEGRAL;-12.89099000;-38.39603000;fundamental_ii;estadual;ativa;geral;nao;RUA VEREADOR ZEZEU RIBEIRO, QUADRA E, FAZENDA GRANDE II, SN PROX BAR DO RASTA. BOCA DA MATA. 41343-190 Salvador - BA.
29191041;COLEGIO ESTADUAL PADRE PALMEIRA;-12.91316000;-38.36167000;;estadual;ativa;geral;nao;ADRIANO DE AZEVEDO PONDE, 00001 MUSSURUNGA I. 41481-260 Salvador - BA.
29199026;COLEGIO ESTADUAL PAULO AMERICO DE OLIVEIRA;-12.92387000;-38.50338000;;estadual;ativa;geral;nao;BECO JOAO DO BOI, 00420 AGUA DE MENINOS. 40415-380 Salvador - BA.
29182239;COLEGIO ESTADUAL PEDRO CALMON;-12.98544000;-38.43699000;;estadual;ativa;geral;nao;GENERAL BRAULIO GUIMARAES, 53 ARMACAO. 41750-000 Salvador - BA.
29191068;COLEGIO ESTADUAL PINTO DE AGUIAR TEMPO INTEGRAL;-12.91601000;-38.36132000;;estadual;ativa;geral;nao;DOUTOR ARTHUR COUTO, 00205 MUSSURUNGA I. 41481-182 Salvador - BA.
29187001;COLEGIO ESTADUAL POLIVALENTE DE AMARALINA;-13.00579000;-38.46859000;;estadual;ativa;geral;nao;RUA PARA, 00221 PITUBA. 41927-300 Salvador - BA.
29187010;COLEGIO ESTADUAL POLIVALENTE SAN DIEGO;-12.92961000;-38.49229000;fundamental_ii;estadual;ativa;geral;nao;RUA LUIZ REGIS PACHECO, 2182 URUGUAI. 40450-320 Salvador - BA.
29181526;COLEGIO ESTADUAL PRESIDENTE COSTA E SILVA TEMPO INTEGRAL;-12.91661000;-38.49880000;;estadual;ativa;geral;nao;DA MADRAGOA, 00001 RIBEIRA. 40420-180 Salvador - BA.
29187095;COLEGIO ESTADUAL PRINCESA IZABEL;-12.96494000;-38.48414000;fundamental_ii;estadual;ativa;geral;nao;PRIMEIRO DE JANEIRO, 37 CIDADE NOVA. 40313-120 Salvador - BA.
29336473;COLEGIO ESTADUAL PROFESSOR CARLOS ALBERTO CERQUEIRA;-12.93487000;-38.47546000;fundamental_ii;estadual;ativa;geral;nao;ANA MARIANI BITTENCOURT, 00387 SAO CAETANO. 40390-570 Salvador - BA.
29343160;COLEGIO ESTADUAL PROFESSOR CARLOS BARROS TEMPO INTEGRAL;-12.84494000;-38.46991000;;estadual;ativa;geral;nao;RUA PAULO AVELAR, 01 PARIPE. 40730-530 Salvador - BA.
29191084;COLEGIO ESTADUAL PROFESSOR CARLOS SANT ANNA TEMPO INTEGRAL;-13.00484000;-38.46802000;fundamental_ii;estadual;ativa;geral;nao;RUA ALTO DOS COQUEIROS, 00372 NORDESTE. 41905-586 Salvador - BA.
29198780;COLEGIO ESTADUAL PROFESSOR DORIVAL PASSOS TEMPO INTEGRAL;-12.92837000;-38.45581000;;estadual;ativa;geral;nao;CARDEAL AVELAR BRANDAO VILLELA, 00404 MATA ESCURA. 41219-600 Salvador - BA.
29404290;COLEGIO ESTADUAL PROFESSOR JOSE BARRETO DE ARAUJO BASTOS TEMPO INTEGRAL;-12.93033000;-38.47424000;fundamental_ii;estadual;ativa;geral;nao;RUA DO BAMBUI, 00050 SAO CAETANO. 40391-108 Salvador - BA.
29192153;COLEGIO ESTADUAL PROFESSOR NELSON BARROS;-12.88996000;-38.40924000;fundamental_ii;estadual;ativa;geral;nao;RUA FERNANDO MASCARENHAS, S/N QUADRA C, SETOR 01. CAJAZEIRAS X. 41340-480 Salvador - BA.
29195462;COLEGIO ESTADUAL PROFESSOR NOGUEIRA PASSOS TEMPO INTEGRAL;-12.99078000;-38.45680000;fundamental_ii;estadual;ativa;geral;nao;RUA DAS ROSAS, 00721 PITUBA. 41810-070 Salvador - BA.
29191343;COLEGIO ESTADUAL PROFESSOR ROMULO ALMEIDA TEMPO INTEGRAL;-12.96912000;-38.43346000;;estadual;ativa;geral;nao;DAS ARARAS, 114 IMBUI. 41720-010 Salvador - BA.
29187419;COLEGIO ESTADUAL PROFESSORA ELISABETH CHAVES VELOSO TEMPO INTEGRAL;-12.95518000;-38.43694000;fundamental_ii;estadual;ativa;geral;nao;RUA TEODULO ALBUQUERQUE, 00331 CABULA VI. 40000-990 Salvador - BA.
29192650;COLEGIO ESTADUAL PROFESSORA GEORGINA RAMOS DA SILVA;-12.97782000;-38.43561000;fundamental_ii;estadual;ativa;geral;nao;PRACA DIDIE LUZ, 29 BOCA DO RIO. 41710-330 Salvador - BA.
29404339;COLEGIO ESTADUAL PROFESSORA MARIA DE LOURDES PARADA FRANCH;-12.91792000;-38.44317000;fundamental_ii;estadual;ativa;geral;nao;RUA MARECHAL DEODORO, 11 PAU DA LIMA. 41235-030 Salvador - BA.
29404240;COLEGIO ESTADUAL PROFESSORA MARIA ODETTE PITHON RAYNAL;-12.84365000;-38.46710000;fundamental_ii;estadual;ativa;geral;nao;RUA DA INDEPENDENCIA, 17 PARIPE. 40820-030 Salvador - BA.
29192331;COLEGIO ESTADUAL PROFESSORA MARILEINE DA SILVA;-12.93790000;-38.46048000;fundamental_ii;estadual;ativa;geral;nao;RUA BENJAMIN ABDON, MATA ESCURA. 41220-480 Salvador - BA.
29404274;COLEGIO ESTADUAL PROFESSORA NOEMIA REGO TEMPO INTEGRAL;-12.86378000;-38.43613000;fundamental_ii;estadual;ativa;geral;nao;RUA BOCA DA MATA, 02551 VALERIA. 41300-460 Salvador - BA.
29185173;COLEGIO ESTADUAL RAFAEL OLIVEIRA;-12.89907000;-38.41309000;fundamental_ii;estadual;ativa;geral;nao;SETOR A, VIA LOCAL E LOCAL 4, 00021 CAJAZEIRAS VIII. 41338-070 Salvador - BA.
29182271;COLEGIO ESTADUAL RAPHAEL SERRAVALLE TEMPO INTEGRAL;-12.99103000;-38.45631000;fundamental_ii;estadual;ativa;geral;nao;GUILLARD MUNIZ, S/Nº PITUBA. 41205-042 Salvador - BA.
29200024;COLEGIO ESTADUAL RAYMUNDO DE ALMEIDA GOUVEIA;-12.90103000;-38.43212000;fundamental_ii;estadual;ativa;geral;nao;RUA A SN 2ª ETAPA, 01097 CASTELO BRANCO. 41320-010 Salvador - BA.
29360960;COLEGIO ESTADUAL RAYMUNDO MATTA;-12.92223000;-38.48614000;;estadual;ativa;geral;nao;AV PENINSULA DO JOANES, 00071 LOBATO. 40470-580 Salvador - BA.
29182565;COLEGIO ESTADUAL ROTARY TEMPO INTEGRAL;-12.94716000;-38.36130000;fundamental_ii;estadual;ativa;geral;nao;LADEIRA DO ABAETE, 01055 ITAPUA. 41610-525 Salvador - BA.
29182735;COLEGIO ESTADUAL RUBEN DARIO TEMPO INTEGRAL;-12.94109000;-38.48593000;fundamental_ii;estadual;ativa;geral;nao;AVENIDA SAN MARTIN, 00342 SAN MARTIN. 41253-090 Salvador - BA.
29191114;COLEGIO ESTADUAL RUTH PACHECO;-12.93484000;-38.43579000;fundamental_ii;estadual;ativa;geral;nao;RUA REGIA BARRETO, 00372 SUSSUARANA. 41216-805 Salvador - BA.
29188270;COLEGIO ESTADUAL SANTA RITA DE CASSIA;-12.88309000;-38.42780000;fundamental_ii;estadual;ativa;geral;nao;ZONA A BR 324, 13 AGUAS CLARAS. 41310-466 Salvador - BA.
29436877;COLEGIO ESTADUAL SATELITE;-12.94542000;-38.38001000;fundamental_ii;estadual;ativa;geral;nao;AVENIDA ORLANDO GOMES, 1094 PIATA. 40000-990 Salvador - BA.
29191130;COLEGIO ESTADUAL SATIRO DIAS TEMPO INTEGRAL;-13.00783000;-38.46632000;fundamental_ii;estadual;ativa;geral;nao;PARA, 346 PITUBA. 41830-070 Salvador - BA.
29181550;COLEGIO ESTADUAL SENHOR DO BONFIM;-12.98475000;-38.51270000;;estadual;ativa;geral;nao;RUA GENERAL LABATUT, 49 BARRIS. 41207-555 Salvador - BA.
29404266;COLEGIO ESTADUAL SETE DE SETEMBRO;-12.83894000;-38.46972000;fundamental_ii;estadual;ativa;geral;nao;RUA 21 DE ABRIL, 16 PARIPE. 40830-160 Salvador - BA.
29191149;COLEGIO ESTADUAL SOLANGE HORTELIO FRANCO TEMPO INTEGRAL;-12.93671000;-38.49750000;;estadual;ativa;geral;nao;RUA DIREITA DO URUGUAI, 00200 URUGUAI. 40450-210 Salvador - BA.
29182050;COLEGIO ESTADUAL TEREZA CONCEICAO MENEZES;-12.94488000;-38.48688000;fundamental_ii;estadual;ativa;geral;nao;RUA DO CURUZU, 00300 LIBERDADE. 40365-000 Salvador - BA.
29357861;COLEGIO ESTADUAL THALES DE AZEVEDO;-12.99664000;-38.44906000;;estadual;ativa;geral;nao;ADELAIDE FERNANDES DA COSTA, 00072 COSTA AZUL. 41760-040 Salvador - BA.
29182280;COLEGIO ESTADUAL URSULA CATHARINO TEMPO INTEGRAL;-12.98405000;-38.51590000;fundamental_ii;estadual;ativa;geral;nao;TRAVESSA DO ROSARIO, 009 POLITEAMA. 40000-990 Salvador - BA.
29192226;COLEGIO ESTADUAL VALE DOS LAGOS;-12.93325000;-38.42111000;fundamental_ii;estadual;ativa;geral;nao;CONJ RES VALE DOS LAGOS, VALE DOS LAGOS. 41253-283 Salvador - BA.
29191157;COLEGIO ESTADUAL VERA LUX;-12.91676000;-38.40819000;fundamental_ii;estadual;ativa;geral;nao;RUA NELSON LACERDA, NOVA BRASILIA. 41235-030 Salvador - BA.
29404304;COLEGIO ESTADUAL VILA CANARIA TEMPO INTEGRAL;-12.91041000;-38.44231000;fundamental_ii;estadual;ativa;geral;nao;RUA DIRETA DO YPIRANGA, VILA CANARIA. 40000-990 Salvador - BA.
29191165;COLEGIO ESTADUAL VISCONDE DE MAUA;-12.91042000;-38.35379000;fundamental_ii;estadual;ativa;geral;nao;RUA DA ADUTORA, SAO CRISTOVAO. 41510-010 Salvador - BA.
29188601;COLEGIO ESTADUAL VITOR SOARES;-12.91375788;-38.49409996;;estadual;paralisada;geral;nao;ENG PIMENTA DA CUNHA, 00003 RIBEIRA. 40710-780 Salvador - BA.
29191173;COLEGIO ESTADUAL YEDA BARRADAS CARNEIRO TEMPO INTEGRAL;-12.94020000;-38.37142000;;estadual;ativa;geral;nao;BONSUCESSO, ALTO DO COQUEIRINHO. ITAPUA. 41615-190 Salvador - BA.
29466172;COLEGIO ESTILO;-12.90129138;-38.44766412;infantil|fundamental_i|fundamental_ii;privada;ativa;geral;nao;RUA DOS DOMINICANOS, 14 DOM AVELAR. 41315-140 Salvador - BA.
29469708;COLEGIO FAVO DE MEL KIDS LTDA ME;-12.96046210;-38.46806400;infantil|fundamental_i;privada;ativa;geral;nao;RUA SILVEIRA MARTINS 208 B CABULA, CABULA. 41150-000 Salvador - BA.
29182301;COLEGIO FLAMBOYANTS LTDA;-12.93650333;-38.40964000;infantil|fundamental_i|fundamental_ii;privada;ativa;geral;nao;RUA PROCURADOR NELSON CASTRO, S/N. TROBOGY. 41745-027 Salvador - BA.
29182590;COLEGIO FRANCISCANO SANTA CLARA;-12.97762000;-38.50688000;fundamental_ii;privada;ativa;geral;nao;RUA SANTA CLARA, S/N NAZARE. 40040-450 Salvador - BA.
29182387;COLEGIO GREGOR MENDEL;-12.98928480;-38.45274780;;privada;ativa;geral;nao;RUA MAGNO VALENTE 571 Q 51, LOT AQUARIOS. PITUBA. 41810-620 Salvador - BA.
29182344;COLEGIO INTEGRAL;-12.99931000;-38.44977833;;privada;ativa;geral;nao;RUA FERNANDO MENEZES DE GOES, 570 PITUBA. 41810-700 Salvador - BA.
29397049;COLEGIO INTEGRAL KIDS;-12.99927500;-38.44973500;fundamental_i;privada;ativa;geral;nao;AVENIDA OCTAVIO MANGABEIRA, 2557 PITUBA. 41830-050 Salvador - BA.
29477964;COLEGIO JEAN PIAGET;-12.89735754;-38.39384610;infantil|fundamental_i;privada;ativa;geral;nao;CAMINHO 96-SETOR C, 5 BOCA DA MATA. CAJAZEIRAS. 41343-140 Salvador - BA.
29191467;COLEGIO KENNEDY;-12.95202000;-38.49763000;infantil|fundamental_i|fundamental_ii;privada;ativa;geral;nao;TRAVESSA BRUNO SEABRA, 14 SIEIRO. LIBERDADE. 40375-520 Salvador - BA.
29422353;COLEGIO LINCE LTDA;-12.89918760;-38.35399130;infantil|fundamental_i|fundamental_ii;privada;ativa;geral;nao;RUA DAS ACACIA AMARELAS, 95 COLEGIO. JARDIM DAS MARGARIDAS. 41502-310 Salvador - BA.
29461324;COLEGIO MANOEL RIBEIRO;-12.91359870;-38.46814159;infantil|fundamental_i|fundamental_ii;privada;ativa;geral;nao;RUA PRESIDENTE VARGAS, 200 MARECHAL RONDON. 41280-330 Salvador - BA.
29466563;COLEGIO MARIA HELENA;-12.97443413;-38.46231007;infantil|fundamental_i|fundamental_ii;privada;ativa;geral;nao;RUA FLOR DE MAIO, 08 PERNAMBUES. 41110-300 Salvador - BA.
29447518;COLEGIO MARISTA DE PATAMARES;-12.96458100;-38.40827790;infantil|fundamental_i|fundamental_ii;privada;ativa;geral;nao;RUA MANOEL ANTONIO GALVAO, 655 PITUACU. 41741-550 Salvador - BA.
29459230;COLEGIO MARIZIA MAIOR;-12.93835980;-38.34020220;fundamental_i|fundamental_ii;privada;ativa;geral;nao;ALAMEDA PRAIA DE GUARATUBA, SN STELLA MARIS. 41600-270 Salvador - BA.
29364060;COLEGIO MEDITERRANEO;-12.96752000;-38.49222000;infantil|fundamental_i|fundamental_ii;privada;ativa;geral;nao;RUA DR. GENESIO SALLES, 596 VILA LAURA. 40270-240 Salvador - BA.
29182395;COLEGIO MILITAR DE SALVADOR;-12.99783000;-38.45476000;fundamental_ii;federal;ativa;geral;nao;RUA DAS HORTENSIAS, S/Nº PROXIMO F. BA CARDIO. PITUBA. 41810-010 Salvador - BA.
29392861;COLEGIO MODELO LUIS EDUARDO MAGALHAES TEMPO INTEGRAL;-12.94807000;-38.47841000;;estadual;ativa;geral;nao;SAN MARTIN AV, 00229 SAN MARTIN. 40355-000 Salvador - BA.
29182409;COLEGIO MODULO;-12.98968190;-38.45046970;fundamental_ii;privada;ativa;geral;nao;AVENIDA PROFESSOR MAGALHAES NETO, 1177 RUA B, QUADRA F. PITUBA. 41810-011 Salvador - BA.
29436710;COLEGIO MUNDIAL;-12.97140689;-38.49127142;fundamental_ii;privada;ativa;geral;nao;RUA RAUL LEITE, 45 47. VILA LAURA. 40270-180 Salvador - BA.
29478430;COLEGIO NILSON DE SOUZA PEREIRA;-12.91612306;-38.44395553;;privada;ativa;geral;nao;RUA JAYME VIEIRA LIMA, 104 PAU DA LIMA. 41235-000 Salvador - BA.
29182433;COLEGIO NOSSA SENHORA DA CONCEICAO;-12.98533000;-38.49509000;infantil|fundamental_i|fundamental_ii;privada;ativa;geral;nao;AVENIDA DOM JOAO VI, 0089 BROTAS. 40285-000 Salvador - BA.
29182441;COLEGIO NOSSA SENHORA DA SOLEDADE;-12.95808309;-38.49931818;infantil|fundamental_i|fundamental_ii;privada;ativa;geral;nao;LADEIRA DA SOLEDADE, 736 LAPINHA. 40328-120 Salvador - BA.
29365023;COLEGIO OFICINA;-12.99192833;-38.45374333;fundamental_ii;privada;ativa;geral;nao;AV. MIGUEL NAVARRO Y. CANIZARES, 423 PITUBA. 41810-215 Salvador - BA.
29797624;COLEGIO OLIVEIRA SALES;-12.97427000;-38.42826000;infantil|fundamental_i|fundamental_ii;privada;ativa;geral;nao;RUA PROFESSOR PINTO DE AGUIAR, 25 BOCA DO RIO. 41710-000 Salvador - BA.
29343232;COLEGIO PORTINARI;-12.99615000;-38.44896000;infantil|fundamental_i|fundamental_ii;privada;ativa;geral;nao;RUA ADELAIDE FERNANDES DA COSTA, 487 41760-040 Salvador - BA.
29181640;COLEGIO SAO JOSE;-12.92640750;-38.50903480;infantil|fundamental_i|fundamental_ii;privada;ativa;geral;nao;RUA IMPERATRIZ, 711, BAIXA DO BONFIM. 40415-180 Salvador - BA.
29181658;COLEGIO SAO LAZARO;-12.96214000;-38.47151000;infantil|fundamental_i|fundamental_ii;privada;ativa;geral;nao;RUA SILVEIRA MARTINS, 445 CABULA. 41150-000 Salvador - BA.
29196450;COLEGIO SAO PAULO - TEMPO DE CRIANCA;-12.98731000;-38.46265000;infantil|fundamental_i;privada;ativa;geral;nao;RUA DO BENJOIM 929, ITAIGARA. 41820-340 Salvador - BA.
29182654;COLEGIO SS SACRAMENTO;-12.99044990;-38.51846620;infantil|fundamental_i|fundamental_ii;privada;ativa;geral;nao;AVENIDA LEOVIGILDO FILGUEIRAS, 211 GARCIA. 40100-000 Salvador - BA.
29442710;COLEGIO SUPERIOR LTDA;-12.90035000;-38.40203000;infantil|fundamental_i|fundamental_ii;privada;ativa;geral;nao;RUA DR EDILSON TEIXEIRA BARBOSA, 39E QD C. FAZENDA GRANDE II. 41342-165 Salvador - BA.
29442826;COLEGIO VILAS;-12.97180300;-38.43862930;fundamental_ii;privada;ativa;geral;nao;RUA DO ROUXINOL, 71 IMBUI. 41720-052 Salvador - BA.
29449723;COLEGIO YOLANDA ROCHA;-12.93669595;-38.36414290;infantil|fundamental_i|fundamental_ii;privada;ativa;geral;nao;RUA DA FONTE Q.1 L.34/35 KM17, 34 KM 17. ITAPUA. 41630-670 Salvador - BA.
29445183;COOPERATIVA EDUCACIONAL DE INEMA;-12.81286833;-38.48817167;infantil|fundamental_i|fundamental_ii;privada;ativa;geral;nao;RODOVIA BA 528, ESTRADA DA BASE NAVAL DE ARATU, S/N VILA NAVAL DE INEMA. SAO TOME DE PARIPE. 40800-310 Salvador - BA.
29445671;CRCHE ESCOLA COMUNITARIA EVOLUTIVA 28 DE AGOSTO;-12.93406000;-38.49542000;infantil|fundamental_i;privada;ativa;geral;nao;RUA DO URUGUAY, 273 URUGUAI. 40450-211 Salvador - BA.
29828627;CRECHE A MANJEDOURA;-12.91604170;-38.44412150;infantil;privada;ativa;geral;sim;RUA JAYME VIEIRA LIMA, 104 PAU DA LIMA. 41235-000 Salvador - BA.
29492203;CRECHE ANDRE LUIZ - CASA DE ORACAO BEZERRA DE MENEZES;-12.98786960;-38.49115790;infantil;privada;ativa;geral;sim;RUA BEZERRA DE MENEZES, 90 PRIMEIRA TRANSVERSAL. DANIEL LISBOA. 40283-530 Salvador - BA.
29450470;CRECHE ASSOCIACAO ESPIRITO DA LUZ;-13.01027000;-38.47492000;infantil;privada;ativa;geral;sim;RUA CRISTOVAO FERREIRA, 22 1 ANDAR. NORDESTE. 41905-460 Salvador - BA.
29459168;CRECHE COMUNITARIA FABIO SANDEI;-12.91372460;-38.35868300;infantil;privada;ativa;geral;sim;1ª TRAVESSA SANTO AGOSTINHO, 09 PREDIO. SAO CRISTOVAO. 41510-225 Salvador - BA.
29417023;CRECHE COMUNITARIA FLORA GOMES;-12.93134000;-38.49763000;infantil;privada;ativa;geral;sim;RUA ROSALVO BARBOSA ROMEU, S/Nº VILA RUY BARBOSA. 40430-500 Salvador - BA.
29470129;CRECHE E PRE ESCOLA PRIMEIRO PASSO BAIRRO DA PAZ;-12.93381900;-38.36969790;infantil;municipal;ativa;geral;nao;RUA RAFAEL PASTORE NETO, SN ITAPUA. 41640-280 Salvador - BA.
29468566;CRECHE E PRE ESCOLA PRIMEIRO PASSO CAJAZEIRAS VIII;-12.89847680;-38.41355360;infantil;municipal;ativa;geral;nao;RUA DELMIRO GOUVEIA, SN SETOR A, CAMINHO 10. CAJAZEIRAS VIII. 41338-040 Salvador - BA.
29468574;CRECHE E PRE ESCOLA PRIMEIRO PASSO CAJAZEIRAS X;-12.89209900;-38.40989370;infantil;municipal;ativa;geral;nao;RUA MINISTRO APOLONIO SALES, SN CAJAZEIRAS X. 41340-095 Salvador - BA.
29472792;CRECHE E PRE ESCOLA PRIMEIRO PASSO CANABRAVA;-12.92712900;-38.41411360;infantil;municipal;ativa;geral;nao;RUA DAS MANGUEIRAS, SN CANABRAVA. 41260-330 Salvador - BA.
29468612;CRECHE E PRE ESCOLA PRIMEIRO PASSO CASSANGE;-12.90150930;-38.36513150;infantil;municipal;ativa;geral;nao;TRAVESSA SENHOR DO BONFIM DE CIMA, SN CASSANGE. 41505-480 Salvador - BA.
29470412;CRECHE E PRE ESCOLA PRIMEIRO PASSO FAZENDA GRANDE III;-12.90226680;-38.39682640;infantil;municipal;ativa;geral;nao;RUA DOUTOR TRIPOLI FRANCISCO GAUDENZI, S/N FAZENDA GRANDE III. 41343-500 Salvador - BA.
29468620;CRECHE E PRE ESCOLA PRIMEIRO PASSO ILHA AMARELA;-12.89043100;-38.47550400;infantil;municipal;ativa;geral;nao;RUA CABACEIRAS, SN ILHA AMARELA. 40711-500 Salvador - BA.
29470110;CRECHE E PRE ESCOLA PRIMEIRO PASSO ITAPUA MALE DEBALE;-12.94376400;-38.36176900;infantil;municipal;ativa;geral;nao;LADEIRA DO MIRANTE, SN ITAPUA. 41640-080 Salvador - BA.
29468540;CRECHE E PRE ESCOLA PRIMEIRO PASSO MATA ESCURA;-12.93280900;-38.45682760;infantil;municipal;ativa;geral;nao;RUA CARLOS BRANDAO DA SILVA, SN MATA ESCURA. 41219-480 Salvador - BA.
29470382;CRECHE E PRE ESCOLA PRIMEIRO PASSO NOVA BRASILIA;-12.92407200;-38.41192170;infantil;municipal;ativa;geral;nao;RUA PAULO SERGIO, S/N NOVA BRASILIA. 41350-520 Salvador - BA.
29468590;CRECHE E PRE ESCOLA PRIMEIRO PASSO PARQUE SAO CRISTOVAO;-12.90170340;-38.36450900;infantil;municipal;ativa;geral;nao;RUA DOUTOR ALVARO PONTES BAHIA, SN SAO CRISTOVAO. 41510-229 Salvador - BA.
29468647;CRECHE E PRE ESCOLA PRIMEIRO PASSO PERIPERI;-12.86602800;-38.47137640;infantil;municipal;ativa;geral;nao;RUA DOUTOR ALMEIDA, SN PERIPERI. 40728-035 Salvador - BA.
29468582;CRECHE E PRE ESCOLA PRIMEIRO PASSO SAO CRISTOVAO;-12.91657960;-38.34940630;infantil;municipal;ativa;geral;nao;RUA STELLA MARIS, SN SAO CRISTOVAO. 41500-060 Salvador - BA.
29469465;CRECHE E PRE ESCOLA PRIMEIRO PASSO SAO MARCOS;-12.92483540;-38.43474800;infantil;municipal;ativa;geral;nao;TRAVESSA DJALMA SANCHES, S/N SAO MARCOS. 41253-330 Salvador - BA.
29468558;CRECHE E PRE ESCOLA PRIMEIRO PASSO SUSSUARANA;-12.93391120;-38.43918990;infantil;municipal;ativa;geral;nao;2ª AVENIDA MOISES MENDES, SN SUSSUARANA. 41213-000 Salvador - BA.
29468639;CRECHE E PRE ESCOLA PRIMEIRO PASSO TUBARAO;-12.83413190;-38.47531000;infantil;municipal;ativa;geral;nao;RUA RAY CHARLES, SN PARIPE. 40800-110 Salvador - BA.
29435200;CRECHE ESCOLA AGDA GOMES;-12.88802000;-38.47951000;infantil;privada;ativa;geral;sim;RUA SAO FELIX, 38 E. PLATAFORMA. 40717-308 Salvador - BA.
29418747;CRECHE ESCOLA ALLAN KARDEC;-13.00634940;-38.47068410;infantil;privada;ativa;geral;sim;RUA TRES IRMAOS, 161 NORDESTE. 41906-070 Salvador - BA.
29435242;CRECHE ESCOLA APRENDENDO COM JESUS;-13.01125000;-38.47597000;infantil;privada;ativa;geral;sim;RUA ELENITA, 41 NORDESTE. 41905-135 Salvador - BA.
29435153;CRECHE ESCOLA BENEFICENTE E COMUNITARIA VIVER BEM DE PIRAJA;-12.89805860;-38.45338510;infantil;privada;ativa;geral;sim;CAMINHO 2 CONJUNTO PIRAJA I, CS 06 RUA DAS CASTANHEIRAS. PIRAJA. 41290-730 Salvador - BA.
29435447;CRECHE ESCOLA BENEFICENTE TIA ALDA CETA;-12.90962392;-38.40383016;infantil|fundamental_i;privada;ativa;geral;nao;RUA PORTELA FIGUEIREDO QUADRA K LOTE 20 JAGUARIPE 1 FAZENDA GRANDE 2 CAJAZEIRAS, S/Nª QUADRA K LOTE 20. CAJAZEIRAS. 41342-822 Salvador - BA.
29399475;CRECHE ESCOLA BENEFICIENTE COMUNITARIA TIA DEJA;-12.99014810;-38.51818970;infantil;privada;ativa;geral;sim;RUA PARAISO DO SANTO INACIO, 25 JARDIM SANTO INACIO. 41231-570 Salvador - BA.
29567602;CRECHE ESCOLA COMUNITARIA BABY NEY;-12.92948000;-38.47752000;infantil;privada;ativa;geral;sim;1ª TRAVESSA WILSON TEIXEIRA, 76E APTO. BOA VISTA DE SAO CAETANO. 40385-670 Salvador - BA.
29946786;CRECHE ESCOLA COMUNITARIA DIVINO COMPANHEIRO;-12.90056520;-38.46366230;infantil;privada;ativa;geral;sim;RUA OITO DE NOVEMBRO, 36 CASA. PIRAJA. 41290-200 Salvador - BA.
29442028;CRECHE ESCOLA COMUNITARIA EDUCANDO PARA O FUTURO;-12.89134520;-38.39735130;infantil;privada;ativa;geral;sim;RUA ENGENHEIRO EUNAPIO PELTIER DE QUEIROZ, CAMINO 32, 07 FAZENDA GRANDE II. CAJAZEIRAS. 41342-035 Salvador - BA.
29415020;CRECHE ESCOLA COMUNITARIA FONTE DE LUZ;-12.90825062;-38.37005549;infantil;privada;ativa;geral;sim;RUA VITORIA, 08 SAO CRISTOVAO. 41500-740 Salvador - BA.
29392551;CRECHE ESCOLA COMUNITARIA MENINO JESUS;-12.94848000;-38.44122000;infantil;privada;ativa;geral;sim;RUA LUCIANO SANTOS, 13B ARENOSO. 41211-310 Salvador - BA.
29428297;CRECHE ESCOLA COMUNITARIA MIGUEL FROES;-12.90295000;-38.46523000;infantil;privada;ativa;geral;sim;RUA JOAO EVANGELISTA, 07-E RUA VELHA. PIRAJA. 41290-265 Salvador - BA.
29530202;CRECHE ESCOLA COMUNITARIA NOSSA SENHORA DA CONCEICAO;-12.92648000;-38.37237000;infantil;privada;ativa;geral;sim;RUA GETULIO VARGAS, 39 BAIRRO DA PAZ. 41515-360 Salvador - BA.
29435234;CRECHE ESCOLA COMUNITARIA PROFESSORA HELENITA GOMES PEREIRA DE ASSIS;-12.86776000;-38.46229000;infantil;privada;ativa;geral;sim;3ª TRAVESSA DA RODAGEM, 18 PERIPERI. 40727-735 Salvador - BA.
29435358;CRECHE ESCOLA COMUNITARIA RUMO A EDUCACAO;-12.95171360;-38.46541970;infantil;privada;ativa;geral;sim;RUA GREGORIO, 16 CABULA. ESTRADA DAS BARREIRAS. 41190-000 Salvador - BA.
29422515;CRECHE ESCOLA COMUNITARIA SAO ROQUE;-12.92411090;-38.48385230;infantil;privada;ativa;geral;sim;AVENIDA AFRANIO PEIXOTO, 508 LOBATO. 40470-630 Salvador - BA.
29365120;CRECHE ESCOLA DIVERTIDA MENTE;-12.97910000;-38.48508000;fundamental_i;privada;ativa;geral;nao;RUA MAJOR CAMARA, 46 A. COSME DE FARIAS. 40250-410 Salvador - BA.
29437610;CRECHE ESCOLA FILHO DA COMUNIDADE;-12.90427260;-38.36656060;infantil;privada;ativa;geral;sim;RUA SANTA RITA DA CEASA, 11 POSTO DE SAUDE. PARQUE SAO CRISTOVAO. 41510-838 Salvador - BA.
29691621;CRECHE ESCOLA FUTURA GERACAO;-12.98409000;-38.47279000;infantil;privada;ativa;geral;sim;AVENIDA SANTIAGO DE COMPOSTELA, 500 PARQUE BELA VISTA. 40279-150 Salvador - BA.
29446325;CRECHE ESCOLA MUNDO INFANTIL;-12.94361100;-38.36189560;infantil|fundamental_i|fundamental_ii;privada;ativa;geral;sim;TRAVESSA DOS NAMBUS, 12 CANABRAVA. 41260-060 Salvador - BA.
29446716;CRECHE ESCOLA NOSSA SENHORA DAS GRACAS;-12.97356000;-38.46768000;infantil;privada;ativa;geral;sim;RUA DA HORTA, 208 AO LADO DO POSTO MED. SARAMANDAIA. 41099-380 Salvador - BA.
29472636;CRECHE ESCOLA PRO MARLUCE;-12.93849464;-38.36096647;infantil;privada;ativa;geral;sim;RUA PRIMEIRO DE MAIO, 40 PREDIO. NOVA BRASILIA DE ITAPUAN. 41611-021 Salvador - BA.
29464048;CRECHE ESCOLA PROJETO SIAO DE ITAPUA;-12.93647000;-38.36431000;infantil;privada;ativa;geral;sim;RUA DA FONTE, 31 KM 17. ITAPUA. 41630-670 Salvador - BA.
29463513;CRECHE ESCOLA SOLARES;-12.99743000;-38.45188000;infantil|fundamental_i;privada;ativa;geral;nao;RUA SARGENTO ASTROLABIO, 160 AO LADO DO MANA. PITUBA. 41810-340 Salvador - BA.
29422361;CRECHE ESCOLA TIA MARIA;-12.92381780;-38.44564610;infantil;privada;ativa;geral;sim;RUA ALEXANDRE FERREIRA, 39 PAU DA LIMA. 41235-720 Salvador - BA.
29474566;CRECHE ESCOLA TIA MEIRE;-13.00676888;-38.47841230;infantil;privada;ativa;geral;sim;RUA ALAGOAS, 76 CHAPADA DO RIO VERMELHO. 41928-104 Salvador - BA.
29472873;CRECHE ESCOLA VILLA ENCANTADA;-12.95871850;-38.44849690;infantil|fundamental_i;privada;ativa;geral;nao;RUA SILVEIRA MARTINS, 42 CABULA. 41150-000 Salvador - BA.
29459184;CRECHE PROVIDENCIA DIVINA;-12.91372460;-38.35868300;infantil;privada;ativa;geral;sim;RUA MANOEL RIBEIRO, 04 TERREO - CASA. SAO CRISTOVAO. 41500-250 Salvador - BA.
29459176;CRECHE SAO PAULO;-12.91372460;-38.35868300;infantil;privada;ativa;geral;sim;1ª TRAVESSA 2 DE JULHO, 49 SAO CRISTOVAO. 41500-275 Salvador - BA.
29458471;CRECHE SOMOS CRIANCAS;-13.00208000;-38.51634000;infantil;privada;ativa;geral;sim;RUA RANULFO OLIVEIRA, 56 FUNDOS CASA. JARDIM APIPEMA. 40155-030 Salvador - BA.
29465060;CURSO COLEGIO ISAAC NEWTON;-12.90243924;-38.43776442;fundamental_i|fundamental_ii;privada;ativa;geral;nao;RUA JOEL VASCOCELOS SANTOS, 33 2ª ETAPA. CASTELO BRANCO. 41321-495 Salvador - BA.
29422299;CURSO E COLEGIO ANALISE - EIRELI - EPP;-12.92506000;-38.50662000;fundamental_ii;privada;ativa;geral;nao;AVENIDA DENDEZEIROS, 04 PRACA DENDEZEIROS. BONFIM. 40415-560 Salvador - BA.
29477271;CURSO E COLEGIO LEFFLER;-12.98899419;-38.45558079;;privada;ativa;geral;nao;ALAMEDA DAS ALGAROBAS, 34 CAMINHO DAS ARVORES. 41820-500 Salvador - BA.
29443105;EDUCANDARIO CRECHE COMUNITARIA SONHO VOVO CLARA;-12.93907000;-38.46079000;infantil;privada;ativa;geral;sim;RUA JOAO ABDALA, 255 FINAL DE LINHA. MATA ESCURA. 41225-370 Salvador - BA.
29183391;EDUCANDARIO DO SABER;-12.91488000;-38.47571000;infantil|fundamental_i;privada;ativa;geral;nao;RUA 9 DE DEZEMBRO, 4 ALTO DO CABRITO. 40484-690 Salvador - BA.
29435455;EDUCANDARIO E CRECHE RENOVACAO;-12.90055000;-38.44470000;infantil;privada;ativa;geral;sim;TRAVESSA RAPOSO TAVARES, 100 DOM AVELAR. 41315-120 Salvador - BA.
29183464;EDUCANDARIO EUGENIO NABUCO;-12.99613000;-38.49342000;fundamental_i|fundamental_ii;privada;ativa;geral;nao;LADEIRA MANOEL BONFIM, 02 ENGENHO VELHO DA FEDERACAO. 40220-330 Salvador - BA.
29465036;EDUCANDARIO FILHOS DE JACO;-12.92553000;-38.47879000;infantil|fundamental_i;privada;ativa;geral;nao;RUA 22 DE MARCO, 41 BOA VISTA DE SAO CAETANO. 40387-320 Salvador - BA.
29467454;EDUCANDARIO FRAGOSO GOMES;-12.94012793;-38.37132622;infantil|fundamental_i|fundamental_ii;privada;ativa;geral;nao;LOTEAMENTO DONA ROSA, 34 ALTO DO COQUEIRINHO. ITAPUA. 41620-640 Salvador - BA.
29458870;EDUCANDARIO FRUTO DO AMANHA;-12.91391000;-38.42894000;infantil|fundamental_i;privada;ativa;geral;nao;RUA BURI, 53 - E SETE DE ABRIL. 41385-060 Salvador - BA.
29452376;EDUCANDARIO MAGIA DAS CORES;-12.82760758;-38.47372794;infantil|fundamental_i|fundamental_ii;privada;ativa;geral;sim;RUA DAS FLORES, 5 COCISA. PARIPE. 40810-530 Salvador - BA.
29455391;EDUCANDARIO MARIVAL DANTAS;-12.89949000;-38.47652670;infantil|fundamental_i;privada;ativa;geral;nao;RUA DA ESTRADA DO CABRITO, 369 SAO JOAO DO CABRITO. 40490-202 Salvador - BA.
29450322;EDUCANDARIO NOVO MUNDO INFANTIL;-12.87526000;-38.47066000;infantil|fundamental_i;privada;ativa;geral;nao;RUA CARLOS CROECIA, 104 RIO SENA. 40716-355 Salvador - BA.
29642612;EDUCANDARIO PEDACINHO DO CEU LTDA;-12.89079380;-38.43118350;infantil|fundamental_i|fundamental_ii;privada;ativa;geral;nao;RUA ORLANDO JOSE RIBEIRO, 30 AGUAS CLARAS. 41337-390 Salvador - BA.
29451353;EDUCANDARIO RUMO AO FUTURO;-12.93748406;-38.36064974;infantil|fundamental_i;privada;ativa;geral;nao;RUA TENENTE BENTO, 9G ITAPUA. 41630-010 Salvador - BA.
29455324;EDUCANDARIO SEMENTES DA BEM ME QUER;-12.93379440;-38.37853857;infantil|fundamental_i;privada;ativa;geral;nao;2ª TRAVESSA DA FELICIDADE, 29 BAIRRO DA PAZ. 41515-074 Salvador - BA.
29449596;EDUCANDARIO SINAI HEBROM;-12.99878000;-38.50034000;infantil|fundamental_ii;privada;ativa;geral;sim;RUA SERGIO DE CARVALHO, 567 TERREO. FEDERACAO. 40230-680 Salvador - BA.
29779626;EDUCANDARIO SONHO AZUL;-12.89113270;-38.43480970;infantil|fundamental_i;privada;ativa;geral;nao;CAMINHO 07-QUADRA A 1ª ETAPA, 01 CAJAZEIRAS III. AGUAS CLARAS. 41311-137 Salvador - BA.
29450136;EDUCANDARIO TIA LINDA;-12.90222000;-38.46210000;infantil|fundamental_i;privada;ativa;geral;nao;RUA BARRETO COSTA, 23 E PIRAJA. 41290-300 Salvador - BA.
29190002;EE - COLEGIO ESTADUAL CELINA PINHO - CLASSE VIII;-12.94554000;-38.48668000;;estadual;paralisada;geral;nao;R. RUA DO PROGRESSO, 00622 CURUZU. 40365-230 Salvador - BA.
29427428;EE - COLEGIO ESTADUAL DE PAU DA LIMA;-12.92153000;-38.44118000;;estadual;paralisada;geral;nao;NULL ISMAR ARAUJO, 40 PXHOSPITAL2DEJULHO. PAU DA LIMA. 41235-010 Salvador - BA.
29191017;EE - COLEGIO ESTADUAL MANOEL VITORINO - TEMPO INTEGRAL;-12.99188000;-38.48418000;;estadual;paralisada;geral;nao;NULL WALDEMAR FALCAO, 07 CANDEAL. 40296-710 Salvador - BA.
29192684;EE - COLEGIO ESTADUAL PRESIDENTE GETULIO VARGAS;-12.96626000;-38.50082000;;estadual;paralisada;geral;nao;2ª AVENIDA CENTRO ADMINISTRATIVO DA BAHIA, CENTRO ADMINISTRATIVO DA BAHIA. 41745-003 Salvador - BA.
29192145;EE - COLEGIO ESTADUAL RUY BARBOSA - TEMPO INTEGRAL;-12.97119000;-38.50009000;;estadual;paralisada;geral;nao;R. RUA BELA VISTA DO CABRAL, 34 NAZARE. 40000-990 Salvador - BA.
29185823;EE - ESCOLA ESTADUAL JURACY MAGALHAES JUNIOR;-12.92934000;-38.48435000;;estadual;paralisada;geral;nao;R. RUA PE ANTONIO VIEIRA, 00021 PD. CAPELINHA. 40395-200 Salvador - BA.
29422337;EE - ESCOLA ESTADUAL ROTARY;-12.94755266;-38.36198012;;estadual;paralisada;geral;nao;R. LADEIRA DO ABAETE, 00 ITAPUA. 41611-565 Salvador - BA.
29191432;EMPRE DINAMICO DE EDUC MONTESSORIANO LTDA;-12.99357848;-38.44623691;infantil|fundamental_i|fundamental_ii;privada;ativa;geral;nao;RUA DOUTOR RAIMUNDO MAGALDI, 297 COSTA AZUL. 41760-020 Salvador - BA.
29437628;EMPREENDIMENTOS EDUCACIONAIS MIRANDA LTDA;-12.95384000;-38.46053000;infantil|fundamental_i;privada;ativa;geral;nao;RUA ANTONIO CANDIDO DE LIMA 128 CABULA SALVADOR, CABULA. 41150-500 Salvador - BA.
29184070;ESCOLA A CHAVE DO TAMANHO LTDA;-12.97276000;-38.43805000;infantil|fundamental_i;privada;ativa;geral;nao;RUA DO BEIJA-FLOR, 12 12/13. IMBUI. 41720-051 Salvador - BA.
29450012;ESCOLA ADONAI;-12.92740000;-38.47336000;infantil|fundamental_i|fundamental_ii;privada;ativa;geral;nao;TRAVESSA DA SABOARIA, 325 BOA VISTA DE SAO CAETANO. 40385-100 Salvador - BA.
29198798;ESCOLA ADVENTISTA DE PARIPE;-12.83959000;-38.46256000;infantil|fundamental_i|fundamental_ii;privada;ativa;geral;nao;RUA MACEIO, 24 PREDIO. PARIPE. 40800-400 Salvador - BA.
29452252;ESCOLA AGAPE;-12.91394021;-38.46560452;infantil|fundamental_i|fundamental_ii;privada;ativa;geral;nao;RUA VICENTE CELESTINO, 20 MARECHAL RONDON. 41280-010 Salvador - BA.
29448697;ESCOLA AGORA EU APRENDO;-12.97360000;-38.41910000;infantil|fundamental_i|fundamental_ii;privada;ativa;geral;nao;PRACA IGOR, 00 LT. 08, QD. 09. PITUACU. 41740-740 Salvador - BA.
29474795;ESCOLA ALEGRIA DO SABER;-12.93350395;-38.46038061;infantil|fundamental_i;privada;ativa;geral;sim;SEGUNDA TRAVESSA SAO MIGUEL, 31 E MATA ESCURA. 41225-220 Salvador - BA.
29829623;ESCOLA ALVORADA NOVA;-12.91635750;-38.44384340;infantil;privada;ativa;geral;sim;RUA JAYME VIEIRA LIMA, 104 PAU DA LIMA. 41235-000 Salvador - BA.
29780624;ESCOLA AMAI UM AO OUTRO;-12.91244000;-38.47466000;infantil|fundamental_i;privada;ativa;geral;nao;RUA ADILSON LEITE, 40A 1º ANDAR. ALTO DO CABRITO. 40484-550 Salvador - BA.
29452775;ESCOLA AMORECO;-12.83179990;-38.46934030;infantil|fundamental_i;privada;ativa;geral;nao;RUA DA GRANJA, PARIPE. 40820-380 Salvador - BA.
29189284;ESCOLA ANTONIO CORDEIRO;-12.89115000;-38.47784000;fundamental_i;privada;ativa;geral;nao;RUA AGRIPINO NAZARETH, 228 PLATAFORMA. 40710-598 Salvador - BA.
29453020;ESCOLA AQUARELA;-12.94600000;-38.44799000;infantil|fundamental_i;privada;ativa;geral;sim;RUA ROSINEIDE, 74A TANCREDO NEVES. 41207-300 Salvador - BA.
29451795;ESCOLA ARAUJO SILVA;-12.93703000;-38.49159000;infantil|fundamental_i|fundamental_ii;privada;ativa;geral;nao;RUA VOLUNTARIOS DA PATRIA, 390 LOBATO. 40470-390 Salvador - BA.
29450489;ESCOLA ARTE DO SABER CONSTRUIR;-12.94288000;-38.36761000;infantil|fundamental_i;privada;ativa;geral;nao;TRAVESSA DA ILHA, 16 ITAPUA. 41610-465 Salvador - BA.
29446767;ESCOLA BAHIANA DE CIENCIA E TECNOLOGIA;-12.96825560;-38.43794410;fundamental_ii;privada;ativa;geral;nao;RUA ADHEMAR PINHEIRO LEMOS, 1617 IMBUI. 41720-000 Salvador - BA.
29475627;ESCOLA BATISTA FONTE DA VIDA;-12.92199078;-38.47612135;fundamental_i|fundamental_ii;privada;ativa;geral;nao;RUA RODOVIA A, 3229 BOA VISTA DE SAO CAETANO. 40385-645 Salvador - BA.
29184487;ESCOLA BISCAIA;-12.93072460;-38.47598580;fundamental_i|fundamental_ii;privada;ativa;geral;nao;RUA SAO JOAO DO JARDIM LOBATO, 195 LOTE 7. SAO CAETANO. 40390-355 Salvador - BA.
29404924;ESCOLA BOAS NOVAS;-12.86142000;-38.47425000;infantil|fundamental_i|fundamental_ii;privada;ativa;geral;nao;RUA CAFE FILHO, 58 COUTOS. 40760-610 Salvador - BA.
29463300;ESCOLA BRILHO CELESTE;-12.97985167;-38.49267833;infantil|fundamental_i;privada;ativa;geral;sim;RUA BAIXA DO SILVA, 30 COSME DE FARIAS. 40250-060 Salvador - BA.
29908744;ESCOLA CAMINHO DO APRENDER;-12.94597000;-38.44392000;infantil|fundamental_i;privada;ativa;geral;nao;RUA GILBERTO BASTOS, 10E ARENOSO. 41211-825 Salvador - BA.
29415330;ESCOLA CAPELA SAO JOSE - ASSOCIACAO EDUCATIVA E CULTURAL MARIA EMILIA;-12.98752690;-38.49794180;infantil;privada;ativa;geral;sim;RUA PROF. ALOISIO DE CARVALHO FILHO, S/N ENGENHO VELHO DE BROTAS. 40240-560 Salvador - BA.
29460611;ESCOLA CASA VIA MAGIA LTDA;-13.00143000;-38.50043000;infantil|fundamental_i;privada;ativa;geral;nao;RUA HENRIQUETA MARTINS CATARINO, 123 FEDERACAO. 40230-101 Salvador - BA.
29455413;ESCOLA CASTELO DO SABER;-12.91919000;-38.47583000;infantil|fundamental_i;privada;ativa;geral;nao;RUA JOAO RODRIGUES MENDES, 280 E. LOBATO. 40471-265 Salvador - BA.
29463254;ESCOLA CLUBINHO DAS LETRAS;-13.00862000;-38.51028000;infantil|fundamental_i;privada;ativa;geral;nao;RUA BAEPENDI, 219 ONDINA. 40170-070 Salvador - BA.
29464005;ESCOLA COMUNITARIA AMPLIAR O CONHECIMENTO;-12.94843000;-38.44377000;infantil|fundamental_i;privada;ativa;geral;sim;RUA CARLOS FRAGA, 34 PREDIO. ARENOSO. 41211-060 Salvador - BA.
29385687;ESCOLA COMUNITARIA CONSTRUINDO A VIDA;-12.93462000;-38.48131000;infantil;privada;ativa;geral;sim;RUA LAFAYETE COUTINHO, 25 SAO CAETANO. 40390-000 Salvador - BA.
29459192;ESCOLA COMUNITARIA DO BATE FACHO;-12.96677670;-38.42902500;infantil;privada;ativa;geral;sim;RUA DA BOLANDEIRA, 90 IMBUI. 41720-440 Salvador - BA.
29385520;ESCOLA COMUNITARIA DOM SILVANO PIOVANELLI;-12.94066000;-38.48289000;infantil;privada;ativa;geral;nao;RUA ALMIRANTE TAMANDARE, 134 FAZENDA GRANDE DO RETIRO. 40357-430 Salvador - BA.
29392934;ESCOLA COMUNITARIA EDUCAR PARA LIBERTAR;-12.92471000;-38.49788000;infantil|fundamental_i;privada;ativa;geral;sim;RUA DOUTOR CAIO MARIO PEDREIRA FILHO, 144 MANGUEIRA. 40437-095 Salvador - BA.
29436648;ESCOLA COMUNITARIA FLOR DA PRIMAVERA;-12.93683790;-38.49394600;infantil;privada;ativa;geral;sim;TRAVESSA VINTE E OITO DE MAIO, 51 URUGUAI. 40450-745 Salvador - BA.
29392985;ESCOLA COMUNITARIA LIRIO DO VALE;-12.88005000;-38.47428000;infantil|fundamental_i;privada;ativa;geral;sim;RUA MADALENA PONTES MENDES, RIO SENA. 40716-410 Salvador - BA.
29392632;ESCOLA COMUNITARIA LUIZA MAHIN;-12.92892000;-38.49319000;infantil|fundamental_i;privada;ativa;geral;sim;RUA DO URUGUAY, 18 PRAC.SANTA LUZIA Q05. URUGUAI. 40450-210 Salvador - BA.
29463378;ESCOLA COMUNITARIA NOSSA SENHORA MEDIANEIRA;-12.82962000;-38.47092000;infantil;privada;ativa;geral;sim;RUA DO HAITI, 68 PARIPE. 40820-270 Salvador - BA.
29393930;ESCOLA COMUNITARIA NOVA CONSTITUINTE;-12.86161670;-38.46592870;infantil;privada;ativa;geral;sim;RUA NOVA CONSTITUINTE, 77 NOVA CONSTITUINTE. 40748-020 Salvador - BA.
29467519;ESCOLA COMUNITARIA PANAFRICANA MARIA GREGORIA DOS SANTOS;-12.92250000;-38.49889000;infantil|fundamental_i;privada;ativa;geral;sim;RUA LELLIS PIEDADE, 61 CASA. RIBEIRA. 40420-190 Salvador - BA.
29440742;ESCOLA COMUNITARIA PRIMEIROS PASSOS;-12.92384000;-38.44683000;infantil;privada;ativa;geral;sim;TRAVESSA SAO JOSE DE PAU DA LIMA, 78 PAU DA LIMA. 41235-490 Salvador - BA.
29392543;ESCOLA COMUNITARIA RIO NILO;-12.88267000;-38.46759000;infantil;privada;ativa;geral;sim;RUA RIO NILO, RIO SENA. 40716-135 Salvador - BA.
29392608;ESCOLA COMUNITARIA SANTO ANTONIO;-12.86755750;-38.46936490;infantil;privada;ativa;geral;sim;TRAVESSA DA JAQUEIRA, PERIPERI. 40727-845 Salvador - BA.
29392527;ESCOLA COMUNITARIA SAO MIGUEL FAZENDA COUTOS III;-12.84828042;-38.46196530;infantil;privada;ativa;geral;sim;RUA C QUADRA 75, 118 E FAZENDA COUTOS III. 40731-480 Salvador - BA.
29470307;ESCOLA COMUNITARIA SEMEANDO A ESPERANCA;-12.93705400;-38.48850070;infantil;privada;ativa;geral;nao;RUA DOM LUIZ DE VASCONCELOS, 14 TERREO. SAO CAETANO. 40391-180 Salvador - BA.
29392705;ESCOLA COMUNITARIA SEMENTE DA LIBERTACAO;-12.85876660;-38.46847000;infantil;privada;ativa;geral;sim;2ª TRAVESSA LIGIA BONFIM, PERIPERI. 40728-890 Salvador - BA.
29427819;ESCOLA COMUNITARIA VINTE DE NOVEMBRO;-12.83161000;-38.47196000;infantil;privada;ativa;geral;sim;RUA ROCHA MIRANDA, 155-D PARIPE. 40830-710 Salvador - BA.
29473128;ESCOLA CONCEPT;-12.94547377;-38.38410925;infantil|fundamental_i|fundamental_ii;privada;ativa;geral;nao;AVENIDA ORLANDO GOMES, 1094 PIATA. 41650-010 Salvador - BA.
29451191;ESCOLA CORDEIRINHO DO CEU;-12.94130000;-38.47868000;infantil|fundamental_i;privada;ativa;geral;nao;AVENIDA BAHIA, 40 A FUNDO. FAZENDA GRANDE DO RETIRO. 40352-350 Salvador - BA.
29449200;ESCOLA CRECHE COMUNITARIA MG;-12.94137000;-38.45315000;infantil;privada;ativa;geral;sim;VILA DOIS IRMAOS, 12 1 ANDAR. ESTRADA DAS BARREIRAS. 41195-000 Salvador - BA.
29438551;ESCOLA CRECHE FELICIDADE;-12.93350000;-38.43585000;infantil;privada;ativa;geral;sim;RUA BARBALHO, NOVA SUSSUARANA. 41216-190 Salvador - BA.
29854776;ESCOLA CRECHE GENTE DO FUTURO;-13.00189605;-38.48032253;infantil;privada;ativa;geral;sim;2ª TRAVESSA SAO BENEDITO, 155 CHAPADA DO RIO VERMELHO. 41928-166 Salvador - BA.
29459818;ESCOLA CRECHE LAR FELIZ;-12.91091590;-38.44201455;infantil|fundamental_i;privada;ativa;geral;sim;RUA DIRETA DO YPIRANGA, 264E VILA CANARIA. 41390-800 Salvador - BA.
29450098;ESCOLA CRECHE RODA GIGANTE;-12.93630000;-38.43467000;infantil|fundamental_i;privada;ativa;geral;nao;RUA RUBENS ZARDIVAL, 77 NOVA SUSSUARANA. 41216-720 Salvador - BA.
29464340;ESCOLA CRESCA E APARECA LTDA;-13.01109000;-38.49003000;infantil|fundamental_i;privada;ativa;geral;nao;RUA ILHEUS, 281 RIO VERMELHO. 41940-570 Salvador - BA.
29197252;ESCOLA CRIACAO;-12.99061000;-38.45582000;infantil|fundamental_i|fundamental_ii;privada;ativa;geral;nao;AV. PAULO VI,, 1425 PITUBA. 41810-000 Salvador - BA.
29840740;ESCOLA DA ASSOCIACAO EDUCACIONAL SALVA DOR;-13.00798410;-38.51160710;infantil;privada;ativa;geral;nao;RUA ALTO DE SAO LAZARO, 69-E ALTO DE SAO LAZARO. FEDERACAO. 40210-720 Salvador - BA.
29981778;ESCOLA DE DANCA DA FUNDACAO CULTURAL DO ESTADO DA BAHIA;-12.97364000;-38.50974000;;estadual;ativa;geral;nao;RUA DA ORACAO, 001 CENTRO HISTORICO. CENTRO HISTORICO. 40026-098 Salvador - BA.
29184894;ESCOLA DE EDUCACAO BASICA E PROFISSIONAL FUNDACAO BRADESCO;-12.89507875;-38.40893949;infantil|fundamental_i|fundamental_ii;privada;ativa;geral;nao;AVENIDA ENGENHEIRO RAYMUNDO CARLOS NERY, 818 CAJAZEIRAS. 41340-280 Salvador - BA.
29435285;ESCOLA DOM PEDRO I;-13.01113000;-38.47565000;fundamental_i|fundamental_ii;privada;ativa;geral;sim;RUA ELENITA, 41 NORDESTE. 41905-135 Salvador - BA.
29191637;ESCOLA DONA JENNY GOMES;-12.94969000;-38.37197000;fundamental_ii;estadual;ativa;geral;nao;VILA MILITAR DA AERONAUTICA, 00223 ITAPUA. 41610-120 Salvador - BA.
29191645;ESCOLA DORILANDIA LTDA;-13.00964000;-38.51283000;infantil|fundamental_i;privada;ativa;geral;nao;AVENIDA OCEANICA, 2233 ONDINA. 40170-010 Salvador - BA.
29469740;ESCOLA E CRECHE CRISTAL LUZ;-12.86887646;-38.46830439;infantil|fundamental_i;privada;ativa;geral;nao;RUA DA AREIA, PERIPERI. 40727-800 Salvador - BA.
29404843;ESCOLA EDUCRIARTE LTDA;-12.92439000;-38.50113000;fundamental_i|fundamental_ii;privada;ativa;geral;nao;RUA RAFAEL UCHOA, 60E MASSARANDUBA. 40435-590 Salvador - BA.
29358140;ESCOLA ESTADUAL ANISIO TEIXEIRA CLASSE VI TEMPO INTEGRAL;-12.96103000;-38.49525000;fundamental_ii;estadual;ativa;geral;nao;LADEIRA DO PAIVA, 40 CAIXA DAGUA. 40313-430 Salvador - BA.
29189950;ESCOLA ESTADUAL CASTRO ALVES;-12.94187000;-38.50223000;fundamental_ii;estadual;ativa;geral;nao;RUA BARAO DE COTEGIPE, 00153 CALCADA. 40411-001 Salvador - BA.
29188784;ESCOLA ESTADUAL DEPUTADO NAOMAR ALCANTARA TEMPO INTEGRAL;-12.89253000;-38.42069000;fundamental_ii;estadual;ativa;geral;nao;CONJ REMANESCENTE, CAJAZEIRAS V. 41311-237 Salvador - BA.
29191572;ESCOLA ESTADUAL DOM AVELAR BRANDAO VILELA;-12.93973000;-38.48011000;fundamental_ii;estadual;ativa;geral;nao;RUA MELO MORAIS FILHO, 00410 FAZENDA GRANDE DO RETIRO. 40350-000 Salvador - BA.
29193656;ESCOLA ESTADUAL MARIA ROMANA CALMON;-12.98817000;-38.50060000;fundamental_ii;estadual;ativa;geral;nao;RUA ALMIRANTE ALVES CAMARA, 114 ENGENHO VELHO DE BROTAS. 40243-000 Salvador - BA.
29186749;ESCOLA ESTADUAL OCRIDALINA MADUREIRA TEMPO INTEGRAL;-12.92829000;-38.49761000;fundamental_ii;estadual;ativa;geral;nao;RUA LOPES TROVAO, 113 MASSARANDUBA. 40435-000 Salvador - BA.
29187877;ESCOLA ESTADUAL PIERRE VERGER;-12.94721000;-38.49069000;fundamental_ii;estadual;ativa;geral;nao;DA LIBERDADE, 397 LIBERDADE. 40368-185 Salvador - BA.
29183839;ESCOLA ESTADUAL PROFESSORA ARMANDINA MARQUES;-12.91821000;-38.44261000;fundamental_ii;estadual;ativa;geral;nao;CAPITAO THEOGENES SOUZA BULCAO, 23 PAU DA LIMA. 41235-160 Salvador - BA.
29185408;ESCOLA ESTADUAL PROFESSORA MARIINHA TAVARES TEMPO INTEGRAL;-12.97146000;-38.47053000;fundamental_ii;estadual;ativa;geral;nao;RUA PIRAPORA, PERNAMBUES. 41100-260 Salvador - BA.
29186552;ESCOLA ESTADUAL PROFESSORA NATALIA VINHAES TEMPO INTEGRAL;-12.94909000;-38.47666000;fundamental_ii;estadual;ativa;geral;nao;RUA DIVA PIMENTEL, 01259 SAN MARTIN. 40354-222 Salvador - BA.
29188431;ESCOLA ESTADUAL TEODORO SAMPAIO TEMPO INTEGRAL;-12.90145000;-38.46496000;fundamental_ii;estadual;ativa;geral;nao;RUA 8 NOVEMBRO, 300 PIRAJA. 41290-330 Salvador - BA.
29185424;ESCOLA EXPERIMENTAL;-12.97177000;-38.49071000;infantil|fundamental_i;privada;ativa;geral;nao;RUA INHUMA, 98 VILA LAURA. 40270-040 Salvador - BA.
29396565;ESCOLA FILADELFIA;-12.83212562;-38.47715528;infantil|fundamental_i|fundamental_ii;privada;ativa;geral;nao;RUA 28 DE MARCO, 60 PARIPE. 40810-660 Salvador - BA.
29455162;ESCOLA FLORA ENCANTADA;-12.91444500;-38.44499000;infantil|fundamental_i;privada;ativa;geral;nao;VILA SAO JOSE, 57 E. VILA CANARIA. 41390-320 Salvador - BA.
29462258;ESCOLA FONTE DE LUZ;-12.85975670;-38.42192780;infantil|fundamental_ii;privada;ativa;geral;nao;RUA JOSE RAMOS CORDEIRO, 50 PALESTINA. 41308-061 Salvador - BA.
29452112;ESCOLA FORMACAO INFANTIL;-12.86604510;-38.43227490;infantil|fundamental_i;privada;ativa;geral;sim;RUA JOSE RAMOS SANTOS, 80 E. VALERIA. 41300-280 Salvador - BA.
29450586;ESCOLA FRANCA SANTOS;-12.92013500;-38.48191333;infantil|fundamental_i;privada;ativa;geral;nao;AVENIDA SAO JOSE, 32 LOBATO. 40470-374 Salvador - BA.
29182417;ESCOLA GENESIS COSTA AZUL EIRELI;-12.99618000;-38.44882000;infantil|fundamental_i;privada;ativa;geral;nao;RUA DR. BOUREAU, 230 COSTA AZUL. 41760-050 Salvador - BA.
29448808;ESCOLA GENESIS DE STELLA MARIS;-12.93754000;-38.33302000;infantil|fundamental_i|fundamental_ii;privada;ativa;geral;nao;RUA CAPITAO MELO, 185 STELLA MARIS. 41600-610 Salvador - BA.
29471761;ESCOLA GENTE INOCENTE;-12.97568667;-38.48821000;infantil;privada;ativa;geral;nao;RUA LUIS ANSELMO, 135, 135 LUIS ANSELMO. 40260-485 Salvador - BA.
29343356;ESCOLA GERACAO DEZ LTDA - ME;-12.99036000;-38.49242000;infantil|fundamental_i;privada;ativa;geral;nao;RUA OTACILIO SANTOS, 19 ACUPE DE BROTAS. 40285-840 Salvador - BA.
29192692;ESCOLA GIRASSOL;-12.99647000;-38.46039000;infantil|fundamental_i;privada;ativa;geral;nao;RUA SILVIO VALENTE, 384 ITAIGARA. 41815-370 Salvador - BA.
29479819;ESCOLA GIRASSOL HORTO;-13.00542821;-38.49063027;infantil;privada;ativa;geral;nao;RUA ESTACIO GONZAGA, 107 HORTO FLORESTAL. 40295-020 Salvador - BA.
29192862;ESCOLA INOVACAO;-12.90369860;-38.42834440;infantil|fundamental_i|fundamental_ii;privada;ativa;geral;nao;RUA OTONIEL CAMPOS BARRETO, 16 3ª ETAPA. CASTELO BRANCO. 41321-590 Salvador - BA.
29191513;ESCOLA JESUS CRISTO;-12.91976000;-38.44302000;;estadual;paralisada;geral;nao;RUA JAIME VIEIRA LIMA, 104 PAU DA LIMA. 41235-000 Salvador - BA.
29446708;ESCOLA JOAO BOLINHA;-12.89427000;-38.48039000;infantil|fundamental_i;privada;ativa;geral;sim;RUA ALTO DO LUSO, S/N QUADRA D LOTE 20. PLATAFORMA. 40718-220 Salvador - BA.
29468922;ESCOLA LABORATORIO ESCOLAB COUTOS;-12.84980900;-38.47503770;;municipal;ativa;sem_escolarizacao;nao;RUA DA LAGOA, SN COUTOS. 40732-010 Salvador - BA.
29472881;ESCOLA LABORATORIO ESCOLAB SUBURBIO;-12.85796470;-38.45929830;;municipal;ativa;sem_escolarizacao;nao;RUA DA PAZ, SN NOVA CONSTITUINTE. 40748-555 Salvador - BA.
29375118;ESCOLA LAPIS DE COR LTDA;-12.99118021;-38.45322400;infantil|fundamental_i;privada;ativa;geral;nao;RUA MIGUEL NAVARRO Y CANIZARS, 20 PITUBA. 41810-215 Salvador - BA.
29466490;ESCOLA LEAO DE JUDA;-12.90891933;-38.42816513;infantil|fundamental_i|fundamental_ii;privada;ativa;geral;nao;RUA DA BARRAGEM, 10 SETE DE ABRIL. 7 DE ABRIL. 41385-310 Salvador - BA.
29450306;ESCOLA LEILIANY;-12.88247000;-38.46973000;infantil|fundamental_i;privada;ativa;geral;nao;RUA ROBERTO VEIGA LIMA, 695 RIO SENA. 40716-145 Salvador - BA.
29449537;ESCOLA LINDEMBERG SANTOS;-12.90723380;-38.35633420;infantil|fundamental_i;privada;ativa;geral;sim;RUA DOIS DE JULHO, 33 SAO CRISTOVAO. 41500-270 Salvador - BA.
29375126;ESCOLA LUA NOVA - CENTRO DE ESTUDOS;-12.99173000;-38.45759000;infantil|fundamental_i;privada;ativa;geral;nao;RUA GUILLARD MUNIZ, 399 PITUBA. 41810-110 Salvador - BA.
29454980;ESCOLA LUZ DIVINA;-12.93327955;-38.47712034;infantil|fundamental_i|fundamental_ii;privada;ativa;geral;sim;ESTRADA DE CAMPINAS, 445 SAO CAETANO. 40391-160 Salvador - BA.
29193630;ESCOLA MARIA MONTESSORI LTDA;-12.96300000;-38.49855000;infantil|fundamental_i;privada;ativa;geral;nao;RUA CLINIO DE JESUS, 500 LOTEAMENTO LANAT. BARBALHO. 40301-200 Salvador - BA.
29193710;ESCOLA MARISSOL LTDA;-12.92325740;-38.44171730;infantil|fundamental_i|fundamental_ii;privada;ativa;geral;nao;RUA SAO DOMINGOS, 15 PAU DA LIMA. 41235-605 Salvador - BA.
29186170;ESCOLA MEDALHA MILAGROSA;-13.01057000;-38.49360000;infantil|fundamental_i|fundamental_ii;privada;ativa;geral;nao;TRAVESSA LIDIO DE MESQUITA 66 RIO VERMELHO, RIO VERMELHO. 41950-420 Salvador - BA.
29452120;ESCOLA MEIRE SILENE;-12.93463000;-38.49373000;fundamental_i;privada;ativa;geral;nao;RUA JOSE GERALDO VELOSO GORDILHO, 164 URUGUAI. 40450-131 Salvador - BA.
29193869;ESCOLA MEU SEGUNDO LAR;-12.98948036;-38.50093329;infantil|fundamental_i;privada;ativa;geral;nao;RUA PADRE LUIZ FILGUEIRAS, 93 ENGENHO VELHO DE BROTAS. 40243-320 Salvador - BA.
29476119;ESCOLA MIMO DA CRIANCA;-12.91709667;-38.40841000;infantil|fundamental_i;privada;ativa;geral;nao;RUA DIRETA DE NOVA BRASILIA, 227 E NOVA BRASILIA. 41350-010 Salvador - BA.
29193915;ESCOLA MODELO EUNICE PALMA;-12.86664052;-38.47584506;infantil|fundamental_i;privada;ativa;geral;nao;RUA FREDERICO COSTA, 06 PERIPERI. 40727-070 Salvador - BA.
29993776;ESCOLA MODERNA SANTA IZABEL;-12.93653620;-38.43550190;fundamental_i;privada;ativa;geral;nao;RUA IVO RANGEL, 07 PREDIO ESCOLAR. NOVA SUSSUARANA. 41216-725 Salvador - BA.
29463025;ESCOLA MONTEIRO FILHO;-12.93928833;-38.35882167;infantil|fundamental_i;privada;ativa;geral;nao;TRAVESSA ALTO DO CRUZEIRO, 02 NOVA BRASILIA. ITAPUA. 41630-250 Salvador - BA.
29194016;ESCOLA MORANGUINHO E SUA TURMA;-13.00538440;-38.47545994;infantil|fundamental_i;privada;ativa;geral;sim;RUA ONZE DE NOVEMBRO, 524 SANTA CRUZ. 41925-010 Salvador - BA.
29404436;ESCOLA MUNICIPAL 15 DE OUTUBRO;-12.94667870;-38.47961600;fundamental_ii;municipal;ativa;geral;nao;RUA DO CALAFATE, 02 CALAFATE. FAZENDA GRANDE DO RETIRO. 40354-180 Salvador - BA.
29456274;ESCOLA MUNICIPAL 2 DE JULHO;-12.92980040;-38.40853780;fundamental_ii;municipal;ativa;geral;nao;RUA AYMORE MOREIRA, 9999 TROBOGY. 41745-028 Salvador - BA.
29404444;ESCOLA MUNICIPAL 22 DE ABRIL;-12.94531290;-38.44777430;fundamental_i;municipal;ativa;geral;nao;RUA BAHIA, SN TANCREDO NEVES. 41210-000 Salvador - BA.
29422434;ESCOLA MUNICIPAL 25 DE JULHO;-12.91711170;-38.35232560;fundamental_i;municipal;ativa;geral;nao;AVENIDA OSVALDO GORDILHO, 79 SAO CRISTOVAO. SAO CRISTOVAO. 41510-395 Salvador - BA.
29184088;ESCOLA MUNICIPAL ABRIGO FILHOS DO POVO;-12.94625600;-38.49049610;infantil|fundamental_i|fundamental_ii;municipal;ativa;geral;nao;RUA DO QUEIMADO, SN LIBERDADE. LIBERDADE. 40375-016 Salvador - BA.
29184096;ESCOLA MUNICIPAL ACELINO MAXIMIANO DA ENCARNACAO;-12.93044950;-38.44257890;fundamental_i|fundamental_ii;municipal;ativa;geral;nao;RUA FLAVIO CAVALCANTE, 57 SUSSUARANA. SUSSUARANA. 41214-490 Salvador - BA.
29188938;ESCOLA MUNICIPAL ADAUTO PEREIRA DE SOUZA;-12.91606140;-38.41063730;infantil|fundamental_i|fundamental_ii;municipal;ativa;geral;nao;RUA SAO JOSE, 171 RUA SANTO ANTONIO. NOVA BRASILIA. 41350-160 Salvador - BA.
29448913;ESCOLA MUNICIPAL ADILSON DE SOUZA GALLO;-12.89343840;-38.45955050;fundamental_i|fundamental_ii;municipal;ativa;geral;nao;RUA DA ROSAS, 01 PIRAJA. 41291-040 Salvador - BA.
29182069;ESCOLA MUNICIPAL ADROALDO RIBEIRO COSTA;-12.96311060;-38.46013490;fundamental_ii;municipal;ativa;geral;nao;RUA NOSSA SENHORA DO RESGATE, 909 909. RESGATE. 41152-000 Salvador - BA.
29188962;ESCOLA MUNICIPAL AFRANIO PEIXOTO;-12.91025350;-38.42555200;infantil|fundamental_i|fundamental_ii;municipal;ativa;geral;nao;RUA FELICIA, QUADRA C, 75 SETE DE ABRIL. SETE DE ABRIL. 41385-370 Salvador - BA.
29188989;ESCOLA MUNICIPAL AGNELO DE BRITO;-12.97829610;-38.43277600;fundamental_i;municipal;ativa;geral;nao;RUA MANOEL ALMEIDA PACHECO, 76 BOCA DO RIO. 41706-050 Salvador - BA.
29189004;ESCOLA MUNICIPAL AGRIPINIANO BARROS;-12.87241880;-38.47645780;infantil|fundamental_i;municipal;ativa;geral;nao;RUA PEDRO LOPES, 122 PRAIA GRANDE. PRAIA GRANDE. 40723-370 Salvador - BA.
29189071;ESCOLA MUNICIPAL ALFREDO AMORIM;-12.93670140;-38.49999640;fundamental_i|fundamental_ii;municipal;ativa;geral;nao;RUA JOSE GERALDO VELOSO GORDILHO, 36 URUGUAI. 40301-110 Salvador - BA.
29447607;ESCOLA MUNICIPAL ALLAN KARDEC;-12.96242750;-38.40672640;fundamental_ii;municipal;ativa;geral;nao;RUA LIMA BORGES, S/N AO LADO FARMACIA SAO. PATAMARES. 41741-572 Salvador - BA.
29184177;ESCOLA MUNICIPAL ALLAN KARDEC DE PIRAJA;-12.91839110;-38.44392610;infantil|fundamental_i;municipal;ativa;geral;nao;RUA MARECHAL DEODORO, 138 PAU DA LIMA. 41235-030 Salvador - BA.
29189110;ESCOLA MUNICIPAL ALMERINDA COSTA;-12.93783450;-38.49964160;infantil|fundamental_i|fundamental_ii;municipal;ativa;geral;nao;RUA VICENTE DA SILVA ALVES, 92 URUGUAI. URUGUAI. 40450-670 Salvador - BA.
29186285;ESCOLA MUNICIPAL ALMIRANTE ERNESTO DE MOURAO SA;-12.83339090;-38.46785240;fundamental_ii;municipal;ativa;geral;nao;RUA SAO CRISTOVAO, 290 PARIPE. PARIPE. 40820-180 Salvador - BA.
29189160;ESCOLA MUNICIPAL ALTO DE COUTOS;-12.85493400;-38.47071220;fundamental_i;municipal;ativa;geral;nao;RUA GOLAN, 85 ALTO DE COUTOS. COUTOS. 40732-250 Salvador - BA.
29189128;ESCOLA MUNICIPAL ALVARO DA FRANCA ROCHA;-12.95008800;-38.45941430;fundamental_i|fundamental_ii;municipal;ativa;geral;nao;RUA CIDADE DE CANUDOS, 189 TRAV DA FELICIDADE. ENGOMADEIRA. 41200-115 Salvador - BA.
29184207;ESCOLA MUNICIPAL ALVARO VASCONCELOS DA ROCHA;-12.85552650;-38.46636890;fundamental_i;municipal;ativa;geral;nao;TRAVESSA 2 DE JULHO DE COUTOS, 162 COUTOS. COUTOS. 40732-560 Salvador - BA.
29190231;ESCOLA MUNICIPAL AMAI PRO;-12.92519290;-38.47246010;infantil|fundamental_i;municipal;ativa;geral;nao;TRAVESSA MARCIA NEIVA, 42 PIRAJA. CAMPINAS DE PIRAJA. 41275-198 Salvador - BA.
29384613;ESCOLA MUNICIPAL AMELIA RODRIGUES;-12.98669570;-38.51013130;fundamental_ii;municipal;ativa;geral;nao;RUA AMPARO DO TORORO, 329 TORORO. TORORO. 40050-100 Salvador - BA.
29189217;ESCOLA MUNICIPAL ANA NERY;-13.01095870;-38.50007810;infantil|fundamental_i;municipal;ativa;geral;nao;AVENIDA OCEANICA, SN ALTO DA SEREIA. RIO VERMELHO. 41950-000 Salvador - BA.
29189233;ESCOLA MUNICIPAL ANDRE REBOUCAS;-12.90439310;-38.48555090;infantil|fundamental_i;municipal;ativa;geral;nao;RUA SA OLIVEIRA, 115 SAO JOAO DO CABRITO. PLATAFORMA. 40717-380 Salvador - BA.
29199093;ESCOLA MUNICIPAL ANFILOFIO DE CARVALHO;-12.86522390;-38.47690000;fundamental_i;municipal;ativa;geral;nao;RUA OSVALDO DEWAY, SN PERIPERI. PERIPERI. 40728-305 Salvador - BA.
29368111;ESCOLA MUNICIPAL ANJOS DE RUA;-12.94479320;-38.37794770;infantil|fundamental_i;municipal;ativa;geral;nao;RUA DESEMBARGADOR JOAO AZEVEDO CAVALCANTE, 1067 JARDIM PLACAFORD. 41650-020 Salvador - BA.
29184347;ESCOLA MUNICIPAL ANTONIO CARLOS MAGALHAES;-12.93505140;-38.47614140;infantil|fundamental_i;municipal;ativa;geral;nao;RUA ESPERANTO, 7 SAO CAETANO. SAO CAETANO. 40391-232 Salvador - BA.
29189292;ESCOLA MUNICIPAL ANTONIO EUZEBIO;-12.96535330;-38.47423800;fundamental_i;municipal;ativa;geral;nao;RUA CHRISTIANO BUYS, 573 ESCOLA. CABULA. 41151-120 Salvador - BA.
29384648;ESCOLA MUNICIPAL ANTONIO MARTINS DAMASCENO;-12.90562380;-38.42646050;fundamental_i;municipal;ativa;geral;nao;RUA ANTONIO MARTINS DAMASCENO, 117 CASTELO BRANCO. CASTELO BRANCO. 41320-875 Salvador - BA.
29189390;ESCOLA MUNICIPAL ARMANDO CARNEIRO DA ROCHA;-12.87425300;-38.47060300;fundamental_i;municipal;ativa;geral;nao;RUA DIRETA DO CRUZEIRO, 684 PRAIA GRANDE. PRAIA GRANDE. 40723-450 Salvador - BA.
29384532;ESCOLA MUNICIPAL ARTE E ALEGRIA;-12.91369530;-38.42368900;infantil|fundamental_i|fundamental_ii;municipal;ativa;geral;nao;3ª TRAVESSA JOSE TEIXEIRA, 79 VIA REGIONAL. NOVO MAROTINHO. 41388-105 Salvador - BA.
29186315;ESCOLA MUNICIPAL ARTUR DE SALES;-13.00203280;-38.47771430;infantil|fundamental_i;municipal;ativa;geral;nao;RUA ANTONIO CARLOS MAGALHAES, 393 SANTA CRUZ. 41927-235 Salvador - BA.
29184860;ESCOLA MUNICIPAL ASSISTENCIA SOCIAL SAO JOSE;-12.92884880;-38.48002990;infantil|fundamental_i|fundamental_ii;municipal;ativa;geral;nao;RUA PROMOTOR RAPOLD FILHO, 446 FORMIGA S CAETA. SAO CAETANO. 40390-265 Salvador - BA.
29190320;ESCOLA MUNICIPAL ASSISTENCIAL NOSSA SENHORA DE GUADALUPE;-12.93832520;-38.48540020;infantil|fundamental_i;municipal;ativa;geral;nao;TRAVESSA DO ORIENTE, 79 ALTO DO PERU. SAO CAETANO. 40391-745 Salvador - BA.
29189497;ESCOLA MUNICIPAL AUSTRICLIANO DE CARVALHO;-12.94312530;-38.48188880;fundamental_i;municipal;ativa;geral;nao;RUA CANDINHO FERNANDES, 49 FAZENDA GRANDE DO RETIRO. 40355-600 Salvador - BA.
29189543;ESCOLA MUNICIPAL BARBOSA RODRIGUES;-12.93036830;-38.47501540;infantil|fundamental_i;municipal;ativa;geral;nao;TRAVESSA VITAN, SAO CAETANO. SAO CAETANO. 40390-360 Salvador - BA.
29404592;ESCOLA MUNICIPAL BARBOSA ROMEO;-12.91262060;-38.35062970;fundamental_ii;municipal;ativa;geral;nao;RUA SAO PAULO, 145 SAO CRISTOVAO. 41500-110 Salvador - BA.
29189578;ESCOLA MUNICIPAL BATISTA DE SAN MARTIM;-12.93956760;-38.48820580;fundamental_i;municipal;ativa;geral;nao;AVENIDA GENERAL SAN MARTIN, 499 LARGO DO TANQUE. FAZENDA GRANDE DO RETIRO. 40349-025 Salvador - BA.
29184444;ESCOLA MUNICIPAL BATISTA DE SAO CAETANO;-12.93342230;-38.48022930;fundamental_i;municipal;ativa;geral;nao;RUA ARISTOTELES GOES, S/N SAO CAETANO. 40390-070 Salvador - BA.
29384605;ESCOLA MUNICIPAL BEATRIZ FARIAS;-12.88835310;-38.40483930;fundamental_i;municipal;ativa;geral;nao;RUA 2 DE JULHO, 70 BOCA DA MATA. FAZENDA GRANDE I. 41347-095 Salvador - BA.
29336686;ESCOLA MUNICIPAL BELA VISTA DO LOBATO;-12.90690460;-38.47184490;infantil|fundamental_i|fundamental_ii;municipal;ativa;geral;nao;RUA BEIJA-FLOR, 112 ALTO DO CABRITO. ALTO DO CABRITO. 40484-585 Salvador - BA.
29470048;ESCOLA MUNICIPAL BOSQUE DAS BROMELIAS;-12.88653790;-38.36294120;infantil|fundamental_i;municipal;ativa;geral;nao;RUA JOAQUIM FERREIRA, S/N JARDIM DAS MARGARIDAS. 41502-200 Salvador - BA.
29189675;ESCOLA MUNICIPAL BRIGADEIRO EDUARDO GOMES;-12.91109680;-38.35089730;fundamental_ii;municipal;ativa;geral;nao;RUA LAURO DE FREITAS, 01 SAO CRISTOVAO. SAO CRISTOVAO. 41500-190 Salvador - BA.
29194113;ESCOLA MUNICIPAL CABULA I;-12.94459880;-38.46089840;infantil|fundamental_i;municipal;ativa;geral;nao;PRACA MANOEL CLEMENTE FERREIRA, CJ. HABITACIONAL ANTONIO CARLOS MAGALHAES, 90 ESTRADA DAS BARREIRA. CABULA. 41195-215 Salvador - BA.
29179319;ESCOLA MUNICIPAL CAMPINAS DE PIRAJA;-12.91966530;-38.46879470;fundamental_ii;municipal;ativa;geral;nao;ESTRADA CAMPINAS PIRAJA, 2761 CAMPINAS DE PIRAJA. 41270-000 Salvador - BA.
29189810;ESCOLA MUNICIPAL CARDEAL DA SILVA;-12.96174310;-38.48635330;infantil|fundamental_i|fundamental_ii;municipal;ativa;geral;nao;RUA CONDE DE PORTO ALEGRE, S/N PAU MIUDO. 40310-893 Salvador - BA.
29434394;ESCOLA MUNICIPAL CARLOS MURION;-12.97040730;-38.41452550;fundamental_i;municipal;ativa;geral;nao;RUA BARRETO PEDROSO, 295 PITUACU. 41741-030 Salvador - BA.
29189845;ESCOLA MUNICIPAL CARMELITANA DO MENINO JESUS;-12.93058370;-38.49735970;fundamental_i|fundamental_ii;municipal;ativa;geral;nao;RUA GERALDO GORDILHO, S/N ATRAS DA FABRICA TEX. URUGUAI. 40450-131 Salvador - BA.
29184568;ESCOLA MUNICIPAL CASA DA AMIZADE;-13.00289700;-38.51778450;infantil|fundamental_i;municipal;ativa;geral;nao;RUA QUINTINO DE CARVALHO, 277 ONDINA. 40169-600 Salvador - BA.
29189900;ESCOLA MUNICIPAL CASA DA PROVIDENCIA;-12.97063200;-38.50607780;fundamental_i;municipal;ativa;geral;nao;RUA GOES CALMON, 59 SAUDE. SAUDE. 40045-170 Salvador - BA.
29189969;ESCOLA MUNICIPAL CECILIA MEIRELES;-12.90111850;-38.43428140;fundamental_i;municipal;ativa;geral;nao;RUA CECILIA MEIRELES, S/N SEGUNDA ETAPA. CASTELO BRANCO. 41320-675 Salvador - BA.
29189977;ESCOLA MUNICIPAL CECY ANDRADE;-12.90858530;-38.39239180;infantil|fundamental_i|fundamental_ii;municipal;ativa;geral;nao;ESTRADA DO COQUEIRO GRANDE, SN AO LADO COL TITANIA. FAZENDA GRANDE II. 41342-315 Salvador - BA.
29195527;ESCOLA MUNICIPAL CELIA NOGUEIRA;-12.91699960;-38.36488510;fundamental_i|fundamental_ii;municipal;ativa;geral;nao;RUA PROFESSOR PLINIO GARCEZ DE SENA, S/N SETOR C. MUSSURUNGA. 41481-000 Salvador - BA.
29179670;ESCOLA MUNICIPAL CENTRO COMUNITARIO FREI LEONIDAS MENEZES;-12.97273220;-38.45396810;infantil|fundamental_i|fundamental_ii;municipal;ativa;geral;nao;RUA SAO DOMINGOS, 43 ALTO DO CRUZEIRO. PERNAMBUES. 41110-610 Salvador - BA.
29190037;ESCOLA MUNICIPAL CENTRO SOCIAL MANGUEIRA;-12.92562260;-38.50290710;fundamental_i|fundamental_ii;municipal;ativa;geral;nao;TRAVESSA RUBEM AMORIM, 132 MASSARANDUBA. MANGUEIRA. 40437-170 Salvador - BA.
29181224;ESCOLA MUNICIPAL CENTRO SOCIAL NEUSA NERY;-13.00868530;-38.48383020;fundamental_i|fundamental_ii;municipal;ativa;geral;nao;RUA CATARGO, 44 SANTA CRUZ. 41930-058 Salvador - BA.
29432030;ESCOLA MUNICIPAL CID PASSOS;-12.84978660;-38.47490200;infantil;municipal;ativa;geral;nao;RUA DA LAGOA, 333 COUTOS. COUTOS. 40732-010 Salvador - BA.
29190061;ESCOLA MUNICIPAL CIDADE DE JEQUIE;-13.00093810;-38.50216730;fundamental_ii;municipal;ativa;geral;nao;AVENIDA CARDEAL DA SILVA, 152 FEDERACAO. 40231-250 Salvador - BA.
29184622;ESCOLA MUNICIPAL CIDADE VITORIA DA CONQUISTA;-12.94103570;-38.36540150;fundamental_i;municipal;ativa;geral;nao;RUA FERNANDO TORRES, 01 ITAPUA. 41635-470 Salvador - BA.
29184657;ESCOLA MUNICIPAL CLAUDEMIRA SANTOS LIMA;-12.79281245;-38.53236409;fundamental_i;municipal;ativa;geral;nao;RUA DO CEMITERIO DE MARE, S/N RUA DO CEMITERIO. SANTANA - ILHA DE MARE. 42500-084 Salvador - BA.
29198844;ESCOLA MUNICIPAL CLERISTON ANDRADE;-12.92642450;-38.43666400;fundamental_i|fundamental_ii;municipal;ativa;geral;nao;RUA DJALMA SANCHES, 106 SAO MARCOS. 41253-330 Salvador - BA.
29415004;ESCOLA MUNICIPAL COLINA DO MAR;-12.84769450;-38.47012850;fundamental_i;municipal;ativa;geral;nao;RUA JOSE DO PATROCINIO, 102 PARIPE. FAZENDA COUTOS. 40730-100 Salvador - BA.
29190240;ESCOLA MUNICIPAL COMUNITARIA CRISTO REDENTOR;-13.00523990;-38.48066750;infantil|fundamental_i;municipal;ativa;geral;nao;RUA DOUTOR ANTONIO CAVALCANTE, 19 SANTA CRUZ. 41928-146 Salvador - BA.
29190681;ESCOLA MUNICIPAL COMUNITARIA DA HISTARTE;-12.98895090;-38.48235610;fundamental_ii;municipal;ativa;geral;nao;RUA MIGUEL GUSTAVO 1A, S/N BROTAS. BROTAS. 40285-010 Salvador - BA.
29190258;ESCOLA MUNICIPAL COMUNITARIA DE CANABRAVA;-12.92539610;-38.41995150;fundamental_i|fundamental_ii;municipal;ativa;geral;nao;RUA ARTEMIO CASTRO VALENTE, 1252 CANABRAVA. CANABRAVA. 41260-300 Salvador - BA.
29190215;ESCOLA MUNICIPAL COMUNITARIA DE SANTA IZABEL;-12.93603970;-38.43516460;infantil|fundamental_i|fundamental_ii;municipal;ativa;geral;nao;RUA RUBENS ZARDIVAL, 49 SUSSUARANA. SUSSUARANA. 41216-720 Salvador - BA.
29377471;ESCOLA MUNICIPAL COMUNITARIA REGINA STUKENBORG;-12.91401970;-38.47190400;infantil|fundamental_i;municipal;ativa;geral;nao;3ª TRAVESSA DA RUA BOA VISTA, SN 3ª ENTRADA. MARECHAL RONDON. 41280-600 Salvador - BA.
29190282;ESCOLA MUNICIPAL CONEGO EMILIO LOBO;-12.93862020;-38.49001520;fundamental_i;municipal;ativa;geral;nao;RUA DO QUEIMADO, 17 LAPINHA. 40328-215 Salvador - BA.
29182816;ESCOLA MUNICIPAL CONJUNTO ASSISTENCIAL NOSSA SENHORA DE FATIMA;-13.00190260;-38.51462830;fundamental_i;municipal;ativa;geral;nao;RUA TEIXEIRA MENDES, SN ALTO DAS POMBAS. 40226-590 Salvador - BA.
29190371;ESCOLA MUNICIPAL CONSELHEIRO LUIZ ROGERIO;-12.90412070;-38.42877940;fundamental_i;municipal;ativa;geral;nao;RUA PEDRO DOMIENSE DE OLIVEIRA, 90 CASTELO BRANCO. CASTELO BRANCO. 41321-615 Salvador - BA.
29184789;ESCOLA MUNICIPAL CONSTANCA MEDEIROS;-12.93646940;-38.50003530;infantil|fundamental_i;municipal;ativa;geral;nao;LADEIRA DO PORTO DO BONFIM, 101 BAIXA DO BONFIM. BONFIM. 40415-325 Salvador - BA.
29198968;ESCOLA MUNICIPAL CONSUL SCHINDLER;-12.93340170;-38.47560970;infantil|fundamental_i;municipal;ativa;geral;nao;RUA ESPERANTO, 82 SAO CAETANO. 40391-232 Salvador - BA.
29184797;ESCOLA MUNICIPAL CORACAO DE JESUS;-12.93306280;-38.48779720;fundamental_i;municipal;ativa;geral;nao;RUA MAMORANA, 617 LOBATO. 40486-195 Salvador - BA.
29472822;ESCOLA MUNICIPAL CORACAO DE MARIA;-12.85118740;-38.38626100;infantil|fundamental_i;municipal;ativa;geral;nao;ESTRADA DAS PEDREIRAS, SN CASSANGE. 41505-130 Salvador - BA.
29190460;ESCOLA MUNICIPAL COSME DE FARIAS;-12.98203210;-38.51156810;infantil|fundamental_i;municipal;ativa;geral;nao;RUA GALDINO FRANKLIM BANDEIRA, 59 NAZARE LAPA. NAZARE. 40040-475 Salvador - BA.
29423040;ESCOLA MUNICIPAL CRIANCA FELIZ;-12.92418750;-38.46202560;infantil|fundamental_i;municipal;ativa;geral;nao;RUA VARSOVIA, 269 GRANJAS RURAIS PRESIDENTE VARGAS. 41230-025 Salvador - BA.
29415497;ESCOLA MUNICIPAL CRISTO E VIDA;-13.00217360;-38.48145910;infantil|fundamental_i;municipal;ativa;geral;nao;RUA ANTONIO CARLOS PEDREIRA, 01 SANTA CRUZ. 41928-194 Salvador - BA.
29336538;ESCOLA MUNICIPAL CRISTO REI;-12.89244990;-38.39362710;infantil|fundamental_i|fundamental_ii;municipal;ativa;geral;nao;RUA VEREADOR ZEZEU RIBEIRO, 1528 FAZENDA GRANDE II. 41347-000 Salvador - BA.
29181291;ESCOLA MUNICIPAL CSU DE PERNAMBUES;-12.96535680;-38.46480310;fundamental_i;municipal;ativa;geral;nao;RUA THOMAZ GONZAGA, 150 PERNAMBUES. 41100-000 Salvador - BA.
29198933;ESCOLA MUNICIPAL D ARLETE MAGALHAES;-12.90326690;-38.44069560;fundamental_ii;municipal;ativa;geral;nao;RUA VITORINO ALVES MOITINHO, 194 1ª ETAPA. CASTELO BRANCO. 41320-600 Salvador - BA.
29191599;ESCOLA MUNICIPAL D EUGENIO DE ARAUJO SALES;-12.86606090;-38.47470970;infantil;municipal;ativa;geral;nao;RUA AMBROSIO CALMON, S/N PERIPERI. PERIPERI. 40728-180 Salvador - BA.
29184851;ESCOLA MUNICIPAL D ISABEL BRANDAO VILELA;-12.90340670;-38.44912080;fundamental_i;municipal;ativa;geral;nao;RUA DAS PAULINAS, 311 DOM AVELAR. DOM AVELAR. 41315-150 Salvador - BA.
29190665;ESCOLA MUNICIPAL D PEDRO I;-12.83907180;-38.46941650;fundamental_i;municipal;ativa;geral;nao;RUA JOAO MARTINS, 40 PRACA DE PARIPE. PARIPE. 40820-120 Salvador - BA.
29199808;ESCOLA MUNICIPAL DA CIDADE NOVA;-12.95962580;-38.48375690;infantil|fundamental_i|fundamental_ii;municipal;ativa;geral;nao;RUA WANDERLEI ALMEIDA, 19 CIDADE NOVA. CIDADE NOVA. 40313-390 Salvador - BA.
29194156;ESCOLA MUNICIPAL DA ENGOMADEIRA;-12.95018290;-38.46059260;fundamental_i|fundamental_ii;municipal;ativa;geral;nao;RUA DA ENGOMADEIRA, 53 SEM COMPLEMENTO. ENGOMADEIRA. 41200-005 Salvador - BA.
29194202;ESCOLA MUNICIPAL DA PALESTINA;-12.86665030;-38.42379410;fundamental_i|fundamental_ii;municipal;ativa;geral;nao;RUA DA PALESTINA, 177 PALESTINA. PALESTINA. 41308-025 Salvador - BA.
29425840;ESCOLA MUNICIPAL DARCY RIBEIRO;-12.84818240;-38.45238890;fundamental_i;municipal;ativa;geral;nao;RUA SALVADOR, 246 S/N. NOVA BRASILIA DE VALERIA. 41307-400 Salvador - BA.
29199956;ESCOLA MUNICIPAL DE BANANEIRA;-12.75604050;-38.51777540;infantil|fundamental_i|fundamental_ii;municipal;ativa;geral;nao;RUA DA BANANEIRA, S/N BANANEIRAS - ILHA DE MARE. 42500-500 Salvador - BA.
29470390;ESCOLA MUNICIPAL DE BOM JESUS;-12.75629280;-38.63923870;infantil|fundamental_i;municipal;ativa;geral;nao;RUA DA FONTE NOVA, S/N FONTE NOVA. FONTE NOVA - ILHA DE BOM JESUS DOS PASSOS. 42510-160 Salvador - BA.
29191289;ESCOLA MUNICIPAL DE BOTELHO;-12.79119400;-38.51037370;infantil|fundamental_i|fundamental_ii;municipal;ativa;geral;nao;TRAVESSA DO BOTELHO DE MARE, SN BOTELHO. ENGENHO DE MARE - ILHA DE MARE. 42500-350 Salvador - BA.
29194210;ESCOLA MUNICIPAL DE CAJAZEIRAS XI;-12.88789540;-38.41306220;fundamental_i|fundamental_ii;municipal;ativa;geral;nao;CAMINHO 20-QUADRA C, 419 SEM COMPLEMENTO. CAJAZEIRAS XI. 41341-530 Salvador - BA.
29186340;ESCOLA MUNICIPAL DE CANABRAVA;-12.92379420;-38.42182270;fundamental_i;municipal;ativa;geral;nao;RUA ARTEMIO CASTRO VALENTE, 1496 CANABRAVA. CANABRAVA. 41260-300 Salvador - BA.
29435331;ESCOLA MUNICIPAL DE CASTELO BRANCO;-12.90616140;-38.43794280;fundamental_i;municipal;ativa;geral;nao;RUA SEIS QUADRA 12 3ª ETAPA, SETOR 1 CASTELO BRANCO. CASTELO BRANCO. 41320-310 Salvador - BA.
29194237;ESCOLA MUNICIPAL DE FAZENDA COUTOS;-12.84800970;-38.45890640;fundamental_ii;municipal;ativa;geral;nao;ALAMEDA ALMIRANTE MARQUES DE LEAO, 465 FAZENDA COUTOS III. FAZENDA COUTOS. 40730-295 Salvador - BA.
29186536;ESCOLA MUNICIPAL DE ILHA DE MARE;-12.77408259;-38.53033282;infantil|fundamental_i|fundamental_ii;municipal;ativa;geral;nao;RUA DA CAIEIRA, SN PRAIA GRANDE - ILHA DE MARE. 42500-710 Salvador - BA.
29336554;ESCOLA MUNICIPAL DE ITACARANHA MANOEL FAUSTINO;-12.89916420;-38.48907340;fundamental_i|fundamental_ii;municipal;ativa;geral;nao;RUA JOAO CARMO SOUZA, 72 ITACARANHA. ITACARANHA. 40713-070 Salvador - BA.
29415802;ESCOLA MUNICIPAL DE NOVA ESPERANCA PROFESSOR ARX TOURINHO;-12.83299590;-38.37608910;fundamental_i|fundamental_ii;municipal;ativa;geral;nao;RUA CASTRO ALVES, 08 CEPEL. CEASA. 41402-400 Salvador - BA.
29194253;ESCOLA MUNICIPAL DE NOVA SUSSUARANA;-12.94013410;-38.43458640;;municipal;extinta;geral;nao;RUA DAS MANGUEIRAS, 7 SEM COMPLEMENTO. SUSSUARANA. 41216-720 Salvador - BA.
29194881;ESCOLA MUNICIPAL DE NOVO HORIZONTE;-12.94266780;-38.43832520;infantil|fundamental_i|fundamental_ii;municipal;ativa;geral;nao;RUA ALBINO FERNANDES, S/N NOVO HORIZONTE. 41215-770 Salvador - BA.
29194466;ESCOLA MUNICIPAL DE NOVO MAROTINHO;-12.91544260;-38.42530100;infantil|fundamental_i;municipal;ativa;geral;nao;AVENIDA ALIOMAR BALEEIRO, SN NOVO MAROTINHO. NOVO MAROTINHO. 41350-100 Salvador - BA.
29194261;ESCOLA MUNICIPAL DE PARIPE;-12.84214030;-38.46773000;fundamental_i|fundamental_ii;municipal;ativa;geral;nao;RUA NOSSA SENHORA APARECIDA, 53 PARIPE. PARIPE. 40800-025 Salvador - BA.
29194270;ESCOLA MUNICIPAL DE PERIPERI;-12.87003430;-38.47372050;fundamental_ii;municipal;ativa;geral;nao;RUA ROSALVO BARBOSA ROMEU, 319 PERIPERI. PERIPERI. 40727-110 Salvador - BA.
29194288;ESCOLA MUNICIPAL DE PERNAMBUES;-12.97287680;-38.45511590;infantil|fundamental_i;municipal;ativa;geral;nao;AVENIDA SAO PAULO, SN PERNAMBUES. PERNAMBUES. 41100-305 Salvador - BA.
29194296;ESCOLA MUNICIPAL DE PITUACU;-12.96786520;-38.41522820;fundamental_ii;municipal;ativa;geral;nao;RUA JOAO PAULO II, SN PITUACU. 41741-140 Salvador - BA.
29199921;ESCOLA MUNICIPAL DE SANTANA;-12.78820900;-38.51128510;infantil;municipal;ativa;geral;nao;AVENIDA BEIRA MAR DE MARE, 6 SANTANA. SANTANA - ILHA DE MARE. 42500-004 Salvador - BA.
29186374;ESCOLA MUNICIPAL DE SAO CRISTOVAO;-12.91272920;-38.35008850;fundamental_i;municipal;ativa;geral;nao;RUA POCO VERDE, SN SAO CRISTOVAO. 41510-510 Salvador - BA.
29196850;ESCOLA MUNICIPAL DEPUTADO CRISTOVAO FERREIRA;-12.88530190;-38.48317160;infantil|fundamental_i;municipal;ativa;geral;nao;AV. AFRANIO PEIXOTO, 1878 ITACARANHA. ITACARANHA. 40713-315 Salvador - BA.
29192269;ESCOLA MUNICIPAL DEPUTADO GERSINO COELHO;-12.95734420;-38.44374040;fundamental_i|fundamental_ii;municipal;ativa;geral;nao;TRAVESSA FERNANDO DE SAO PAULO, 126 CABULA. DORON. 41194-117 Salvador - BA.
29189470;ESCOLA MUNICIPAL DESPORTIVA SANTA RITA;-12.96941360;-38.49475220;infantil|fundamental_i;municipal;ativa;geral;nao;LARGO SANTA RITA, 51 MATATU. 40255-580 Salvador - BA.
29181283;ESCOLA MUNICIPAL DO ALTO DA CACHOEIRINHA NELSON MALEIRO;-12.95436500;-38.44021040;infantil|fundamental_i;municipal;ativa;geral;nao;ESTRADA DA CACHOEIRINHA, SN CABULA VI. 41181-057 Salvador - BA.
29194326;ESCOLA MUNICIPAL DO BEIRU;-12.94784340;-38.44146720;fundamental_i|fundamental_ii;municipal;ativa;geral;nao;RUA LUCIANO SANTOS, S/N BEIRU. ARENOSO. 41211-025 Salvador - BA.
29449235;ESCOLA MUNICIPAL DO CALAFATE;-12.94524650;-38.47873900;fundamental_i;municipal;ativa;geral;nao;RUA DIRETA DO CALAFATE, 151 - E FAZENDA GRANDE DO RE. FAZENDA GRANDE DO RETIRO. 40354-100 Salvador - BA.
29413761;ESCOLA MUNICIPAL DO PARQUE SAO CRISTOVAO PROFESSOR JOAO FERNANDES DA CUNHA;-12.90878300;-38.36684640;fundamental_i;municipal;ativa;geral;nao;RUA DOUTOR ALVARO PONTES BAHIA, 157 SAO CRISTOVAO. 41510-229 Salvador - BA.
29336317;ESCOLA MUNICIPAL DO PAU MIUDO;-12.95395440;-38.48657540;fundamental_i|fundamental_ii;municipal;ativa;geral;nao;RUA VINTE DE AGOSTO, SN PAU MIUDO. PAU MIUDO. 40310-000 Salvador - BA.
29191548;ESCOLA MUNICIPAL DO PESCADOR;-12.93686390;-38.37026840;fundamental_i|fundamental_ii;municipal;ativa;geral;nao;RUA RAFAEL PASTORE NETO, 340 COND COLINA DA FONTE. ITAPUA. 41640-280 Salvador - BA.
29384567;ESCOLA MUNICIPAL DOIS DE JUNHO;-12.89819720;-38.43003100;infantil|fundamental_i;municipal;ativa;geral;nao;RUA SILVIO LEAL, 105 CAJAZEIRAS V I. CAJAZEIRAS VI. 41336-525 Salvador - BA.
29190800;ESCOLA MUNICIPAL DORIVAL CAYMMI;-12.94022940;-38.36292070;fundamental_i|fundamental_ii;municipal;ativa;geral;nao;RUA ALVARO BAQUEIRO, 01 ITAPUA. NOVA BRASILIA DE ITAPUA. 41630-080 Salvador - BA.
29184320;ESCOLA MUNICIPAL DR ANTONIO CARLOS MAGALHAES;-12.75859650;-38.64002780;fundamental_ii;municipal;ativa;geral;nao;PRACA COMENDADOR NEIVA, 0 B. JESUS DOS PASSOS. COMENDADOR NEIVA - ILHA DE BOM JESUS DOS PASSOS. 42510-005 Salvador - BA.
29191696;ESCOLA MUNICIPAL DR EDUARDO DOTO;-12.87150240;-38.47740790;infantil|fundamental_i;municipal;ativa;geral;nao;RUA PEDRO DOS REIS GORDILHO, 335 PRAIA GRANDE. PRAIA GRANDE. 40727-010 Salvador - BA.
29432170;ESCOLA MUNICIPAL DR FERNANDO MONTANHA PONDE;-13.00855930;-38.50162120;infantil|fundamental_i;municipal;ativa;geral;nao;RUA DO CORTE GRANDE, 160 ALTO DE ONDINA. RIO VERMELHO. 41950-260 Salvador - BA.
29193524;ESCOLA MUNICIPAL DR MARCOS VINICIUS VILACA;-12.95853120;-38.48104500;infantil|fundamental_i;municipal;ativa;geral;nao;VILA ANTONIO BALBINO, 78 ENT BARROS REIS. IAPI. 40330-695 Salvador - BA.
29438373;ESCOLA MUNICIPAL DR ORLANDO IMBASSAHY;-12.92817500;-38.43242770;infantil|fundamental_i|fundamental_ii;municipal;ativa;geral;nao;AVENIDA SAO RAFAEL, SN AO LADO TELEMAR. SAO MARCOS. 41253-190 Salvador - BA.
29185165;ESCOLA MUNICIPAL DR OTAVIANO PIMENTA;-12.82392420;-38.48337890;infantil|fundamental_i;municipal;ativa;geral;nao;TRAVESSA FLUMINENSE, 155 PROX POSTO DE SAUDE. SAO TOME. 40800-200 Salvador - BA.
29191742;ESCOLA MUNICIPAL DURVAL PINHEIRO;-12.88011020;-38.47504830;;municipal;extinta;geral;nao;RUA GETULIO VARGAS, SN ALTO DA TEREZINHA. ALTO DA TEREZINHA. 40712-475 Salvador - BA.
29191726;ESCOLA MUNICIPAL EDUARDO CAMPOS;-12.89046380;-38.43748200;fundamental_i|fundamental_ii;municipal;ativa;geral;nao;RUA DOUTOR JORGE COSTA ANDRADE, S/N AGUAS CLARAS. AGUAS CLARAS. 41260-360 Salvador - BA.
29384583;ESCOLA MUNICIPAL EDUCADOR PAULO FREIRE;-12.94550230;-38.46805140;infantil|fundamental_i;municipal;ativa;geral;nao;TRAVESSA RIO BRANCO, 152 ARRAIAL DO RETIRO. ARRAIAL DO RETIRO. 41204-045 Salvador - BA.
29180066;ESCOLA MUNICIPAL ELOYNA BARRADAS;-12.92639500;-38.50316170;infantil|fundamental_i|fundamental_ii;municipal;ativa;geral;nao;RUA CLOVIS DE ALMEIDA MAIA, 04 RIBEIRA. RIBEIRA. 40421-080 Salvador - BA.
29358043;ESCOLA MUNICIPAL ELYSIO ATHAYDE;-12.89515010;-38.42123760;infantil|fundamental_i|fundamental_ii;municipal;ativa;geral;nao;QUADRA 06 CAMINHO 4, SN CAJAZEIRAS V. 41335-150 Salvador - BA.
29191670;ESCOLA MUNICIPAL ENGENHEIRO CARLOS BATALHA;-12.92377320;-38.47838170;infantil|fundamental_i;municipal;ativa;geral;nao;RUA DA ALEGRIA, 22 SAO CAETANO. BOA VISTA DE SAO CAETANO. 40386-020 Salvador - BA.
29191904;ESCOLA MUNICIPAL ENGENHEIRO GILBERTO PIRES MARINHO;-12.91892540;-38.47600040;fundamental_i|fundamental_ii;municipal;ativa;geral;nao;RUA TRANQUILINO MENDES, 364 PREDIO ESCOLAR. LOBATO. 40471-340 Salvador - BA.
29185262;ESCOLA MUNICIPAL EPAMINONDAS BERBERT CASTRO;-12.97121900;-38.46119580;fundamental_i;municipal;ativa;geral;nao;AVENIDA HILDA, 05 PERNAMBUES. PERNAMBUES. 41110-200 Salvador - BA.
29195535;ESCOLA MUNICIPAL ERALDO TINOCO MELO;-12.93416090;-38.44737840;fundamental_i|fundamental_ii;municipal;ativa;geral;nao;AVENIDA ULYSSES GUIMARAES, SN SUSSUARANA. 41213-000 Salvador - BA.
29423260;ESCOLA MUNICIPAL ESPERANCA DE VIVER;-12.90678320;-38.42995400;infantil|fundamental_i|fundamental_ii;municipal;ativa;geral;nao;RUA ALOISIO RIBEIRO, 326 CASTELO BARNCO. CASTELO BRANCO. 41321-050 Salvador - BA.
29194350;ESCOLA MUNICIPAL ESTHER FELIX DA SILVA;-12.84827630;-38.45971280;fundamental_i|fundamental_ii;municipal;ativa;geral;nao;ALAMEDA ALMIRANTE MARQUES DE LEAO, 491 FAZENDA COUTOS III. FAZENDA COUTOS. 40730-295 Salvador - BA.
29198852;ESCOLA MUNICIPAL EUGENIA ANNA DOS SANTOS;-12.94960830;-38.46533660;infantil|fundamental_i;municipal;ativa;geral;nao;RUA DE SAO GONCALO, 557 TERREIRO DE MAE STEL. SAO GONCALO. 41185-055 Salvador - BA.
29194172;ESCOLA MUNICIPAL FAZENDA GRANDE;-12.94333190;-38.47367410;fundamental_i;municipal;ativa;geral;nao;PRACA PRAZERES CALMON, 90 FAZ. GRANDE. FAZENDA GRANDE DO RETIRO. 40353-335 Salvador - BA.
29194385;ESCOLA MUNICIPAL FAZENDA GRANDE II MINISTRO CARLOS SANTANA;-12.89759310;-38.39929200;infantil|fundamental_i|fundamental_ii;municipal;ativa;geral;nao;RUA DOUTOR EDISON TEIXEIRA BARBOSA, 85 FAZENDA GRANDE II. 41342-165 Salvador - BA.
29190940;ESCOLA MUNICIPAL FERNANDO PRESIDIO;-12.83353520;-38.47591810;fundamental_i;municipal;ativa;geral;nao;2ª TRAVESSA BELA VISTA DE TUBARAO, 364 PARIPE. PARIPE. 40820-790 Salvador - BA.
29182832;ESCOLA MUNICIPAL FILHOS DE SALOMAO;-12.91881650;-38.46866770;infantil|fundamental_i;municipal;ativa;geral;nao;EST VELHA DE CAMPINAS S/N, S/N CAMPINAS DE PIRAJA. 41270-000 Salvador - BA.
29194393;ESCOLA MUNICIPAL FONTE DO CAPIM;-12.94182580;-38.48306270;infantil|fundamental_i;municipal;ativa;geral;nao;1ª TRAVESSA LIDIO DOS SANTOS, 83 1 TRAVESSA. FAZENDA GRANDE DO RETIRO. 40355-020 Salvador - BA.
29192536;ESCOLA MUNICIPAL FRANCISCA DE SANDE;-12.85217970;-38.46909540;infantil|fundamental_i;municipal;ativa;geral;nao;RUA MUNIZ TRAVASSO, 758 COUTOS. 40732-385 Salvador - BA.
29194130;ESCOLA MUNICIPAL FRANCISCO LEITE;-12.89762960;-38.43786610;infantil|fundamental_i|fundamental_ii;municipal;ativa;geral;nao;RUA CELIKA NOGUEIRA, 1214 AGUAS CLARAS. AGUAS CLARAS. 41310-200 Salvador - BA.
29192552;ESCOLA MUNICIPAL FRANCISCO MANGABEIRA;-12.93337840;-38.48296510;fundamental_i|fundamental_ii;municipal;ativa;geral;nao;AVENIDA NESTOR DUARTE, 833 SAO CAETANO. 40391-200 Salvador - BA.
29192625;ESCOLA MUNICIPAL GENERAL LABATUT;-12.90152320;-38.46484410;fundamental_i|fundamental_ii;municipal;ativa;geral;nao;RUA OITO DE NOVEMBRO, 383 RUA VELHA DE PIRAJA. PIRAJA. 41290-200 Salvador - BA.
29192676;ESCOLA MUNICIPAL GERALDO TAVARES;-12.92603100;-38.50198490;infantil|fundamental_i;municipal;ativa;geral;nao;RUA ANTONIO FRANCISCO BRANDAO, 07 ROMA. ROMA. 40444-020 Salvador - BA.
29200318;ESCOLA MUNICIPAL GISELIA PALMA;-12.94851800;-38.49193430;fundamental_i;municipal;ativa;geral;nao;RUA FRANCELINO DE ANDRADE, 67 LIBERDADE. LIBERDADE. 40325-720 Salvador - BA.
29190975;ESCOLA MUNICIPAL GOVERNADOR ROBERTO SANTOS;-12.95810770;-38.45434390;fundamental_i|fundamental_ii;municipal;ativa;geral;nao;RUA SILVEIRA MARTINS, S/N CABULA. 41150-000 Salvador - BA.
29199077;ESCOLA MUNICIPAL GRACILIANO RAMOS;-12.85506010;-38.46165860;fundamental_i;municipal;ativa;geral;nao;RUA FRANCO VELASCO, 641 ALTO DE COUTOS. VISTA ALEGRE. 40749-010 Salvador - BA.
29472830;ESCOLA MUNICIPAL GUERREIRA ZEFERINA;-12.86299595;-38.47918985;infantil;municipal;ativa;geral;nao;RUA ENGENHEIRO AGENOR DE FREITAS DE PERIPERI, SN PERIPERI. 40728-280 Salvador - BA.
29190657;ESCOLA MUNICIPAL HELENA MAGALHAES;-12.92596140;-38.47733070;fundamental_i|fundamental_ii;municipal;ativa;geral;nao;RUA 8 DE DEZEMBRO, 104 S/N. BOA VISTA DE SAO CAETANO. 40387-120 Salvador - BA.
29185530;ESCOLA MUNICIPAL HENRIQUETA MACHADO;-12.92766170;-38.50060190;fundamental_i;municipal;ativa;geral;nao;RUA SANTOS TITARA, 133 MASSARANDUBA. MASSARANDUBA. 40435-480 Salvador - BA.
29192803;ESCOLA MUNICIPAL HERCILIA MOREIRA;-13.01474590;-38.48784950;fundamental_i;municipal;ativa;geral;nao;RUA MONTE CONSELHO, 121 RIO VERMELHO. 41940-370 Salvador - BA.
29192811;ESCOLA MUNICIPAL HILBERTO SILVA;-12.93060500;-38.49742120;infantil|fundamental_i|fundamental_ii;municipal;ativa;geral;nao;1ª TRAVESSA SAO DOMINGOS, 126 BAIXA DO FISCAL. CALCADA. 40411-200 Salvador - BA.
29192838;ESCOLA MUNICIPAL HILDETE BAHIA DE SOUZA;-12.96891590;-38.46332130;fundamental_ii;municipal;ativa;geral;nao;RUA BOTUPORA, SN PERNAMBUES. PERNAMBUES. 41100-060 Salvador - BA.
29192846;ESCOLA MUNICIPAL HILDETE LOMANTO;-12.99396780;-38.51196610;infantil|fundamental_i|fundamental_ii;municipal;ativa;geral;nao;RUA PREDILIANO PITTA, 01 22. GARCIA. 40100-200 Salvador - BA.
29467926;ESCOLA MUNICIPAL HOSPITALAR E DOMICILIAR IRMA DULCE;-13.01395880;-38.47686960;fundamental_i|fundamental_ii;municipal;ativa;geral;nao;AVENIDA AMARALINA, 16 AMARALINA. 41900-020 Salvador - BA.
29192986;ESCOLA MUNICIPAL IACY VAZ FAGUNDES;-12.99903620;-38.49859280;fundamental_i|fundamental_ii;municipal;ativa;geral;nao;RUA SERGIO DE CARVALHO, 128-E FEDERACAO. 40230-680 Salvador - BA.
29472849;ESCOLA MUNICIPAL ILHA DOS FRADES;-12.78155720;-38.62572900;fundamental_i;municipal;ativa;geral;nao;RUA DA FONTE, SN PARAMANA - ILHA DOS FRADES. 42505-040 Salvador - BA.
29192358;ESCOLA MUNICIPAL IRACI FRAGA;-12.89465780;-38.44159040;fundamental_i|fundamental_ii;municipal;ativa;geral;nao;RUA IRACI FRAGA, 127 AGUAS CLARAS. AGUAS CLARAS. 41311-312 Salvador - BA.
29384761;ESCOLA MUNICIPAL IRMA DULCE;-12.88827840;-38.42741510;fundamental_i;municipal;ativa;geral;nao;RUA DA INDEPENDENCIA, 62 CAJAZEIRA VII. CAJAZEIRAS VII. 41337-190 Salvador - BA.
29192927;ESCOLA MUNICIPAL IRMA ELISA MARIA;-12.91745600;-38.41356120;fundamental_i;municipal;ativa;geral;nao;RUA DIVALDO PEREIRA FRANCO, 148 KM 6,5. NOVA BRASILIA. 41350-225 Salvador - BA.
29190983;ESCOLA MUNICIPAL IVONE VIEIRA LIMA;-12.90442030;-38.47829960;fundamental_i|fundamental_ii;municipal;ativa;geral;nao;RUA JAIME VIEIRA LIMA, S/N SAO JOAO DO CABRITO. 40490-005 Salvador - BA.
29193001;ESCOLA MUNICIPAL JAIME VIEIRA LIMA;-12.91548660;-38.45131720;fundamental_i;municipal;ativa;geral;nao;RUA CELIA MARTA, 3 JARDIM CAJAZEIRAS. 41230-330 Salvador - BA.
29193010;ESCOLA MUNICIPAL JANDIRA DANTAS COSTA;-12.85959390;-38.42089220;fundamental_i;municipal;ativa;geral;nao;RUA DIRETA DA PALESTINA, 18 PREDIO. PALESTINA. 41308-000 Salvador - BA.
29434246;ESCOLA MUNICIPAL JAQUEIRA DO CARNEIRO;-12.94751600;-38.47357300;fundamental_i;municipal;ativa;geral;nao;RUA JAQUEIRA DO CARNEIRO 83 RETIRO, 576 APOS O POSTO DE SAUD. FAZENDA GRANDE DO RETIRO. 40353-000 Salvador - BA.
29470420;ESCOLA MUNICIPAL JARDIM BRASILIA;-12.97019380;-38.46983250;infantil|fundamental_i;municipal;ativa;geral;nao;RUA NUMA POMPILIO BITTENCOURT, 896 PERNAMBUES. 41100-170 Salvador - BA.
29472857;ESCOLA MUNICIPAL JARDIM DAS MARGARIDAS;-12.89360570;-38.36152600;fundamental_i|fundamental_ii;municipal;ativa;geral;nao;RUA JOAQUIM FERREIRA, SN JARDIM DAS MARGARIDAS. 41502-200 Salvador - BA.
29994756;ESCOLA MUNICIPAL JARDIM SANTO INACIO;-12.93034520;-38.46165540;fundamental_i|fundamental_ii;municipal;ativa;geral;nao;PRACA SANTO INACIO, SN JARDIM SANTO INACIO. 41231-015 Salvador - BA.
29404614;ESCOLA MUNICIPAL JESUS DE NAZARE;-12.93673910;-38.43236520;fundamental_i|fundamental_ii;municipal;ativa;geral;nao;RUA YEDA BARRADAS CARNEIRO, 204 SUSSUARANA. NOVA SUSSUARANA. 41216-425 Salvador - BA.
29191181;ESCOLA MUNICIPAL JOAO FERREIRA;-12.91025200;-38.44286700;infantil|fundamental_i;municipal;ativa;geral;nao;RUA SAO PEDRO, 23 E VILA CANARIA. 41390-000 Salvador - BA.
29384540;ESCOLA MUNICIPAL JOAO LINO;-12.97303380;-38.50906570;infantil;municipal;ativa;geral;nao;RUA MACIEL DE CIMA, 6 TERREIRO JESUS. PELOURINHO. 40026-250 Salvador - BA.
29436796;ESCOLA MUNICIPAL JOAO PEDRO DOS SANTOS;-12.98303330;-38.48670390;fundamental_i|fundamental_ii;municipal;ativa;geral;nao;AVENIDA MARIO LEAL FERREIRA, 36 BONOCO. BROTAS. 40285-600 Salvador - BA.
29185777;ESCOLA MUNICIPAL JOAQUIM MAGALHAES;-12.88721530;-38.47330560;infantil|fundamental_i;municipal;ativa;geral;nao;RUA DO CURRALINHO, S/N ILHA AMARELA. ITACARANHA. 40711-550 Salvador - BA.
29185793;ESCOLA MUNICIPAL JOIR BRASILEIRO;-12.98464460;-38.47475990;fundamental_i|fundamental_ii;municipal;ativa;geral;nao;RUA DOUTOR MARIO CAMPOS, 221 BROTAS. 40279-220 Salvador - BA.
29449227;ESCOLA MUNICIPAL JORGE AMADO;-12.93684180;-38.37028600;fundamental_ii;municipal;ativa;geral;nao;RUA RAPHAEL PASTORE NETO, 370 QUADRA E LOTE 5. ITAPUA. 41640-280 Salvador - BA.
29190339;ESCOLA MUNICIPAL JOSAFA CARLOS BORGES;-12.96302700;-38.48453350;infantil|fundamental_i;municipal;ativa;geral;nao;RUA NEVES DA ROCHA, 39 PROXIMO A ANTIGA SEX. CAIXA DAGUA. 40321-575 Salvador - BA.
29193168;ESCOLA MUNICIPAL JOSE CALAZANS BRANDAO DA SILVA;-13.00059440;-38.47636990;fundamental_i|fundamental_ii;municipal;ativa;geral;nao;RUA DO FUTURO, SN SANTA CRUZ. 41925-490 Salvador - BA.
29194334;ESCOLA MUNICIPAL JOSELITA ALVES CAPINAN DO CALABETAO;-12.93164270;-38.46818430;infantil|fundamental_i;municipal;ativa;geral;nao;RUA CLERISTON ANDRADE, SN CALABETAO. 41227-050 Salvador - BA.
29182794;ESCOLA MUNICIPAL JULIETA CALMON;-12.97499510;-38.42565460;fundamental_i;municipal;ativa;geral;nao;RUA JAIME LOUREIRO, SN CASA. BOCA DO RIO. 41710-600 Salvador - BA.
29194628;ESCOLA MUNICIPAL JULIETA VIANA;-12.96308970;-38.48456940;infantil|fundamental_i|fundamental_ii;municipal;ativa;geral;nao;AVENIDA BARROS REIS, 257 ROTULA ABACAXI. PAU MIUDO. 40310-010 Salvador - BA.
29194415;ESCOLA MUNICIPAL LAGOA DO ABAETE;-12.93832540;-38.36125220;fundamental_i|fundamental_ii;municipal;ativa;geral;nao;TRAVESSA PAULO AFONSO BAQUEIRO, 17 NOVA BRASILIA. NOVA BRASILIA DE ITAPUA. 41611-230 Salvador - BA.
29432740;ESCOLA MUNICIPAL LAURA SALES DE ALMEIDA;-12.91210710;-38.37897550;infantil|fundamental_i;municipal;ativa;geral;nao;RUA ESPERANCA DO VILA VERDE, 146 COMAB -VILA VERDE. MUSSURUNGA. 41481-566 Salvador - BA.
29185858;ESCOLA MUNICIPAL LELIS PIEDADE;-12.98100930;-38.48869500;fundamental_i;municipal;ativa;geral;nao;RUA COSME DE FARIAS, SN FINAL DE LINHA. COSME DE FARIAS. 40252-005 Salvador - BA.
29193290;ESCOLA MUNICIPAL LEOVICIA ANDRADE;-12.93167900;-38.46831960;fundamental_i|fundamental_ii;municipal;ativa;geral;nao;RUA CLERISTON ANDRADE, 128 CALABETAO. 41227-050 Salvador - BA.
29185912;ESCOLA MUNICIPAL LUIZ ANSELMO;-12.97563000;-38.48619710;fundamental_i;municipal;ativa;geral;nao;RUA LUIZ ANSELMO, 175 LUIZ ANSELMO. 40260-485 Salvador - BA.
29191327;ESCOLA MUNICIPAL LUIZA MAHIM;-12.98582230;-38.43756900;fundamental_ii;municipal;ativa;geral;nao;RUA SIMON BOLIVAR, 471 ARMACAO. 41750-230 Salvador - BA.
29192323;ESCOLA MUNICIPAL MACHADO DE ASSIS;-12.90512940;-38.48747250;infantil|fundamental_i;municipal;ativa;geral;nao;RUA DOS FERROVIARIOS, 139 PLATAFORMA. 40717-430 Salvador - BA.
29193400;ESCOLA MUNICIPAL MADRE HELENA IRMAOS KENNEDY;-12.96803330;-38.45736160;fundamental_i;municipal;ativa;geral;nao;2ª TRAVESSA DA VENTOSA, 19 PERNAMBUES. PERNAMBUES. 41120-023 Salvador - BA.
29185971;ESCOLA MUNICIPAL MADRE JUDITE;-12.99234110;-38.50398030;infantil|fundamental_i;municipal;ativa;geral;nao;RUA ALTO DA BOLA, SN FEDERACAO. 40230-850 Salvador - BA.
29193435;ESCOLA MUNICIPAL MAJOR ELOI MAGALHAES;-12.96112240;-38.48155730;infantil|fundamental_i;municipal;ativa;geral;nao;R FREITAS HENRIQUE, 409 BAIXA DE QUINTAS. 40320-165 Salvador - BA.
29194539;ESCOLA MUNICIPAL MAKOTA VALDINA;-12.99572450;-38.49567070;infantil|fundamental_i;municipal;ativa;geral;nao;1ª TRAVESSA NEIDE, 27 ENGENHO VELHO DA FEDERACAO. 40220-235 Salvador - BA.
29186005;ESCOLA MUNICIPAL MANOEL CLEMENTE FERREIRA;-12.91303010;-38.44321930;fundamental_i;municipal;ativa;geral;nao;RUA SAO JOSE DE VILA CANARIA, 87 VILA CANARIA. VILA CANARIA. 41390-365 Salvador - BA.
29186013;ESCOLA MUNICIPAL MANOEL DE ABREU;-12.91306360;-38.44318290;fundamental_i;municipal;ativa;geral;nao;RUA SAO MARCOS, 289 SAO MARCOS. SAO MARCOS. 41253-281 Salvador - BA.
29186021;ESCOLA MUNICIPAL MANOEL FLORENCIO;-12.96119830;-38.48151500;infantil|fundamental_i;municipal;ativa;geral;nao;AV. MONTEIRO, 52 LIBERDADE. 40327-170 Salvador - BA.
29434378;ESCOLA MUNICIPAL MANOEL FRANCISCO DO NASCIMENTO BRITO;-12.93105870;-38.44028620;infantil|fundamental_i;municipal;ativa;geral;nao;ACESSO NASCENTE DO SOL, S/N SUSSUARANA. SUSSUARANA. 41214-645 Salvador - BA.
29854750;ESCOLA MUNICIPAL MANOEL HENRIQUE DA SILVA BARRADAS;-12.88917240;-38.47215690;fundamental_ii;municipal;ativa;geral;nao;RUA DO OURICURI, 150 ILHA AMARELA. 40711-815 Salvador - BA.
29193508;ESCOLA MUNICIPAL MANUEL LISBOA;-12.94756970;-38.36957220;fundamental_i;municipal;ativa;geral;nao;RUA ANTONINO CASAES, 199 ITAPUA. ITAPUA. 41610-000 Salvador - BA.
29186390;ESCOLA MUNICIPAL MARCILIO DIAS;-12.77219130;-38.62101920;infantil;municipal;ativa;geral;nao;RUA BEIRA MAR, SN PARAMANA. PARAMANA - ILHA DOS FRADES. 42505-010 Salvador - BA.
29186030;ESCOLA MUNICIPAL MARECHAL RONDON;-12.91491060;-38.47078790;fundamental_i;municipal;ativa;geral;nao;PRACA MARECHAL RONDON, SN MARECHAL RONDON. 41285-100 Salvador - BA.
29193559;ESCOLA MUNICIPAL MARIA AMALIA PAIVA;-13.01155390;-38.47382520;fundamental_i;municipal;ativa;geral;nao;RUA DOUTOR EDGARD BARROS,, 40 NORDESTE. 41900-420 Salvador - BA.
29193575;ESCOLA MUNICIPAL MARIA ANTONIETA ALFARANO;-12.88232240;-38.40621840;infantil|fundamental_i;municipal;ativa;geral;nao;RUA MARIA ANTONIETA, 67 CAJAZEIRAS. CAJAZEIRAS XI. 41347-692 Salvador - BA.
29186366;ESCOLA MUNICIPAL MARIA CONSTANCA;-12.93803330;-38.46128730;fundamental_i|fundamental_ii;municipal;ativa;geral;nao;RUA BENJAMIN ABDON, 338 MATA ESCURA. 41219-040 Salvador - BA.
29193583;ESCOLA MUNICIPAL MARIA CONSTANCIA MORAES DE CARVALHO;-12.91299980;-38.48057670;infantil|fundamental_i;municipal;ativa;geral;nao;TRAVESSA UNIAO, SN LOBATO. 40470-050 Salvador - BA.
29434386;ESCOLA MUNICIPAL MARIA DA CONCEICAO SANTIAGO IMBASSAHY;-12.94027840;-38.45119470;fundamental_i|fundamental_ii;municipal;ativa;geral;nao;RUA ESTRADA DAS BARREIRAS CONJUNTO ARVOREDO, SN CONJUNTO ARVOREDO. TANCREDO NEVES. 41205-005 Salvador - BA.
29190274;ESCOLA MUNICIPAL MARIA DOLORES;-12.94114180;-38.44295260;fundamental_i|fundamental_ii;municipal;ativa;geral;nao;RUA SAO PAULO, SN TANCREDO NEVES. 41207-220 Salvador - BA.
29443431;ESCOLA MUNICIPAL MARIA FELIPA;-12.94145210;-38.45343500;fundamental_i;municipal;ativa;geral;nao;ESTRADA DAS BARREIRAS, 1523 Nº 1523. TANCREDO NEVES. 41205-080 Salvador - BA.
29193648;ESCOLA MUNICIPAL MARIA QUITERIA;-12.97798640;-38.49947080;fundamental_i|fundamental_ii;municipal;ativa;geral;nao;RUA DAS PITANGUEIRAS, 508 MATATU. MATATU. 40255-436 Salvador - BA.
29193664;ESCOLA MUNICIPAL MARIA ROSA FREIRE;-12.86684000;-38.42381530;infantil;municipal;ativa;geral;nao;RUA DIRETA DA PALESTINA, SN PALESTINA. PALESTINA. 41308-000 Salvador - BA.
29193702;ESCOLA MUNICIPAL MARISA BAQUEIRO COSTA;-12.97312710;-38.46873130;fundamental_i;municipal;ativa;geral;nao;RUA REGIA BARRETO, S/N SARAMANDAIA. SARAMANDAIA. 41099-375 Salvador - BA.
29193745;ESCOLA MUNICIPAL MARTAGAO GESTEIRA;-12.98864090;-38.50110460;infantil|fundamental_i|fundamental_ii;municipal;ativa;geral;nao;RUA ALMIRANTE ALVES CAMARA, 00114 ENG VELHO BROTAS. ENGENHO VELHO DE BROTAS. 40243-000 Salvador - BA.
29186161;ESCOLA MUNICIPAL MAXIMINIANO DA ENCARNACAO;-12.93332160;-38.45922150;fundamental_i;municipal;ativa;geral;nao;RUA DIRETA DA MATA ESCURA, S/N MATA ESCURA. MATA ESCURA. 41225-190 Salvador - BA.
29193788;ESCOLA MUNICIPAL MELVIN JONES;-12.92632530;-38.50172340;infantil;municipal;ativa;geral;nao;RUA JAIME COELHO, 60 MASSARANDUBA. MANGUEIRA. 40437-360 Salvador - BA.
29438390;ESCOLA MUNICIPAL METODISTA SUSANA WESLEY;-12.98292740;-38.43617330;fundamental_i;municipal;ativa;geral;nao;RUA LUIZA MARRIN, 102 BOCA DO RIO. 41750-220 Salvador - BA.
29190304;ESCOLA MUNICIPAL MINISTRO SIMOES FILHO;-12.96286920;-38.48498930;fundamental_i|fundamental_ii;municipal;ativa;geral;nao;AVENIDA SANTO ANTONIO, SN PERO VAZ. 40370-300 Salvador - BA.
29194458;ESCOLA MUNICIPAL MIRANTES DE PERIPERI;-12.87388540;-38.46746590;infantil|fundamental_i;municipal;ativa;geral;nao;RUA DO CURIO, 1085 MIRANTES DE PERIPERI. PERIPERI. 40727-455 Salvador - BA.
29438381;ESCOLA MUNICIPAL NOSSA SENHORA APARECIDA;-12.85229470;-38.44074750;infantil|fundamental_i;municipal;ativa;geral;nao;ESTRADA NOVA BRASILIA, 814 VALERIA. VALERIA. 41302-250 Salvador - BA.
29186587;ESCOLA MUNICIPAL NOSSA SENHORA DA CONCEICAO;-12.83972350;-38.46596430;fundamental_i;municipal;ativa;geral;nao;RUA 8 DE DEZEMBRO, SN PARIPE. PARIPE. 40800-470 Salvador - BA.
29194679;ESCOLA MUNICIPAL NOSSA SENHORA DA PAZ;-12.93054900;-38.37740490;fundamental_i|fundamental_ii;municipal;ativa;geral;nao;RUA NOSSA SENHORA DA PAZ, 301 FIM DE LINHA. BAIRRO DA PAZ. 41515-060 Salvador - BA.
29447682;ESCOLA MUNICIPAL NOSSA SENHORA DE FATIMA;-12.74374100;-38.53312250;infantil|fundamental_ii;municipal;ativa;geral;nao;RUA DO PASSA CAVALO, 14 MARTELO - ILHA DE MARE. 42500-570 Salvador - BA.
29186625;ESCOLA MUNICIPAL NOSSA SENHORA DE NAZARE;-12.95656420;-38.48728550;infantil|fundamental_i;municipal;ativa;geral;nao;RUA DO QUEIMADO, 17 LIBERDADE. LAPINHA. 40328-215 Salvador - BA.
29186650;ESCOLA MUNICIPAL NOSSA SENHORA DOS ANJOS;-12.98871870;-38.48172000;fundamental_i|fundamental_ii;municipal;ativa;geral;nao;AV D. JOAO VI, 450 BROTAS. BROTAS. 40285-001 Salvador - BA.
29404606;ESCOLA MUNICIPAL NOVA DO BAIRRO DA PAZ;-12.92569830;-38.37684780;fundamental_i|fundamental_ii;municipal;ativa;geral;nao;TRAVESSA BELA VISTA DA PAZ, 290 BAIRRO DA PAZ. BAIRRO DA PAZ. 41515-334 Salvador - BA.
29194954;ESCOLA MUNICIPAL OLGA FIGUEIREDO DE AZEVEDO;-12.97730710;-38.48826490;fundamental_i|fundamental_ii;municipal;ativa;geral;nao;RUA EDSON SALDANHA, 335 BONOCO. COSME DE FARIAS. 40250-000 Salvador - BA.
29382718;ESCOLA MUNICIPAL OSCAR DA PENHA;-12.89602750;-38.42774060;infantil|fundamental_i;municipal;ativa;geral;nao;RUA WALDELOIR REGO, 551 CAJAZEIRAS VI. CAJAZEIRAS VI. 41336-680 Salvador - BA.
29199700;ESCOLA MUNICIPAL OSVALDO CRUZ;-13.01318050;-38.48751520;infantil|fundamental_i;municipal;ativa;geral;nao;RUA DO MEIO, 03 RIO VERMELHO. 41940-426 Salvador - BA.
29191122;ESCOLA MUNICIPAL OSVALDO GORDILHO;-12.91313670;-38.35788550;fundamental_i|fundamental_ii;municipal;ativa;geral;nao;R SANTO AGOSTINHO, 231 SAO CRISTOVAO. 41500-450 Salvador - BA.
29186307;ESCOLA MUNICIPAL OSWALDO DA GAMA ALVES;-12.99388040;-38.50116460;infantil|fundamental_i;municipal;ativa;geral;nao;RUA WALDOMIRO LUIZ DE SOUZA, 23 FEDERACAO. 40231-070 Salvador - BA.
29434424;ESCOLA MUNICIPAL PADRE CONFA;-12.99223470;-38.44454580;infantil|fundamental_i;municipal;ativa;geral;nao;RUA DESEMBARGADOR MANOEL PEREIRA, SN LADO POSTO DE SAUDE. COSTA AZUL. 41760-150 Salvador - BA.
29191050;ESCOLA MUNICIPAL PADRE JOSE DE ANCHIETA;-13.00136860;-38.49990120;fundamental_i|fundamental_ii;municipal;ativa;geral;nao;R HENRIQUETA MARTINS CATARINO, SN FEDERACAO. 40230-101 Salvador - BA.
29185459;ESCOLA MUNICIPAL PADRE NORBERTO;-12.91541770;-38.47849630;fundamental_ii;municipal;ativa;geral;nao;RUA PADRE NOBERTO RODRIGUES, 127 JARDIM LOBATO. ALTO DO CABRITO. 40485-770 Salvador - BA.
29384770;ESCOLA MUNICIPAL PADRE UGO MEREGALLI;-12.91895490;-38.40521420;infantil|fundamental_i;municipal;ativa;geral;nao;RUA DOM IVO LORSCHEITER, 127 RUA B. NOVA BRASILIA. 41351-275 Salvador - BA.
29186811;ESCOLA MUNICIPAL PAROQUIAL DA VITORIA;-12.99638570;-38.52819730;fundamental_i;municipal;ativa;geral;nao;LARGO DA VITORIA, SN VITORIA. VITORIA. 40081-305 Salvador - BA.
29186870;ESCOLA MUNICIPAL PAULO MENDES DE AGUIAR;-12.88246290;-38.47140300;infantil|fundamental_i;municipal;ativa;geral;nao;RUA LUCILIA PINTO S/N JARDIM PRAIA GRANDE, S/N JARDIM PRAIA GRANDE. RIO SENA. 40716-510 Salvador - BA.
29336430;ESCOLA MUNICIPAL PE MANUEL CORREIA DE SOUZA;-12.91473800;-38.36619620;infantil|fundamental_i|fundamental_ii;municipal;ativa;geral;nao;RUA AMERICA DOURADA, 121 MUSSURUNGA. MUSSURUNGA. 41481-250 Salvador - BA.
29192340;ESCOLA MUNICIPAL PEDRO VELOSO GORDILHO;-12.91081830;-38.35448780;fundamental_i;municipal;ativa;geral;nao;AVENIDA ALIOMAR BALEEIRO, SN S/N. SAO CRISTOVAO. 41500-660 Salvador - BA.
29192200;ESCOLA MUNICIPAL PERMINIO LEITE;-12.98184170;-38.51882100;infantil|fundamental_i;municipal;ativa;geral;nao;RUA DEMOCRATA, 41 SAO PEDRO. DOIS DE JULHO. 40060-100 Salvador - BA.
29186439;ESCOLA MUNICIPAL PERO VAZ VELHO;-12.95457140;-38.48655180;fundamental_i|fundamental_ii;municipal;ativa;geral;nao;RUA PERO VAZ, 212 PERO VAZ. 40335-600 Salvador - BA.
29195314;ESCOLA MUNICIPAL PIRAJA DA SILVA;-12.96129500;-38.48180870;fundamental_ii;municipal;ativa;geral;nao;ESTRADA DA LIBERDADE, 357 LIBERDADE. LIBERDADE. 40375-016 Salvador - BA.
29187044;ESCOLA MUNICIPAL PRESIDENTE CASTELO BRANCO;-12.93058760;-38.49744320;infantil;municipal;ativa;geral;nao;TRAVESSA SAO ROQUE, 17 REGIS PACHECO. URUGUAI. 40450-355 Salvador - BA.
29187060;ESCOLA MUNICIPAL PRESIDENTE MEDICI;-12.83499210;-38.47142820;fundamental_i|fundamental_ii;municipal;ativa;geral;nao;RUA IRIGUACU, 9 PARIPE. PARIPE. 40820-050 Salvador - BA.
29187087;ESCOLA MUNICIPAL PRIMEIRO DE MAIO;-12.92561990;-38.50290850;infantil|fundamental_i;municipal;ativa;geral;nao;RUA SANTA CLARA, 164 BX DO PETROLEO. MASSARANDUBA. 40435-280 Salvador - BA.
29187117;ESCOLA MUNICIPAL PROFESSOR AFONSO TEMPORAL;-12.86757780;-38.43123790;fundamental_i|fundamental_ii;municipal;ativa;geral;nao;RUA JOSE GUIMARAES, SN VALERIA. VALERIA. 41300-220 Salvador - BA.
29199069;ESCOLA MUNICIPAL PROFESSOR ALEXANDRE LEAL COSTA;-12.97976790;-38.50993580;fundamental_ii;municipal;ativa;geral;nao;RUA DO CASTANHEDA, 37 NAZARE. 40040-400 Salvador - BA.
29200016;ESCOLA MUNICIPAL PROFESSOR ANTONIO CARLOS ONOFRE;-12.99812490;-38.51239200;fundamental_i;municipal;ativa;geral;nao;RUA CAETANO MOURA, 24 FEDERACAO. 40210-340 Salvador - BA.
29368138;ESCOLA MUNICIPAL PROFESSOR ANTONIO CARVALHO GUEDES;-12.93041750;-38.48406860;fundamental_ii;municipal;ativa;geral;nao;RUA DA GLORIA, 143 CAPELINHA DE SAO CAE. CAPELINHA. 40732-605 Salvador - BA.
29192161;ESCOLA MUNICIPAL PROFESSOR ANTONIO PITHON PINTO;-12.84836570;-38.45985123;infantil;municipal;ativa;geral;nao;ALAMEDA ALMIRANTE MARQUES DE LEAO, 448 FAZ COUTOS III. FAZENDA COUTOS. 40730-295 Salvador - BA.
29187176;ESCOLA MUNICIPAL PROFESSOR ARISTIDES NOVIS;-12.98143590;-38.47897560;fundamental_i;municipal;ativa;geral;nao;ALAMEDA PIATA, 132 BROTAS. CAMPINAS DE BROTAS. 40275-010 Salvador - BA.
29425832;ESCOLA MUNICIPAL PROFESSOR CARLOS FORMIGLI;-12.95158460;-38.45540510;;municipal;ativa;geral;nao;AVENIDA GUANABARA, 70 TANCREDO NEVES. TANCREDO NEVES. 41207-035 Salvador - BA.
29399335;ESCOLA MUNICIPAL PROFESSOR CLAUDIO VEIGA;-12.91300690;-38.39179350;fundamental_ii;municipal;ativa;geral;nao;AVENIDA ALIOMAR BALEEIRO, KM 10,5, SN EST VELHA AEROPORTO. SAO CRISTOVAO. 41500-660 Salvador - BA.
29187249;ESCOLA MUNICIPAL PROFESSOR FREIRE FILHO;-12.92609820;-38.50186030;fundamental_i;municipal;ativa;geral;nao;LARGO DO BONFIM, 180 BONFIM. 40415-430 Salvador - BA.
29191297;ESCOLA MUNICIPAL PROFESSOR GUEDES;-12.93406570;-38.48055520;;municipal;extinta;geral;nao;RUA GERSON DE CARVALHO, 70 PROX A 4ª DP. SAO CAETANO. 40390-040 Salvador - BA.
29434254;ESCOLA MUNICIPAL PROFESSOR ITALO GAUDENZI;-12.85208220;-38.45611960;fundamental_i|fundamental_ii;municipal;ativa;geral;nao;RUA MORADA DA LAGOA, SN ESTRADA DO DERBA. NOVA BRASILIA DE VALERIA. 41306-745 Salvador - BA.
29445981;ESCOLA MUNICIPAL PROFESSOR MANOEL DE ALMEIDA CRUZ;-12.88524640;-38.41596870;fundamental_i|fundamental_ii;municipal;ativa;geral;nao;RUA DOUTOR MOISES SCHIPER, S/N CAJAZEIRAS XI. CAJAZEIRAS XI. 41341-350 Salvador - BA.
29425883;ESCOLA MUNICIPAL PROFESSOR MILTON SANTOS;-12.87027510;-38.43480900;fundamental_i|fundamental_ii;municipal;ativa;geral;nao;RUA JARDIM TERRA NOVA, 99 S/N. VALERIA. 41305-410 Salvador - BA.
29438365;ESCOLA MUNICIPAL PROFESSOR RICARDO PEREIRA;-12.90149760;-38.41382570;fundamental_i|fundamental_ii;municipal;ativa;geral;nao;RUA DIRETA DA MANGABEIRA, 184 CAJAZEIRAS VIII. 41338-710 Salvador - BA.
29467896;ESCOLA MUNICIPAL PROFESSOR WILLIAM MARQUES DE ARAUJO GOES;-12.85873450;-38.46611580;fundamental_i;municipal;ativa;geral;nao;RUA DO CONGO, SN COUTOS. 40732-215 Salvador - BA.
29336597;ESCOLA MUNICIPAL PROFESSORA ANITA BARBUDA;-13.00513430;-38.47036960;infantil|fundamental_i;municipal;ativa;geral;nao;RUA SAO POLICARPO, SN NORDESTE. 41906-040 Salvador - BA.
29192072;ESCOLA MUNICIPAL PROFESSORA ELISA SALDANHA;-12.90341920;-38.39515170;fundamental_i;municipal;ativa;geral;nao;PRACA REGINA GUIMARAES, 252 CAJAZEIRAS. FAZENDA GRANDE III. 41343-300 Salvador - BA.
29187427;ESCOLA MUNICIPAL PROFESSORA EUFROSINA MIRANDA;-12.92499250;-38.48497120;fundamental_ii;municipal;ativa;geral;nao;RUA ATERRO DO JOANES, 96 LOBATO. 40470-690 Salvador - BA.
29192102;ESCOLA MUNICIPAL PROFESSORA HILDA FORTUNA DE CASTRO;-12.90437640;-38.43345970;infantil|fundamental_i;municipal;ativa;geral;nao;AVENIDA ERICA, 197 CASTELO BRANCO. 41321-820 Salvador - BA.
29188059;ESCOLA MUNICIPAL PROFESSORA MARIA DE LOURDES SANTANA ALVES;-12.92686630;-38.48264360;infantil|fundamental_i;municipal;ativa;geral;nao;RUA PADRE ANTONIO VIEIRA, 176 SAO CAETANO. CAPELINHA. 40393-000 Salvador - BA.
29187338;ESCOLA MUNICIPAL PROFESSORA MARIA JOSE DE PAULA MOREIRA;-12.93437500;-38.50044500;fundamental_ii;municipal;ativa;geral;nao;RUA ANIBAL DA SILVA GARCIA, 50 RIBEIRA. 40421-020 Salvador - BA.
29534801;ESCOLA MUNICIPAL PROFESSORA OLGA METTIG;-12.84735260;-38.45088010;fundamental_ii;municipal;ativa;geral;nao;VIA BRONZE, SN CAMINHO 11. NOVA BRASILIA DE VALERIA. 41307-340 Salvador - BA.
29447615;ESCOLA MUNICIPAL PROFESSORA SONIA CAVALCANTI;-12.90206860;-38.42029010;fundamental_i;municipal;ativa;geral;nao;ESTRADA DA PACIENCIA, 01 CASA. CAJAZEIRAS VIII. 41338-680 Salvador - BA.
29180244;ESCOLA MUNICIPAL PROFESSORA SUZANA IMBASSAHY;-12.96092830;-38.48133670;fundamental_ii;municipal;ativa;geral;nao;RUA ROCHA LEAL, SN BARBALHO. 40301-240 Salvador - BA.
29187370;ESCOLA MUNICIPAL PROFª ALEXANDRINA SANTOS PITA;-12.89778650;-38.45986030;fundamental_i|fundamental_ii;municipal;ativa;geral;nao;ELISIO MESQUITA, 643 RUA NOVA. PIRAJA. 41295-360 Salvador - BA.
29187389;ESCOLA MUNICIPAL PROFª ANFRISIA SANTIAGO;-12.94190490;-38.45430310;infantil|fundamental_i;municipal;ativa;geral;nao;ESTRADA DAS BARREIRAS, SN CABULA. CABULA. 41195-000 Salvador - BA.
29447445;ESCOLA MUNICIPAL PROFª IRENE DA SILVA COSTA SANTOS;-12.91930400;-38.42137800;fundamental_i;municipal;ativa;geral;nao;AV ALIOMAR BALEEIRO, ALAMEDA JARDIM DOS GIRASSOIS, 9999 JARDIM NOVA ESPERANCA. 41370-045 Salvador - BA.
29413672;ESCOLA MUNICIPAL RAYMUNDO LEMOS DE SANTANA;-12.90072510;-38.36522940;fundamental_i;municipal;ativa;geral;nao;TRAVESSA SENHOR DO BONFIM DE CIMA, 229 SAO CRISTOVAO. 41510-010 Salvador - BA.
29404584;ESCOLA MUNICIPAL RECANTO DOS COQUEIROS;-12.96995870;-38.41948730;infantil|fundamental_i;municipal;ativa;geral;nao;PRACA JOEL KARATE, 21 PITUACU. 41740-670 Salvador - BA.
29192366;ESCOLA MUNICIPAL RISOLETA NEVES;-12.97316340;-38.46865150;fundamental_i|fundamental_ii;municipal;ativa;geral;nao;RUA DA HORTA, 205 SARAMANDAIA. SARAMANDAIA. 41099-380 Salvador - BA.
29186447;ESCOLA MUNICIPAL ROBERTO CORREIA;-12.91825110;-38.44284920;fundamental_i|fundamental_ii;municipal;ativa;geral;nao;RUA JAYME VIEIRA LIMA, 07 PAU DA LIMA. PAU DA LIMA. 41235-000 Salvador - BA.
29187680;ESCOLA MUNICIPAL RUI BARBOSA;-12.83915890;-38.46947120;fundamental_i;municipal;ativa;geral;nao;RUA JOAO MARTINS, S/N PARIPE. PARIPE. 40820-120 Salvador - BA.
29187702;ESCOLA MUNICIPAL RUY DE LIMA MALTEZ;-12.97700000;-38.50068000;infantil|fundamental_i;municipal;ativa;geral;nao;LADEIRA DOS GALES, 118 BROTAS. BROTAS. 40255-010 Salvador - BA.
29188172;ESCOLA MUNICIPAL SANTA ANGELA DAS MERCES;-12.98687240;-38.51930990;fundamental_i|fundamental_ii;municipal;ativa;geral;nao;AVENIDA SETE DE SETEMBRO, SN MERCES. DOIS DE JULHO. 40020-450 Salvador - BA.
29188180;ESCOLA MUNICIPAL SANTA BARBARA;-12.92984550;-38.49797900;fundamental_i|fundamental_ii;municipal;ativa;geral;nao;RUA ALTO DA BELA VISTA, 225 JD CRUZEIRO. VILA RUY BARBOSA. 40430-450 Salvador - BA.
29195900;ESCOLA MUNICIPAL SANTA RITA;-12.97663560;-38.48331680;fundamental_i|fundamental_ii;municipal;ativa;geral;nao;RUA HELIO DE OLIVEIRA, 75 LUIZ ANSELMO. 40261-060 Salvador - BA.
29181232;ESCOLA MUNICIPAL SANTA TEREZINHA;-12.88320110;-38.47709930;fundamental_i;municipal;ativa;geral;nao;RUA DIRETA DA TEREZINHA, S/N ESCADA. ALTO DA TEREZINHA. 40712-225 Salvador - BA.
29188300;ESCOLA MUNICIPAL SANTA TEREZINHA DO CHAME CHAME;-13.00543620;-38.52309040;fundamental_i;municipal;ativa;geral;nao;RUA DEOCLECIANO BARRETO, 09 GRACA. CHAME-CHAME. 40150-400 Salvador - BA.
29188318;ESCOLA MUNICIPAL SANTO ANDRE;-13.00738540;-38.47371770;infantil|fundamental_i;municipal;ativa;geral;nao;RUA VINTE E SEIS DE ABRIL, 133 SANTA CRUZ. 41925-080 Salvador - BA.
29184010;ESCOLA MUNICIPAL SANTO ANTONIO DAS MALVINAS;-12.84766790;-38.46098190;fundamental_i;municipal;ativa;geral;nao;RUA ALMEIDA JUNIOR, 15 FAZ. COUTOS III. COUTOS. 40760-410 Salvador - BA.
29187826;ESCOLA MUNICIPAL SAO BRAZ;-12.90086540;-38.49000090;fundamental_ii;municipal;ativa;geral;nao;R URSULA CATARINO, 36 PLATAFORMA. PLATAFORMA. 40710-680 Salvador - BA.
29432049;ESCOLA MUNICIPAL SAO DAMIAO;-12.89421580;-38.43381580;infantil;municipal;ativa;geral;nao;TRAVESSA JACOB DE CARVALHO, 710 AGUAS CLARAS. AGUAS CLARAS. 41310-320 Salvador - BA.
29187834;ESCOLA MUNICIPAL SAO DOMINGOS;-12.86372050;-38.47525040;fundamental_i;municipal;ativa;geral;nao;RUA SANTA LUZIA, 11 PERIPERI. 40728-190 Salvador - BA.
29187850;ESCOLA MUNICIPAL SAO DOMINGOS SAVIO;-13.00639220;-38.50326360;fundamental_ii;municipal;ativa;geral;nao;RUA JARDIM BOTANICO, S/N CASA. ONDINA. 40170-700 Salvador - BA.
29474604;ESCOLA MUNICIPAL SAO FRANCISCO DE ASSIS;-12.86268290;-38.43994470;infantil|fundamental_i|fundamental_ii;municipal;ativa;geral;nao;RUA PETRONILIA DERCIA, SN PROXIMO AO MERCADO R. VALERIA. 41505-195 Salvador - BA.
29195829;ESCOLA MUNICIPAL SAO FRANCISCO XAVIER;-12.91581210;-38.45938970;infantil|fundamental_i;municipal;ativa;geral;nao;RUA SAO FRANCISCO XAVIER, 29 BRASILGAS. GRANJAS RURAIS PRESIDENTE VARGAS. 41230-140 Salvador - BA.
29336392;ESCOLA MUNICIPAL SAO GONCALO DO RETIRO;-12.94981000;-38.46520480;fundamental_i|fundamental_ii;municipal;ativa;geral;nao;RUA DE SAO GONCALO, 630 SAO GONCALO. 41185-055 Salvador - BA.
29187915;ESCOLA MUNICIPAL SAO JOAO BATISTA;-12.99177860;-38.50203430;fundamental_i;municipal;ativa;geral;nao;AVENIDA VASCO DA GAMA, 265 ENGENHO VELHO DA FEDERACAO. 40221-500 Salvador - BA.
29190312;ESCOLA MUNICIPAL SAO JUDAS TADEU;-12.96112060;-38.48155520;infantil;municipal;ativa;geral;nao;RUA MARQUES DE MARICA, 100 PAU MIUDO. 40310-000 Salvador - BA.
29404398;ESCOLA MUNICIPAL SAO MIGUEL;-12.93359580;-38.46454840;fundamental_i;municipal;ativa;geral;nao;RUA SAO MATEUS, 01 MATA ESCURA. MATA ESCURA. 41225-720 Salvador - BA.
29187982;ESCOLA MUNICIPAL SAO PEDRO NOLASCO;-13.00406810;-38.47250270;infantil|fundamental_i;municipal;ativa;geral;nao;RUA DOUTOR BENJAMIN GONCALVES, 248 SANTA CRUZ. 41905-125 Salvador - BA.
29182824;ESCOLA MUNICIPAL SATURNINO CABRAL;-12.98187690;-38.48521110;infantil|fundamental_i;municipal;ativa;geral;nao;RUA ARACATUBA, 60 ALTO DO CRUZEIRO. COSME DE FARIAS. 40253-160 Salvador - BA.
29199050;ESCOLA MUNICIPAL SEBASTIAO DIAS;-12.98514060;-38.48777590;fundamental_ii;municipal;ativa;geral;nao;RUA MAESTRO AGENOR GOMES, 39 BROTAS. DANIEL LISBOA. 40283-600 Salvador - BA.
29359422;ESCOLA MUNICIPAL SENADOR ANTONIO CARLOS MAGALHAES;-12.99472590;-38.49631200;infantil|fundamental_i|fundamental_ii;municipal;ativa;geral;nao;AVENIDA GENERAL GRACA LESSA, SN ACUPE DE BROTAS. 40290-500 Salvador - BA.
29190053;ESCOLA MUNICIPAL SENADOR ANTONIO CARLOS PEIXOTO DE MAGALHAES;-12.88234330;-38.47000900;fundamental_i|fundamental_ii;municipal;ativa;geral;nao;RUA ROBERTO VEIGA LIMA, 465 RIO SENA. RIO SENA. 40716-145 Salvador - BA.
29190398;ESCOLA MUNICIPAL SENHOR DO BONFIM;-12.88974260;-38.47774230;infantil|fundamental_i|fundamental_ii;municipal;ativa;geral;nao;RUA ESMERALDA, 97 PLATAFORMA. 40717-638 Salvador - BA.
29190355;ESCOLA MUNICIPAL SENHORA SANTANA;-13.00988420;-38.49194570;fundamental_i;municipal;ativa;geral;nao;RUA CONSELHEIRO PEDRO LUIZ, 141 RIO VERMELHO. RIO VERMELHO. 41950-610 Salvador - BA.
29194504;ESCOLA MUNICIPAL SIMOES FILHO;-12.92927110;-38.49967060;fundamental_i|fundamental_ii;municipal;ativa;geral;nao;RUA ENGENHEIRO FERNANDO BAGGI, SN ITAPAGIPE. RIBEIRA. 40420-080 Salvador - BA.
29198771;ESCOLA MUNICIPAL SOCIEDADE 6 DE JANEIRO;-12.93062070;-38.49737920;fundamental_i|fundamental_ii;municipal;ativa;geral;nao;RUA SEIS DE JANEIRO, 65 00. URUGUAI. 40450-260 Salvador - BA.
29196299;ESCOLA MUNICIPAL SOCIEDADE FRATERNAL;-12.91810930;-38.44244880;fundamental_i;municipal;ativa;geral;nao;RUA PASTOR JOSE GUILHERME DE MORAES, 94 PAU DA LIMA. PAU DA LIMA. 41235-015 Salvador - BA.
29188121;ESCOLA MUNICIPAL SOROR JOANA ANGELICA;-12.97969170;-38.50997290;fundamental_i;municipal;ativa;geral;nao;RUA LADEIRA DE SANTANA, 33 NAZARE. 40040-450 Salvador - BA.
29188407;ESCOLA MUNICIPAL SYD PORTO BRANDAO;-12.93083770;-38.41781530;fundamental_i;municipal;ativa;geral;nao;RUA ALCIONE DIAS, 06 CANABRAVA. 41256-285 Salvador - BA.
29198836;ESCOLA MUNICIPAL TEODORO SAMPAIO;-13.00347000;-38.47627790;fundamental_ii;municipal;ativa;geral;nao;RUA DOUTOR ARMANDO COLAVOLPE, 265 SANTA CRUZ. 41925-025 Salvador - BA.
29423066;ESCOLA MUNICIPAL TERESA CRISTINA;-12.94579790;-38.38032500;infantil|fundamental_i;municipal;ativa;geral;nao;RUA DEPUTADO PAULO JACKSON, 580, SN PIATA. 41650-010 Salvador - BA.
29187478;ESCOLA MUNICIPAL TEREZINHA VAZ DA SILVEIRA;-12.96174900;-38.50120530;infantil|fundamental_i|fundamental_ii;municipal;ativa;geral;nao;RUA SAO JOSE DE CIMA, 46 BARBALHO. 40301-385 Salvador - BA.
29186471;ESCOLA MUNICIPAL TIRADENTES;-12.92704910;-38.50103130;fundamental_i;municipal;ativa;geral;nao;RUA JARDIM CASTRO ALVES, S/N CAMINHO AREIA. VILA RUY BARBOSA. 40430-275 Salvador - BA.
29434416;ESCOLA MUNICIPAL TOMAZ GONZAGA;-12.96644040;-38.46304140;fundamental_i|fundamental_ii;municipal;ativa;geral;nao;RUA 10 DE JANEIRO, SN PERNAMBUES. PERNAMBUES. 41110-030 Salvador - BA.
29357764;ESCOLA MUNICIPAL ULYSSES GUIMARAES;-12.89244330;-38.40762970;fundamental_i|fundamental_ii;municipal;ativa;geral;nao;RUA OSWALDO SA MENEZES, 234 FAZENDA GRANDE. FAZENDA GRANDE I. 41339-200 Salvador - BA.
29188504;ESCOLA MUNICIPAL UNIAO CARIDADE E ABRIGO;-12.97830170;-38.42937100;fundamental_i;municipal;ativa;geral;nao;RUA HEITOR DIAS, 02 BOCA DO RIO. 41710-745 Salvador - BA.
29188512;ESCOLA MUNICIPAL UNIAO COMUNITARIA;-12.93774450;-38.49969270;fundamental_i|fundamental_ii;municipal;ativa;geral;nao;RUA COMUNIDADE, 54 JARDIM CRUZEIRO. VILA RUY BARBOSA. 40430-255 Salvador - BA.
29188547;ESCOLA MUNICIPAL URSULA CATARINO;-12.89922090;-38.48906250;fundamental_i;municipal;ativa;geral;nao;RUA URSULA CATARINO, 00048 PLATAFORMA. PLATAFORMA. 40710-680 Salvador - BA.
29194547;ESCOLA MUNICIPAL VALE DAS PEDRINHAS;-13.00587960;-38.48289060;infantil|fundamental_i|fundamental_ii;municipal;ativa;geral;nao;RUA VINTE E UM DE AGOSTO, 140 VALE DAS PEDRINHAS. SANTA CRUZ. 41928-130 Salvador - BA.
29188636;ESCOLA MUNICIPAL VILA VICENTINA;-12.96309680;-38.48459420;fundamental_i|fundamental_ii;municipal;ativa;geral;nao;LARGO DA LAPINHA, 07 LAPINHA. LAPINHA. 40328-065 Salvador - BA.
29192056;ESCOLA MUNICIPAL VISCONDE DE CAIRU;-12.84287310;-38.46679230;infantil|fundamental_i;municipal;ativa;geral;nao;RUA PIAUI, S/N PARIPE. PARIPE. 40800-065 Salvador - BA.
29196795;ESCOLA MUNICIPAL VISCONDE DE CAIRU;-12.98119140;-38.50068450;fundamental_ii;municipal;ativa;geral;nao;RUA FREDERICO COSTA, 73 ENGENHO VELHO DE BROTAS. 40243-045 Salvador - BA.
29188741;ESCOLA MUNICIPAL VIVALDO DA COSTA LIMA;-12.96911270;-38.50758740;fundamental_i;municipal;ativa;geral;nao;RUA DO PASSO, LARGO DO CARMO, 57 SANTO ANTONIO. 40301-408 Salvador - BA.
29194083;ESCOLA MUNICIPAL XAVIER MARQUES;-12.94052670;-38.47463950;fundamental_i;municipal;ativa;geral;nao;RUA DO BOM JUA, 782 BOM JUA. FAZENDA GRANDE DO RETIRO. 40353-160 Salvador - BA.
29192382;ESCOLA MUNICIPAL ZACARIAS BOA MORTE;-12.95738010;-38.48708420;infantil|fundamental_i;municipal;ativa;geral;nao;AVENIDA PEIXE, 153 PERO VAZ. 40335-611 Salvador - BA.
29190762;ESCOLA MUNICIPAL ZULMIRA TORRES;-13.00579440;-38.46835150;fundamental_i|fundamental_ii;municipal;ativa;geral;nao;BECO DA CULTURA, 221 AMARALINA. 41900-055 Salvador - BA.
29452961;ESCOLA NASCI PARA BRILHAR;-12.91327000;-38.43173000;infantil|fundamental_i;privada;ativa;geral;sim;RUA COSME DE FARIAS, 217E N217 E. SETE DE ABRIL. 41386-600 Salvador - BA.
29450799;ESCOLA NOS SOMOS O AMANHA EIRELI;-12.91492000;-38.46813000;infantil|fundamental_i;privada;ativa;geral;nao;RUA PRESIDENTE VARGAS, 08 MARECHAL RONDON. 41280-330 Salvador - BA.
29396174;ESCOLA NOSSA SENHORA DA LUZ;-13.00312480;-38.45961320;infantil|fundamental_i|fundamental_ii;privada;ativa;geral;nao;RUA CEARA, 852 PITUBA. 41830-451 Salvador - BA.
29501806;ESCOLA NOSSA SENHORA DAS GRACAS;-12.96804000;-38.49811000;infantil|fundamental_i;privada;ativa;geral;sim;RUA ANFILOFIO DE CARVALHO, S/N BARBALHO. 40301-180 Salvador - BA.
29195055;ESCOLA PAN AMERICANA DA BAHIA;-12.95645867;-38.40131074;infantil|fundamental_i|fundamental_ii;privada;ativa;geral;nao;AVENIDA IBIRAPITANGA, S/N PATAMARES. 41680-010 Salvador - BA.
29437644;ESCOLA PARQUE DA CRIANCA LTDA;-12.95983444;-38.44945097;infantil|fundamental_i|fundamental_ii;privada;ativa;geral;sim;RUA SILVEIRA MARTINS, 3806 CABULA. 41150-000 Salvador - BA.
29195136;ESCOLA PASSARO DOURADO;-12.90247380;-38.40825090;infantil|fundamental_i;privada;ativa;geral;nao;RUA AURELIA LOPES, PARQUE SAOJOSE, 18E FAZENDA GRANDE II. CAJAZEIRAS. 41342-320 Salvador - BA.
29454123;ESCOLA PASSOS DO SABER;-13.00731805;-38.47187165;fundamental_i|fundamental_ii;privada;ativa;geral;nao;5ª TRAVESSA JOSE RODRIGUES DE OLIVEIRA, 2 NORDESTE. 41905-555 Salvador - BA.
29457360;ESCOLA PEIXOTO SANTOS LTDA;-12.99933167;-38.44970500;fundamental_ii;privada;ativa;geral;nao;RUA FERNANDO MENEZES DE GOES, 570 PITUBA. 41810-700 Salvador - BA.
29451647;ESCOLA PEQUENA ESTRELA;-12.93665000;-38.36782000;infantil|fundamental_i|fundamental_ii;privada;ativa;geral;nao;RUA DA MANGUEIRA DO KM-17, 76 ITAPUA. 41610-790 Salvador - BA.
29195276;ESCOLA PINGO DE OURO;-12.90220000;-38.46010000;infantil|fundamental_i;privada;ativa;geral;nao;RUA OITO DE NOVEMBRO, 47E PIRAJA. 41290-200 Salvador - BA.
29195330;ESCOLA PIRLILIM;-12.98775000;-38.48365000;infantil|fundamental_i;privada;ativa;geral;nao;RUA AMIR MACEDO N 40, 40. BROTAS. 40285-390 Salvador - BA.
29442729;ESCOLA PONTO ALTO;-12.93607760;-38.42527690;infantil|fundamental_i|fundamental_ii;privada;ativa;geral;nao;ESTRADA DO MANDU, 186 SAO RAFAEL. 41254-270 Salvador - BA.
29450985;ESCOLA PORTO SEGURO;-12.99406087;-38.50095290;infantil|fundamental_i|fundamental_ii;privada;ativa;geral;nao;RUA WALDOMIRO LUIZ DE SOUZA, 8 FEDERACAO. 40231-070 Salvador - BA.
29195403;ESCOLA PRESIDENTE MEDICI;-12.93961000;-38.48990000;infantil|fundamental_i;privada;ativa;geral;nao;AVENIDA MONTEIRO, 19 LIBERDADE. 40327-170 Salvador - BA.
29193184;ESCOLA PROFESSOR LOURIVAL ALVES;-12.91111620;-38.44263630;infantil|fundamental_i|fundamental_ii;privada;ativa;geral;sim;RUA VILMA SANTOS, 05 ESCOLA. VILA CANARIA. 41390-220 Salvador - BA.
29191106;ESCOLA PROFESSORA CANDOLINA CLASSE VII TEMPO INTEGRAL;-12.95933000;-38.48352000;fundamental_ii;estadual;ativa;geral;nao;RUA PROFESSOR SOEIRO, 00033 PAU MIUDO. 40310-300 Salvador - BA.
29413702;ESCOLA PROVIDENCIA;-12.93671000;-38.44092000;fundamental_i;privada;ativa;geral;nao;RUA ALBINO FERNANDES, 211 SUSSUARANA. 41215-770 Salvador - BA.
29452520;ESCOLA RECANTO CINDERELA;-12.99268380;-38.50181150;fundamental_i;privada;ativa;geral;nao;RUA FERREIRA SANTOS, 02 C CASA. FEDERACAO. 40230-040 Salvador - BA.
29199948;ESCOLA RECANTO DE FADAS;-12.99559230;-38.45346030;infantil|fundamental_i;privada;ativa;geral;nao;RUA DOS RADIALISTAS, 85 CASA. PITUBA. 41810-650 Salvador - BA.
29376130;ESCOLA REINO DOS COLIBRIS;-12.93143500;-38.44416000;infantil|fundamental_i|fundamental_ii;privada;ativa;geral;nao;PRACA MARINA DE QUEIROZ, 101 E FINAL DE LINHA. SUSSUARANA VELHA. 41213-430 Salvador - BA.
29452562;ESCOLA RIBEIRO DE ARAUJO;-12.89856860;-38.48775360;infantil|fundamental_i;privada;ativa;geral;nao;RUA 24 DE OUTUBRO, 120 PLATAFORMA. 40710-760 Salvador - BA.
29467187;ESCOLA ROUXINOL;-12.95881633;-38.44393836;infantil|fundamental_i|fundamental_ii;privada;ativa;geral;nao;RUA CLEDENOR SOARES, 233 PROX. DORON CENTER. DORON. 41194-115 Salvador - BA.
29195837;ESCOLA SAINTE-ODILE;-12.97320000;-38.43928000;infantil|fundamental_i;privada;ativa;geral;nao;RUA BEIJA FLOR, 64 IMBUI. 41720-051 Salvador - BA.
29188326;ESCOLA SANTO ANDRE;-12.93172000;-38.48085000;infantil|fundamental_i|fundamental_ii;privada;ativa;geral;nao;RUA DESEMBARGADOR VIANA DE CASTRO, 56 CAPELINHA. 40393-770 Salvador - BA.
29187966;ESCOLA SAO JOSE ANEXA AO COLEGIO SANTISSIMO SACRAMENTO;-12.99000190;-38.51782350;infantil|fundamental_i;municipal;ativa;geral;nao;AVENIDA LEOVIGILDO FILGUEIRAS, 167 GARCIA. GARCIA. 40100-000 Salvador - BA.
29465346;ESCOLA SEMENTES DO APRENDER;-12.96672000;-38.49903000;infantil|fundamental_i|fundamental_ii;privada;ativa;geral;nao;RUA DOUTOR ROCHA LEAL, 40 BARBALHO. 40300-762 Salvador - BA.
29466733;ESCOLA SESC NAZARE ZILDA ARNS;-12.97581926;-38.50459017;infantil|fundamental_i|fundamental_ii;privada;ativa;geral;nao;RUA DA JAQUEIRA, 36 SAUDE. 40040-570 Salvador - BA.
29449502;ESCOLA SININHO ENCANTADO;-12.89764730;-38.47956830;infantil|fundamental_i;privada;ativa;geral;sim;RUA DOS FERROVIARIOS, 244 SAO JOAO DO CABRITO. 40490-460 Salvador - BA.
29461979;ESCOLA SONHO DE APRENDER;-12.94587000;-38.44794000;infantil|fundamental_i;privada;ativa;geral;nao;RUA ROSINEIDE, 75 T.NEVES. 41207-300 Salvador - BA.
29196345;ESCOLA SONHO MEU LTDA;-12.94772000;-38.49371000;infantil|fundamental_i;privada;ativa;geral;sim;RUA LIMA E SILVA, 175 LIBERDADE. 40301-155 Salvador - BA.
29364671;ESCOLA TECNICA DA BAHIA;-12.97838000;-38.50667000;;privada;ativa;geral;nao;AVENIDA JOANA ANGELICA, 1061 CAMPO DA POLVORA. NAZARE. 40050-001 Salvador - BA.
29459281;ESCOLA TECNICA EM SAUDE MARIA PASTOR;-12.97934962;-38.50908332;;privada;ativa;geral;nao;LADEIRA DA INDEPENDENCIA, 12 NAZARE. 40040-340 Salvador - BA.
29431794;ESCOLA TEMPO DE APRENDER;-12.99199000;-38.51030000;infantil|fundamental_i;privada;ativa;geral;nao;RUA PREDILIANO PITTA, 108 GARCIA. 40100-200 Salvador - BA.
29466415;ESCOLA TEMPO DE CRESCER;-12.98462290;-38.46057910;infantil|fundamental_i;privada;ativa;geral;nao;ALAMEDA DOS UMBUZEIROS, 92 CAMINHO DAS ARVORES. 41820-680 Salvador - BA.
29467020;ESCOLA TURMA DA MONICA;-12.97310000;-38.43577000;infantil|fundamental_i;privada;ativa;geral;nao;RUA DAS GAIVOTAS, 02 IMBUI. 41720-070 Salvador - BA.
29454824;ESCOLA VILA FELIZ;-12.93501667;-38.41856667;infantil|fundamental_i;privada;ativa;geral;sim;VILA SAO FRANCISCO, 04 VALE DOS LAGOS. SAO MARCOS. 41250-460 Salvador - BA.
29188695;ESCOLA VISCONDE DE ITAPARICA;-12.95661000;-38.46431000;fundamental_ii;estadual;ativa;geral;nao;SILVEIRA MARTINS, CABULA. 41150-000 Salvador - BA.
29397383;ESCOLINHA COMUNITARIA PEQUENO URSO;-12.93223000;-38.37606000;infantil|fundamental_i;privada;ativa;geral;sim;RUA NOSSA SENHORA DA PAZ, 23 BAIRRO DA PAZ. 41515-060 Salvador - BA.
29198100;ESCOLINHA PETER PAN;-12.99253833;-38.50653333;infantil|fundamental_i;privada;ativa;geral;nao;2ª TRAVESSA PADRE DOMINGOS DE BRITO, 40 1º ANAR. FEDERACAO. 40231-181 Salvador - BA.
29198429;ESCOLINHA SONHO INFANTIL;-12.86475000;-38.47034000;infantil|fundamental_i;privada;ativa;geral;nao;RUA ANDRESA NERI, 22 PERIPERI. 40720-191 Salvador - BA.
29198763;ESCOLINHA ZIP ZAP;-13.00976000;-38.47456000;infantil;privada;ativa;geral;nao;RUA ALTO DO CAPIM, 08 RUA DA CASA OLIVEP. NORDESTE. 41905-290 Salvador - BA.
29458757;FIPE - FORTUNATO INSTITUTO DE PESQUISA E ESTUDO;-12.95439990;-38.46412790;infantil|fundamental_i|fundamental_ii;privada;ativa;geral;nao;RUA SILVEIRA MARTINS, 384 CABULA. 41150-000 Salvador - BA.
29458625;FORTES FORMACAO TECNICA EM SAUDE LTDA;-12.97878000;-38.50888000;;privada;ativa;geral;nao;RUA JUNQUEIRA FREIRE N133 NAZARE, PREDIO. CENTRO. 40040-410 Salvador - BA.
29447593;FTJ EMPREENDIMENTOS EDUCACIONAIS LTDA;-12.98952890;-38.45260110;fundamental_ii;privada;ativa;geral;nao;RUA MAGNO VALENTE 571 Q 51 LOTEAMENTO AQUARIUS, LOT AQUARIOS. PITUBA. 41810-620 Salvador - BA.
29422523;FUTURO DO AMANHA GRUPO BENEF REC MOR R 7 DE ABRIL;-12.94436270;-38.49325400;infantil;privada;ativa;geral;sim;RUA CORONEL TUPI CALDAS, 140 TERREO. LIBERDADE. 40370-270 Salvador - BA.
29471834;GRAU TECNICO BAHIA LTDA EPP;-12.89962440;-38.41220780;;privada;ativa;geral;nao;ESTRADA DA PACIENCIA, SN CAJAZEIRAS. 41338-700 Salvador - BA.
29196442;IFBA - SALVADOR;-12.96263953;-38.50044323;;federal;ativa;geral;nao;RUA EMIDIO DOS SANTOS, S/N, BARBALHO, 40301-015 Salvador - BA.
29469767;IGREJA VIDEIRA DE SALVADOR;-12.89881999;-38.47616903;fundamental_i;privada;ativa;geral;nao;RUA JAQUELINE, 1356 1º ANDAR. PLATAFORMA. 40717-654 Salvador - BA.
29396794;INSTITUICAO BENEFICENTE CONCEICAO MACEDO;-12.97773600;-38.50706510;infantil;privada;ativa;geral;sim;RUA SANTA CLARA, 85 TERREO. NAZARE. 40040-450 Salvador - BA.
29452031;INSTITUTO COMENIUS DE EDUCACAO;-12.94116000;-38.44744000;fundamental_ii;privada;ativa;geral;nao;RUA SAO LUIS N 80 T NEVES, E. T NEVES. 41207-060 Salvador - BA.
29973724;INSTITUTO CULTURAL E EDUCACIONAL OLIVEIRA NUNES;-12.90876333;-38.47492833;infantil;privada;ativa;geral;nao;RUA ANTONIO CARVALHAL, 42 ALTO DO CABRITO. 40484-705 Salvador - BA.
29463840;INSTITUTO DE EDUCACAO E ASSISTENCIA SOCIAL KADOSHI;-12.93705940;-38.46690010;infantil;privada;ativa;geral;sim;RUA ABELARDO MAGALHAES, 52 MATA ESCURA. 41225-420 Salvador - BA.
29446970;INSTITUTO DE EDUCACAO E CIDADANIA LUMA ROBERTA;-12.89065000;-38.43084000;infantil|fundamental_i;privada;ativa;geral;nao;RUA ORLANDO JOSE RIBEIRO, 30 CAJAZEIRAS VII. 41337-390 Salvador - BA.
29437563;INSTITUTO DE EDUCACAO E CIDADANIA SANTA BARBARA;-12.83092452;-38.47705833;infantil;privada;ativa;geral;sim;RUA IRIGUACU, 11 ESTRADA DA COCISA. PARIPE. 40810-420 Salvador - BA.
29473519;INSTITUTO DE ENSINO CAVALCANTI SOUZA;-12.99937000;-38.44964667;infantil;privada;ativa;geral;nao;RUA FERNANDO MENEZES DE GOES, 570 PITUBA. 41810-700 Salvador - BA.
29383196;INSTITUTO DE ORGANIZACAO NEUROLOGICA DA BAHIA - ION;-13.00404000;-38.51930000;;privada;ativa;sem_escolarizacao;sim;RUA PROFESSOR SABINO SILVA, CHAME-CHAME. 40157-250 Salvador - BA.
29449987;INSTITUTO EDUCACIONAL VISAO;-12.94595000;-38.47209000;infantil|fundamental_i|fundamental_ii;privada;ativa;geral;sim;RUA JAQUEIRA DO CARNEIRO, 158 FAZENDA GRANDE DO RETIRO. 40353-000 Salvador - BA.
29200245;INSTITUTO GUANABARA;-12.98285820;-38.49601830;;privada;ativa;sem_escolarizacao;sim;RUA RODOLFO PIMENTEL, 101 DANIEL LISBOA. 40283-220 Salvador - BA.
29199522;INSTITUTO MUNICIPAL DE EDUCACAO PROFESSOR JOSE ARAPIRACA;-12.97839510;-38.42570440;fundamental_ii;municipal;ativa;geral;nao;RUA ABELARDO ANDRADE DE CARVALHO, 141 BOCA DO RIO. 41706-710 Salvador - BA.
29446724;INSTITUTO NORMA ROCHA;-12.94772000;-38.49371000;infantil|fundamental_i|fundamental_ii;privada;ativa;geral;nao;ESTRADA DA LIBERDADE, 170 CASA. LIBERDADE. 40375-016 Salvador - BA.
29199530;INSTITUTO NOSSA SENHORA DA ASSUNCAO;-12.98408000;-38.51242000;infantil|fundamental_i|fundamental_ii;privada;ativa;geral;nao;RUA GENERAL LABATUT, 373 BARRIS. 40070-100 Salvador - BA.
29199549;INSTITUTO NOSSA SENHORA DA SALETTE;-12.98612000;-38.51528000;infantil|fundamental_i|fundamental_ii;privada;ativa;geral;nao;RUA DO SALETTE, 47 BARRIS. 40070-200 Salvador - BA.
29525403;INSTITUTO PROFESSORA HAMILTA DE EDUCACAO E CULTURA;-12.94106000;-38.45388000;infantil;privada;ativa;geral;sim;RUA LEAO DINIZ, 33 TERREO. BARREIRAS. 41195-830 Salvador - BA.
29422264;INSTITUTO SOCIAL OBJETIVO;-12.96832000;-38.48760000;infantil|fundamental_i|fundamental_ii;privada;ativa;geral;nao;RUA ARTHUR DALMEIDA COUTO, 376 VILA LAURA. 40270-100 Salvador - BA.
29199603;INSTITUTO SOCIAL PINDORAMA;-12.86700000;-38.47284000;infantil|fundamental_i|fundamental_ii;privada;ativa;geral;nao;RUA OSVALDO DA HORA, PROX PRACA DO SOL. PERIPERI. 40728-110 Salvador - BA.
29575605;INSTITUTO UNIVERSICO DE PESQUISA E EDUCACAO;-12.94107000;-38.48768000;fundamental_ii;privada;ativa;geral;nao;AVENIDA MONTEIRO, 19 PREDIO. LIBERDADE. 40327-170 Salvador - BA.
29483603;IRSEBA INSTITUTO DE REFERENCIA SOCIAL DO ESTADO DA BAHIA;-12.85507000;-38.47107000;infantil|fundamental_i;privada;ativa;geral;sim;RUA ALPES, COUTOS. 40732-245 Salvador - BA.
29392683;ISMP CRECHE ESCOLA O MENINO DO DEDO VERDE;-12.91963000;-38.45064000;infantil;privada;ativa;geral;sim;RUA LUCIANA BARBOSA, 23 JARDIM CAJAZEIRAS. 41230-374 Salvador - BA.
29184002;LEDA RAMOS DE OLIVEIRA;-12.92909000;-38.47298000;infantil|fundamental_i|fundamental_ii;privada;ativa;geral;nao;RUA APOSTOLO EPIFANIO N 501, PREDIO. S CAETANO. 40390-010 Salvador - BA.
29182581;LICEU SALESIANO DO SALVADOR;-12.97311190;-38.50183750;infantil|fundamental_i|fundamental_ii;privada;ativa;geral;nao;PRACA CONSELHEIRO ALMEIDA COUTO, 374 NAZARE. 40050-405 Salvador - BA.
29464536;MAPJC ENSINO MEDIO LTDA;-12.93607760;-38.42527690;infantil|fundamental_i;privada;ativa;geral;nao;RUA CAMPINAS DE BROTAS, 566 CAMPINAS DE BROTAS. 40275-160 Salvador - BA.
29192480;MARIA RITA DA SILVA COSTA ME;-12.96046240;-38.46806320;fundamental_ii;privada;ativa;geral;nao;RUA SILVEIRA MARTINS 208 B CABULA, CABULA. 41150-000 Salvador - BA.
29454174;MARIONE PINTO VIANA - ME-ESCOLA LAR ENCANTADO;-12.95092247;-38.49431226;infantil|fundamental_i;privada;ativa;geral;sim;RUA BELO ORIENTE, 57 LIBERDADE. 40325-390 Salvador - BA.
29180171;MATER SAPIENS EMPREENDIMENTOS EDUCACIONAIS LTDA;-13.00222000;-38.45261000;infantil|fundamental_i;privada;ativa;geral;nao;RUA SAO PAULO, 802 PITUBA. 41830-181 Salvador - BA.
29364213;MIRO EMPREENDIMENTOS EDUCACIONAIS LTDA;-13.00725000;-38.52170000;infantil|fundamental_i|fundamental_ii;privada;ativa;geral;nao;RUA CANDIDO PORTINARI, 58 BARRA. 40140-440 Salvador - BA.
29397545;MODULO CRIARTE;-12.98843000;-38.45470000;infantil|fundamental_i;privada;ativa;geral;nao;AL. FLAMBOYANTS, 187 CAM DAS ARVORES. 41820-410 Salvador - BA.
29469910;NUCLEO DE ATENDIMENTO AS CRIANCAS COM PARALISIA CEREBRAL;-13.00826225;-38.50107173;;privada;ativa;sem_escolarizacao;sim;RUA DO CORTE GRANDE, 160 ALTO DE ONDINA. RIO VERMELHO. 41950-260 Salvador - BA.
29435544;ORG SOCIAL EDUC INF PELA CIDADANIA CRESCER MELHOR DA BOCA DO RIO;-12.98008000;-38.43824000;infantil;privada;ativa;geral;sim;RUA JOAO NUNES DA MATA, 248 BOCA DO RIO. 41707-260 Salvador - BA.
29451922;PARAISO DA CRIANCA;-12.85557000;-38.47348000;infantil;privada;ativa;geral;sim;RUA SEARA, E. COUTOS. 40732-200 Salvador - BA.
29200091;SARTRE ESCOLA SEB - ITAIGARA;-12.99667000;-38.52664000;fundamental_ii;privada;ativa;geral;nao;RUA REITOR MACEDO COSTA, 108 ITAIGARA. 41815-150 Salvador - BA.
29181364;SARTRE ESCOLA SEB - NOBEL;-12.99040000;-38.46322000;infantil|fundamental_i|fundamental_ii;privada;ativa;geral;nao;RUA JOAO VARELA, 184 ITAIGARA. 41815-070 Salvador - BA.
29460581;SENAI CIMATEC;-12.93913000;-38.38661000;;privada;ativa;geral;nao;AV. ORLANDO GOMES, 1845 PIATA. 41650-010 Salvador - BA.
29460557;SENAI DENDEZEIROS;-12.93238850;-38.50673720;;privada;ativa;geral;nao;AV. DENDEZEIROS, 99 BONFIM. 40415-006 Salvador - BA.
29459044;SETE SERVICOS EMPRESARIAIS TRABALHO EDUCACAO LTDAME;-12.98638030;-38.49326630;;privada;ativa;geral;nao;AVENIDA DOM JOAO VI, 116 CASA. BROTAS. 40285-001 Salvador - BA.
29442303;SOCIEDADE BENEFICENTE CRIANCA FELIZ;-12.91924100;-38.43811810;infantil;privada;ativa;geral;sim;RUA COLINA AZUL, PAU DA LIMA. 41245-000 Salvador - BA.
29422256;TSSA TEENS CENTRO DE EDUCACAO LTDA;-12.95384000;-38.46053000;fundamental_ii;privada;ativa;geral;nao;RUA ANTONIO CANDIDO LIMA 116 CABULA SALVADOR, CABULA. 41150-500 Salvador - BA.
29999740;UNIDADE SESI PIATA;-12.93972660;-38.38687550;;privada;ativa;geral;nao;AVENIDA ORLANDO GOMES, 1737 PIATA. 41650-010 Salvador - BA.
