codigo_inep;nome;latitude;longitude;ciclo;rede;situacao;atendimento;conveniada;endereco
43190499;5001 IEI MAEZINHA DO CEU;-29.98428360;-51.12130510;infantil;privada;ativa;geral;sim;R VINTE CINCO DE OUTUBRO, 295 SARANDI. 91140-500 Porto Alegre - RS.
43190456;5002 IEI JOAO PAULO II;-29.97848520;-51.19645130;infantil;privada;ativa;geral;sim;R FREDERICO MENTZ, 118 FARRAPOS. 90250-370 Porto Alegre - RS.
43185304;5003 EEI ESTRELINHA DO CEU;-29.98961110;-51.11962260;infantil;privada;ativa;geral;sim;R ULYSSES DE ALENCASTRO BRANDAO, 205 SARANDI. 91140-400 Porto Alegre - RS.
43185495;5004 EEI ESTRELINHA DO AMANHA;-29.99812670;-51.09986180;infantil;privada;ativa;geral;sim;AV DONARIO BRAGA, 159 RUBEM BERTA. 91160-360 Porto Alegre - RS.
43189075;5005 IEI VILA UNIAO;-29.97940810;-51.12994060;infantil;privada;ativa;geral;sim;AV VINTE UM DE ABRIL, 1470 SARANDI. 91120-630 Porto Alegre - RS.
43189059;5006 EEI TRENZINHO DA ALEGRIA;-29.98565100;-51.11529880;infantil;privada;ativa;geral;sim;R SENHOR DO BOM FIM, 956 SARANDI. 91140-380 Porto Alegre - RS.
43185398;5007 IEI EUGENIA CONTE;-29.99434020;-51.10578930;infantil;privada;ativa;geral;sim;RUA K, 120 RUBEM BERTA. 91160-170 Porto Alegre - RS.
43189024;5008 EEI JOANA DARC;-29.99089410;-51.13789630;infantil;privada;ativa;geral;sim;R VINTE QUATRO DE AGOSTO VL MINUANO, 375 SARANDI. 91110-560 Porto Alegre - RS.
43188141;5009 ECEI IRMAO CLOVIS ROTAVA;-29.97844500;-51.13692990;infantil;privada;ativa;geral;sim;R JOSUE DE CASTRO, 290 SARANDI. 91120-110 Porto Alegre - RS.
43190588;5010 IEI ACOMPAR NUCLEO II - SANTO AGOSTINHO;-29.98544380;-51.10846770;infantil;privada;ativa;geral;sim;AV CALDEIA, 210 SARANDI. 91130-540 Porto Alegre - RS.
43190685;5012 ECEI UMBERTO NEGRINI;-29.98883260;-51.20203040;infantil;privada;ativa;geral;sim;R DONA TEODORA, 160 FARRAPOS. 90240-300 Porto Alegre - RS.
43185410;5013 IEI SANTA LUIZA;-29.98017850;-51.19446060;infantil;privada;ativa;geral;sim;R IRMA MARIA JOSE TREVISAN, 30 FARRAPOS. 90250-430 Porto Alegre - RS.
43187820;5016 IEI OSICOM I;-30.01638440;-51.12662330;infantil;privada;ativa;geral;sim;R JOSEFA BARRETO, 302 PASSO DAS PEDRAS. 91230-080 Porto Alegre - RS.
43185525;5017 EEI NEGRINHO DO PASTOREIO;-30.02302870;-51.10665410;infantil;privada;ativa;geral;sim;R WOLFRAM METZLER, 21 RUBEM BERTA. 91250-320 Porto Alegre - RS.
43188559;5018 IEI ESPERANCA CORDEIRO;-29.99471960;-51.13007140;infantil;privada;ativa;geral;sim;R JULIO STREGUE, 55 COSTA E SILVA. 91180-030 Porto Alegre - RS.
43185266;5019 IEI VOVO CAZEMIRO -ACM CRUZEIRO;-30.08447930;-51.23015290;infantil;privada;ativa;geral;sim;RUA CRUZEIRO DO SUL, 2702 SANTA TEREZA. 90840-000 Porto Alegre - RS.
43185541;5020 EEI MADRE TERESA;-30.02456750;-51.10349460;infantil;privada;ativa;geral;sim;R WOLFRAM METZLER, 605 RUBEM BERTA. 91250-320 Porto Alegre - RS.
43185363;5021 EEI GALPAOZINHO;-30.00022730;-51.10726450;infantil;privada;ativa;geral;sim;R DONA BECA, 120 RUBEM BERTA. 91150-000 Porto Alegre - RS.
43190618;5023 EEI VO ANA;-30.02480970;-51.09972140;infantil;privada;ativa;geral;sim;R JOSE LUIZ MARTINS COSTA, 200 MARIO QUINTANA. 91250-330 Porto Alegre - RS.
43185169;5024 IEI LAR DA CRIANCA MENINO JESUS DE PRAGA;-30.02355520;-51.10475590;infantil;privada;ativa;geral;sim;R WOLFRAM METZLER, 334 RUBEM BERTA. 91250-320 Porto Alegre - RS.
43185568;5026 IEI CRIANCA ESPERANCA;-30.00846270;-51.12375280;infantil;privada;ativa;geral;sim;R JOAO BRAVO DE ALMEIDA, 101 SARANDI. 91180-035 Porto Alegre - RS.
43185320;5027 IEI GIRASSOL;-30.02453670;-51.10312990;infantil;privada;ativa;geral;sim;R WOLFRAM METZLER, 567 RUBEM BERTA. 91250-320 Porto Alegre - RS.
43187862;5028 EEI SAO VICENTE DE PAULO;-30.02284610;-51.13318120;infantil;privada;ativa;geral;sim;R PEDRO RAUPP, 160 JARDIM ITU. 91225-080 Porto Alegre - RS.
43184960;5029 EEI CANTINHO DOS PIAS;-30.04992940;-51.14628070;infantil;privada;ativa;geral;sim;R THOMAZ FRANCISCO DE JESUS, 412 JARDIM CARVALHO. 91430-750 Porto Alegre - RS.
43185371;5030 EEI PLANETA DO SABER 2;-30.04775700;-51.16235760;infantil;privada;ativa;geral;sim;R DEZESSEIS VILA MATO SAMPAIO, 623 BOM JESUS. 91420-620 Porto Alegre - RS.
43190316;5031 IEI PLANETA DO SABER 3;-30.03016580;-51.10946760;infantil;privada;ativa;geral;sim;R CINCO VILA VALNERI ANTUNES, 10 MARIO QUINTANA. 91260-350 Porto Alegre - RS.
43190650;5032 IEI JERUSALEM BEITH SHALOM;-30.02836700;-51.12972300;infantil;privada;ativa;geral;sim;AV VITORIA, 35 PASSO DAS PEDRAS. 91225-040 Porto Alegre - RS.
43190383;5033 IEI ALAN MARIA TEREZA;-30.02314810;-51.12277360;infantil;privada;ativa;geral;sim;AV DEZ DE MAIO, 265 PASSO DAS PEDRAS. 91230-480 Porto Alegre - RS.
43187471;5034 IEI ALAN BOM JESUS;-30.04567830;-51.15785940;infantil;privada;ativa;geral;sim;R PANAMA, 324 BOM JESUS. 91420-200 Porto Alegre - RS.
43185274;5035 EEI NOSSA SENHORA APARECIDA VILA PINTO;-30.05011930;-51.15447440;infantil;privada;ativa;geral;sim;R J VILA FATIMA-PINTO, 220 BOM JESUS. 91420-120 Porto Alegre - RS.
43189032;5036 EEI MUNDO CRIANCA;-30.04554510;-51.12683650;infantil;privada;ativa;geral;sim;RUA 4, 62 MORRO SANTANA. 91450-430 Porto Alegre - RS.
43185355;5037 IEI AELCA;-30.03737610;-51.15050030;infantil;privada;ativa;geral;sim;R GEN SALVADOR PINHEIRO, 799 VILA JARDIM. 91320-240 Porto Alegre - RS.
43185070;5038 IEI NOSSA SENHORA DE FATIMA -BOM JESUS;-30.04956580;-51.16003560;infantil;privada;ativa;geral;sim;R OITO VILA MATO SAMPAIO, 32 BOM JESUS. 91420-591 Porto Alegre - RS.
43190014;5040 IEI SAGRADA FAMILIA;-30.04655940;-51.12939320;infantil;privada;ativa;geral;sim;RUA 05 V. LARANJEIRAS, 174 MORRO SANTANA. 91310-001 Porto Alegre - RS.
43185045;5041 EEI MENSAGEIROS DA LUZ;-30.03696710;-51.18543020;infantil;privada;ativa;geral;sim;TRAV. CEL ANTONIO CARNEIRO PINTO, 195 PETROPOLIS. 90460-020 Porto Alegre - RS.
43185517;5042 IEI PIU PIU;-30.04254000;-51.20864000;infantil;privada;ativa;geral;sim;R JACINTO GOMES, 683 SANTANA. 90040-270 Porto Alegre - RS.
43189067;5043 IEI LUPICINIO RODRIGUES;-30.04499690;-51.22028490;infantil;privada;ativa;geral;sim;R ALMIRANTE ALVARO A DA MOTTA E SILVA, 200 MENINO DEUS. 90160-130 Porto Alegre - RS.
43187609;5044 EEI CASA DO PEQUENINO;-30.04698860;-51.21361910;infantil;privada;ativa;geral;sim;AV AZENHA, 366 AZENHA. 90160-004 Porto Alegre - RS.
43190120;5045 EEI SOMAI;-30.04361050;-51.15090890;infantil;privada;ativa;geral;sim;R BOM JESUS, 610 BOM JESUS. 91420-030 Porto Alegre - RS.
43190707;5046 IEI NSA SRA DE FATIMA NOVO MUNDO;-30.03117900;-51.11352890;infantil;privada;ativa;geral;sim;AV MARTIM FELIX BERTA, 2575 RUBEM BERTA. 91270-650 Porto Alegre - RS.
43108865;5048 IEI HELOISA BECKER;-30.05000310;-51.20061830;infantil;privada;ativa;geral;sim;R SAO MANOEL, 1909 RIO BRANCO. 90620-110 Porto Alegre - RS.
43184979;5049 IEI BRINCANDO DE CIRANDA;-30.04924230;-51.15098890;infantil;privada;ativa;geral;sim;R JOSE MADRID, 736 JARDIM CARVALHO. 91430-580 Porto Alegre - RS.
43190391;5050 EEI NSA SRA APARECIDA SAO PEDRO;-30.05681300;-51.18694320;infantil;privada;ativa;geral;sim;AV IPIRANGA, 5229 RUA A 435. PRAIA DE BELAS. 90160-092 Porto Alegre - RS.
43185088;5051 EEI TURMA DO BARULHO;-30.12279980;-51.10274290;infantil;privada;ativa;geral;sim;R TANAUI DA SILVA BOEIRA, 209 LOMBA DO PINHEIRO. 91570-440 Porto Alegre - RS.
43190049;5052 EEI SAO PEDRO;-30.11557370;-51.10196810;infantil;privada;ativa;geral;sim;RUA PADRE ROQUE GONZALES, 315 PDA. 13. LOMBA DO PINHEIRO. 91570-170 Porto Alegre - RS.
43185312;5053 IEI BALAO MAGICO;-30.11866630;-51.09622970;infantil;privada;ativa;geral;sim;RUA RIO NEGRO - LOMBA DO PINHEIRO, 59 LOMBA DO PINHEIRO. 91570-330 Porto Alegre - RS.
43183069;5054 EEI CASA DA CRIANCA ALGODAO DOCE;-30.11795780;-51.09713730;infantil;privada;ativa;geral;sim;R SAO MARCOS - LOMBA DO PINHEIRO, 150 LOMBA DO PINHEIRO. 91570-380 Porto Alegre - RS.
43185207;5055 IEI VOVO IDA;-30.07595420;-51.16857220;infantil;privada;ativa;geral;sim;RUA DONA FIRMINA, 1583 VILA JOAO PESSOA. 91520-210 Porto Alegre - RS.
43185606;5056 EEI PAINEIRAS;-30.07138490;-51.17478450;infantil;privada;ativa;geral;sim;LG PAINEIRAS, 477 VILA JOAO PESSOA. 91510-070 Porto Alegre - RS.
43187854;5057 EEI CAMPO DA TUCA;-30.07090270;-51.17361340;infantil;privada;ativa;geral;sim;RUA D, 200 PARTENON. 91510-480 Porto Alegre - RS.
43185649;5058 EEI TOPO GIGIO;-30.07726980;-51.16388430;infantil;privada;ativa;geral;sim;RUA SAO JOSE VILA SAO JOSE COMUNITARIA, 29 VILA SAO JOSE. 91520-470 Porto Alegre - RS.
43190308;5060 IEI MURIALDO;-30.07305720;-51.16371320;infantil;privada;ativa;geral;sim;TRAVESSA SAO JOAO, 57 VILA SAO JOSE. 91520-560 Porto Alegre - RS.
43185436;5061 IEI VO BELINHA;-30.09726450;-51.13604520;infantil;privada;ativa;geral;sim;RUA MIGUEL OLVICTO DOS SANTOS, 71 LOMBA DO PINHEIRO. 91550-280 Porto Alegre - RS.
43185614;5062 IEI ESTRELA MAGICA;-30.12196970;-51.10858220;infantil;privada;ativa;geral;sim;R SANTA CATARINA ESTR JOAO DE O REMIAO, 30 LOMBA DO PINHEIRO. 91560-000 Porto Alegre - RS.
43185479;5063 IEI NOSSA SENHORA APARECIDA -VILA PINHAL;-30.12035920;-51.10666510;infantil;privada;ativa;geral;sim;R ABACATEIRO, 195 LOMBA DO PINHEIRO. 91560-480 Porto Alegre - RS.
43187382;5064 EEI RECREIO DA DIVISA;-30.12379050;-51.10799680;infantil;privada;ativa;geral;sim;ESTR JOAO DE OLIVEIRA REMIAO, 6269 LOMBA DO PINHEIRO. 91130-540 Porto Alegre - RS.
43187781;5065 IEI ARCO IRIS ENCANTADO;-30.11051870;-51.11208460;infantil;privada;ativa;geral;sim;R GUAIBA-LOMBA DO PINHEIRO, 95 LOMBA DO PINHEIRO. 91560-640 Porto Alegre - RS.
43187137;5066 EEI MEU NENE;-30.08820070;-51.12665160;infantil;privada;ativa;geral;sim;R ERNESTO LISCANO, 195 VILA ESMERALDA. AGRONOMIA. 91540-310 Porto Alegre - RS.
43187838;5067 IEI NOSSA SENHORA DA GLORIA;-30.07801130;-51.18960330;infantil;privada;ativa;geral;sim;CLAUDIONOR DE MORAIS, 252 CASCATA. 91710-150 Porto Alegre - RS.
43185185;5069 IEI CRECHE LAR DA CRIANCA;-30.06994470;-51.22249290;infantil;privada;ativa;geral;sim;R NOSSA SENHORA DO BRASIL-SANTA TERESA, 83 SANTA TEREZA. 90850-510 Porto Alegre - RS.
43185053;5070 IEI CENEAMM 1 DE MAIO;-30.09072060;-51.17932800;infantil;privada;ativa;geral;sim;ESTR BARCELLOS, 2268 CASCATA. 91712-300 Porto Alegre - RS.
43190219;5071 EEI CRIANCA FELIZ;-30.09356960;-51.17439310;infantil;privada;ativa;geral;sim;R CANUDOS, 625 CASCATA. 91712-340 Porto Alegre - RS.
43185282;5072 IEI AMAVTRON;-30.07454870;-51.22229560;infantil;privada;ativa;geral;sim;R CAIXA ECONOMICA, 633 SANTA TEREZA. 90840-610 Porto Alegre - RS.
43190405;5073 EEI MATO GROSSO;-30.08880610;-51.22897100;infantil;privada;ativa;geral;sim;RUA OCTAVIO DE SOUZA, 1818 TERESOPOLIS. 90840-350 Porto Alegre - RS.
43190537;5074 IEI BOA ESPERANCA;-30.07890110;-51.21841800;infantil;privada;ativa;geral;sim;RUA OSMAR SANTOS FREITAS, 40 SANTA TEREZA. 90840-405 Porto Alegre - RS.
43187811;5075 IEI MARIA DOLABELLA PORTELA;-30.08155060;-51.22654730;infantil;privada;ativa;geral;sim;R DONA OTILIA, 927 SANTA TEREZA. 90830-580 Porto Alegre - RS.
43190570;5076 EEI DOM ORIONE;-30.09413620;-51.24409850;infantil;privada;ativa;geral;sim;R URSA MAIOR, 215 CRISTAL. 90820-200 Porto Alegre - RS.
43190553;5077 EEI NOSSA SENHORA DE NAZARE-DOM ORIONE;-30.07909740;-51.22396310;infantil;privada;ativa;geral;sim;R EUCLIDES DE ALMEIDA, 20 SANTA TEREZA. 90840-640 Porto Alegre - RS.
43190502;5081 EEI BRIZOLLINHA;-30.09740000;-51.18863000;infantil;privada;ativa;geral;sim;AV ARROIO DOS PADRES, 130 CASCATA. 91712-390 Porto Alegre - RS.
43185096;5082 IEI MEDIANEIRA;-30.07252930;-51.22356590;infantil;privada;ativa;geral;sim;R CAIXA ECONOMICA, 320 SANTA TEREZA. 90840-610 Porto Alegre - RS.
43188206;5083 EEI CASA DE NAZARE CENTRO DE APOIO AO MENOR;-30.09497770;-51.23760890;infantil;privada;ativa;geral;sim;R CEL TIMOTEO, 350 CRISTAL. 91910-680 Porto Alegre - RS.
43190081;5084 EEI CANTINHO DA CRIANCA;-30.07552310;-51.18264600;infantil;privada;ativa;geral;sim;RUA ADAO ARAUJO, 81 CORONEL APARICIO BOR. 91710-560 Porto Alegre - RS.
43190634;5085 EEI BATILANOS;-30.08694650;-51.18111570;infantil;privada;ativa;geral;sim;ESTR BATILLANAS, 1005 CASCATA. 91712-310 Porto Alegre - RS.
43185118;5086 EEI ARAPEI;-30.08633380;-51.22949670;infantil;privada;ativa;geral;sim;R ARAPEI, 103 ACESSO 7. CRISTAL. 90830-470 Porto Alegre - RS.
43188540;5087 IEI NUCLEO SAO FRANCISCO;-30.09481700;-51.23851410;infantil;privada;ativa;geral;sim;BC UM RUA CORONEL TIMOTEO, 465 CRISTAL. 91910-680 Porto Alegre - RS.
43188036;5088 IEI VINDE A MIM AS CRIANCINHAS;-30.11963000;-51.17700770;infantil;privada;ativa;geral;sim;ESTR COSTA GAMA, 719 BELEM VELHO. 91787-311 Porto Alegre - RS.
43185444;5089 EEI VO MARIA;-30.08651260;-51.22736370;infantil;privada;ativa;geral;sim;BECO 14 VILA ORFANATROFIO II, 54 CRISTAL. 90830-563 Porto Alegre - RS.
43187803;5091 IEI MADRE BRIGIDA POSTORINO;-30.07721840;-51.22575200;infantil;privada;ativa;geral;sim;BC FLORES VILA TRONCO II, 346 SANTA TEREZA. 90843-462 Porto Alegre - RS.
43185258;5097 EEI PASSO A PASSO;-30.13669180;-51.21100450;infantil;privada;ativa;geral;sim;RUA MORRO ALTO, 485 ABERTA DOS MORROS. 91751-650 Porto Alegre - RS.
43201377;5099 EEI AMIGO SPINELLI;-30.11758540;-51.24681500;infantil;privada;ativa;geral;sim;R DONA PAULINA, 700 TRISTEZA. 91920-030 Porto Alegre - RS.
43185240;5100 IEI ISABEL VIEIRA;-30.15325250;-51.20133790;infantil;privada;ativa;geral;sim;RUA NOVA IPANEMA, 34 HIPICA. 91755-200 Porto Alegre - RS.
43185223;5101 EEI BEM-ME-QUER;-30.13109850;-51.21521770;infantil;privada;ativa;geral;sim;R DR JULIO TEIXEIRA, 201 VILA NOVA. 91751-290 Porto Alegre - RS.
43189083;5102 IEI RENASCER VILA AMERICA;-30.10124310;-51.24232680;infantil;privada;ativa;geral;sim;R ROBERTO FELIX BERTOI, 25 CAMAQUA. 91910-540 Porto Alegre - RS.
43188460;5105 EEI ANANDA MARGA RESTINGA VELHA;-30.15986020;-51.14024690;infantil;privada;ativa;geral;sim;R MANOEL FARIA DA ROSA PRIMO, 779 RESTINGA. 91790-770 Porto Alegre - RS.
43190529;5106 EEI NOVA SANTA RITA;-30.15892310;-51.14392020;infantil;privada;ativa;geral;sim;R TOBAGO, 570 RESTINGA. 91790-530 Porto Alegre - RS.
43185584;5107 EEI ARCO IRIS I;-30.15590600;-51.13728460;infantil;privada;ativa;geral;sim;R TOBAGO, 1258 RESTINGA. 91790-530 Porto Alegre - RS.
43185533;5108 EEI PADRE PEDRO LEONARDI I;-30.16287440;-51.14546850;infantil;privada;ativa;geral;sim;ESTR BARRO VERMELHO, 542 RESTINGA. 91790-100 Porto Alegre - RS.
43188125;5109 EEI ANANDA MARGA RESTINGA NOVA 1;-30.15498460;-51.13689400;infantil;privada;ativa;geral;sim;RUA ALAMEDA D, 84 RESTINGA. 91790-610 Porto Alegre - RS.
43188745;5110 EEI ANANDA MARGA JUCA BATISTA;-30.17473440;-51.17665000;infantil;privada;ativa;geral;sim;AV JUCA BATISTA, 6841 PONTA GROSSA. 91778-063 Porto Alegre - RS.
43188150;5111 EEI ANANDA MARGA BARRO VERMELHO;-30.16671640;-51.14627130;infantil;privada;ativa;geral;sim;R JOSE DE ABREU FRAGA, 52 RESTINGA. 91790-095 Porto Alegre - RS.
43190430;5112 EEI SANTA CATARINA DA RESTINGA;-30.16201110;-51.13654180;infantil;privada;ativa;geral;sim;AV LUIZ FRANCISCO ZANELLA, 1001 RESTINGA. 91790-800 Porto Alegre - RS.
43190677;5113 EEI ANJINHO DA GUARDA;-29.98870300;-51.13472650;infantil;privada;ativa;geral;sim;R DOMINGOS DE ABREU, 290 SARANDI. 91120-090 Porto Alegre - RS.
43188311;5114 EEI CAPELA NAVEGANTES;-30.09918310;-51.26444970;infantil;privada;ativa;geral;sim;AV GUAIBA, 3955 CRISTAL. 91900-420 Porto Alegre - RS.
43190723;5115 IEI SANTA ANITA;-30.08849570;-51.22429410;infantil;privada;ativa;geral;sim;R MENEZES PAREDES, 425 NONOAI. 90830-070 Porto Alegre - RS.
43190561;5116 IEI COLORINDO MEU DIA;-30.02682340;-51.09836520;infantil;privada;ativa;geral;sim;R JOSE LUIZ MARTINS COSTA, 1001 MARIO QUINTANA. 91250-330 Porto Alegre - RS.
43190545;5117 EEI NOSSA SENHORA APARECIDA LOT MARIANTE;-30.11242930;-51.15296320;infantil;privada;ativa;geral;sim;R HONDURAS, 19 BELEM VELHO. 91787-302 Porto Alegre - RS.
43191878;5119 EEI CRIANCA CIDADA;-30.02098780;-51.10451110;infantil;privada;ativa;geral;sim;AV ADELINO FERREIRA JARDIM, 280 RUBEM BERTA. 91250-310 Porto Alegre - RS.
43200915;5120 EEI MEDIANEIRA NOSSO SONHO I;-30.01294360;-51.16980116;infantil;privada;ativa;geral;sim;R JARY, 119 119. PASSO DA AREIA. 91350-170 Porto Alegre - RS.
43188214;5121 IEI NSA SRA APARECIDA IPANEMA;-30.13427030;-51.22987760;infantil;privada;ativa;geral;sim;AV TRAMANDAI, 395 IPANEMA. 91760-050 Porto Alegre - RS.
43204635;5123 EEI GOTINHAS DE AMOR;-30.12090630;-51.25361940;infantil;privada;ativa;geral;sim;RUA DRA VERA GLUSMAN KNIJNIK, 40 VILA CONCEICAO. 91920-073 Porto Alegre - RS.
43204660;5124 EEI ANTONIO GIANELLI - LOT CAVALHADA;-30.11714930;-51.23100590;infantil;privada;ativa;geral;sim;R MONSENHOR RUBEN NEIS, 731 CAVALHADA. 91920-000 Porto Alegre - RS.
43204651;5127 EEI VILA GAUCHA;-30.07143710;-51.23268020;infantil;privada;ativa;geral;sim;R DONA MARIA, 50 SANTA TEREZA. 90850-280 Porto Alegre - RS.
43201237;5128 IEI TIA HELENA;-30.03465020;-51.12044250;infantil;privada;ativa;geral;sim;R CRISTAL DA PAZ, 27 MARIO QUINTANA. 91270-844 Porto Alegre - RS.
43206220;5129 IEI RENOVAR DA ESPERANCA II;-30.14633680;-51.12744840;infantil;privada;ativa;geral;sim;RUA 7153, 100 RESTINGA. 90001-970 Porto Alegre - RS.
43201288;5130 IEI TECNOBABY;-29.97950980;-51.19689930;infantil;privada;ativa;geral;sim;R MARIA TRINDADE, 115 FARRAPOS. 90250-275 Porto Alegre - RS.
43201156;5131 IEI SAO VICENTE DE PAULO;-30.00776090;-51.20299040;infantil;privada;ativa;geral;sim;AV PRESIDENTE FRANKLIN ROOSEVELT, 910 SAO GERALDO. 90230-002 Porto Alegre - RS.
43188222;5132 EEI ANANDA MARGA RESTINGA NOVA 2;-30.15486320;-51.14146210;infantil;privada;ativa;geral;sim;ACESSO O, 2051 SEGUNDA UNIDADE. RESTINGA. 91792-260 Porto Alegre - RS.
43191894;5133 EEI AMOVIR;-30.14944960;-51.14521380;infantil;privada;ativa;geral;sim;R ENG OSCAR DE OLIVEIRA RAMOS, 1411 RESTINGA. 91790-050 Porto Alegre - RS.
43208312;5134 ECEI MARISTA BOA MAE;-29.97643180;-51.19718430;infantil;privada;ativa;geral;sim;R SEISCENTOS NOVENTA OITO, 104 FARRAPOS. 90250-596 Porto Alegre - RS.
43208185;5135 EEI ANTONIO GIANELLI;-30.11614680;-51.15173980;infantil;privada;ativa;geral;sim;RUA B AFRICA DO SUL, 7 BELEM VELHO. 91787-351 Porto Alegre - RS.
43207715;5136 IEI UNIAO ESPERANCA;-30.11298210;-51.16678060;infantil;privada;ativa;geral;sim;RUA AMERICANA, 90 BELEM VELHO. 91787-380 Porto Alegre - RS.
43211399;5138 IEI BRINCANDO E APRENDENDO;-29.98781490;-51.19709520;infantil;privada;ativa;geral;sim;R MONSENHOR SEVERINO BRUN, 65 065 LOT PROGRESSO. FARRAPOS. 90245-308 Porto Alegre - RS.
43211100;5139 IEI ACOMPAR NUCLEO III;-29.98849900;-51.10042170;infantil;privada;ativa;geral;sim;RUA JOAO PARIS, 1107 SARANDI. 91160-440 Porto Alegre - RS.
43211453;5140 EEI JESUS MENINO;-30.15221730;-51.13467630;infantil;privada;ativa;geral;sim;RUA C, 4 VILA CASTELO. RESTINGA. 91790-110 Porto Alegre - RS.
43211119;5141 EEI ABRASCE LOTEAMENTO PAMPA;-29.98028280;-51.19869980;infantil;privada;ativa;geral;sim;R VEREADOR ELOY MARTINS, 103 FARRAPOS. 90250-264 Porto Alegre - RS.
43209254;5142 IEI CRESCER COM LAZER;-30.02134950;-51.09409740;infantil;privada;ativa;geral;sim;AV IRMAO FAUSTINO JOAO, 59 RUBEM BERTA. 91250-690 Porto Alegre - RS.
43211330;5145 IEI PRINCESA ISABEL;-30.05103060;-51.21090040;infantil;privada;ativa;geral;sim;AV JOAO PESSOA, 2301 AZENHA. 90040-001 Porto Alegre - RS.
43211216;5146 EEI CHACRINHA;-30.16650040;-51.14194560;infantil;privada;ativa;geral;sim;R HORTENCIO MACHADO DE LIMA, 48 RESTINGA. 91790-620 Porto Alegre - RS.
43240615;5147 EEI PADRE PEDRO LEONARDI II;-30.10520000;-51.24553130;infantil;privada;ativa;geral;sim;R EMILIA PERRONI FERNANDES, 100 CAMAQUA. 91910-295 Porto Alegre - RS.
43240208;5149 EEI EGIDIO PICCOLI;-30.04213880;-51.10631060;infantil;privada;ativa;geral;sim;R VIOLETA PARQUE DAS ORQUIDEAS, 2 MARIO QUINTANA. 91260-396 Porto Alegre - RS.
43281001;5150 ECEI PADRE LUIZ PEDROLLO;-30.05159470;-51.19402920;infantil;privada;ativa;geral;sim;TRAV COSME E DAMIAO, 84 PARTENON. 90680-247 Porto Alegre - RS.
43240011;5151 EEI BOA VISTA;-30.02340880;-51.17461990;infantil;privada;ativa;geral;sim;R SALOMAO DUBIN, 11 BOA VISTA. 91340-450 Porto Alegre - RS.
43240607;5152 IEI PEQUENO PRINCIPE;-30.05532070;-51.14972170;infantil;privada;ativa;geral;sim;R VIUVINHA, 275 IPE II. JARDIM CARVALHO. 91430-817 Porto Alegre - RS.
43282008;5153 EEI MEU DENGO;-30.00807120;-51.11427770;infantil;privada;ativa;geral;sim;R GERALDINA BATISTA, 115 RUBEM BERTA. 91150-095 Porto Alegre - RS.
43240429;5154 IEI MUNDO COLORIDO;-29.99268750;-51.19386590;infantil;privada;ativa;geral;sim;R DONA TEODORA, 984 ALAMEDA 3 PREDIO 47. FARRAPOS. 90240-300 Porto Alegre - RS.
43283004;5155 IEI RENOVAR DA ESPERANCA;-30.15889460;-51.13277060;infantil;privada;ativa;geral;sim;R JACQUES YVES COSTEAU, 565 RESTINGA. 91790-425 Porto Alegre - RS.
43201296;5156 IEI LAR ESPERANCA;-30.03614600;-51.11988560;infantil;privada;ativa;geral;sim;R DEODORO, 250 MARIO QUINTANA. 91260-370 Porto Alegre - RS.
43187846;5157 EEI MARISTA RENASCER;-30.02373110;-51.09752320;infantil;privada;ativa;geral;sim;R IRMAOS MARISTAS, 1 MARIO QUINTANA. 91250-254 Porto Alegre - RS.
43206239;5158 IEI ESCOLA DA VIDA;-30.08523140;-51.23097330;infantil;privada;ativa;geral;sim;R CRUZEIRO DO SUL, 2873 ACM. SANTA TEREZA. 90840-000 Porto Alegre - RS.
43282016;5159 EEI TIA IARA;-30.08726090;-51.22977190;infantil;privada;ativa;geral;sim;R ARAPEI, 551 CRISTAL. 90830-470 Porto Alegre - RS.
43240402;5160 EEI ANJINHOS DE CRISTAL;-30.11969460;-51.20167200;infantil;privada;ativa;geral;sim;ESTRADA CRISTIANO KRAEMER, 541 ACESSO J. VILA NOVA. 91750-060 Porto Alegre - RS.
43284000;5161 EEI RAIO DE SOL;-30.13304120;-51.19959260;infantil;privada;ativa;geral;sim;RUA COLINA, 150 VILA NOVA. 91750-000 Porto Alegre - RS.
43207723;5163 EEI PLANETA INFANTIL;-30.14812440;-51.14103180;infantil;privada;ativa;geral;sim;ACESSO A, 3036 RESTINGA. 91793-020 Porto Alegre - RS.
43260004;5164 EEI ARCO IRIS II;-30.15578830;-51.13706650;infantil;privada;ativa;geral;sim;R TOBAGO, 1260 RESTINGA. 91790-530 Porto Alegre - RS.
43254403;5165 ECEI CANTINHO DOS PIAS II;-30.09725492;-51.13614188;infantil;privada;ativa;geral;sim;AV JOAQUIM PORTO VILLANOVA, 136 BOM JESUS. 91410-400 Porto Alegre - RS.
43254209;5166 EEI ABRASCE PARTENON;-30.07006040;-51.18328740;infantil;privada;ativa;geral;sim;RUA MILTON SALES SILVEIRA, 37 CORONEL APARICIO BOR. 91530-660 Porto Alegre - RS.
43259014;5167 ECEI CRECHE PADRE IGNACIO VALLE;-30.00957093;-51.15656395;infantil;privada;ativa;geral;sim;RUA BERNARDI, 61 CRISTO REDENTOR. 91040-030 Porto Alegre - RS.
43211666;5168 EEI TIA BETH;-30.05016140;-51.16397480;infantil;privada;ativa;geral;sim;R VINTE SETE VILA MATO SAMPAIO, 125 BOM JESUS. 91420-634 Porto Alegre - RS.
43254624;5169 IEI SONHO MEU;-30.06793070;-51.21640410;infantil;privada;ativa;geral;sim;AV MOAB CALDAS ACESSO 6, 20 VILA TRONCO. SANTA TEREZA. 90880-310 Porto Alegre - RS.
43240410;5170 IEI INTEGRACAO DOS ANJOS;-30.05153930;-51.19401250;infantil;privada;ativa;geral;sim;AV IPIRANGA, 3780 3858. PRAIA DE BELAS. 90160-090 Porto Alegre - RS.
43295274;5172 EEI POPULAR NOVA GERACAO;-29.98825120;-51.13452190;infantil;privada;ativa;geral;sim;R PRIMAVERA, 50 SARANDI. 91140-290 Porto Alegre - RS.
43300170;5173 EEI CASA NAZARE GALBUSERA;-30.10333870;-51.21924530;infantil;privada;ativa;geral;sim;ESTR ARACAJU, 453 VILA NOVA. 91740-320 Porto Alegre - RS.
43296181;5175 IEI OSICOM II;-30.01739250;-51.12610820;infantil;privada;ativa;geral;sim;R MANOEL FERRADOR, 405 PASSO DAS PEDRAS. 91230-370 Porto Alegre - RS.
43295282;5176 IEI OSICOM III;-30.02068080;-51.12701660;infantil;privada;ativa;geral;sim;R BONIFACIO CALDERON, 45 PASSO DAS PEDRAS. 91230-170 Porto Alegre - RS.
43298206;5179 IEI DUTRA JARDIM;-30.00109110;-51.10141160;infantil;privada;ativa;geral;sim;R ALBERTO SEHBE SIMON, 74 DUTRA JARDIM. RUBEM BERTA. 91160-595 Porto Alegre - RS.
43300146;5180 EEI PORTAL ENCANTADO;-30.10842552;-51.14064416;infantil;privada;ativa;geral;sim;R JAIME LINO DOS SANTOS FILHO, 604 LOMBA DO PINHEIRO. 91550-610 Porto Alegre - RS.
43298150;5181 EEI PLANETA MAGICO;-30.08520600;-51.11597560;infantil;privada;ativa;geral;sim;TV CONSELHEIRO ANTONIO, 21 AGRONOMIA. 91540-030 Porto Alegre - RS.
43185290;5182 EEI CRECHE NAVEGANTES;-30.00882930;-51.20253410;infantil;privada;ativa;geral;sim;AV POLONIA, 625 SAO GERALDO. 90230-110 Porto Alegre - RS.
43211348;5183 EEI FAVO DE MEL VILA ELIZABETH;-29.98062620;-51.13150050;infantil;privada;ativa;geral;sim;R VIDAL BARBOSA, 1075 SARANDI. 91120-340 Porto Alegre - RS.
43299148;5184 EEI JARDIM IPIRANGA;-30.02636500;-51.15442720;infantil;privada;ativa;geral;sim;AV ENG ARY DE ABREU LIMA, 390 VILA IPIRANGA. 91360-070 Porto Alegre - RS.
43297110;5185 EEI SAO MARCOS;-30.08530630;-51.11548470;infantil;privada;ativa;geral;sim;R ANTONIO JOSE DE SANTANA, 939 AGRONOMIA. 91540-180 Porto Alegre - RS.
43300081;5186 EEI CANTINHO ENCANTADO;-30.20668190;-51.17014080;infantil;privada;ativa;geral;sim;RUA JOSE INACIO DA SILVA, 441 BELEM NOVO. 91780-240 Porto Alegre - RS.
43298133;5189 IEI CORACAO VALENTE;-30.02979690;-51.10905450;infantil;privada;ativa;geral;sim;R FELISBERTO MAIA, 190 MARIO QUINTANA. 91260-371 Porto Alegre - RS.
43296130;5190 EEI PINGUINHOS DE OURO;-30.12439290;-51.21755960;infantil;privada;ativa;geral;sim;BC CARLOS SUPERTI, 300 VILA NOVA. 91750-020 Porto Alegre - RS.
43108580;5191 IEI CASA DA CRIANCA N SRA AUXILIADORA;-30.02317570;-51.19505630;infantil;privada;ativa;geral;sim;RUA FELIPE NERI, 78 AUXILIADORA. 90440-150 Porto Alegre - RS.
43285007;5192 EEI RENASCER DA ESPERANCA;-30.15052150;-51.14510660;infantil;privada;ativa;geral;sim;AV ECON NILO WULFF, 919 RESTINGA. 91790-000 Porto Alegre - RS.
43367330;5193 EEI TREVO DE OURO;-30.15910270;-51.21407560;infantil;privada;ativa;geral;sim;BECO DO GUARA, 59 RUA 3. GUARUJA. 91770-012 Porto Alegre - RS.
43367348;5194 EEI PLANETA DO SABER;-30.01833400;-51.11137100;infantil;privada;ativa;geral;sim;RUA OLRLANDO AITA, 2 JARDIM LEOPOLDINA. 91240-030 Porto Alegre - RS.
43367356;5195 IEI ANJO DAS FLORES;-29.98681214;-51.24401922;infantil;privada;ativa;geral;sim;R PESCADOR, 400 ARQUIPELAGO. 90090-170 Porto Alegre - RS.
43367364;5196 ECEI PADRE NATAL;-30.03267070;-51.11968230;infantil;privada;ativa;geral;sim;R ITAPUA, 94 MARIO QUINTANA. 91270-325 Porto Alegre - RS.
43367372;5197 EEI TIO ZE;-30.07432770;-51.23184290;infantil;privada;ativa;geral;sim;R PRISMA, 64 SANTA TEREZA. 90840-130 Porto Alegre - RS.
43367380;5198 EEI PEQUENOS PESQUISADORES;-30.09967726;-51.14361304;infantil;privada;ativa;geral;sim;R ANA JULIA, 176 LOMBA DO PINHEIRO. 91550-000 Porto Alegre - RS.
43210457;5199 EEI MUNDO DA IMAGINACAO;-30.06806090;-51.21638320;infantil;privada;ativa;geral;sim;AV MOAB CALDAS, 33 SANTA TEREZA. 90880-310 Porto Alegre - RS.
43209041;5200 EEI A CAMINHO DO SOL;-30.15942690;-51.17381610;infantil;privada;ativa;geral;sim;R DR ANTONIO MAZZAFERRO NETO, 443 ABERTA DOS MORROS. 91787-196 Porto Alegre - RS.
43361404;5201 IEI PEDACO DE GENTE;-30.02971760;-51.10394350;infantil;privada;ativa;geral;sim;R RAUL CAUDURO, 297 MARIO QUINTANA. 91270-580 Porto Alegre - RS.
43185231;5203 EEI AMIGO GERMANO;-30.04855170;-51.20754640;infantil;privada;ativa;geral;sim;R SANTANA, 1225 FARROUPILHA. 90040-372 Porto Alegre - RS.
43187870;5204 EEI CRECHE ELSINHA;-30.06819390;-51.20677070;infantil;privada;ativa;geral;sim;R MARCIANO RIBEIRO, 83 MEDIANEIRA. 90870-360 Porto Alegre - RS.
43004822;5205 IEI OSICOM IV - NOSSA SENHORA DA SALETE;-30.04192960;-51.12080810;infantil;privada;ativa;geral;sim;R PARLAMENTO, 215 MORRO SANTANA. 91450-370 Porto Alegre - RS.
43004610;5207 EEI IRMAO MARIO FRIGO;-29.98333800;-51.19978230;infantil;privada;ativa;geral;sim;R MARIA PAULA LEAL, 200 FARRAPOS. 90250-617 Porto Alegre - RS.
43004369;5208 IEI VITORIA;-29.98888970;-51.19483540;infantil;privada;ativa;geral;sim;AV A J RENNER, 773 HUMAITA. 90245-000 Porto Alegre - RS.
43004830;5209 IEI ACOMPAR V - LUISA CASAGRANDE LEWANDOWSKI;-30.00133480;-51.10488180;infantil;privada;ativa;geral;sim;R DR MEER MARIO KAUFMANN, 336 SANTA ROSA DE LIMA. 91160-270 Porto Alegre - RS.
43004350;5210 IEI EREMI;-30.06600830;-51.19386360;infantil;privada;ativa;geral;sim;R PAULINO AZURENHA, 445 PARTENON. 90680-240 Porto Alegre - RS.
43004342;5211 EEI JARDIM DO FUTURO;-30.12543650;-51.10755240;infantil;privada;ativa;geral;sim;RUA DA COMUNIDADE, 16 ACESSO. LOMBA DO PINHEIRO. 91560-550 Porto Alegre - RS.
43006817;5212 ECEI SAO JORGE;-30.18481410;-51.19232260;infantil;privada;ativa;geral;sim;R STEFAN HERMANN, 4 PONTA GROSSA. 91780-598 Porto Alegre - RS.
43379060;5213 IEI PATATI PATATA;-29.99107910;-51.10217380;infantil;privada;ativa;geral;sim;AV BERNARDINO SILVEIRA PASTORIZA, 641 RUBEM BERTA. 91160-310 Porto Alegre - RS.
43367429;5216 EEI CONSTRUINDO O AMANHA;-30.15997760;-51.13489270;infantil;privada;ativa;geral;sim;R DOMINGOS JOSE POLI, 331 RESTINGA. 91790-072 Porto Alegre - RS.
43004334;5217 EEI EDUARDA PUJOL ZANIRATTI;-30.15047330;-51.14522800;infantil;privada;ativa;geral;sim;AV ECON NILO WULFF, 929 RESTINGA. 91790-000 Porto Alegre - RS.
43004318;5218 IEI CARLOS ALBERTO TEJERA DE RE;-30.08386060;-51.20055450;infantil;privada;ativa;geral;sim;AV ENG LUDOLFO BOEHL, 1402 CASCATA. 91720-150 Porto Alegre - RS.
43295290;5219 IEI PINGO DE MEL;-30.06764810;-51.14380300;infantil;privada;ativa;geral;sim;RUA BECO DOS MARIANOS, 164 AGRONOMIA. 91540-605 Porto Alegre - RS.
43006825;5220 IEI CANTINHO DO SOL;-30.17649930;-51.17460050;infantil;privada;ativa;geral;sim;RUA PEDRO RAIMUNDO, 179 CHAPEU DO SOL. 91787-029 Porto Alegre - RS.
43006833;5221 EEI ANA MALTZ KNIJNIK;-30.12555370;-51.20218690;infantil;privada;ativa;geral;sim;ESTR CRISTIANO KRAEMER, 1078 VILA NOVA. 91750-062 Porto Alegre - RS.
43006841;5222 IEI PRISMA;-30.07799240;-51.23086040;infantil;privada;ativa;geral;sim;R PRISMA, 203 SANTA TEREZA. 90840-130 Porto Alegre - RS.
43185622;5223 IEI SANTA TERESINHA;-30.03762850;-51.21049160;infantil;privada;ativa;geral;sim;AV VENANCIO AIRES, 1030 FARROUPILHA. 90040-192 Porto Alegre - RS.
43201270;5224 IEI DOM DADEUS GRINGS;-30.20575060;-51.12540140;infantil;privada;ativa;geral;sim;BC VITORIA, 1460 LAGEADO. 91787-220 Porto Alegre - RS.
43008666;5225 IEI ESPACO DO SABER;-30.02947380;-51.11699400;infantil;privada;ativa;geral;sim;R MILLO RAFFIN, 79 MARIO QUINTANA. 91240-475 Porto Alegre - RS.
43009166;5226 EEI PROF MARIETA PAIXAO ARAUJO;-30.02190980;-51.10967460;infantil;privada;ativa;geral;sim;R SARGENTO SILVIO DELMAR HOLLENBACH, 698 RUBEM BERTA. 91240-120 Porto Alegre - RS.
43008690;5227 EEI MADRE VERONICA;-30.09413330;-51.24407110;infantil;privada;ativa;geral;sim;R CEL CLAUDINO, 80 CRISTAL. 91910-670 Porto Alegre - RS.
43009115;5228 IEI APRENDENDO FELIZ;-30.15049380;-51.13510310;infantil;privada;ativa;geral;sim;AC CIRIO AMARAL DE OLIVEIRA, 403 RESTINGA. 91790-260 Porto Alegre - RS.
43009280;5229 IEI CONSTRUINDO O AMANHA VILA JARDIM;-30.03822180;-51.15531580;infantil;privada;ativa;geral;sim;R BARAO DE BAGE, 317 VILA JARDIM. 91330-570 Porto Alegre - RS.
43047670;5230 EEI ABRASCE ILHA DO PAVAO;-29.99529370;-51.21698197;infantil;privada;ativa;geral;sim;BR 290, 98 ARQUIPELAGO. 90090-004 Porto Alegre - RS.
43362540;5231 EEI PIMPONETA;-29.98864340;-51.12934240;infantil;privada;ativa;geral;sim;AV VINTE UM DE ABRIL, 441 SARANDI. 91120-630 Porto Alegre - RS.
43048170;5232 IEI SALVATORE LETTIERI;-30.01967230;-51.12481380;infantil;privada;ativa;geral;sim;R DEZIDERIO SEVERINO, 431 PASSO DAS PEDRAS. 91230-250 Porto Alegre - RS.
43089178;5233 ECEI PROFESSORA VIVI REIS;-30.16575610;-51.14757970;infantil;privada;ativa;geral;sim;R CAPITAO PEDROSO, 540 RESTINGA. 91790-790 Porto Alegre - RS.
43142478;5234 EEI JARDIM DE OXUM;-30.16463890;-51.13911560;infantil;privada;ativa;geral;sim;AV DR JOAO DENTICE, 1045 JARDIM PARAISO. RESTINGA. 91790-090 Porto Alegre - RS.
43089283;5235 EEI EDUARDA PUJOL ZANIRATTI II;-30.16127220;-51.15058410;infantil;privada;ativa;geral;sim;R ELZIRA NUNES DA SILVA, 100 RESTINGA. 91788-712 Porto Alegre - RS.
43051510;5236 EEI PITINGUINHA;-30.14293280;-51.10186230;infantil;privada;ativa;geral;sim;R WALTHER SCHNEIDER, 224 RESTINGA. 91790-402 Porto Alegre - RS.
43089160;5237 EEI WLANIR PORTO;-30.16364410;-51.22789600;infantil;privada;ativa;geral;sim;R ARGEMIRO OGANDO CORREA, 350 SERRARIA. 91770-810 Porto Alegre - RS.
43046088;5238 EEI CHEIRINHO DE MAE;-30.15280260;-51.14562620;infantil;privada;ativa;geral;sim;ACESSO F, 2492 RESTINGA. 91793-695 Porto Alegre - RS.
43044999;5239 EEI MEU PEDACINHO DE CHAO;-30.15858980;-51.13621870;infantil;privada;ativa;geral;sim;R COLISEU, 893 RESTINGA. 91790-280 Porto Alegre - RS.
43089194;5240 EEI JARDIM FLORESTA LAMI;-30.23811170;-51.08326020;infantil;privada;ativa;geral;sim;RUA E, 115 LAMI. 91787-516 Porto Alegre - RS.
43089216;5241 EEI DESENVOLVENDO O SABER;-30.14727180;-51.14996800;infantil;privada;ativa;geral;sim;ACBSQ 6 -3 UNIDADE VICINAL, 3728 RESTINGA. 91793-440 Porto Alegre - RS.
43142672;5242 ECEI LAVINIA PEREZ;-30.01574408;-51.16908065;infantil;privada;ativa;geral;sim;R BEZERRA DE MENEZES, 410 PASSO DA AREIA. 91350-130 Porto Alegre - RS.
43142362;5244 EEI NOSSA SENHORA DAS GRACAS;-30.22458080;-51.06949940;infantil;privada;ativa;geral;sim;RUA 2A ESTRADA OTAVIANO JOSE PINTO, 21 LAMI. 91787-564 Porto Alegre - RS.
43162274;5245 EEI ENI MEDEIROS;-30.05968610;-51.14909710;infantil;privada;ativa;geral;sim;R ATTILIO BILIBIO, 261 JARDIM CARVALHO. 91530-008 Porto Alegre - RS.
43009085;5250 ECEI URSINHOS CARINHOSOS;-30.12020000;-51.10072000;infantil;privada;ativa;geral;sim;RUA SENZALA, 177 LOMBA DO PINHEIRO. 91570-420 Porto Alegre - RS.
43299199;5252 EEI PADRE NELLO VANZO;-30.06734500;-51.15954180;infantil;privada;ativa;geral;sim;DIRETRIZ 3729, 116 PARTENON. 91520-650 Porto Alegre - RS.
43184995;5254 ECEI SAO FRANCISCO DE ASSIS;-30.04081000;-51.22151000;infantil;privada;ativa;geral;sim;R ALBERTO TORRES, 194 CIDADE BAIXA. 90050-080 Porto Alegre - RS.
43105416;6001 EEF PEQUENA CASA DA CRIANCA;-30.06543870;-51.19464970;infantil|fundamental_i;privada;ativa;geral;sim;R MARIO DE ARTAGAO, 13 PARTENON. 90680-090 Porto Alegre - RS.
43187579;ALGODAO DOCE EDUCACAO INFANTIL;-30.01876000;-51.16433000;;privada;extinta;geral;nao;RUA ARTUR FABIAO CARNEIRO, 10 PASSO DA AREIA. 91340-030 Porto Alegre - RS.
43191835;AMPARO DA IMACULADA CONCEICAO;-30.04865000;-51.22249000;;privada;paralisada;geral;nao;AVENIDA IPIRANGA, 585 PRAIA DE BELAS. 90160-092 Porto Alegre - RS.
43212263;APRENDENDO A CRESCER;-30.03682000;-51.19934000;infantil;privada;ativa;geral;nao;RUA PROFESSOR JUVENAL MILER, 122 RIO BRANCO. 90420-230 Porto Alegre - RS.
43108873;ASSOC BENEFIC SANTA ZITA DE LUCCA;-30.06628000;-51.19248000;infantil;privada;ativa;geral;nao;RUA BATISTA XAVIER, 600 PARTENON. 90680-120 Porto Alegre - RS.
43191266;BABY E CIA;-30.08652000;-51.21609000;infantil;privada;ativa;geral;nao;AVENIDA NONOAI, 205 NONOAI. 91720-000 Porto Alegre - RS.
43108148;BERCARIO CRECHE E RECREACAO CISNE BRANCO LTDA;-30.06081700;-51.22435160;;privada;paralisada;geral;nao;RUA JOSE DE ALENCAR, 745 MENINO DEUS. 90880-481 Porto Alegre - RS.
43190421;BERCARIO CRECHE E RECREACAO NENECA;-30.04627640;-51.18941340;infantil;privada;ativa;geral;nao;RUA FARIA SANTOS, 248 PETROPOLIS. 90670-100 Porto Alegre - RS.
43191541;BERCARIO CRECHE RECREACAO CISNE BRANCO LTDA;-30.05094000;-51.22334000;infantil;privada;ativa;geral;nao;AVENIDA BASTIAN, 467 MENINO DEUS. 90130-021 Porto Alegre - RS.
43209262;BIZUCA ESCOLA DE EDUCACAO INFANTIL;-30.08296000;-51.20651000;infantil;privada;ativa;geral;nao;AVENIDA ENGENHEIRO LUDOLFO BOEHL, 482 TERESOPOLIS. 91720-150 Porto Alegre - RS.
43210481;BK ESCOLA DE EDUCACAO INFANTIL;-30.01150000;-51.13258000;infantil;privada;ativa;geral;nao;RUA PAULO BLASCHKE, 125 JARDIM ITU SABARA. 91225-230 Porto Alegre - RS.
43190090;BOLA E BAMBOLE LTDA;-30.05075000;-51.20516000;infantil;privada;ativa;geral;nao;RUA VICENTE DA FONTOURA, 885 RIO BRANCO. 90640-001 Porto Alegre - RS.
43107982;C EST DE EN MED RAUL PILLA;-30.14820000;-51.14543000;fundamental_i|fundamental_ii;estadual;ativa;geral;nao;R ENG OSCAR DE OLIVEIRA RAMOS 660, 660 RESTINGA NOVA. 91790-050 Porto Alegre - RS.
43218202;CARROSSEL RECANTO INFANTIL;-30.03758000;-51.21132000;;privada;paralisada;geral;nao;RUA SANTA TEREZINHA, 47 FARROUPILHA. 90040-180 Porto Alegre - RS.
43213006;CASTELINHO APRENDENDO A CRESCER;-30.04447000;-51.14933000;infantil;privada;ativa;geral;nao;RUA ERNESTINA AMARO TORELLY, 200 JARDIM CARVALHO. 91430-100 Porto Alegre - RS.
43201105;CENTRO ATENDIMENTO INFANTIL TURMA DO MORANGUINHO;-30.00722000;-51.18440000;infantil;privada;ativa;geral;nao;AVENIDA ASSIS BRASIL, 131 SAO JOAO. 91120-280 Porto Alegre - RS.
43210953;CENTRO DE EDUCACAO INFANTIL CONSTRUINDO O SABER;-30.02100000;-51.19523000;infantil;privada;ativa;geral;nao;RUA FELICISSIMO DE AZEVEDO, 1243 AUXILIADORA. 90540-110 Porto Alegre - RS.
43187900;CENTRO DE EDUCACAO INFANTIL PROJETO VIDA;-30.00714000;-51.15063000;infantil;privada;ativa;geral;nao;RUA COSTA RICA, 344 JARDIM LINDOIA. 91050-210 Porto Alegre - RS.
43109373;CENTRO DE ENSINO FUNDAMENTAL PROJETO;-30.03774947;-51.20307488;infantil|fundamental_i;privada;ativa;geral;nao;AVENIDA IPIRANGA, 585 PRAIA DE BELAS. 90160-092 Porto Alegre - RS.
43104975;CENTRO DE ENSINO MEDIO FARROUPILHA - UNIDADE DE ENSINO COLEGIO FARROUPILHA;-30.03584000;-51.17065000;infantil|fundamental_i|fundamental_ii;privada;ativa;geral;nao;RUA CARLOS HUBER, 425 TRES FIGUEIRAS. TRES FIGUEIRAS. 91330-150 Porto Alegre - RS.
43089518;CENTRO DE ENSINO MEDIO FARROUPILHA TEN CEL CORREIA LIMA;-30.06365000;-51.22089000;fundamental_ii;privada;ativa;geral;nao;RUA TENENTE CORONEL CORREIA LIMA, 140 MORRO SANTA TEREZA. 90850-250 Porto Alegre - RS.
43201717;CENTRO DE ENSINO MEDIO PASTOR DOHMS- UNIDADE DE ENSINO ZONA NORTE;-30.01468000;-51.11033000;fundamental_i|fundamental_ii;privada;ativa;geral;nao;RUA DARIO BORBA BROSSARD, 56 RUBEM BERTA. 91180-480 Porto Alegre - RS.
43109284;CENTRO DE ENSINO MEDIO PASTOR DOHMS- UNIDADE DE ENSINO ZONA SUL;-30.08148000;-51.20580000;infantil|fundamental_i|fundamental_ii;privada;ativa;geral;nao;AVENIDA ARNALDO BOHRER, 253 TERESOPOLIS. 91720-130 Porto Alegre - RS.
43107494;CENTRO DE ENSINO MEDIO PASTOR DOHMS-UNIDADE DE ENSINO HIGIENOPOLIS;-30.01213000;-51.18677000;infantil|fundamental_i|fundamental_ii;privada;ativa;geral;nao;RUA AMERICO VESPUCIO, 483 HIGIENOPOLIS. 90550-031 Porto Alegre - RS.
43211364;CENTRO DE ESTUDOS EDUCARE;-30.01060000;-51.13422000;infantil;privada;ativa;geral;nao;RUA VITORIO FRANCISCO GIORDANI, 165 JARDIM ITU SABARA. 91220-490 Porto Alegre - RS.
43209521;CENTRO DE FORMACAO PROFISSIONAL SENAI AUTOMOTIVO PORTO ALEGRE;-29.99265000;-51.09526000;;privada;ativa;geral;nao;DOS MAIAS, 830 RUBEM BERTA. 91170-200 Porto Alegre - RS.
43326080;CENTRO DE FORMACAO PROFISSIONAL SENAI PORTO ALEGRE;-29.98106391;-51.11561718;;privada;ativa;geral;nao;AVENIDA ASSIS BRASIL, 8450 SARANDI. 91140-000 Porto Alegre - RS.
43176500;CENTRO DE FORMACAO PROFISSIONAL SENAI VISCONDE DE MAUA;-30.00030172;-51.20093708;;privada;ativa;geral;nao;SERTORIO, 473 NAVEGANTES. 91020-001 Porto Alegre - RS.
43191681;CENTRO EDUCACIONAL BALAO AZUL - MATRIZ;-30.03050000;-51.20772000;infantil;privada;ativa;geral;nao;RUA CASTRO ALVES, 300 INDEPENDENCIA. 90430-130 Porto Alegre - RS.
43207731;CENTRO INFANTIL A PEQUENA SEREIA;-30.10699000;-51.23379000;infantil;privada;ativa;geral;nao;RUA DOUTOR BARCELOS, 2099 TRISTEZA. 91910-251 Porto Alegre - RS.
43211240;CENTRO INFANTIL ALGODAO DOCE;-30.01210000;-51.14315000;infantil;privada;ativa;geral;nao;RUA GOMES DE FREITAS, 230 JARDIM ITU SABARA. 91380-000 Porto Alegre - RS.
43191401;CENTRO INFANTIL AMIGUINHOS DA PRACA LTDA;-30.02671000;-51.17870000;infantil;privada;ativa;geral;nao;PRACA JAPAO, 203 234. BOA VISTA. 91340-380 Porto Alegre - RS.
43188419;CENTRO INFANTIL CONSTRUINDO;-30.01087720;-51.18327520;infantil;privada;ativa;geral;nao;RUA PORTUGAL, 218 SAO JOAO. 90520-310 Porto Alegre - RS.
43187595;CENTRO INFANTIL RECANTO FELIZ-LTDA;-30.01932000;-51.19324000;infantil;privada;ativa;geral;nao;RUA MARQUES DO POMBAL, 1077 MOINHOS DE VENTO. 90540-001 Porto Alegre - RS.
43201202;CENTRO INFANTIL RECANTO MIMOSO LTDA;-30.00821000;-51.18935000;infantil;privada;ativa;geral;nao;RUA DONA LEOPOLDINA, 270 SAO JOAO. 90550-130 Porto Alegre - RS.
43187536;CENTRO INFANTIL SER CRIANCA LTDA;-30.04449000;-51.18847000;infantil;privada;ativa;geral;nao;RUA FELIPE DE OLIVEIRA, 1309 PETROPOLIS. 90630-000 Porto Alegre - RS.
43188443;CENTRO INFANTIL TURMA DO GIZ DE CERA;-30.03676000;-51.22157000;infantil;privada;ativa;geral;nao;RUA SOFIA VELOSO, 179 CIDADE BAIXA. 90050-140 Porto Alegre - RS.
43190286;CLUBINHO DA CRIANCA - BERENICE AMORIM DE AMORIM -ME;-30.02240000;-51.11149000;infantil;privada;ativa;geral;nao;RUA LEDO GUIMARAES MARIANTE, 235 PROTASIO ALVES. 91250-190 Porto Alegre - RS.
43177000;CMET PAULO FREIRE;-30.04203160;-51.20995550;;municipal;ativa;geral;nao;R SANTA TEREZINHA, 572 SANTANA. 90040-180 Porto Alegre - RS.
43173349;COL CONHECER;-30.07106000;-51.22832000;fundamental_i|fundamental_ii;privada;ativa;geral;nao;AVENIDA CORONEL MARCOS, 910 PEDRA REDONDA. 90850-250 Porto Alegre - RS.
43105203;COL ESTADUAL CANDIDO JOSE DE GODOI;-30.00219000;-51.20284000;;estadual;ativa;geral;nao;AV FRANCA 400, 400 NAVEGANTES. 90230-220 Porto Alegre - RS.
43106048;COL ESTADUAL CARLOS FAGUNDES DE MELLO;-29.98028000;-51.19275000;fundamental_i|fundamental_ii;estadual;ativa;geral;nao;R IRMA MARIA JOSE TREVISAN 200, 200 NAVEGANTES VILA FAR. 90250-430 Porto Alegre - RS.
43108717;COL ESTADUAL CONEGO PAULO DE NADAL;-30.11489000;-51.22702000;fundamental_i|fundamental_ii;estadual;ativa;geral;nao;AV CAVALHADA 4357, 4357 CAVALHADA. 91740-001 Porto Alegre - RS.
43108733;COL ESTADUAL CORONEL AFONSO EMILIO MASSOT;-30.04639000;-51.21673000;fundamental_i|fundamental_ii;estadual;ativa;geral;nao;R JOSE HONORATO SANTOS 101, 101 AZENHA. 90050-040 Porto Alegre - RS.
43105190;COL ESTADUAL DOM JOAO BECKER;-30.01307000;-51.17667000;;estadual;ativa;geral;nao;R NOVA PRATA 180, 180 PASSO DA AREIA. 90520-150 Porto Alegre - RS.
43108091;COL ESTADUAL DR GLICERIO ALVES;-30.20959000;-51.17679000;fundamental_i|fundamental_ii;estadual;ativa;geral;nao;R EUSTAQUIO INACIO DA SILVEIRA 300, 300 BELEM NOVO. 91780-110 Porto Alegre - RS.
43108709;COL ESTADUAL ELPIDIO FERREIRA PAES;-30.08784000;-51.23782000;fundamental_i|fundamental_ii;estadual;ativa;geral;nao;R INHANDUI 432, 432 CRISTAL. 90820-170 Porto Alegre - RS.
43108113;COL ESTADUAL FLORINDA TUBINO SAMPAIO;-30.04059000;-51.18141000;fundamental_i|fundamental_ii;estadual;ativa;geral;nao;AV MONTENEGRO 269, 269 PETROPOLIS. 90460-160 Porto Alegre - RS.
43108202;COL ESTADUAL FRANCISCO A VIEIRA CALDAS JR;-30.05826000;-51.15919000;fundamental_i|fundamental_ii;estadual;ativa;geral;nao;R WALDOMIRO SCHAPKE 11 INTERCAP, 11 INTERCAP. PARTENON. 91530-390 Porto Alegre - RS.
43108741;COL ESTADUAL GENERAL ALVARO ALVES DA SILVA BRAGA;-30.06306000;-51.21745000;;estadual;ativa;geral;nao;R MARIANO DE MATOS 300, 300 SANTA TEREZA. 90880-250 Porto Alegre - RS.
43108008;COL ESTADUAL INACIO MONTANHA;-30.04802000;-51.21115000;;estadual;ativa;geral;nao;AV JOAO PESSOA 2125 0, 2125 0. AZENHA. 90040-000 Porto Alegre - RS.
43106595;COL ESTADUAL JAPAO;-30.03176000;-51.14194000;fundamental_i|fundamental_ii;estadual;ativa;geral;nao;R ENRICO CARUSO 444, 444 JARDIM ITU SABARA. 91215-300 Porto Alegre - RS.
43105220;COL ESTADUAL JULIO DE CASTILHOS;-30.04438000;-51.21292000;;estadual;ativa;geral;nao;AV AVENIDA PIRATINI 76, 76 SANTANA. 90040-160 Porto Alegre - RS.
43108016;COL ESTADUAL MARECHAL FLORIANO PEIXOTO;-30.02452000;-51.21334000;fundamental_i|fundamental_ii;estadual;ativa;geral;nao;R COMENDADOR CORUJA 315, 315 FLORESTA. 90220-180 Porto Alegre - RS.
43108083;COL ESTADUAL ODILA GAY DA FONSECA;-30.13692000;-51.22492000;fundamental_i|fundamental_ii;estadual;ativa;geral;nao;AV OSVALDO GONCALVES CRUZ 444, 444 IPANEMA. 91760-060 Porto Alegre - RS.
43108962;COL ESTADUAL PADRE RAMBO;-30.05716000;-51.19684000;;estadual;ativa;geral;nao;AV AVENIDA BENTO GONCALVES 1731, 1731 PARTENON. 90650-002 Porto Alegre - RS.
43106943;COL ESTADUAL PARANA;-30.07800000;-51.24217000;fundamental_i|fundamental_ii;estadual;ativa;geral;nao;AV TAQUARI 395, 395 CRISTAL. 90810-180 Porto Alegre - RS.
43108237;COL ESTADUAL PAULA SOARES;-30.03417000;-51.23140000;fundamental_i|fundamental_ii;estadual;ativa;geral;nao;R GENERAL AUTO 68, 68 CENTRO HISTORICO. 90010-380 Porto Alegre - RS.
43108024;COL ESTADUAL PIRATINI;-30.02423000;-51.19166000;;estadual;ativa;geral;nao;R EUDORO BERLINK 632, 632 AUXILIADORA. 90450-030 Porto Alegre - RS.
43108032;COL ESTADUAL PRESIDENTE ARTHUR DA COSTA E SILVA;-29.99945000;-51.13759000;fundamental_i|fundamental_ii;estadual;ativa;geral;nao;R BADEN POWELL 409, 409 SARANDI. 91110-040 Porto Alegre - RS.
43109187;COL ESTADUAL PROF ELMANO LAUFFER LEAL;-30.01186000;-51.13146000;;estadual;ativa;geral;nao;R TEN ARY TARRAGO 3345, 3345 JARDIM PLANALTO. 91225-002 Porto Alegre - RS.
43108482;COL ESTADUAL PROFESSOR OTAVIO DE SOUZA;-30.05282000;-51.18626000;fundamental_i|fundamental_ii;estadual;ativa;geral;nao;R AFONSO RODRIGUES 100, 100 JARDIM BOTANICO. 90690-170 Porto Alegre - RS.
43105181;COL ESTADUAL PROTASIO ALVES;-30.04749000;-51.21779000;;estadual;ativa;geral;nao;AV IPIRANGA 1090, 1090 AZENHA. 90160-091 Porto Alegre - RS.
43108180;COL ESTADUAL RUBEN BERTA;-30.02977000;-51.15150000;fundamental_i|fundamental_ii;estadual;ativa;geral;nao;AV SATURNINO DE BRITO 1400, 1400 VILA JARDIM. 91320-001 Porto Alegre - RS.
43173330;COL JOAO PAULO I - UNIDADE SUL;-30.12594000;-51.23891000;infantil|fundamental_i|fundamental_ii;privada;ativa;geral;nao;TRAVESSA PEDRA REDONDA, 400 IPANEMA. 91760-630 Porto Alegre - RS.
43107605;COL KENNEDY;-29.99550000;-51.12594000;infantil|fundamental_i|fundamental_ii;privada;ativa;geral;nao;AV ALCIDES SEVERIANO, 99 SARANDI. 91130-500 Porto Alegre - RS.
43105084;COL LA SALLE SANTO ANTONIO;-30.05547236;-51.20160538;infantil|fundamental_i|fundamental_ii;privada;ativa;geral;nao;RUA LUIZ DE CAMOES, 372 SANTO ANTONIO. 90620-150 Porto Alegre - RS.
43105106;COL LA SALLE SAO JOAO;-30.00822700;-51.18647895;infantil|fundamental_i|fundamental_ii;privada;ativa;geral;nao;RUA HONORIO SILVEIRA DIAS, 645 SAO JOAO. 90550-150 Porto Alegre - RS.
43104991;COL MARIA IMACULADA;-30.06716000;-51.23557000;infantil|fundamental_i|fundamental_ii;privada;ativa;geral;nao;AVENIDA PADRE CACIQUE, 1028 PRAIA DE BELAS. 90810-240 Porto Alegre - RS.
43108164;COL MARISTA NOSSA SENHORA DO ROSARIO;-30.04919615;-51.22891874;infantil|fundamental_i|fundamental_ii;privada;ativa;geral;nao;PRACA DOM SEBASTIAO, 02 INDEPENDENCIA. 90035-080 Porto Alegre - RS.
43105017;COL NOSSA SENHORA DO BOM CONSELHO;-30.02741000;-51.20914000;infantil|fundamental_i|fundamental_ii;privada;ativa;geral;nao;RUA RAMIRO BARCELOS, 996 FLORESTA. 90035-001 Porto Alegre - RS.
43105734;COL SANTA DOROTEIA;-30.01472000;-51.14904000;infantil|fundamental_i|fundamental_ii;privada;ativa;geral;nao;RUA MALI, 405 VILA IPIRANGA. 91370-230 Porto Alegre - RS.
43108130;COLEGIO ACM CENTRO;-30.03743410;-51.22968880;infantil|fundamental_i|fundamental_ii;privada;ativa;geral;nao;RUA WASHINGTON LUIZ, 1050 CENTRO HISTORICO. 90010-460 Porto Alegre - RS.
43105408;COLEGIO ADVENTISTA DE PORTO ALEGRE;-30.10402000;-51.23909000;infantil|fundamental_i|fundamental_ii;privada;ativa;geral;nao;RUA CAMAQUA, 534 CAMAQUA. 91910-630 Porto Alegre - RS.
43107800;COLEGIO ADVENTISTA DO PARTENON;-30.06653000;-51.17567000;infantil|fundamental_i|fundamental_ii;privada;ativa;geral;nao;AVENIDA VALADO, 363 CASA. PARTENON. 91510-740 Porto Alegre - RS.
43105637;COLEGIO ADVENTISTA MARECHAL RONDON;-30.01315000;-51.14875000;infantil|fundamental_i|fundamental_ii;privada;ativa;geral;nao;RUA MALI, 255 VILA IPIRANGA. 91370-230 Porto Alegre - RS.
43006850;COLEGIO AGIR;-30.03053840;-51.22685255;;privada;ativa;geral;nao;RUA MARECHAL FLORIANO PEIXOTO, 142 CENTRO HISTORICO. 90020-060 Porto Alegre - RS.
43104940;COLEGIO BATISTA BRASIL;-30.02107588;-51.20903726;infantil|fundamental_i|fundamental_ii;privada;ativa;geral;nao;AVENIDA CRISTOVAO COLOMBO, 1098 FLORESTA. 90560-001 Porto Alegre - RS.
43105149;COLEGIO BOM JESUS SEVIGNE;-30.03384643;-51.22675410;infantil|fundamental_i|fundamental_ii;privada;ativa;geral;nao;RUA DUQUE DE CAXIAS, 1475 CENTRO. 90010-283 Porto Alegre - RS.
43104967;COLEGIO CONCORDIA - PORTO ALEGRE;-30.00657000;-51.20227000;infantil|fundamental_i|fundamental_ii;privada;ativa;geral;nao;AVENIDA PRESIDENTE FRANKLIN ROOSEVELT, 770 NAVEGANTES. 90230-001 Porto Alegre - RS.
43104932;COLEGIO DE APLICACAO UFRGS;-30.07583000;-51.12293000;fundamental_i|fundamental_ii;federal;ativa;geral;nao;AVENIDA BENTO GONCALVES, 9500 PREDIO 43815. AGRONOMIA. 91501-970 Porto Alegre - RS.
43203876;COLEGIO GABARITO ZONA NORTE;-30.00911000;-51.14422000;;privada;ativa;geral;nao;AVENIDA ASSIS BRASIL, 4320 LOJA 78. SAO SEBASTIAO. 91110-000 Porto Alegre - RS.
43104983;COLEGIO ISRAELITA BRASILEIRO;-30.04057000;-51.19916000;infantil|fundamental_i|fundamental_ii;privada;ativa;geral;nao;AVENIDA PROTASIO ALVES, 943 RIO BRANCO. 90410-000 Porto Alegre - RS.
43238203;COLEGIO JOAO PAULO;-30.01697000;-51.19259000;infantil|fundamental_i|fundamental_ii;privada;ativa;geral;nao;RUA FILADELFIA, 314 HIGIENOPOLIS. 90520-510 Porto Alegre - RS.
43107575;COLEGIO JOAO XXIII;-30.07623000;-51.21484000;infantil|fundamental_i|fundamental_ii;privada;ativa;geral;nao;RUA SEPE TIARAJU, 1013 SANTA TEREZA. 90840-327 Porto Alegre - RS.
43172440;COLEGIO LEONARDO DA VINCI- BETA;-30.09512000;-51.24574000;infantil|fundamental_i|fundamental_ii;privada;ativa;geral;nao;AVENIDA ICARAI, 1879 CRISTAL. 90810-000 Porto Alegre - RS.
43172423;COLEGIO LEONARDO DA VINCI-ALFA;-30.03422000;-51.20292000;infantil|fundamental_i|fundamental_ii;privada;ativa;geral;nao;RUA CABRAL, 521 RIO BRANCO. 90420-121 Porto Alegre - RS.
43107567;COLEGIO LUTERANO DA PAZ;-29.99585000;-51.12572000;infantil|fundamental_i|fundamental_ii;privada;ativa;geral;nao;AVENIDA ALCIDES S. SEVERIANO, 100 SARANDI. 91130-500 Porto Alegre - RS.
43107419;COLEGIO MAE DE DEUS;-30.11222000;-51.24826000;infantil|fundamental_i|fundamental_ii;privada;ativa;geral;nao;RUA DOUTOR MARIO TOTTA, 1232 TRISTEZA. 91920-130 Porto Alegre - RS.
43107362;COLEGIO MARISTA ASSUNCAO;-30.07521000;-51.20276000;infantil|fundamental_i|fundamental_ii;privada;ativa;geral;nao;RUA DOM BOSCO, 103 GLORIA. 90680-580 Porto Alegre - RS.
43104959;COLEGIO MARISTA CHAMPAGNAT;-30.06063032;-51.17299444;infantil|fundamental_i|fundamental_ii;privada;ativa;geral;nao;AVENIDA BENTO GONCALVES, 4314 PREDIO 17. PARTENON. 90650-001 Porto Alegre - RS.
43178740;COLEGIO MARISTA IPANEMA;-30.13050000;-51.23943000;infantil|fundamental_i|fundamental_ii;privada;ativa;geral;nao;AVENIDA CORONEL MARCOS, 1959 IPANEMA. 91760-000 Porto Alegre - RS.
43002803;COLEGIO MARISTA IRMAO JAIME BIAZUS;-30.02402000;-51.09608000;;privada;ativa;geral;nao;ESTRADA ANTONIO SEVERINO, 1493 MARIO QUINTANA. 91250-330 Porto Alegre - RS.
43105130;COLEGIO MARISTA SAO PEDRO;-30.01687000;-51.20626000;infantil|fundamental_i|fundamental_ii;privada;ativa;geral;nao;RUA ALVARO CHAVES, 625 FLORESTA. 90220-040 Porto Alegre - RS.
43203817;COLEGIO MESQUITA;-30.01111000;-51.15336000;fundamental_i|fundamental_ii;privada;ativa;geral;nao;AVENIDA DO FORTE, 77 CRISTO REDENTOR. 91360-000 Porto Alegre - RS.
43105009;COLEGIO MILITAR DE PORTO ALEGRE;-30.03883000;-51.21336000;fundamental_ii;federal;ativa;geral;nao;AVENIDA JOSE BONIFACIO, 363 FARROUPILHA. 90040-130 Porto Alegre - RS.
43109152;COLEGIO MURIALDO;-30.06529487;-51.16831739;fundamental_i|fundamental_ii;privada;ativa;geral;nao;RUA VIDAL DE NEGREIROS, 417 SAO JOSE. 91520-480 Porto Alegre - RS.
43105025;COLEGIO NOSSA SRA DA GLORIA;-30.07643860;-51.20010775;infantil|fundamental_i|fundamental_ii;privada;ativa;geral;nao;AVENIDA PROFESSOR OSCAR PEREIRA, 3052 GLORIA. 91710-000 Porto Alegre - RS.
43108423;COLEGIO PROVINCIA DE SAO PEDRO;-30.02494915;-51.17297756;infantil|fundamental_i|fundamental_ii;privada;ativa;geral;nao;AVENIDA MARECHAL ANDREA, 345 BOA VISTA. 91340-400 Porto Alegre - RS.
43105050;COLEGIO RAINHA DO BRASIL;-30.05814000;-51.20053000;infantil|fundamental_i|fundamental_ii;privada;ativa;geral;nao;RUA PAULINO CHAVES, 262 SANTO ANTONIO. 90640-200 Porto Alegre - RS.
43107435;COLEGIO ROMANO SANTA MARTA;-30.05019000;-51.21737000;infantil|fundamental_i|fundamental_ii;privada;ativa;geral;nao;RUA MARCILIO DIAS, 1201 AZENHA. 90130-001 Porto Alegre - RS.
43105351;COLEGIO ROMANO SAO MATEUS;-30.00441000;-51.16511000;infantil|fundamental_i|fundamental_ii;privada;ativa;geral;nao;RUA BORTOLO BARBIERI, 90 JARDIM SAO PEDRO. 91040-160 Porto Alegre - RS.
43211402;COLEGIO ROMANO SENHOR BOM JESUS;-30.04335329;-51.14176299;infantil|fundamental_i|fundamental_ii;privada;ativa;geral;nao;RUA NOEL ROSA, 223 JARDIM ITU SABARA. 91210-110 Porto Alegre - RS.
43107370;COLEGIO SALESIANO DOM BOSCO;-30.01191250;-51.18014320;infantil|fundamental_i|fundamental_ii;privada;ativa;geral;nao;RUA DOUTOR EDUARDO CHARTIER, 360 PASSO DA AREIA. 90520-100 Porto Alegre - RS.
43105068;COLEGIO SANTA INES;-30.04375000;-51.18439000;infantil|fundamental_i|fundamental_ii;privada;ativa;geral;nao;AVENIDA PROTASIO ALVES, 2493 PETROPOLIS. 90410-002 Porto Alegre - RS.
43105076;COLEGIO SANTA TERESA DE JESUS PORTO ALEGRE;-30.09809698;-51.22978492;infantil|fundamental_i|fundamental_ii;privada;ativa;geral;nao;AV CAVALHADA, 2250 CAVALHADA. 91740-000 Porto Alegre - RS.
43105670;COLEGIO SINODAL DO SALVADOR;-30.01367417;-51.14687545;infantil|fundamental_i|fundamental_ii;privada;ativa;geral;nao;AVENIDA MATHILDE TREIN RENNER, 55 VILA IPIRANGA. 91370-050 Porto Alegre - RS.
43107389;COLEGIO VICENTINO SANTA CECILIA;-30.04304000;-51.19710000;infantil|fundamental_i|fundamental_ii;privada;ativa;geral;nao;RUA FELIPE DE OLIVEIRA, 448 PETROPOLIS. 90630-000 Porto Alegre - RS.
43188087;CREARE CULTURA RECREACAO ARTES E EDUCACAO;-30.11086000;-51.24819000;infantil;privada;ativa;geral;nao;RUA DOUTOR PEREIRA NETO, 440 TRISTEZA. 91920-530 Porto Alegre - RS.
43190251;CRECHE BALAO VERMELHO;-30.06044000;-51.22977000;infantil;privada;ativa;geral;nao;RUA BARAO DE CERRO LARGO, 93 MENINO DEUS. 90850-110 Porto Alegre - RS.
43188575;CRECHE BANZE - BEATRIZ REGINA BIFFI;-30.12298000;-51.20976000;infantil;privada;ativa;geral;nao;RUA ENFERMEIRO VENTURA, 200 VILA NOVA. 91750-320 Porto Alegre - RS.
43187528;CRECHE CIRCO DA FOLIA LTDA;-30.05922000;-51.15719000;infantil;privada;ativa;geral;nao;AVENIDA ELIAS CIRNE LIMA, 439 CASA. PARTENON. 91530-310 Porto Alegre - RS.
43188370;CRECHE DESCOBRINDO O MUNDO;-30.05033000;-51.22678000;infantil;privada;ativa;geral;nao;AVENIDA BASTIAN, 126 MENINO DEUS. 90130-020 Porto Alegre - RS.
43108253;CRECHE E BERCARIO GIORDANO BRUNO;-30.03388000;-51.18095000;infantil;privada;ativa;geral;nao;AVENIDA JOAO OBINO, 385 PETROPOLIS. 90470-150 Porto Alegre - RS.
43190510;CRECHE E RECREACAO LAGO DO CISNE LTDA;-30.05065000;-51.22288000;infantil;privada;ativa;geral;nao;RUA COMENDADOR RODOLFO GOMES, 263 MENINO DEUS. 90150-101 Porto Alegre - RS.
43187412;CRECHE RECANTO DA CRIANCA;-30.00741000;-51.15060000;infantil;privada;ativa;geral;nao;RUA COSTA RICA, 238 248. JARDIM LINDOIA. 91050-210 Porto Alegre - RS.
43187986;CRECHE VOVO OLMIRA LTDA ME;-30.05290000;-51.18562000;infantil;privada;ativa;geral;nao;RUA ROQUE GONZALES, 07 JARDIM BOTANICO. 90690-270 Porto Alegre - RS.
43191258;CRECHE WERNER SCHWUCHOW;-30.02684000;-51.20904000;infantil;privada;ativa;geral;nao;RUA RAMIRO BARCELOS, 910 FLORESTA. 90035-001 Porto Alegre - RS.
43201466;DESPERTAR EDUCACAO INFANTIL LTDA;-30.03324000;-51.18202000;infantil;privada;ativa;geral;nao;RUA ARMANDO PEREIRA CAMARA, 110 PETROPOLIS. 90470-070 Porto Alegre - RS.
43201555;E E I SAO FRANCISCO - ZONA SUL;-30.10307000;-51.24928000;infantil;privada;ativa;geral;nao;AVENIDA COPACABANA, 1171 TRISTEZA. 91900-050 Porto Alegre - RS.
43001254;E E IND ENS FUN PINDO POTY;-30.22072000;-51.09536000;infantil|fundamental_ii;estadual;ativa;geral;nao;ETR VAREJAO 217, 217 LAMI. 91787-170 Porto Alegre - RS.
43109276;EEF AMIGOS DO VERDE;-30.01743000;-51.18540000;infantil|fundamental_i;privada;ativa;geral;nao;RUA HONORIO SILVEIRA DIAS, 1675 HIGIENOPOLIS. 90540-070 Porto Alegre - RS.
43009352;EEI ALCATEIA;-30.18829850;-51.16703300;infantil;privada;ativa;geral;nao;AVENIDA JUCA BATISTA, 8000 LOTE 2011. BELEM NOVO. 91781-200 Porto Alegre - RS.
43004229;EEI ALEGRIA DE CRIANCA;-29.99644000;-51.12831000;;privada;paralisada;geral;nao;AV ALCIDES MAIA, 259 SARANDI. 91130-700 Porto Alegre - RS.
43211178;EEI ALGODAO DOCE;-29.99013000;-51.10778000;infantil;privada;ativa;geral;nao;RUA JOSE FERREIRA JARDIM, 360 SARANDI. 91140-480 Porto Alegre - RS.
43032419;EEI ANJO SAPEQUINHA;-30.01295000;-51.15774000;infantil;privada;ativa;geral;nao;RUA ALVARES CABRAL, 269 CRISTO REDENTOR. 91350-250 Porto Alegre - RS.
43046509;EEI AQUARELA;-30.09865000;-51.24773000;infantil;privada;ativa;geral;nao;RUA FOLHA DA TARDE, 39 CASA. CRISTAL. 91910-710 Porto Alegre - RS.
43001858;EEI AQUARELA DO SABER;-30.04889000;-51.20554000;infantil;privada;ativa;geral;nao;RUA MAESTRO MENDANHA, 240 SANTANA. 90620-160 Porto Alegre - RS.
43188990;EEI ARTE E MANHA;-30.09639000;-51.22741000;infantil;privada;ativa;geral;nao;AVENIDA DA CAVALHADA, 1977 CAVALHADA. 91740-001 Porto Alegre - RS.
43212808;EEI ARTE E TRAVESSURA;-30.01906000;-51.15573000;infantil;privada;ativa;geral;nao;RUA DOUTOR JOAO SIMPLICIO ALVES DE CARVALHO, 335 VILA IPIRANGA. 91360-260 Porto Alegre - RS.
43004385;EEI BANANA NANIKA;-30.04281000;-51.18099000;infantil;privada;ativa;geral;nao;AVENIDA PIRAPO, 22 PETROPOLIS. 90470-450 Porto Alegre - RS.
43187455;EEI BISPO ISAAC RODRIGUES ACO -CACIM;-30.04129000;-51.15856000;infantil;privada;ativa;geral;nao;AVENIDA PROTASIO ALVES, PETROPOLIS. 91310-002 Porto Alegre - RS.
43362478;EEI BRINCANDO COM AS LETRAS;-30.13268000;-51.22706000;infantil;privada;ativa;geral;nao;RUA GAVEA, 604 IPANEMA. 91760-040 Porto Alegre - RS.
43200923;EEI BRINCAR E APRENDER;-30.02769860;-51.21483330;infantil;privada;ativa;geral;nao;RUA GARIBALDI, 800 INDEPENDENCIA. 90035-051 Porto Alegre - RS.
43002030;EEI CAMBALHOTA KIDS;-30.05208000;-51.20386000;infantil;privada;ativa;geral;nao;RUA DR. VOLTAIRE PIRES, 617 SANTO ANTONIO. 90610-250 Porto Alegre - RS.
43004881;EEI CANTINHO DO CEU;-30.05673000;-51.14759000;infantil;privada;ativa;geral;nao;AVENIDA ANTONIO CARVALHO, 1451 AGRONOMIA. 91430-001 Porto Alegre - RS.
43004415;EEI CANTINHO DO SABER;-30.09168000;-51.22279000;infantil;privada;ativa;geral;nao;AVENIDA SAO SEBASTIAO, 57 NONOAI. 90830-420 Porto Alegre - RS.
43006795;EEI CARROSSEL;-30.03995000;-51.21136000;infantil;privada;ativa;geral;nao;RUA VIEIRA DE CASTRO, 250 FARROUPILHA. 90040-320 Porto Alegre - RS.
43009042;EEI CASA AMETISTA;-30.04557000;-51.18882000;infantil;privada;ativa;geral;nao;RUA VITOR HUGO, 250 PETROPOLIS. 90630-070 Porto Alegre - RS.
43004857;EEI CATIVAR;-30.01386000;-51.14627000;infantil;privada;ativa;geral;nao;AVENIDA DOM CLAUDIO JOSE GONCALVES PONCE DE LEAO, 376 VILA IPIRANGA. 91370-170 Porto Alegre - RS.
43009328;EEI CATIVAR - PARTENON;-30.07104000;-51.19985000;infantil;privada;ativa;geral;nao;RUA PAULINO AZURENHA, 1472 PARTENON. 90680-240 Porto Alegre - RS.
43004377;EEI COLIBRI;-30.02250000;-51.17941000;infantil;privada;ativa;geral;nao;AVENIDA ENGENHEIRO ALFREDO CORREA DAUDT, 300 BOA VISTA. 90480-120 Porto Alegre - RS.
43004296;EEI CRIARTE;-30.01839000;-51.16315000;infantil;privada;ativa;geral;nao;RUA ROQUE CALAGE, 755 PASSO DA AREIA. 91350-090 Porto Alegre - RS.
43208967;EEI DO SESC - SESQUINHO 4 DISTRITO;-30.00438000;-51.20256000;infantil;privada;ativa;geral;nao;AVENIDA BRASIL, 483 NAVEGANTES. 90230-061 Porto Alegre - RS.
43209050;EEI DOCE CARAMELO;-30.10239000;-51.25665000;infantil;privada;ativa;geral;nao;PRACA JOAO BERGMANN, 235 VILA ASSUNCAO. 91900-070 Porto Alegre - RS.
43001912;EEI ECOKIDS ESTACAO CRIANCA;-30.03110000;-51.18156000;;privada;extinta;geral;nao;RUA REGENTE, 176 PETROPOLIS. 90470-170 Porto Alegre - RS.
43009387;EEI EDUCARE III;-30.01408000;-51.16728000;;privada;extinta;geral;nao;RUA UMBU, 379 PASSO DA AREIA. 91350-110 Porto Alegre - RS.
43211224;EEI ESPACO CRIANCA;-30.02176000;-51.10908000;;privada;extinta;geral;nao;RUA HERMETO BERMUDEZ, 475 479. PROTASIO ALVES. 91250-040 Porto Alegre - RS.
43209025;EEI ESPACO CRIATIVO;-30.01594000;-51.19308000;infantil;privada;ativa;geral;nao;RUA FILADELFIA, 150 SAO JOAO. 90550-060 Porto Alegre - RS.
43004784;EEI ESTACAO CRIANCA II;-30.01019000;-51.13866000;infantil;privada;ativa;geral;nao;RUA GOMES DE FREITAS, 330 JARDIM ITU SABARA. 91380-330 Porto Alegre - RS.
43188710;EEI ESTACAO DA FELICIDADE;-30.03613000;-51.23486000;infantil;privada;ativa;geral;nao;RUA WASHINGTON LUIZ, 548 CENTRO HISTORICO. 90010-460 Porto Alegre - RS.
43187510;EEI FAVINHO DE MEL;-30.00161000;-51.15268000;infantil;privada;ativa;geral;nao;AVENIDA LA PAZ, 68 E 80 JARDIM LINDOIA. 91050-040 Porto Alegre - RS.
43210368;EEI FAZENDO ARTE;-30.09447450;-51.22889560;infantil;privada;ativa;geral;nao;RUA DOUTOR CAMPOS VELHO, 1741/1751 CASA. CRISTAL. 90820-001 Porto Alegre - RS.
43002064;EEI GENTE MIUDA;-30.01246660;-51.14800220;infantil;privada;ativa;geral;nao;AVENIDA BENNO MENTZ, 215 VILA IPIRANGA. 91370-020 Porto Alegre - RS.
43211313;EEI GENTE MIUDINHA;-30.01796000;-51.14900000;infantil;privada;ativa;geral;nao;RUA MALI, 787 CASA. VILA IPIRANGA. 91370-230 Porto Alegre - RS.
43188290;EEI GIRAFINHA TRAVESSA;-30.03848000;-51.22358000;infantil;privada;ativa;geral;nao;RUA DA REPUBLICA, 384 ANEXO 378. CIDADE BAIXA. 90050-320 Porto Alegre - RS.
43209270;EEI GIRASSOL;-30.04090000;-51.15216000;infantil;privada;ativa;geral;nao;RUA SOUZA LOBO, 1352 VILA JARDIM. 91320-320 Porto Alegre - RS.
43241204;EEI GIRASSOL LAMI;-30.23884380;-51.08790800;;privada;paralisada;geral;sim;R NOVA OLINDA, 203 LAMI. 91787-640 Porto Alegre - RS.
43239641;EEI HORA DE BRINCAR;-30.03515000;-51.14382000;infantil;privada;ativa;geral;nao;RUA GUADALAJARA, 845 JARDIM ITU SABARA. 91215-290 Porto Alegre - RS.
43004300;EEI IGORZINHO;-30.15770000;-51.19768000;infantil;privada;ativa;geral;nao;RUA HONORATO TONIOLO, 96 HIPICA. 91755-100 Porto Alegre - RS.
43004709;EEI JOAO E MARIA;-30.01693000;-51.15760000;infantil;privada;ativa;geral;nao;RUA SAPE, 575 JARDIM IPIRANGA. 91350-050 Porto Alegre - RS.
43206336;EEI LALILU LETRASIN LTDA EPP;-30.01606540;-51.15565070;infantil;privada;ativa;geral;nao;RUA ADAO BAINO, 587 CRISTO REDENTOR. 91350-240 Porto Alegre - RS.
43004750;EEI LAPIS DE COR;-30.02766000;-51.21645000;infantil;privada;ativa;geral;nao;AVENIDA PERNAMBUCO, 2808 NAVEGANTES. 90240-001 Porto Alegre - RS.
43188648;EEI LARANJINHA DO CEU;-30.00244000;-51.13786000;infantil;privada;ativa;geral;nao;RUA BADEN POWELL, 168 SARANDI. 91110-040 Porto Alegre - RS.
43210392;EEI MAIS ACAO;-30.01914000;-51.19513000;;privada;paralisada;geral;nao;AVENIDA NOVA YORK, 335 AUXILIADORA. 90550-070 Porto Alegre - RS.
43280005;EEI MARISTA MENINO JESUS;-30.01766510;-51.21350730;infantil;privada;ativa;geral;nao;R GARCA-MOURA, 100 FLORESTA. 90220-330 Porto Alegre - RS.
43188184;EEI MARISTA TIA JUSSARA;-29.99309010;-51.22430730;infantil;privada;ativa;geral;nao;RUA SANTA RITA DE CASSIA ILHA MARINHEIROS, 90 ILHA DOS MARINHEIROS. ARQUIPELAGO. 90090-000 Porto Alegre - RS.
43295150;EEI MUNDO DOS ANJOS;-30.03422000;-51.20636000;infantil;privada;ativa;geral;nao;RUA GIORDANO BRUNO, 96 RIO BRANCO. 90420-150 Porto Alegre - RS.
43191738;EEI MUNDO MAGICO;-30.04958000;-51.20377000;infantil;privada;ativa;geral;nao;RUA VICENTE DA FONTOURA, 1068 CASA. RIO BRANCO. 90640-000 Porto Alegre - RS.
43002269;EEI MUNDO MAGICO DA ALEGRIA;-30.14776000;-51.21230000;infantil;privada;ativa;geral;nao;RUA CIRINO PRUNES, 292 ESPIRITO SANTO. 91770-210 Porto Alegre - RS.
43002218;EEI PAIS E FILHOS;-30.06071000;-51.22837000;infantil;privada;ativa;geral;nao;RUA SILVEIRO, 841 MENINO DEUS. 90850-170 Porto Alegre - RS.
43002200;EEI PAMPEANO;-30.02930000;-51.19355000;;privada;paralisada;geral;nao;RUA DONA LEONOR, 360 RIO BRANCO. 90450-210 Porto Alegre - RS.
43089348;EEI PANAMERICANA;-30.03833930;-51.16670960;infantil;privada;ativa;geral;nao;RUA JOAO PAETZEL, 440 CHACARA DAS PEDRAS. 91330-280 Porto Alegre - RS.
43188338;EEI PAPIPUM FLORESTA;-30.02141000;-51.20300000;;privada;paralisada;geral;nao;RUA VISCONDE DO RIO BRANCO, 321 FLORESTA. 90570-140 Porto Alegre - RS.
43188702;EEI PEDACINHO DO CEU SOC SIMPLES;-30.00984000;-51.16365000;infantil;privada;ativa;geral;nao;RUA TAPAJOS, 149 JARDIM SAO PEDRO. 91040-410 Porto Alegre - RS.
43004679;EEI PEQUENO APRENDIZ;-30.04360060;-51.18847040;;privada;paralisada;geral;nao;RUA VITOR HUGO, 25 PETROPOLIS. 90630-070 Porto Alegre - RS.
43298214;EEI PEQUENO APRENDIZ;-30.01021000;-51.09678000;infantil;privada;ativa;geral;nao;RUA ANTONIO FRANCISCO LISBOA, 150 RUBEM BERTA. 91180-040 Porto Alegre - RS.
43001998;EEI PEQUENOS BRILHANTES;-30.01355000;-51.09916000;infantil;privada;ativa;geral;nao;AVENIDA BALTAZAR DE OLIVEIRA GARCIA, 4660 FUNDOS LATERAL. RUBEM BERTA. 91180-000 Porto Alegre - RS.
43108946;EEI PIAZITO;-30.05640000;-51.22819000;infantil;privada;ativa;geral;nao;AVENIDA PRAIA DE BELAS, 1948 PRAIA DE BELAS. 90110-000 Porto Alegre - RS.
43008704;EEI PIMPAO;-30.01495000;-51.10963000;infantil;privada;ativa;geral;nao;AVENIDA IRENE RUPERTI, 79 PARQUE SANTA FE. 91180-620 Porto Alegre - RS.
43009034;EEI PROJETO CRIANCA SOGIPA;-30.00930000;-51.18877000;infantil;privada;ativa;geral;nao;RUA BARAO DO COTEGIPE, 400 SAO JOAO. 90540-020 Porto Alegre - RS.
43191304;EEI PROJETO PENSAR;-30.05678610;-51.20151420;infantil;privada;ativa;geral;nao;RUA LUIZ DE CAMOES, 172 CASA. SANTO ANTONIO. 90620-150 Porto Alegre - RS.
43201172;EEI SEMEANDO O SABER;-30.00291000;-51.09094000;infantil;privada;ativa;geral;nao;RUA LUIZ CEZAR LEAL, 240 RUBEM BERTA. 91170-140 Porto Alegre - RS.
43148646;EEI SEMENTINHA DOURADA;-30.02029640;-51.15335720;infantil;privada;ativa;geral;nao;AVENIDA ENGENHEIRO JOSE MARIA DE CARVALHO, 69 VILA IPIRANGA. 91360-080 Porto Alegre - RS.
43001840;EEI SITIO DA INFANCIA;-30.12711650;-51.23730360;;privada;paralisada;geral;nao;AVENIDA JUCA BATISTA, 21 CAVALHADA. 91770-001 Porto Alegre - RS.
43002188;EEI SOBRADINHO ALEGRE;-30.03969000;-51.19460000;infantil;privada;ativa;geral;nao;AVENIDA CORONEL LUCAS DE OLIVEIRA, 1927 PETROPOLIS. 90460-001 Porto Alegre - RS.
43004687;EEI SONHO DE CRIANCA;-30.02105000;-51.18278000;infantil;privada;ativa;geral;nao;PRACA ALBERTO RAMOS, 906 HIGIENOPOLIS. 90520-050 Porto Alegre - RS.
43009140;EEI SONHO DE CRIANCA II;-30.01721000;-51.19326000;infantil;privada;ativa;geral;nao;RUA FILADELFIA, 331 SAO JOAO. 90550-060 Porto Alegre - RS.
43109047;EEI TAGARELA;-30.05666000;-51.21688000;infantil;privada;ativa;geral;nao;RUA AFONSO PENA, 115 AZENHA. 90160-020 Porto Alegre - RS.
43201008;EEI TEICHMANN E RITTER LTDA;-30.02616000;-51.19684000;infantil;privada;ativa;geral;nao;RUA MARQUES DO HERVAL, 625 MOINHOS DE VENTO. 90570-140 Porto Alegre - RS.
43201024;EEI TRES FIGUEIRAS - TARTARUGUINHA VERDE;-30.02892000;-51.17927000;infantil;privada;ativa;geral;nao;AVENIDA DOUTOR NILO PECANHA, 1353 TRES FIGUEIRAS. 91330-000 Porto Alegre - RS.
43004245;EEI TURMINHA DO PUFF;-30.11369000;-51.10212000;;privada;paralisada;geral;nao;RUA PADRE ROQUE GONZALES, 474 LOMBA DO PINHEIRO. 91570-170 Porto Alegre - RS.
43210996;EEI VIVENDO E APRENDENDO;-29.98433000;-51.13367000;infantil;privada;ativa;geral;nao;AVENIDA TOLEDO PIZA, 1107 SARANDI. 91120-300 Porto Alegre - RS.
43051545;EEP IBREP - EAD;-30.02984697;-51.22976270;;privada;ativa;geral;nao;AV. PRAIA DE BELAS, 1510 TERREO. PAIA D E BELAS. 90020-007 Porto Alegre - RS.
43011985;EEP SENAC COMUNIDADE;-30.03436000;-51.22605000;;privada;ativa;geral;nao;RUA CORONEL GENUINO, 358 CENTRO HISTORICO. 90010-350 Porto Alegre - RS.
43105505;EMEB DR LIBERATO SALZANO VIEIRA DA CUNHA;-29.99531560;-51.13337650;infantil|fundamental_i|fundamental_ii;municipal;ativa;geral;nao;R XAVIER DE CARVALHO, 274 SARANDI. 91110-440 Porto Alegre - RS.
43106668;EMEB PROFESSORA LEOPOLDA BARNEWITZ;-30.04068000;-51.22586000;fundamental_i;municipal;ativa;geral;nao;R JOAO ALFREDO 443, 443 CIDADE BAIXA. 90050-230 Porto Alegre - RS.
43179002;EMEEF PROF ELYSEU PAGLIOLI;-30.08683710;-51.23815840;fundamental_ii;municipal;ativa;exclusivo_deficiencia;nao;R BUTUI, 221 CRISTAL. 90820-150 Porto Alegre - RS.
43179010;EMEEF PROF LUIZ FRANCISCO LUCENA BORGES;-30.03402980;-51.14579510;infantil|fundamental_ii;municipal;ativa;exclusivo_deficiencia;nao;R CLAUDIO MANOEL DA COSTA, 270 JARDIM SABARA. 91210-250 Porto Alegre - RS.
43178995;EMEEF PROF LYGIA MORRONE AVERBUCK;-30.05417540;-51.16640090;infantil|fundamental_ii;municipal;ativa;exclusivo_deficiencia;nao;R SAO JOSEMARIA ESCRIVA, 0 S/N. JARDIM DO SALSO. 91410-000 Porto Alegre - RS.
43179029;EMEEF TRISTAO SUCUPIRA VIANNA;-30.15013880;-51.14594710;infantil|fundamental_ii;municipal;ativa;exclusivo_deficiencia;nao;AV ECON NILO WULFF, 955 RESTINGA. RESTINGA. 91790-000 Porto Alegre - RS.
43105440;EMEF AFONSO GUERREIRO LIMA;-30.11132890;-51.11218330;infantil|fundamental_i|fundamental_ii;municipal;ativa;geral;nao;R GUAIBA - LOMBA DO PINHEIRO, 203 LOMBA DO PINHEIRO. 91560-640 Porto Alegre - RS.
43105459;EMEF AMERICA;-30.07852900;-51.16788100;fundamental_i|fundamental_ii;municipal;ativa;geral;nao;RUA PADRE ANGELO COSTA, 175 VILA VARGAS. PARTENON. 91520-161 Porto Alegre - RS.
43105467;EMEF ARAMY SILVA;-30.09803260;-51.24169810;infantil|fundamental_i|fundamental_ii;municipal;ativa;geral;nao;R CHICO PEDRO, 390 CAMAQUA. 91910-650 Porto Alegre - RS.
43173713;EMEF CAMPOS DO CRISTAL;-30.11931260;-51.20053510;infantil|fundamental_i|fundamental_ii;municipal;ativa;geral;nao;BC IMPERIO, 75 VILA NOVA. 91750-730 Porto Alegre - RS.
43187560;EMEF CHAPEU DO SOL;-30.17737530;-51.17449390;infantil|fundamental_i|fundamental_ii;municipal;ativa;geral;nao;R GOMERCINDO DE OLIVEIRA, 115 CHAPEU DO SOL. 91787-034 Porto Alegre - RS.
43177581;EMEF CHICO MENDES;-30.03162180;-51.11248570;fundamental_i|fundamental_ii;municipal;ativa;geral;nao;R GENTIL AMANCIO CLEMENTE, 1 MORRO SANTANA. 91270-315 Porto Alegre - RS.
43241000;EMEF DE SURDOS BILINGUE SALOMAO WATNICK;-30.06351700;-51.15226200;infantil|fundamental_i|fundamental_ii;municipal;ativa;geral;nao;R CAPITAO PEDRO WERLANG, 1011 PARTENON. 91530-110 Porto Alegre - RS.
43105475;EMEF DECIO MARTINS COSTA;-30.01211060;-51.10066690;infantil|fundamental_i|fundamental_ii;municipal;ativa;geral;nao;R CRISTOVAO JAQUES, 488 SARANDI. 91140-420 Porto Alegre - RS.
43109128;EMEF DEP MARCIRIO GOULART LOUREIRO;-30.07656690;-51.17339100;fundamental_i|fundamental_ii;municipal;ativa;geral;nao;RUA SAIBREIRA, 1 CORONEL APARICIO BOR. 91510-350 Porto Alegre - RS.
43109225;EMEF DEP VICTOR ISSLER;-30.03558160;-51.11629440;fundamental_i|fundamental_ii;municipal;ativa;geral;nao;R DEZENOVE DE FEVEREIRO, 330 PROTASIO ALVES. MARIO QUINTANA. 91270-450 Porto Alegre - RS.
43105483;EMEF DOLORES ALCARAZ CALDAS;-30.15158420;-51.13786510;infantil|fundamental_i|fundamental_ii;municipal;ativa;geral;nao;R DR CARLOS NIEDERAUER HOFMEISTER, 85 RESTINGA. 91790-020 Porto Alegre - RS.
43109233;EMEF GABRIEL OBINO;-30.08414450;-51.20033310;infantil|fundamental_i|fundamental_ii;municipal;ativa;geral;nao;AV ENG LUDOLFO BOEHL, 1402 GLORIA. CASCATA. 91720-150 Porto Alegre - RS.
43107508;EMEF GOV ILDO MENEGHETTI;-29.99352180;-51.10532640;infantil|fundamental_i|fundamental_ii;municipal;ativa;geral;nao;R JAYME CYRINO MACHADO DE OLIVEIRA, 250 SANTA ROSA DE LIMA. 91160-060 Porto Alegre - RS.
43108571;EMEF GRANDE ORIENTE DO RGS;-30.02456700;-51.10349180;infantil|fundamental_i|fundamental_ii;municipal;ativa;geral;nao;R WOLFRAM METZLER, 600 RUBEM BERTA. 91250-320 Porto Alegre - RS.
43105548;EMEF HEITOR VILLA LOBOS;-30.09661540;-51.13272860;fundamental_i|fundamental_ii;municipal;ativa;geral;nao;AV SANTO DIAS DA SILVA, 1 VILA MAPA. LOMBA DO PINHEIRO. 91550-500 Porto Alegre - RS.
43172474;EMEF JEAN PIAGET;-30.00477310;-51.09538090;infantil|fundamental_i|fundamental_ii;municipal;ativa;geral;nao;AV MAJOR MANOEL JOSE MONTEIRO, 1 RUBEM BERTA. 91170-570 Porto Alegre - RS.
43109217;EMEF JOAO ANTONIO SATTE;-30.00013030;-51.09290430;fundamental_i|fundamental_ii;municipal;ativa;geral;nao;AV GAMAL ABDEL NASSER, 500 RUBEM BERTA. 91170-001 Porto Alegre - RS.
43105491;EMEF JOSE LOUREIRO DA SILVA;-30.08231950;-51.23251260;infantil|fundamental_i|fundamental_ii;municipal;ativa;geral;nao;AV CAPIVARI, 1999 CRISTAL. 90810-070 Porto Alegre - RS.
43169490;EMEF JOSE MARIANO BECK;-30.04826340;-51.15555520;infantil|fundamental_i|fundamental_ii;municipal;ativa;geral;nao;AV JOAQUIM PORTO VILLANOVA, 135 VILA PINTO. JARDIM CARVALHO. 91410-400 Porto Alegre - RS.
43109209;EMEF LAURO RODRIGUES;-30.01783890;-51.12343140;infantil|fundamental_i|fundamental_ii;municipal;ativa;geral;nao;R DR MARINO ABRAHAO, 240 PASSO DAS PEDRAS. 91230-260 Porto Alegre - RS.
43109063;EMEF LEOCADIA FELIZARDO PRESTES;-30.12936790;-51.21633470;infantil|fundamental_i|fundamental_ii;municipal;ativa;geral;nao;R ROMEU DE VASCONCELLOS ROSA, 10 LOTEAMENTO DO SALSO. VILA NOVA. 91751-370 Porto Alegre - RS.
43109144;EMEF LIDOVINO FANTON;-30.16140860;-51.14359990;infantil|fundamental_i|fundamental_ii;municipal;ativa;geral;nao;R MANOEL FARIA DA ROSA PRIMO, 940 RESTINGA VELHA. RESTINGA. 91790-770 Porto Alegre - RS.
43183018;EMEF MARIO QUINTANA;-30.15362170;-51.13193320;fundamental_i|fundamental_ii;municipal;ativa;geral;nao;R C VILA CASTELO, 1 RESTINGA. 91790-200 Porto Alegre - RS.
43177018;EMEF MIGRANTES;-29.98692760;-51.15784360;infantil|fundamental_i|fundamental_ii;municipal;ativa;geral;nao;AVENIDA SEVERO DULLIUS, 165 ANCHIETA. 90200-310 Porto Alegre - RS.
43293069;EMEF MORADAS DA HIPICA;-30.15866340;-51.17137130;infantil|fundamental_i|fundamental_ii;municipal;ativa;geral;nao;R GERALDO TOLLENS LINCK, 0 HIPICA. 91787-214 Porto Alegre - RS.
43177034;EMEF MORRO DA CRUZ;-30.07782330;-51.16079640;infantil|fundamental_i|fundamental_ii;municipal;ativa;geral;nao;RUA SANTA TERESA VILA SAO JOSE COMUNITARIA, 541 VILA SAO JOSE. 91520-713 Porto Alegre - RS.
43177042;EMEF NEUSA GOULART BRIZOLA;-30.11716530;-51.22837220;infantil|fundamental_i|fundamental_ii;municipal;ativa;geral;nao;R MONSENHOR RUBEN NEIS, 430 CAVALHADA. 91920-243 Porto Alegre - RS.
43105513;EMEF NOSSA SENHORA DE FATIMA;-30.04678460;-51.15842350;infantil|fundamental_i|fundamental_ii;municipal;ativa;geral;nao;R A VILA N S FATIMA-DIVINEIA, 15 BOM JESUS. 91420-701 Porto Alegre - RS.
43204643;EMEF NOSSA SENHORA DO CARMO;-30.14543290;-51.12789130;infantil|fundamental_i|fundamental_ii;municipal;ativa;geral;nao;R BISPO MARINO PRUDENCIO MOREIRA, 95 5 UNIDADE. RESTINGA. 91790-206 Porto Alegre - RS.
43105521;EMEF PEPITA DE LEAO;-30.01549330;-51.12788200;infantil|fundamental_i|fundamental_ii;municipal;ativa;geral;nao;R ESTADIO, 29 PASSO DAS PEDRAS. 91230-030 Porto Alegre - RS.
43177050;EMEF PORTO ALEGRE;-30.03622660;-51.23935010;;municipal;ativa;geral;nao;R WASHINGTON LUIZ, 203 CENTRO HISTORICO. 90010-160 Porto Alegre - RS.
43048200;EMEF PORTO NOVO;-30.00138680;-51.10744530;infantil|fundamental_i|fundamental_ii;municipal;ativa;geral;nao;RUA AMELIA SANTINI FORTUNATI, 101 SANTA ROSA DE LIMA. 91160-810 Porto Alegre - RS.
43108563;EMEF PRES JOAO BELCHIOR MARQUES GOULART;-29.97920950;-51.12592010;infantil|fundamental_i|fundamental_ii;municipal;ativa;geral;nao;R JOAO LUIZ PUFAL, 100 VILA ELIZABETH. SARANDI. 91120-530 Porto Alegre - RS.
43105530;EMEF PRESIDENTE VARGAS;-30.01661740;-51.12757650;fundamental_i|fundamental_ii;municipal;ativa;geral;nao;RUA ANA AURORA DO AMARAL LISBOA, 60 PASSO DAS PEDRAS. 91230-000 Porto Alegre - RS.
43109195;EMEF PROF ANA IRIS DO AMARAL;-30.03172820;-51.12531450;infantil|fundamental_i|fundamental_ii;municipal;ativa;geral;nao;AV MARIO MENEGHETTI, 1000 MORRO SANTANA. 91260-190 Porto Alegre - RS.
43172490;EMEF PROF ANISIO TEIXEIRA;-30.15979430;-51.20037030;fundamental_i|fundamental_ii;municipal;ativa;geral;nao;RUA FRANCISCO MATTOS TERRES, 40 JARDIM URUBATA. HIPICA. 91755-070 Porto Alegre - RS.
43109071;EMEF PROF GILBERTO JORGE GONCALVES DA SILVA;-30.13704950;-51.21117180;infantil|fundamental_i|fundamental_ii;municipal;ativa;geral;nao;R MORRO ALTO, 433 IPANEMA. 91751-650 Porto Alegre - RS.
43109055;EMEF PROF JUDITH MACEDO DE ARAUJO;-30.07599810;-51.16280460;fundamental_i|fundamental_ii;municipal;ativa;geral;nao;RUA SAUL CONSTANTINO VL SJ COMUNITARIA, 100 VILA SAO JOSE. 91520-716 Porto Alegre - RS.
43109098;EMEF PROF LARRY JOSE RIBEIRO ALVES;-30.15094500;-51.14414320;fundamental_i|fundamental_ii;municipal;ativa;geral;nao;AV ECON NILO WULFF, 1000 S/N. RESTINGA. 91790-000 Porto Alegre - RS.
43293050;EMEF RINCAO;-30.11683220;-51.16256230;fundamental_i|fundamental_ii;municipal;ativa;geral;nao;BC UM RUA LUIZ OTAVIO, 347 BELEM VELHO. 91787-331 Porto Alegre - RS.
43167179;EMEF SAINT HILAIRE;-30.12365760;-51.09806950;infantil|fundamental_i|fundamental_ii;municipal;ativa;geral;nao;R GERVAZIO BRAGA PINHEIRO, 427 LOMBA DO PINHEIRO. 91570-490 Porto Alegre - RS.
43167535;EMEF SAO PEDRO;-30.11285680;-51.10083350;infantil|fundamental_i|fundamental_ii;municipal;ativa;geral;nao;AV DEPUTADO ADAO PRETTO, 1190 LOMBA DO PINHEIRO. 91570-730 Porto Alegre - RS.
43107842;EMEF SEN ALBERTO PASQUALINI;-30.15313600;-51.14304800;fundamental_i|fundamental_ii;municipal;ativa;geral;nao;R TEN ARIZOLY FAGUNDES, 250 QUARTA UNIDADE. RESTINGA. 91790-520 Porto Alegre - RS.
43189253;EMEF TIMBAUVA;-30.02208790;-51.09497690;infantil|fundamental_i|fundamental_ii;municipal;ativa;geral;nao;R SEIS, 0 MARIO QUINTANA. 91250-000 Porto Alegre - RS.
43172482;EMEF VER ANTONIO GIUDICE;-29.98034030;-51.18579070;fundamental_i|fundamental_ii;municipal;ativa;geral;nao;RUA DR CAIO BRANDAO DE MELLO, 1 HUMAITA. 90250-110 Porto Alegre - RS.
43109080;EMEF VER CARLOS PESSOA DE BRUM;-30.15660830;-51.13599110;infantil|fundamental_i|fundamental_ii;municipal;ativa;geral;nao;R ABOLICAO, 1 RESTINGA VELHA. RESTINGA. 91790-130 Porto Alegre - RS.
43109101;EMEF VER MARTIM ARANHA;-30.08548150;-51.22813200;infantil|fundamental_i|fundamental_ii;municipal;ativa;geral;nao;R CONEGO PAULO ISIDORO DE NADAL, 1 SANTA TERESA. SANTA TEREZA. 90830-540 Porto Alegre - RS.
43175120;EMEF VILA MONTE CRISTO;-30.12226590;-51.21800760;infantil|fundamental_i|fundamental_ii;municipal;ativa;geral;nao;RUA CARLOS SUPERTI, 84 VILA NOVA. 91750-020 Porto Alegre - RS.
43173721;EMEF WENCESLAU FONTOURA;-30.02615950;-51.09931180;infantil|fundamental_i|fundamental_ii;municipal;ativa;geral;nao;R IRMA INES FAVERO, 1 MARIO QUINTANA. 91250-095 Porto Alegre - RS.
43173705;EMEI BAIRRO CAVALHADA;-30.09953090;-51.22936970;infantil;municipal;ativa;geral;nao;R CANELA, 180 CAVALHADA. CAVALHADA. 91740-190 Porto Alegre - RS.
43173551;EMEI DA VILA DA PASCOA;-29.99317560;-51.10554670;infantil;municipal;ativa;geral;nao;R LORIS JOSE ISATTO, 0 VL SANTA ROSA. RUBEM BERTA. 91160-160 Porto Alegre - RS.
43173624;EMEI DA VILA ELIZABETH;-29.98042910;-51.12706350;infantil;municipal;ativa;geral;nao;R PAULO GOMES DE OLIVEIRA, 120 VILA ELIZABETH. SARANDI. 91120-570 Porto Alegre - RS.
43173616;EMEI DA VILA FLORESTA;-30.00336140;-51.15639050;infantil;municipal;ativa;geral;nao;R MONTE ALEGRE, 55 JARDIM FLORESTA. JARDIM FLORESTA. 91040-120 Porto Alegre - RS.
43173497;EMEI DA VILA MAPA II;-30.09624198;-51.13468173;infantil;municipal;ativa;geral;nao;RUA PEDRO GOLOMBIEWSKI, 100 LOMBA DO PINHEIRO. 91550-230 Porto Alegre - RS.
43173667;EMEI DA VILA MAX GEISS;-30.00804680;-51.09649840;infantil;municipal;ativa;geral;nao;R ANTONIO FRANCISCO LISBOA, 400 RUBEM BERTA. RUBEM BERTA. 91180-040 Porto Alegre - RS.
43173560;EMEI DA VILA NOVA RESTINGA;-30.14879990;-51.14530610;infantil;municipal;ativa;geral;nao;R ALVARO DIFINI, 480 RESTINGA. 91790-560 Porto Alegre - RS.
43173500;EMEI DA VILA NOVA SAO CARLOS;-30.11055810;-51.11072730;infantil;municipal;ativa;geral;nao;R DARCY REIS NUNES, 30 LOMBA DO PINHEIRO. 91560-570 Porto Alegre - RS.
43175155;EMEI DA VILA SANTA ROSA;-29.99629000;-51.10676000;infantil;municipal;ativa;geral;nao;AV DONARIO BRAGA, 1 VILA SANTA ROSA. RUBEM BERTA. 91160-360 Porto Alegre - RS.
43173543;EMEI DA VILA TRONCO;-30.06900420;-51.21584110;infantil;municipal;ativa;geral;nao;AV MOAB CALDAS, 129 SANTA TEREZA. 90880-310 Porto Alegre - RS.
43177026;EMEI DA VILA VALNERI ANTUNES;-30.03072940;-51.11162570;infantil;municipal;ativa;geral;nao;AV MARTIM FELIX BERTA, 2353 VILA VALNERI ANTUNES. MARIO QUINTANA. 91270-650 Porto Alegre - RS.
43173675;EMEI DO JARDIM SALOMONI;-30.11656950;-51.22024050;infantil;municipal;ativa;geral;nao;R JOAQUIM DE CARVALHO, 325 VILA NOVA. VILA NOVA. 91740-840 Porto Alegre - RS.
43173586;EMEI DOM LUIZ DE NADAL;-30.15046410;-51.13961790;infantil;municipal;ativa;geral;nao;R DR CARLOS NIEDERAUER HOFMEISTER, 587 RESTINGA. 91790-020 Porto Alegre - RS.
43173527;EMEI DOS MUNICIPARIOS TIO BARNABE;-30.04661500;-51.21588930;infantil;municipal;ativa;geral;nao;R OTTO ERNST MEYER, 55 AZENHA. AZENHA. 90050-060 Porto Alegre - RS.
43173535;EMEI DR WALTER SILBER;-30.07081570;-51.16999170;infantil;municipal;ativa;geral;nao;RUA FREI CLEMENTE, 150 VILA SAO JOSE. 91520-260 Porto Alegre - RS.
43173691;EMEI ERICO VERISSIMO;-30.01477780;-51.12766510;infantil;municipal;ativa;geral;nao;R MODESTO FRANCO, 100 PASSO DAS PEDRAS. 91230-100 Porto Alegre - RS.
43173578;EMEI FLORENCIA VURLOD SOCIAS;-30.15294430;-51.14426290;infantil;municipal;ativa;geral;nao;R TEN ARIZOLY FAGUNDES, 250 ACESSO I SN. RESTINGA. 91790-520 Porto Alegre - RS.
43175147;EMEI HUMAITA;-29.98044300;-51.18540600;infantil;municipal;ativa;geral;nao;RUA DR CAIO BRANDAO DE MELLO, 1 HUMAITA. 90250-110 Porto Alegre - RS.
43175163;EMEI ILHA DA PINTADA;-30.01673180;-51.26050220;infantil;municipal;ativa;geral;nao;R GARRUCHOS, 0 ARQUIPELAGO. 90090-080 Porto Alegre - RS.
43173683;EMEI JARDIM BENTO GONCALVES;-30.06928200;-51.15537470;infantil;municipal;ativa;geral;nao;R SARGENTO EXPED GERALDO SANTANA, 40 PARTENON. PARTENON. 91530-640 Porto Alegre - RS.
43173489;EMEI JARDIM CAMAQUA;-30.11146550;-51.23548430;infantil;municipal;ativa;geral;nao;R JARDIM DAS BROMELIAS, 1 CAMAQUA. 91920-400 Porto Alegre - RS.
43107672;EMEI JP CANTINHO AMIGO;-30.04442860;-51.21941990;infantil;municipal;ativa;geral;nao;PRACA GARIBALDI, 0 AZENHA. 90050-020 Porto Alegre - RS.
43107680;EMEI JP CIRANDINHA;-30.02773650;-51.20517540;infantil;municipal;ativa;geral;nao;RUA VINTE E QUATRO DE OUTUBRO, 211 INDEPENDENCIA. 90510-002 Porto Alegre - RS.
43107699;EMEI JP GIRAFINHA;-30.05206340;-51.20509710;infantil;municipal;ativa;geral;nao;PCA JAYME TELLES, 1 SANTANA. 90650-100 Porto Alegre - RS.
43107702;EMEI JP MEU AMIGUINHO;-30.02090670;-51.21043830;infantil;municipal;ativa;geral;nao;R SAO CARLOS, 636 PCA BART DE GUSMAO. FLORESTA. 90220-121 Porto Alegre - RS.
43107710;EMEI JP PASSARINHO DOURADO;-30.01148260;-51.19603580;infantil;municipal;ativa;geral;nao;AV GUIDO MONDIN, 970 PRACA SAO GERALDO. SAO GERALDO. 90230-260 Porto Alegre - RS.
43108369;EMEI JP PATINHO FEIO;-30.00507600;-51.20148560;infantil;municipal;ativa;geral;nao;AV BRASIL, 593 SAO GERALDO. 90230-061 Porto Alegre - RS.
43107729;EMEI JP PICA-PAU AMARELO;-30.03478510;-51.23670280;infantil;municipal;ativa;geral;nao;PCA GEN OSORIO, 1 CENTRO HISTORICO. 90010-520 Porto Alegre - RS.
43185401;EMEI MAMAE CORUJA;-30.05193860;-51.20663090;infantil;municipal;ativa;geral;nao;AV BENTO GONCALVES, 642 AZENHA. 90650-000 Porto Alegre - RS.
43173608;EMEI MARIA MARQUES FERNANDES;-30.09709670;-51.13400100;infantil;municipal;ativa;geral;nao;AV SANTO DIAS DA SILVA, 550 LOMBA DO PINHEIRO. 91550-500 Porto Alegre - RS.
43048196;EMEI MIGUEL GRANATO VELASQUEZ;-29.98206670;-51.12403800;infantil;municipal;ativa;geral;nao;R ARMANDO COSTA, 0 LOTEAMENTO BONANZA. SARANDI. 91120-450 Porto Alegre - RS.
43181112;EMEI OSMAR DOS SANTOS FREITAS;-30.08183560;-51.22635480;infantil;municipal;ativa;geral;nao;BC UM RUA DONA OTILIA, 497 SANTA TEREZA. SANTA TEREZA. 90830-582 Porto Alegre - RS.
43173470;EMEI PADRE ANGELO COSTA;-30.06610690;-51.16752470;infantil;municipal;ativa;geral;nao;RUA PRIMEIRO DE MARCO, 300 VILA SAO JOSE. 91520-620 Porto Alegre - RS.
43173519;EMEI PARQUE DOS MAIAS II;-30.00425070;-51.09479840;infantil;municipal;ativa;geral;nao;R AMAURI CAFRUNE, 149 RUBEM BERTA. 91170-075 Porto Alegre - RS.
43181376;EMEI PAULO FREIRE;-30.15612270;-51.13779430;infantil;municipal;ativa;geral;nao;AV MERIDIONAL, 0 ESQUINA RUA TOBAGO. RESTINGA. 91790-070 Porto Alegre - RS.
43175139;EMEI PONTA GROSSA;-30.18503750;-51.21026080;infantil;municipal;ativa;geral;nao;ESTR RETIRO DA PONTA GROSSA, 3581 PONTA GROSSA. 91780-590 Porto Alegre - RS.
43173659;EMEI PROF MARIA HELENA CAVALHEIRO GUSMAO;-30.12490570;-51.21941080;infantil;municipal;ativa;geral;nao;R SILVINO OLIVEIRA, 250 VILA NOVA. 91750-057 Porto Alegre - RS.
43173462;EMEI PROTASIO ALVES;-30.03970450;-51.14437580;infantil;municipal;ativa;geral;nao;R ARACY FROES, 210 JARDIM SABARA. 91210-230 Porto Alegre - RS.
43141790;EMEI SANTO EXPEDITO;-30.00747140;-51.10029860;infantil;municipal;ativa;geral;nao;R SANTO EXPEDITO, 0 RUBEM BERTA. 91180-265 Porto Alegre - RS.
43173640;EMEI UNIDOS DA PAINEIRA;-30.06045610;-51.19437380;;municipal;paralisada;geral;nao;R TOBIAS BARRETO, 170 PARTENON. 90660-370 Porto Alegre - RS.
43173632;EMEI VALE VERDE;-30.04052720;-51.14375660;infantil;municipal;ativa;geral;nao;BC FRANKLIN, 270 JARDIM SABARA. 91210-060 Porto Alegre - RS.
43173594;EMEI VILA NOVA;-30.12641410;-51.20961570;infantil;municipal;ativa;geral;nao;R FERNANDO PESSOA, 350 VILA NOVA. 91750-340 Porto Alegre - RS.
43105246;EMEM EMILIO MEYER;-30.06926420;-51.20797960;infantil|fundamental_i|fundamental_ii;municipal;ativa;geral;nao;AV NITEROI, 472 MEDIANEIRA. 90880-270 Porto Alegre - RS.
43362486;ES EDUC INF DIVINA INFANCIA;-30.08504000;-51.18958000;infantil;privada;ativa;geral;nao;RUA DA GRUTA, 80 CASCATA. 91712-160 Porto Alegre - RS.
43105629;ESC ADVENTISTA DE ENSINO FUNDAMENTAL DO SARANDI;-29.99146000;-51.13296000;infantil|fundamental_i|fundamental_ii;privada;ativa;geral;nao;RUA PASSOS FIGUEIROA, 841 SARANDI. 91110-500 Porto Alegre - RS.
43107397;ESC DE EDUC BASICA DON LUIS GUANELLA;-30.02388985;-51.14640312;infantil|fundamental_i|fundamental_ii;privada;ativa;geral;nao;AVENIDA BENNO MENTZ, 1560 VILA IPIRANGA. 91370-020 Porto Alegre - RS.
43191843;ESC DE EDUC INF MIMO DE GENTE SOC SIMP LTDA ME;-30.00911000;-51.16188000;infantil;privada;ativa;geral;nao;RUA EDMUNDO BASTIAN, 206 CRISTO REDENTOR. 91040-050 Porto Alegre - RS.
43174590;ESC DE ENS FUND DESENVOLVER;-30.10819000;-51.23714000;fundamental_i|fundamental_ii;privada;ativa;geral;nao;RUA DOUTOR MARIO TOTTA, 2396 TRISTEZA. 91920-130 Porto Alegre - RS.
43107443;ESC DE ENS FUND LA SALLE PAO DOS POBRES;-30.04063000;-51.22693000;fundamental_i|fundamental_ii;privada;ativa;geral;nao;RUA DA REPUBLICA, 801 ESCOLA. CIDADE BAIXA. 90050-321 Porto Alegre - RS.
43105270;ESC DE ENS FUND NOSSA SENHORA DO CENACULO;-30.01603000;-51.17491000;infantil|fundamental_i|fundamental_ii;privada;ativa;geral;nao;VIELA SAO BRAZ, 17 PASSO DA AREIA. PASSO DA AREIA. 90520-480 Porto Alegre - RS.
43107400;ESC DE ENSINO FUNDAMENTAL MAE ADMIRAVEL;-30.04229040;-51.22657824;infantil|fundamental_i|fundamental_ii;privada;ativa;geral;nao;PRACA CONEGO MARCELINO, 107 CIDADE BAIXA. 90050-280 Porto Alegre - RS.
43210805;ESC EDUC ESPECIAL BARBARA SYBILLE FISCHINGER;-30.05880000;-51.16040000;infantil|fundamental_i;privada;ativa;exclusivo_deficiencia;sim;RUA MARCONE, 421 PARTENON. 91530-160 Porto Alegre - RS.
43208215;ESC EDUC INF A TURMA DO BARULHO;-30.06441000;-51.17168000;infantil;privada;ativa;geral;nao;RUA MARECHAL MALLET, 306 VILA JOAO PESSOA. 91520-600 Porto Alegre - RS.
43361412;ESC EDUC INF ABELHINHA SAPECA;-30.05393000;-51.19666000;;privada;extinta;geral;nao;RUA EVARISTO DA VEIGA, 252 PARTENON. 90620-230 Porto Alegre - RS.
43239412;ESC EDUC INF ADAPTAR;-30.13058000;-51.23875000;infantil;privada;ativa;geral;nao;RUA MANOEL LEAO, 162 CASA. PEDRA REDONDA. 91760-560 Porto Alegre - RS.
43217605;ESC EDUC INF BANANINHA;-29.98880000;-51.12827000;infantil;privada;ativa;geral;nao;RUA OLIVEIRA LOPES, 389 SARANDI. 91120-430 Porto Alegre - RS.
43206450;ESC EDUC INF CADE O AUAU LTDA;-30.02422000;-51.20811000;;privada;extinta;geral;nao;RUA DOUTOR VALE, 153 MOINHOS DE VENTO. 90560-010 Porto Alegre - RS.
43210341;ESC EDUC INF CIA DA CRIANCA;-30.01860000;-51.15468000;infantil;privada;ativa;geral;nao;RUA DOUTOR JOAO SIMPLICIO ALVES DE CARVALHO, 607 VILA IPIRANGA. 91360-260 Porto Alegre - RS.
43300138;ESC EDUC INF CONSTRUINDO A INFANCIA;-30.01689000;-51.15711000;infantil;privada;ativa;geral;nao;RUA SEPE, 621 PASSO DA AREIA. 91350-050 Porto Alegre - RS.
43254608;ESC EDUC INF DESCOBRINDO A VIDA;-30.07578000;-51.21311000;infantil;privada;ativa;geral;nao;RUA PROFESSOR CLEMENTE PINTO, 701 MEDIANEIRA. 90870-220 Porto Alegre - RS.
43364292;ESC EDUC INF DESCOBRINDO O SABER;-30.13924000;-51.22655000;infantil;privada;ativa;geral;nao;RUA RINCAO, 245 IPANEMA. 91760-670 Porto Alegre - RS.
43364306;ESC EDUC INF DESCOBRINDO SABERES;-30.00522000;-51.15263000;infantil;privada;ativa;geral;nao;TRAVESSA ANTILHAS, 74 JARDIM LINDOIA. 91050-110 Porto Alegre - RS.
43274005;ESC EDUC INF DUMBO;-30.15997000;-51.19838000;infantil;privada;ativa;geral;nao;RUA FRANCISCO MATTOS TERRES, 211 ABERTA DOS MORROS. 91755-070 Porto Alegre - RS.
43209661;ESC EDUC INF FILHOS DO SABER;-30.01814000;-51.20740000;infantil;privada;ativa;geral;nao;RUA CANCIO GOMES, 567 CASA. FLORESTA. 90220-060 Porto Alegre - RS.
43367399;ESC EDUC INF GERACAO ALEGRIA;-30.00943000;-51.19210000;infantil;privada;ativa;geral;nao;RUA CARLOS VON KOSERITZ, 505 SAO JOAO. 90540-031 Porto Alegre - RS.
43246028;ESC EDUC INF JANELINHA;-30.02384000;-51.17380000;infantil;privada;ativa;geral;nao;RUA PROFESSOR ROMANO REIF, 97 CASA. BOA VISTA. 91340-420 Porto Alegre - RS.
43209718;ESC EDUC INF JARDIM MAGICO;-30.09996000;-51.23249000;infantil;privada;ativa;geral;nao;RUA DOUTOR BARCELOS, 2750 TRISTEZA. 91910-251 Porto Alegre - RS.
43299172;ESC EDUC INF MUNDO DA IMAGINACAO;-30.06323000;-51.17110000;infantil;privada;ativa;geral;nao;RUA DONA FIRMINA, 151 SAO JOSE. 91520-210 Porto Alegre - RS.
43206492;ESC EDUC INF NOVA GERACAO;-30.00752000;-51.17849000;;privada;paralisada;geral;nao;RUA ERNESTO DA FONTOURA, 1055 SAO GERALDO. 91030-290 Porto Alegre - RS.
43215408;ESC EDUC INF PAIXAO DE APRENDER;-30.00233000;-51.15124000;infantil;privada;ativa;geral;nao;AVENIDA PANAMERICANA, 877 JARDIM LINDOIA. 91050-001 Porto Alegre - RS.
43362460;ESC EDUC INF PASTORZINHO;-30.01455000;-51.10930000;infantil;privada;ativa;geral;nao;AVENIDA DELMAR ROCHA BARBOSA, 151 RUBEM BERTA. 91180-490 Porto Alegre - RS.
43210465;ESC EDUC INF PEQUENINOS;-30.02231000;-51.17836000;infantil;privada;ativa;geral;nao;RUA FREI HENRIQUE GOLLAND TRINDADE, 330 BOA VISTA. 90480-140 Porto Alegre - RS.
43367453;ESC EDUC INF PEQUENO PRINCIPE LTDA;-30.10640000;-51.24834000;infantil;privada;ativa;geral;nao;RUA DOUTOR DIAS DE CARVALHO, 278 TRISTEZA. 91910-270 Porto Alegre - RS.
43364250;ESC EDUC INF PIRLIMPIMPIM;-30.03723000;-51.19909000;infantil;privada;ativa;geral;nao;RUA PROFESSOR ALVARO ALVIM, 310 RIO BRANCO. 90420-020 Porto Alegre - RS.
43240801;ESC EDUC INF QUERUBIM;-30.05558000;-51.19739000;infantil;privada;ativa;geral;nao;RUA SAO MANOEL, 2215 RIO BRANCO. 90620-110 Porto Alegre - RS.
43298168;ESC EDUC INF RECANTO DO SABER;-30.04163000;-51.14326000;infantil;privada;ativa;geral;nao;RUA FRANKLIN, 105 CASA. JARDIM ITU SABARA. 91210-060 Porto Alegre - RS.
43209220;ESC EDUC INF SEMENTINHA DE VIDA;-30.05894000;-51.22064000;infantil;privada;ativa;geral;nao;RUA ALMIRANTE GONCALVES, 84 MENINO DEUS. 90160-140 Porto Alegre - RS.
43275001;ESC EDUC INF TIA DAISY;-30.00656000;-51.12991000;infantil;privada;ativa;geral;nao;RUA DOM JAIME DE BARROS CAMARA, 436 SARANDI. 91130-160 Porto Alegre - RS.
43108881;ESC EDUC INF TIO CHICO;-30.06908000;-51.18453000;infantil;estadual;ativa;geral;nao;RUA SILVADO, 456 PREDIO. CORONEL APARICIO BORGES. 91510-100 Porto Alegre - RS.
43206301;ESC EDUC INF UNIVERSO MAGICO;-30.04812000;-51.17195000;infantil;privada;ativa;geral;nao;RUA NEY MESSIAS, 55 JARDIM DO SALSO. 91410-120 Porto Alegre - RS.
43300189;ESC EDUC INF VIDA NOVA;-29.99562000;-51.20030000;;privada;paralisada;geral;nao;RUA SANTOS PEDROSO, 163 NAVEGANTES. 90240-180 Porto Alegre - RS.
43208800;ESC ENS FUND CENTRO INTEGRADO DE DESENVOLVIMENTO;-30.03434000;-51.21128000;infantil|fundamental_i;privada;ativa;geral;nao;RUA FERNANDES VIEIRA, 553 BOM FIM. 90035-091 Porto Alegre - RS.
43005055;ESC ENS FUND WALDORF QUERENCIA;-30.12711000;-51.23822000;infantil|fundamental_i|fundamental_ii;privada;ativa;geral;nao;BECO PONTA GROSSA, 874 PONTA GROSSA. 91780-570 Porto Alegre - RS.
43000452;ESC ENS MEDIO CESI ZONA SUL;-30.16047000;-51.18704000;fundamental_i|fundamental_ii;privada;ativa;geral;nao;RUA JOSE BRAULIO DA FONSECA, 44 ESCOLA. ABERTA DOS MORROS. 91787-895 Porto Alegre - RS.
43105335;ESC ENS MEDIO MARIA IMACULADA;-30.06749000;-51.21026000;infantil|fundamental_i|fundamental_ii;privada;ativa;geral;nao;RUA GENERAL GOMES CARNEIRO, 364 MEDIANEIRA. 90870-310 Porto Alegre - RS.
43179037;ESC ESP EDUCANDARIO SAO JOAO BATISTA;-30.12894298;-51.23049083;fundamental_i|fundamental_ii;privada;ativa;exclusivo_deficiencia;sim;RUA TENENTE CORONEL MARIO DOERNTE, 200 IPANEMA. 91760-020 Porto Alegre - RS.
43105874;ESC EST ED BAS APELES PORTO ALEGRE;-30.05092000;-51.20053000;fundamental_i|fundamental_ii;estadual;ativa;geral;nao;R SAO MANOEL 1981, 1981 SANTANA. 90620-110 Porto Alegre - RS.
43106161;ESC EST ED BAS DOLORES ALCARAZ CALDAS;-30.01881000;-51.16140000;fundamental_i|fundamental_ii;estadual;ativa;geral;nao;R AFONSO CELSO PUPE DA SILVEIRA 25, 25 JARDIM IPIRANGA. 91360-020 Porto Alegre - RS.
43106420;ESC EST ED BAS FERNANDO GOMES;-30.04822000;-51.16931000;fundamental_i|fundamental_ii;estadual;ativa;geral;nao;R PROF FREDERICO G. GAELZER 168, 168 JARDIM DO SALSO. 91410-140 Porto Alegre - RS.
43106498;ESC EST ED BAS GOMES CARNEIRO;-30.02262000;-51.15333000;fundamental_i|fundamental_ii;estadual;ativa;geral;nao;PCA PAULO DE ARAGAO BOZZANO SN, SN VILA IPIRANGA. 91360-160 Porto Alegre - RS.
43106790;ESC EST ED BAS MONSENHOR LEOPOLDO HOFF;-30.03823000;-51.16359000;fundamental_i|fundamental_ii;estadual;ativa;geral;nao;R MOEMA 255, 255 CHACARA DAS PEDRAS. 91330-500 Porto Alegre - RS.
43108768;ESC EST ED BAS PRESIDENTE ROOSEVELT;-30.05398000;-51.22645000;fundamental_i|fundamental_ii;estadual;ativa;geral;nao;R BOTAFOGO 396, 396 MENINO DEUS. 90150-050 Porto Alegre - RS.
43105750;ESC EST ENS FUN ACORIANOS;-30.03450000;-51.15732000;fundamental_i|fundamental_ii;estadual;ativa;geral;nao;R SALVADOR PINHEIRO 65, 65 VILA JARDIM. 91320-240 Porto Alegre - RS.
43105793;ESC EST ENS FUN ALCEU WAMOSY;-30.11127000;-51.23483000;fundamental_i|fundamental_ii;estadual;ativa;geral;nao;R JARDIM DAS BROMELIAS 52, 52 JARDIM CAMAQUA. 91920-400 Porto Alegre - RS.
43107290;ESC EST ENS FUN ALDO LOCATELLI;-30.04887000;-51.14605000;fundamental_i|fundamental_ii;estadual;ativa;geral;nao;R RUA THOMAZ FRANCISCO DE JESUS SN, SN JARDIM CARVALHO. 91430-750 Porto Alegre - RS.
43106145;ESC EST ENS FUN ALMIRANTE ALVARO ALBERTO DA MOTTA E SILVA;-30.08045000;-51.22536000;fundamental_i|fundamental_ii;estadual;ativa;geral;nao;R DONA HELENA 100 VILA BARRA, 100 VILA BARRA. SANTA TEREZA. 90830-585 Porto Alegre - RS.
43105831;ESC EST ENS FUN AMERICA;-30.01540000;-51.12168000;fundamental_i|fundamental_ii;estadual;ativa;geral;nao;R OCTACILIO JOSE DIAS S/N, S/N JARDIM INGA. 91230-380 Porto Alegre - RS.
43105840;ESC EST ENS FUN ANA NERI;-30.00297000;-51.14277000;fundamental_i|fundamental_ii;estadual;ativa;geral;nao;R JOAQUIM SILVEIRA 738, 738 SAO SEBASTIAO. 91060-320 Porto Alegre - RS.
43108830;ESC EST ENS FUN ANITA GARIBALDI;-30.10402000;-51.17090000;fundamental_i;estadual;ativa;geral;nao;R SAO JOSE DO NORTE SN, SN BELEM VELHO. 91712-160 Porto Alegre - RS.
43105882;ESC EST ENS FUN ARAGUAIA;-30.15388000;-51.18282000;fundamental_i|fundamental_ii;estadual;ativa;geral;nao;ETR GEDEON LEITE 780, 780 ABERTA DOS MORROS. 91787-770 Porto Alegre - RS.
43105890;ESC EST ENS FUN ARAUJO PORTO ALEGRE;-29.98629000;-51.12542000;fundamental_i|fundamental_ii;estadual;ativa;geral;nao;R PANDIA CALOGERAS 429, 429 SARANDI. 91120-560 Porto Alegre - RS.
43105904;ESC EST ENS FUN ARAUJO VIANA;-30.06699000;-51.16161000;fundamental_i|fundamental_ii;estadual;ativa;geral;nao;R NOVE DE JUNHO 542, 542 PARTENON. 91520-610 Porto Alegre - RS.
43107087;ESC EST ENS FUN AURELIO REIS;-30.00283000;-51.15659000;fundamental_i|fundamental_ii;estadual;ativa;geral;nao;R MONTE ALEGRE 119, 119 JARDIM FLORESTA. 91040-120 Porto Alegre - RS.
43105920;ESC EST ENS FUN BAEPENDI;-30.08440000;-51.19923000;fundamental_i|fundamental_ii;estadual;ativa;geral;nao;ETR DOS ALPES 54 CASA DIRET, 54 CASA DIRET. CASCATA. 91720-120 Porto Alegre - RS.
43105939;ESC EST ENS FUN BAHIA;-30.02433000;-51.17517000;fundamental_i|fundamental_ii;estadual;ativa;geral;nao;R PROFESSOR ANGELITO ASMUS AIQUE 125, 125 BOA VISTA. 91340-410 Porto Alegre - RS.
43108490;ESC EST ENS FUN BENTO GONCALVES;-30.00142000;-51.10189000;fundamental_i|fundamental_ii;estadual;ativa;geral;nao;R JORGE FURTADO 47, 47 RUBEM BERTA. 91160-680 Porto Alegre - RS.
43105980;ESC EST ENS FUN BRASILIA;-30.00055000;-51.19089000;fundamental_i|fundamental_ii;estadual;ativa;geral;nao;R DONA MARGARIDA 1199, 1199 NAVEGANTES. 90240-611 Porto Alegre - RS.
43105998;ESC EST ENS FUN BRIGADEIRO FRANCISCO DE LIMA E SILVA;-30.01661000;-51.14878000;fundamental_i|fundamental_ii;estadual;ativa;geral;nao;R TUNISIA 60, 60 JARDIM ITATI. 91370-290 Porto Alegre - RS.
43106005;ESC EST ENS FUN BRIGADEIRO SILVA PAES;-30.07460000;-51.21331000;fundamental_i|fundamental_ii;estadual;ativa;geral;nao;R PROF CLEMENTE PINTO 555, 555 TERESOPOLIS. 90870-220 Porto Alegre - RS.
43106013;ESC EST ENS FUN CAMILA FURTADO ALVES;-30.01482000;-51.21146000;fundamental_i|fundamental_ii;estadual;ativa;geral;nao;R ALMIRANTE BARROSO 79, 79 FLORESTA. 90220-021 Porto Alegre - RS.
43106021;ESC EST ENS FUN CANDIDO PORTINARI;-30.04681000;-51.22370000;fundamental_i|fundamental_ii;estadual;ativa;geral;nao;R MUCIO TEIXEIRA 252, 252 MENINO DEUS. 90050-360 Porto Alegre - RS.
43108229;ESC EST ENS FUN CIDADE JARDIM;-30.09432000;-51.22197000;fundamental_i|fundamental_ii;estadual;ativa;geral;nao;AV FABIO ARAUJO SANTOS 1265 PREDIO, 1265 PREDIO. NONOAI. 91720-390 Porto Alegre - RS.
43106080;ESC EST ENS FUN CLOTILDE CACHAPUZ DE MEDEIROS;-30.14639000;-51.22074000;fundamental_i|fundamental_ii;estadual;ativa;geral;nao;R DOS ARACHANES 242, 242 ESPIRITO SANTO. 91770-130 Porto Alegre - RS.
43106099;ESC EST ENS FUN COELHO NETO;-30.04419000;-51.16363000;fundamental_i|fundamental_ii;estadual;ativa;geral;nao;R ALEXANDRE HERCULANO 11, 11 BOM JESUS. 91420-360 Porto Alegre - RS.
43107923;ESC EST ENS FUN CORONEL APARICIO BORGES;-30.06866000;-51.18813000;fundamental_i|fundamental_ii;estadual;ativa;geral;nao;AV CORONEL APARICIO BORGES 2160, 2160 CORONEL APARICIO BOR. 90680-570 Porto Alegre - RS.
43106102;ESC EST ENS FUN CORONEL TITO MARQUES FERNANDES;-30.06664000;-51.22189000;fundamental_i;estadual;ativa;geral;nao;R CLEVELAND JUNTO A DL 250, 250 MORRO SANTA TEREZA. 90850-240 Porto Alegre - RS.
43106129;ESC EST ENS FUN CUSTODIO DE MELLO;-30.16444000;-51.22821000;fundamental_i|fundamental_ii;estadual;ativa;geral;nao;R ARGEMIRO OGANDO CORREA 220 V SARGENTO, 220 V SARGENTO. SERRARIA. 91770-810 Porto Alegre - RS.
43107303;ESC EST ENS FUN DANILO ANTONIO ZAFFARI;-29.98580000;-51.19507000;fundamental_i|fundamental_ii;estadual;ativa;geral;nao;R GENERAL MARCOS KRUCHIN 291, 291 FARRAPOS. 90245-250 Porto Alegre - RS.
43108547;ESC EST ENS FUN DAVID CANABARRO;-30.01707000;-51.11680000;fundamental_i|fundamental_ii;estadual;ativa;geral;nao;R LIDIA MOSCHETTI 200, 200 JARDIM LEOPOLDINA. 91240-100 Porto Alegre - RS.
43107478;ESC EST ENS FUN DECIO MARTINS COSTA;-29.98212000;-51.13466000;fundamental_i|fundamental_ii;estadual;ativa;geral;nao;R DOMINGOS DE ABREU 967, 967 SARANDI. 91120-090 Porto Alegre - RS.
43106153;ESC EST ENS FUN DESIDERIO TORQUATO FINAMOR;-30.06095000;-51.17197000;fundamental_i|fundamental_ii;estadual;ativa;geral;nao;AV BENTO GONCALVES 7500 PREDIO, 7500 PREDIO. AGRONOMIA. 91540-000 Porto Alegre - RS.
43106137;ESC EST ENS FUN DOM PEDRO I;-30.07432000;-51.19910000;fundamental_i|fundamental_ii;estadual;ativa;geral;nao;R PEDRO BOTICARIO 654, 654 GLORIA. 90660-070 Porto Alegre - RS.
43106188;ESC EST ENS FUN DONA LUIZA FREITAS VALE ARANHA;-30.12056000;-51.17662000;fundamental_i|fundamental_ii;estadual;ativa;geral;nao;ETR ESTRADA COSTA GAMA 801, 801 BELEM VELHO. 91787-311 Porto Alegre - RS.
43106030;ESC EST ENS FUN DR CARLOS BARBOSA GONCALVES;-29.99376000;-51.19820000;fundamental_i|fundamental_ii;estadual;ativa;geral;nao;TRV DR HEINZELMANN 250, 250 NAVEGANTES. 90240-100 Porto Alegre - RS.
43106200;ESC EST ENS FUN DR EMILIO KEMP;-30.05232000;-51.19482000;fundamental_i|fundamental_ii;estadual;ativa;geral;nao;R MONTEIRO LOBATO 475, 475 PARTENON. 90620-270 Porto Alegre - RS.
43106218;ESC EST ENS FUN DR FERREIRA DE ABREU;-29.99860000;-51.12758000;fundamental_i|fundamental_ii;estadual;ativa;geral;nao;R BATOVI 25, 25 VILA LEAO SARANDI. 91130-520 Porto Alegre - RS.
43106528;ESC EST ENS FUN DR GUSTAVO ARMBRUST;-30.01039000;-51.14051000;fundamental_i|fundamental_ii;estadual;ativa;geral;nao;R PROFESSOR EMILIO KEMP 65, 65 JARDIM ITU SABARA. 91380-380 Porto Alegre - RS.
43106650;ESC EST ENS FUN DR HEROPHILO CARVALHO DE AZAMBUJA;-30.05513000;-51.14995000;fundamental_i;estadual;ativa;geral;nao;R RUA VIUVINHA 277, 277 JARDIM CARVALHO. 91430-817 Porto Alegre - RS.
43106234;ESC EST ENS FUN DR JOSE CARLOS FERREIRA;-30.06804000;-51.19150000;;estadual;paralisada;geral;nao;R MARIO DE ARTAGAO 455 PREDIO, 455 PREDIO. PARTENON. 90680-090 Porto Alegre - RS.
43106242;ESC EST ENS FUN DR JOSE LOUREIRO DA SILVA;-30.18540890;-51.20935074;fundamental_i|fundamental_ii;estadual;ativa;geral;nao;ETR ESTRADA RETIRO DA PONTA GROSSA 3541, 3541 PONTA GROSSA. 91780-590 Porto Alegre - RS.
43106250;ESC EST ENS FUN DR MARTINS COSTA JUNIOR;-30.07405000;-51.16904000;fundamental_i|fundamental_ii;estadual;ativa;geral;nao;R D FIRMINA 1377, 1377 SAO JOSE PARTENON. 91520-210 Porto Alegre - RS.
43106293;ESC EST ENS FUN DR PACHECO PRATES;-30.11660000;-51.17917000;fundamental_i|fundamental_ii;estadual;ativa;geral;nao;PCA NOSSA SENHORA DE BELEM SN, SN BELEM VELHO. 91712-240 Porto Alegre - RS.
43106307;ESC EST ENS FUN DR VICTOR DE BRITTO;-30.08991000;-51.21467000;fundamental_i|fundamental_ii;estadual;ativa;geral;nao;R SEBASTIAO WOLF 231, 231 NONOAI. 91720-540 Porto Alegre - RS.
43106323;ESC EST ENS FUN ENG RODOLFO AHRONS;-30.01538000;-51.09996000;fundamental_i|fundamental_ii;estadual;ativa;geral;nao;ETR ANTONIO SEVERINO NETO 109, 109 RUBEM BERTA. 91250-330 Porto Alegre - RS.
43106331;ESC EST ENS FUN ESPIRITO SANTO;-30.07805000;-51.19195000;fundamental_i;estadual;ativa;geral;nao;R ASCENCAO 245, 245 GLORIA. 91710-180 Porto Alegre - RS.
43106340;ESC EST ENS FUN ESTADO DO RIO GRANDE DO SUL;-30.03636000;-51.23395000;;estadual;paralisada;geral;nao;R WASHINGTON LUIZ 980, 980 CENTRO. 90010-460 Porto Alegre - RS.
43106358;ESC EST ENS FUN EUCLIDES DA CUNHA;-30.06336000;-51.22740000;fundamental_ii;estadual;ativa;geral;nao;R BARAO DO CERRO LARGO 385, 385 MENINO DEUS. 90850-110 Porto Alegre - RS.
43106374;ESC EST ENS FUN EVARISTA FLORES DA CUNHA;-30.21193000;-51.18342000;fundamental_i|fundamental_ii;estadual;ativa;geral;nao;PCA INACIO ANTONIO DA SILVA SN SN, SN SN. BELEM NOVO. 91780-330 Porto Alegre - RS.
43106390;ESC EST ENS FUN FABIOLA PINTO DORNELLES;-30.01946000;-51.17960000;fundamental_i|fundamental_ii;estadual;ativa;geral;nao;R DR EDUARDO CHARTIER 1192, 1192 HIGIENOPOLIS. 90520-100 Porto Alegre - RS.
43106412;ESC EST ENS FUN FERNANDO FERRARI;-30.09179000;-51.23769000;fundamental_i|fundamental_ii;estadual;ativa;geral;nao;R UPAMOROTI 1200, 1200 CRISTAL. 90820-140 Porto Alegre - RS.
43106447;ESC EST ENS FUN GABRIELA MISTRAL;-30.05715000;-51.20636000;fundamental_i|fundamental_ii;estadual;ativa;geral;nao;R CARLOS PESSOA DE BRUM 150, 150 SANTO ANTONIO. 90640-140 Porto Alegre - RS.
43106455;ESC EST ENS FUN GEN IBA ILHA MOREIRA;-30.05372000;-51.14999000;fundamental_i|fundamental_ii;estadual;ativa;geral;nao;R VIA DE ACESSO UM SN PREDIO ESC, SN PREDIO ESC. JARDIM CARVALHO. 91430-308 Porto Alegre - RS.
43106463;ESC EST ENS FUN GENERAL DALTRO FILHO;-30.01867000;-51.19647000;fundamental_i|fundamental_ii;estadual;ativa;geral;nao;AV AVENIDA AMERICA 145, 145 AUXILIADORA. 90540-156 Porto Alegre - RS.
43106110;ESC EST ENS FUN GENERAL NETO;-30.20936000;-51.11149000;fundamental_i|fundamental_ii;estadual;ativa;geral;nao;AV AVENIDA EDGAR PIRES DE CASTRO 10521, 10521 BOA VISTA DO SUL. 91785-669 Porto Alegre - RS.
43107052;ESC EST ENS FUN GENOVEVA DA COSTA BERNARDES;-30.24108000;-51.08015000;fundamental_i|fundamental_ii;estadual;ativa;geral;nao;ETR OTAVIANO JOSE PINTO 50, 50 LAMI. 91787-660 Porto Alegre - RS.
43108300;ESC EST ENS FUN HELENA LITWIN SCHNEIDER;-30.02739000;-51.13190000;fundamental_i|fundamental_ii;estadual;ativa;geral;nao;R TENENTE ARI TARRAGO 1745, 1745 JARDIM ITU SABARA. 91225-001 Porto Alegre - RS.
43106560;ESC EST ENS FUN ILDEFONSO GOMES;-30.04575000;-51.21253000;fundamental_i|fundamental_ii;estadual;ativa;geral;nao;R LUIZ MANOEL 2, 2 SANTANA. 90040-390 Porto Alegre - RS.
43106170;ESC EST ENS FUN IMPERATRIZ LEOPOLDINA;-30.03662000;-51.18347000;fundamental_i|fundamental_ii;estadual;ativa;geral;nao;AV AVENIDA ITAJAI 241, 241 PETROPOLIS. 90470-140 Porto Alegre - RS.
43107311;ESC EST ENS FUN ITAMARATI;-30.00711000;-51.12960000;fundamental_i|fundamental_ii;estadual;ativa;geral;nao;AV ENGENHEIRO FRANCISCO RODOLFO S 617, 617 SARANDI. 91130-210 Porto Alegre - RS.
43109250;ESC EST ENS FUN JARDIM VILA NOVA;-30.12700000;-51.20910000;fundamental_i|fundamental_ii;estadual;ativa;geral;nao;R FERNANDO PESSOA 380, 380 VILA NOVA. 91750-340 Porto Alegre - RS.
43106617;ESC EST ENS FUN JERONIMO DE ALBUQUERQUE;-30.06771000;-51.17393000;fundamental_i|fundamental_ii;estadual;ativa;geral;nao;R JUAREZ TAVORA 550, 550 PARTENON. 91520-100 Porto Alegre - RS.
43106625;ESC EST ENS FUN JERONIMO DE ORNELAS;-30.07479000;-51.19130000;fundamental_i|fundamental_ii;estadual;ativa;geral;nao;R SAO MIGUEL 487, 487 CORONEL APARICIO BOR. 91710-330 Porto Alegre - RS.
43109179;ESC EST ENS FUN JOSE GARIBALDI;-29.98000000;-51.18791000;fundamental_i|fundamental_ii;estadual;ativa;geral;nao;R DR CAIO BRANDAO DE MELLO 300 PREDIO, 300 PREDIO. PARQUE HUMAITA. 90250-110 Porto Alegre - RS.
43171290;ESC EST ENS FUN JULIO BRUNELLI;-30.01919000;-51.10487000;fundamental_i|fundamental_ii;estadual;ativa;geral;nao;R FERNANDO CAMARANO 220, 220 RUBEM BERTA. 91250-460 Porto Alegre - RS.
43108326;ESC EST ENS FUN LIDIA MOSCHETTI;-30.00790000;-51.12017000;fundamental_i|fundamental_ii;estadual;ativa;geral;nao;AV SILVESTRE FELIX RODRIGUES SN, SN RUBEM BERTA. 91150-020 Porto Alegre - RS.
43108245;ESC EST ENS FUN LIONS CLUB POA FARRAPOS;-29.99334000;-51.19256000;fundamental_i|fundamental_ii;estadual;ativa;geral;nao;R DONA TEODORA 1156, 1156 HUMAITA. 90240-300 Porto Alegre - RS.
43106684;ESC EST ENS FUN LUCIANA DE ABREU;-30.04097000;-51.21190000;fundamental_i|fundamental_ii;estadual;ativa;geral;nao;R RUA GENERAL JACINTO OSORIO 60, 60 SANTANA. 90040-290 Porto Alegre - RS.
43108954;ESC EST ENS FUN LUIZ DE AZAMBUJA SOARES;-30.06647000;-51.16348000;fundamental_i|fundamental_ii;estadual;ativa;geral;nao;R PRIMEIRO DE SETEMBRO 480 PREDIO, 480 PREDIO. SAO JOSE. 91520-540 Porto Alegre - RS.
43106692;ESC EST ENS FUN LUIZ GAMA;-30.11250000;-51.15335000;fundamental_i|fundamental_ii;estadual;ativa;geral;nao;R RUA HONDURAS 115, 115 LOMBA DO PINHEIRO. 91787-302 Porto Alegre - RS.
43106706;ESC EST ENS FUN MACHADO DE ASSIS;-30.09200000;-51.23079000;fundamental_i|fundamental_ii;estadual;ativa;geral;nao;R XAVIER DA CUNHA 680, 680 NONOAI. 90830-430 Porto Alegre - RS.
43106714;ESC EST ENS FUN MADRE MARIA SELIMA;-30.07181000;-51.17807000;fundamental_i|fundamental_ii;estadual;ativa;geral;nao;R TENENTE ARY TARRAGO 130, 130 CEL.APARICIO BORGES. 91510-390 Porto Alegre - RS.
43106722;ESC EST ENS FUN MAJOR MIGUEL JOSE PEREIRA;-29.98598000;-51.12778000;fundamental_i|fundamental_ii;estadual;ativa;geral;nao;R JACKSON DE FIGUEIREDO 675, 675 SARANDI. 91120-380 Porto Alegre - RS.
43173195;ESC EST ENS FUN MANE GARRINCHA CIEP ESPORTIVO;-30.05606000;-51.21747000;fundamental_i|fundamental_ii;estadual;ativa;geral;nao;AV ERICO VERISSIMO 1255, 1255 MENINO DEUS. 90160-181 Porto Alegre - RS.
43105963;ESC EST ENS FUN MARGARIDA COELHO DE SOUZA;-30.21184000;-51.13441000;fundamental_i;estadual;ativa;geral;nao;AV AVENIDA DO LAMI 4742, 4742 BOA VISTA DO SUL. 91785-430 Porto Alegre - RS.
43106927;ESC EST ENS FUN MARIA CRISTINA CHIKA;-30.12474000;-51.10430000;fundamental_i|fundamental_ii;estadual;ativa;geral;nao;ETR JOAO DE OLIVEIRA REMIAO 6505, 6505 LOMBA DO PINHEIRO. 91560-000 Porto Alegre - RS.
43106757;ESC EST ENS FUN MARIA JOSE MABILDE;-30.02895000;-51.25261000;fundamental_i|fundamental_ii;estadual;ativa;geral;nao;R PRESIDENTE VARGAS 129, 129 ARQUIPELAGO. 90090-000 Porto Alegre - RS.
43106773;ESC EST ENS FUN MATIAS DE ALBUQUERQUE;-30.15437000;-51.19983000;fundamental_i;estadual;ativa;geral;nao;AV JUCA BATISTA 3450, 3450 IPANEMA. 91755-000 Porto Alegre - RS.
43108970;ESC EST ENS FUN MAURICIO SIROTSKY SOBRINHO;-30.05763000;-51.19272000;fundamental_i|fundamental_ii;estadual;ativa;geral;nao;R PADRE CALDAS 59, 59 PARTENON. 90620-280 Porto Alegre - RS.
43106781;ESC EST ENS FUN MEDIANEIRA;-30.06416000;-51.21066000;fundamental_i|fundamental_ii;estadual;ativa;geral;nao;R GENERAL GOMES CARNEIRO 45, 45 MEDIANEIRA. 90870-310 Porto Alegre - RS.
43108342;ESC EST ENS FUN MINISTRO POTY MEDEIROS;-30.00791000;-51.09573000;fundamental_i|fundamental_ii;estadual;ativa;geral;nao;R VICENTE CELESTINO 120, 120 RUBEM BERTA. 91180-130 Porto Alegre - RS.
43109268;ESC EST ENS FUN MINISTRO SALGADO FILHO;-30.04762000;-51.13573000;fundamental_i|fundamental_ii;estadual;ativa;geral;nao;R JOSE BENTO CORREA 100, 100 JARDIM YPU. 91450-030 Porto Alegre - RS.
43106803;ESC EST ENS FUN MONSENHOR ROBERTO LANDELL DE MOURA;-30.10794000;-51.24946000;fundamental_i|fundamental_ii;estadual;ativa;geral;nao;R JOSE GOMES 400, 400 TRISTEZA. 91910-280 Porto Alegre - RS.
43106811;ESC EST ENS FUN MONTE LIBANO;-30.12988000;-51.22735000;fundamental_i|fundamental_ii;estadual;ativa;geral;nao;R LEMURIA 10, 10 IPANEMA. 91760-530 Porto Alegre - RS.
43109241;ESC EST ENS FUN NA VILA JARDIM RENASCENCA;-30.09812000;-51.19044000;fundamental_i;estadual;ativa;geral;nao;AV ARROIO DOS PADRES 250, 250 CASCATA. 91712-390 Porto Alegre - RS.
43106846;ESC EST ENS FUN NEHYTA MARTINS RAMOS;-30.21123000;-51.16954000;fundamental_i|fundamental_ii;estadual;ativa;geral;nao;AV DO LAMI 1150, 1150 BELEM NOVO. 91782-701 Porto Alegre - RS.
43106862;ESC EST ENS FUN OLEGARIO MARIANO;-30.01503000;-51.20134000;fundamental_i|fundamental_ii;estadual;ativa;geral;nao;R OLINDA 99, 99 FLORESTA. 90240-570 Porto Alegre - RS.
43108725;ESC EST ENS FUN ONOFRE PIRES;-30.08470000;-51.13521000;fundamental_i|fundamental_ii;estadual;ativa;geral;nao;BC BECO DO DAVID 269, 269 LOMBA DO PINHEIRO. 91550-160 Porto Alegre - RS.
43106889;ESC EST ENS FUN OSORIO DUQUE ESTRADA;-30.10149000;-51.24529000;fundamental_i|fundamental_ii;estadual;ativa;geral;nao;R CIDADE DE NATAL 125, 125 TRISTEZA. 91900-040 Porto Alegre - RS.
43107826;ESC EST ENS FUN OSWALDO VERGARA;-29.97939000;-51.19499000;fundamental_i|fundamental_ii;estadual;ativa;geral;nao;R GRACIANO CAMOZZATO 101, 101 FARRAPOS. 90250-390 Porto Alegre - RS.
43106897;ESC EST ENS FUN OTAVIO MANGABEIRA;-30.10436000;-51.23346000;fundamental_i|fundamental_ii;estadual;ativa;geral;nao;R SILVIO SILVEIRA SOARES 2711, 2711 CAMAQUA. 91910-460 Porto Alegre - RS.
43106900;ESC EST ENS FUN OTHELO ROSA;-30.02931000;-51.21037000;fundamental_i|fundamental_ii;estadual;ativa;geral;nao;AV INDEPENDENCIA 1065, 1065 INDEPENDENCIA. 90035-077 Porto Alegre - RS.
43105947;ESC EST ENS FUN PADRE BALDUINO RAMBO;-30.05921000;-51.19579000;fundamental_i|fundamental_ii;estadual;ativa;geral;nao;R HUMBERTO DE CAMPOS 130, 130 PARTENON. 90660-280 Porto Alegre - RS.
43106919;ESC EST ENS FUN PADRE LEO;-30.01412000;-51.09662000;fundamental_ii;estadual;ativa;geral;nao;R RUA NOSSA SENHORA DE FATIMA 195 PREDIO, 195 PREDIO. RUBEM BERTA. 91250-472 Porto Alegre - RS.
43106978;ESC EST ENS FUN PADRE THEODORO AMSTAD;-30.01617000;-51.17752000;;estadual;paralisada;geral;nao;R VALENTIM VICENTINI 255, 255 IAPI. 90520-220 Porto Alegre - RS.
43106935;ESC EST ENS FUN PARAIBA CIEP;-30.13825000;-51.21568000;fundamental_i|fundamental_ii;estadual;ativa;geral;nao;R ADAO PINHEIRO DA SILVA 490, 490 ABERTA DOS MORROS. 91751-030 Porto Alegre - RS.
43108784;ESC EST ENS FUN PAUL HARRIS;-30.08436000;-51.22966000;fundamental_i;estadual;ativa;geral;nao;R CRUZEIRO DO SUL 2702, 2702 CRISTAL. 90840-000 Porto Alegre - RS.
43106960;ESC EST ENS FUN PAULINA MORESCO;-30.13357000;-51.19804000;fundamental_i|fundamental_ii;estadual;ativa;geral;nao;R TOME ANTONIO DE SOUZA 160 PREDIO, 160 PREDIO. ABERTA DOS MORROS. 91750-170 Porto Alegre - RS.
43106986;ESC EST ENS FUN PEDRO AMERICO;-30.18311000;-51.16323000;fundamental_i|fundamental_ii;estadual;ativa;geral;nao;ETR CHAPEU DO SOL 1680, 1680 BELEM NOVO. 91787-030 Porto Alegre - RS.
43106994;ESC EST ENS FUN PEDRO SIRANGELO;-30.10654000;-51.22427000;fundamental_i|fundamental_ii;estadual;ativa;geral;nao;AV JOSE CORREA DA SILVA 380, 380 JARDIM DAS PALMEIRAS. 91740-380 Porto Alegre - RS.
43107001;ESC EST ENS FUN PIAUI;-30.08824000;-51.22351000;fundamental_i|fundamental_ii;estadual;ativa;geral;nao;R GREGORIO DA FONSECA 91, 91 NONOAI. 90830-260 Porto Alegre - RS.
43108350;ESC EST ENS FUN PONCHO VERDE;-30.00448000;-51.11028000;fundamental_i|fundamental_ii;estadual;ativa;geral;nao;AV DOUTOR PETRONIO PORTELLA 1100 PQ. ST FE, 1100 PQ. ST FE. RUBEM BERTA. 91180-520 Porto Alegre - RS.
43107036;ESC EST ENS FUN PORTO ALEGRE;-30.03789000;-51.12552000;fundamental_i|fundamental_ii;estadual;ativa;geral;nao;R JOAO DALLEGRAVE 130, 130 MORRO SANTANA. 91260-170 Porto Alegre - RS.
43107095;ESC EST ENS FUN PROF CARLOS RODRIGUES DA SILVA;-30.00511000;-51.17367000;fundamental_i|fundamental_ii;estadual;ativa;geral;nao;R GUARACAPA 33, 33 SANTA MARIA GORETTI. 91030-150 Porto Alegre - RS.
43106641;ESC EST ENS FUN PROF EDGAR LUIZ SCHNEIDER;-30.06301000;-51.15938000;fundamental_i|fundamental_ii;estadual;ativa;geral;nao;AV ELIAS CIRNE LIMA 100, 100 INTERCAP. 91530-310 Porto Alegre - RS.
43107060;ESC EST ENS FUN PROFESSOR AFONSO GUERREIRO LIMA;-30.07187000;-51.22134000;fundamental_i|fundamental_ii;estadual;ativa;geral;nao;R RUA BANCO INGLES 300 ESCOLA, 300 ESCOLA. SANTA TEREZA. 90840-600 Porto Alegre - RS.
43107117;ESC EST ENS FUN PROFESSOR IVO CORSEUIL;-30.04279000;-51.17687000;fundamental_i|fundamental_ii;estadual;ativa;geral;nao;R MARIO ANTUNES DA CUNHA 195, 195 PETROPOLIS. 90690-400 Porto Alegre - RS.
43106676;ESC EST ENS FUN PROFESSOR LEOPOLDO TIETBOHL;-30.04733000;-51.18860000;fundamental_i|fundamental_ii;estadual;ativa;geral;nao;R RIVEIRA 400, 400 PETROPOLIS. 90670-160 Porto Alegre - RS.
43108172;ESC EST ENS FUN PROFESSOR OLINTHO DE OLIVEIRA;-30.03993000;-51.22559000;fundamental_i|fundamental_ii;estadual;ativa;geral;nao;R DA REPUBLICA 635, 635 CIDADE BAIXA. 90050-321 Porto Alegre - RS.
43107966;ESC EST ENS FUN PROFESSOR SYLVIO TORRES;-30.08140000;-51.11600000;fundamental_i|fundamental_ii;estadual;ativa;geral;nao;R EROTILDE MACHADO SANTANA SN PREDIO, SN PREDIO. AGRONOMIA. 91540-050 Porto Alegre - RS.
43106854;ESC EST ENS FUN PROFESSORA AURORA PEIXOTO DE AZEVEDO;-29.98749000;-51.13644000;fundamental_i|fundamental_ii;estadual;ativa;geral;nao;R PEDRO DOS SANTOS SA 50 PREDIO, 50 PREDIO. SARANDI. 91120-150 Porto Alegre - RS.
43105971;ESC EST ENS FUN PROFESSORA BRANCA DIVA PEREIRA DE SOUZA;-30.01035000;-51.20570000;fundamental_i|fundamental_ii;estadual;ativa;geral;nao;AV SAO PAULO 1020, 1020 SAO GERALDO. 90230-160 Porto Alegre - RS.
43105564;ESC EST ENS FUN PROFESSORA LUIZA TEIXEIRA LAUFFER;-30.01447000;-51.09622000;fundamental_i;estadual;ativa;geral;nao;R RUA NOSSA SENHORA DE FATIMA 201, 201 RUBEM BERTA. 91250-472 Porto Alegre - RS.
43106838;ESC EST ENS FUN PROFESSORA MARIA THEREZA DA SILVEIRA;-30.02847000;-51.18280000;;estadual;paralisada;geral;nao;R FURRIEL LUIZ ANTONIO DE VARGAS 135, 135 MONT SERRAT. 90470-130 Porto Alegre - RS.
43108385;ESC EST ENS FUN PROFESSORA MARIETA DA CUNHA SILVA;-30.04011000;-51.13477000;fundamental_i|fundamental_ii;estadual;ativa;geral;nao;R PAULO MADUREIRA COELHO 165, 165 VILA PETROPOLIS. 91310-040 Porto Alegre - RS.
43105742;ESC EST ENS FUN PROFESSORA MARINA MARTINS DE SOUZA;-30.07000000;-51.15600000;fundamental_i|fundamental_ii;estadual;ativa;geral;nao;R RUA SARGENTO EXPEDICIONARIO GE SN, SN PARTENON. 91530-640 Porto Alegre - RS.
43108792;ESC EST ENS FUN PROFESSORA THEREZA NORONHA CARVALHO;-30.11542000;-51.11465000;fundamental_i|fundamental_ii;estadual;ativa;geral;nao;R MAGNOLIA 120, 120 LOMBA DO PINHEIRO. 91560-180 Porto Alegre - RS.
43107133;ESC EST ENS FUN PROFESSORA VIOLETA MAGALHAES;-30.11093000;-51.23243000;fundamental_i|fundamental_ii;estadual;ativa;geral;nao;R ESTRADA VILA MARIA 415, 415 CAVALHADA. 91920-370 Porto Alegre - RS.
43107141;ESC EST ENS FUN PROFESSORES LANGENDONCK;-30.15579000;-51.22038000;fundamental_i|fundamental_ii;estadual;ativa;geral;nao;R JACUNDA 365, 365 GUARUJA. 91770-430 Porto Alegre - RS.
43106072;ESC EST ENS FUN PRUDENTE DE MORAIS;-30.03385000;-51.16409000;fundamental_i|fundamental_ii;estadual;ativa;geral;nao;R DR. PRUDENTE DE MORAIS 27, 27 CHACARA DAS PEDRAS. 91330-170 Porto Alegre - RS.
43107150;ESC EST ENS FUN RAFAEL PINTO BANDEIRA;-30.09593000;-51.24316000;fundamental_i|fundamental_ii;estadual;ativa;geral;nao;R CORONEL CLAUDINO 254, 254 CRISTAL. 91910-670 Porto Alegre - RS.
43107168;ESC EST ENS FUN RIO DE JANEIRO;-30.03681000;-51.22270000;fundamental_i|fundamental_ii;estadual;ativa;geral;nao;R GEN LIMA E SILVA 400, 400 CIDADE BAIXA. 90050-100 Porto Alegre - RS.
43107338;ESC EST ENS FUN SANTA LUZIA;-30.06239000;-51.20130000;fundamental_i|fundamental_ii;estadual;ativa;geral;nao;R DELFINO RIET 525, 525 SANTO ANTONIO. 90660-120 Porto Alegre - RS.
43107206;ESC EST ENS FUN SANTA RITA DE CASSIA;-30.07450000;-51.23029000;fundamental_i|fundamental_ii;estadual;ativa;geral;nao;R SILVEIRO 1640, 1640 MORRO STA TEREZA. 90850-000 Porto Alegre - RS.
43107486;ESC EST ENS FUN SAO FRANCISCO DE ASSIS;-30.04408000;-51.20119000;fundamental_i|fundamental_ii;estadual;ativa;geral;nao;AV PRINCESA ISABEL 1160, 1160 SANTANA. 90620-000 Porto Alegre - RS.
43107044;ESC EST ENS FUN SIMOES LOPES NETO;-30.08544000;-51.20798000;fundamental_i|fundamental_ii;estadual;ativa;geral;nao;TRV IRMAO PEDRO SN, SN TERESOPOLIS. 91720-360 Porto Alegre - RS.
43107931;ESC EST ENS FUN SOUZA LOBO;-30.01063000;-51.19985000;fundamental_i|fundamental_ii;estadual;ativa;geral;nao;AV BAHIA 948, 948 SAO GERALDO. 90240-552 Porto Alegre - RS.
43107257;ESC EST ENS FUN TENENTE CORONEL TRAVASSOS ALVES;-30.07814000;-51.17010000;fundamental_i|fundamental_ii;estadual;ativa;geral;nao;R CHACARA DOS BOMBEIROS,S/N 0000, 0000 PARTENON. 91510-283 Porto Alegre - RS.
43107885;ESC EST ENS FUN TRES DE OUTUBRO;-30.11093000;-51.25397000;fundamental_i|fundamental_ii;estadual;ativa;geral;nao;AV WENCESLAU ESCOBAR 2560, 2560 TRISTEZA. 91920-134 Porto Alegre - RS.
43107265;ESC EST ENS FUN URUGUAI;-30.02790893;-51.19884653;fundamental_i|fundamental_ii;estadual;ativa;geral;nao;PRQ PARQUE MOINHOS DE VENTO 200, 200 MOINHOS DE VENTO. 90440-030 Porto Alegre - RS.
43107281;ESC EST ENS FUN VERA CRUZ;-30.07359000;-51.20397000;fundamental_i|fundamental_ii;estadual;ativa;geral;nao;R DONA LUIZA ROCCO 155, 155 GLORIA. 90870-050 Porto Alegre - RS.
43106951;ESC EST ENS FUN VICENTE DA FONTOURA;-30.17661000;-51.14472000;fundamental_i|fundamental_ii;estadual;ativa;geral;nao;ETR EDGAR PIRES DE CASTRO 5580, 5580 BELEM NOVO. 91785-199 Porto Alegre - RS.
43109110;ESC EST ENS FUN VILA CRUZEIRO DO SUL;-30.08163000;-51.23152000;fundamental_ii;estadual;ativa;geral;nao;AV CAPIVARI 2020, 2020 CRISTAL. 90810-070 Porto Alegre - RS.
43108474;ESC EST ENS FUN VINTE DE SETEMBRO;-29.99715000;-51.09129000;fundamental_i|fundamental_ii;estadual;ativa;geral;nao;R MARUJAIBA 8, 8 SANTA ROSA DE LIMA. 91170-340 Porto Alegre - RS.
43107346;ESC EST ENS FUN VISCONDE DE PELOTAS;-30.02511000;-51.18854000;fundamental_i|fundamental_ii;estadual;ativa;geral;nao;R ARTUR ROCHA 200, 200 MONT SERRAT. 90450-170 Porto Alegre - RS.
43107192;ESC EST ENS FUN WILLIAM RICHARD SCHISLER;-30.05359000;-51.21874000;fundamental_i|fundamental_ii;estadual;ativa;geral;nao;R VISCONDE DO HERVAL 970, 970 MENINO DEUS. 90130-150 Porto Alegre - RS.
43105769;ESC EST ENS MED AGRONOMO PEDRO PEREIRA;-30.07483000;-51.13434000;fundamental_ii;estadual;ativa;geral;nao;AV BENTO GONCALVES 8426, 8426 AGRONOMIA. 91540-000 Porto Alegre - RS.
43105785;ESC EST ENS MED ALBERTO TORRES;-30.11576000;-51.21015000;fundamental_i|fundamental_ii;estadual;ativa;geral;nao;AV RODRIGUES DA FONSECA 1666, 1666 VILA NOVA. 91740-800 Porto Alegre - RS.
43105815;ESC EST ENS MED ALMIRANTE BARROSO;-30.01414000;-51.25968000;fundamental_i|fundamental_ii;estadual;ativa;geral;nao;R CAPITAO COELHO 95, 95 ARQUIPELAGO. 90090-040 Porto Alegre - RS.
43105858;ESC EST ENS MED ANNE FRANK;-30.03172000;-51.21344000;fundamental_i|fundamental_ii;estadual;ativa;geral;nao;AV CAUDURO 238, 238 BOM FIM. 90035-110 Porto Alegre - RS.
43105866;ESC EST ENS MED ANTAO DE FARIA;-30.04387000;-51.15230000;fundamental_i|fundamental_ii;estadual;ativa;geral;nao;R RUA BOM JESUS 505, 505 BOM JESUS. 91420-030 Porto Alegre - RS.
43108318;ESC EST ENS MED BALTAZAR DE OLIVEIRA GARCIA;-30.01821000;-51.11036000;fundamental_i|fundamental_ii;estadual;ativa;geral;nao;R SARGENTO SILVIO DELMAR HOLLEMB 69, 69 JARDIM LEOPOLDINA. 91240-120 Porto Alegre - RS.
43106056;ESC EST ENS MED CEARA;-30.07946000;-51.20816000;fundamental_i|fundamental_ii;estadual;ativa;geral;nao;AV ARNALDO BOHRER 98, 98 TERESOPOLIS. 91720-130 Porto Alegre - RS.
43173306;ESC EST ENS MED CRISTOVAO COLOMBO;-29.98320000;-51.13164000;fundamental_i|fundamental_ii;estadual;ativa;geral;nao;R REZENDE COSTA 805, 805 SARANDI. 91120-280 Porto Alegre - RS.
43106277;ESC EST ENS MED DR OSCAR TOLLENS;-30.06606000;-51.16755000;fundamental_i|fundamental_ii;estadual;ativa;geral;nao;R VIDAL DE NEGREIROS 432, 432 PARTENON. 91520-480 Porto Alegre - RS.
43105211;ESC EST ENS MED INFANTE DOM HENRIQUE;-30.05947000;-51.22133000;;estadual;ativa;geral;nao;R GONCALVES DIAS 1022, 1022 MENINO DEUS. 90130-060 Porto Alegre - RS.
43106587;ESC EST ENS MED ITALIA;-30.01966000;-51.14200000;fundamental_i|fundamental_ii;estadual;ativa;geral;nao;AV PROF PAULA SOARES 1095, 1095 JARDIM ITU SABARA. 91220-450 Porto Alegre - RS.
43107320;ESC EST ENS MED JOSE DO PATROCINIO;-30.15785000;-51.13998000;fundamental_i|fundamental_ii;estadual;ativa;geral;nao;AV BELIZE 261, 261 RESTINGA. 91790-080 Porto Alegre - RS.
43106765;ESC EST ENS MED MARIZ E BARROS;-30.03582000;-51.10683000;fundamental_i|fundamental_ii;estadual;ativa;geral;nao;AV DEL ELY CORREA PRADO 915, 915 MARIO QUINTANA. 91260-300 Porto Alegre - RS.
43105394;ESC EST ENS MED NACOES UNIDAS;-30.08994000;-51.22630000;fundamental_ii;estadual;ativa;geral;nao;R MANOEL DO CARMO 100, 100 NONOAI. 90830-340 Porto Alegre - RS.
43106439;ESC EST ENS MED OSCAR COELHO DE SOUZA;-30.22017000;-51.09708000;fundamental_i|fundamental_ii;estadual;ativa;geral;nao;ETR DO VAREJAO 372, 372 LAMI. 91787-170 Porto Alegre - RS.
43108750;ESC EST ENS MED OTAVIO ROCHA;-30.06337000;-51.19332000;fundamental_ii;estadual;ativa;geral;nao;R GUILHERME ALVES 1900, 1900 PARTENON. 90680-000 Porto Alegre - RS.
43105238;ESC EST ENS MED PADRE REUS;-30.10906000;-51.25291000;;estadual;ativa;geral;nao;AV OTTO NIEMEYER 650, 650 TRISTEZA. 91910-001 Porto Alegre - RS.
43180523;ESC EST ENS MED PARA SURDOS PROF LILIA MAZERON;-30.00627000;-51.17802000;fundamental_i|fundamental_ii;estadual;ativa;exclusivo_deficiencia;nao;R MORRETES 222 PREDIO, 222 PREDIO. SANTA MARIA GORETTI. 91030-300 Porto Alegre - RS.
43108903;ESC EST ENS MED PRESIDENTE COSTA E SILVA;-30.06920000;-51.20832000;;estadual;ativa;geral;nao;AV NITEROI 472, 472 MEDIANEIRA. 90880-270 Porto Alegre - RS.
43107079;ESC EST ENS MED PROFESSOR ALCIDES CUNHA;-30.03896000;-51.12339000;fundamental_i|fundamental_ii;estadual;ativa;geral;nao;R HELIO PIMPAO 52, 52 MORRO SANTANA. 91450-330 Porto Alegre - RS.
43106633;ESC EST ENS MED PROFESSOR JULIO GRAU;-30.00438000;-51.18124000;;estadual;ativa;geral;nao;AV BRINO 350, 350 PASSO DAREIA. 91030-280 Porto Alegre - RS.
43106480;ESC EST ENS MED PROFESSOR OSCAR PEREIRA;-30.09066000;-51.18072000;fundamental_i|fundamental_ii;estadual;ativa;geral;nao;R FRANCISCO MARTINS SN, SN CASCATA. 91712-150 Porto Alegre - RS.
43107125;ESC EST ENS MED PROFESSOR SARMENTO LEITE;-30.00597000;-51.16242000;fundamental_i|fundamental_ii;estadual;ativa;geral;nao;R EUGENIO DU PASQUIER 280, 280 CRISTO REDENTOR. 91040-350 Porto Alegre - RS.
43106196;ESC EST ENS MED RAFAELA REMIAO;-30.09802000;-51.12649000;fundamental_i|fundamental_ii;estadual;ativa;geral;nao;ETR JOAO DE OLIVEIRA REMIAO 2689, 2689 LOMBA DO PINHEIRO. 91550-000 Porto Alegre - RS.
43107990;ESC EST ENS MED REPUBLICA ARGENTINA;-30.00270000;-51.14859000;fundamental_i|fundamental_ii;estadual;ativa;geral;nao;R BOGOTA 789, 789 JARDIM LINDOIA. 91060-000 Porto Alegre - RS.
43107184;ESC EST ENS MED ROQUE GONZALES;-30.09793000;-51.23222000;;estadual;ativa;geral;nao;AV CAVALHADA 2433, 2433 CAVALHADA. 91740-001 Porto Alegre - RS.
43107214;ESC EST ENS MED SANTA ROSA;-29.99646000;-51.10037000;fundamental_i|fundamental_ii;estadual;ativa;geral;nao;AV AVENIDA BERNARDINO DE OLIVEIRA 665, 665 SANTA ROSA DE LIMA. 91160-300 Porto Alegre - RS.
43108059;ESC EST ENS MED SANTOS DUMONT;-30.10203000;-51.26028000;fundamental_ii;estadual;ativa;geral;nao;R CAETE 328, 328 VILA ASSUNCAO. 91900-180 Porto Alegre - RS.
43107850;ESC EST ENS MED SENADOR PASQUALINI;-30.07112000;-51.23818000;fundamental_i;estadual;ativa;geral;nao;AV PADRE CACIQUE 1372, 1372 PRAIA DE BELAS. 90810-240 Porto Alegre - RS.
43107354;ESC EST ENS MED VISCONDE DO RIO GRANDE;-30.10233000;-51.22894000;fundamental_i|fundamental_ii;estadual;ativa;geral;nao;PCA ARATIBA SN, SN CAVALHADA. 91740-170 Porto Alegre - RS.
43174337;ESC EST ESPEC CRISTO REDENTOR;-30.01224000;-51.15239000;fundamental_i;estadual;ativa;exclusivo_deficiencia;nao;R ZECA NETO 149, 149 CRISTO REDENTOR. 91370-100 Porto Alegre - RS.
43174329;ESC EST ESPEC RECANTO DA ALEGRIA;-30.01524000;-51.17698000;fundamental_i;estadual;ativa;exclusivo_deficiencia;nao;R RUA VALENTIM VICENTINI 225, 225 PASSO DA AREIA. 90520-220 Porto Alegre - RS.
43174345;ESC EST ESPEC RENASCENCA;-30.04728000;-51.21479000;fundamental_i;estadual;ativa;exclusivo_deficiencia;nao;R LIMA E SILVA 1801, 1801 CENTRO. 90050-100 Porto Alegre - RS.
43105572;ESC EST NORMAL 1 DE MAIO;-30.00099000;-51.20106000;;estadual;ativa;geral;nao;AV PRESIDENTE ROOSEVELT 149, 149 NAVEGANTES. 90230-000 Porto Alegre - RS.
43181147;ESC NEO-HUMANISTA DE ENS FUND ANANDA MARGA;-30.15041570;-51.14526470;fundamental_i;privada;ativa;geral;nao;AVENIDA ECONOMISTA NILO WULFF, 939 RESTINGA. 91790-000 Porto Alegre - RS.
43251005;ESC PROF FUNDACAO UNIVERSITARIA DE CARDIOLOGIA;-30.04865000;-51.20904000;;privada;ativa;geral;nao;AVENIDA PRINCESA ISABEL, 370 SANTANA. 90620-000 Porto Alegre - RS.
43107591;ESC TEC JOSE CESAR DE MESQUITA;-30.01179460;-51.15361270;;privada;ativa;geral;nao;AVENIDA DO FORTE, 77 CRISTO REDENTOR. 91360-000 Porto Alegre - RS.
43105165;ESC TECNICA EST IRMAO PEDRO;-30.01729000;-51.20275000;;estadual;ativa;geral;nao;R FELIX DA CUNHA 515, 515 FLORESTA. 90570-001 Porto Alegre - RS.
43105173;ESC TECNICA EST JOSE FEIJO;-30.01406000;-51.09698000;;estadual;ativa;geral;nao;R ENEAS FLORES 55, 55 RUBEM BERTA. 91250-476 Porto Alegre - RS.
43105688;ESC TECNICA EST PAROBE;-30.03758000;-51.23147000;;estadual;ativa;geral;nao;AV JOSE LOUREIRO DA SILVA 945, 945 CENTRO HISTORICO. 90010-420 Porto Alegre - RS.
43105696;ESC TECNICA EST SENADOR ERNESTO DORNELLES;-30.03469000;-51.23766000;;estadual;ativa;geral;nao;R DUQUE DE CAXIAS 385, 385 CENTRO. 90010-282 Porto Alegre - RS.
43108466;ESCOLA DE ED INFANTIL TARTARUGUINHA VERDE;-30.05612000;-51.22531000;infantil;privada;ativa;geral;nao;RUA URUGUAIANA, 185 MENINO DEUS. 90110-330 Porto Alegre - RS.
43179070;ESCOLA DE EDUCACAO ESPECIAL DO CENTRO DE REABILITACAO DE PORTO ALEGRE - CEREPAL;-30.00994000;-51.17981000;fundamental_i;privada;ativa;exclusivo_deficiencia;sim;RUA BRIGADEIRO OLIVEIRA NERI, 100 PASSO DA AREIA. 90520-260 Porto Alegre - RS.
43190596;ESCOLA DE EDUCACAO INFANTIL AQUI EU FICO;-30.04270160;-51.19206570;infantil;privada;ativa;geral;nao;RUA ECA DE QUEIROZ, 129 CASA. PETROPOLIS. 90670-020 Porto Alegre - RS.
43191290;ESCOLA DE EDUCACAO INFANTIL ARTE BABY LTDA;-30.01509000;-51.16678000;infantil;privada;ativa;geral;nao;RUA ARIOVALDO PINHEIRO, 84 PASSO DA AREIA. 91350-120 Porto Alegre - RS.
43191363;ESCOLA DE EDUCACAO INFANTIL BEBE FOFINHO;-30.05096000;-51.22089000;infantil;privada;ativa;geral;nao;RUA GENERAL CALDWELL, 688 MENINO DEUS. 90130-050 Porto Alegre - RS.
43190766;ESCOLA DE EDUCACAO INFANTIL BICHINHO DA GOIABA;-30.02964000;-51.14458000;infantil;privada;ativa;geral;nao;RUA JENOR CARDOSO JARROS, 235 JARDIM ITU SABARA. 91215-200 Porto Alegre - RS.
43203221;ESCOLA DE EDUCACAO INFANTIL CACHINHOS DOURADOS LTDA;-30.00235000;-51.09562000;infantil;privada;ativa;geral;nao;AVENIDA MAJOR MANOEL JOSE MONTEIRO, 345 RUBEM BERTA. 91170-570 Porto Alegre - RS.
43187668;ESCOLA DE EDUCACAO INFANTIL CANTINHO DO PIMPOLHO;-30.14767000;-51.14306000;infantil;privada;ativa;geral;nao;RUA NISIA FLORESTA, 270 3181. RESTINGA. 91790-440 Porto Alegre - RS.
43200990;ESCOLA DE EDUCACAO INFANTIL CANTO DOS ANJOS LTDA;-30.02429000;-51.21136000;infantil;privada;ativa;geral;nao;RUA PELOTAS, 444 FLORESTA. 90220-110 Porto Alegre - RS.
43187544;ESCOLA DE EDUCACAO INFANTIL CARACOL LTDA;-30.03366000;-51.19158000;infantil;privada;ativa;geral;nao;RUA ENGENHEIRO AFONSO CAVALCANTI, 51 BELA VISTA. 90440-110 Porto Alegre - RS.
43190898;ESCOLA DE EDUCACAO INFANTIL CICLA;-30.04979000;-51.19064000;infantil;privada;ativa;geral;nao;RUA MACHADO DE ASSIS, 945 PARTENON. 90620-260 Porto Alegre - RS.
43191398;ESCOLA DE EDUCACAO INFANTIL CONSTRUIR;-30.03955000;-51.22206000;infantil;privada;ativa;geral;nao;RUA LUIZ AFONSO, 323 315. CIDADE BAIXA. 90050-310 Porto Alegre - RS.
43187978;ESCOLA DE EDUCACAO INFANTIL CORUJINHA SAPECA LTDA;-30.04100000;-51.16670000;infantil;privada;ativa;geral;nao;RUA SAO LUCAS, 139 BOM JESUS. 91420-540 Porto Alegre - RS.
43105262;ESCOLA DE EDUCACAO INFANTIL CRIANCA ARTEIRA;-30.04726910;-51.18671450;infantil;privada;ativa;geral;nao;RUA ARTIGAS, 340 PETROPOLIS. 90670-120 Porto Alegre - RS.
43239404;ESCOLA DE EDUCACAO INFANTIL CRIANCA VIDA;-30.03641620;-51.17690110;infantil;privada;ativa;geral;nao;RUA JOAO CAETANO, 178 TRES FIGUEIRAS. 90470-260 Porto Alegre - RS.
43191940;ESCOLA DE EDUCACAO INFANTIL DA MONICA;-30.01694000;-51.16639000;infantil;privada;ativa;geral;nao;RUA GUILHERME KLIPPEL, 244 PASSO DA AREIA. 91350-160 Porto Alegre - RS.
43191487;ESCOLA DE EDUCACAO INFANTIL DENTE DE LEITE;-30.02383000;-51.11878000;infantil;privada;ativa;geral;nao;RUA PROFESSORA ZILAH TOTTA, 193 CASA. PROTASIO ALVES. 91240-500 Porto Alegre - RS.
43108296;ESCOLA DE EDUCACAO INFANTIL GENTE MIUDA;-30.02799000;-51.19690000;infantil;privada;ativa;geral;nao;TRAVESSA ANGUSTURA, 66 MOINHOS DE VENTO. 90440-030 Porto Alegre - RS.
43191746;ESCOLA DE EDUCACAO INFANTIL LAR DO BEBE PUPILEIRA;-30.02681167;-51.20442500;infantil;privada;ativa;geral;nao;RUA FERNANDO GOMES, 156 MOINHOS DE VENTO. 90510-010 Porto Alegre - RS.
43107656;ESCOLA DE EDUCACAO INFANTIL MEU CANTINHO;-30.08583000;-51.20717000;infantil;privada;ativa;geral;nao;AVENIDA CLEMENCIANO BARNASQUE, 200 TERESOPOLIS. 91720-260 Porto Alegre - RS.
43187919;ESCOLA DE EDUCACAO INFANTIL MEUS BAIXINHOS;-30.10870000;-51.24168000;infantil;privada;ativa;geral;nao;RUA DOUTOR PEREIRA NETO, 1077 TRISTEZA. 91920-530 Porto Alegre - RS.
43187757;ESCOLA DE EDUCACAO INFANTIL MOLEQUE TRAVESSO;-30.06656000;-51.21082000;infantil;privada;ativa;geral;nao;RUA GENERAL GOMES CARNEIRO, 287 MEDIANEIRA. 90870-310 Porto Alegre - RS.
43201342;ESCOLA DE EDUCACAO INFANTIL MORANGUINHO EREILI;-29.98730000;-51.13177000;infantil;privada;ativa;geral;nao;RUA REZENDE COSTA, 360 SARANDI. 91120-280 Porto Alegre - RS.
43191630;ESCOLA DE EDUCACAO INFANTIL MUNDO DA CRIANCA;-30.00171000;-51.12435000;infantil;privada;ativa;geral;nao;RUA ZEFERINO DIAS, 954 SARANDI. 91130-480 Porto Alegre - RS.
43108539;ESCOLA DE EDUCACAO INFANTIL PATOTINHA;-30.00848000;-51.15013000;infantil;privada;ativa;geral;nao;RUA CATAMARCA, 93 E 123. JARDIM LINDOIA. 91050-170 Porto Alegre - RS.
43108610;ESCOLA DE EDUCACAO INFANTIL PE DE FEIJAO;-30.04064000;-51.18584000;infantil;privada;ativa;geral;nao;RUA SAICA, 61 -. PETROPOLIS. 90460-080 Porto Alegre - RS.
43214800;ESCOLA DE EDUCACAO INFANTIL PRIMEIRA FASE DO SABER;-30.02473350;-51.15438230;infantil;privada;ativa;geral;nao;TRAVESSA GERMANO STEIGLEDER SOBRINHO, 85 VILA IPIRANGA. 91360-290 Porto Alegre - RS.
43362451;ESCOLA DE EDUCACAO INFANTIL PROJETO CRESCER;-30.00563000;-51.17845000;infantil;privada;ativa;geral;nao;AVENIDA GENERAL EMILIO LUCIO ESTEVES, 103 SANTA MARIA GORETTI. 91030-290 Porto Alegre - RS.
43206352;ESCOLA DE EDUCACAO INFANTIL RECRIAR;-30.11341000;-51.24728000;infantil;privada;ativa;geral;nao;RUA LANDEL DE MOURA, 1389 TRISTEZA. 91920-150 Porto Alegre - RS.
43191231;ESCOLA DE EDUCACAO INFANTIL REINO DOS BAIXINHOS;-30.04032060;-51.12826850;infantil;privada;ativa;geral;nao;AV PROTASIO ALVES, 8383 MORRO SANTANA. 91310-010 Porto Alegre - RS.
43204627;ESCOLA DE EDUCACAO INFANTIL TURMA DO PIU-PIU;-30.14850000;-51.13802000;infantil;privada;ativa;geral;nao;AVENIDA IGNES FAGUNDES, 541 RESTINGA. 91790-010 Porto Alegre - RS.
43185002;ESCOLA DE EDUCACAO INFANTIL TURMINHA DO BARULHO SC LTDA;-30.05886000;-51.15804000;;privada;paralisada;geral;nao;RUA WALDOMIRO SCHAPKE, 125 PARTENON. 91530-390 Porto Alegre - RS.
43203167;ESCOLA DE EDUCACAO INFANTIL VAMOS CRESCER;-30.13635000;-51.22788000;infantil;privada;ativa;geral;nao;RUA COMENDADOR CASTRO, 473 IPANEMA. 91760-200 Porto Alegre - RS.
43201164;ESCOLA DE EDUCACAO INFANTIL VIVER E APRENDER;-30.15219000;-51.21981000;infantil;privada;ativa;geral;nao;RUA MURA, 436 GUARUJA. 91770-570 Porto Alegre - RS.
43188451;ESCOLA DE EDUCACAO INFANTIL VOANDO ALTO;-30.10578000;-51.23270000;infantil;privada;ativa;geral;nao;RUA DOUTOR PEREIRA NETO, 2011 TRISTEZA. 91920-530 Porto Alegre - RS.
43188729;ESCOLA DE EDUCACAO INFANTIL VOVO MARGARIDA LTDA;-30.08371000;-51.21409000;infantil;privada;ativa;geral;nao;AVENIDA TERESOPOLIS, 3611 TERESOPOLIS. 90870-001 Porto Alegre - RS.
43249809;ESCOLA DE EDUCACAO PROFISSIONAL UNITEC;-30.02794000;-51.22252000;;privada;ativa;geral;nao;AVENIDA ALBERTO BINS, 410 5 ANDAR. CENTRO HISTORICO. 90030-140 Porto Alegre - RS.
43203884;ESCOLA DE ENSINO FUNDAMENTAL CORONEL ESCOBAR;-30.04201000;-51.20141000;fundamental_i;privada;ativa;geral;nao;RUA DOUTOR ALCIDES CRUZ, 422 ESCOLA. SANTA CECILIA. 90630-160 Porto Alegre - RS.
43107974;ESCOLA DE ENSINO FUNDAMENTAL SAO FRANCISCO - ZONA SUL;-30.10778000;-51.24155000;infantil|fundamental_i|fundamental_ii;privada;ativa;geral;nao;RUA VICTOR SILVA, 186 CAMAQUA. 91910-170 Porto Alegre - RS.
43175546;ESCOLA DE ENSINO MEDIO UNIVERSITARIO - PORTO ALEGRE;-30.03378000;-51.22698000;;privada;ativa;geral;nao;RUA DOUTOR FLORES, 327 4 ANDAR. CENTRO HISTORICO. 90020-123 Porto Alegre - RS.
43172393;ESCOLA DE ENSINO MEDIO VINICIUS DE MORAIS;-30.14891000;-51.14225000;infantil|fundamental_i|fundamental_ii;privada;ativa;geral;nao;AVENIDA MACEDONIA, 186 RESTINGA. 91790-040 Porto Alegre - RS.
43211070;ESCOLA EDUC INF CRESCENDO FELIZ;-30.12615000;-51.21097000;infantil;privada;ativa;geral;nao;RUA DEROCY GIACOMO DA SILVA, 150 VILA NOVA. 91750-290 Porto Alegre - RS.
43211011;ESCOLA EDUC INF FLORESTINHA;-30.15015000;-51.13996000;;privada;paralisada;geral;nao;RUA DOUTOR CARLOS NIEDERAUER HOFMEISTER, 754 RESTINGA. 91790-020 Porto Alegre - RS.
43209130;ESCOLA EDUCACAO INFANTIL ARTE CARINHO;-30.01280000;-51.18057000;infantil;privada;ativa;geral;nao;RUA DOUTOR EDUARDO CHARTIER, 463 469. PASSO DA AREIA. 90520-100 Porto Alegre - RS.
43191932;ESCOLA EDUCACAO INFANTIL DOCE MEL;-30.03390390;-51.15893230;infantil;privada;ativa;geral;nao;AVENIDA GENERAL BARRETO VIANA, 681 CHACARA DAS PEDRAS. 91330-630 Porto Alegre - RS.
43209823;ESCOLA EDUCACAO INFANTIL ESPACO FELIZ LTDA-ME;-30.02952000;-51.18955000;infantil;privada;ativa;geral;nao;RUA PEDRO IVO, 511 MONT SERRAT. 90450-210 Porto Alegre - RS.
43179045;ESCOLA ESPECIAL PARA SURDOS FREI PACIFICO;-30.05846000;-51.20162000;infantil|fundamental_i|fundamental_ii;privada;ativa;exclusivo_deficiencia;sim;RUA PAULINO CHAVES, 235 SANTO ANTONIO. 90640-200 Porto Alegre - RS.
43107427;ESCOLA FUNDAMENTAL SAO FRANCISCO MENINO DEUS;-30.06148000;-51.22352000;infantil|fundamental_i|fundamental_ii;privada;ativa;geral;nao;PRACA MENINO DEUS, 77 MENINO DEUS. 90850-180 Porto Alegre - RS.
43208932;ESCOLA INFANTIL AQUARELA;-30.04006000;-51.22667000;infantil;privada;ativa;geral;nao;RUA JOAO ALFREDO, 299 CIDADE BAIXA. 90050-230 Porto Alegre - RS.
43188060;ESCOLA INFANTIL BICHO CARPINTEIRO-2M LTDA;-30.09319000;-51.23176000;infantil;privada;ativa;geral;nao;RUA DOUTOR CAMPOS VELHO, 1400 CRISTAL. 90820-000 Porto Alegre - RS.
43187994;ESCOLA INFANTIL FABRICA DOS SONHOS LTDA;-30.05726000;-51.22700000;infantil;privada;ativa;geral;nao;RUA BARBEDO, 436 MENINO DEUS. 90110-260 Porto Alegre - RS.
43188303;ESCOLA INFANTIL FAZENDO E ACONTECENDO;-30.10958000;-51.25592000;infantil;privada;ativa;geral;nao;RUA SARGENTO NICOLAU DIAS DE FARIAS, 568 TRISTEZA. 91900-250 Porto Alegre - RS.
43107753;ESCOLA INFANTIL GATO DE BOTAS E PEQUENO POLEGAR;-30.01094090;-51.13591470;infantil;privada;ativa;geral;nao;AVENIDA DELMAR ROCHA BARBOSA, 483 RUBEM BERTA. 91180-490 Porto Alegre - RS.
43108938;ESCOLA INFANTIL MELADINHO;-30.05763000;-51.22091000;infantil;privada;ativa;geral;nao;RUA SALDANHA MARINHO, 172 E 166. MENINO DEUS. 90160-240 Porto Alegre - RS.
43190880;ESCOLA INFANTIL VIVER E CONVIVER;-30.04799000;-51.20599000;infantil;privada;ativa;geral;nao;RUA GOMES JARDIM, 506 SANTANA. 90620-130 Porto Alegre - RS.
43211410;ESCOLA MOINHO - ESCOLA INFANTIL;-30.03481000;-51.18040000;infantil;privada;ativa;geral;nao;AVENIDA SOLEDADE, 285 PETROPOLIS. 90470-340 Porto Alegre - RS.
43109136;ESCOLA PANAMERICANA EDUC BASICA;-30.03600810;-51.18253020;fundamental_i|fundamental_ii;privada;ativa;geral;nao;AVENIDA JOAO OBINO, 110 PETROPOLIS. 90470-150 Porto Alegre - RS.
43249604;ESCOLA PROFISSIONAL FUNDATEC;-30.05713000;-51.16869000;;privada;ativa;geral;nao;RUA PROFESSOR CRISTIANO FISCHER, 2012 PARTENON. 91410-000 Porto Alegre - RS.
43187684;ESCOLA REI ARTHUR;-30.03989000;-51.22355000;infantil;privada;ativa;geral;nao;RUA LUIZ AFONSO, 565 CIDADE BAIXA. 90050-310 Porto Alegre - RS.
43184987;ESCOLA RIBEIRO E PEDROZO LTDA;-30.09781000;-51.23299000;;privada;paralisada;geral;nao;R AUGUSTO COMTE, 80 CAVALHADA. 91910-370 Porto Alegre - RS.
43000487;ESCOLA TECNICA CECILIA MEIRELES - SEG;-30.03075000;-51.23133000;;privada;ativa;geral;nao;RUA DOS ANDRADAS, 1001 CONJUNTO 301. CENTRO HISTORICO. 90020-015 Porto Alegre - RS.
43178634;ESCOLA TECNICA CRISTO REDENTOR;-30.01132637;-51.17178053;;privada;ativa;geral;nao;AVENIDA BRASILIANO INDIO DE MORAES, 772 PREDIO. PASSO DA AREIA. 91030-001 Porto Alegre - RS.
43207839;ESTACAO CRIANCA;-30.00541080;-51.15184760;infantil;privada;ativa;geral;nao;PRACA LIBANEZA, 40 JARDIM LINDOIA. 91050-050 Porto Alegre - RS.
43178316;FACULDADE DE TECNOLOGIA ALCIDES MAYA;-30.03074000;-51.22468000;;privada;ativa;geral;nao;DR FLORES, 396 CENTRO. 90020-121 Porto Alegre - RS.
43187358;FILHOTINHO CENTRO DE EDUCACAO INFANTIL LTDA;-30.01275000;-51.10729000;infantil;privada;ativa;geral;nao;RUA OSMINDO JULIO KUHN, 220 RUBEM BERTA. 91180-730 Porto Alegre - RS.
43001971;IEI CRECHE DO CORACAO;-30.09194000;-51.17520000;;privada;paralisada;geral;nao;RUA RIO MARIA, 207 CASCATA. 91712-270 Porto Alegre - RS.
43105726;IFRS - CAMPUS PORTO ALEGRE;-30.02638210;-51.22140554;;federal;ativa;geral;nao;RUA CEL VICENTE, 281 CENTRO HISTORICO. 90030-040 Porto Alegre - RS.
43001190;IFRS - CAMPUS PORTO ALEGRE RESTINGA;-30.14187932;-51.13074911;;federal;ativa;geral;nao;RUA ALBERTO HOFFMANN, 285 DISTRITO INDUSTRIAL. RESTINGA. 91791-508 Porto Alegre - RS.
43187897;INFANCIAS ESCOLA DE EDUCACAO INFANTIL LTDA;-30.03509000;-51.23226000;infantil;privada;ativa;geral;nao;RUA CORONEL FERNANDO MACHADO, 546 CENTRO HISTORICO. 90010-320 Porto Alegre - RS.
43004865;INST EDUC INF ABCB CRIANCA PAZ E BEM;-30.15294167;-51.20245333;;privada;paralisada;geral;nao;AVENIDA JUCA BATISTA, 2594 ESCOLA. ESPIRITO SANTO. 90650-002 Porto Alegre - RS.
43004873;INST EDUC INF ABCB SAO FRANCISCO;-30.18328805;-51.19362060;infantil;privada;ativa;geral;nao;ESTRADA RETIRO DA PONTA GROSSA, 1701 PONTA GROSSA. 91780-590 Porto Alegre - RS.
43002021;INST EDUC INF BILINGUE UP KIDS SCHOOL;-30.02981000;-51.17807000;;privada;paralisada;geral;nao;ALAMEDA EMILIO DE MENEZES, 100 TRES FIGUEIRAS. 91340-360 Porto Alegre - RS.
43107583;INST EST EDUC GENERAL FLORES DA CUNHA;-30.03319000;-51.21719000;fundamental_i|fundamental_ii;estadual;ativa;geral;nao;AV OSVALDO ARANHA, 527 FARROUPILHA. 90040-060 Porto Alegre - RS.
43108067;INST EST EDUC PAULO DA GAMA;-30.06943000;-51.18490000;fundamental_i|fundamental_ii;estadual;ativa;geral;nao;AV SILVADO 555, 555 PARTENON. 91510-100 Porto Alegre - RS.
43105580;INST ESTADUAL DOM DIOGO DE SOUZA;-30.01249000;-51.15527000;infantil|fundamental_i|fundamental_ii;estadual;ativa;geral;nao;R ADAO BAINO 206, 206 CRISTO REDENTOR. 91350-240 Porto Alegre - RS.
43105386;INST ESTADUAL PROFESSORA GEMA ANGELINA BELIA;-30.06203000;-51.14896000;fundamental_i|fundamental_ii;estadual;ativa;geral;nao;AV ANTONIO DE CARVALHO 495, 495 JARDIM CARVALHO. 91430-001 Porto Alegre - RS.
43108040;INST ESTADUAL RIO BRANCO;-30.04018000;-51.19858000;fundamental_i|fundamental_ii;estadual;ativa;geral;nao;AV PROTASIO ALVES 999, 999 SANTA CECILIA. 90410-000 Porto Alegre - RS.
43191576;INSTITUICAO DE EDUCACAO INFANTIL BRILHO DE SOL;-30.01707480;-51.20763000;infantil;privada;ativa;geral;nao;RUA ALMIRANTE BARROSO, 511 FLORESTA. 90220-021 Porto Alegre - RS.
43191100;INSTITUICAO DE EDUCACAO INFANTIL GATINHO TRAVESSO;-30.04457000;-51.19537000;infantil;privada;ativa;geral;nao;RUA CORONEL CORTE REAL, 246 PETROPOLIS. 90630-080 Porto Alegre - RS.
43191819;INSTITUICAO DE EDUCACAO INFANTIL HOTELZINHO;-30.04378000;-51.18933000;infantil;privada;ativa;geral;nao;RUA PROFESSOR LANGENDONCK, 75 PETROPOLIS. 90630-060 Porto Alegre - RS.
43191320;INSTITUICAO DE EDUCACAO INFANTIL TOK DO SABER;-30.00408000;-51.20413000;;privada;paralisada;geral;nao;AVENIDA BRASIL, 312 CASA. NAVEGANTES. 90230-060 Porto Alegre - RS.
43107877;INSTITUTO DE EDUCACAO SAO FRANCISCO;-30.01256000;-51.09740000;infantil|fundamental_i|fundamental_ii;privada;ativa;geral;nao;AVENIDA BALTAZAR DE OLIVEIRA GARCIA, 4879 RUBEM BERTA. 91180-001 Porto Alegre - RS.
43004423;INSTITUTO EDUCACIONAL REVERENDO OLAVO NUNES;-30.00432151;-51.18206959;infantil|fundamental_i|fundamental_ii;privada;ativa;geral;nao;RUA 25 DE JULHO, Nº 437, SAO JOAO. 91031-970 Porto Alegre - RS.
43107559;INSTITUTO SANTA LUZIA;-30.11200000;-51.22794000;infantil|fundamental_i|fundamental_ii;privada;ativa;geral;nao;AVENIDA DA CAVALHADA, 3999 CAVALHADA. 91740-001 Porto Alegre - RS.
43107613;INSTITUTO SAO FRANCISCO PALLOTTI;-30.01019748;-51.16915416;infantil|fundamental_i|fundamental_ii;privada;ativa;geral;nao;RUA TUPI, 212 91030-520. PASSO DA AREIA. 91030-520 Porto Alegre - RS.
43107451;INSTITUTO SAO FRANCISCO SANTA FAMILIA;-30.00939000;-51.19943000;infantil|fundamental_i|fundamental_ii;privada;ativa;geral;nao;AVENIDA PARA, 833 NAVEGANTES. 90240-591 Porto Alegre - RS.
43187927;JARD D INFANCIA LALILU LETRASIN LTDA EPP;-30.00989860;-51.18579510;infantil;privada;ativa;geral;nao;RUA HONORIO SILVEIRA DIAS, 787 SAO JOAO. 90550-150 Porto Alegre - RS.
43004741;KINDERHOUSE ESCOLA DE EDUCACAO INFANTIL LTDA - ME;-30.02980000;-51.19944000;;privada;paralisada;geral;nao;RUA PEDRO WEINGARTNER, 147 CASA. RIO BRANCO. 90430-140 Porto Alegre - RS.
43187587;LAR DA PEQUENA CRIANCA;-30.04431000;-51.13559000;infantil;privada;ativa;geral;nao;AVENIDA MAE APOLINARIA MATIAS BATISTA, 259. MORRO SANTANA. 91450-510 Porto Alegre - RS.
43187960;MUNDO DO ABC;-30.03896000;-51.17762000;infantil;privada;ativa;geral;nao;AVENIDA PROTASIO ALVES, 2769, 2769 PETROPOLIS. 90410-002 Porto Alegre - RS.
43210350;NOSSA CRECHE RECREACOES INFANTIS LTDA;-30.02422000;-51.19481000;infantil;privada;ativa;geral;nao;AVENIDA CORONEL LUCAS DE OLIVEIRA, 299 PETROPOLIS. 90440-011 Porto Alegre - RS.
43204929;NUCL E EJA E CP CARDEAL ALFREDO VICENTE SCHERER;-30.03214000;-51.22587000;;estadual;ativa;geral;nao;R VIGARIO JOSE INACIO 730, 730 CENTRO. 90020-110 Porto Alegre - RS.
43203850;NUCL E EJA E CP DARCY RIBEIRO;-30.02449000;-51.17516000;;estadual;ativa;geral;nao;R RUA VALENTIM VICENTINI 255, 255 PASSO DA AREIA. 90520-220 Porto Alegre - RS.
43169279;NUCL E EJA E CP DESEMBARGADOR ALAOR ANTONIO TERRA;-30.07106000;-51.18285000;;estadual;ativa;geral;nao;AV ROCCIO 1100, 1100 PARTENON. 91510-090 Porto Alegre - RS.
43211496;NUCL E EJA E CP JULIETA VILLAMIL BALESTRO;-30.07802000;-51.20854000;;estadual;ativa;geral;nao;AV TERESOPOLIS 2727, 2727 TERESOPOLIS. 90870-001 Porto Alegre - RS.
43169244;NUCL E EJA E CP MENINO DEUS;-30.04657000;-51.22144000;;estadual;ativa;geral;nao;AV AVENIDA PIRATINI 76, 76 SANTANA. 90040-160 Porto Alegre - RS.
43169252;NUCL E EJA E CP PAULO FREIRE;-30.02013000;-51.19661000;;estadual;ativa;geral;nao;R RUA FELIPE DE OLIVEIRA 59, 59 PETROPOLIS. 90630-000 Porto Alegre - RS.
43191703;PEQUENO GENIO CRIATIVIDADE E LAZER LTDA;-30.06383360;-51.17360450;infantil;privada;ativa;geral;nao;RUA MARECHAL MALLET, 38/44 VILA JOAO PESSOA. 91520-600 Porto Alegre - RS.
43362443;PITELLI ESCOLA DE EDUCAO INFANTIL LTDA;-30.02954000;-51.18512000;infantil;privada;ativa;geral;nao;RUA COMENDADOR RHEINGANTZ, 980 BELA VISTA. 90450-020 Porto Alegre - RS.
43190138;PLANETA INFANTIL;-30.06746000;-51.17593000;;privada;extinta;geral;nao;RUA TENENTE ALPOIM, 626 VILA JOAO PESSOA. 91510-710 Porto Alegre - RS.
43239420;POLO INFANTIL;-30.10242000;-51.25088000;infantil;privada;ativa;geral;nao;RUA PARECI, 433 VILA ASSUNCAO. 91900-660 Porto Alegre - RS.
43190332;PRE-ESCOLA PARAISO DOS BAIXINHOS;-30.12201740;-51.22451500;infantil;privada;ativa;geral;nao;RUA ARROIO GRANDE, 253 CAVALHADA. 91740-180 Porto Alegre - RS.
43206875;PROF IVONE VETTORELLO;-30.07540000;-51.20281000;;privada;ativa;geral;nao;RUA DOM BOSCO, 103 PREDIO. GLORIA. 90680-580 Porto Alegre - RS.
43218806;PULSAR ESCOLA DE EDUCACAO INFANTIL;-30.04156000;-51.19971000;infantil;privada;ativa;geral;nao;RUA SAO VICENTE, 483 CASA. RIO BRANCO. 90630-180 Porto Alegre - RS.
43208401;QI ESCOLAS E FACULDADES LTDA;-30.01057516;-51.15277791;;privada;ativa;geral;nao;AVENIDA ASSIS BRASIL, 3423 PASSO DA AREIA. 91010-004 Porto Alegre - RS.
43000495;QI ESCOLAS E FACULDADES LTDAA ALBERTO BINS;-30.02812000;-51.22237000;;privada;ativa;geral;nao;ALBERTO BINS, 320 CENTRO. 90030-140 Porto Alegre - RS.
43000533;QI ESCOLAS E FACULDADES LTDAA JULIO DE CASTILHOS;-30.02523000;-51.22271000;;privada;ativa;geral;nao;AV. ALBERTO BINS, 324 CENTRO. 90030-131 Porto Alegre - RS.
43190839;REINO DA FANTASIA CENTRO DE CRIATIVIDADE E RECREAC;-30.06686000;-51.17549000;infantil;privada;ativa;geral;nao;AVENIDA VALADO, 401 VILA JOAO PESSOA. 91510-740 Porto Alegre - RS.
43049702;SENAC EAD RIO GRANDE DO SUL;-30.02787000;-51.21843000;;privada;ativa;geral;nao;AV. ALBERTO BINS, 665 ANDAR 6 AO 8. CENTRO HISTORICO. 90030-142 Porto Alegre - RS.
43313051;SENAC SAUDE;-30.00942000;-51.17146000;;privada;ativa;geral;nao;ASSIS BRASIL, 1481 PASSO DA AREIA. 91010-005 Porto Alegre - RS.
43009212;SENAC TECH;-30.04303000;-51.21947000;;privada;ativa;geral;nao;VENANCIO AIRES, 93 CIDADE BAIXA. 90040-191 Porto Alegre - RS.
43109330;SISTEMA EDUCACIONAL BOA VISTA;-30.02490833;-51.17379500;infantil|fundamental_i|fundamental_ii;privada;ativa;geral;nao;RUA QUATORZE DE JULHO, 687 BOA VISTA. 91340-430 Porto Alegre - RS.
43249612;SOCIEDADE MANTENEDORA PRO-SABER LTDA;-30.01599000;-51.19295000;infantil|fundamental_i;privada;ativa;geral;nao;RUA FILADELFIA, 106 SAO JOAO. 90550-060 Porto Alegre - RS.
43179886;UNIDADE DR JOAO ALFREDO DE AZEVEDO APAE DE PORTO ALEGRE;-30.11891000;-51.20707000;fundamental_i;privada;ativa;exclusivo_deficiencia;sim;RUA CATARINO ANDREATTA, 80 VILA NOVA. 91750-040 Porto Alegre - RS.
43179622;UNIDADE NAZARETH APAE POA;-30.07646321;-51.19284770;infantil|fundamental_i;privada;ativa;exclusivo_deficiencia;sim;RUA GENERAL JONATHAS BORGES FORTES, 339 GLORIA. 91720-020 Porto Alegre - RS.
43187390;YK-ESPACO INFANTIL LTDA;-30.03322000;-51.16478000;infantil;privada;ativa;geral;nao;RUA DOUTOR PRUDENTE DE MORAES, 431 CHACARA DAS PEDRAS. 91330-170 Porto Alegre - RS.
