codigo_inep;nome;latitude;longitude;ciclo;rede;situacao;atendimento;conveniada;endereco
53011007;ACAO SOCIAL PAULA FRASSINETTI;-15.75864890;-47.90042290;infantil;privada;ativa;geral;sim;QUADRA SGAN 911 CONJUNTO B1, ASA NORTE. 70790-110 Brasília - DF.
53014421;AFFINITY ARTS INTERNACIONAL SCHOOL;-15.83181680;-47.87540320;infantil;privada;ativa;geral;nao;QUADRA SHIS QI 9 CONJUNTO 16, 7 LAGO SUL. SETOR DE HABITACOES INDIVIDUAIS SUL. 71625-160 Brasília - DF.
53011228;APICE ESC INTEGRAL;-15.83581000;-48.09227000;infantil|fundamental_i;privada;ativa;geral;nao;QUADRA QNM 25, LOTE 17 CONJUNTO C. CEILANDIA SUL CEILANDIA. 72215-250 Brasília - DF.
53000781;ARVENSE C EDUCACIONAL;-15.74787607;-47.90018818;infantil|fundamental_i;privada;ativa;geral;nao;QUADRA SGAN 914 CONJUNTO F PARTE ESCOLA, ASA NORTE. 70790-143 Brasília - DF.
53000030;ASSOC DE PAIS E AMIGOS DOS EXCEP - APAE-DF;-15.75562060;-47.89736130;;privada;ativa;sem_escolarizacao;sim;QUADRA SGAN 711/911, ASA NORTE. 70790-115 Brasília - DF.
53003284;ASSOC DE PAIS E AMIGOS EXCEP E DEFICIENTES - APAED;-15.82390790;-48.09322050;;privada;ativa;sem_escolarizacao;sim;QUADRA QNM 29, CEILANDIA SUL CEILANDIA. 72215-290 Brasília - DF.
53014162;ATHENA ESC TECNICA;-15.64534670;-47.78681080;;privada;ativa;geral;nao;QUADRA QUADRA 13, 08 AREA ESPECIAL. SOBRADINHO. 73040-130 Brasília - DF.
53002636;BLUE SCHOOL EDUCACIONAL;-16.01479508;-48.05976054;infantil|fundamental_i|fundamental_ii;privada;ativa;geral;nao;QUADRA QUADRA 1, SETOR INDUSTRIAL GAMA. 72445-010 Brasília - DF.
53054016;C DE CONVIVENCIA E EDUC INF MARIA MAE DA PROVIDENCIA;-16.03574888;-48.03445072;infantil;privada;ativa;geral;sim;SETOR SUL COMERCIO LOCAL 103 LOTE F A/E, 103 SANTA MARIA SUL. SANTA MARIA. 72503-200 Brasília - DF.
53012704;C DE CONVIVENCIA E EDUC INF NOSSA SENHORA DO CARMO;-16.01322310;-48.04784230;infantil;privada;ativa;geral;sim;QUADRA QUADRA 12, AREA ESPECIAL 01. SETOR LESTE GAMA. 72450-120 Brasília - DF.
53012690;C DE CONVIVENCIA E EDUCACAO INFANTIL SAGRADA FAMILIA;-16.03546167;-48.03450667;infantil;privada;ativa;geral;sim;SETOR SUL COMERCIO LOCAL 103 LOTE F, 00 AREA ESPECIAL. SANTA MARIA SUL. 72503-206 Brasília - DF.
53061004;C DE CONVIVENCIA EDUCACIONAL INFANTIL DIVINO ESPIRITO SANTO;-16.00616250;-48.08185440;infantil;privada;ativa;geral;sim;ENTRE QUADRA 14/18 AREA ESPECIAL, 1 AREA ESPECIAL. SETOR OESTE GAMA. 72425-140 Brasília - DF.
53013042;C DE CRIATIVIDADE INFANTO-JUVENIL - CCI;-15.86684000;-48.09612000;infantil|fundamental_i;privada;ativa;geral;nao;QUADRA QN 401 CONJUNTO B LOTE 01/03, 01/03 SAMAMBAIA NORTE. 72319-502 Brasília - DF.
53012755;C DE EDUC INF AFMA;-15.85686290;-48.07699010;;privada;paralisada;geral;nao;QUADRA 412 CONJUNTO A, LOTE 01 SAMAMBAIA NORTE SAMAMBAIA. 72320-541 Brasília - DF.
53015835;C DE EDUC INF E ASSIST SOCIAL LEO TIGRE PETER;-15.86587260;-47.97645300;infantil;privada;ativa;geral;sim;AREA ESPECIAL 3 TRECHO 3, SETOR DE INDUSTRIAS BERNARDO SAYAO. 71736-300 Brasília - DF.
53066006;C DE EDUC INF E ASSISTENCIA SOCIAL CASA DO CAMINHO;-15.81411040;-48.08470680;infantil;privada;ativa;geral;sim;QUADRA QNJ 10 AREA ESPECIAL 6, 10 TAGUATINGA NORTE TAGUATINGA. 72140-606 Brasília - DF.
53015711;C DE EDUC INF LUVA LULU - CEILL;-15.91195460;-47.76148870;infantil;privada;ativa;geral;nao;QUADRA 9, 06 SAO JOSE. 71693-010 Brasília - DF.
53019270;C DE EDUC INF PEQUENO PRINCIPE;-15.81791993;-48.12780431;infantil;privada;ativa;geral;sim;QUADRA EQNP 5/9 MODULO G, CEILANDIA NORTE CEILANDIA. 72240-537 Brasília - DF.
53065000;C DE EDUC INF SONHO DE CRIANCA - CEISC;-15.80166310;-48.06641710;infantil;privada;ativa;geral;sim;QUADRA QNG 27, AREA ESPECIAL 04. TAGUATINGA NORTE. 72130-270 Brasília - DF.
53017170;C DE EDUC INF TIA NAIR - UNIDADE I - PARANOA;-15.76192860;-47.78198150;infantil;privada;ativa;geral;sim;QD 31 CJ C LT, 10 PARANOA. 71573-103 Brasília - DF.
53018354;C DE EDUC INF TOCANDO O MUNDO;-16.01360904;-48.06852213;infantil;privada;ativa;geral;sim;AE 19 LADO OESTE SETOR CENTRAL, 19 GAMA. 72405-125 Brasília - DF.
53014391;C DE EDUC NERY LACERDA - CENEL;-15.63696600;-47.84450380;infantil|fundamental_i|fundamental_ii;privada;ativa;geral;nao;ES 11B LOTE 11, LOTE 11 SETOR DE MANSOES DE SOBRADINHO. 73083-280 Brasília - DF.
53016580;C DE EDUC PROFISSIONAL DE CEILANDIA;-15.81976604;-48.11025387;;privada;ativa;geral;nao;QUADRA QNN 1 CJ D LT 4 E 6, CEILANDIA NORTE CEILANDIA. 72225-014 Brasília - DF.
53045009;C DE EDUC PROFISSIONAL SENAC - JESSE FREIRE;-15.79631520;-47.88918800;;privada;ativa;geral;nao;GRANDE USUARIO SCS QUADRA 6 BLOCO A LOTE 172, ASA SUL. 70306-908 Brasília - DF.
53001249;C DE EDUC PROFISSIONAL SENAC - PLANO PILOTO;-15.79973690;-47.89717474;;privada;ativa;geral;nao;QUADRA SEPS 703/903, ASA SUL. 70390-039 Brasília - DF.
53029003;C DE EDUC PROFISSIONAL SENAC - SOBRADINHO;-15.65530480;-47.79862020;;privada;ativa;geral;nao;QUADRA QUADRA 4 CONJUNTO E, 05 SOBRADINHO. 73025-045 Brasília - DF.
53017161;C DE EDUC SAO FILIPPO SMALDONE;-15.76161350;-47.77963210;infantil;privada;ativa;geral;sim;QD 32 CJ F AE 1, 01 PARANOA. 71573-206 Brasília - DF.
53018672;C DE EDUC VITORIA REGIA;-15.82315813;-48.02883068;infantil|fundamental_i;privada;ativa;geral;nao;QUADRA 1 CONJUNTO 9, 1 SETOR HABITACIONAL VICENTE PIRES - TRECHO 3. 72001-229 Brasília - DF.
53016963;C DE ENS DO SESI DF - SOBRADINHO;-15.64118670;-47.78745840;;privada;ativa;geral;nao;QUADRA 13 AE 3 LTS A/F, S/N S/C. SOBRADINHO. 73040-130 Brasília - DF.
53010450;C DE ENS EBENEZER - CENEB;-15.82557540;-48.10470700;fundamental_i|fundamental_ii;privada;ativa;geral;nao;QUADRA QNM 3, 25/33 LOTES 26/28. CEILANDIA SUL CEILANDIA. 72215-030 Brasília - DF.
53014367;C DE ENS ESPACO DO SABER;-15.82296000;-47.98728670;infantil|fundamental_i;privada;ativa;geral;nao;QUADRA QI 14 CONJUNTO I, 104/114 GUARA I. 71015-090 Brasília - DF.
53028007;C DE ENS INF E FUND ABC;-15.76617090;-47.78038560;infantil|fundamental_i;privada;ativa;geral;nao;QUADRA 27 CONJUNTO A LOTES 06/07, 06 E 07 PARANOA - DF. PARANOA. 71572-701 Brasília - DF.
53010426;C DE ENS ISAAC NEWTON;-15.84248310;-48.05035430;infantil|fundamental_i|fundamental_ii;privada;ativa;geral;nao;AE 02 SETOR D SUL, TAGUATINGA SUL. 72020-000 Brasília - DF.
53010264;C DE ENS LOGOS;-15.88092920;-48.07490140;infantil|fundamental_i;privada;ativa;geral;nao;QUADRA QN 508 CONJUNTO 4 LOTE, 05 SAMAMBAIA SUL SAMAMBAIA. 72312-204 Brasília - DF.
53038002;C DE ENS MEDIO DELTA;-15.61348510;-47.64584970;;privada;ativa;geral;nao;QUADRA QUADRA 1 CONJUNTO F, 21 SETOR RESIDENCIAL LESTE PLANALTINA. 73350-106 Brasília - DF.
53015045;C DE ENS TIO PATINHAS;-15.87189710;-48.06825940;infantil|fundamental_i;privada;ativa;geral;nao;QS 114 CONJUNTO 5 LOTE, 4 SAMAMBAIA SUL. 72302-555 Brasília - DF.
53015649;C EDUC INF DIDASCALHO SAO JOSE OPERARIO;-15.78246160;-47.99798590;infantil;privada;ativa;geral;sim;AREA ESPECIAL, 22 SETOR CENTRAL VILA ESTRUTURAL - GUARA. 71255-220 Brasília - DF.
53015630;C EDUCACIONAL BANDEIRANTES - CEBAN;-15.87173130;-47.97047930;;privada;ativa;geral;nao;SEGUNDA AVENIDA BLOCO 300 LOTE 5/6, 5/6 NUCLEO BANDEIRANTE. 71720-550 Brasília - DF.
53003420;C EDUCACIONAL BRASIL CENTRAL;-15.81118000;-48.06762000;infantil|fundamental_i|fundamental_ii;privada;ativa;geral;nao;QUADRA QNE 24, 06/10 TAGUATINGA NORTE TAGUATINGA. 72125-240 Brasília - DF.
53014707;C EDUCACIONAL CCI SENIOR;-15.86682000;-48.09632000;fundamental_ii;privada;ativa;geral;nao;QUADRA QN 401 CONJUNTO B, 03 SAMAMBAIA NORTE. 72319-502 Brasília - DF.
53008812;C EDUCACIONAL CIMAN;-15.79967320;-47.94180950;fundamental_i|fundamental_ii;privada;ativa;geral;nao;SHCES QUADRA 501 BLOCO D, CRUZEIRO NOVO. 70650-514 Brasília - DF.
53000331;C EDUCACIONAL DA AUDICAO E LINGUAGEM LUDOVICO PAVONI - CEAL - LP;-15.76317690;-47.89499600;fundamental_i;privada;ativa;exclusivo_deficiencia;sim;QUADRA SGAN 909 MODULO B, ASA NORTE. 70790-092 Brasília - DF.
53009983;C EDUCACIONAL DELTA;-15.61351480;-47.64587920;infantil|fundamental_i|fundamental_ii;privada;ativa;geral;nao;QUADRA QUADRA 1 CONJUNTO F, 21 SETOR RESIDENCIAL LESTE PLANALTINA. 73350-106 Brasília - DF.
53015118;C EDUCACIONAL DOCE INFANCIA;-16.02201760;-48.05245260;infantil|fundamental_i;privada;ativa;geral;nao;QUADRA 20, 51 CASA. SETOR LESTE GAMA. 72460-200 Brasília - DF.
53013808;C EDUCACIONAL DPAULA;-15.75104550;-47.89562627;;privada;ativa;geral;nao;QUADRA SCRN 712/713 BLOCO B, 02 BL. B LOJA 02. ASA NORTE. 70760-620 Brasília - DF.
53001087;C EDUCACIONAL LEONARDO DA VINCI;-15.80056690;-47.89757700;fundamental_i|fundamental_ii;privada;ativa;geral;nao;QUADRA SEPS 703/903, CONJUNTO B. ASA SUL. 70390-039 Brasília - DF.
53001095;C EDUCACIONAL LEONARDO DA VINCI - UNID NORTE;-15.74661090;-47.90077470;fundamental_i|fundamental_ii;privada;ativa;geral;nao;QUADRA SGAN 914, 0 CONJUNTO I. ASA NORTE. 70790-140 Brasília - DF.
53013670;C EDUCACIONAL LEONARDO DA VINCI - UNIDADE TAGUATINGA;-15.84723000;-48.04116000;fundamental_i|fundamental_ii;privada;ativa;geral;nao;QUADRA QS 3 RUA 420, 02 B PISTAO SUL. AGUAS CLARAS. 71953-100 Brasília - DF.
53017315;C EDUCACIONAL LOGOS;-15.88048861;-48.07516000;fundamental_ii;privada;ativa;geral;nao;QUADRA QN 508 CONJ 1 LT 03, SAMAMBAIA SUL SAMAMBAIA. 72312-201 Brasília - DF.
53010639;C EDUCACIONAL LUMNI;-15.65580630;-47.79360270;infantil|fundamental_i|fundamental_ii;privada;ativa;geral;nao;QUADRA 2 CONJUNTO C/D LOTE, E SOBRADINHO. 73015-380 Brasília - DF.
53014634;C EDUCACIONAL MEUS AMIGUINHOS;-15.61695640;-47.64903080;infantil|fundamental_i;privada;ativa;geral;nao;QUADRA QUADRA 2 CONJUNTO A, SETOR RESIDENCIAL LESTE PLANALTINA. 73350-201 Brasília - DF.
53007085;C EDUCACIONAL ORIGEM;-15.87532000;-47.97658000;fundamental_i|fundamental_ii;privada;ativa;geral;nao;AVENIDA TERCEIRA AVENIDA AREA ESPECIAL 7, 7 MODULO O/P/Q. NUCLEO BANDEIRANTE. 71720-589 Brasília - DF.
53002105;C EDUCACIONAL PIA-MATER;-15.74734800;-47.90030340;infantil|fundamental_i;privada;ativa;geral;nao;QUADRA SGAN 914, ASA NORTE. 70790-140 Brasília - DF.
53008510;C EDUCACIONAL PROJECAO GUARA;-15.81963097;-47.98356046;fundamental_i|fundamental_ii;privada;ativa;geral;nao;QUADRA QE 20 AREA ESPECIAL E, GUARA I. 71015-057 Brasília - DF.
53010973;C EDUCACIONAL PROJECAO SOBRADINHO;-15.65042912;-47.78294950;infantil|fundamental_i|fundamental_ii;privada;ativa;geral;nao;QUADRA QUADRA 14 AREA ESPECIAL, 21 SOBRADINHO. 73050-140 Brasília - DF.
53003721;C EDUCACIONAL PROJECAO TAGUATINGA NORTE;-15.82070000;-48.06571833;infantil|fundamental_i|fundamental_ii;privada;ativa;geral;nao;SETOR C NORTE, AREA ESPECIAL 5/6 E SETOR B NORTE, AREA ESPECIAL 5, TAGUATINGA NORTE. 72115-700 Brasília - DF.
53010507;C EDUCACIONAL RENASCENCA;-15.74872460;-47.90160010;infantil|fundamental_i|fundamental_ii;privada;ativa;geral;nao;SGAN - QD 914 CONJUNTO B PARTE, ASA NORTE. 70790-142 Brasília - DF.
53001192;C EDUCACIONAL SAGRADA FAMILIA;-15.77160667;-47.89317167;infantil|fundamental_i|fundamental_ii;privada;ativa;geral;nao;QUADRA SGAN 906, ASA NORTE. 70790-060 Brasília - DF.
53011902;C EDUCACIONAL SAGRADA FAMILIA SOBRADINHO;-15.63777750;-47.84025760;infantil|fundamental_i|fundamental_ii;privada;ativa;geral;nao;QUADRA ES 06 A RUA 01 LOTE 05 A, COND. MINI CHACARAS. SETOR DE MANSOES DE SOBRADINHO. 73083-180 Brasília - DF.
53017358;C EDUCACIONAL SAMAR;-16.01253090;-47.98416340;infantil|fundamental_i;privada;ativa;geral;nao;QUADRA AC 419 CONJUNTO G LOTES 19, 20 E 21, 1920 E 21 SANTA MARIA. 72549-435 Brasília - DF.
53017625;C EDUCACIONAL SANTA CARMEN SALLES;-15.76855520;-47.78478320;infantil|fundamental_i;privada;ativa;geral;nao;QUADRA QUADRA 2/3, LOTE 01 PARANOA. PARANOA PARQUE PARANOA. 71587-150 Brasília - DF.
53001222;C EDUCACIONAL SIGMA;-15.81430655;-47.91817098;infantil|fundamental_i|fundamental_ii;privada;ativa;geral;nao;SGAS QUADRA, 912 CONJUNTO A. ASA SUL. 70310-500 Brasília - DF.
53020006;C EDUCACIONAL SIGMA - ASA NORTE;-15.75947696;-47.89644928;infantil|fundamental_i|fundamental_ii;privada;ativa;geral;nao;SGAN QUADRA, 910 MODULO E PARTE A. ASA NORTE. 70790-100 Brasília - DF.
53013387;C EDUCATIVO PASSIONISTA MAE DA SANTA ESPERANCA;-15.87934780;-48.01786840;infantil|fundamental_i|fundamental_ii;privada;ativa;geral;nao;QN 05 A/E 02, S/N RIACHO FUNDO I. 71805-432 Brasília - DF.
53014839;C INTEGRADO DE EDUC INF NOSSA SENHORA MAE DOS HOMENS;-15.88309450;-48.12059040;infantil;privada;ativa;geral;sim;QUADRA QR 419 AREA ESPECIAL 01, SAMAMBAIA NORTE SAMAMBAIA. 72325-000 Brasília - DF.
53009967;C OLIMPICO DE ENS;-15.62070560;-47.65665580;infantil|fundamental_i|fundamental_ii;privada;ativa;geral;nao;AVENIDA SAO PAULO QUADRA 49, 14 SETOR TRADICIONAL PLANALTINA. 73330-010 Brasília - DF.
53068254;C SOCIAL COMUNITARIO TIA ANGELINA;-15.71193765;-47.87737900;infantil;privada;ativa;geral;sim;VILA VARJAO DO TORTO QUADRA 04, CONJUNTO E LOTE 04, CH 28 CHACARA 28. SETOR DE HABITACOES INDIVIDUAIS NORTE. 71540-400 Brasília - DF.
53016092;C UNIVERSITARIO EURO AMERICANO - UNIEURO AGUAS CLARAS;-15.83190000;-48.03780000;;privada;paralisada;geral;nao;AVENIDA DAS CASTANHEIRAS, 3700 NORTE AGUAS CLARAS. 71900-100 Brasília - DF.
53009649;CAIC ALBERT SABIN;-16.03050460;-48.02871070;infantil|fundamental_i;estadual;ativa;geral;nao;QUADRA EQ 304/307 MODULO E, 01 LT 01. SANTA MARIA. 72504-305 Brasília - DF.
53005953;CAIC ASSIS CHATEAUBRIAND;-15.61814600;-47.64217510;infantil|fundamental_i;estadual;ativa;geral;nao;VIA NS 02 AREA ESPECIAL 4, SETOR RESIDENCIAL LESTE PLANALTINA. 73357-080 Brasília - DF.
53007255;CAIC BERNARDO SAYAO;-15.83214750;-48.11457940;infantil|fundamental_i;estadual;ativa;geral;nao;QUADRA QNN 28 MODULO 1 LTS, H,I,J,K CEILANDIA SUL CEILANDIA. 72220-280 Brasília - DF.
53002458;CAIC CARLOS CASTELLO BRANCO;-15.99411000;-48.05669000;infantil|fundamental_i;estadual;ativa;geral;nao;SETOR SMA CONJUNTO C, 16,17,18 PREDIO LOBAO FERRAGE. GAMA. 72429-020 Brasília - DF.
53008952;CAIC HELENA REIS;-15.87767980;-48.10436550;infantil|fundamental_i;estadual;ativa;geral;nao;QUADRA QR 409, 01 AREA ESPECIAL 01. SAMAMBAIA NORTE SAMAMBAIA. 72321-100 Brasília - DF.
53005309;CAIC JULIA KUBITSCHEK DE OLIVEIRA;-15.64314410;-47.82321110;infantil|fundamental_i;estadual;ativa;geral;nao;CONJUNTO AR 13 CONJUNTO 03, 01 AREA 01. SETOR OESTE SOBRADINHO II. 73062-303 Brasília - DF.
53007034;CAIC JUSCELINO KUBITSCHEK;-15.87737170;-47.96266550;infantil|fundamental_i;estadual;ativa;geral;nao;SMPW QUADRA 6 CONJUNTO 1, AE 02. SETOR DE MANSOES PARK WAY. 71740-601 Brasília - DF.
53007263;CAIC PROF ANISIO TEIXEIRA;-15.79793580;-48.13016710;infantil|fundamental_i;estadual;ativa;geral;nao;QUADRA QNO 10, AREA ESPECIAL A. CEILANDIA NORTE CEILANDIA. 72255-000 Brasília - DF.
53004973;CAIC PROF BENEDITO CARLOS DE OLIVEIRA;-15.67733630;-48.20308280;infantil|fundamental_i;estadual;ativa;geral;nao;AREA ESPECIAL 5, SETOR TRADICIONAL BRAZLANDIA. 72720-650 Brasília - DF.
53003381;CAIC PROF WALTER JOSE DE MOURA;-15.86255418;-48.02696296;fundamental_i|fundamental_ii;estadual;ativa;geral;nao;QUADRA QS 7 AREA ESPECIAL 4/10, AREAL AGUAS CLARAS. 71967-005 Brasília - DF.
53009657;CAIC SANTA MARIA;-16.00846900;-47.99692820;infantil|fundamental_i;estadual;ativa;geral;nao;QUADRA EQ 215/315 BLOCO B, SN SANTA MARIA. 72545-302 Brasília - DF.
53006712;CAIC SANTA PAULINA;-15.77829184;-47.78439516;infantil|fundamental_i;estadual;ativa;geral;nao;QUADRA 5 AREA ESPECIAL, SEM NUMERO PARANOA. 71570-513 Brasília - DF.
53009720;CAIC UNESCO;-15.90191660;-47.77384240;infantil|fundamental_i;estadual;ativa;geral;nao;RUA DO CAIC, S/N AREA ESPECIAL. CENTRO SAO SEBASTIAO. 71691-047 Brasília - DF.
53000811;CASA DA CRIANCA PAO DE SANTO ANTONIO;-15.80556760;-47.90500980;infantil;privada;ativa;geral;sim;QUADRA SGAS 906 CONJUNTO C, ASA SUL. 70390-060 Brasília - DF.
53015860;CASA DE BRINQUEDOS BABY;-15.81893678;-48.05892980;infantil;privada;ativa;geral;nao;QUADRA QNA 49, 01 TAGUATINGA NORTE TAGUATINGA. 72110-490 Brasília - DF.
53009975;CASA DO PEQUENO POLEGAR;-15.84980833;-47.88979000;infantil;privada;ativa;geral;sim;QUADRA SHIS QI 5 CHACARAS 92 A 99, 96 LAGO SUL DF. SETOR DE HABITACOES INDIVIDUAIS SUL. 71600-640 Brasília - DF.
53013204;CDJ EDUCACIONAL;-15.80332333;-48.04167667;infantil|fundamental_i|fundamental_ii;privada;ativa;geral;nao;RUA 8 CHACARA 207, 02/04 SETOR HABITACIONAL VICENTE PIRES. 72006-870 Brasília - DF.
53011457;CE CASTELO ENCANTADO;-15.79910522;-48.06081024;infantil|fundamental_i;privada;ativa;geral;nao;QUADRA QNG 3, 28 TAGUATINGA NORTE TAGUATINGA. 72130-030 Brasília - DF.
53002571;CE DO SESI-DF - GAMA;-16.01178450;-48.06463590;fundamental_ii;privada;ativa;geral;nao;AREA ESPECIAL 1, 1-8 SETOR CENTRAL GAMA. 72405-610 Brasília - DF.
53003551;CE DO SESI-DF - TAGUATINGA;-15.81289336;-48.07366639;fundamental_ii;privada;ativa;geral;nao;QUADRA QNF 24, AREA ESPECIAL. TAGUATINGA NORTE TAGUATINGA. 72125-740 Brasília - DF.
53003098;CE MAURICIO DE NASSAU - CEMAN;-16.02039370;-48.07655980;infantil|fundamental_i;privada;ativa;geral;nao;EQ 31/32 AREA ESPECIAL SETOR OESTE, SETOR OESTE. 72420-311 Brasília - DF.
53010949;CE MILLENIUM;-15.64015830;-47.77570500;infantil|fundamental_i;privada;ativa;geral;nao;QUADRA QUADRA 17, AREA ESPECIAL 1. SOBRADINHO. 73045-170 Brasília - DF.
53011821;CE PIAGET;-15.82115790;-47.98347250;infantil|fundamental_i|fundamental_ii;privada;ativa;geral;nao;QUADRA INTERNA 20 LOTE C AREA ESPECIAL, 0 GUARA I. 71015-201 Brasília - DF.
53040015;CEC CENTRO EDUCACIONAL DA CRIANCA;-16.02636420;-48.05463840;infantil|fundamental_i;privada;ativa;geral;nao;QUADRA 29, 75/97 LOTE. SETOR LESTE GAMA. 72460-290 Brasília - DF.
53048008;CED 01 DA ESTRUTURAL - CCMDF;-15.78304970;-47.99709040;fundamental_ii;estadual;ativa;geral;nao;AREA ESPECIAL AREA ESPECIAL 3, S/N SETOR CENTRAL. SETOR CENTRAL VILA ESTRUTURAL - GUARA. 71255-030 Brasília - DF.
53016785;CED 01 DE BRASILIA;-15.90988938;-47.81114708;;estadual;ativa;geral;nao;QUADRA SGAN 905/906, S/N ASA NORTE. 70390-070 Brasília - DF.
53008456;CED 01 DO GUARA;-15.84311015;-47.96853893;fundamental_ii;estadual;ativa;geral;nao;QUADRA EQ 34/36, AREA ESPECIAL LOTE B. GUARA II. 71065-345 Brasília - DF.
53016378;CED 01 DO ITAPOA - CCMDF;-15.76857220;-47.78269070;fundamental_ii;estadual;ativa;geral;nao;RODOVIA DF-250 KM 2,5 - CHACARA Nº 03. SITIO ROSAS, REGIAO DOS LAGOS. REGIAO DOS LAGOS SOBRADINHO. 73255-010 Brasília - DF.
53068092;CED 01 DO RIACHO FUNDO II;-15.94884270;-48.03248660;;estadual;ativa;geral;nao;QUADRA QS 18 AREA ESPECIAL 2, RIACHO FUNDO II. 71884-680 Brasília - DF.
53005023;CED 02 DE BRAZLANDIA - CCMDF;-15.68069860;-48.19818850;fundamental_ii;estadual;ativa;geral;nao;PRACA DO LACO, AE 03 SETOR NORTE BRAZLANDIA. 72705-700 Brasília - DF.
53003578;CED 02 DE TAGUATINGA;-15.84191270;-48.04746550;;estadual;ativa;geral;nao;QUADRA QSA 24, QSD 09/11 AE. TAGUATINGA SUL TAGUATINGA. 72015-240 Brasília - DF.
53008804;CED 02 DO CRUZEIRO;-15.79579210;-47.93814370;;estadual;ativa;geral;nao;SHCES QUADRA 805, S/N AREA ESPECIAL LOTE 2. CRUZEIRO NOVO. 70655-850 Brasília - DF.
53011023;CED 02 DO RIACHO FUNDO;-15.88344390;-48.01972200;fundamental_ii;estadual;ativa;geral;nao;QUADRA 07 AREA ESPECIAL, 12 RIACHO FUNDO I. RIACHO FUNDO I. 71805-740 Brasília - DF.
53006283;CED 03 DE PLANALTINA;-15.60320360;-47.65001750;fundamental_ii;estadual;ativa;geral;nao;EQ 2/3, 01 AREA ESPECIAL. SRN/A. 73340-340 Brasília - DF.
53008472;CED 03 DO GUARA;-15.83886190;-47.97558350;;estadual;ativa;geral;nao;QUADRA EQ 17/19, AREA ESPECIAL A. GUARA II. 71050-175 Brasília - DF.
53005171;CED 04 DE BRAZLANDIA;-15.53419610;-48.19033270;fundamental_ii;estadual;ativa;geral;nao;CAIXA POSTAL COMUNITARIA RODOVIA BR-080 KM 18 CHACARA 47, NUCLEO RURAL CURRALINHO. 72738-990 Brasília - DF.
53003594;CED 04 DE TAGUATINGA;-15.79554980;-48.05753160;fundamental_ii;estadual;ativa;geral;nao;AREA QNG AREA ESPECIAL 20, QNG 06/07 AE 20. TAGUATINGA NORTE TAGUATINGA. 72130-006 Brasília - DF.
53008480;CED 04 DO GUARA;-15.82112549;-47.97507028;fundamental_ii;estadual;ativa;geral;nao;QUADRA QE 9, S/N AREA ESECIAL. GUARA I. 71020-095 Brasília - DF.
53007530;CED 06 DE CEILANDIA;-15.84451050;-48.11558890;;estadual;ativa;geral;nao;QUADRA QNP 16, AREA ESPECIAL. CEILANDIA SUL CEILANDIA. 72231-600 Brasília - DF.
53003616;CED 06 DE TAGUATINGA;-15.83146970;-48.07860570;;estadual;ativa;geral;nao;QUADRA QNL 1 AREA ESPECIAL 1, TAGUATINGA NORTE TAGUATINGA. 72150-508 Brasília - DF.
53002610;CED 06 DO GAMA;-16.00734123;-48.05057005;fundamental_i|fundamental_ii;estadual;ativa;geral;nao;QUADRA EQ 2/7, AREA ESPECIAL. SETOR LESTE GAMA. 72450-027 Brasília - DF.
53007549;CED 07 DE CEILANDIA - CCMDF;-15.81221910;-48.11831180;fundamental_ii;estadual;ativa;geral;nao;QUADRA QNN 13 AE, SN CEILANDIA NORTE CEILANDIA. 72225-130 Brasília - DF.
53002563;CED 07 DO GAMA;-16.02012828;-48.06484072;fundamental_ii;estadual;ativa;geral;nao;QUADRA EQ 15/17, LOTE 03 PRACA 01. SETOR CENTRAL GAMA. 72405-155 Brasília - DF.
53002482;CED 08 DO GAMA;-16.02316460;-48.07831590;fundamental_ii;estadual;ativa;geral;nao;PRACA 4 BLOCO A, E/Q 04/10 AREA ESPECIAL. SETOR SUL GAMA. 72415-230 Brasília - DF.
53011066;CED 104 DO RECANTO DAS EMAS;-15.90066873;-48.07115617;fundamental_i|fundamental_ii;estadual;ativa;geral;nao;QUADRA QUADRA 104 CONJUNTO 11-A - AREA ESPECIAL, 01 LOTE. RECANTO DAS EMAS. 72600-412 Brasília - DF.
53007921;CED 11 DE CEILANDIA;-15.82290000;-48.12534333;fundamental_ii;estadual;ativa;geral;nao;QUADRA EQNP 1/5 BLOCO A AREA ESPECIAL, CEILANDIA NORTE CEILANDIA. 72240-501 Brasília - DF.
53012097;CED 123 DE SAMAMBAIA;-15.89368960;-48.12291860;;estadual;ativa;geral;nao;QUADRA QR 123 CONJUNTO 8, AREA ESPECIAL 01. SAMAMBAIA SUL SAMAMBAIA. 72303-008 Brasília - DF.
53007360;CED 14 DE CEILANDIA;-15.79374010;-48.12938150;fundamental_ii;estadual;ativa;geral;nao;QUADRA EQNO 11/13, AREA ESPECIAL. CEILANDIA NORTE CEILANDIA. 72255-510 Brasília - DF.
53007387;CED 15 DE CEILANDIA;-15.79868270;-48.13819540;;estadual;ativa;geral;nao;QUADRA QNO 18 CONJUNTO B, 01 LOTE. CEILANDIA NORTE CEILANDIA. 72260-890 Brasília - DF.
53012100;CED 16 DE CEILANDIA;-15.80388000;-48.14329000;fundamental_i;estadual;ativa;geral;nao;QUADRA QNQ 3, 03 AREA ESPECIAL B. CEILANDIA NORTE CEILANDIA. 72270-300 Brasília - DF.
53012119;CED 308 DO RECANTO DAS EMAS - CCMDF;-15.92341140;-48.10134810;fundamental_ii;estadual;ativa;geral;nao;QUADRA 308 CONJUNTO 12 LOTE, 01 AREA ESPECIAL. RECANTO DAS EMAS. 72622-112 Brasília - DF.
53068181;CED 310 DE SANTA MARIA;-16.02366110;-48.01634950;fundamental_i|fundamental_ii;estadual;ativa;geral;nao;QUADRA CL 310, 1 AREA ESPECIAL. SANTA MARIA. 72510-230 Brasília - DF.
53010000;CED 416 DE SANTA MARIA-CCMDF;-16.01624020;-47.99314640;fundamental_ii;estadual;ativa;geral;nao;QUADRA EQ 416/516, S/N AREA ESPECIAL LOTE A. SANTA MARIA. 72546-330 Brasília - DF.
53010019;CED 619 DE SAMAMBAIA;-15.87911720;-48.12254040;;estadual;ativa;geral;nao;QUADRA QR 619, 01 AREA ESPECIAL. SAMAMBAIA NORTE SAMAMBAIA. 72333-100 Brasília - DF.
53006968;CED AGROURBANO IPE RIACHO FUNDO;-15.94749120;-48.01495270;fundamental_i|fundamental_ii;estadual;ativa;geral;nao;NUCLEO CAUB I, GRANJAS IPE. RIACHO FUNDO II. 71884-690 Brasília - DF.
53019369;CED AGUAS DO CERRADO;-15.64198182;-47.62369659;infantil|fundamental_i;estadual;ativa;geral;nao;QUADRA CSE 6, 32 TAGUATINGA SUL TAGUATINGA. 72025-065 Brasília - DF.
53009380;CED CASA GRANDE;-15.96401333;-48.09920777;infantil|fundamental_i|fundamental_ii;estadual;ativa;geral;nao;NUCLEO RURAL CASA GRANDE MODULO AGRICOLA 16 CHACARA, 01 NUCLEO RURAL CASA GRANDE. 72428-010 Brasília - DF.
53011520;CED DARCY RIBEIRO;-15.76266350;-47.78314120;fundamental_ii;estadual;ativa;geral;nao;QUADRA 31 CONJUNTO F, S/N AREA ESPECIAL. PARANOA. 71573-106 Brasília - DF.
53009479;CED DO LAGO;-15.83916690;-47.87640950;;estadual;ativa;geral;nao;QUADRA SHIS QI 9 CONJUNTO 10 AREA ESPECIAL, S/N LOTE H. SETOR DE HABITACOES INDIVIDUAIS SUL. 71625-100 Brasília - DF.
53012356;CED DO LAGO NORTE;-15.71794710;-47.87894240;;estadual;ativa;geral;nao;QUADRA CA 2, LOTE 24 SETOR DE HABITACOES INDIVIDUAIS NORTE. 71503-502 Brasília - DF.
53006720;CED DO PAD-DF;-16.00977280;-47.55718960;fundamental_ii;estadual;ativa;geral;nao;RODOVIA DF-251 KM 07, BR 251. PARANOA RURAL. 71586-000 Brasília - DF.
53068068;CED DONA AMERICA GUIMARAES;-15.64036070;-47.62916610;fundamental_ii;estadual;ativa;geral;nao;QUADRA 10K CONJUNTO C, AREA ESPECIAL. ARAPOANGA PLANALTINA. 73368-854 Brasília - DF.
53003047;CED ENGENHO DAS LAJES;-16.04193820;-48.25708150;infantil|fundamental_i|fundamental_ii;estadual;ativa;geral;nao;RUA HILARIO RIBEIRO, BR 060 KM 30. ENGENHO DAS LAGES GAMA. 72492-120 Brasília - DF.
53012011;CED ESTANCIA III-CCMDF;-15.61761560;-47.68665180;fundamental_ii;estadual;ativa;geral;nao;MODULO MODULO 1, MODULO 1 RUA 1. ESTANCIA MESTRE DARMAS III PLANALTINA. 73401-600 Brasília - DF.
53005392;CED FERCAL;-15.59067253;-47.88093539;fundamental_ii;estadual;ativa;geral;nao;RODOVIA DF-205, KM 02. SETOR HABITACIONAL FERCAL. 73151-010 Brasília - DF.
53002474;CED GESNER TEIXEIRA;-16.04873470;-48.04693890;fundamental_i|fundamental_ii;estadual;ativa;geral;nao;RUA DALIAS, 2/6 CIDADE NOVA SANTA MARIA. 72597-200 Brasília - DF.
53001044;CED GISNO;-15.76926890;-47.89465400;fundamental_ii;estadual;ativa;geral;nao;QUADRA SGAN 907, BLOCO A. ASA NORTE. 70790-070 Brasília - DF.
53004981;CED INCRA 08;-15.74363960;-48.16977800;fundamental_ii;estadual;ativa;geral;nao;QUADRA QUADRA 4, AE AREA ESPECIAL. INCRA 8 BRAZLANDIA. 72760-040 Brasília - DF.
53008146;CED INCRA 09;-15.78412000;-48.19374000;infantil|fundamental_i|fundamental_ii;estadual;ativa;geral;nao;NR A GUSMAO BR 070 KM 16 GL. 03 INCRA 09, BR 070 KM 16 GL 03. INCRA 09. 72701-991 Brasília - DF.
53005210;CED IRMA MARIA REGINA VELANES REGIS;-15.67525370;-48.10306940;fundamental_i|fundamental_ii;estadual;ativa;geral;nao;RODOVIA DF-001, SN EPTC 430-RODEADOR. BRAZLANDIA. 72770-100 Brasília - DF.
53006496;CED OSORIO BACCHIN;-15.52687810;-47.63039520;fundamental_ii;estadual;ativa;geral;nao;NUCLEO RURAL JARDIM MORUMBI, LOTE 22 GLEBA G. SETOR RESIDENCIAL MESTRE DARMAS PLANALTINA. 73380-160 Brasília - DF.
53005988;CED PIPIRIPAU II;-15.60097400;-47.65013250;infantil|fundamental_i|fundamental_ii;estadual;ativa;geral;nao;CAIXA POSTAL COMUNITARIA RODOVIA DF-205 KM 03 ACESSO P/ROD.DF-345 BSB S JOAO DALIANCA, SEM NUMERO NR PIPIRIPAU II. PLANALTINA-DF. 73307-992 Brasília - DF.
53014308;CED POMPILIO MARQUES DE SOUZA;-15.59897960;-47.68286070;fundamental_i|fundamental_ii;estadual;ativa;geral;nao;MODULO 1, LOTE 13. CONDOMINIO MESTRE DARMAS PLANALTINA. 73403-303 Brasília - DF.
53005740;CED PROF CARLOS RAMOS MOTA;-15.61785860;-47.95066030;fundamental_i|fundamental_ii;estadual;ativa;geral;nao;NUCLEO RURAL LAGO OESTE, 08 DF 001 KM 13, RUA 08. NUCLEO RURAL LAGO OESTE SOBRADINHO. 73100-000 Brasília - DF.
53012984;CED SANTA MARIA ROSA MOLAS - CEMAR;-15.80409610;-48.10387850;infantil|fundamental_i|fundamental_ii;privada;ativa;geral;nao;QUADRA QNM 30 LOTE E Nº 30, 30 CEILANDIA NORTE CEILANDIA. 72210-300 Brasília - DF.
53014880;CED SAO BARTOLOMEU;-15.89400340;-47.77878380;fundamental_i|fundamental_ii;estadual;ativa;geral;nao;QUADRA 2 CONJUNTO 3, 04 LOTE. SAO BARTOLOMEU SAO SEBASTIAO. 71697-045 Brasília - DF.
53019806;CED SAO FRANCISCO;-15.91472500;-47.76295000;;estadual;ativa;geral;nao;QUADRA 17, 100 000. SAO FRANCISCO SAO SEBASTIAO. 71693-317 Brasília - DF.
53011988;CED SAO JOSE;-15.91284560;-47.75946610;fundamental_ii;estadual;ativa;geral;nao;QUADRA 16 AREA ESPECIAL, VILA SAO JOSE SAO SEBASTIAO. 71693-059 Brasília - DF.
53013840;CED STELLA DOS CHERUBINS GUIMARAES TROIS;-15.63040708;-47.65975835;fundamental_ii;estadual;ativa;geral;nao;AVENIDA HUGO LOBO QDA 97 AREA ESPECIAL S/Nº, SETOR SUL. SETOR TRADICIONAL PLANALTINA. 73330-028 Brasília - DF.
53006046;CED TAQUARA;-15.63377830;-47.52223250;infantil|fundamental_i|fundamental_ii;estadual;ativa;geral;nao;CAIXA POSTAL COMUNITARIA RODOVIA DF-410 KM 08 ACESSO PELA BR-020 A 10 KM DE PLANALTINA, S/N NUCLEO RURAL TAQUARA. AGROVILA TAQUARA. 73307-991 Brasília - DF.
53014316;CED VALE DO AMANHECER;-15.67988500;-47.65664950;fundamental_ii;estadual;ativa;geral;nao;CONJUNTO RESIDENCIAL 77, A.E. 03 LOTE 01 VILA PACHECO. VALE DO AMANHECER PLANALTINA. 73370-077 Brasília - DF.
53009460;CED VARGEM BONITA;-15.93441320;-47.94076570;infantil|fundamental_i|fundamental_ii;estadual;ativa;geral;nao;NUCLEO HORTICULA VARGEM BONITA, S/N VARGEM BONITA. PARK WAY. 71750-000 Brasília - DF.
53006054;CED VARZEAS;-15.82102928;-47.57049811;infantil|fundamental_i|fundamental_ii;estadual;ativa;geral;nao;NUCLEO RURAL TABATINGA, DF120/DF455. PLANALTINA. 73390-100 Brasília - DF.
53005007;CED VENDINHA;-15.62096086;-48.19944782;fundamental_i|fundamental_ii;estadual;ativa;geral;nao;BR 0820 KM 25, EST BSB PE BERNARDO. VENDINHA. 72720-000 Brasília - DF.
53019385;CED ZUMBI DOS PALMARES;-15.92971264;-47.75471290;fundamental_ii;estadual;ativa;geral;nao;RUA 55 AVENIDA COMERCIAL CENTRO LOTES, 1931/1941 CENTRO SAO SEBASTIAO. 71691-018 Brasília - DF.
53005040;CEE 01 DE BRAZLANDIA;-15.68144000;-48.19148000;;estadual;ativa;sem_escolarizacao;nao;QUADRA EQ 2/4, 39013665 SETOR NORTE. BRAZLANDIA. 72710-026 Brasília - DF.
53003802;CEE 01 DE CEILANDIA;-15.83986080;-48.11389020;;estadual;ativa;sem_escolarizacao;nao;QUADRA EQNP 10/14, AREA ESPECIAL. CEILANDIA SUL CEILANDIA. 72231-500 Brasília - DF.
53006097;CEE 01 DE PLANALTINA;-15.61975030;-47.65384330;;estadual;ativa;sem_escolarizacao;nao;SETOR ADMINISTRATIVO LOTE, I SETOR EDUCACIONAL. SETOR ADMINISTRATIVO PLANALTINA. 73310-100 Brasília - DF.
53012780;CEE 01 DE SAMAMBAIA;-15.88501310;-48.09381970;;estadual;ativa;sem_escolarizacao;nao;QUADRA QS 303 CONJUNTO 4 LOTE, 01 SAMAMBAIA. SAMAMBAIA SUL SAMAMBAIA. 72305-505 Brasília - DF.
53013336;CEE 01 DE SANTA MARIA;-16.02314020;-48.02610260;;estadual;ativa;sem_escolarizacao;nao;QUADRA CL 208, A1 AREA ESPECIAL. SANTA MARIA. 72508-220 Brasília - DF.
53005848;CEE 01 DE SOBRADINHO;-15.65029490;-47.77896920;;estadual;ativa;sem_escolarizacao;nao;QUADRA QUADRA 14, AREA ESPECIAL 05. SOBRADINHO. 73050-140 Brasília - DF.
53003810;CEE 01 DE TAGUATINGA;-15.81630450;-48.08545840;;estadual;ativa;sem_escolarizacao;nao;QUADRA QNJ 20 AREA ESPECIAL, 12 TAGUATINGA NORTE TAGUATINGA. 72140-200 Brasília - DF.
53010744;CEE 01 DO GUARA;-15.81906310;-47.98589200;;estadual;ativa;sem_escolarizacao;nao;QUADRA QE 20 AREA ESPECIAL A, GUARA I. 71015-017 Brasília - DF.
53000200;CEE 02 DE BRASILIA;-15.83216320;-47.90808640;;estadual;ativa;sem_escolarizacao;nao;QUADRA SGAS 612 MODULO D, ASA SUL. ASA SUL. 70200-720 Brasília - DF.
53012771;CEE 02 DE CEILANDIA;-15.79111760;-48.13327570;;estadual;ativa;sem_escolarizacao;nao;QUADRA QNO 12 AREA ESPECIAL G, CEILANDIA NORTE CEILANDIA. 72255-207 Brasília - DF.
53000714;CEE DE DEFICIENTES VISUAIS - CEEDV;-15.83188879;-47.90836819;;estadual;ativa;sem_escolarizacao;nao;QUADRA SGAS 612 L2 SUL, CONJUNTO J AREA ESPECIAL. ASA SUL. 70200-720 Brasília - DF.
53009312;CEF 01 DA CANDANGOLANDIA;-15.84986240;-47.94969980;fundamental_ii;estadual;ativa;geral;nao;QUADRA EQR 2/4, AREA ESPECIAL 7. CANDANGOLANDIA. 71725-250 Brasília - DF.
53000846;CEF 01 DE BRASILIA;-15.81277210;-47.89785480;fundamental_ii;estadual;ativa;geral;nao;QUADRA SQS 106, SEM NUMERO AREA ESPECIAL. ASA SUL. 70345-000 Brasília - DF.
53004990;CEF 01 DE BRAZLANDIA;-15.66670870;-48.20094340;fundamental_ii;estadual;ativa;geral;nao;QUADRA PIQ 06, 02 SETOR VEREDAS. VEREDAS BRAZLANDIA. 72726-125 Brasília - DF.
53005996;CEF 01 DE PLANALTINA;-15.62287100;-47.65409720;fundamental_ii;estadual;ativa;geral;nao;SETOR EDUCACIONAL LOTE M, SETOR DE EDUCACAO PLANALTINA. 73310-150 Brasília - DF.
53005333;CEF 01 DE SOBRADINHO;-15.65757570;-47.79285290;fundamental_ii;estadual;ativa;geral;nao;QUADRA 2 CONJUNTO C/D, LOTE F. SOBRADINHO. 73015-380 Brasília - DF.
53008774;CEF 01 DO CRUZEIRO;-15.78462090;-47.93652310;fundamental_i|fundamental_ii;estadual;ativa;geral;nao;QUADRA SRES QUADRA 1, LOTE 5. CRUZEIRO VELHO. 70640-002 Brasília - DF.
53002784;CEF 01 DO GAMA;-16.00706770;-48.06199900;fundamental_ii;estadual;ativa;geral;nao;AREA EQ 1/2, SETOR NORTE GAMA. 72430-150 Brasília - DF.
53008391;CEF 01 DO GUARA;-15.81259640;-47.98844410;fundamental_ii;estadual;ativa;geral;nao;QUADRA QE 4 AREA ESPECIAL J, SN GUARA I. GUARA I. 71010-616 Brasília - DF.
53009410;CEF 01 DO LAGO NORTE;-15.73355942;-47.87295923;fundamental_ii;estadual;ativa;geral;nao;QUADRA SHIN QI 4/6, AE. SETOR DE HABITACOES INDIVIDUAIS NORTE. 71510-200 Brasília - DF.
53007042;CEF 01 DO NUCLEO BANDEIRANTE - CCMDF;-15.87710060;-47.97642290;fundamental_ii;estadual;ativa;geral;nao;AVENIDA CONTORNO AREA ESPECIAL 7, 07 NUCLEO BANDEIRANTE. 71705-040 Brasília - DF.
53012429;CEF 01 DO PARANOA - CCMDF;-15.77930880;-47.78316320;fundamental_ii;estadual;ativa;geral;nao;AREA ESPECIAL BARRAGEM DO PARANOA, QUADRA 03 AREA ESPECIAL 06. PARANOA. 71570-030 Brasília - DF.
53000854;CEF 01 DO PLANALTO;-15.82824440;-47.92453800;infantil|fundamental_i|fundamental_ii;estadual;ativa;geral;nao;AVENIDA PACHECO FERNANDES, S/N. VILA PLANALTO. 70804-080 Brasília - DF.
53013034;CEF 01 DO RIACHO FUNDO II - CCMDF;-15.90212600;-48.04805110;fundamental_ii;estadual;ativa;geral;nao;QUADRA QN 7D, AREA ESPECIAL 1/2. RIACHO FUNDO II. 71880-040 Brasília - DF.
53009436;CEF 01 DO VARJAO;-15.70920640;-47.87832310;fundamental_i;estadual;ativa;geral;nao;QUADRA QUADRA 7 AREA ESPECIAL S/N, SN VARJAO. 71555-247 Brasília - DF.
53068157;CEF 02 DA ESTRUTURAL;-15.78614280;-47.98940400;infantil|fundamental_i|fundamental_ii;estadual;ativa;geral;nao;VILA ESTRUTURAL, QD 02 A/E CJ. 1/2. VILA ESTRUTURAL. 71300-000 Brasília - DF.
53000862;CEF 02 DE BRASILIA;-15.81529960;-47.90121360;fundamental_ii;estadual;ativa;geral;nao;QUADRA SQS 107, S/N AREA ESPECIAL. ASA SUL. 70346-000 Brasília - DF.
53005090;CEF 02 DE BRAZLANDIA;-15.67210046;-48.19434565;fundamental_i|fundamental_ii;estadual;ativa;geral;nao;QUADRA 12, AREA ESPECIAL Nº05. SETOR NORTE BRAZLANDIA. 72710-120 Brasília - DF.
53007280;CEF 02 DE CEILANDIA;-15.82105840;-48.10474870;fundamental_ii;estadual;ativa;geral;nao;QUADRA EQNM 1/3, AREA ESPECIAL. CEILANDIA SUL. 72215-520 Brasília - DF.
53006003;CEF 02 DE PLANALTINA;-15.62223560;-47.65687100;fundamental_i|fundamental_ii;estadual;ativa;geral;nao;AVENIDA SAO PAULO, 02 A 06 SETOR TRADICIONAL PLANALTINA. 73330-010 Brasília - DF.
53068076;CEF 02 DO ARAPOANGA;-15.63632340;-47.63289230;fundamental_i|fundamental_ii;estadual;ativa;geral;nao;QUADRA 21 CONJUNTO F, AREA ESPECIAL. ARAPOANGA PLANALTINA. 73368-564 Brasília - DF.
53008529;CEF 02 DO GUARA;-15.81531320;-47.97836730;fundamental_ii;estadual;ativa;geral;nao;QUADRA QE 7, AREA ESPECIAL Q. GUARA I. 71020-007 Brasília - DF.
53012003;CEF 02 DO PARANOA;-15.78243890;-47.77891170;fundamental_ii;estadual;ativa;geral;nao;QUADRA QUADRA 4 CONJUNTO A, 05 AREA ESPECIAL. PARANOA. 71570-401 Brasília - DF.
53017080;CEF 03 DA ESTRUTURAL;-15.80379600;-47.96850200;fundamental_i;estadual;ativa;geral;nao;S I A TR 2 LTS 1815 E 1825, ZONA INDUSTRIAL. S I A. 71200-020 Brasília - DF.
53000870;CEF 03 DE BRASILIA;-15.80540620;-47.89142890;fundamental_ii;estadual;ativa;geral;nao;QUADRA SQS 103, AREA ESPEC AE. ASA SUL. 70342-000 Brasília - DF.
53014553;CEF 03 DE BRAZLANDIA;-15.65872450;-48.19552270;fundamental_ii;estadual;ativa;geral;nao;QUADRA QUADRA 46, AE 01 AREA ESPECIAL. VILA SAO JOSE BRAZLANDIA. 72746-000 Brasília - DF.
53005961;CEF 03 DE PLANALTINA;-15.61602510;-47.64050670;fundamental_ii;estadual;ativa;geral;nao;QUADRA EQ 10/20 CONJUNTO H, 01 SETOR RESIDENCIAL LESTE PLANALTINA. 73355-058 Brasília - DF.
53005350;CEF 03 DE SOBRADINHO;-15.65088282;-47.79938353;fundamental_ii;estadual;ativa;geral;nao;QUADRA 6 AREA ESPECIAL, 02 SOBRADINHO. 73026-603 Brasília - DF.
53003446;CEF 03 DE TAGUATINGA;-15.84028080;-48.04892400;fundamental_ii;estadual;ativa;geral;nao;QUADRA QSA 25, AREA ESPECIAL. TAGUATINGA SUL TAGUATINGA. 72015-250 Brasília - DF.
53003004;CEF 03 DO GAMA;-16.01095510;-48.05063350;fundamental_ii;estadual;ativa;geral;nao;QUADRA EQ 6/11, AREA ESPECIAL. SETOR LESTE GAMA. 72450-065 Brasília - DF.
53014227;CEF 03 DO PARANOA;-15.76482520;-47.77936600;fundamental_ii;estadual;ativa;geral;nao;QUADRA QUADRA 26 AREA ESPECIAL S/N, PARANOA. 71572-608 Brasília - DF.
53000889;CEF 04 DE BRASILIA;-15.82725100;-47.91711990;fundamental_ii;estadual;ativa;geral;nao;QUADRA SQS 113 AREA ESPECIAL, 0 ASA SUL. 70376-000 Brasília - DF.
53007298;CEF 04 DE CEILANDIA;-15.82855043;-48.09460129;fundamental_ii;estadual;ativa;geral;nao;QUADRA EQNM 21/23 AREA ESPECIAL, CEILANDIA SUL. 72215-580 Brasília - DF.
53006160;CEF 04 DE PLANALTINA - CCMDF;-15.62216440;-47.65181910;fundamental_ii;estadual;ativa;geral;nao;SETOR EDUCACIONAL, LT C/D SETOR DE EDUCACAO PLANALTINA. 73310-150 Brasília - DF.
53005368;CEF 04 DE SOBRADINHO;-15.64606670;-47.77855040;fundamental_i|fundamental_ii;estadual;ativa;geral;nao;QUADRA 15, 02 AREA ESPECIAL. SOBRADINHO. 73045-150 Brasília - DF.
53003454;CEF 04 DE TAGUATINGA;-15.82295190;-48.08302514;fundamental_ii;estadual;ativa;geral;nao;QUADRA EQNL 05/07 AREA ESPECIAL LOTE, 1 AREA ESPECIAL. L NORTE-TAGUATINGA NORTE. 72150-517 Brasília - DF.
53002490;CEF 04 DO GAMA;-16.02706750;-48.05630850;fundamental_ii;estadual;ativa;geral;nao;QUADRA EQ 29/33, 3 PRACA 3. SETOR LESTE GAMA. 72460-295 Brasília - DF.
53008405;CEF 04 DO GUARA;-15.81878530;-47.98779230;fundamental_ii;estadual;ativa;geral;nao;QUADRA QE 12 AREA ESPECIAL A, GUARA I. 71010-310 Brasília - DF.
53015584;CEF 04 DO PARANOA;-15.78365637;-47.77917218;fundamental_ii;estadual;ativa;geral;nao;QUADRA 4 CONJUNTO A, 5A AREA ESPECIAL. PARANOA. 71570-401 Brasília - DF.
53000897;CEF 05 DE BRASILIA;-15.82326000;-47.89975200;fundamental_ii;estadual;ativa;geral;nao;QUADRA SQS 408, AE. ASA SUL. 70257-000 Brasília - DF.
53005376;CEF 05 DE SOBRADINHO;-15.64375330;-47.79722940;fundamental_ii;estadual;ativa;geral;nao;QUADRA QUADRA 10, RUA 04 RUA 04 AE S/Nº. SOBRADINHO. 73005-100 Brasília - DF.
53003462;CEF 05 DE TAGUATINGA;-15.85951180;-48.04651820;fundamental_ii;estadual;ativa;geral;nao;QUADRA QSE 22, AREA ESPECIAL 09/10. TAGUATINGA SUL TAGUATINGA. 72025-220 Brasília - DF.
53002504;CEF 05 DO GAMA - CCMDF;-16.01576817;-48.07850732;fundamental_ii;estadual;ativa;geral;nao;QUADRA QUADRA 26/29, 26/29 AREA ESPECIAL. SETOR OESTE GAMA. 72420-290 Brasília - DF.
53008413;CEF 05 DO GUARA;-15.84336555;-47.97387072;fundamental_i|fundamental_ii;estadual;ativa;geral;nao;QUADRA EQ 32/34, AE LOTE B. GUARA II. 71065-325 Brasília - DF.
53009584;CEF 06 DE BRASILIA;-15.85604980;-47.87766620;fundamental_ii;estadual;ativa;geral;nao;QUADRA SHIS QI 15 AREA ESPECIAL S/N, 02 SETOR DE HABITACOES INDIVIDUAIS SUL. 71635-600 Brasília - DF.
53013972;CEF 07 DE BRASILIA;-15.75503360;-47.89893930;fundamental_ii;estadual;ativa;geral;nao;QUADRA SGAN 912, SN MD A/B. ASA NORTE. 70790-120 Brasília - DF.
53007301;CEF 07 DE CEILANDIA;-15.83057530;-48.09953710;fundamental_ii;estadual;ativa;geral;nao;QUADRA EQNM 5/7, AREA ESPECIAL. CEILANDIA SUL CEILANDIA. 72215-540 Brasília - DF.
53012038;CEF 07 DE SOBRADINHO;-15.64413470;-47.82472200;fundamental_ii;estadual;ativa;geral;nao;CONJUNTO AR 13 AREA ESPECIL 01, LOTE 01 AREA ESPECIAL. SETOR OESTE SOBRADINHO II. 73062-305 Brasília - DF.
53006240;CEF 08 DE PLANALTINA;-15.62129534;-47.64563383;fundamental_ii;estadual;ativa;geral;nao;QUADRA EQ 3/4, SEM NUMERO PROJECAO H. SETOR RESIDENCIAL LESTE PLANALTINA. 73350-350 Brasília - DF.
53013522;CEF 08 DE SOBRADINHO;-15.63935337;-47.82812806;fundamental_ii;estadual;ativa;geral;nao;QUADRA AR 03, LOTE 04. SETOR OESTE SOBRADINHO II. 73060-130 Brasília - DF.
53003470;CEF 08 DE TAGUATINGA;-15.81744480;-48.05844410;fundamental_ii;estadual;ativa;geral;nao;QUADRA QNA 52, 33182769 LOTE 26 - AREA ESPEC. TAGUATINGA NORTE TAGUATINGA. 72110-520 Brasília - DF.
53002512;CEF 08 DO GAMA;-16.02568715;-48.07396263;fundamental_ii;estadual;ativa;geral;nao;PRACA 2 AE CEF 08, SETOR SUL GAMA. 72415-117 Brasília - DF.
53008430;CEF 08 DO GUARA;-15.82775398;-47.97860601;fundamental_ii;estadual;ativa;geral;nao;QUADRA EQ 13/15, AREA ESPECIAL. GUARA II. 71050-135 Brasília - DF.
53017412;CEF 09 DE SOBRADINHO;-15.64272670;-47.82072780;fundamental_i|fundamental_ii;estadual;ativa;geral;nao;AR 13 CJ 1, AE 3 ANTIGO COER. SOBRADINHO II. 73062-301 Brasília - DF.
53007310;CEF 10 DE CEILANDIA;-15.80530030;-48.12497800;fundamental_ii;estadual;ativa;geral;nao;QUADRA EQNN 23/25, S/N AREA ESPECIAL. CEILANDIA NORTE CEILANDIA. 72225-590 Brasília - DF.
53003497;CEF 10 DE TAGUATINGA;-15.85668030;-48.04141430;fundamental_ii;estadual;ativa;geral;nao;QUADRA QSE 5/7 - AE, 01 TAGUATINGA SUL TAGUATINGA. 72025-050 Brasília - DF.
53002539;CEF 10 DO GAMA;-16.01421610;-48.07537940;fundamental_ii;estadual;ativa;geral;nao;QUADRA EQ 16/26 E 19-22, AREA ESPECIAL. SETOR OESTE GAMA. 72420-167 Brasília - DF.
53012046;CEF 10 DO GUARA;-15.85089400;-47.96256390;fundamental_i|fundamental_ii;estadual;ativa;geral;nao;QUADRA QE 46, 05 AREA ESPECIAL 05. GUARA II. 71070-460 Brasília - DF.
53012186;CEF 101 DO RECANTO DAS EMAS;-15.81920522;-48.21720271;fundamental_ii;estadual;ativa;geral;nao;QUADRA 101 CONJUNTO 10-B LOTES, 1/2 RECANTO DAS EMAS. 72600-113 Brasília - DF.
53001443;CEF 102 NORTE;-15.78169520;-47.88336270;fundamental_ii;estadual;ativa;geral;nao;QUADRA SQN 102 AE, ASA NORTE. 70722-000 Brasília - DF.
53012593;CEF 103 DE SANTA MARIA;-16.03691800;-48.03740150;fundamental_ii;estadual;ativa;geral;nao;QUADRA CL 103 BLOCO B, AREA ESPECIAL. SANTA MARIA. 72503-202 Brasília - DF.
53001460;CEF 104 NORTE;-15.77511870;-47.88371720;fundamental_ii;estadual;ativa;geral;nao;QUADRA SQN 104, AREA ESPECIAL. ASA NORTE. 70733-000 Brasília - DF.
53009355;CEF 106 DO RECANTO DAS EMAS;-15.90534780;-48.08208430;fundamental_ii;estadual;ativa;geral;nao;QUADRA 106 CONJUNTO 2-B LOTE, 01 RECANTO DAS EMAS. RECANTO DAS EMAS. 72601-204 Brasília - DF.
53007328;CEF 11 DE CEILANDIA;-15.83992060;-48.10445220;fundamental_ii;estadual;ativa;geral;nao;QUADRA EQNN 24/26, SN AE. CEILANDIA SUL CEILANDIA. 72220-580 Brasília - DF.
53003500;CEF 11 DE TAGUATINGA;-15.80875988;-48.06320680;fundamental_ii;estadual;ativa;geral;nao;QUADRA CND 5 A/E, S/N PRACA DO BICALHO. TAGUATINGA NORTE. 72120-055 Brasília - DF.
53002547;CEF 11 DO GAMA;-16.02818140;-48.06967520;fundamental_ii;estadual;ativa;geral;nao;QUADRA 1, AEREA ESPECIAL. SETOR SUL GAMA. 72410-100 Brasília - DF.
53018605;CEF 113 DO RECANTO DAS EMAS;-15.91824212;-48.10281784;fundamental_ii;estadual;ativa;geral;nao;QUADRA QUADRA 113 CONJUNTO 8-A, 01 AREAESPECIAL. RECANTO DAS EMAS. 72603-109 Brasília - DF.
53009363;CEF 115 DO RECANTO DAS EMAS;-15.92550880;-48.10757940;infantil|fundamental_i;estadual;ativa;geral;nao;QUADRA QUADRA 115 AREA ESPECIAL, CONJUNTO 7C. RECANTO DAS EMAS. 72603-318 Brasília - DF.
53007336;CEF 12 DE CEILANDIA;-15.79590700;-48.11927130;fundamental_ii;estadual;ativa;geral;nao;QUADRA EQNO 2/4, AREA ESPECIAL. CEILANDIA NORTE CEILANDIA. 72250-530 Brasília - DF.
53003519;CEF 12 DE TAGUATINGA;-15.80338360;-48.07258990;fundamental_i|fundamental_ii;estadual;ativa;geral;nao;QUADRA QNG 39 AREA ESPECIAL, 03 TAGUATINGA NORTE TAGUATINGA. 72130-390 Brasília - DF.
53009070;CEF 120 DE SAMAMBAIA;-15.86924530;-48.05860760;fundamental_ii;estadual;ativa;geral;nao;QUADRA QN 122 CONJUNTO 4, 01 LOTE 01. SAMAMBAIA SUL SAMAMBAIA. 72304-104 Brasília - DF.
53007344;CEF 13 DE CEILANDIA;-15.84943220;-48.11764000;fundamental_ii;estadual;ativa;geral;nao;QUADRA EQNP 30/34, AREA ESPECIAL. CEILANDIA SUL CEILANDIA. 72236-500 Brasília - DF.
53007352;CEF 14 DE CEILANDIA;-15.84728910;-48.12434430;fundamental_ii;estadual;ativa;geral;nao;QUADRA EQNP 28/32, S/N AREA ESPECIAL. CEILANDIA SUL. 72235-560 Brasília - DF.
53003527;CEF 14 DE TAGUATINGA;-15.81884660;-48.06374950;fundamental_ii;estadual;ativa;geral;nao;QNB 15 AREA ESPECIAL, 02 TAGUATINGA NORTE. 72115-150 Brasília - DF.
53003535;CEF 15 DE TAGUATINGA;-15.83447960;-48.05479920;fundamental_ii;estadual;ativa;geral;nao;QUADRA QSA 3/5 AREA ESPECIAL 1, 1 TAGUATINGA SUL TAGUATINGA. 72015-034 Brasília - DF.
53003071;CEF 15 DO GAMA;-16.03451102;-48.06235525;fundamental_ii;estadual;ativa;geral;nao;AREA ESPECIAL EQ 5/11, SETOR SUL GAMA. 72415-318 Brasília - DF.
53007379;CEF 16 DE CEILANDIA;-15.80319282;-48.10868446;fundamental_ii;estadual;ativa;geral;nao;QUADRA EQNM 22/24, AREA ESPECIAL. CEILANDIA NORTE CEILANDIA. 72210-570 Brasília - DF.
53004280;CEF 16 DE TAGUATINGA;-15.82512030;-48.09095090;fundamental_ii;estadual;ativa;geral;nao;QNL 22, AREA ESPECIAL 24. TAGUATINGA NORTE TAGUATINGA. 72161-200 Brasília - DF.
53004256;CEF 17 DE TAGUATINGA;-15.79671942;-48.10239871;fundamental_ii;estadual;ativa;geral;nao;QUADRA EQNM 38/40 AREA ESPECIAL, 02 TAGUATINGA NORTE. TAGUATINGA NORTE TAGUATINGA. 72145-527 Brasília - DF.
53007395;CEF 18 DE CEILANDIA;-15.83746250;-48.11564020;fundamental_ii;estadual;ativa;geral;nao;QUADRA QNP 10, 10 AREA ESPECIAL. CEILANDIA SUL CEILANDIA. 72231-100 Brasília - DF.
53007409;CEF 19 DE CEILANDIA;-15.82634969;-48.11453668;fundamental_ii;estadual;ativa;geral;nao;QUADRA EQNN 18/20, AREA ESPECIAL. CEILANDIA SUL CEILANDIA. 72220-550 Brasília - DF.
53004221;CEF 19 DE TAGUATINGA - CCMDF;-15.82031650;-48.07924740;fundamental_ii;estadual;ativa;geral;nao;QUADRA EQNL 10/12 AREA ESPECIAL S/N, TAGUATINGA NORTE TAGUATINGA. 72155-525 Brasília - DF.
53007417;CEF 20 DE CEILANDIA;-15.80140280;-48.11639320;fundamental_ii;estadual;ativa;geral;nao;QUADRA EQNM 8/10, CEILANDIA. CEILANDIA NORTE CEILANDIA. 72210-540 Brasília - DF.
53012062;CEF 201 DE SANTA MARIA;-16.04481010;-48.03353030;fundamental_ii;estadual;ativa;geral;nao;QUADRA CL 201, AE. SANTA MARIA. 72501-220 Brasília - DF.
53011600;CEF 206 DO RECANTO DAS EMAS;-15.90604667;-48.06898000;fundamental_ii;estadual;ativa;geral;nao;QUADRA QUADRA 206 LOTE, 02 CONJUNTO 02. RECANTO DAS EMAS. 72610-600 Brasília - DF.
53011503;CEF 209 DE SANTA MARIA;-16.02175640;-48.02421900;fundamental_ii;estadual;ativa;geral;nao;QUADRA CL 209 BLOCO A, S.N. SANTA MARIA. 72509-221 Brasília - DF.
53009851;CEF 213 DE SANTA MARIA;-16.00818990;-48.00265880;fundamental_ii;estadual;ativa;geral;nao;QUADRA CL 213 BLOCO G, 01 01. SANTA MARIA. 72543-227 Brasília - DF.
53001567;CEF 214 SUL;-15.83229290;-47.91777380;fundamental_ii;estadual;ativa;geral;nao;QUADRA SQS 214, S/N AREA ESPECIAL. ASA SUL. 70293-000 Brasília - DF.
53007522;CEF 25 DE CEILANDIA;-15.81499060;-48.12823200;fundamental_ii;estadual;ativa;geral;nao;QUADRA QNP 9, AE AE. CEILANDIA NORTE CEILANDIA. 72240-800 Brasília - DF.
53007883;CEF 26 DE CEILANDIA;-15.78657870;-48.12632370;fundamental_ii;estadual;ativa;geral;nao;QUADRA EQNO 5/7, CEILANDIA NORTE CEILANDIA. 72251-500 Brasília - DF.
53068114;CEF 27 DE CEILANDIA;-15.80552590;-48.15081690;fundamental_ii;estadual;ativa;geral;nao;QUADRA QNR 1 AREA ESPECIAL 3, S/N CEILANDIA NORTE CEILANDIA. 72275-126 Brasília - DF.
53068122;CEF 28 DE CEILANDIA;-15.81317330;-48.13947830;fundamental_ii;estadual;ativa;geral;nao;AREA ESPECIAL 1, QNP 21. CEILANDIA NORTE CEILANDIA. 72215-000 Brasília - DF.
53011589;CEF 30 DE CEILANDIA;-15.78592050;-48.13796430;infantil|fundamental_i|fundamental_ii;estadual;ativa;geral;nao;RUA RUA 1- AREA ESPECIAL FRENTE-MODULO 7, S/N CONDOMINIO PRIVE. CONDOMINIO PRIVE LUCENA RORIZ CEILANDIA. 72280-100 Brasília - DF.
53013530;CEF 301 DO RECANTO DAS EMAS;-15.90899750;-48.08497610;fundamental_i;estadual;ativa;geral;nao;QUADRA QUADRA 301 CONJUNTO LOTE, 7 AREA ESPECIAL. RECANTO DAS EMAS. 72620-200 Brasília - DF.
53009860;CEF 306 DO RECANTO DAS EMAS;-15.91872750;-48.09714630;fundamental_i;estadual;ativa;geral;nao;QUADRA QUADRA 306, 06 AVENIDA MONJLO LOTE. RECANTO DAS EMAS. 72621-300 Brasília - DF.
53001613;CEF 306 NORTE;-15.77104854;-47.88698997;fundamental_i|fundamental_ii;estadual;ativa;geral;nao;QUADRA SQN 306, AREA ESPECIAL. ASA NORTE. 70745-000 Brasília - DF.
53009665;CEF 308 DE SANTA MARIA;-16.02767500;-48.02237830;fundamental_i|fundamental_ii;estadual;ativa;geral;nao;QUADRA CL 308 BLOCO B, 308 AREA ESPECIAL 01. SANTA MARIA. 72508-232 Brasília - DF.
53008049;CEF 31 DE CEILANDIA;-15.79874712;-48.13458762;fundamental_ii;estadual;ativa;geral;nao;QUADRA QNO 17, H AREA ESPECIAL. CEILANDIA NORTE CEILANDIA. 72260-700 Brasília - DF.
53008995;CEF 312 DE SAMAMBAIA;-15.87682634;-48.06856542;fundamental_ii;estadual;ativa;geral;nao;QUADRA QN 312 CONJUNTO 5, LOTE 01. SAMAMBAIA SUL SAMAMBAIA. 72308-005 Brasília - DF.
53009690;CEF 316 DE SANTA MARIA;-16.01153640;-47.99503200;fundamental_ii;estadual;ativa;geral;nao;QUADRA CL 316 BLOCO A, AREA ESPECIAL. SANTA MARIA. 72546-231 Brasília - DF.
53068149;CEF 32 DE CEILANDIA;-15.85772730;-48.12378370;infantil|fundamental_i|fundamental_ii;estadual;ativa;geral;nao;SHPS EQ 500/700 SETOR HABITACIONAL POR DO SOL, S/N CEILANDIA. SETOR HABITACIONAL POR DO SOL - CEILANDIA SUL. 72237-990 Brasília - DF.
53007972;CEF 33 DE CEILANDIA;-15.84001440;-48.11896250;fundamental_ii;estadual;ativa;geral;nao;QUADRA QNP 12 AREA ESPECIAL, S/N SETOR P SUL. CEILANDIA SUL. 72231-200 Brasília - DF.
53008081;CEF 34 DE CEILANDIA;-15.79401710;-48.13919630;fundamental_ii;estadual;ativa;geral;nao;QUADRA QNO 19 CONJUNTO B, 01 EXPANSAO DO SETOR O. CEILANDIA NORTE CEILANDIA. 72261-062 Brasília - DF.
53007689;CEF 35 DE CEILANDIA;-15.81786830;-48.11213250;fundamental_ii;estadual;ativa;geral;nao;QUADRA EQNN 1/3, VIA LESTE/VIA OESTE. CEILANDIA NORTE CEILANDIA. 72225-520 Brasília - DF.
53009878;CEF 403 DE SANTA MARIA;-16.03780620;-48.02656710;infantil|fundamental_i;estadual;ativa;geral;nao;QUADRA QR 403, 0 LOTE A AREA ESPECIAL. SANTA MARIA SUL. 72503-700 Brasília - DF.
53008987;CEF 404 DE SAMAMBAIA;-15.86693696;-48.08426544;fundamental_ii;estadual;ativa;geral;nao;AREA ESPECIAL, 01 ESCOLA. SAMAMBAIA NORTE SAMAMBAIA. 72318-550 Brasília - DF.
53012127;CEF 405 DO RECANTO DAS EMAS;-15.91310038;-48.06567974;fundamental_ii;estadual;ativa;geral;nao;QUADRA 405 CONJUNTO 15 LOTE, 01 AREA ESPECIAL. RECANTO DAS EMAS. 72631-115 Brasília - DF.
53001702;CEF 405 SUL;-15.81592930;-47.89217270;fundamental_ii;estadual;ativa;geral;nao;QUADRA SQS 405, AREA ESPECIAL. ASA SUL. 70239-000 Brasília - DF.
53009150;CEF 407 DE SAMAMBAIA - CCMDF;-15.84067770;-48.05115410;fundamental_ii;estadual;ativa;geral;nao;QUADRA QR 407/409, AREA ESPECIAL 01. SAMAMBAIA NORTE SAMAMBAIA. 72321-000 Brasília - DF.
53001729;CEF 410 NORTE;-15.75499250;-47.88155470;fundamental_ii;estadual;ativa;geral;nao;QUADRA SQN 410, S/N AREA ESPECIAL. ASA NORTE. 70865-000 Brasília - DF.
53009002;CEF 411 DE SAMAMBAIA;-15.87752730;-48.11032350;fundamental_ii;estadual;ativa;geral;nao;QUADRA QN 411 AREA ESPECIAL 1, SAMAMBAIA NORTE SAMAMBAIA. 72321-549 Brasília - DF.
53009177;CEF 412 DE SAMAMBAIA;-15.85629140;-48.07559130;fundamental_ii;estadual;ativa;geral;nao;QUADRA QN 412, 01 AREA ESPECIAL. SAMAMBAIA NORTE SAMAMBAIA. 72320-540 Brasília - DF.
53014294;CEF 418 DE SANTA MARIA;-16.01403370;-47.98619050;fundamental_i;estadual;ativa;geral;nao;ENTRE QUADRA 417-517 MODULO J, AE AREA ESPECIAL. SANTA MARIA. 72547-330 Brasília - DF.
53011597;CEF 427 DE SAMAMBAIA;-15.89218880;-48.13863440;fundamental_ii;estadual;ativa;geral;nao;QUADRA QN 427, 33182456 AREA ESPECIAL 02. SAMAMBAIA NORTE SAMAMBAIA. 72327-540 Brasília - DF.
53010027;CEF 504 DE SAMAMBAIA;-15.88227510;-48.07817210;fundamental_ii;estadual;ativa;geral;nao;QN 504 CONJ. 09, 01 CONJUNTO 09 LOTE 01. SAMAMBAIA SUL SAMAMBAIA. 72310-600 Brasília - DF.
53009010;CEF 507 DE SAMAMBAIA - CCMDF;-15.89104200;-48.09747270;fundamental_ii;estadual;ativa;geral;nao;QUADRA QR 507 CONJUNTO 7, LOTE 01. SAMAMBAIA SUL SAMAMBAIA. 72313-107 Brasília - DF.
53011562;CEF 519 DE SAMAMBAIA;-15.89703520;-48.11525360;fundamental_ii;estadual;ativa;geral;nao;QUADRA QR 519, QS 519 AREA ESPECIAL 1. SAMAMBAIA SUL SAMAMBAIA. 72315-300 Brasília - DF.
53014260;CEF 602 DO RECANTO DAS EMAS;-15.91543230;-48.05452100;fundamental_i|fundamental_ii;estadual;ativa;geral;nao;QUADRA, 602 CONJUNTO 1 LOTE 01. RECANTO DAS EMAS. 72640-201 Brasília - DF.
53012828;CEF 801 DO RECANTO DAS EMAS;-15.91875422;-48.05213714;fundamental_i|fundamental_ii;estadual;ativa;geral;nao;QUADRA QUADRA 801 AREA ESPECIAL 1, RECANTO DAS EMAS. 72650-107 Brasília - DF.
53013239;CEF 802 DO RECANTO DAS EMAS;-15.92347120;-48.05093520;fundamental_i|fundamental_ii;estadual;ativa;geral;nao;QUADRA QUADRA 802 CONJUNTO 21, AE 01. RECANTO DAS EMAS. 72650-315 Brasília - DF.
53012747;CEF ARAPOANGA;-15.64059660;-47.64051930;fundamental_ii;estadual;ativa;geral;nao;QUADRA 8 CONJUNTO I, 00 AREA CENTRAL. ARAPOANGA PLANALTINA. 73368-656 Brasília - DF.
53008782;CEF ATHOS BULCAO;-15.79365650;-47.94159670;fundamental_ii;estadual;ativa;geral;nao;SHCES QUDRA 309, 1 AREA ESPECIAL LOTE. CRUZEIRO NOVO. 70650-390 Brasília - DF.
53008111;CEF BOA ESPERANCA;-15.82808730;-48.24655130;fundamental_i|fundamental_ii;estadual;ativa;geral;nao;DF 190 KM 02 ENTRADA DO NUCLEO RURAL BOA ESPERANCA, NUCLEO RURAL BOA ESP. CEILANDIA NORTE. 72227-991 Brasília - DF.
53006810;CEF BURITI VERMELHO;-15.89855730;-47.40696240;fundamental_ii;estadual;ativa;geral;nao;CAIXA POSTAL COMUNITARIA RODOVIA DF 285 KM 23, 23 RURAL LESTE. PARANOA. 73370-994 Brasília - DF.
53001265;CEF CASEB;-15.81163680;-47.91191800;fundamental_ii;estadual;ativa;geral;nao;QUADRA SGAS 909, 27/28 BLOCO A. ASA SUL. 70390-090 Brasília - DF.
53009738;CEF CERAMICA SAO PAULO;-15.88780220;-47.77905530;fundamental_ii;estadual;ativa;geral;nao;RUA 1, 101 LOTE. SETOR TRADICIONAL SAO SEBASTIAO. 71691-101 Brasília - DF.
53006364;CEF CERAMICAS REUNIDAS DOM BOSCO;-15.57312030;-47.38584880;infantil|fundamental_i|fundamental_ii;estadual;ativa;geral;nao;CAIXA POSTAL COMUNITARIA RODOVIA DF-205 KM 03 ACESSO P/ROD.DF-345 BSB S JOAO DALIANCA, 73307-992 Brasília - DF.
53011040;CEF DO BOSQUE;-15.90529620;-47.75639010;fundamental_i|fundamental_ii;estadual;ativa;geral;nao;QUADRA 8, 02 AREA INSTITUCIONAL 2. RESIDENCIAL DO BOSQUE SAO SEBASTIAO. 71694-008 Brasília - DF.
53019601;CEF DOUTORA ZILDA ARNS;-15.73902560;-47.76208060;fundamental_ii;estadual;ativa;geral;nao;QUADRA 378 CONJUNTO N, AREA ESPECIAL 2. DEL LAGO II ITAPOA. 71593-633 Brasília - DF.
53000919;CEF GAN;-15.77606000;-47.87360340;fundamental_ii;estadual;ativa;geral;nao;QUADRA SGAN 603, AREA ESP. MODULO H. ASA NORTE. 70830-100 Brasília - DF.
53005198;CEF INCRA 07;-15.74890400;-48.11497250;infantil|fundamental_i|fundamental_ii;estadual;ativa;geral;nao;NUCLEO RURAL INCRA 7, 82 RESERVA G GLEBA 03. BRAZLANDIA. 72773-010 Brasília - DF.
53006860;CEF JARDIM II;-16.01691970;-47.38048840;infantil|fundamental_i|fundamental_ii;estadual;ativa;geral;nao;BR-251 - DF-285 KM 23 - NUCLEO RURAL DO JARDIM, S/N ZONA RURAL. 73370-994 Brasília - DF.
53009797;CEF JATAI;-16.01964500;-47.80064930;fundamental_i|fundamental_ii;estadual;ativa;geral;nao;CAIXA POSTAL COMUNITARIA RODOVIA DF- 140 KM 11, KM 11 NR BARREIROS. LAGO SUL. 71681-990 Brasília - DF.
53005970;CEF JUSCELINO KUBITSCHEK;-15.60116170;-47.68802140;infantil|fundamental_i;estadual;ativa;geral;nao;MODULO 7, 17 A 26 MESTRE DARMAS. CONDOMINIO MESTRE DARMAS PLANALTINA. 73403-321 Brasília - DF.
53068106;CEF LOBO GUARA;-15.93809920;-48.03884610;fundamental_i|fundamental_ii;estadual;ativa;geral;nao;QS 08 AE, 2 AREA ESPECEIAL02. RIACHO FUNDO II. 71884-330 Brasília - DF.
53007069;CEF METROPOLITANA;-15.88170630;-47.97512020;fundamental_ii;estadual;ativa;geral;nao;RUA 1 LOTE 6, METROPOLITANA. NUCLEO BANDEIRANTE. 71730-110 Brasília - DF.
53068211;CEF MIGUEL ARCANJO;-15.89259180;-47.78121940;fundamental_ii;estadual;ativa;geral;nao;QUADRA 2, 03 AREA ESPECIAL. SAO BARTOLOMEU SAO SEBASTIAO. 71697-040 Brasília - DF.
53011490;CEF NOSSA SENHORA FATIMA;-15.60320410;-47.65790280;fundamental_i|fundamental_ii;estadual;ativa;geral;nao;AREA AREA ESPECIAL 1, VILA NOSSA SENHORA DE FATIMA PLANALTINA. 73340-791 Brasília - DF.
53009746;CEF NOVA BETANIA;-15.94994210;-47.79314290;infantil|fundamental_i|fundamental_ii;estadual;ativa;geral;nao;CAIXA POSTAL COMUNITARIA RODOVIA BR-251 - KM 69, NR NOVA BETANIA. SAO SEBASTIAO. 71693-994 Brasília - DF.
53000927;CEF POLIVALENTE;-15.81961720;-47.92314560;fundamental_ii;estadual;ativa;geral;nao;QUADRA SGAS 913, 57/58 ASA SUL. 70390-130 Brasília - DF.
53002466;CEF PONTE ALTA DO BAIXO;-16.02527820;-48.13134330;infantil|fundamental_i|fundamental_ii;estadual;ativa;geral;nao;NUCLEO RURAL PONTE ALTA DO BAIXO BR 290 ALTURA KM 14, N.R.PONTE ALTA DO BA. PONTE ALTA GAMA. 72426-000 Brasília - DF.
53003063;CEF PONTE ALTA NORTE;-15.98078278;-48.07225660;infantil|fundamental_i|fundamental_ii;estadual;ativa;geral;nao;AVENIDA PONTE ALTA NORTE, BR 475 KM 05. PONTE ALTA GAMA. 72426-100 Brasília - DF.
53007450;CEF PROF MARIA DO ROSARIO GONDIM DA SILVA;-15.81004903;-48.12210102;fundamental_i|fundamental_ii;estadual;ativa;geral;nao;QUADRA, 21/23 AREA ESPECIAL. CEILANDIA NORTE CEILANDIA. 72225-230 Brasília - DF.
53005406;CEF QUEIMA LENCOL;-15.58902380;-47.84327820;fundamental_i|fundamental_ii;estadual;ativa;geral;nao;RODOVIA DF-325 KM 8/9 CHACARA PATRICIA, COMUNIDADE LOBEIRAL. SETOR HABITACIONAL FERCAL SOBRADINHO. 73150-900 Brasília - DF.
53006020;CEF RIO PRETO;-15.76328470;-47.49291670;infantil|fundamental_i|fundamental_ii;estadual;ativa;geral;nao;NUCLEO RURAL RIO PRETO, DF-320 KM-10. PLANALTINA. 73390-200 Brasília - DF.
53012054;CEF SANTOS DUMONT;-15.99348530;-47.99745660;fundamental_i|fundamental_ii;estadual;ativa;geral;nao;RESIDENCIAL SANTOS DUMONT - AV SALGADO FILHO S/N, S/N RESIDENCIAL SANTOS DUMONT SANTA MARIA. 72593-270 Brasília - DF.
53006038;CEF SAO JOSE;-15.70384260;-47.37368365;infantil|fundamental_i|fundamental_ii;estadual;ativa;geral;nao;SETOR ADMINISTRATIVO NUCLEO RURAL SAO JOSE, SN PLANALTINA DF 250. SETOR ADMINISTRATIVO PLANALTINA. 73310-100 Brasília - DF.
53009711;CEF SARGENTO LIMA;-15.98104570;-47.97482760;infantil|fundamental_i|fundamental_ii;estadual;ativa;geral;nao;CONJUNTO S QUADRA 6, S/Nº AREA ALFA SANTA MARIA-DF. 72587-035 Brasília - DF.
53009347;CEF TAMANDUA;-15.93936660;-48.14331380;infantil|fundamental_i|fundamental_ii;estadual;ativa;geral;nao;AREA RURAL PONTE ALTA, RODOVIA DF 180 KM 27. AREA RURAL DO GAMA. 72499-899 Brasília - DF.
53006976;CEF TELEBRASILIA;-15.87989460;-48.00591990;fundamental_i|fundamental_ii;estadual;ativa;geral;nao;QUADRA QN 1 CONJUNTO 32, AREA ESPECIAL. RIACHO FUNDO I. 71805-132 Brasília - DF.
53004388;CEF VILA AREAL;-15.86005630;-48.02484811;fundamental_ii;estadual;ativa;geral;nao;QUADRA QS 6 AREA ESPECIAL CONJUNTO, 430B AREAL AGUAS CLARAS. 71965-000 Brasília - DF.
53015339;CEI 01 DA ESTRUTURAL;-15.77903480;-47.99428790;infantil;estadual;ativa;geral;nao;QUADRA QUADRA 3 AREA ESPECIAL 1, 01 AREA ESPECIAL. SETOR NORTE VILA ESTRUTURAL - GUARA. 71258-230 Brasília - DF.
53012135;CEI 01 DE BRASILIA;-15.75139390;-47.87916510;infantil;estadual;ativa;geral;nao;QUADRA SGAN 611 MODULO C, ASA NORTE. 70830-503 Brasília - DF.
53005252;CEI 01 DE BRAZLANDIA;-15.66739420;-48.19895880;infantil;estadual;ativa;geral;nao;QUADRA PIQ 05 LOTE, 01 BRAZLANDIA. VEREDAS BRAZLANDIA. 72726-120 Brasília - DF.
53016416;CEI 01 DE CEILANDIA;-15.84198260;-48.11194110;infantil;estadual;ativa;geral;nao;QUADRA QNP 14, AREA ESPECIAL. CEILANDIA SUL CEILANDIA. 72231-400 Brasília - DF.
53015550;CEI 01 DE PLANALTINA;-15.61997310;-47.68292100;infantil;estadual;ativa;geral;nao;QUADRA 1 RUA A, RUA A, AREA ESPECIAL. RESIDENCIAL NOVA PLANALTINA PLANALTINA. 73401-003 Brasília - DF.
53012488;CEI 01 DE SAO SEBASTIAO;-15.90059100;-47.77639280;infantil;estadual;ativa;geral;nao;QUADRA QUADRA 101 CONJUNTO 10, S/N AREA ESPECIAL. SETOR RESIDENCIAL OESTE SAO SEBASTIAO. 71692-050 Brasília - DF.
53005929;CEI 01 DE SOBRADINHO;-15.66020833;-47.80561833;infantil;estadual;ativa;geral;nao;QUADRA 2 RUA 01 AREA ESPECIAL, SOBRADINHO. 73015-100 Brasília - DF.
53004183;CEI 01 DE TAGUATINGA;-15.85500770;-48.04496270;infantil;estadual;ativa;geral;nao;QUADRA QSE 14, AREA ESP. VILA DIMAS. TAGUATINGA SUL. 72025-140 Brasília - DF.
53013263;CEI 01 DO GAMA;-16.03425720;-48.06779670;infantil;estadual;ativa;geral;nao;QUADRA 9 AREA ESPECIAL CEI 01, SETOR SUL GAMA. 72410-520 Brasília - DF.
53012500;CEI 01 DO PARANOA;-15.77153910;-47.77585520;infantil;estadual;ativa;geral;nao;QUADRA QUADRA 16 AREA ESPECIAL S/N, 01 CONJUNTO E LOTE 01. PARANOA. 71571-610 Brasília - DF.
53015568;CEI 01 DO RIACHO FUNDO I;-15.87979090;-48.02196260;infantil;estadual;ativa;geral;nao;QUADRA QN 7 AREA ESPECIAL 1, RIACHO FUNDO I. 71805-731 Brasília - DF.
53015517;CEI 02 DE BRAZLANDIA;-15.65869130;-48.19033200;infantil;estadual;ativa;geral;nao;QUADRA 45/55 AREA ESPECIAL 02, VILA SAO JOSE. BRAZLANDIA. 72745-000 Brasília - DF.
53006275;CEI 02 DE PLANALTINA;-15.60359950;-47.64617700;infantil;estadual;ativa;geral;nao;QUADRA QUADRA 5 - AE 01, 01 JARDIM RORIZ PLANALTINA. 73340-500 Brasília - DF.
53005937;CEI 02 DE SOBRADINHO;-15.65155450;-47.80883370;infantil;estadual;ativa;geral;nao;QUADRA QUADRA 3, AREA ESPECIAL S/N. SOBRADINHO. 73030-030 Brasília - DF.
53004205;CEI 02 DE TAGUATINGA;-15.80031740;-48.05744070;infantil;estadual;ativa;geral;nao;QUADRA QND 59, 37 AREA ESPECIAL. TAGUATINGA NORTE. 72120-590 Brasília - DF.
53017846;CEI 03 DE BRAZLANDIA;-15.72911752;-48.19197256;infantil;estadual;ativa;geral;nao;DCAG ROD DF 180 KM 6 INCRA 6, BRAZLANDIA. 72772-010 Brasília - DF.
53015541;CEI 03 DE SAO SEBASTIAO;-15.90393190;-47.77864660;infantil;estadual;ativa;geral;nao;QUADRA QUADRA 202 CONJUNTO 4, 01 SETOR RESIDENCIAL OESTE SAO SEBASTIAO. 71692-510 Brasília - DF.
53005643;CEI 03 DE SOBRADINHO;-15.64721585;-47.77406612;infantil;estadual;ativa;geral;nao;QUADRA 16, D1 AREA ESPECIAL. SOBRADINHO. 73050-160 Brasília - DF.
53004329;CEI 03 DE TAGUATINGA;-15.80680260;-48.09807970;infantil;estadual;ativa;geral;nao;QNM 36 CONJUNTO B2, 60 LOTE 60. TAGUATINGA NORTE TAGUATINGA. 72145-632 Brasília - DF.
53068033;CEI 04 DE SOBRADINHO;-15.65395390;-47.79924790;infantil;estadual;ativa;geral;nao;QUADRA QUADRA 4, AREA ESPECIAL Nº 04. SOBRADINHO. 73025-040 Brasília - DF.
53004159;CEI 04 DE TAGUATINGA;-15.82676000;-48.05778000;infantil;estadual;ativa;geral;nao;QUADRA CNA 1 /2 AE PC DO DI, TAGUATINGA. 72110-015 Brasília - DF.
53018567;CEI 05 DE SAO SEBASTIAO;-15.88404141;-47.80435490;infantil;estadual;ativa;geral;nao;QD 08 LT C AV DAS PAINEIRAS JARDIM BOTANICO, 08 JARDIM BOTANICO. SAO SEBASTIAO. 71681-445 Brasília - DF.
53004167;CEI 05 DE TAGUATINGA;-15.81551340;-48.08145830;infantil;estadual;ativa;geral;nao;QUADRA EQNJ 23/25, AE 9. TAGUATINGA NORTE TAGUATINGA. 72140-230 Brasília - DF.
53004302;CEI 06 DE TAGUATINGA;-15.81965040;-48.08940560;infantil;estadual;ativa;geral;nao;QUADRA EQNL 17/19 AREA ESPECIAL S/N, S/N TAGUATINGA NORTE TAGUATINGA. 72151-525 Brasília - DF.
53017013;CEI 07 DE TAGUATINGA;-15.85425260;-48.04872180;infantil;estadual;ativa;geral;nao;QSD 32 AE 1/3, TAGUATINGA. 72020-320 Brasília - DF.
53017730;CEI 08 DE TAGUATINGA;-15.80816067;-48.06393522;infantil;estadual;ativa;geral;nao;QUADRA CND 5, AREA ESPECIAL 1. TAGUATINGA NORTE. 72120-055 Brasília - DF.
53019350;CEI 10 DE TAGUATINGA;-15.81449508;-48.08700481;infantil;estadual;ativa;geral;nao;QNJ 56 AE 16, TAGUATINGA NORTE. 72140-616 Brasília - DF.
53015770;CEI 203 DE SANTA MARIA;-16.03810640;-48.03354800;infantil;estadual;ativa;geral;nao;QUADRA CL 203 BLOCO A, 1-A SANTA MARIA. 72503-221 Brasília - DF.
53015576;CEI 210 DE SAMAMBAIA;-15.86326290;-48.07673340;infantil;estadual;ativa;geral;nao;QUADRA QN 210 AREA ESPECIAL 01, SAMAMBAIA NORTE SAMAMBAIA. 72316-520 Brasília - DF.
53012569;CEI 210 DE SANTA MARIA;-16.02201090;-48.01926130;infantil;estadual;ativa;geral;nao;QUADRA EQ 210/310, 00 AREA ESPECIAL LOTE A. SANTA MARIA. 72510-300 Brasília - DF.
53012810;CEI 304 DO RECANTO DAS EMAS;-15.91382120;-48.09331320;infantil;estadual;ativa;geral;nao;QUADRA 304 CONJUNTO 14-A, LOTE 01 LOTE 01. RECANTO DAS EMAS. 72621-115 Brasília - DF.
53009100;CEI 307 DE SAMAMBAIA;-15.88551068;-48.09936097;infantil;estadual;ativa;geral;nao;QUADRA QN 307, 08 AE 01. SAMAMBAIA SUL SAMAMBAIA. 72305-400 Brasília - DF.
53050002;CEI 310 DO RECANTO DAS EMAS;-15.86439700;-48.08972510;infantil;estadual;ativa;geral;nao;QUADRA QUADRA 310 CONJUNTO 7-A, 01 AREA ESPECIAL. RECANTO DAS EMAS. 72622-309 Brasília - DF.
53012615;CEI 416-516 DE SANTA MARIA;-16.01629180;-47.99218340;infantil;estadual;ativa;geral;nao;QUADRA EQ 416/516, BLOCO B. SANTA MARIA. 72546-330 Brasília - DF.
53047001;CEI AGUAS CLARAS;-15.87107284;-48.01483495;infantil;estadual;ativa;geral;nao;QUADRA QS 11 CONJUNTO R, A.E. AREAL AGUAS CLARAS. 71982-130 Brasília - DF.
53017790;CEI BURITIZINHO;-15.93595000;-48.23051000;infantil;estadual;ativa;geral;nao;DF 280 KM 7/8 SITIO NOVA ESPERANCA, 62 CHACARA NR. 62. RECANTO DAS EMAS. 72667-400 Brasília - DF.
53012151;CEI DA CANDANGOLANDIA;-15.85576750;-47.95191230;infantil;estadual;ativa;geral;nao;QUADRA QR 1-A, PRACA DO BOSQUE. CANDANGOLANDIA. 71727-100 Brasília - DF.
53007204;CEI DO NUCLEO BANDEIRANTE;-15.87014780;-47.97100990;infantil;estadual;ativa;geral;nao;SEGUNDA AVENIDA ENTRE BLOCOS, 960/960 NUCLEO BANDEIRANTE. 71715-060 Brasília - DF.
53013549;CEI DO RIACHO FUNDO II;-15.89580540;-48.05104020;infantil;estadual;ativa;geral;nao;QUADRA QN 14A, AREA ESPECIAL 01/07. RIACHO FUNDO II. 71881-110 Brasília - DF.
53016807;CEI GAVIAO;-15.76419034;-47.83305142;infantil;estadual;ativa;geral;nao;SHIN QI 16 LTS A E B, SN AREA ESPECIAL. LAGO NORTE. 71530-200 Brasília - DF.
53006500;CEI PALMEIRAS;-15.52846776;-47.74101006;infantil;estadual;ativa;geral;nao;BR 020, DF 205, KM 39 - FAZENDA PALMEIRAS, COMUNIDADE PALMEIRAS. 73151-010 Brasília - DF.
53018834;CEI PARQUE DOS IPES;-15.91792677;-47.75882624;infantil;estadual;ativa;geral;nao;AVENIDA CRIXA, LOTE 3. CRIXA SAO SEBASTIAO. 71695-040 Brasília - DF.
53017323;CEI PINHEIRINHO ROXO;-15.90738146;-48.07802965;infantil;estadual;ativa;geral;nao;QUADRA QUADRA 300 CONJUNTO 17 LOTE 01, 01 RECANTO DAS EMAS. 72620-117 Brasília - DF.
53006925;CEI SUSSUARANA;-15.95187720;-47.42276430;infantil;estadual;ativa;geral;nao;DF 270 KM 04 CHACARA SAO FRANCISCO NR SUSSUARANA, PARANOA. 71586-200 Brasília - DF.
53000234;CEJA ASA SUL - CESAS;-15.80942450;-47.88211570;;estadual;ativa;geral;nao;QUADRA SGAS 602, PROJECAO D. ASA SUL. 70200-620 Brasília - DF.
53017498;CEJAEP A DISTANCIA DE BRASILIA;-15.81040030;-47.88236510;;estadual;ativa;geral;nao;QUADRA SQS 315, ASA SUL. 70384-000 Brasília - DF.
53005015;CEM 01 DE BRAZLANDIA;-15.68821000;-48.19588000;;estadual;ativa;geral;nao;AREA ESPECIAL 2, SETOR SUL BRAZLANDIA. 72715-620 Brasília - DF.
53006062;CEM 01 DE PLANALTINA;-15.61973080;-47.65176880;;estadual;ativa;geral;nao;AREA SETOR EDUCACIONAL LOTE A/B, SN SETOR DE EDUCACAO PLANALTINA. 73310-152 Brasília - DF.
53011031;CEM 01 DE SAO SEBASTIAO;-15.90167065;-47.77937788;;estadual;ativa;geral;nao;QUADRA QUADRA 203 AREA ESPECIAL S/N, RESIDENCIAL OESTE. 71692-641 Brasília - DF.
53005465;CEM 01 DE SOBRADINHO;-15.65372334;-47.79876790;;estadual;ativa;geral;nao;QUADRA 4 AREA ESPECIAL, 4 SOBRADINHO. 73025-040 Brasília - DF.
53002580;CEM 01 DO GAMA;-16.01882420;-48.05431160;;estadual;ativa;geral;nao;QUADRA EQ 18/19, AREA ESPECIAL. SETOR LESTE GAMA. 72460-185 Brasília - DF.
53008464;CEM 01 DO GUARA;-15.81829640;-47.98092310;;estadual;ativa;geral;nao;QUADRA QE 7 CONJUNTO M AREA ESPECIAL, GUARA I. 71020-007 Brasília - DF.
53006739;CEM 01 DO PARANOA;-15.78289560;-47.77970810;;estadual;ativa;geral;nao;QUADRA QUADRA 4 CONJUNTO A, LOTE 05 A/E. PARANOA. 71570-401 Brasília - DF.
53006984;CEM 01 DO RIACHO FUNDO;-15.88814096;-48.01430702;;estadual;ativa;geral;nao;QUADRA QS 14, LOTE A AE. RIACHO FUNDO I. 71825-400 Brasília - DF.
53012720;CEM 02 DE BRAZLANDIA;-15.66629360;-48.19700145;;estadual;ativa;geral;nao;QUADRA QUADRA 36 AREA ESPECIAL 3, VILA SAO JOSE BRAZLANDIA. 72736-017 Brasília - DF.
53007492;CEM 02 DE CEILANDIA;-15.80749590;-48.10905150;;estadual;ativa;geral;nao;QUADRA QNM 14, AREA ESPECIAL. CEILANDIA NORTE CEILANDIA. 72210-140 Brasília - DF.
53006070;CEM 02 DE PLANALTINA;-15.62173020;-47.65362940;;estadual;ativa;geral;nao;SETOR EDUCACIONAL LOTES J/L, SETOR DE EDUCACAO PLANALTINA. 73310-150 Brasília - DF.
53005473;CEM 02 DE SOBRADINHO;-15.64794340;-47.78636820;;estadual;ativa;geral;nao;QUADRA QUADRA 12 AREA ESPECIAL, 04 SOBRADINHO. 73011-135 Brasília - DF.
53002598;CEM 02 DO GAMA;-16.01534200;-48.07108920;;estadual;ativa;geral;nao;AREA ESPECIAL LADO OESTE, LOTES 27/36. SETOR CENTRAL GAMA. 72405-125 Brasília - DF.
53007506;CEM 03 DE CEILANDIA;-15.82640730;-48.09869980;;estadual;ativa;geral;nao;QUADRA QNM 13, AE CEILANDIA SUL CEILANDIA. 72215-130 Brasília - DF.
53003586;CEM 03 DE TAGUATINGA;-15.85985689;-48.03965524;;estadual;ativa;geral;nao;QUADRA QSE, 5 A.E. 14. TAGUATINGA SUL. 72025-050 Brasília - DF.
53002601;CEM 03 DO GAMA;-16.03672270;-48.06371460;;estadual;ativa;geral;nao;AREA EQ 5/11, AREA ESPECIAL F. SETOR SUL GAMA. 72410-315 Brasília - DF.
53007514;CEM 04 DE CEILANDIA;-15.83115333;-48.10788167;;estadual;ativa;geral;nao;QUADRA QNN 14, AREA ESPECIAL. CEILANDIA SUL CEILANDIA. 72220-140 Brasília - DF.
53012542;CEM 04 DE SOBRADINHO;-15.64646160;-47.82597810;;estadual;ativa;geral;nao;AR 10 CONJUNTO 9, AE 01 LOTE 01. SETOR OESTE SOBRADINHO II. 73062-109 Brasília - DF.
53003608;CEM 05 DE TAGUATINGA;-15.81489649;-48.08769627;;estadual;ativa;geral;nao;QUADRA QNJ 56, 56 AREA ESPECIAL 16. TAGUATINGA NORTE TAGUATINGA. 72140-560 Brasília - DF.
53007557;CEM 09 DE CEILANDIA;-15.79174410;-48.12429380;;estadual;ativa;geral;nao;QUADRA EQNO 3/5, AREA ESPECIAL. CEILANDIA NORTE CEILANDIA. 72250-510 Brasília - DF.
53007565;CEM 10 DE CEILANDIA;-15.80099121;-48.14038681;;estadual;ativa;geral;nao;AREA ESPECIAL 01, QUADRA 01. SETOR INDUSTRIAL CEILANDIA. 72265-010 Brasília - DF.
53012194;CEM 111 DO RECANTO DAS EMAS;-15.91249740;-48.09856230;fundamental_i|fundamental_ii;estadual;ativa;geral;nao;QUADRA 111 AREA ESPECIAL 1, 01 FRENTE A FEIRA 111. RECANTO DAS EMAS. 72602-314 Brasília - DF.
53007425;CEM 12 DE CEILANDIA;-15.80996610;-48.13002940;;estadual;ativa;geral;nao;QUADRA QNP 13, AREA ESPECIAL P NORT. CEILANDIA NORTE CEILANDIA. 72241-300 Brasília - DF.
53009029;CEM 304 DE SAMAMBAIA;-15.87929630;-48.07924610;;estadual;ativa;geral;nao;QUADRA QR 304 CONJUNTO 4, LOTE 01/04. SAMAMBAIA SUL SAMAMBAIA. 72306-104 Brasília - DF.
53012623;CEM 404 DE SANTA MARIA;-16.03442640;-48.02656630;;estadual;ativa;geral;nao;QUADRA CL 404 BLOCO A, AREA ESPECIAL. SANTA MARIA. 72504-241 Brasília - DF.
53011996;CEM 414 DE SAMAMBAIA;-15.85921221;-48.07235516;;estadual;ativa;geral;nao;QUADRA QS 414 AREA ESPECIAL 1, SAMAMBAIA NORTE. 72320-588 Brasília - DF.
53012607;CEM 417 DE SANTA MARIA;-16.01155720;-47.99110310;;estadual;ativa;geral;nao;QUADRA CL 417, AREA ESPECIAL. SANTA MARIA. 72547-240 Brasília - DF.
53019407;CEM 804 DO RECANTO DAS EMAS;-15.92042922;-48.05815391;;estadual;ativa;geral;nao;QUADRA QUADRA 804 AREA ESPECIAL 1, 01 RECANTO DAS EMAS. 72650-761 Brasília - DF.
53001010;CEM ASA NORTE - CEAN;-15.76650570;-47.87509570;;estadual;ativa;geral;nao;QUADRA SGAN 606, S/N L2 NORTE. ASA NORTE. 70830-250 Brasília - DF.
53003632;CEM AVE BRANCA;-15.83590450;-48.05399990;fundamental_ii;estadual;ativa;geral;nao;QUADRA QSA 3/5, 01 AREA ESPECIAL Nº 01. TAGUATINGA SUL. 72015-030 Brasília - DF.
53003691;CEM EIT;-15.83255979;-48.05857152;;estadual;ativa;geral;nao;QUADRA QNB 1, AREA ESPECIAL. TAGUATINGA NORTE TAGUATINGA. 72115-010 Brasília - DF.
53001036;CEM ELEFANTE BRANCO;-15.80862897;-47.90941819;;estadual;ativa;geral;nao;QUADRA SGAS 908, AREA ESPECIAL. ASA SUL. 70390-080 Brasília - DF.
53051009;CEM JULIA KUBITSCHEK;-15.85310380;-47.94620360;;estadual;ativa;geral;nao;QUADRA QRO A, AE 01. CANDANGOLANDIA. 71727-200 Brasília - DF.
53000986;CEM PAULO FREIRE;-15.75593850;-47.87832580;;estadual;ativa;geral;nao;QUADRA SGAN 610, S/N MODULO A. ASA NORTE. 70830-450 Brasília - DF.
53001206;CEM SETOR LESTE;-15.83123360;-47.90655130;;estadual;ativa;geral;nao;QUADRA SGAS 611/612, ASA SUL. 70200-710 Brasília - DF.
53001214;CEM SETOR OESTE;-15.81591480;-47.91976170;;estadual;ativa;geral;nao;QUADRA SGAS 912, MODULO D. ASA SUL. 70390-120 Brasília - DF.
53003683;CEM TAGUATINGA NORTE;-15.81951040;-48.06586090;;estadual;ativa;geral;nao;QUADRA QNC 1, 1,2,3 AREA ESPECIAL. TAGUATINGA NORTE TAGUATINGA. 72115-510 Brasília - DF.
53007077;CEM URSO BRANCO;-15.87239560;-47.96904370;;estadual;ativa;geral;nao;AVENIDA TERCEIRA AVENIDA AREA ESPECIAL 4, 04 NUCLEO BANDEIRANTE. 71720-592 Brasília - DF.
53003624;CEMI A EP DE TAGUATINGA;-15.80443640;-48.10029170;;estadual;ativa;geral;nao;QUADRA EQNM 36/38 AREA ESPECIAL, S/N M NORTE. TAGUATINGA NORTE. 72145-517 Brasília - DF.
53008790;CEMI DO CRUZEIRO;-15.78325430;-47.93851560;;estadual;ativa;geral;nao;SRES AREA ESPECIAL F LOTE G, SN CRUZEIRO VELHO. 70640-660 Brasília - DF.
53014812;CEMI EP DO GAMA;-16.01050897;-48.07495215;;estadual;ativa;geral;nao;QUADRA EQ 12/16, AREA ESPECIAL. SETOR OESTE GAMA. 72425-125 Brasília - DF.
53018010;CENTRO BRASILEIRO INTEGRADO DE EDUCACAO - CBIE;-15.90322614;-48.07124528;;privada;ativa;geral;nao;QUADRA QUADRA 104 LOTE 17 LOJA 1 SALAS 101,102, 201 E 202, RECANTO DAS EMAS. 72600-400 Brasília - DF.
53016262;CENTRO DE EDUCACAO DA PRIMEIRA INFANCIA CALIANDRA;-15.87585210;-48.06883800;infantil;privada;ativa;geral;sim;QUADRA QS 312 CONJUNTO 5, LOTE 01. SAMAMBAIA SUL SAMAMBAIA. 72308-505 Brasília - DF.
53014090;CENTRO DE EDUCACAO E RECREACAO CASTELINHO PIM;-15.83460130;-47.98300850;infantil;privada;ativa;geral;nao;QUADRA QE 28 CONJUNTO K, 52 GUARA II. 71060-112 Brasília - DF.
53017153;CENTRO DE EDUCACAO INFANTIL TIA NAIR;-15.66682420;-48.19898750;infantil;privada;ativa;geral;sim;QUADRA 05 AREA ESPECIAL, 02 PRACA INTERNA. SETOR VEREDAS. 72726-100 Brasília - DF.
53018222;CENTRO DE EDUCAO PROFISSIONAL MIGUEL SETEMBRINO - GASTRONOMIA E TURISMO;-15.79686215;-47.89010930;;privada;ativa;geral;nao;QUADRA SEPS 703/903, ASA SUL. 70390-039 Brasília - DF.
53005457;CENTRO DE ENSINO SANTA RITA DE CASSIA;-15.64270560;-47.80307180;infantil|fundamental_i|fundamental_ii;privada;ativa;geral;nao;QUADRA QUADRA 9 LOTE ESPECIAL E AREA RESERVADA, 02 SOBRADINHO. 73035-090 Brasília - DF.
53005031;CENTRO EDUCACIONAL DE INTELIGENCIA UNIVERSAL;-15.81120554;-48.08159602;infantil|fundamental_i|fundamental_ii;privada;ativa;geral;nao;QUADRA QI 23 LOTES, 36/37 SETOR INDUSTRIAL TAGUATINGA. 72135-230 Brasília - DF.
53018656;CENTRO EDUCACIONAL IESB;-15.80984862;-48.12562023;fundamental_ii;privada;ativa;geral;nao;QUADRA QNN 31 AE B / C LT D MOD E, CEILANDIA NORTE CEILANDIA. 72225-310 Brasília - DF.
53011929;CENTRO EDUCACIONAL MOSAIC BY ENCANTADO;-15.83369014;-47.87047301;infantil|fundamental_i;privada;ativa;geral;nao;QUADRA SHIS QI 15 BLOCO D, ENTRAD CONJUNTOS 8/9. SETOR DE HABITACOES INDIVIDUAIS SUL. 71635-565 Brasília - DF.
53015991;CENTRO EDUCACIONAL PROJECAO GUARA II;-15.83956360;-47.96585570;;privada;ativa;geral;nao;ST SRIA - AREA ESPECIAL - Nº 10 - LOTE C - PARTE B, GUARA II. 71070-703 Brasília - DF.
53068009;CENTRO SOCIAL LUTERANO CANTINHO DO GIRASSOL;-15.80525361;-48.10374917;infantil;privada;ativa;geral;sim;QUADRA QNM 30 MODULOS B E C, CEILANDIA NORTE CEILANDIA. 72210-300 Brasília - DF.
53001990;CEP - ESC DE MUSICA DE BRASILIA;-15.80832990;-47.88120150;;estadual;ativa;geral;nao;QUADRA SGAS 602 MODULO D PARTE A, AVENIDA L2 SUL. ASA SUL. 70200-620 Brasília - DF.
53009819;CEP - ESC TECNICA DE BRASILIA;-15.86096430;-48.02784150;;estadual;ativa;geral;nao;QUADRA QS 7 LOTES, 2/8 AVENIDA AGUAS CLARAS. AREAL- ARNIQUEIRAS. 71966-700 Brasília - DF.
53007603;CEP - ESC TECNICA DE CEILANDIA;-15.82909360;-48.10943740;;estadual;ativa;geral;nao;QUADRA QNN, 14 AREA ESPECIAL. CEILANDIA SUL CEILANDIA. 72220-140 Brasília - DF.
53012631;CEP - ESC TECNICA DE PLANALTINA;-15.62499980;-47.65461560;;estadual;ativa;geral;nao;SETOR HOSPITALAR, AV. INDEPENDENCIA. SETOR HOSPITALAR PLANALTINA. 73310-000 Brasília - DF.
53017234;CEP - ESC TECNICA DO GUARA PROF TERESA ONDINA MALTESE;-15.83918970;-47.97657680;;estadual;ativa;geral;nao;EQ 17/19 LT A AREA ESPECIAL, 01 GUARA II. 71050-175 Brasília - DF.
53011686;CEP SENAC - TAGUATINGA;-15.79645770;-48.05750149;;privada;ativa;geral;nao;SETOR G NORTE, AREA ESPECIAL Nº 39, 39 TAGUATINGA NORTE TAGUATINGA. 72130-005 Brasília - DF.
53017811;CEPI ALGODAO-DO-CERRADO;-15.87701773;-48.11726088;infantil;privada;ativa;geral;sim;QUADRA QS 617- AREA ESPECIAL 02, SAMAMBAIA NORTE SAMAMBAIA. 72333-500 Brasília - DF.
53016246;CEPI ANDORINHA;-15.88368720;-48.14361310;infantil;privada;ativa;geral;sim;QUADRA QR 827 CONJUNTO 7, LOTE 01 SAMAMBAIA NORTE SAMAMBAIA. 72339-122 Brasília - DF.
53015940;CEPI ANGELINS;-16.00254550;-47.98782940;infantil;privada;ativa;geral;sim;QUADRA CL 118 LOTE J, SN SANTA MARIA. 72548-200 Brasília - DF.
53016467;CEPI ANGICO;-15.88778760;-48.09257700;infantil;privada;ativa;geral;sim;QUADRA QN 503 CONJUNTO 12, 01 01. SAMAMBAIA SUL SAMAMBAIA. 72311-411 Brasília - DF.
53017757;CEPI ARACA-MIRIM;-15.63975019;-47.82902037;infantil;privada;ativa;geral;sim;QUADRA AR 03 LOTE 3, SETOR OESTE SOBRADINHO II. 73060-130 Brasília - DF.
53016335;CEPI ARARA-CANINDE;-15.91982378;-48.10008670;infantil;privada;ativa;geral;sim;QUADRA 307 CONJUNTO 11, 01 LOTE 01. RECANTO DAS EMAS. 72621-412 Brasília - DF.
53016750;CEPI ARARAUNA;-16.03630550;-48.03623530;infantil;privada;ativa;geral;sim;QR 103 AE, SANTA MARIA. 72503-401 Brasília - DF.
53016475;CEPI AROEIRA;-15.66982020;-48.19884380;infantil;privada;ativa;geral;sim;QUADRA 3 CONJUNTO H, 02 SETOR VEREDAS - BRAZLANDIA. 72725-308 Brasília - DF.
53018389;CEPI AZULAO;-15.88392590;-48.12728380;infantil;privada;ativa;geral;sim;QN 425 AE 2, 02 SAMAMBAIA. 72327-502 Brasília - DF.
53018397;CEPI BAMBU;-15.86736667;-48.07715852;infantil;privada;ativa;geral;sim;QR 208 CJ 19 LT 1, 01 SAMAMBAIA. 72316-120 Brasília - DF.
53016173;CEPI BEIJA-FLOR;-15.90717760;-48.08736880;infantil;privada;ativa;geral;sim;QUADRA QUADRA 107 CONJUNTO 8-A, 01 RECANTO DAS EMAS. 72601-310 Brasília - DF.
53018540;CEPI BEM-TE-VI;-15.87738148;-48.10300595;infantil;privada;ativa;geral;sim;QUADRA QS 409 AREA ESPECIAL N 3, 03 SAMAMBAIA NORTE SAMAMBAIA. 72321-530 Brasília - DF.
53016424;CEPI BURITI;-16.01414990;-48.00496370;infantil;privada;ativa;geral;sim;QUADRA QR 312 CONJUNTO D, 01 SANTA MARIA. 72542-504 Brasília - DF.
53016319;CEPI CANARIO DA TERRA;-15.60335680;-47.64840320;infantil;privada;ativa;geral;sim;QUADRA EQ 4 AREA ESPECIAL 1, JARDIM RORIZ PLANALTINA. 73340-361 Brasília - DF.
53016530;CEPI CANELA-DE-EMA;-15.64714870;-47.82125730;infantil;privada;ativa;geral;sim;QUADRA AR 15 CONJUNTO 8, 01 SETOR OESTE SOBRADINHO II. 73062-508 Brasília - DF.
53016718;CEPI CAPIM DOURADO;-15.79880300;-48.12968990;infantil;privada;ativa;geral;sim;QNO 10 AE, CEILANDIA. 72255-000 Brasília - DF.
53017447;CEPI CAPIM ESTRELA;-15.87462430;-48.11148250;infantil;privada;ativa;geral;sim;QS 613 AREA ESPECIAL Nº 02, SAMAMBAIA. 72331-570 Brasília - DF.
53016157;CEPI CORUJINHA-DO-CERRADO;-16.03867580;-48.03477960;infantil;privada;ativa;geral;sim;QUADRA CL 102, LOTE H AREA ESPECIAL 01. SANTA MARIA. 72502-200 Brasília - DF.
53016165;CEPI CURIO;-16.00426300;-47.98812620;infantil;privada;ativa;geral;sim;QUADRA CL 218 BLOCO F, SANTA MARIA. 72548-226 Brasília - DF.
53017099;CEPI CUTIA;-15.89522430;-48.12660980;infantil;privada;ativa;geral;sim;QS 127 AE 1, SAMAMBAIA SUL. 72303-541 Brasília - DF.
53017471;CEPI FLAMBOYANT;-15.68687890;-48.19084020;infantil;privada;ativa;geral;sim;AREA ESPECIAL 1 SETOR SUL, SETOR SUL BRAZLANDIA. 72715-610 Brasília - DF.
53015797;CEPI FLOR DE LIS;-15.64530170;-47.82673410;infantil;privada;ativa;geral;sim;CONJUNTO AR 10 CONJUNTO 6, 01 SETOR OESTE SOBRADINHO II. 73062-106 Brasília - DF.
53016491;CEPI FLOR DE PEQUI;-15.81105670;-48.13353960;infantil;privada;ativa;geral;sim;QUADRA QNP 15 CONJUNTO I, CEILANDIA NORTE CEILANDIA. 72241-609 Brasília - DF.
53016505;CEPI IPE-AMARELO;-15.80667900;-48.14662100;infantil;privada;ativa;geral;sim;QUADRA QNQ 5, A/E A CEILANDIA NORTE CEILANDIA. 72270-500 Brasília - DF.
53016009;CEPI IPE-BRANCO;-15.81445256;-48.11730577;infantil;privada;ativa;geral;sim;QUADRA QNN 13 A/E, SEM NUMERO A/E. CEILANDIA NORTE CEILANDIA. 72225-130 Brasília - DF.
53015975;CEPI IPE-ROSA;-15.88056780;-48.07312170;infantil;privada;ativa;geral;sim;QUADRA QN 508 CONJUNTO 6, 01 SAMAMBAIA SUL. 72312-307 Brasília - DF.
53015983;CEPI IPE-ROXO;-15.88905021;-48.11191271;infantil;privada;ativa;geral;sim;QUADRA QR 117 AREA ESPECIAL SUL, S/N SETOR SUL. SAMAMBAIA SUL SAMAMBAIA. 72301-700 Brasília - DF.
53016297;CEPI JABUTI;-15.85578030;-48.07413540;infantil;privada;ativa;geral;sim;QUADRA QN 414, CONJUNTO G AREA ESPECIAL 01. SAMAMBAIA NORTE SAMAMBAIA. 72320-560 Brasília - DF.
53016777;CEPI JACARANDA;-15.81288000;-47.89140000;infantil;privada;ativa;geral;sim;EQS 204/205 LT B, BRASILIA. 70234-400 Brasília - DF.
53016548;CEPI JASMIM;-15.79134833;-48.13245833;infantil;privada;ativa;geral;sim;QUADRA QNO 12 AREA ESPECIAL G, 12 CEILANDIA NORTE CEILANDIA. 72255-207 Brasília - DF.
53016300;CEPI JATOBA;-15.64279420;-47.66338490;infantil;privada;ativa;geral;sim;AREA AREA ESPECIAL 1, LOTE 58 VILA NOSSA SENHORA DE FATIMA PLANALTINA. 73340-791 Brasília - DF.
53016440;CEPI JEQUITIBA;-15.83680380;-48.04136350;infantil;privada;ativa;geral;sim;AVENIDA JEQUITIBA RUA 37 SUL, 935 A/E. SUL AGUAS CLARAS. 71929-540 Brasília - DF.
53016521;CEPI JOAO-DE-BARRO;-15.65593780;-47.78845530;infantil;privada;ativa;geral;sim;QUADRA 2 CONJUNTO E-16 A/E 01, SN SOBRADINHO I. 73015-616 Brasília - DF.
53016254;CEPI JURITI;-15.89260670;-48.14595170;infantil;privada;ativa;geral;sim;QUADRA QN 431 AREA ESPECIAL 2, SAMAMBAIA NORTE SAMAMBAIA. 72329-548 Brasília - DF.
53016351;CEPI LOBO-GUARA;-15.80751948;-47.98582569;infantil;privada;ativa;geral;sim;QUADRA EPTG QE 1 LOTE, 03 QUADRAS ECONOMICAS LUCIO COSTA GUARA. 71100-017 Brasília - DF.
53016564;CEPI MACAUBA;-15.86733170;-48.02376500;infantil;privada;ativa;geral;sim;QUADRA QS 7 RUA 600, LOTE 02. AREAL AGUAS CLARAS. 71970-360 Brasília - DF.
53017803;CEPI MANDACARU;-15.86974667;-48.08371167;infantil;privada;ativa;geral;sim;QR 204 CJ 11 LT 1, 01 SAMAMBAIA. 72316-096 Brasília - DF.
53017110;CEPI MANGABEIRA;-15.87973150;-48.10935810;infantil;privada;ativa;geral;sim;QS 413 AE 02, SAMAMBAIA NORTE. 72321-570 Brasília - DF.
53016394;CEPI OLHOS DAGUA;-15.74683410;-47.89761345;infantil;privada;ativa;geral;sim;QUADRA SHCGN 714 A/E - JARDIM, 6130392533 ASA NORTE. 70760-760 Brasília - DF.
53016270;CEPI ONCA-PINTADA;-15.88551040;-48.09995460;infantil;privada;ativa;geral;sim;QUADRA QN 309, CONJUNTO 04 LOTE 01. SAMAMBAIA SUL SAMAMBAIA. 72305-700 Brasília - DF.
53016238;CEPI PAINEIRA;-15.89450820;-48.10971120;infantil;privada;ativa;geral;sim;QUADRA QR 517 AREA ESPECIAL 1 LOTE 03, 03 SAMAMBAIA SUL SAMAMBAIA. 72315-215 Brasília - DF.
53018370;CEPI PAPAGAIO;-15.83513232;-48.11708169;infantil;privada;ativa;geral;sim;EQNP 6/10 AE ST P SUL, CEILANDIA. 72230-500 Brasília - DF.
53016327;CEPI PEQUIZEIRO;-15.61863090;-47.64029340;infantil;privada;ativa;geral;sim;QUADRA QUADRA 18 CONJUNTO G, 01 SETOR RESIDENCIAL LESTE PLANALTINA. 73356-035 Brasília - DF.
53017137;CEPI PERDIZ;-15.75994500;-47.83092830;infantil;privada;ativa;geral;sim;SHIN QI 13 LTS E/F, LAGO NORTE. 71535-000 Brasília - DF.
53018524;CEPI PERIQUITO;-15.87299607;-48.10472181;infantil;privada;ativa;geral;sim;QS 607 AREA ESPECIAL, 1 SAMAMBAIA. 72331-540 Brasília - DF.
53016459;CEPI PICA-PAU BRANCO;-15.88595310;-48.09878520;infantil;privada;ativa;geral;sim;QUADRA QR 307 CONJUNTO 08 A/E, 01 AREA ESPECIAL. SAMAMBAIA SUL SAMAMBAIA. 72305-600 Brasília - DF.
53016181;CEPI QUERO QUERO;-15.91203333;-48.06995667;infantil;privada;ativa;geral;sim;AVENIDA EUCALIPTO QUADRA 406 CONJUNTO Z 1 LOTE 01, 01 RECANTO DAS EMAS. 72631-168 Brasília - DF.
53017838;CEPI RAPOSA-DO-CERRADO;-15.88240023;-48.11355432;infantil;privada;ativa;geral;sim;QS 415 AE 01, SAMAMBAIA. 72323-530 Brasília - DF.
53017455;CEPI ROSA-DO-CERRADO;-15.86337078;-48.02761669;infantil;privada;ativa;geral;sim;QS 7 AE LT 10, 10 AGUAS CLARAS. 71967-000 Brasília - DF.
53016483;CEPI SABIA-LARANJEIRA;-15.86186280;-48.02409980;infantil;privada;ativa;geral;sim;QUADRA QS 8 CONJUNTO 220A, LOTE 01 AREAL AGUAS CLARAS. 71974-600 Brasília - DF.
53017129;CEPI SAGUI;-15.67260933;-48.20253141;infantil;privada;ativa;geral;sim;QD 2 AE 2, 02 PIQ2. SETOR VEREDAS. 72725-225 Brasília - DF.
53016572;CEPI SEMPRE-VIVA;-15.80434690;-48.14406370;infantil;privada;ativa;geral;sim;QUADRA QNQ 3 LT B, 03 AREA ESPECIAL. CEILANDIA NORTE CEILANDIA. 72270-300 Brasília - DF.
53016700;CEPI SUCUPIRA;-15.85620830;-48.07541360;infantil;privada;ativa;geral;sim;QUADRA QS 412, 12 AREA ESPECIAL Nº. SAMAMBAIA NORTE. 72320-550 Brasília - DF.
53016289;CEPI TAMANDUA BANDEIRA;-15.87441640;-48.06890390;infantil;privada;ativa;geral;sim;QUADRA QN 314, LOTE 1 CONJUNTO 8. SAMAMBAIA SUL SAMAMBAIA. 72308-000 Brasília - DF.
53003268;CFP ROSERVARTE ALVES DE SOUZA - CFP-RAS;-16.02666990;-48.07454740;;privada;ativa;geral;nao;AREA ESPECIAL ENTREQUADRAS, 2/8 SETOR SUL. GAMA. 72415-120 Brasília - DF.
53004930;CFP TAGUATINGA - CFP-T - SENAI;-15.82021825;-48.06975888;;privada;ativa;geral;nao;AREA ESPECIAL 02 - ST. C NORTE QNC, TAGUATINGA NORTE TAGUATINGA. 72115-950 Brasília - DF.
53014766;CIEIC - C INTEGRADO DE EDUC IRMAOS CARVALHO;-15.86691306;-47.78657208;infantil|fundamental_i;privada;ativa;geral;nao;LOTEAMENTO SERRANA AREA PRESEPIO CHACARA 23, 23 FAZENDA TABOQUINHA. FAZENDA TABOQUINHA. 71691-970 Brasília - DF.
53017919;CIES C DE INOVACAO EDUCACIONAL EM SAUDE;-15.83076553;-48.05274588;;privada;ativa;geral;nao;C1 LT 5 SL 101,102, 201 E 202, 05 TAGUATINGA. 72010-010 Brasília - DF.
53001257;CIL 01 DE BRASILIA;-15.80814948;-47.90885434;;estadual;ativa;sem_escolarizacao;nao;QUADRA SGAS 907/908, 25/26 ASA SUL. 70390-075 Brasília - DF.
53016386;CIL 01 DE PLANALTINA;-15.62135560;-47.64574080;;estadual;ativa;sem_escolarizacao;nao;AREA SETOR EDUCACIONAL LOTE C, SN SETOR DE EDUCACAO PLANALTINA. 73310-154 Brasília - DF.
53016980;CIL 01 DE SAMAMBAIA;-15.87390230;-48.10405138;;estadual;ativa;sem_escolarizacao;nao;QUADRA QN 407 CONJUNTO G LOTE, 01 AE. SAMAMBAIA NORTE SAMAMBAIA. 72321-507 Brasília - DF.
53016408;CIL 01 DE SANTA MARIA;-16.00605740;-48.00088810;;estadual;ativa;sem_escolarizacao;nao;QUADRA CL 114 BLOCO D, SALA 415 4º ANDAR. SANTA MARIA. 72544-204 Brasília - DF.
53016734;CIL 01 DE SAO SEBASTIAO;-15.92968054;-47.75467409;;estadual;ativa;sem_escolarizacao;nao;NUCLEO RURAL CAPAO COMPRIDO, 03 AREA ESPECIAL 01. AREA RURAL DE SAO SEBASTIAO. 71699-901 Brasília - DF.
53016742;CIL 01 DO NUCLEO BANDEIRANTE;-15.80541060;-47.92762670;;estadual;ativa;sem_escolarizacao;nao;AVENIDA TERCEIRA AVENIDA AREA ESPECIAL 6, NUCLEO BANDEIRANTE. 71720-588 Brasília - DF.
53016815;CIL 01 DO PARANOA;-15.77370530;-47.77989940;;estadual;ativa;sem_escolarizacao;nao;AVENIDA PARANOA QUADRA 17 CONJUNTO 09 LOTE 01, 01 PARANOA. 71571-710 Brasília - DF.
53016432;CIL 01 DO RECANTO DAS EMAS;-15.91929620;-48.09716820;;estadual;ativa;sem_escolarizacao;nao;AVENIDA MONJOLO QUADRA 306, LOTE 06. RECANTO DAS EMAS. 72621-300 Brasília - DF.
53012801;CIL 02 DE BRASILIA;-15.75643066;-47.89502855;;estadual;ativa;sem_escolarizacao;nao;QUADRA SHCGN 711 AREA ESPECIAL, PLANO PILOTO. ASA NORTE. 70750-760 Brasília - DF.
53012976;CIL DE BRAZLANDIA;-15.68600230;-48.20201500;;estadual;ativa;sem_escolarizacao;nao;QUADRA QUADRA 2, 07 AREA ESPECIAL. SETOR TRADICIONAL BRAZLANDIA. 72720-020 Brasília - DF.
53003969;CIL DE CEILANDIA;-15.82392000;-48.10004030;;estadual;ativa;sem_escolarizacao;nao;QUADRA QNM 13, AREA ESPECIAL. CEILANDIA SUL CEILANDIA. 72215-130 Brasília - DF.
53005600;CIL DE SOBRADINHO;-15.64446530;-47.78849590;;estadual;ativa;sem_escolarizacao;nao;QUADRA 11, AREA RESERVADA 1, 1 SOBRADINHO. 73040-110 Brasília - DF.
53003977;CIL DE TAGUATINGA;-15.83637570;-48.05864230;;estadual;ativa;sem_escolarizacao;nao;QUADRA QSB 2, 3/4 TAGUATINGA SUL TAGUATINGA. 72015-520 Brasília - DF.
53011350;CIL DO GAMA;-16.01799450;-48.06798050;;estadual;ativa;sem_escolarizacao;nao;QUADRA EQ 16/18, SETOR CENTRAL GAMA. 72405-165 Brasília - DF.
53010981;CIL DO GUARA;-15.81583000;-47.97849500;;estadual;ativa;sem_escolarizacao;nao;QUADRA QE 7 LT Q AREA ESPECIAL, GUARA I. 71020-007 Brasília - DF.
53017480;CIL DO RIACHO FUNDO I;-15.88443335;-48.01455181;;estadual;ativa;sem_escolarizacao;nao;QUADRA QS 14, AREA ESPECIAL. RIACHO FUNDO I. 71825-400 Brasília - DF.
53017854;CIL DO RIACHO FUNDO II;-15.89661693;-48.04956676;;estadual;ativa;sem_escolarizacao;nao;QUADRA QN 8C AREA ESPECIAL, RIACHO FUNDO II. 71880-130 Brasília - DF.
53011120;CMSS COL MODELO SAO SEBASTIAO;-15.90382270;-47.76210840;infantil|fundamental_i|fundamental_ii;privada;ativa;geral;nao;RUA 9 QUADRA 01- CONJUNTO A CHACARA, 07 VILA NOVA SAO SEBASTIAO. 71693-111 Brasília - DF.
53006585;COL ADVENTISTA DE PLANALTINA;-15.62003000;-47.65053000;infantil|fundamental_i|fundamental_ii;privada;ativa;geral;nao;AREA SETOR EDUCACIONAL LOTE P, P PLANALTINA. SETOR DE EDUCACAO PLANALTINA. 73310-180 Brasília - DF.
53003080;COL ADVENTISTA DO GAMA;-16.01479940;-48.06877440;infantil|fundamental_i|fundamental_ii;privada;ativa;geral;nao;AREA ESPECIAL LADO OESTE, 22/23 SETOR CENTRAL. SETOR CENTRAL GAMA. 72405-125 Brasília - DF.
53005619;COL ALLAN KARDEC;-15.64792940;-47.78746260;infantil|fundamental_i;privada;ativa;geral;nao;QUADRA 12 AR 03, 03 SOBRADINHO. 73011-145 Brasília - DF.
53084039;COL ANCHIETA;-15.85129453;-48.06563674;infantil;privada;ativa;geral;nao;QSC 19 QUADRA 27 CONJUNTO A LOTE 16, SETOR PRIMAVERA. TAGUATINGA. 72017-323 Brasília - DF.
53018486;COL ANCHIETA II;-15.83124919;-48.10006377;infantil;privada;ativa;geral;nao;EQNM 5/7 S/N AREA ESPECIAL A, CEILANDIA. 72215-540 Brasília - DF.
53011368;COL ANCHIETA III;-15.84315290;-48.05215211;;privada;paralisada;geral;nao;SETOR D SUL AREA ESPECIAL RESERVADA, 06 TAGUATINGA SUL TAGUATINGA. 72020-000 Brasília - DF.
53005945;COL APROVACAO GENIO;-15.62703511;-47.65634437;infantil|fundamental_i|fundamental_ii;privada;ativa;geral;nao;RUA RIO GRANDE DO NORTE QUADRA 69 B, 0712 A 14 SETOR TRADICIONAL PLANALTINA. 73330-089 Brasília - DF.
53005511;COL APROVACAO PHD;-15.64512590;-47.78671290;infantil|fundamental_i|fundamental_ii;privada;ativa;geral;nao;QUADRA QUADRA 13, AREA ESPECIAL 08. SOBRADINHO. 73040-130 Brasília - DF.
53013212;COL ATHOS;-15.67308540;-48.20214930;infantil|fundamental_i|fundamental_ii;privada;ativa;geral;nao;QUADRA 2, 01 PIQ II. VEREDAS BRAZLANDIA. 72725-200 Brasília - DF.
53014057;COL ATIVO;-15.87207334;-48.09524623;infantil|fundamental_i|fundamental_ii;privada;ativa;geral;nao;QUADRA QS, 403 CONJUNTO B LOTE 3. SAMAMBAIA NORTE SAMAMBAIA. 72319-552 Brasília - DF.
53032012;COL BARAO DO RIO BRANCO;-15.75145992;-47.76044799;infantil|fundamental_i|fundamental_ii;privada;ativa;geral;nao;GRANDE USUARIO RODOVIA DF-250 KM 2,5 CHACARA, 03 KM 2,5. REGIAO DOS LAGOS SOBRADINHO. 73255-904 Brasília - DF.
53001281;COL BATISTA DE BRASILIA;-15.80305000;-47.90388000;infantil|fundamental_i|fundamental_ii;privada;ativa;geral;nao;QUADRA SGAS 905, 4 ASA SUL. ASA SUL. 70390-050 Brasília - DF.
53085000;COL BIANGULO I;-15.81594200;-48.08510850;infantil|fundamental_i;privada;ativa;geral;nao;QNJ 22 - LOTES 34 E 36, TAGUATINGA NORTE. 72140-220 Brasília - DF.
53015878;COL BIANGULO II - TAGUATINGA;-15.81413490;-48.08602680;fundamental_i|fundamental_ii;privada;ativa;geral;nao;QNJ AREA ESPECIAL Nº 08, TAGUATINGA NORTE. 72140-608 Brasília - DF.
53018214;COL BIANGULO IV;-15.83759833;-48.01190000;infantil|fundamental_i|fundamental_ii;privada;ativa;geral;nao;AV DAS ARAUCIRIAS QD 201 LOTE 455, 455 AGUAS CLARAS. 71937-540 Brasília - DF.
53018265;COL BIANGULO V;-15.81490184;-47.98593183;infantil|fundamental_i|fundamental_ii;privada;ativa;geral;nao;QE 4 AE C, S/N GUARA. 71010-633 Brasília - DF.
53002016;COL BIANGULO VI;-15.73859180;-47.89540580;infantil|fundamental_i|fundamental_ii;privada;ativa;geral;nao;QUADRA EQN 116/316, BLOCO C. ASA NORTE. 70774-400 Brasília - DF.
53017633;COL CCA;-15.91644600;-48.05679330;infantil|fundamental_i;privada;ativa;geral;nao;AVENIDA BURITIS QUADRA 603 LT 12, RECANTO DAS EMAS. 72640-320 Brasília - DF.
53056019;COL CDA;-15.85665430;-47.99735760;infantil|fundamental_i|fundamental_ii;privada;ativa;geral;nao;CONJUNTO SHA CONJUNTO 4 CHACARA 72, LOTE 01 SETOR HABITACIONAL ARNIQUEIRA AGUAS CLARAS. 71994-410 Brasília - DF.
53010515;COL CENEB KIDS;-15.82483167;-48.10548500;infantil;privada;ativa;geral;nao;QUADRA QNN 4 CONJUNTO B LOTE, 7/9 CEILANDIA SUL CEILANDIA. 72220-040 Brasília - DF.
53001958;COL CNEC DE BRASILIA;-15.76042990;-47.87795380;infantil;privada;ativa;geral;nao;QUADRA SGAN 608 MODULO D, L 2 NORTE. ASA NORTE. 70830-354 Brasília - DF.
53009428;COL COC LAGO NORTE;-15.74573080;-47.84128080;infantil|fundamental_i|fundamental_ii;privada;ativa;geral;nao;QUADRA SHIN QL 9 / 11 LOTE B AREA ESPECIAL LOTE B, S/N LAGO NORTE. SETOR DE HABITACOES INDIVIDUAIS NORTE. 71515-205 Brasília - DF.
53004701;COL CONEXAO;-15.80447140;-48.06261330;infantil|fundamental_i|fundamental_ii;privada;ativa;geral;nao;QUADRA QND 38, 42 TAGUATINGA NORTE TAGUATINGA. 72120-380 Brasília - DF.
53001290;COL COR JESU;-15.83820614;-47.91859562;infantil|fundamental_i|fundamental_ii;privada;ativa;geral;nao;QUADRA SGAS 615 BLOCO G, 110 ASA SUL. 70200-750 Brasília - DF.
53012305;COL CRESCER;-15.82523640;-48.11659070;infantil|fundamental_i;privada;ativa;geral;nao;QUADRA QNN 18 CONJUNTO E LOTES 22/26, 22/26 CEILANDIA SUL CEILANDIA. 72220-185 Brasília - DF.
53019202;COL CRIART;-15.91001090;-48.06659230;infantil|fundamental_i;privada;ativa;geral;nao;AVENIDA EUCALIPTO QUADRA 405 CONJUNTO 12 LOTE, 17 RECANTO DAS EMAS. 72631-136 Brasília - DF.
53014847;COL DO SOL;-15.71480000;-47.88183000;fundamental_i|fundamental_ii;privada;ativa;geral;nao;SHIN CA 6 LT A LAGO NORTE / BRASILIA DF, LAGO NORTE. 71503-506 Brasília - DF.
53002652;COL DOM CESAR;-16.01528901;-48.06269922;infantil|fundamental_i|fundamental_ii;privada;ativa;geral;nao;QUADRA QUADRA 55 LOTE, 16 EDIFICIO DOM CESAR. SETOR CENTRAL GAMA. 72405-550 Brasília - DF.
53013921;COL DROMOS;-15.79979040;-47.92861100;infantil|fundamental_i|fundamental_ii;privada;ativa;geral;nao;QUADRA EQSW 303/304, LOTE, 3 SETOR SUDOESTE. 70673-350 Brasília - DF.
53014170;COL EDUCANDARIO DE MARIA;-15.88979930;-48.02010830;infantil|fundamental_i|fundamental_ii;privada;ativa;geral;nao;QUADRA QS 10 AREA ESPECIAL B, SN RIACHO FUNDO I. 71825-122 Brasília - DF.
53011449;COL EDUCRIARTE;-15.82245670;-48.05877200;infantil|fundamental_i;privada;ativa;geral;nao;QUADRA QNA 36, LOTE 01. TAGUATINGA NORTE TAGUATINGA. 72110-360 Brasília - DF.
53013182;COL ESPLANADA;-15.76521523;-47.78034308;infantil|fundamental_i|fundamental_ii;privada;ativa;geral;nao;QUADRA 27 CONJUNTO 19 LOTE 19, 19 PARANOA. 71572-719 Brasília - DF.
53010760;COL ESPU;-15.81667530;-48.06621490;infantil|fundamental_i;privada;ativa;geral;nao;QUADRA QNE 5, 18 18. TAGUATINGA NORTE TAGUATINGA. 72125-050 Brasília - DF.
53015967;COL EVEREST BRASILIA;-15.86249664;-47.85958523;infantil|fundamental_i;privada;ativa;geral;nao;QUADRA SHIS QI 19 CHACARAS 17 E 18, SETOR DE HABITACOES INDIVIDUAIS SUL. 71655-730 Brasília - DF.
53015134;COL FUTURO EDUCACAO;-15.80958100;-48.02016960;infantil|fundamental_i|fundamental_ii;privada;ativa;geral;nao;RUA 05 CHACARA 117 LOTES 28, 29 E 30, COLONIA AGRICOLA VIC. VICENTE PIRES. 72006-185 Brasília - DF.
53012860;COL GALOIS;-15.80570190;-47.87923400;fundamental_ii;privada;ativa;geral;nao;SGAS QD, 601 CJ A. ASA SUL. 70200-610 Brasília - DF.
53016696;COL GALOIS AGUAS CLARAS;-15.84456947;-48.03249246;infantil|fundamental_i|fundamental_ii;privada;ativa;geral;nao;QUADRA QS 1 RUA 210 LOTES, 10/12 AREAL AGUAS CLARAS. 71950-770 Brasília - DF.
53013620;COL GONCALVES DIAS;-15.76726161;-47.78084915;fundamental_i;privada;ativa;geral;nao;QUADRA QUADRA 23 CONJUNTO I, 4, 5 E 6 PARANOA. 71572-309 Brasília - DF.
53012534;COL GUINESS;-15.90350990;-48.07990840;infantil|fundamental_i|fundamental_ii;privada;ativa;geral;nao;QUADRA 105 AVENIDA VARGEM DA BENCAO, LOTE 04 RECANTO DAS EMAS. 72601-120 Brasília - DF.
53019628;COL IDEAL UNIDADE ASA SUL;-15.81012809;-47.90867843;infantil|fundamental_i|fundamental_ii;privada;ativa;geral;nao;QD SEPS 708907, SN LOTE C. ASA SUL. 70390-079 Brasília - DF.
53018273;COL IDEAL UNIDADE JARDIM BOTANICO;-15.87307347;-47.80159988;infantil|fundamental_i|fundamental_ii;privada;ativa;geral;nao;AVENIDA DO SOL QD9 AE 5, 05 AREA ESPECIAL. JARDIM BOTANICO. 71680-370 Brasília - DF.
53017030;COL IDEAL UNIDADE V;-15.84118500;-48.03732667;infantil|fundamental_i|fundamental_ii;privada;ativa;geral;nao;AVENIDA JEQUITIBA, 325 AGUAS CLARAS. 71929-540 Brasília - DF.
53018532;COL IN-NOVA;-15.80008727;-47.92072833;infantil|fundamental_i|fundamental_ii;privada;ativa;geral;nao;EQSW 101/102 LOTE 1, 1 SUDOESTE. 70670-150 Brasília - DF.
53017820;COL IN-NOVA JARDIM BOTANICO;-15.87993050;-47.81309130;infantil|fundamental_i|fundamental_ii;privada;ativa;geral;nao;COND ESTANCIA JARDIM BOTANICO II LT B2, JARDIM BOTANICO. 71680-390 Brasília - DF.
53013476;COL ISAAC NEWTON;-15.88088870;-48.02097180;infantil|fundamental_i|fundamental_ii;privada;ativa;geral;nao;QN 07 AE NO 11, RIACHO FUNDO I. 71805-700 Brasília - DF.
53003713;COL JESUS MARIA JOSE;-15.80395938;-48.07341387;infantil|fundamental_i|fundamental_ii;privada;ativa;geral;nao;QNG 40 AREA ESPECIAL 5B, TAGUATINGA NORTE. 72130-003 Brasília - DF.
53007190;COL LA SALLE;-15.86886570;-47.96726420;infantil|fundamental_i|fundamental_ii;privada;ativa;geral;nao;AVENIDA CENTRAL AREA ESPECIAL 11, 11 NUCLEO BANDEIRANTE. 71710-575 Brasília - DF.
53005503;COL LA SALLE - SOBRADINHO;-15.65126810;-47.78171410;infantil|fundamental_i|fundamental_ii;privada;ativa;geral;nao;QUADRA QUADRA 14, 24/27 AREA ESPECIAL. SOBRADINHO. 73050-140 Brasília - DF.
53007050;COL LA SALLE AGUAS CLARAS;-15.82741510;-48.01397690;infantil|fundamental_i|fundamental_ii;privada;ativa;geral;nao;ST AREAS ISOLADAS, S/N INST. AGR. LA SALLE. NORTE AGUAS CLARAS. 71901-110 Brasília - DF.
53001060;COL LA SALLE BRASILIA;-15.80723180;-47.90564060;infantil|fundamental_i|fundamental_ii;privada;ativa;geral;nao;QUADRA SGAS 906 CONJUNTO E, ASA SUL. 70390-060 Brasília - DF.
53015746;COL LE JARDIN;-15.87351227;-47.96664110;infantil|fundamental_i;privada;ativa;geral;nao;AVENIDA CONTORNO, CHACARA 23. NUCLEO BANDEIRANTE. 71705-510 Brasília - DF.
53015894;COL LICEU;-15.80870280;-48.03979750;infantil|fundamental_i|fundamental_ii;privada;ativa;geral;nao;RUA RUA 6 CHACARA 253, LOTE A. SETOR HABITACIONAL VICENTE PIRES. 72006-505 Brasília - DF.
53013158;COL LITTLE KIDS UNIDADE 2;-15.82128330;-47.88128200;;privada;paralisada;geral;nao;TRECHO SCES TRECHO 1 CONJ 1, 07 ASA SUL. 70200-001 Brasília - DF.
53002024;COL LOGOSOFICO GONZALEZ PECOTCHE - UNIDADE BRASILIA;-15.77660680;-47.89033680;infantil|fundamental_i|fundamental_ii;privada;ativa;geral;nao;QUADRA SHCGN 704, AREA ESPECIAL. ASA NORTE. 70730-730 Brasília - DF.
53083016;COL MAANAIM;-15.88334503;-48.01621930;infantil|fundamental_i;privada;ativa;geral;nao;QUADRA AC 3, 13 COLEGIO MAANAIM. RIACHO FUNDO I. 71810-300 Brasília - DF.
53001320;COL MADRE CARMEN SALLES;-15.77479000;-47.87344000;infantil|fundamental_i|fundamental_ii;privada;ativa;geral;nao;SGAN 604 MODULO D, AVENIDA L2 NORTE. ASA NORTE. 70830-154 Brasília - DF.
53015665;COL MADRE TERESA;-15.80783511;-48.08436501;;privada;ativa;geral;nao;QNH A/E Nº 04 LOJA 15, TAGUATINGA NORTE. 72130-613 Brasília - DF.
53015266;COL MAE DA DIVINA GRACA;-15.86259310;-48.09474960;infantil;privada;ativa;geral;nao;QUADRA QS 601 AREA ESPECIAL 03, 03 SAMAMBAIA. SAMAMBAIA NORTE. 72331-516 Brasília - DF.
53082001;COL MAGNUS;-15.68396550;-48.19511810;infantil|fundamental_i|fundamental_ii;privada;ativa;geral;nao;SET CENTRO DE COMERCIO E DIVERSOES BLOCO MOR, S/N SETOR NORTE BRAZLANDIA. 72705-513 Brasília - DF.
53013174;COL MAO AMIGA JOAO PAULO II;-15.78062468;-47.78457425;infantil|fundamental_i;privada;ativa;geral;nao;AREA ESPECIAL BARRAGEM DO PARANOA, 01 01. PARANOA. 71570-030 Brasília - DF.
53084055;COL MAPA;-15.80909730;-48.13530530;infantil|fundamental_i|fundamental_ii;privada;ativa;geral;nao;QUADRA EQNP 15/19 MODULO F, CEILANDIA NORTE CEILANDIA. 72241-576 Brasília - DF.
53016106;COL MARECHAL DEODORO DA FONSECA CMDF;-16.01103311;-47.98763232;infantil|fundamental_i;privada;ativa;geral;nao;QUADRA CL 418, LOTE D. SANTA MARIA NORTE. 72548-240 Brasília - DF.
53009495;COL MARIA IMACULADA;-15.85257060;-47.89786590;infantil|fundamental_i|fundamental_ii;privada;ativa;geral;nao;QUADRA SHIS QI 5 CHACARA, 72 CHACARA. SETOR DE HABITACOES INDIVIDUAIS SUL. 71600-600 Brasília - DF.
53003659;COL MARISTA CHAMPAGNAT;-15.84162180;-48.04922980;infantil|fundamental_i|fundamental_ii;privada;ativa;geral;nao;AREA ESPECIAL QSD AREA ESPECIAL, 01 TAGUATINGA SUL TAGUATINGA. 72015-597 Brasília - DF.
53011074;COL MARISTA JOAO PAULO II;-15.78193990;-47.88818620;infantil|fundamental_i|fundamental_ii;privada;ativa;geral;nao;QUADRA SGAN 702 CONJUNTO B, ASA NORTE. 70710-700 Brasília - DF.
53000960;COL MAURICIO SALLES DE MELLO;-15.76688050;-47.89268460;infantil|fundamental_i|fundamental_ii;privada;ativa;geral;nao;QUADRA SHCGN 708 BLOCO C, S/N ASA NORTE. 70740-763 Brasília - DF.
53016203;COL MDC;-15.85370930;-48.07125540;;privada;ativa;geral;nao;QUADRA QI 416 CONJUNTO M LOTES 2/3 LOJA 3A SOBRELOJA 3, SAMAMBAIA NORTE SAMAMBAIA. 72320-323 Brasília - DF.
53001354;COL MILITAR DE BRASILIA;-15.78067390;-47.89203850;fundamental_ii;federal;ativa;geral;nao;QUADRA SGAN 902/904, ASA NORTE. 70790-025 Brasília - DF.
53013352;COL MILITAR DOM PEDRO II;-15.83438920;-47.93953210;infantil|fundamental_i|fundamental_ii;estadual;ativa;geral;nao;SAIS AREA ESPECIAL 03 QUADRA 04 LOTE 05, 03. ASA SUL. 70602-900 Brasília - DF.
53015495;COL MILITAR TIRADENTES;-15.83021174;-47.94206093;fundamental_ii;estadual;ativa;geral;nao;SETOR DE AREAS ISOLADAS , AREA ESPECIAL 04 , ASA SUL /DF, SETOR POLICIAL SUL. 70610-200 Brasília - DF.
53002032;COL MORAES REGO;-15.80619070;-47.90328600;infantil|fundamental_i|fundamental_ii;privada;ativa;geral;nao;QUADRA SEPS 706/906 CONJUNTO A, S/N ASA SUL. 70390-065 Brasília - DF.
53058003;COL NOSSA SENHORA APARECIDA;-16.00435920;-47.98842300;infantil|fundamental_i|fundamental_ii;privada;ativa;geral;nao;CL 218 LOTE E, SANTA MARIA. 72548-225 Brasília - DF.
53018869;COL NOSSA SENHORA DA PIEDADE;-15.85264473;-47.90370902;infantil;privada;ativa;geral;nao;SHIS QI 5 CH 7, S/N LAGO SUL. 71600-520 Brasília - DF.
53009592;COL NOSSA SENHORA DO PERPETUO SOCORRO;-15.84254702;-47.89665184;infantil|fundamental_i|fundamental_ii;privada;ativa;geral;nao;QUADRA SHIS QL 6/8 CONJUNTO A, 1 SETOR DE HABITACOES INDIVIDUAIS SUL. 71620-060 Brasília - DF.
53017749;COL OBJETIVO DF - UNIDADE II;-15.83853228;-48.02984568;infantil|fundamental_i|fundamental_ii;privada;ativa;geral;nao;AV PAU BRASIL LOTE 02 SALAS DE AULA E TERREO, 02 NORTE AGUAS CLARAS. 71917-180 Brasília - DF.
53017900;COL OBJETIVO DF - UNIDADE III;-15.80875979;-48.09406113;infantil|fundamental_i|fundamental_ii;privada;ativa;geral;nao;QI 21 LOTE 18,20, 22 A 26, SETOR INDUSTRIAL TAGUATINGA. 72135-210 Brasília - DF.
53017870;COL OBJETIVO DF - UNIDADE V;-15.84646000;-47.97075000;infantil|fundamental_i|fundamental_ii;privada;ativa;geral;nao;SRIA QE 38 AE 8 LT C, 8 GUARA II. 71070-637 Brasília - DF.
53017862;COL OBJETIVO DF - UNIDADE VI;-15.87161508;-48.09377069;infantil|fundamental_i|fundamental_ii;privada;ativa;geral;nao;QS 401 CJ C LTS 1 E 2, SAMAMBAIA. 72319-523 Brasília - DF.
53016599;COL OBJETIVO DF - UNIDADE VII;-15.81305610;-48.01237900;infantil|fundamental_i|fundamental_ii;privada;ativa;geral;nao;RUA 3 CHACARA 82, LOTES 7/8. SETOR HABITACIONAL VICENTE PIRES. 72005-755 Brasília - DF.
53014340;COL OBJETIVO UNIDADE IX;-15.83889240;-48.10922750;infantil|fundamental_i|fundamental_ii;privada;ativa;geral;nao;QUADRA QNN 32 AREA ESPECIAL E, CEILANDIA SUL CEILANDIA. 72220-325 Brasília - DF.
53056000;COL OLIMPO;-15.81600615;-47.92174217;fundamental_ii;privada;ativa;geral;nao;QUADRA SGAS 913, A CONJUNTO A. ASA SUL. 70390-130 Brasília - DF.
53011805;COL PALOMA;-16.02695000;-48.02570000;infantil|fundamental_i|fundamental_ii;privada;ativa;geral;nao;QUADRA QR 307 CONJUNTO V, 02 SUL. SANTA MARIA. 72507-522 Brasília - DF.
53009940;COL PRESBITERIANO MACKENZIE - BRASILIA;-15.85023190;-47.89588260;infantil|fundamental_i|fundamental_ii;privada;ativa;geral;nao;QUADRA SHIS QI 5 CHACARA, 74 CHACARA. SETOR DE HABITACOES INDIVIDUAIS SUL. 71600-610 Brasília - DF.
53003560;COL PRESBITERIANO SIMONTON;-15.85954348;-48.04058227;infantil|fundamental_i|fundamental_ii;privada;ativa;geral;nao;AREA ESPECIAL QSE AREA ESPECIAL 3, 09 TAGUATINGA SUL. TAGUATINGA SUL TAGUATINGA. 72025-072 Brasília - DF.
53017439;COL PROMOVE DE BRASILIA;-15.85372083;-48.03217029;fundamental_ii;privada;ativa;geral;nao;QS 5 R 300 LT 1 BL I AREAL, AGUAS CLARAS. 71961-540 Brasília - DF.
53014464;COL REACAO II;-15.90478690;-48.05957570;infantil|fundamental_i|fundamental_ii;privada;ativa;geral;nao;AV. BURITI QUADRA 201 LOTE 7, RECANTO DAS EMAS. 72610-100 Brasília - DF.
53018141;COL RECREIO;-15.79787919;-48.01470521;infantil|fundamental_i;privada;ativa;geral;nao;RUA RUA 05 CHACARA 101 LOTES 35 E 35 A, SETOR HABITACIONAL VICENTE PIRES. 72007-260 Brasília - DF.
53018770;COL RESOLVE CEILANDIA;-15.81664362;-48.12315010;fundamental_i|fundamental_ii;privada;ativa;geral;nao;QNN 29 AE A, CEILANDIA. 72225-294 Brasília - DF.
53008545;COL ROGACIONISTA;-15.84638000;-47.97129000;infantil|fundamental_i|fundamental_ii;privada;ativa;geral;nao;AREA ESPECIAL AREA ESPECIAL 8 MODULO B, GUARA II. 71070-627 Brasília - DF.
53015681;COL ROGACIONISTA SOCIAL SANTO ANIBAL;-15.84225000;-47.97434000;infantil;privada;ativa;geral;nao;QUADRA QE 32 CONJUNTO T, 26 LOTE. GUARA II. 71065-201 Brasília - DF.
53012950;COL SABER;-15.83930000;-48.05823167;fundamental_i|fundamental_ii;privada;ativa;geral;nao;QUADRA QSC 12 LOTES 01/03 E QSC 14 LOTES 02/04, TAGUATINGA SUL TAGUATINGA. 72016-120 Brasília - DF.
53017374;COL SABER- EDUC INF;-15.83874020;-48.05801570;infantil;privada;ativa;geral;nao;QUADRA QSB 5 LOTE 1 LOJAS 1 E 2 QSB 6 LOTE 1, 1 TAGUATINGA SUL TAGUATINGA. 72015-560 Brasília - DF.
53001389;COL SAGRADO CORACAO DE MARIA;-15.78184558;-47.89008774;infantil|fundamental_i|fundamental_ii;privada;ativa;geral;nao;QUADRA SGAN 702 CONJUNTO C, ASA NORTE. 70710-750 Brasília - DF.
53018648;COL SANKY BABY;-15.79760530;-48.11531872;infantil;privada;ativa;geral;nao;QUADRA QNM 26 CONJUNTO A LT 3, 03 CEILANDIA NORTE CEILANDIA. 72210-261 Brasília - DF.
53001400;COL SANTA DOROTEIA;-15.75742920;-47.90022430;infantil|fundamental_i|fundamental_ii;privada;ativa;geral;nao;QUADRA SGAN 911, CONJUNTO B. ASA NORTE. 70790-110 Brasília - DF.
53026004;COL SANTA MARIA;-16.00455876;-47.98893412;fundamental_i|fundamental_ii;privada;ativa;geral;nao;CL 218 LOTE D, SANTA MARIA. 72548-500 Brasília - DF.
53001397;COL SANTA ROSA;-15.80704244;-47.88012166;infantil|fundamental_i|fundamental_ii;privada;ativa;geral;nao;QUADRA SGAS 601, ASA SUL. 70200-610 Brasília - DF.
53013875;COL SERIOS;-15.79730930;-47.89773370;infantil|fundamental_i|fundamental_ii;privada;ativa;geral;nao;QUADRA SGAS 902, 75 LOTE. ASA SUL. 70390-020 Brasília - DF.
53014820;COL SISTEMA OBJETIVO;-16.01089422;-47.98802719;infantil|fundamental_i|fundamental_ii;privada;ativa;geral;nao;QUADRA CL 418 BLOCO B, 0 LOTES B/C. SANTA MARIA. 72548-242 Brasília - DF.
53018044;COL SURSUM CORDA;-15.83924869;-48.06353706;infantil|fundamental_i|fundamental_ii;privada;ativa;geral;nao;QUADRA QSC 5, 06 AREA ESPECIAL. TAGUATINGA SUL TAGUATINGA. 72016-050 Brasília - DF.
53007611;COL TIRADENTES;-15.84417060;-48.11108260;infantil|fundamental_i|fundamental_ii;privada;ativa;geral;nao;QUADRA EQNP 14/18 MODULO E, CEILANDIA SUL. 72231-555 Brasília - DF.
53011880;COL TRIANGULO;-15.79597050;-48.10910810;infantil|fundamental_i|fundamental_ii;privada;ativa;geral;nao;QUADRA QNM 42 AREA ESPECIAL S/N, 12 SETOR M NORTE. TAGUATINGA NORTE TAGUATINGA. 72146-209 Brasília - DF.
53013190;COL TRIANGULO RECANTO;-15.90843040;-48.09294790;infantil|fundamental_i|fundamental_ii;privada;ativa;geral;nao;QUADRA QUADRA 109, RECANTO DAS EMAS. 72602-100 Brasília - DF.
53017579;COL VENCER;-15.83070960;-48.10191110;infantil|fundamental_i|fundamental_ii;privada;ativa;geral;nao;QUADRA QNM 5 CONJUNTO B/D LTS, 33 A 39 CEILANDIA SUL CEILANDIA. 72215-052 Brasília - DF.
53004965;COL VIP;-15.82551333;-48.08357000;infantil|fundamental_i|fundamental_ii;privada;ativa;geral;nao;QUADRA QNL 5 CONJUNTO F /G LOTES, 1/9 L. NORTE. TAGUATINGA NORTE TAGUATINGA. 72150-606 Brasília - DF.
53017102;COL VISAO;-15.83761440;-48.02942280;infantil|fundamental_i|fundamental_ii;privada;ativa;geral;nao;R 25 NORTE LT, 04 AGUAS CLARAS. 71917-180 Brasília - DF.
53014685;COL VITORIA REGIA;-15.80900786;-48.02593015;infantil|fundamental_i|fundamental_ii;privada;ativa;geral;nao;RUA RUA 6 CHACARA 274, 274 LOTE 01/03. SETOR HABITACIONAL VICENTE PIRES. 72006-600 Brasília - DF.
53012330;COL WGS;-15.80594837;-48.13858274;infantil|fundamental_i|fundamental_ii;privada;ativa;geral;nao;QNQ 01 CONJUNTO 1 LOTES 19/20, CEILANDIA NORTE. 72215-000 Brasília - DF.
53004418;COLE ADVENTISTA DE TAGUATINGA;-15.83804840;-48.05835520;infantil|fundamental_i|fundamental_ii;privada;ativa;geral;nao;QSB 4, 07 AREA ESPECIAL. TAGUATINGA SUL TAGUATINGA. 72015-540 Brasília - DF.
53003640;COLEGIO CATOLICA BRASILIA;-15.86223980;-48.03280090;infantil|fundamental_i|fundamental_ii;privada;ativa;geral;nao;QUADRA QS 07, LOTE 01 EPCT. AGUAS CLARAS. 71966-700 Brasília - DF.
53012941;COLEGIO CIMAN;-15.80818600;-47.94017050;infantil|fundamental_i|fundamental_ii;privada;ativa;geral;nao;AREA AREA ESPECIAL 1/4, LOTE 08. AREA OCTOGONAL. 70660-645 Brasília - DF.
53055004;COLEGIO COC PLANALTINA;-15.61528890;-47.65740760;infantil|fundamental_i|fundamental_ii;privada;ativa;geral;nao;PRACA CORONEL SALVIANO MONTEIRO, 05 QUADRA 43. SETOR TRADICIONAL PLANALTINA. 73330-151 Brasília - DF.
53014901;COLEGIO DOM JOSE;-15.82405270;-47.80718650;infantil|fundamental_i|fundamental_ii;privada;ativa;geral;nao;SHIS QI 26 CONJUNTO H, SETOR DE HABITACOES INDIVIDUAIS SUL. 71670-000 Brasília - DF.
53008766;COLEGIO GUARAZINHO;-15.81812979;-47.99098593;infantil|fundamental_i;privada;ativa;geral;nao;QUADRA QE 10 CONJUNTO A LOTE 45, GUARA I. 71010-018 Brasília - DF.
53014111;COLEGIO IDEAL - UNIDADE III;-15.79783089;-48.05921696;fundamental_ii;privada;ativa;geral;nao;AREA ESPECIAL 26, TAGUATINGA NORTE TAGUATINGA. 72130-005 Brasília - DF.
53019105;COLEGIO IDEAL- UNIDADE IV;-15.79705000;-48.05888167;infantil|fundamental_i|fundamental_ii;privada;ativa;geral;nao;QUADRA QNG AE 31, TAGUATINGA NORTE TAGUATINGA. 72130-310 Brasília - DF.
53029011;COLEGIO LE PETIT GALOIS;-15.80937560;-47.91055460;infantil|fundamental_i;privada;ativa;geral;nao;SGAS 908 CONJUNTO A PARTE, BL 1 E 2 BLOCOS 1 E 2. ASA SUL. 70390-080 Brasília - DF.
53001338;COLEGIO MARISTA DE BRASILIA EDINF E ENS FUND;-15.82590650;-47.90000800;fundamental_i|fundamental_ii;privada;ativa;geral;nao;SGA MODULO A, 609 ASA SUL. 70200-690 Brasília - DF.
53001346;COLEGIO MARISTA DE BRASILIA ENSINO FUNDAMENTAL E ENSINO MEDIO;-15.83700450;-47.91664499;fundamental_ii;privada;ativa;geral;nao;SGAS QD. 615 MODULO C, ASA SUL. 70200-750 Brasília - DF.
53016823;COLEGIO MARISTA PIO XII DE BRASILIA;-15.82726400;-47.90113300;infantil|fundamental_i;privada;ativa;geral;nao;SGAS MODULO E, 609 ASA SUL. 70200-690 Brasília - DF.
53015789;COLEGIO OLIMPO AGUAS CLARAS;-15.83644770;-48.01316607;fundamental_ii;privada;ativa;geral;nao;RUA 7 SUL, LOJAS 4,5,6, E 7, SL 101,102,201 A 207, 301 A 307, LOTE 04 SUL AGUAS CLARAS. 71938-000 Brasília - DF.
53004698;COLEGIO PRO - FUTURO;-15.82462020;-48.06295540;infantil|fundamental_i;privada;ativa;geral;nao;QUADRA QNB 10, 11 LOTES 11/13. TAGUATINGA NORTE. 72115-100 Brasília - DF.
53013166;COLEGIO VITORIA;-16.01543498;-48.06165476;infantil|fundamental_i|fundamental_ii;privada;ativa;geral;nao;AREA ESPECIAL 1 LOTE 09/10, LADO LESTE. SETOR CENTRAL GAMA. 72405-610 Brasília - DF.
53014502;COLEGIO VIVENCIAR;-15.82953260;-48.05998390;infantil|fundamental_i;privada;ativa;geral;nao;QUADRA QNB 4, 40 COMERCIAL NORTE. TAGUATINGA NORTE. 72115-040 Brasília - DF.
53018818;CORRE COTIA EDUC INF E ENS FUND;-15.82509308;-48.08864138;infantil|fundamental_i;privada;ativa;geral;nao;EQNL 13/15 S/N LT 2, 02 TAGUATINGA. 72151-510 Brasília - DF.
53063007;CR BEM ME QUER;-15.90092420;-47.77072980;infantil;privada;ativa;geral;sim;RUA 48 LOTE 420, 420 BAIRRO CENTRO. CENTRO SAO SEBASTIAO. 71691-010 Brasília - DF.
53003403;CR CANTINHO DA PAZ;-15.84776790;-48.04582980;infantil;privada;ativa;geral;sim;QUADRA QSD 27, 24 CASA 24. TAGUATINGA SUL. 72020-270 Brasília - DF.
53060008;CR CANTINHO DE VOCE;-15.85598980;-47.94965910;infantil;privada;ativa;geral;sim;QUADRA QR 1-A, PRACA DO BOSQUE, LOTE 08, 08 CANDANGOLANDIA. 71727-100 Brasília - DF.
53012437;CR COMUNITARIA DA QE 38 DO GUARA;-15.84729720;-47.96894830;infantil;privada;ativa;geral;sim;QUADRA QE 38 AREA ESPECIAL LOTE, 4 4. GUARA II. 71070-380 Brasília - DF.
53011058;CR CRUZ DE MALTA SAO JOAO BATISTA DE JERUSALEM;-15.76743420;-47.88934820;infantil;privada;ativa;geral;sim;QUADRA SEPN 507 BLOCO C PARTE S/N CRECHE, 03 ASA NORTE. 70740-523 Brasília - DF.
53012470;CR E ESC NUCLEO BANDEIRANTE VO FILOMENA;-15.86959310;-47.96442210;infantil;privada;ativa;geral;nao;AVENIDA TERCEIRA AVENIDA AREA ESPECIAL 2, LOTE O/P. NUCLEO BANDEIRANTE. 71720-585 Brasília - DF.
53017781;CR IRMA DULCE;-15.60483000;-47.67541167;infantil;privada;ativa;geral;sim;MOD I LT 8 SETOR DE MANSOES DARMAS, PLANALTINA. 73402-503 Brasília - DF.
53012399;CR IRMA ELVIRA;-15.86707920;-47.97563130;infantil;privada;ativa;geral;sim;QUADRA SMPW TRECHO 3, LOTE 1/2 SETOR DE MANSOES PARK WAY. 71735-090 Brasília - DF.
53059000;CR MARIA DE NAZARE;-15.86376950;-48.08817730;infantil;privada;ativa;geral;sim;QUADRA QN 404 CONJUNTO A, 01 SAMAMBAIA NORTE SAMAMBAIA. 72318-541 Brasília - DF.
53012275;CR NOSSA SENHORA DA DIVINA PROVIDENCIA;-15.82156216;-47.90102740;infantil;privada;ativa;geral;nao;QUADRA EQS 208/408, ASA SUL. 70254-450 Brasília - DF.
53015622;CR PASTOR FRANCISCO MIRANDA;-15.87605120;-48.06783010;infantil;privada;ativa;geral;sim;QUADRA QS 314 CONJUNTO 4, PREDIO PROPRIO. SAMAMBAIA SUL SAMAMBAIA. 72308-514 Brasília - DF.
53012674;CR PIONEIRA DA VILA PLANALTO;-15.79596710;-47.84950560;infantil;privada;ativa;geral;sim;AVENIDA RABELO AREA ESPECIAL, SN CRECHE. VILA PLANALTO. 70804-020 Brasília - DF.
53015843;CR RENASCER E ESC TIO PEDRO;-15.77993980;-47.99196000;infantil;privada;ativa;geral;sim;QUADRA QUADRA 6 CONJUNTO 2 LOTES 01 E 26, SETOR LESTE VILA ESTRUTURAL - GUARA. 71261-710 Brasília - DF.
53012836;CR SAO VICENTE DE PAULO;-15.78592940;-47.93688160;infantil;privada;ativa;geral;sim;AREA ESPECIAL B LOTE, 09 B LT 09 CR 01. CRUZEIRO VELHO. 70648-500 Brasília - DF.
53064003;CRECHE LAR DE MARIA;-15.85840510;-48.08369390;infantil;privada;ativa;geral;sim;QUADRA QS 608 CONJUNTO A LOTES, 1/3 SAMAMBAIA NORTE SAMAMBAIA. 72322-541 Brasília - DF.
53017331;CRESCE - EDUC INF E ENS FUND;-15.84439960;-48.03232060;infantil|fundamental_i;privada;ativa;geral;nao;RUA JERIVA LOTE 11, SUL AGUAS CLARAS. 71928-360 Brasília - DF.
53018761;DOMAN SCHOOL;-15.74726374;-47.89350447;infantil|fundamental_i;privada;ativa;geral;nao;QUADRA EQN 313/314, COLEGIO DOMAN BRASIL. ASA NORTE. 70766-400 Brasília - DF.
53004140;EBLP DE TAGUATINGA;-15.80219470;-48.07683970;infantil|fundamental_i|fundamental_ii;estadual;ativa;geral;nao;SETOR QNH 1/3, 02 AREA ESPECIAL. TAGUATINGA NORTE TAGUATINGA. 72130-530 Brasília - DF.
53009320;EC 01 DA CANDANGOLANDIA;-15.84811290;-47.95118410;fundamental_i;estadual;ativa;geral;nao;QUADRA QR 5/7, 01 ESPECIAL. CANDANGOLANDIA. 71725-500 Brasília - DF.
53013980;EC 01 DA VILA ESTRUTURAL;-15.78127634;-47.99758156;infantil|fundamental_i;estadual;ativa;geral;nao;SETOR CENTRAL PRACA ESTRUTURAL S/N, ESTRUTURAL. 70390-070 Brasília - DF.
53005074;EC 01 DE BRAZLANDIA;-15.68190010;-48.20197710;fundamental_i;estadual;ativa;geral;nao;AREA ESPECIAL 3, SETOR TRADICIONAL BRAZLANDIA. 72720-630 Brasília - DF.
53007646;EC 01 DE CEILANDIA;-15.83361160;-48.09196060;infantil|fundamental_i;estadual;ativa;geral;nao;QUADRA EQNM 23/25, AREA ESPECIAL. CEILANDIA SUL CEILANDIA. 72215-590 Brasília - DF.
53014871;EC 01 DE ITAPOA;-15.74519520;-47.76957490;fundamental_i;estadual;ativa;geral;nao;QUADRA 61 CONJUNTO E, AE DEL LAGO I ITAPOA. 71591-525 Brasília - DF.
53006186;EC 01 DE PLANALTINA;-15.62593910;-47.65497260;infantil|fundamental_i|fundamental_ii;estadual;ativa;geral;nao;AVENIDA INDEPENDENCIA QUADRA 01, 102 VILA VICENTINA. PLANALTINA. 73320-000 Brasília - DF.
53005627;EC 01 DE SOBRADINHO;-15.64971980;-47.79884240;fundamental_i;estadual;ativa;geral;nao;QUADRA QUADRA 6 AREA ESPECIAL 01, SOBRADINHO. 73026-503 Brasília - DF.
53004027;EC 01 DE TAGUATINGA;-15.83592040;-48.06205960;fundamental_i;estadual;ativa;geral;nao;QUADRA QSC 01, 01 TAGUATINGA SUL TAGUATINGA. 72016-110 Brasília - DF.
53047028;EC 01 DO ARAPOANGA;-15.63973410;-47.63590240;infantil|fundamental_i;estadual;ativa;geral;nao;EQ 16 CONJUNTO I, SEM NUMERO AREA ESPECIAL. ARAPOANGA PLANALTINA. 73368-680 Brasília - DF.
53002814;EC 01 DO GAMA;-16.01755910;-48.05480260;fundamental_i;estadual;ativa;geral;nao;QUADRA EQ 18/19, PRACA 02 AREA ESPECIAL. SETOR LESTE GAMA. 72460-185 Brasília - DF.
53008561;EC 01 DO GUARA;-15.81437354;-47.97478521;fundamental_i;estadual;ativa;geral;nao;QUADRA QE 3, AE GUARA I. 71020-003 Brasília - DF.
53006747;EC 01 DO PARANOA;-15.76470200;-47.77851300;infantil|fundamental_i;estadual;ativa;geral;nao;QUADRA 26 AREA ESPECIAL S/N, 01 CONJ. G. PARANOA. 71572-608 Brasília - DF.
53068190;EC 01 DO PORTO RICO;-16.03502360;-48.01754640;fundamental_i;estadual;ativa;geral;nao;CONDOMINIO PORTO RICO, 14C QUADRA 17 3ª ETAPA. SANTA MARIA. 72504-003 Brasília - DF.
53013557;EC 01 DO RIACHO FUNDO II;-15.91517140;-48.04633530;fundamental_i;estadual;ativa;geral;nao;QUADRA QC 4 CONJUNTO 18, LOTE 02 RIACHO FUNDO II. 71882-168 Brasília - DF.
53014545;EC 01 INCRA 08;-15.74057000;-48.17033000;infantil|fundamental_i;estadual;ativa;geral;nao;QUADRA 18, AE Nº 01 INCRA 8 BRAZLANDIA. 72760-180 Brasília - DF.
53009525;EC 01 SHI-SUL;-15.84762330;-47.89310390;fundamental_i|fundamental_ii;estadual;ativa;geral;nao;QUADRA SHIS QI 5, S/N AREA ESPECIAL. SETOR DE HABITACOES INDIVIDUAIS SUL. 71600-500 Brasília - DF.
53009339;EC 02 DA CANDANGOLANDIA;-15.85207910;-47.95165360;fundamental_i;estadual;ativa;geral;nao;QUADRA EQR 2/4, AREA ESPECIAL. CANDANGOLANDIA. 71725-250 Brasília - DF.
53068165;EC 02 DA ESTRUTURAL;-15.78251900;-47.99867160;infantil|fundamental_i;estadual;ativa;geral;nao;AREA ESPECIAL AREA ESPECIAL 21, SETOR CENTRAL VILA ESTRUTURAL - GUARA. 71255-060 Brasília - DF.
53007654;EC 02 DE CEILANDIA;-15.82314407;-48.09589458;infantil|fundamental_i;estadual;ativa;geral;nao;QUADRA EQNM 19/21, AREA ESPECIAL. CEILANDIA SUL CEILANDIA. 72215-570 Brasília - DF.
53068017;EC 02 DE VICENTE PIRES;-15.80058660;-48.04877810;fundamental_i;estadual;ativa;geral;nao;RUA 11, AE 01. VILA SAO JOSE VICENTE PIRES. 72004-005 Brasília - DF.
53002822;EC 02 DO GAMA;-16.00520930;-48.07191420;infantil|fundamental_i;estadual;ativa;geral;nao;QUADRA EQ 2/4, AREA ESPECIAL. SETOR OESTE GAMA. 72425-025 Brasília - DF.
53008570;EC 02 DO GUARA;-15.81437333;-47.98377833;fundamental_i;estadual;ativa;geral;nao;QUADRA QE 2, AREA ESPECIAL A. GUARA I. 71010-003 Brasília - DF.
53068203;EC 02 DO ITAPOA;-15.73982840;-47.76329070;fundamental_i;estadual;ativa;geral;nao;AREA ITAPOA QUADRA 378 CONJUNTO L AREA ESPECIAL, 03 QUADRA 378 AREA ESP.. ITAPOA I. 71590-000 Brasília - DF.
53006755;EC 02 DO PARANOA;-15.76378860;-47.77818730;infantil|fundamental_i|fundamental_ii;estadual;ativa;geral;nao;QUADRA 30 CONJUNTO E, 17 LOTE 17. PARANOA. 71573-025 Brasília - DF.
53012089;EC 02 DO RIACHO FUNDO;-15.88172030;-48.01576250;fundamental_i;estadual;ativa;geral;nao;QUADRA QN 5, 07 AREA ESPECIAL. RIACHO FUNDO I. 71805-400 Brasília - DF.
53014863;EC 02 DO RIACHO FUNDO II;-15.89657180;-48.04959670;fundamental_i;estadual;ativa;geral;nao;QUADRA QN 14D, AREA ESPECIAL LOTE A. RIACHO FUNDO II. 71881-140 Brasília - DF.
53005082;EC 03 DE BRAZLANDIA;-15.67717650;-48.19292770;fundamental_i;estadual;ativa;geral;nao;QUADRA EQ 6/8, A LOTE A AREA ESPECIAL. SETOR NORTE BRAZLANDIA. 72710-067 Brasília - DF.
53007662;EC 03 DE CEILANDIA;-15.81209550;-48.10158628;infantil|fundamental_i;estadual;ativa;geral;nao;QUADRA QNM 18/20, AREA ESPECIAL. CEILANDIA NORTE CEILANDIA. 72210-180 Brasília - DF.
53006194;EC 03 DE PLANALTINA;-15.61503090;-47.64620720;fundamental_i;estadual;ativa;geral;nao;QUADRA EQ 1/2, SN PROJECAO G. SETOR RESIDENCIAL LESTE PLANALTINA. 73350-150 Brasília - DF.
53002830;EC 03 DO GAMA;-16.01438998;-48.05100697;infantil|fundamental_i;estadual;ativa;geral;nao;QUADRA EQ 10/15, AREA ESPECIAL. SETOR LESTE GAMA. 72450-107 Brasília - DF.
53008588;EC 03 DO GUARA;-15.81945360;-47.97948680;infantil|fundamental_i;estadual;ativa;geral;nao;QUADRA QE 7 LOTE J AREA ESPECIAL Q, GUARA I. 71020-007 Brasília - DF.
53007123;EC 03 DO NUCLEO BANDEIRANTE;-15.87453850;-47.97367430;fundamental_i;estadual;ativa;geral;nao;AVENIDA TERCEIRA AVENIDA AREA ESPECIAL 6, LOTES H/N. NUCLEO BANDEIRANTE. 71720-588 Brasília - DF.
53006763;EC 03 DO PARANOA;-15.77312330;-47.78088080;fundamental_i;estadual;ativa;geral;nao;QUADRA 17 CONJUNTO C, 08 LOTE 08. PARANOA. 71571-703 Brasília - DF.
53006208;EC 04 DE PLANALTINA;-15.62103500;-47.64652600;fundamental_i;estadual;ativa;geral;nao;QUADRA EQ 3/4, 00 PROJECAO G. SETOR RESIDENCIAL LESTE PLANALTINA. 73350-350 Brasília - DF.
53013832;EC 04 DE SOBRADINHO;-15.64579767;-47.77756262;fundamental_i;estadual;ativa;geral;nao;QUADRA 15, AE 02 AE 02. SOBRADINHO. 73045-150 Brasília - DF.
53008820;EC 04 DO CRUZEIRO;-15.79597060;-47.94151570;fundamental_i;estadual;ativa;geral;nao;QUADRA SHCES QUADRA 407 BLOCO I, AREA ESPECIAL. CRUZEIRO NOVO. 70650-479 Brasília - DF.
53007131;EC 04 DO NUCLEO BANDEIRANTE;-15.86762040;-47.96544870;fundamental_i;estadual;ativa;geral;nao;SEGUNDA AVENIDA ENTRE BLOCO 440/540, NUCLEO BANDEIRANTE. 71715-058 Brasília - DF.
53006771;EC 04 DO PARANOA;-15.77311820;-47.77625340;infantil|fundamental_i|fundamental_ii;estadual;ativa;geral;nao;QUADRA QUADRA 14, 01 CONJUNTO F. PARANOA. 71571-400 Brasília - DF.
53005104;EC 05 DE BRAZLANDIA;-15.68758600;-48.19147020;infantil|fundamental_i;estadual;ativa;geral;nao;AREA ESPECIAL, 01 SETOR SUL. BRAZLANDIA. 72715-610 Brasília - DF.
53006216;EC 05 DE PLANALTINA;-15.63146653;-47.65437177;infantil|fundamental_i;estadual;ativa;geral;nao;AVENIDA DO CONTORNO, S/N QUADRA 17. VILA VICENTINA PLANALTINA. 73320-020 Brasília - DF.
53005635;EC 05 DE SOBRADINHO;-15.64016810;-47.80203390;fundamental_i;estadual;ativa;geral;nao;QUADRA 9 AREA ESPECIAL, 05 SOBRADINHO. 73035-090 Brasília - DF.
53008839;EC 05 DO CRUZEIRO;-15.79852990;-47.94355260;fundamental_i;estadual;ativa;geral;nao;QUADRA SHCES QUADRA 203, AREA ESPECIAL. CRUZEIRO NOVO. 70650-230 Brasília - DF.
53008596;EC 05 DO GUARA;-15.82297456;-47.98178011;fundamental_i;estadual;ativa;geral;nao;QUADRA QE 20 AREA ESPECIAL K, GUARA I. 71015-117 Brasília - DF.
53007140;EC 05 DO NUCLEO BANDEIRANTE;-15.87285010;-47.97620440;fundamental_i;estadual;ativa;geral;nao;AVENIDA SEGUNDA AVENIDA ENTRE BLOCO 1400/1500, S/N NUCLEO BANDEIRANTE. 71715-062 Brasília - DF.
53006780;EC 05 DO PARANOA;-15.76667490;-47.77648180;infantil|fundamental_i;estadual;ativa;geral;nao;QUADRA QUADRA 24, CONJ I AREA ESPECIAL. PARANOA. 71572-400 Brasília - DF.
53005112;EC 06 DE BRAZLANDIA;-15.66514730;-48.20083500;fundamental_i;estadual;ativa;geral;nao;QUADRA QUADRA 38, Nº01 AREA ESPECIAL 01. VILA SAO JOSE BRAZLANDIA. 72738-000 Brasília - DF.
53007670;EC 06 DE CEILANDIA;-15.81083330;-48.11059480;infantil|fundamental_i;estadual;ativa;geral;nao;QUADRA EQNM 4/6, 4/6 CEILANDIA. CEILANDIA NORTE CEILANDIA. 72210-520 Brasília - DF.
53006224;EC 06 DE PLANALTINA;-15.62743840;-47.64682120;infantil|fundamental_i;estadual;ativa;geral;nao;ENTREQUADRA 05/06 EP 02 PROJECAO G, SETOR RESIDENCIAL LESTE PLANALTINA. 73360-500 Brasília - DF.
53004035;EC 06 DE TAGUATINGA;-15.81988480;-48.06229720;fundamental_i;estadual;ativa;geral;nao;QUADRA CNB 12, 12 AREA ESPECIAL 01. TAGUATINGA NORTE TAGUATINGA. 72115-125 Brasília - DF.
53008847;EC 06 DO CRUZEIRO;-15.79443930;-47.93766930;fundamental_i;estadual;ativa;geral;nao;SHCES QUADRA 807, 00 AREA ESPECIAL. CRUZEIRO NOVO. 70655-870 Brasília - DF.
53002857;EC 06 DO GAMA;-16.01179460;-48.07327390;fundamental_i;estadual;ativa;geral;nao;EQ 09/19, AREA ESPECIAL. SETOR OESTE GAMA. 72425-150 Brasília - DF.
53008600;EC 06 DO GUARA;-15.82994770;-47.98474020;infantil|fundamental_i;estadual;ativa;geral;nao;QUADRA EQ 24/26, A/E A. GUARA II. 71060-245 Brasília - DF.
53017005;EC 06 DO PARANOA;-15.75774300;-47.78322870;infantil|fundamental_i;estadual;ativa;geral;nao;QD 33 MOD G AE, SN PARANOA. 71573-303 Brasília - DF.
53005120;EC 07 DE BRAZLANDIA;-15.66489530;-48.20228210;fundamental_i;estadual;ativa;geral;nao;QUADRA 38, 02 AREA ESPECIAL 02. VILA SAO JOSE BRAZLANDIA. 72738-000 Brasília - DF.
53006232;EC 07 DE PLANALTINA;-15.64180200;-47.66367450;infantil|fundamental_i;estadual;ativa;geral;nao;QUADRA 45, 39014451 AREA ESPECIAL. NOSSA SENHORA DE FATIMA PLANALTINA. 73365-049 Brasília - DF.
53002865;EC 07 DO GAMA;-16.02412100;-48.08456400;fundamental_i;estadual;ativa;geral;nao;QUADRA 12, SEM NUMERO AREA ESPECIAL. SETOR SUL GAMA. 72415-600 Brasília - DF.
53008618;EC 07 DO GUARA;-15.84790644;-47.96983536;infantil|fundamental_i;estadual;ativa;geral;nao;QE 38 AE D, GUARA II. 71070-380 Brasília - DF.
53005139;EC 08 DE BRAZLANDIA;-15.67047340;-48.20215660;fundamental_i;estadual;ativa;geral;nao;QUADRA QUADRA 4PIQ 04 AREA ESPECIAL, 01 SETOR VEREDAS. VEREDAS BRAZLANDIA. 72725-400 Brasília - DF.
53007697;EC 08 DE CEILANDIA;-15.80809100;-48.11735430;infantil|fundamental_i;estadual;ativa;geral;nao;QUADRA EQNN 5/7, AREA ESPECIAL. CEILANDIA NORTE CEILANDIA. 72225-540 Brasília - DF.
53004043;EC 08 DE TAGUATINGA;-15.80158000;-48.06535830;fundamental_i;estadual;ativa;geral;nao;QUADRA QNG 12, AE 14 TAGUATINGA NORTE TAGUATINGA. 72130-120 Brasília - DF.
53008855;EC 08 DO CRUZEIRO;-15.80390990;-47.94543560;fundamental_i;estadual;ativa;geral;nao;QUADRA AOS 6/8 LOTE 03 AREA ESPECIAL, AREA OCTOGONAL. 70660-060 Brasília - DF.
53008421;EC 08 DO GUARA;-15.83929406;-47.98100978;infantil|fundamental_i;estadual;ativa;geral;nao;QUADRA EQ 28/30, SN LOTE A AREA ESPECIAL. GUARA II. 71065-285 Brasília - DF.
53068025;EC 09 DE BRAZLANDIA;-15.65846700;-48.19017940;infantil|fundamental_i;estadual;ativa;geral;nao;QUADRA QUADRA 45 / 55, VILA SAO JOSE BRAZLANDIA. 72745-000 Brasília - DF.
53006259;EC 09 DE PLANALTINA;-15.61050750;-47.64502610;infantil|fundamental_i;estadual;ativa;geral;nao;VIA WL1 AREA ESPECIAL 1 CONJUNTO C, 01 SETOR RESIDENCIAL NORTE PLANALTINA. 73350-163 Brasília - DF.
53002873;EC 09 DO GAMA;-16.03050970;-48.06568760;fundamental_i;estadual;ativa;geral;nao;QUADRA 3 AREA ESPECIAL EC 09, SETOR SUL GAMA. 72410-225 Brasília - DF.
53007700;EC 10 DE CEILANDIA;-15.81554160;-48.10768029;infantil|fundamental_i;estadual;ativa;geral;nao;QUADRA EQNM 2/4, S/N CEILANDIA NORTE CEILANDIA. 72210-510 Brasília - DF.
53006267;EC 10 DE PLANALTINA;-15.60271922;-47.65353712;fundamental_i;estadual;ativa;geral;nao;QUADRA 1, S/N AREA ESPECIAL. JARDIM RORIZ PLANALTINA. 73340-100 Brasília - DF.
53005651;EC 10 DE SOBRADINHO;-15.65889770;-47.79695580;fundamental_i;estadual;ativa;geral;nao;QUADRA 2 CONJUNTO B/C, LOTE F. SOBRADINHO. 73015-280 Brasília - DF.
53004051;EC 10 DE TAGUATINGA;-15.85021454;-48.04757536;fundamental_i;estadual;ativa;geral;nao;QUADRA QSD 18, AREA ESPECIAL 23. TAGUATINGA SUL TAGUATINGA. 72020-180 Brasília - DF.
53002881;EC 10 DO GAMA;-16.00804991;-48.07882743;fundamental_i;estadual;ativa;geral;nao;QUADRA EQ 10/21, 10/21 AREA ESPECIAL. SETOR OESTE GAMA. 72425-107 Brasília - DF.
53014235;EC 100 DE SANTA MARIA;-16.04245610;-48.03836350;infantil|fundamental_i;estadual;ativa;geral;nao;QUADRA QR 100 CONJUNTO T-1, AREA ESPECIAL. SANTA MARIA. 72500-429 Brasília - DF.
53009401;EC 102 DO RECANTO DAS EMAS;-15.90194270;-48.06153460;fundamental_i;estadual;ativa;geral;nao;QUADRA QUADRA 102 CONJUNTO 3 -A, LOTE 01 LOTE 01. RECANTO DAS EMAS. 72600-203 Brasília - DF.
53001451;EC 102 SUL;-15.80296290;-47.89056110;fundamental_i;estadual;ativa;geral;nao;QUADRA SQS 102, AREA ESPECIAL. ASA SUL. 70330-000 Brasília - DF.
53013484;EC 104 DE SAO SEBASTIAO;-15.89595450;-47.78249410;fundamental_i;estadual;ativa;geral;nao;QUADRA 104, 01 CONJUNTO 01. SETOR RESIDENCIAL OESTE SAO SEBASTIAO. 71692-300 Brasília - DF.
53001478;EC 106 NORTE;-15.76918030;-47.88402420;fundamental_i;estadual;ativa;geral;nao;QUADRA SQN 106, S/N AREA ESPECIAL. ASA NORTE. 70742-000 Brasília - DF.
53009053;EC 108 DE SAMAMBAIA;-15.87263180;-48.07503670;infantil|fundamental_i;estadual;ativa;geral;nao;QUADRA QS 110, 01 AREA ESPECIAL 01. SAMAMBAIA SUL SAMAMBAIA. 72302-530 Brasília - DF.
53001486;EC 108 SUL;-15.81711174;-47.90328952;fundamental_i;estadual;ativa;geral;nao;SQS 108, AREA ESPECIAL. ASA SUL. 70347-000 Brasília - DF.
53007719;EC 11 DE CEILANDIA;-15.80586113;-48.11301884;infantil|fundamental_i;estadual;ativa;geral;nao;QUADRA EQNM 6/8, AREA ESPECIAL. CEILANDIA NORTE. 72210-530 Brasília - DF.
53005660;EC 11 DE SOBRADINHO;-15.64540820;-47.78849500;fundamental_i;estadual;ativa;geral;nao;QUADRA QUADRA 11 AE, 01 AE. SOBRADINHO. 73040-110 Brasília - DF.
53004060;EC 11 DE TAGUATINGA;-15.85661213;-48.04402501;fundamental_i;estadual;ativa;geral;nao;QSE 12/14, AREA ESPECIAL. TAGUATINGA SUL TAGUATINGA. 72025-120 Brasília - DF.
53009061;EC 111 DE SAMAMBAIA;-15.88571902;-48.10547920;fundamental_i;estadual;ativa;geral;nao;QUADRA QS 111 CONJUNTO, 10 AREA ESPECIAL. SAMAMBAIA SUL SAMAMBAIA. 72301-545 Brasília - DF.
53001494;EC 111 SUL;-15.82317710;-47.91207840;fundamental_i;estadual;ativa;geral;nao;QUADRA SQS 111, SN ASA SUL. 70374-000 Brasília - DF.
53001508;EC 113 NORTE;-15.74735840;-47.89060430;fundamental_i;estadual;ativa;geral;nao;QUADRA SQN 113, S/N AREA ESPECIAL. ASA NORTE. 70763-000 Brasília - DF.
53001516;EC 114 SUL;-15.82793520;-47.91967280;fundamental_i;estadual;ativa;geral;nao;SQS 114, S/N AREA ESPECIAL S/N. ASA SUL. 70377-000 Brasília - DF.
53001524;EC 115 NORTE;-15.74109820;-47.89279600;fundamental_i;estadual;ativa;geral;nao;QUADRA SQN 115, AREA ESPECIAL. ASA NORTE. 70772-000 Brasília - DF.
53009681;EC 116 DE SANTA MARIA;-16.00260370;-47.99431620;fundamental_i;estadual;ativa;geral;nao;QUADRA QR 116 CONJUNTO M, LOTE 01. SANTA MARIA. 72546-413 Brasília - DF.
53007727;EC 12 DE CEILANDIA;-15.80755350;-48.10532080;infantil|fundamental_i;estadual;ativa;geral;nao;QUADRA EQNM 20/22, AREA ESPECIAL. CEILANDIA NORTE CEILANDIA. 72210-560 Brasília - DF.
53005678;EC 12 DE SOBRADINHO;-15.65891960;-47.80888980;fundamental_i;estadual;ativa;geral;nao;SETOR DE INDUSTRIAS, AREA ESPECIAL. SOBRADINHO. 73020-000 Brasília - DF.
53004078;EC 12 DE TAGUATINGA;-15.80600660;-48.07965820;fundamental_i;estadual;ativa;geral;nao;SETOR QNH 7 AREA ESPECIAL, S/N TAGUATINGA NORTE. 72130-570 Brasília - DF.
53002890;EC 12 DO GAMA;-16.01033700;-48.06537260;fundamental_i;estadual;ativa;geral;nao;QUADRA 1 AREA ESPECIAL, 1 SETOR NORTE GAMA. 72430-100 Brasília - DF.
53009088;EC 121 DE SAMAMBAIA;-15.89262930;-48.12046560;infantil|fundamental_i;estadual;ativa;geral;nao;QUADRA QR 121 CONJUNTO 1, 01 AREA ESPECIAL NUMERO. SAMAMBAIA SUL SAMAMBAIA. 72301-801 Brasília - DF.
53007735;EC 13 DE CEILANDIA;-15.79835350;-48.11175140;infantil|fundamental_i;estadual;ativa;geral;nao;QUADRA QNM 24/26 AE, S/N AREA ESPECIAL. CEILANDIA NORTE CEILANDIA. 72210-254 Brasília - DF.
53006291;EC 13 DE PLANALTINA;-15.60368890;-47.64228170;fundamental_i;estadual;ativa;geral;nao;QUADRA 7, AE 01. JARDIM RORIZ PLANALTINA. 73340-700 Brasília - DF.
53005686;EC 13 DE SOBRADINHO;-15.65378460;-47.86338650;fundamental_i;estadual;ativa;geral;nao;QUADRA AR 5, 01 AREA ESPECIAL 01. SETOR OESTE SOBRADINHO II. 73060-500 Brasília - DF.
53004086;EC 13 DE TAGUATINGA;-15.86415740;-48.03724360;fundamental_i;estadual;ativa;geral;nao;QUADRA QSF 5 A/E, 02 A/E 2. TAGUATINGA SUL TAGUATINGA. 72025-550 Brasília - DF.
53006305;EC 14 DE PLANALTINA;-15.61365500;-47.63229000;infantil|fundamental_i;estadual;ativa;geral;nao;QUADRA 13 CONJUNTO A, LOTE 01 BURITIS III. SETOR RESIDENCIAL LESTE PLANALTINA. 73355-300 Brasília - DF.
53013514;EC 14 DE SOBRADINHO;-15.64388376;-47.81643143;infantil;estadual;ativa;geral;nao;AR 19 CONJUNTO 7, LOTE Nº, 01 SETOR OESTE. SOBRADINHO II. 73063-007 Brasília - DF.
53002911;EC 14 DO GAMA;-16.02695220;-48.05536770;fundamental_i;estadual;ativa;geral;nao;QUADRA EQ 29/33 PC 03, 0 AREA ESECIAL S/N. SETOR LESTE GAMA. 72460-295 Brasília - DF.
53007743;EC 15 DE CEILANDIA;-15.83752460;-48.10028606;fundamental_i;estadual;ativa;geral;nao;QUADRA EQNN 8/10, AREA ESPECIAL. CEILANDIA SUL CEILANDIA. 72220-540 Brasília - DF.
53068084;EC 15 DE PLANALTINA;-15.61861820;-47.68536200;fundamental_i;estadual;ativa;geral;nao;RODOVIA DF-128 KM 16.9, VIA DE LIGACAO BR 02. RESIDENCIAL NOVA PLANALTINA PLANALTINA. 73401-024 Brasília - DF.
53005384;EC 15 DE SOBRADINHO;-15.65231050;-47.80940720;fundamental_i;estadual;ativa;geral;nao;QUADRA QUADRA 3, S/N AREA ESPECIAL 1 E 2. SOBRADINHO. 73030-030 Brasília - DF.
53004094;EC 15 DE TAGUATINGA;-15.80595660;-48.05908880;fundamental_i;estadual;ativa;geral;nao;QUADRA QND 43, 23 LOTE 23. TAGUATINGA NORTE. 72120-430 Brasília - DF.
53002920;EC 15 DO GAMA;-16.00352640;-48.06098200;infantil|fundamental_i;estadual;ativa;geral;nao;QUADRA QUADRA 2 CONJUNTO E, SN AREA ESPECIAL. SETOR NORTE GAMA. 72430-205 Brasília - DF.
53007751;EC 16 DE CEILANDIA;-15.79073840;-48.12131070;infantil|fundamental_i;estadual;ativa;geral;nao;QUADRA EQNO 4/6, CEILANDIA NORTE CEILANDIA. 72250-540 Brasília - DF.
53047010;EC 16 DE PLANALTINA;-15.61984220;-47.68131840;fundamental_i;estadual;ativa;geral;nao;QUADRA 1 RUA A, AREA ESPECIAL ESCOLA. RESIDENCIAL NOVA PLANALTINA PLANALTINA. 73401-003 Brasília - DF.
53068050;EC 16 DE SOBRADINHO;-15.64910870;-47.75471800;infantil|fundamental_i;estadual;ativa;geral;nao;CONDOMINIO NOVO SETOR DE MANSOES, 01 AREA ESPECIAL Nº01. SOBRADINHO. 73017-012 Brasília - DF.
53004108;EC 16 DE TAGUATINGA;-15.79630180;-48.06022560;fundamental_i;estadual;ativa;geral;nao;EQNG 6/7 AREA ESPECIAL 15, TAGUATINGA NORTE TAGUATINGA. 72130-005 Brasília - DF.
53002938;EC 16 DO GAMA;-16.02049440;-48.08223520;fundamental_i;estadual;ativa;geral;nao;QUADRA QUADRA 6 AREA ESPECIAL EC 16, S/N ESCOLA CLASSE 16. SETOR SUL GAMA. 72415-320 Brasília - DF.
53007760;EC 17 DE CEILANDIA;-15.79718920;-48.12266550;infantil|fundamental_i;estadual;ativa;geral;nao;QUADRA EQNO 1/3, AREA ESPECIAL. CEILANDIA NORTE CEILANDIA. 72250-500 Brasília - DF.
53068041;EC 17 DE SOBRADINHO;-15.62341080;-47.84743750;infantil|fundamental_i;estadual;ativa;geral;nao;AVENIDA CENTRAL, 01 A E 01. VILA RABELO SOBRADINHO II. 73086-390 Brasília - DF.
53004116;EC 17 DE TAGUATINGA;-15.83470991;-48.05511439;fundamental_i;estadual;ativa;geral;nao;QUADRA QSA 3/5 AREA ESPECIAL 1, TAGUATINGA SUL TAGUATINGA. 72015-034 Brasília - DF.
53002946;EC 17 DO GAMA;-16.03128430;-48.07173820;fundamental_i;estadual;ativa;geral;nao;QUADRA QUADRA 7, AREA ESPECIAL. SETOR SUL GAMA. 72410-400 Brasília - DF.
53007778;EC 18 DE CEILANDIA;-15.82598260;-48.10232530;infantil|fundamental_i;estadual;ativa;geral;nao;QUADRA EQNM 3/5 BLOCO E, AREA ESPECIAL. CEILANDIA SUL CEILANDIA. 72215-535 Brasília - DF.
53004124;EC 18 DE TAGUATINGA;-15.81243420;-48.05952532;fundamental_i;estadual;ativa;geral;nao;QUADRA QND 12, AREA ESPECIAL. TAGUATINGA NORTE TAGUATINGA. 72120-120 Brasília - DF.
53002954;EC 18 DO GAMA;-16.03326340;-48.06154000;fundamental_i;estadual;ativa;geral;nao;QUADRA QUADRA 5 CONJUNTO D, S/N AREA ESPECIAL. SETOR SUL GAMA. 72410-304 Brasília - DF.
53007786;EC 19 DE CEILANDIA;-15.83569340;-48.09693900;infantil|fundamental_i;estadual;ativa;geral;nao;QUADRA EQNM 7/9, AREA ESPECIAL. CEILANDIA SUL CEILANDIA. 72215-550 Brasília - DF.
53004132;EC 19 DE TAGUATINGA;-15.82282361;-48.05663494;fundamental_i;estadual;ativa;geral;nao;QUADRA QNA 39, AREA ESPECIAL. TAGUATINGA NORTE TAGUATINGA. 72110-390 Brasília - DF.
53002962;EC 19 DO GAMA;-16.02533630;-48.05084120;fundamental_i;estadual;ativa;geral;nao;QUADRA EQ 30/49, AE 01 SETOR LESTE GAMA. 72460-306 Brasília - DF.
53007794;EC 20 DE CEILANDIA;-15.82315340;-48.10922670;infantil|fundamental_i;estadual;ativa;geral;nao;QUADRA EQNN 2/4 AREA ESPECIAL, GUARIROBA. CEILANDIA SUL CEILANDIA. 72220-510 Brasília - DF.
53009703;EC 203 DE SANTA MARIA;-16.03731420;-48.03316720;fundamental_i;estadual;ativa;geral;nao;QUADRA CL 203 LOTE 01, 01 SANTA MARIA SUL. SANTA MARIA. 72503-220 Brasília - DF.
53016793;EC 203 DO RECANTO DAS EMAS;-15.90459080;-48.06500680;fundamental_i;estadual;ativa;geral;nao;AVENIDA RECANTO QUADRA 203 LOTE, 32 AREA ESPECIAL. RECANTO DAS EMAS. 72610-321 Brasília - DF.
53001532;EC 204 SUL;-15.81153740;-47.89176560;fundamental_i;estadual;ativa;geral;nao;QUADRA SQS 204, AREA ESPECIAL S/Nº. ASA SUL. 70234-000 Brasília - DF.
53009673;EC 206 DE SANTA MARIA;-16.02629660;-48.03030060;fundamental_i;estadual;ativa;geral;nao;QUADRA CL 206, LOTE C AREA ESPECIAL. SANTA MARIA. 72506-220 Brasília - DF.
53001540;EC 206 SUL;-15.81632910;-47.89659180;fundamental_i;estadual;ativa;geral;nao;QUADRA SQS 206, 0 SEM NUMERO. ASA SUL. 70252-000 Brasília - DF.
53001559;EC 209 SUL;-15.82157850;-47.90305360;fundamental_i;estadual;ativa;geral;nao;QUADRA SQS 209 AREA ESPECIAL, ESCOLA. ASA SUL. 70272-000 Brasília - DF.
53007808;EC 21 DE CEILANDIA;-15.82761870;-48.10565630;infantil|fundamental_i;estadual;ativa;geral;nao;QUADRA EQNN 4/6, AREA ESPECIAL. CEILANDIA SUL CEILANDIA. 72220-520 Brasília - DF.
53002989;EC 21 DO GAMA;-15.99935720;-48.05549770;infantil|fundamental_i;estadual;ativa;geral;nao;QUADRA EQ 44/45, AREA ESPECIAL. SETOR LESTE GAMA. 72465-445 Brasília - DF.
53013565;EC 215 DE SANTA MARIA;-16.00659980;-47.99932700;fundamental_i;estadual;ativa;geral;nao;QUADRA CL 215 BLOCO A, 000 TERREO. SANTA MARIA. 72545-221 Brasília - DF.
53011511;EC 218 DE SANTA MARIA;-16.00726860;-47.98762830;infantil|fundamental_i;estadual;ativa;geral;nao;EQ 28/318 AREA ESPECIAL J, 218/318 SANTA MARIA. SANTA MARIA. 72548-226 Brasília - DF.
53007816;EC 22 DE CEILANDIA;-15.83291350;-48.10385610;infantil|fundamental_i;estadual;ativa;geral;nao;QUADRA EQNN 6/8, CEILANDIA SUL CEILANDIA. 72220-530 Brasília - DF.
53002997;EC 22 DO GAMA;-16.02234510;-48.06795000;fundamental_i;estadual;ativa;geral;nao;QUADRA EQ 33/39 AREA ESPECIAL EC 22, AREA ESPECIAL. SETOR CENTRAL GAMA. 72405-476 Brasília - DF.
53007824;EC 24 DE CEILANDIA;-15.83148833;-48.11198000;infantil|fundamental_i;estadual;ativa;geral;nao;QUADRA EQNN 20/22, S/N ENTREQUADRA. CEILANDIA SUL CEILANDIA. 72220-560 Brasília - DF.
53007832;EC 25 DE CEILANDIA;-15.83544460;-48.10779460;infantil|fundamental_i;estadual;ativa;geral;nao;EQNN 22/24 - AREA ESPECIAL, GUARIROBA. 72220-570 Brasília - DF.
53007840;EC 26 DE CEILANDIA;-15.81272000;-48.11422000;infantil|fundamental_i;estadual;ativa;geral;nao;QUADRA EQNN 3/5, 000 AREA ESPECIAL. CEILANDIA NORTE. 72225-531 Brasília - DF.
53007859;EC 27 DE CEILANDIA;-15.80302390;-48.11999170;infantil|fundamental_i|fundamental_ii;estadual;ativa;geral;nao;QUADRA EQNN 7/9, AREA ESPECIAL. CEILANDIA NORTE CEILANDIA. 72225-550 Brasília - DF.
53004175;EC 27 DE TAGUATINGA;-15.81341090;-48.06838320;infantil|fundamental_i;estadual;ativa;geral;nao;QUADRA QNF 19, CNF 01 AREA ESPECIAL. TAGUATINGA NORTE. 72125-690 Brasília - DF.
53007867;EC 28 DE CEILANDIA;-15.82055750;-48.11818740;infantil|fundamental_i;estadual;ativa;geral;nao;QUADRA EQNN 17/19, A.E.. CEILANDIA NORTE CEILANDIA. 72225-560 Brasília - DF.
53003020;EC 28 GAMA;-16.00720422;-48.08309899;infantil|fundamental_i;estadual;ativa;geral;nao;QUADRA QUADRA A, LOTE B AREA ESPECIAL. SETOR OESTE GAMA. 72420-410 Brasília - DF.
53007875;EC 29 DE CEILANDIA;-15.81559000;-48.12074000;infantil|fundamental_i;estadual;ativa;geral;nao;EQNN 19/21, AREA ESPECIAL. CEILANDIA NORTE CEILANDIA. 72225-570 Brasília - DF.
53004191;EC 29 DE TAGUATINGA;-15.81479230;-48.08585040;fundamental_i;estadual;ativa;geral;nao;QUADRA QNJ 18, AREA ESPECIAL 10. TAGUATINGA NORTE TAGUATINGA. 72140-180 Brasília - DF.
53002520;EC 29 DO GAMA;-16.04039050;-48.05886240;infantil|fundamental_i;estadual;ativa;geral;nao;AREA EQ 13/15, SN SETOR SUL GAMA. 72410-730 Brasília - DF.
53001575;EC 302 NORTE;-15.78208830;-47.88563340;fundamental_i;estadual;ativa;geral;nao;QUADRA SQN 302, AREA ESPEC A/E. ASA NORTE. 70723-000 Brasília - DF.
53009096;EC 303 DE SAMAMBAIA;-15.88226890;-48.09426470;fundamental_i;estadual;ativa;geral;nao;QUADRA QN 303, CONJ. 12 LOTE 01. SAMAMBAIA SUL SAMAMBAIA. 72305-000 Brasília - DF.
53014286;EC 303 DE SAO SEBASTIAO;-15.90337070;-47.78202760;fundamental_i;estadual;ativa;geral;nao;QUADRA 303 CONJUNTO 1, 34 SETOR RESIDENCIAL OESTE SAO SEBASTIAO. 71692-805 Brasília - DF.
53001583;EC 304 NORTE;-15.77627940;-47.88625910;fundamental_i;estadual;ativa;geral;nao;SQN 304, AREA ESPECIAL. ASA NORTE. 70736-000 Brasília - DF.
53001591;EC 304 SUL;-15.80561320;-47.89631810;fundamental_i|fundamental_ii;estadual;ativa;geral;nao;QUADRA SQS 304, AREA ESPECIAL. ASA SUL. 70337-000 Brasília - DF.
53001605;EC 305 SUL;-15.80777933;-47.89852923;fundamental_i;estadual;ativa;geral;nao;QUADRA SQS 305, 00 AREA ESPECIAL S/N. ASA SUL. 70352-000 Brasília - DF.
53001621;EC 308 SUL;-15.81361660;-47.90532770;fundamental_i;estadual;ativa;geral;nao;QUADRA EQS 307/308, AREA ESPECIAL. ASA SUL. 70354-400 Brasília - DF.
53008332;EC 31 DE CEILANDIA;-15.79905360;-48.12804080;infantil|fundamental_i;estadual;ativa;geral;nao;QUADRA EQNO 9/11, CEILANDIA NORTE. 72252-500 Brasília - DF.
53001630;EC 312 NORTE;-15.75235730;-47.89287580;fundamental_i;estadual;ativa;geral;nao;QUADRA SQN 312, AREA ESPECIAL. ASA NORTE. 70765-000 Brasília - DF.
53001648;EC 314 SUL;-15.82715900;-47.92189780;fundamental_i;estadual;ativa;geral;nao;QUADRA SQS 314, S/N AREA ESPECIAL. ASA SUL. 70383-000 Brasília - DF.
53001672;EC 316 SUL;-15.83040450;-47.92714760;fundamental_i;estadual;ativa;geral;nao;QUADRA SQS 316, AREA ESPECIAL. ASA SUL. 70387-000 Brasília - DF.
53009118;EC 317 DE SAMAMBAIA;-15.89108580;-48.11096130;infantil|fundamental_i;estadual;ativa;geral;nao;QUADRA QR 317, LOTE 11 AREA ESPECIAL 03. SAMAMBAIA SUL SAMAMBAIA. 72307-800 Brasília - DF.
53009126;EC 318 DE SAMAMBAIA;-15.87553840;-48.06298510;infantil|fundamental_i;estadual;ativa;geral;nao;QS 318 CONJUNTO 04, 01 LOTE 01. SAMAMBAIA SUL SAMAMBAIA. 72308-704 Brasília - DF.
53009134;EC 325 DE SAMAMBAIA;-15.89719190;-48.12302860;infantil|fundamental_i;estadual;ativa;geral;nao;QUADRA QN 325, N 1 AREA ESPECIAL. SAMAMBAIA SUL SAMAMBAIA. 72309-700 Brasília - DF.
53007891;EC 33 DE CEILANDIA;-15.78844381;-48.13132207;infantil|fundamental_i;estadual;ativa;geral;nao;QUADRA EQNO 13/15, CEILANDIA NORTE CEILANDIA. 72255-520 Brasília - DF.
53007905;EC 34 DE CEILANDIA;-15.80721830;-48.13081840;infantil|fundamental_i;estadual;ativa;geral;nao;QUADRA EQNP 13/17, AREA ESPECIAL. CEILANDIA NORTE CEILANDIA. 72241-540 Brasília - DF.
53008340;EC 35 DE CEILANDIA;-15.81260780;-48.12894590;infantil|fundamental_i;estadual;ativa;geral;nao;QUADRA EQNP 9/13, EC35 AREA ESPECIAL S/N. CEILANDIA NORTE CEILANDIA. 72240-560 Brasília - DF.
53007913;EC 36 DE CEILANDIA;-15.83847580;-48.09642990;infantil|fundamental_i;estadual;ativa;geral;nao;QUADRA EQNP 5/9, CEILANDIA NORTE CEILANDIA. 72240-520 Brasília - DF.
53007930;EC 38 DE CEILANDIA;-15.80879030;-48.13514860;infantil|fundamental_i;estadual;ativa;geral;nao;QUADRA EQNP 15/19 - AREA ESPECIAL, SETOR P NORTE. CEILANDIA NORTE. 72241-560 Brasília - DF.
53007948;EC 39 DE CEILANDIA;-15.81410740;-48.13319600;infantil|fundamental_i;estadual;ativa;geral;nao;QUADRA EQNP 11/15, AREA ESPECIAL. CEILANDIA NORTE CEILANDIA. 72241-520 Brasília - DF.
53004213;EC 39 DE TAGUATINGA;-15.82425160;-48.06733280;infantil|fundamental_i;estadual;ativa;geral;nao;QUADRA QNC 15, 15 AREA ESPECIAL 15/17. TAGUATINGA NORTE TAGUATINGA. 72115-650 Brasília - DF.
53007956;EC 40 DE CEILANDIA;-15.81879950;-48.13084870;infantil|fundamental_i;estadual;ativa;geral;nao;QUADRA EQNP 7/11, S/N SETOR P NORTE. CEILANDIA NORTE CEILANDIA. 72240-540 Brasília - DF.
53012887;EC 401 DO RECANTO DAS EMAS;-15.90911420;-48.05622290;fundamental_i|fundamental_ii;estadual;ativa;geral;nao;QUADRA 401 CONJUNTO 8, LOTE 01 AE. RECANTO DAS EMAS. 72630-108 Brasília - DF.
53009142;EC 403 DE SAMAMBAIA;-15.87354630;-48.09759570;infantil|fundamental_i;estadual;ativa;geral;nao;QUADRA QS 405, S/N SAMAMBAIA NORTE SAMAMBAIA. 72319-570 Brasília - DF.
53001680;EC 403 NORTE;-15.77743940;-47.87627520;fundamental_i;estadual;ativa;geral;nao;QUADRA SQN 403, S/N AREA ESPECIAL. ASA NORTE. 70835-000 Brasília - DF.
53014600;EC 404 DO RECANTO DAS EMAS;-15.91254450;-48.06138710;fundamental_i;estadual;ativa;geral;nao;QUADRA 404 CONJUNTO 9 LOTE, 01 BRASILIA. RECANTO DAS EMAS. 72630-409 Brasília - DF.
53001699;EC 405 NORTE;-15.77073160;-47.87696030;fundamental_i;estadual;ativa;geral;nao;QUADRA SQN 405, AREA ESPECIAL. ASA NORTE. 70846-000 Brasília - DF.
53001710;EC 407 NORTE;-15.76233238;-47.87846782;fundamental_i;estadual;ativa;geral;nao;SQN 407/408, A. ESP. AREA ESPECIAL. ASA NORTE. 70855-000 Brasília - DF.
53004230;EC 41 DE TAGUATINGA;-15.82449839;-48.08747280;infantil|fundamental_i;estadual;ativa;geral;nao;EQNL 13/15, AREA ESPECIAL. TAGUATINGA NORTE TAGUATINGA. 72151-510 Brasília - DF.
53009169;EC 410 DE SAMAMBAIA;-15.85886030;-48.07994550;fundamental_i;estadual;ativa;geral;nao;QUADRA QN 410 AREA ESPECIAL 1, EC 410. SAMAMBAIA NORTE SAMAMBAIA. 72320-513 Brasília - DF.
53001737;EC 410 SUL;-15.82680200;-47.90506710;fundamental_i;estadual;ativa;geral;nao;QUADRA SQS 410, AREA ESPECIAL. ASA SUL. 70276-000 Brasília - DF.
53001745;EC 411 NORTE;-15.75282690;-47.88215890;fundamental_i;estadual;ativa;geral;nao;QUADRA SQN 411 AREA ESPECIAL, 411 411. ASA NORTE. 70866-000 Brasília - DF.
53001753;EC 413 SUL;-15.83132840;-47.91294720;fundamental_i;estadual;ativa;geral;nao;SQS 413, S/N ESCOLA CLASSE. ASA SUL. 70296-000 Brasília - DF.
53009185;EC 415 DE SAMAMBAIA;-15.87902590;-48.11683210;infantil|fundamental_i;estadual;ativa;geral;nao;QUADRA QN 406 AREA ESPECIAL 1, 01 AREA ESPECIAL 01. SAMAMBAIA NORTE SAMAMBAIA. 72318-567 Brasília - DF.
53001761;EC 415 NORTE;-15.73981800;-47.88628860;fundamental_i;estadual;ativa;geral;nao;QUADRA SQN 415, 415 AREA ESPECIAL. ASA NORTE. 70878-000 Brasília - DF.
53001770;EC 416 SUL;-15.83765734;-47.92178149;fundamental_i;estadual;ativa;geral;nao;QUADRA SQS 416, AE ASA SUL. 70299-000 Brasília - DF.
53009193;EC 419 DE SAMAMBAIA;-15.88505420;-48.12011130;infantil|fundamental_i;estadual;ativa;geral;nao;QUADRA QS 419 AREA ESPECIAL, 01 SAMAMBAIA NORTE SAMAMBAIA. 72325-520 Brasília - DF.
53004248;EC 42 DE TAGUATINGA;-15.80756440;-48.09569200;fundamental_i;estadual;ativa;geral;nao;QUADRA EQNM 34/36, AREA ESPECIAL 01. TAGUATINGA NORTE TAGUATINGA. 72145-500 Brasília - DF.
53009207;EC 425 DE SAMAMBAIA;-15.86122634;-48.08538109;infantil|fundamental_i;estadual;ativa;geral;nao;QUADRA QN 406 AREA ESPECIAL 1, SAMAMBAIA NORTE SAMAMBAIA. 72318-567 Brasília - DF.
53007964;EC 43 DE CEILANDIA;-15.84432600;-48.11034170;fundamental_i;estadual;ativa;geral;nao;QUADRA EQNP 14/18, SEM NUMERO CEILANDIA SUL CEILANDIA. 72231-540 Brasília - DF.
53009215;EC 431 DE SAMAMBAIA;-15.89548820;-48.14372940;infantil|fundamental_i;estadual;ativa;geral;nao;QUADRA QS 431, AREA ESPECIAL 1. SAMAMBAIA NORTE SAMAMBAIA. 72329-550 Brasília - DF.
53007980;EC 45 DE CEILANDIA;-15.84213290;-48.11734540;infantil|fundamental_i;estadual;ativa;geral;nao;QUADRA EQNP 12/16, S/N AREA ESPECIAL. CEILANDIA SUL CEILANDIA. 72231-520 Brasília - DF.
53004264;EC 45 DE TAGUATINGA;-15.79459170;-48.10699830;infantil|fundamental_i;estadual;ativa;geral;nao;QUADRA EQNM 40/42 AREA ESPECIAL S/N, TAGUATINGA NORTE. TAGUATINGA NORTE TAGUATINGA. 72146-507 Brasília - DF.
53007999;EC 46 DE CEILANDIA;-15.84672625;-48.11388967;infantil|fundamental_i;estadual;ativa;geral;nao;EQNP-16/20 AREA ESPECIAL, S/N SETOR P SUL. CEILANDIA SUL CEILANDIA. 72231-560 Brasília - DF.
53004272;EC 46 DE TAGUATINGA;-15.81416510;-48.09122130;fundamental_i;estadual;ativa;geral;nao;QUADRA EQNL 21/23 AREA ESPECIAL, 01 TAGUATINGA NORTE TAGUATINGA. 72152-505 Brasília - DF.
53008006;EC 47 DE CEILANDIA;-15.84041040;-48.12439120;infantil|fundamental_i;estadual;ativa;geral;nao;QUADRA EQNP 22/26, P. SUL. CEILANDIA SUL CEILANDIA. 72235-500 Brasília - DF.
53008014;EC 48 DE CEILANDIA;-15.84454920;-48.12087160;infantil|fundamental_i;estadual;ativa;geral;nao;QUADRA EQNP 26/30, AREA ESPECIAL. CEILANDIA SUL CEILANDIA. 72235-540 Brasília - DF.
53008022;EC 50 DE CEILANDIA;-15.84288325;-48.12784233;infantil|fundamental_i;estadual;ativa;geral;nao;QUADRA QNP 24, EQNP 24/28 AE. CEILANDIA SUL CEILANDIA. 72235-400 Brasília - DF.
53004310;EC 50 DE TAGUATINGA;-15.83135570;-48.07525850;infantil|fundamental_i;estadual;ativa;geral;nao;QUADRA EQNL 2/4 AREA ESPECIAL S/N, TAGUATINGA NORTE TAGUATINGA. 72155-505 Brasília - DF.
53009223;EC 501 DE SAMAMBAIA;-15.88597200;-48.08689840;infantil|fundamental_i;estadual;ativa;geral;nao;QN 501 CONJUNTO 3, LOTE 01. SAMAMBAIA SUL. 72311-203 Brasília - DF.
53017064;EC 502 DE SAMAMBAIA;-15.88518450;-48.08403060;infantil|fundamental_i;estadual;ativa;geral;nao;QS 502 CJ 9 LT 1, 9 LOTE 01. SAMAMBAIA. 72310-529 Brasília - DF.
53009231;EC 510 DE SAMAMBAIA;-15.88076120;-48.07193780;infantil|fundamental_i;estadual;ativa;geral;nao;QUADRA QN 510 CONJ 07 LOTE 01 - AREA ESPECIAL S/Nº, SAMAMBAIA SUL SAMAMBAIA. 72312-400 Brasília - DF.
53013247;EC 510 DO RECANTO DAS EMAS;-15.90979500;-48.06944810;infantil|fundamental_i;estadual;ativa;geral;nao;QUADRA QUADRA 511 CONJUNTO 11, 02 EPC. RECANTO DAS EMAS. 72660-333 Brasília - DF.
53009240;EC 511 DE SAMAMBAIA;-15.86939950;-48.06995520;infantil|fundamental_i;estadual;ativa;geral;nao;QUADRA QN 511 AREA ESPECIAL 2, SAMAMBAIA SUL SAMAMBAIA. 72313-607 Brasília - DF.
53010060;EC 512 DE SAMAMBAIA;-15.87884380;-48.06818110;infantil|fundamental_i;estadual;ativa;geral;nao;QUADRA QN 512 CONJUNTO 6 AREA ESPECIAL, SAMAMBAIA SUL SAMAMBAIA. 72312-706 Brasília - DF.
53008030;EC 52 DE CEILANDIA;-15.85220330;-48.12050000;infantil|fundamental_i;estadual;ativa;geral;nao;QUADRA EQNP 32/36, SETOR P SUL. CEILANDIA SUL CEILANDIA. 72236-530 Brasília - DF.
53004337;EC 52 DE TAGUATINGA;-15.80117560;-48.10243880;fundamental_i;estadual;ativa;geral;nao;QUADRA EQNM 36/38 AREA ESPECIAL S/N, S/N M NORTE. TAGUATINGA NORTE TAGUATINGA. 72145-517 Brasília - DF.
53004345;EC 53 DE TAGUATINGA;-15.83157700;-48.08841950;infantil|fundamental_i;estadual;ativa;geral;nao;QUADRA QNL 16 VIA 2, LOTE 1 TAGUATINGA NORTE. 72160-622 Brasília - DF.
53004396;EC 54 DE TAGUATINGA;-15.85299370;-48.04913740;fundamental_i;estadual;ativa;geral;nao;QUADRA QSD, 32 AREA ESPECIAL 1 E 2. TAGUATINGA SUL. 72020-320 Brasília - DF.
53004353;EC 55 DE CEILANDIA;-15.79064010;-48.14177170;infantil|fundamental_i;estadual;ativa;geral;nao;QUADRA QNO 20, AE AREA ESPECIAL. CEILANDIA NORTE CEILANDIA. 72261-200 Brasília - DF.
53004299;EC 55 DE TAGUATINGA;-15.81590960;-48.09434550;fundamental_i;estadual;ativa;geral;nao;QUADRA EQNL 28/30, AE 27 TAGUATINGA NORTE TAGUATINGA. 72161-830 Brasília - DF.
53008057;EC 56 DE CEILANDIA;-15.79412780;-48.13660310;infantil|fundamental_i;estadual;ativa;geral;nao;QUADRA QNO 18 CONJUNTO I, 02 EC 56 DE CEIL. CEILANDIA NORTE CEILANDIA. 72260-897 Brasília - DF.
53008073;EC 59 DE CEILANDIA;-15.83057944;-48.10760687;infantil|fundamental_i;estadual;ativa;geral;nao;QUADRA QNN 14, AREA ESPECIAL. CEILANDIA SUL CEILANDIA. 72220-140 Brasília - DF.
53013867;EC 604 DE SAMAMBAIA;-15.86133993;-48.08761929;fundamental_i;estadual;ativa;geral;nao;QUADRA QS 604 AREA ESPECIAL 1, SAMAMBAIA NORTE SAMAMBAIA. 72322-520 Brasília - DF.
53008090;EC 61 DE CEILANDIA;-15.80529000;-48.14426000;infantil|fundamental_i;estadual;ativa;geral;nao;QNQ 4, AE AREA DE ASSENTAMENTO. CEILANDIA NORTE. 72270-400 Brasília - DF.
53009258;EC 614 DE SAMAMBAIA;-15.85331650;-48.07423510;infantil|fundamental_i;estadual;ativa;geral;nao;QUADRA QS 614 AREA ESPECIAL 1, SAMAMBAIA NORTE SAMAMBAIA. 72322-586 Brasília - DF.
53008103;EC 62 DE CEILANDIA;-15.80384500;-48.13985333;infantil|fundamental_i;estadual;ativa;geral;nao;QUADRA QNQ 1, AREA ESPECIAL. CEILANDIA NORTE CEILANDIA. 72270-100 Brasília - DF.
53008170;EC 64 DE CEILANDIA;-15.81818370;-48.09890740;infantil|fundamental_i;estadual;ativa;geral;nao;QUADRA EQNM 17/19, AREA ESPECIAL. CEILANDIA SUL CEILANDIA. 72215-560 Brasília - DF.
53014855;EC 65 DE CEILANDIA;-15.80650906;-48.16056842;fundamental_i;estadual;ativa;geral;nao;QUADRA QNR 2 AREA ESPECIAL 4, CEILANDIA. CEILANDIA NORTE CEILANDIA. 72275-308 Brasília - DF.
53068130;EC 66 DE CEILANDIA;-15.81825240;-48.15311840;infantil|fundamental_i;estadual;ativa;geral;nao;AREA ESPECIAL 1, S/N CORREGO DAS CORUJAS. CEILANDIA NORTE CEILANDIA. 72215-000 Brasília - DF.
53017404;EC 68 DE CEILANDIA;-15.80841740;-48.15828840;infantil|fundamental_i;estadual;ativa;geral;nao;QNR 2 LT 2, LOTE 02 LOTE 02. CEILANDIA. 72275-250 Brasília - DF.
53001788;EC 708 NORTE;-15.76809550;-47.89192410;fundamental_i;estadual;ativa;geral;nao;QUADRA SHCGN 707, S/N AREA ESPECIAL. ASA NORTE. 70740-730 Brasília - DF.
53014618;EC 803 DO RECANTO DAS EMAS;-15.92319050;-48.05432560;infantil;estadual;ativa;geral;nao;QUADRA 803 CONJUNTO 1 AREA ESPECIAL, RECANTO DAS EMAS. 72650-405 Brasília - DF.
53068173;EC 831 DE SAMAMBAIA;-15.88795760;-48.14762490;infantil|fundamental_i;estadual;ativa;geral;nao;QUADRA QR 831 CONJUNTO 1, LOTE 01 SAMAMBAIA NORTE SAMAMBAIA. 72338-711 Brasília - DF.
53006992;EC AGROVILA II;-15.93942540;-48.03478220;fundamental_i;estadual;ativa;geral;nao;NUCLEO CAUB II, RIACHO FUNDO II. 71884-300 Brasília - DF.
53009754;EC AGROVILA SAO SEBASTIAO;-15.91070941;-47.75881230;fundamental_i;estadual;ativa;geral;nao;QUADRA 100, AE 01 CONJUNTO Q. VILA NOVA SAO SEBASTIAO. 71693-107 Brasília - DF.
53012070;EC AGUILHADA;-15.96298070;-47.73946080;infantil|fundamental_i;estadual;ativa;geral;nao;AREA RURAL - NUCLEO RURAL AGUILHADA, BR 251 KM 32. AREA RURAL DE SAO SEBASTIAO. 71699-899 Brasília - DF.
53005147;EC ALMECEGAS;-15.53887260;-48.16876330;infantil|fundamental_i;estadual;ativa;geral;nao;CAIXA POSTAL COMUNITARIA RODOVIA BR-080 DF 206 KM3 VC 505, FAZENDA ALMECEGAS. ALMECEGAS - BRAZLANDIA. 72738-990 Brasília - DF.
53006313;EC ALTA-MIR;-15.63318790;-47.68116190;infantil|fundamental_i;estadual;ativa;geral;nao;QUADRA RESIDENCIAL BICA DO DER 4, DF 128 KM 8.5. RESIDENCIAL BICA DO DER GLEBA B - PLANALTINA. 73391-202 Brasília - DF.
53006798;EC ALTO INTERLAGOS;-15.82667370;-47.74396890;infantil|fundamental_i;estadual;ativa;geral;nao;CHACARA INTERLAGOS Nº 10-A, 10-A ALTIPLANO LESTE. LAGO SUL. 71681-991 Brasília - DF.
53006321;EC APRODARMAS;-15.66420330;-47.65743900;infantil|fundamental_i;estadual;ativa;geral;nao;FAZENDA MESTRE DARMAS DF 130, 67 CHACARA 67. QUINTAS DO AMANHECER II PLANALTINA. 73375-703 Brasília - DF.
53004361;EC ARNIQUEIRA;-15.86216970;-48.00071400;fundamental_i;estadual;ativa;geral;nao;SHA QUADRA 4 CONJUNTO 4 AREA ESPECIAL 05, 04 ARNIQUEIRA. SETOR HABITACIONAL ARNIQUEIRA. 71735-404 Brasília - DF.
53012798;EC ASPALHA;-15.73279270;-47.83408800;fundamental_i;estadual;ativa;geral;nao;SMLN MI TRECHO, 04 CONJ. 01 CHACARA 160. SETOR DE MANSOES DO LAGO NORTE. 71540-045 Brasília - DF.
53006348;EC BARRA ALTA;-15.84806000;-47.45694000;infantil|fundamental_i;estadual;ativa;geral;nao;NUCLEO RURAL TABATINGA DF 260, 210 CHACARA 210 BARRA AL. PLANALTINA. 73390-100 Brasília - DF.
53013492;EC BASEVI;-15.64598400;-47.88960630;infantil|fundamental_i;estadual;ativa;geral;nao;VILA BASEVI AE 01, NUCLEO RURAL LAGO OESTE SOBRADINHO. 73100-715 Brasília - DF.
53001664;EC BEIJA-FLOR;-15.73890960;-47.89661940;infantil|fundamental_i;estadual;ativa;geral;nao;QUADRA SQN 316 - A/E, 39017530 SQN 316. ASA NORTE. 70775-000 Brasília - DF.
53014588;EC BELA VISTA;-15.91335900;-47.75462630;infantil|fundamental_i;estadual;ativa;geral;nao;SETOR BELA VISTA RUA 1, 221 BELA VISTA. BELA VISTA SAO SEBASTIAO. 71694-102 Brasília - DF.
53005694;EC BOA VISTA;-15.58860760;-47.92252590;infantil|fundamental_i;estadual;ativa;geral;nao;RODOVIA DF-205, KM 6 OESTE BOA VISTA. SETOR HABITACIONAL FERCAL SOBRADINHO. 73151-010 Brasília - DF.
53006801;EC BOQUEIRAO;-15.78540040;-47.74858390;infantil|fundamental_i;estadual;ativa;geral;nao;CAIXA POSTAL COMUNITARIA RODOVIA DF-001 KM 15 SEDE DA ASSOCIACAO AO LADO DA ESCOLA CLASSE BOQUEIRAO, NR BOQUEIRAO. PARANOA. 71573-992 Brasília - DF.
53006356;EC BROCHADO DA ROCHA;-15.62130680;-47.71259720;infantil|fundamental_i;estadual;ativa;geral;nao;CAIXA POSTAL COMUNITARIA BR-020 KM 17 - ENTRE PLANALTINA E SOBRADINHO - ENTRADA PROXIMO A EMBRAPA, BR 020 KM 17 DVO. PLANALTINA. 73307-993 Brasília - DF.
53005155;EC BUCANHAO;-15.63701540;-48.16951730;infantil|fundamental_i;estadual;ativa;geral;nao;DF415, KM 3, SENTIDO BR080, AREA RURAL DE BRAZLANDIA. 72799-899 Brasília - DF.
53009762;EC CACHOEIRINHA;-15.98964150;-47.75175130;infantil|fundamental_i;estadual;ativa;geral;nao;BR 251 KM 38 FAZENDA SANTA BARBARA, S/N ZONA RURAL. 70830-300 Brasília - DF.
53006828;EC CAFE SEM TROCO;-15.91918890;-47.60580720;infantil|fundamental_i|fundamental_ii;estadual;ativa;geral;nao;CAIXA POSTAL COMUNITARIA RODOVIA DF-130 KM 31 ESCOLA CLASSE CAFE SEM TROCO, SN CAFE SEM TROCO. 71570-990 Brasília - DF.
53006836;EC CAPAO SECO;-15.96309540;-47.55745440;infantil|fundamental_i;estadual;ativa;geral;nao;NUCLEO RURAL CAPAO SECO, BR 251, DF 270-KM08. PARANOA. 71570-050 Brasília - DF.
53006844;EC CARIRU;-15.90638453;-47.51751771;infantil|fundamental_i;estadual;ativa;geral;nao;RODOVIA DF-260/ DF 270, NUCLEO RURAL CARIRU. PARANOA. 71586-300 Brasília - DF.
53005708;EC CATINGUEIRO;-15.56357560;-47.93539690;infantil|fundamental_i;estadual;ativa;geral;nao;RODOVIA DF-205 OESTE, KM 13 CATINGUEIRO. SETOR HABITACIONAL FERCAL SOBRADINHO. 73151-010 Brasília - DF.
53009770;EC CERAMICA DA BENCAO;-15.90447399;-47.76963361;fundamental_i;estadual;ativa;geral;nao;RUA DA GAMELEIRA, 331 CENTRO SAO SEBASTIAO. 71691-085 Brasília - DF.
53005163;EC CHAPADINHA;-15.67502190;-48.15169180;infantil|fundamental_i;estadual;ativa;geral;nao;RODOVIA DF-220, CHAPADINHA. BRAZLANDIA. 72770-300 Brasília - DF.
53004370;EC COLONIA AGRICOLA VICENTE PIRES;-15.81308350;-48.01462530;fundamental_i;estadual;ativa;geral;nao;RUA 4A AREA ESPECIAL 1, 1 EPTG. SETOR HABITACIONAL VICENTE PIRES. 72006-247 Brasília - DF.
53017544;EC COMUNIDADE DE APRENDIZAGEM DO PARANOA - EC CAP;-15.77900310;-47.78774890;infantil|fundamental_i;estadual;ativa;geral;nao;QD 3 CJ A LTS 8 A 10, 8 A 10 PARANOA. 71570-305 Brasília - DF.
53006372;EC COPERBRAS;-15.76109900;-47.54582860;infantil|fundamental_i;estadual;ativa;geral;nao;NUCLEO RURAL TABATINGA, 172 PLANALTINA. 73390-100 Brasília - DF.
53005716;EC CORA CORALINA;-15.72913250;-47.74959550;fundamental_i;estadual;ativa;geral;nao;FAZENDA PARANOA RODOVIA DF-250 KM 2,5 COND. MANSOES ENTRE LAGOS, S/N FAZENDA PARANOA. REGIAO DOS LAGOS SOBRADINHO. 73255-903 Brasília - DF.
53009398;EC CORREGO BARREIRO;-15.98286790;-48.11685270;infantil|fundamental_i;estadual;ativa;geral;nao;NUCLEO RURAL PONTE ALTA DE CIMA, BR 060 DF 180 KM 08. PONTE ALTA GAMA. 72426-000 Brasília - DF.
53008120;EC CORREGO DAS CORUJAS;-15.83676950;-48.18383530;infantil|fundamental_i;estadual;ativa;geral;nao;SETOR HABITACIONAL SOL NASCENTE, S/N NUCLEO RURAL. SETOR HABITACIONAL SOL NASCENTE - CEILANDIA. 72238-000 Brasília - DF.
53013506;EC CORREGO DO ARROZAL;-15.64542410;-47.73490110;infantil|fundamental_i;estadual;ativa;geral;nao;CAIXA POSTAL COMUNITARIA RODOVIA BR-020 KM 13 ENTRADA APOS O BAR DO MOCOTO, SN SOBRADINHO. AGROVILA CORREGO DO ARROZAL. 73007-995 Brasília - DF.
53006380;EC CORREGO DO MEIO;-15.69555470;-47.70746320;infantil|fundamental_i;estadual;ativa;geral;nao;BR- 020 KM -18 -DF444, CORREGO DO MEIO. AREA RURAL. 73310-150 Brasília - DF.
53005724;EC CORREGO DO OURO;-15.51330170;-47.92288690;infantil|fundamental_i;estadual;ativa;geral;nao;RODOVIA DF-205, CORREGO DO OURO. SETOR HABITACIONAL FERCAL SOBRADINHO. 73151-010 Brasília - DF.
53001435;EC DA VILA DO RCG;-15.76258424;-47.95000043;infantil|fundamental_i;estadual;ativa;geral;nao;RUA C AREA ESPECIAL, S/N SMC -VILA DO RCG. SETOR MILITAR URBANO/COMPLEMENTAR. 70631-015 Brasília - DF.
53008138;EC DO SETOR P NORTE;-15.83190690;-48.13831720;infantil|fundamental_i;estadual;ativa;geral;nao;SETOR HABITACIONAL SOL NASCENTE, SEM NUMERO VC 311 RUA DA CASCAL. CEILANDIA SUL CEILANDIA. 72236-800 Brasília - DF.
53001800;EC DO SMU;-15.77494220;-47.93094700;fundamental_i;estadual;ativa;geral;nao;AVENIDA DO EXERCITO, QRO AREA ESPECIAL. SETOR MILITAR URBANO. 70630-000 Brasília - DF.
53008626;EC DO SRIA;-15.81393220;-47.95936640;infantil|fundamental_i;estadual;ativa;geral;nao;SETOR SIA SETOR DE AREAS PUBLICAS, 01 ZONA INDUSTRIAL GUARA. 71215-000 Brasília - DF.
53068220;EC DOM BOSCO;-15.90258200;-47.77397470;fundamental_i;estadual;ativa;geral;nao;RUA DO CAIC, SN ANEXO DO CAIC UNESCO. CENTRO SAO SEBASTIAO. 71691-047 Brasília - DF.
53005732;EC ENGENHO VELHO;-15.60169722;-47.86920537;infantil|fundamental_i;estadual;ativa;geral;nao;SETOR HABITACIONAL FERCAL QUADRA 03 AREA ESPECIAL S/N, S/N ENGENHO VELHO. SETOR HABITACIONAL FERCAL SOBRADINHO. 73150-100 Brasília - DF.
53006410;EC ESTANCIA DE PLANALTINA;-15.60584710;-47.67004860;infantil|fundamental_i;estadual;ativa;geral;nao;MODULO C, 64 A 67/75 MODULO C. ESTANCIA PLANALTINA. 73401-309 Brasília - DF.
53006402;EC ESTANCIA DO PIPIRIPAU;-15.60969200;-47.56380600;infantil|fundamental_ii;estadual;ativa;geral;nao;RODOVIA DF-345, PLANALTINA. 73377-003 Brasília - DF.
53006429;EC ETA 44;-15.59283280;-47.72976770;infantil|fundamental_i;estadual;ativa;geral;nao;RODOVIA BR-020 KM 18 ENTRADA DA EMBRAPA CPAC PLANALTINA, 996759795 NUCLEO RURAL SARANDY. PLANALTINA. 73380-990 Brasília - DF.
53001818;EC GRANJA DO TORTO;-15.70524290;-47.91175380;infantil|fundamental_i;estadual;ativa;geral;nao;GRANJA DO TORTO, SN FAZENDA MODELO. GRANJA DO TORTO. 70636-000 Brasília - DF.
53009266;EC GUARIROBA;-15.86111200;-48.17356710;infantil|fundamental_i;estadual;ativa;geral;nao;DF 180 KM 18 CHAC 57 E 58 NUCLEO RURAL DE TAGUATINGA, 57/58 CHACARA. SAMAMBAIA NORTE SAMAMBAIA. 72322-845 Brasília - DF.
53005180;EC INCRA 06;-15.72808920;-48.19239320;fundamental_i;estadual;ativa;geral;nao;NUCLEO RURAL INCRA 6, RODOVIA BR-180. INCRA 06. 72772-010 Brasília - DF.
53007000;EC IPE;-15.92074580;-47.98813390;fundamental_i;estadual;ativa;geral;nao;SMPW QUADRA 8 AREA ESPECIAL, GRANJA DO IPE. SETOR DE MANSOES PARK WAY. 71740-820 Brasília - DF.
53006852;EC ITAPETI;-15.92890330;-47.38086950;fundamental_i;estadual;ativa;geral;nao;NUCLEO RURAL ITAPETI, DF 100 KM 37. PARANOA. 71586-200 Brasília - DF.
53009533;EC JARDIM BOTANICO;-15.87443640;-47.84049480;fundamental_i;estadual;ativa;geral;nao;AREA ESPECIAL SMDB ESTACAO ECOLOGICA JARDIM BOTANICO DE BRASILIA, LAGO SUL. SETOR DE MANSOES DOM BOSCO. 71680-001 Brasília - DF.
53006437;EC JARDIM DOS IPES;-15.65501660;-47.62537420;infantil|fundamental_i;estadual;ativa;geral;nao;RODOVIA DF-230, KM 11 - FAZ. PIPIRIP. PLANALTINA. 73377-010 Brasília - DF.
53008154;EC JIBOIA;-15.86700176;-48.26040827;infantil;estadual;ativa;geral;nao;NUCLEO RURAL BOA ESPERANCA - FAZENDA, 2 IRMAOS BR 070 DF 190 KM 06. CEILANDIA. 72227-991 Brasília - DF.
53018362;EC JUSCELINO KUBITSCHEK - SOL NASCENTE;-15.83328021;-48.13200421;infantil|fundamental_i;estadual;ativa;geral;nao;QD 500 AE 1 TR 1 SHSN, 01 SUBJUDICE- CEILANDIA. SOL NASCENTE / POR DO SOL. 72236-800 Brasília - DF.
53007018;EC KANEGAE;-15.88718010;-47.99962860;fundamental_i;estadual;ativa;geral;nao;COLONIA AGRICOLA RIACHO FUNDO I, 01 FAZENDA SUCUPIRA. RIACHO FUNDO. 71828-314 Brasília - DF.
53008162;EC LAJES DA JIBOIA;-15.91807550;-48.26775310;fundamental_i;estadual;ativa;geral;nao;AREA ESPECIAL 1, NUCLEO RURAL. CEILANDIA NORTE CEILANDIA. 72215-000 Brasília - DF.
53006879;EC LAMARAO;-15.96549250;-47.50080260;infantil|fundamental_i;estadual;ativa;geral;nao;AREA RURAL, NUCLEO RURAL LAMARAO. AREA RURAL DO PARANOA. 71589-899 Brasília - DF.
53012550;EC LOBEIRAL;-15.58989090;-47.84214980;infantil|fundamental_i;estadual;ativa;geral;nao;NUCLEO RURAL SOBRADINHO I DF 326 KM 02 SITIO PATRICIA, LOBEIRAL - FERCAL. SOBRADINHO. 73017-017 Brasília - DF.
53005201;EC MARIA DA TORRE;-15.66275833;-48.19386000;infantil|fundamental_i;estadual;ativa;geral;nao;RODOVIA DF-220 KM 15 VICINAL, EPCT KM 15. RADIOBRAS /BRAZLANDIA. 72770-300 Brasília - DF.
53006011;EC MESTRE DARMAS;-15.67240330;-47.64662140;infantil|fundamental_i;estadual;ativa;geral;nao;CONJUNTO RESIDENCIAL 2 LOTE, 01 AREA ESPECIAL. VALE DO AMANHECER PLANALTINA. 73370-002 Brasília - DF.
53006461;EC MONJOLO;-15.53782850;-47.68621850;fundamental_i;estadual;ativa;geral;nao;SETOR EDUCACIONAL, ROD. BR 020 DF 135. SETOR DE EDUCACAO PLANALTINA. 73310-150 Brasília - DF.
53005759;EC MORRO DO SANSAO;-15.61952920;-47.82330460;infantil|fundamental_i;estadual;ativa;geral;nao;QUADRA 45A CONJUNTO F S/N - CONDOMINIO VALE DOS PINHEIROS - PROXIMO AO CEMITERIO, S/N CONDOMINIO VALE DOS PINHEIROS SOBRADINHO II. 73088-350 Brasília - DF.
53006887;EC NATUREZA;-15.75244660;-47.71488530;infantil|fundamental_i;estadual;ativa;geral;nao;RODOVIA DF-250 KM 8 - SOBRADINHO DOS MELOS, S/N PARANOA. 71586-000 Brasília - DF.
53006488;EC NUCLEO RURAL CORREGO DO ATOLEIRO;-15.62417170;-47.61476020;infantil|fundamental_i;estadual;ativa;geral;nao;RODOVIA DF-345 KM 18, N.R CORREGO ATOLEIRO. PLANALTINA-DF. 73377-003 Brasília - DF.
53009444;EC OLHOS DAGUA;-15.69318485;-47.86407301;infantil|fundamental_i;estadual;ativa;geral;nao;CAIXA POSTAL COMUNITARIA DF- 003 KM 7,5 AO LADO DA IGREJA, CHACARA 22. LAGO NORTE. 71507-993 Brasília - DF.
53006518;EC PARANA;-15.61515480;-47.64548290;infantil|fundamental_i;estadual;ativa;geral;nao;EQ 1/2, LOTE H. SETOR RESIDENCIAL LESTE PLANALTINA. 73350-115 Brasília - DF.
53006526;EC PEDRA FUNDAMENTAL;-15.67372330;-47.67259110;infantil|fundamental_i;estadual;ativa;geral;nao;CAIXA POSTAL COMUNITARIA RODOVIA DF-128 KM 13 - LARGO DA PEDRA FUNDAMENTAL, 15 CHACARA. LARGA DA PEDRA FUNDAMENTAL. 73376-990 Brasília - DF.
53003055;EC PONTE ALTA DE CIMA;-16.04753750;-48.14703940;infantil|fundamental_i;estadual;ativa;geral;nao;NUCLEO RURAL PONTE ALTA DE CIMA, DF 290 KM 14. PONTE ALTA GAMA. 72426-000 Brasília - DF.
53006895;EC QUEBRADA DOS NERIS;-15.96202280;-47.66072910;infantil|fundamental_i;estadual;ativa;geral;nao;AREA RURAL, QUEBRADA DOS NERIS. AREA RURAL DO PARANOA. 71589-899 Brasília - DF.
53006534;EC RAJADINHA;-15.64129410;-47.63876920;infantil|fundamental_i;estadual;ativa;geral;nao;RODOVIA DF-130 DF006, S/N NR RAJADINHA. PLANALTINA. 73365-429 Brasília - DF.
53012739;EC REINO DAS FLORES;-15.69316830;-47.60250230;infantil|fundamental_i;estadual;ativa;geral;nao;AREA RURAL, N. R. SANTOS DUMONT. AREA RURAL DE PLANALTINA. 73499-899 Brasília - DF.
53011015;EC RIACHO FUNDO;-15.88680860;-48.04518680;fundamental_i;estadual;ativa;geral;nao;GRANJA MODELO RIACHO FUNDO, DF075-EPNB RIACHO FUNDO II. 71881-661 Brasília - DF.
53005775;EC RUA DO MATO;-15.61116760;-47.87722820;infantil|fundamental_i;estadual;ativa;geral;nao;SETOR RUA DO MATO, CHACARA 04 ROD DF 150 KM 11. SETOR HABITACIONAL FERCAL SOBRADINHO. 73150-150 Brasília - DF.
53005783;EC SANTA HELENA;-15.70654803;-47.79911997;fundamental_i;estadual;ativa;geral;nao;RODOVIA DF-440 KM 5,5 CHACARA, 13 N.RURAL 1/SOBRADINHO. REGIAO DOS LAGOS SOBRADINHO. 73252-010 Brasília - DF.
53006550;EC SANTOS DUMONT;-15.67896560;-47.64839500;infantil|fundamental_i;estadual;ativa;geral;nao;RODOVIA DF-130 SANTOS DUMONT, KM 28 NUCLEO RURAL. PLANALTINA. 73365-429 Brasília - DF.
53012178;EC SAO BARTOLOMEU;-15.91040380;-47.73903640;infantil|fundamental_i;estadual;ativa;geral;nao;NUCLEO RURAL SAO BARTOLOMEU KM 02, CAPAO COMPRIDO. 71694-116 Brasília - DF.
53005791;EC SITIO DAS ARAUCARIAS;-15.69802840;-47.74299920;infantil|fundamental_i;estadual;ativa;geral;nao;CAIXA POSTAL COMUNITARIA RODOVIA DF-440, KM 10 - NUCLEO RURAL DE SOBRADINHO, VC 257 ROTA DO CAVALO. SOBRADINHO. 73271-990 Brasília - DF.
53006917;EC SOBRADINHO DOS MELOS;-15.79697800;-47.69401380;infantil|fundamental_i;estadual;ativa;geral;nao;NUCLEO RURAL SOBRADINHO DOS MELOS, DF 250 KM 05. PARANOA. 71586-100 Brasília - DF.
53005805;EC SONHEM DE CIMA;-15.50749710;-47.84548900;infantil|fundamental_i;estadual;ativa;geral;nao;RODOVIA DF-205, PA CONTAGEM. SETOR HABITACIONAL FERCAL SOBRADINHO. 73151-010 Brasília - DF.
53013280;EC VALE DO SOL;-15.65434350;-47.65127570;infantil|fundamental_i;estadual;ativa;geral;nao;AREA ESPECIAL LOTE 01 A 06, 01 A 06 COND VALE DO SOL. VALE DO SOL PLANALTINA. 73375-543 Brasília - DF.
53014278;EC VALE VERDE;-15.53781610;-47.65294670;fundamental_i;estadual;ativa;geral;nao;DF 128 KM 6,5 CHACARA 133, NUCLEO RURAL. NUCLEO RURAL QUINTAS DO VALE VERDE. 73376-991 Brasília - DF.
53007026;EC VERDE DO RIACHO FUNDO I;-15.88460200;-48.01440290;fundamental_i;estadual;ativa;geral;nao;QUADRA QS 4 AREA ESPECIAL A, S/N RIACHO FUNDO I. 71820-421 Brasília - DF.
53068238;EC VILA BURITIS;-15.94622333;-48.23068500;fundamental_i;estadual;ativa;geral;nao;CONDOMINIO RESIDENCIAL BURITIS AREA ESPECIAL 2, RECANTO DAS EMAS. 72669-329 Brasília - DF.
53012496;EC VILA DO BOA;-15.87776180;-47.79116580;fundamental_i;estadual;ativa;geral;nao;VILA DO BOA RUA 1B, S/N SETOR DE CHACARAS SN. VILA DO BOA SAO SEBASTIAO. 71697-305 Brasília - DF.
53014570;EC VILA NOVA;-15.91366220;-47.75928520;infantil|fundamental_i;estadual;ativa;geral;nao;QUADRA 31, 200 Nº 200. VILA SAO JOSE SAO SEBASTIAO. 71693-032 Brasília - DF.
53033019;EDUCACAO DO SERVICO SOCIAL DO COMERCIO EDUSESC CEILANDIA;-15.82016946;-48.12298006;infantil|fundamental_i|fundamental_ii;privada;ativa;geral;nao;QNN 27, AREA ESPECIAL, MODULO B, S/N, P NORTE. CEILANDIA NORTE. 72225-270 Brasília - DF.
53015452;EDUCACAO DO SERVICO SOCIAL DO COMERCIO EDUSESC GAMA;-16.01046560;-48.05846100;infantil|fundamental_i|fundamental_ii;privada;ativa;geral;nao;QI 1 LTS 620 640 660 E 680, -. SETOR LESTE INDUSTRIAL. 72405-010 Brasília - DF.
53014472;EDUCANDARIO DE FATIMA;-15.89803660;-48.04885000;infantil|fundamental_i|fundamental_ii;privada;ativa;geral;nao;QN 14B, CONJUNTO 6, 18 LOTES 01,2,19 E 20. RIACHO FUNDO II. 71881-126 Brasília - DF.
53014189;EDUCANDARIO DE MARIA EDUC INF;-15.88401972;-48.02204177;infantil;privada;ativa;geral;nao;QUADRA QN 7 CONJUNTO 3, 01 RIACHO FUNDO I. 71805-703 Brasília - DF.
53013948;EDUCANDARIO DE MARIA IDEALIZAR;-15.89705000;-48.04558000;infantil|fundamental_i;privada;ativa;geral;nao;QUADRA QN 15B CONJUNTO 1 LOTE 01, RIACHO FUNDO II. 71881-321 Brasília - DF.
53012160;EDUCANDARIO ESPIRITA SEMENTINHA DE LUZ;-15.88342110;-48.10101370;infantil;privada;ativa;geral;sim;QUADRA QS 109, CONJ 06 LOTE 01. SAMAMBAIA SUL SAMAMBAIA. 72301-530 Brasília - DF.
53005813;EDUCANDARIO EURIPEDES BARSANULFO;-15.65500470;-47.79614980;infantil;privada;ativa;geral;sim;QUADRA 4 AREA ESPECIAL, 03 SOBRADINHO. 73025-032 Brasília - DF.
53018982;EDUKIDS EDUC INF;-15.81648486;-48.12104180;infantil;privada;ativa;geral;nao;QUADRA QNN 19 CJ L LT 39, 39 CEILANDIA NORTE CEILANDIA. 72225-202 Brasília - DF.
53030001;EICCA - EDUC INF CRISTA CRESCENDO E APRENDENDO;-15.84277167;-48.12106500;infantil|fundamental_i;privada;ativa;geral;nao;QUADRA QNP 26 CONJUNTO H, 19 E 21 LOTES. CEILANDIA SUL CEILANDIA. 72235-608 Brasília - DF.
53018117;EMI - ESC MULTI-INTEGRAL;-15.82343663;-48.00959998;infantil|fundamental_i;privada;ativa;geral;nao;QUADRA SMPW QUADRA 5 CONJUNTO 14 LOTE 1, 01 SETOR DE MANSOES PARK WAY. 71735-514 Brasília - DF.
53001842;EPAR 210-211 NORTE;-15.75425290;-47.88373780;;estadual;ativa;sem_escolarizacao;nao;QUADRA EQN 210/211, ASA NORTE. 70862-400 Brasília - DF.
53001850;EPAR 210-211 SUL;-15.82534130;-47.90770810;;estadual;ativa;sem_escolarizacao;nao;QUADRA EQS 210/211, AREA ESPECIAL. ASA SUL. 70273-400 Brasília - DF.
53001869;EPAR 303-304 NORTE;-15.65847270;-47.79352580;;estadual;ativa;sem_escolarizacao;nao;QUADRA EQN 303/304, S/N AREA ESPECIAL. ASA NORTE. 70735-400 Brasília - DF.
53001877;EPAR 307-308 SUL;-15.81304390;-47.90459230;;estadual;ativa;sem_escolarizacao;nao;QUADRA EQS 307/308, ASA SUL. 70354-400 Brasília - DF.
53001885;EPAR 313-314 SUL;-15.82449980;-47.92091670;;estadual;ativa;sem_escolarizacao;nao;QUADRA EQS 313/314 AREA ESPECIAL, ASA SUL. 70382-400 Brasília - DF.
53016041;EPAR ANISIO TEIXEIRA;-15.81868170;-48.09497150;;estadual;ativa;sem_escolarizacao;nao;QUADRA QNM 27 MODULO B, CEILANDIA SUL CEILANDIA. 72215-272 Brasília - DF.
53016220;EPAR DA NATUREZA DE BRAZLANDIA;-15.68974010;-48.20351000;;estadual;ativa;sem_escolarizacao;nao;QUADRA PIQ 03, LOTE 02. VEREDAS BRAZLANDIA. 72725-320 Brasília - DF.
53018842;EPAR DA NATUREZA E ESPORTE;-15.86553863;-47.95938866;;estadual;ativa;sem_escolarizacao;nao;AVENIDA CENTRAL BLOCO 11, AREA ESPECIAL. NUCLEO BANDEIRANTE. 71710-001 Brasília - DF.
53008634;ESC ADVENTISTA DO GUARA;-15.83214815;-47.97511797;infantil|fundamental_i|fundamental_ii;privada;ativa;geral;nao;QUADRA EQ 15/17, LOTE A AREA ESPECIAL. GUARA II. 71050-155 Brasília - DF.
53015959;ESC ALEGRIA DO SABER;-15.81497020;-48.08538730;infantil;privada;ativa;geral;nao;QUADRA QNJ 18 CASA, 36 TAGUATINGA NORTE TAGUATINGA. 72140-180 Brasília - DF.
53001915;ESC AMERICANA DE BRASILIA;-15.81767680;-47.88960470;infantil|fundamental_i|fundamental_ii;privada;ativa;geral;nao;QUADRA SGAS 605, ASA SUL. 70200-650 Brasília - DF.
53001923;ESC ANJO DA GUARDA;-15.75223870;-47.90087520;infantil;privada;ativa;geral;nao;QUADRA SGAN 913, CONJ. A, ASA NORTE. 70790-130 Brasília - DF.
53016904;ESC ARARA AZUL;-15.84102951;-48.00841844;infantil|fundamental_i;privada;ativa;geral;nao;SMPW QD 05 CONJ 06 LOTE 06 PARK WAY, PARK WAY. 71735-506 Brasília - DF.
53011678;ESC ARTE E FANTASIA;-15.81681000;-48.06187000;infantil;privada;ativa;geral;nao;QUADRA QNA 54, CASA 06 TAGUATINGA NORTE TAGUATINGA. 72110-540 Brasília - DF.
53014405;ESC ATUAL;-15.84087460;-48.01782630;infantil|fundamental_i|fundamental_ii;privada;ativa;geral;nao;QUADRA QUADRA 204, 01 PRACA PARDAL. SUL AGUAS CLARAS. 71939-540 Brasília - DF.
53015703;ESC BABY HOUSE;-15.83055915;-48.01675888;infantil;privada;ativa;geral;nao;QUADRA 301 RUA D CONJUNTO 2, 7 NORTE AGUAS CLARAS. 71901-110 Brasília - DF.
53014324;ESC BEM-ME-QUER;-15.78471780;-47.93428520;infantil;privada;ativa;geral;nao;QUADRA SRES QUADRA 5 BLOCO C, 14 CRUZEIRO VELHO. 70640-037 Brasília - DF.
53015290;ESC BRINCANDO E CONSTRUINDO O FUTURO;-16.02977090;-48.06796830;;privada;paralisada;geral;nao;QUADRA QUADRA 1 CONJUNTO E, 2 SETOR SUL GAMA. 72410-105 Brasília - DF.
53012682;ESC C COMUNITARIO DA CRIANCA;-15.81247277;-48.12804898;infantil;privada;ativa;geral;sim;QUADRA EQNP 9/13 MODULO B E D AREA ESPECIAL, SETOR P NORTE. CEILANDIA NORTE CEILANDIA. 72240-572 Brasília - DF.
53001940;ESC CANARINHO;-15.82922990;-47.91178180;infantil;privada;ativa;geral;nao;QUADRA EQS 212/412, BLOCO C. ASA SUL. 70275-450 Brasília - DF.
53013697;ESC CANARINHO AMARELO;-15.82924710;-47.91181100;infantil;privada;ativa;geral;nao;QD EQN 208/408, BLOCO C. ASA NORTE. 70853-450 Brasília - DF.
53001931;ESC CANARINHO ASA SUL;-15.82924000;-47.91179160;infantil;privada;ativa;geral;nao;QD EQS 212/412, BLOCO C. ASA SUL. 70275-450 Brasília - DF.
53011309;ESC CANTINHO CRISTAO;-15.84520411;-47.97954001;infantil|fundamental_i;privada;ativa;geral;nao;EQ 30/32, CONJ A AREA ESPECIA. GUARA II. 71065-305 Brasília - DF.
53010990;ESC CANTINHO MAGICO;-15.82806833;-47.81193500;infantil|fundamental_i;privada;ativa;geral;nao;QUADRA SHIS QI 26 CHACARAS 29, 29 SETOR DE HABITACOES INDIVIDUAIS SUL. 71670-750 Brasília - DF.
53053001;ESC CARINHA DE ANJO;-15.85690000;-47.99629000;infantil|fundamental_i;privada;ativa;geral;nao;CONJUNTO SHA CONJUNTO 4 CHACARA 71, 71 LOTE C. SETOR HABITACIONAL ARNIQUEIRA AGUAS CLARAS. 71994-405 Brasília - DF.
53014154;ESC CASA DE BRINQUEDOS;-15.81874777;-48.05829160;infantil|fundamental_i;privada;ativa;geral;nao;QUADRA QNA 51, 18 TAGUATINGA NORTE TAGUATINGA. 72110-510 Brasília - DF.
53042000;ESC CASTELO AGUA VIVA;-15.68040730;-48.20139410;infantil|fundamental_i;privada;ativa;geral;nao;QUADRA QUADRA 20, 02 TRADICIONAL. SETOR TRADICIONAL BRAZLANDIA. 72720-200 Brasília - DF.
53010841;ESC CEPROM;-15.89990667;-47.77205667;infantil|fundamental_i|fundamental_ii;privada;ativa;geral;nao;RUA DO CAIC, 101 CENTRO - SAO SEBASTIAO. 71691-047 Brasília - DF.
53011970;ESC CLUBE DA CRIANCA;-16.02173880;-48.07355400;infantil|fundamental_i;privada;ativa;geral;nao;QD. 31 LOTES 82/84 SETOR OESTE GAMA-DF, SETOR OESTE. 72420-310 Brasília - DF.
53016890;ESC COLINHO DA VOVO;-15.81419927;-48.12559414;infantil;privada;ativa;geral;nao;QUADRA QNN 37 CJ A CASA, 19,20,21 CEILANDIA NORTE CEILANDIA. 72225-370 Brasília - DF.
53017587;ESC CRIANCA EM ACAO;-15.62408536;-47.66046779;infantil|fundamental_i;privada;ativa;geral;nao;RUA 15 DE NOVEMBRO QD 60 LT 10A ST TRADICIONAL, 10 A SETOR TRADICIONAL PLANALTINA. 73330-038 Brasília - DF.
53012895;ESC DA NATUREZA;-15.79058600;-47.90440970;;estadual;paralisada;geral;nao;PARQUE RECREATIVO SARAH KUBITSCHEK, PORTAO 5 ASA SUL. ASA SUL. 70610-300 Brasília - DF.
53009541;ESC DAS NACOES;-15.85364000;-47.84993000;infantil|fundamental_i|fundamental_ii;privada;ativa;geral;nao;QUADRA SHIS QI 21 AREA ESPECIAL S/N, SETOR DE HABITACOES INDIVIDUAIS SUL. 71655-600 Brasília - DF.
53008189;ESC DE EDUC BASICA E PROFISSIONAL FUNDACAO BRADESCO;-15.82571354;-48.11869647;infantil|fundamental_i|fundamental_ii;privada;ativa;geral;nao;QUADRA QNN 28, SEM NUMERO AREA ESPECIAL L. CEILANDIA SUL CEILANDIA. 72220-280 Brasília - DF.
53010612;ESC DE EDUC INF ALZIRO ZARUR;-15.82313720;-48.02885210;infantil;privada;ativa;geral;nao;QUADRA SGAS 915, 74 CASA. ASA SUL. 70390-150 Brasília - DF.
53015827;ESC DE EDUC INF CORACAO DE CRISTO;-15.90853998;-48.08571326;infantil;privada;ativa;geral;sim;QUADRA 301 AV RECANTO DAS EMAS LT 26, LOTE 26 LOTE 26. RECANTO DAS EMAS. 72620-214 Brasília - DF.
53012577;ESC DESCOBRINDO A VIDA;-15.88040094;-48.06426111;infantil|fundamental_i;privada;ativa;geral;nao;QUADRA QR 516 CONJUNTO 10, 18 LOTE. SAMAMBAIA SUL SAMAMBAIA. 72314-311 Brasília - DF.
53012909;ESC DNA;-15.77435890;-47.87757280;infantil|fundamental_i;privada;ativa;geral;nao;QUADRA EQN 204/404, LOTE C. ASA NORTE. 70842-450 Brasília - DF.
53001893;ESC DO PARQUE DA CIDADE - PROEM;-15.80911940;-47.91337450;fundamental_ii;estadual;ativa;geral;nao;QUADRA SGAS 909, LOTE 27 ASA SUL. 70390-090 Brasília - DF.
53018346;ESC DO RE MI;-15.82898624;-48.01286709;infantil|fundamental_i;privada;ativa;geral;nao;QD 301 CJ 1 LT 10 CJ 3 LT 2,4,6, 8 E 9 AV PAGUAS 4 LT 9, AGUAS CLARAS. 71901-320 Brasília - DF.
53017021;ESC EDUC MAIS SAMAMBAIA;-15.87371167;-48.06031333;infantil|fundamental_i;privada;ativa;geral;nao;Q QS 320 CONJ 9 LT 1/2, SAMAMBAIA SUL. 72310-509 Brasília - DF.
53081021;ESC ESTRELA GUIA;-15.86340670;-48.02503080;infantil;privada;ativa;geral;nao;QS 7 AVENIDA AGUAS CLARAS LOTE 24, 24 AVENIDA AGUAS CLARAS. AREAL AGUAS CLARAS. 71966-700 Brasília - DF.
53017501;ESC FLOR DE LIS;-15.82018298;-48.06467503;infantil;privada;ativa;geral;sim;QNB 15 AE 4 ALA AB, 04 TAGUATINGA NORTE. 72115-150 Brasília - DF.
53002067;ESC FRANCISCANA NOSSA SRA DE FATIMA;-15.80562550;-47.90654160;infantil|fundamental_i|fundamental_ii;privada;ativa;geral;nao;QUADRA SGAS 906 CONJUNTO F, W5. ASA SUL. 70390-060 Brasília - DF.
53018826;ESC FREE KIDS;-15.81576090;-47.98899950;infantil;privada;ativa;geral;nao;QI 10 CJ F LT 65, GUARA. 71010-067 Brasília - DF.
53002008;ESC FUND ALVACIR VITE ROSSI;-15.75906573;-47.89345356;fundamental_i|fundamental_ii;privada;ativa;geral;nao;QUADRA SHCGN 710, AE JD DE INFANCIA. ASA NORTE. 70750-730 Brasília - DF.
53002156;ESC INF CICERO PEREIRA;-15.74417192;-47.90297359;infantil;privada;ativa;geral;sim;QUADRA SGAN 915, 0 CONJUNTO E. ASA NORTE. 70790-150 Brasília - DF.
53010671;ESC INF RAIO DE SOL;-15.78780000;-48.12155000;infantil;privada;ativa;geral;nao;QUADRA QNO 6 CONJUNTO I LOTE, 01 CEILANDIA NORTE CEILANDIA. 72251-609 Brasília - DF.
53015886;ESC KK;-15.84429030;-47.89615250;infantil;privada;ativa;geral;nao;ENTRE QUADRA SHIS EQL 6/8 CONJUNTO A, SETOR DE HABITACOES INDIVIDUAIS SUL. 71620-400 Brasília - DF.
53009827;ESC MAE DA DIVINA PROVIDENCIA;-15.80044150;-47.94025500;infantil|fundamental_i;privada;ativa;geral;nao;QUADRA SHCES QUADRA 801, LOTE 02 AREA ESPECIAL. CRUZEIRO NOVO. 70655-810 Brasília - DF.
53011651;ESC MAGISTRAL;-15.80778000;-48.12982000;infantil|fundamental_i|fundamental_ii;privada;ativa;geral;nao;QUADRA QNP 13 CONJUNTO K E M, 1,2,4,6 CEILANDIA NORTE CEILANDIA. 72241-311 Brasília - DF.
53002040;ESC MARIA MONTESSORI - EF;-15.81520960;-47.92265360;infantil|fundamental_i|fundamental_ii;privada;ativa;geral;nao;SGAS QUADRA 913, SEM NUMERO CONJUNTO A. ASA SUL. 70390-130 Brasília - DF.
53011783;ESC MASTER;-15.90848331;-47.76229861;infantil|fundamental_i;privada;ativa;geral;nao;QUADRA 22, 32 A 36 VILA SAO JOSE SAO SEBASTIAO. 71693-023 Brasília - DF.
53013298;ESC MASTER II;-15.90790616;-47.76185073;fundamental_ii;privada;ativa;geral;nao;QUADRA 25, 01/04 VILA SAO JOSE SAO SEBASTIAO. 71693-026 Brasília - DF.
53008901;ESC MAT E JI BARQUINHO AMARELO;-15.78184000;-47.93158290;infantil;privada;ativa;geral;nao;QUADRA SRES QUADRA 10 BLOCO X CASA, 04 CRUZEIRO VELHO. 70645-240 Brasília - DF.
53014537;ESC MATER DEI;-15.81325270;-47.98864690;infantil|fundamental_i;privada;ativa;geral;nao;QUADRA QE 4 CONJUNTO H, 175 LOTE175. GUARA I. 71010-083 Brasília - DF.
53002148;ESC MENINOS E MENINAS DO PARQUE;-15.81001530;-47.92508260;;estadual;ativa;geral;nao;PARQUE RECREATIVO DONA SARAH KUBITSCHEK, ESTACIONAMENTO 06. ASA SUL. 70610-300 Brasília - DF.
53018710;ESC MUNDO ENCANTADO;-15.75170667;-47.77201667;infantil;privada;ativa;geral;nao;QL 07 CJ C LT 12, ITAPOA. 71590-749 Brasília - DF.
53013883;ESC MUNDO INOCENTE;-15.78327900;-48.13803800;infantil|fundamental_i;privada;ativa;geral;nao;RUA RUA 5 MODULO 13, CONDOMINIO PRIVE LUCENA RORIZ CEILANDIA. 72280-326 Brasília - DF.
53008863;ESC MUNDO MAGICO;-15.79982000;-47.93986000;infantil|fundamental_i;privada;ativa;geral;nao;QUADRA SHCES QUADRA 801, LOTE 01, CRUZEIRO NOVO. 70655-810 Brasília - DF.
53011295;ESC MUNDO MAGICO DO SABER;-15.83751446;-47.98486228;infantil|fundamental_i;privada;ativa;geral;nao;QUADRA QE 28 CONJUNTO A, 16/18 GUARA II. 71060-012 Brasília - DF.
53015320;ESC NOSSA SENHORA DO FILERMO;-15.76574778;-47.89685572;infantil;privada;ativa;geral;sim;SGAN 908 CONJUNTO B, S/N ASA NORTE. 70790-080 Brasília - DF.
53019008;ESC PASSINHOS DO SABER;-16.02256497;-48.02345079;infantil|fundamental_i;privada;ativa;geral;nao;QUADRA QR 209 CONJUNTO C, 22/24 SANTA MARIA. 72509-403 Brasília - DF.
53008685;ESC PEDACINHO DO CEU;-15.82846060;-47.98060210;infantil|fundamental_i;privada;ativa;geral;nao;QUADRA EQ 13/15, LOTE C. GUARA II. 71050-135 Brasília - DF.
53002083;ESC PEDACINHO DO CEU - ASA NORTE;-15.76350792;-47.88744427;infantil|fundamental_i;privada;ativa;geral;nao;QUADRA EQN 108/308, 0 LOTE C. ASA NORTE. 70744-450 Brasília - DF.
53084020;ESC PEQUENO ENCANTO;-15.79671603;-48.13733975;infantil|fundamental_i;privada;ativa;geral;nao;QUADRA QNO 18 CONJUNTO 7 LOTE, 05 CEILANDIA NORTE CEILANDIA. 72260-807 Brasília - DF.
53017250;ESC PEQUENO GENIO;-15.61220670;-47.67702690;infantil;privada;ativa;geral;nao;QUADRA 12 MODULO 23, 10 SETOR HABITACIONAL MESTRE DARMAS PLANALTINA-DF. 73401-430 Brasília - DF.
53011279;ESC PICA-PAU;-15.76739070;-47.78079580;infantil;privada;ativa;geral;nao;QUADRA QUADRA 23 CONJUNTO I, 1,2 LOTE. PARANOA. 71572-309 Brasília - DF.
53010728;ESC PRESBITERIANA DO GAMA;-16.02140300;-48.06107340;infantil|fundamental_i|fundamental_ii;privada;ativa;geral;nao;AREA ESPECIAL LADO LESTE, MODULOS 30/31, ANEXO. SETOR CENTRAL GAMA. 72405-135 Brasília - DF.
53016769;ESC PRIMEIROS PASSOS;-15.84297020;-48.10945130;infantil|fundamental_i;privada;ativa;geral;nao;QNP 14 CJ F LT 50, 50 CEILANDIA. 72231-406 Brasília - DF.
53012968;ESC RAVELO;-15.87409340;-48.06110480;infantil|fundamental_i;privada;ativa;geral;nao;QUADRA QR 320 CONJUNTO 9, 18-23 SAMAMBAIA SUL SAMAMBAIA. 72310-109 Brasília - DF.
53002407;ESC SAGRADA FAMILIA MENINO DEUS;-15.74472350;-47.90128800;infantil|fundamental_i;privada;ativa;geral;nao;QUADRA SGAN 915, S/N ASA NORTE. 70790-150 Brasília - DF.
53004876;ESC SAGRADO FILHO;-15.79684020;-48.06377940;infantil|fundamental_i;privada;ativa;geral;nao;QUADRA QNG 21, CASA 25 TAGUATINGA NORTE TAGUATINGA. 72130-210 Brasília - DF.
53018257;ESC SAO FRANCISCO DE SALES;-15.88673011;-47.80138099;infantil|fundamental_i|fundamental_ii;privada;ativa;geral;nao;QD EQ 09/10 LT C S/N, JARDIM BOTANICO 3. JARDIM BOTANICO. 71681-515 Brasília - DF.
53008553;ESC SORRISO DE MARIA;-15.83888520;-47.96525270;infantil;privada;ativa;geral;sim;AREA ESPECIAL AREA ESPECIAL 10 MODULO C, 10 GUARA II. 71070-703 Brasília - DF.
53013310;ESC TECNICA BRASILIENSE DE PROTESE DENTARIA;-15.82815000;-47.90167000;;privada;ativa;geral;nao;QUADRA SGAS 610, ASA SUL. 70200-700 Brasília - DF.
53057007;ESC UNIVERSO DA CRIANCA;-15.90128760;-48.06538220;infantil;privada;ativa;geral;nao;QUADRA QUADRA 103 CONJUNTO 7, 21 RECANTO DAS EMAS. 72600-309 Brasília - DF.
53000790;ESC URSINHO FELIZ;-15.82354230;-47.91610570;;privada;paralisada;geral;nao;QUADRA EQS 112/312, LOTE C ASA SUL. 70375-450 Brasília - DF.
53018516;ESC VILA VERDE;-15.86958799;-47.81206188;infantil;privada;ativa;geral;nao;FAZ TABOQUINHA MATA DA ANTA CH 28, SAO SEBASTIAO. 71680-620 Brasília - DF.
53001419;ESC VISCONDE DE CABO FRIO;-15.76194520;-47.87716050;infantil|fundamental_i;privada;ativa;geral;nao;SGAN 608 MODULO A, ASA NORTE. 70830-351 Brasília - DF.
53013220;ESC WALDORF MOARA;-15.77959558;-47.88952187;infantil|fundamental_i|fundamental_ii;privada;ativa;geral;nao;QUADRA SHCGN 703, AREA ESPECIAL. ASA NORTE. 70730-700 Brasília - DF.
53015010;ESCOLA CANADENSE DE BRASILIA;-15.79621800;-47.91483650;infantil|fundamental_i|fundamental_ii;privada;ativa;geral;nao;SIG QUADRA 8, 2225 LOTE 2225. ZONA INDUSTRIAL. 70610-480 Brasília - DF.
53017595;ESCOLA CANADENSE DE BRASILIA;-15.79622230;-47.91486700;infantil|fundamental_i|fundamental_ii;privada;ativa;geral;nao;QS 05 AV AREAL LOTE 04, 4 AGUAS CLARAS. 71950-000 Brasília - DF.
53012453;ESCOLA CIA DA CRIANCA;-15.81402498;-48.06489654;infantil|fundamental_i;privada;ativa;geral;nao;QUADRA QNE 8 LOTES 2 E 4, TAGUATINGA NORTE. 72125-080 Brasília - DF.
53031008;ESCOLA CRESCE;-15.84176470;-48.05671170;infantil|fundamental_i;privada;ativa;geral;nao;QUADRA QSC 20 LOTES 20 22 24, LOTES 20/24. TAGUATINGA SUL TAGUATINGA. 72016-200 Brasília - DF.
53018745;ESCOLA DA ARVORE;-15.71129156;-47.84383759;infantil|fundamental_i|fundamental_ii;privada;ativa;geral;nao;NR JERIVA ENTRADA A CH 104, 104 LAGO NORTE. 71536-032 Brasília - DF.
53015100;ESCOLA DANNY;-15.84128580;-48.11812990;infantil|fundamental_i;privada;ativa;geral;nao;QUADRA QNP 12 CONJUNTO P, 20 ESCOLA DANNY. CEILANDIA SUL CEILANDIA. 72231-216 Brasília - DF.
53000820;ESCOLA INFANTIL CASA DE ISMAEL;-15.74920460;-47.90096150;infantil;privada;ativa;geral;sim;QUADRA SGAN 913 MODULO G, ASA NORTE. 70790-137 Brasília - DF.
53011872;ESCOLA MAPLE BEAR BRASILIA;-15.80036200;-47.92820010;infantil|fundamental_i|fundamental_ii;privada;ativa;geral;nao;QUADRA EQSW 303/304, LOTE 01. SETOR SUDOESTE. 70673-350 Brasília - DF.
53019024;ESCOLA RAIO DE SOL;-15.91328205;-47.76125032;infantil;privada;ativa;geral;nao;QUADRA QUADRA 16 CONJUNTO F LTS 5, 6 E 7, 5 VILA SAO JOSE SAO SEBASTIAO. 71693-048 Brasília - DF.
53001109;ESCOLA SALESIANA BRASILIA;-15.79964880;-47.89603220;infantil|fundamental_i|fundamental_ii;privada;ativa;geral;nao;QUADRA SEPS 702 BLOCO C, ASA SUL. 70330-730 Brasília - DF.
53007182;ESCOLA SALESIANA SAO DOMINGOS SAVIO;-15.87288598;-47.97048249;infantil|fundamental_i|fundamental_ii;privada;ativa;geral;nao;AVENIDA TERCEIRA AVENIDA AREA ESPECIAL 5, 5 LOTES A/F. NUCLEO BANDEIRANTE. 71720-587 Brasília - DF.
53018125;ESCOLA VINCIT;-15.87495714;-47.97914992;infantil|fundamental_i|fundamental_ii;privada;ativa;geral;nao;AVENIDA SEGUNDA AVENIDA AREA ESPECIAL 10, 02 BLOCO 02. NUCLEO BANDEIRANTE. 71715-070 Brasília - DF.
53014928;ESCOLINHA BEIJA-FLOR;-15.81978596;-48.06499429;infantil;privada;ativa;geral;sim;QUADRA QNB 15, 04 A/E. TAGUATINGA NORTE TAGUATINGA. 72115-150 Brasília - DF.
53013433;ESCOLINHA TEMPO REAL;-15.87180870;-48.05955530;infantil|fundamental_i;privada;ativa;geral;nao;QUADRA QN 320 CONJUNTO 8 LOTE, 05 SAMAMBAIA SUL SAMAMBAIA. 72310-008 Brasília - DF.
53012267;ESPACO CRIANCA - C DE EDUC;-15.82607170;-47.98692850;infantil|fundamental_i;privada;ativa;geral;nao;QI 22 CONJUNTO R LOTES 5 15 24, GUARA I. 71015-188 Brasília - DF.
53016939;GERACAO KIDS INST DE EDUC;-15.60367874;-47.65320287;infantil;privada;ativa;geral;nao;QUADRA 01 CONJUNTO 1E LOTE, 03 LOTES 04 E 06. JARDIM RORIZ - PLANALTINA. 73340-100 Brasília - DF.
53011643;IESMA - INST DE EDUC SOUSA MACHADO;-15.80238510;-48.13655780;infantil|fundamental_i;privada;ativa;geral;nao;QUADRA QNO 16 CONJUNTO 5, LOTE 06 CEILANDIA NORTE CEILANDIA. 72260-605 Brasília - DF.
53015215;IFB - CAMPUS BRASILIA;-15.75327220;-47.87849500;;federal;ativa;geral;nao;QUADRA SGAN 610, MODULO D,E,F,G. ASA NORTE. 70830-450 Brasília - DF.
53016645;IFB - CAMPUS CEILANDIA;-15.84295000;-48.09866000;;federal;ativa;geral;nao;QUADRA QNN 26 AE, S/N ENTRE UNB E METRO. CEILANDIA SUL CEILANDIA. 72220-260 Brasília - DF.
53016653;IFB - CAMPUS ESTRUTURAL;-15.79326484;-47.96913060;;federal;ativa;geral;nao;SCIA AREA ESPECIAL 01 QUADRA 16, CIDADE DO AUTOMOVEL. SCIA - ESTRUTURAL. 71250-000 Brasília - DF.
53015240;IFB - CAMPUS GAMA;-15.99322467;-48.05315930;;federal;ativa;geral;nao;RODOVIA DF-480 SMA LOTE 1, GAMA. 72429-005 Brasília - DF.
53006178;IFB - CAMPUS PLANALTINA;-15.65656655;-47.69464300;;federal;ativa;geral;nao;GRANDE USUARIO RODOVIA DF-128 KM 21, SN AREA RURAL. SETOR RESIDENCIAL MESTRE DARMAS PLANALTINA. 73380-900 Brasília - DF.
53017668;IFB - CAMPUS RECANTO DAS EMAS;-15.91238016;-48.07721786;;federal;ativa;geral;nao;QUADRA 300, NUCLEO RURAL, AVENIDA MONJOLO, 22 CHACARA. RECANTO DAS EMAS. 72620-100 Brasília - DF.
53015380;IFB - CAMPUS RIACHO FUNDO;-15.88157238;-48.00915479;;federal;ativa;geral;nao;AV. CEDRO AE 15 QS 16, AE 15 RIACHO FUNDO I. 71825-600 Brasília - DF.
53015231;IFB - CAMPUS SAMAMBAIA;-15.86270009;-48.05370314;;federal;ativa;geral;nao;RODOVIA DF-460 CAMPUS IFB LOTE 02, SAMAMBAIA SUL SAMAMBAIA. 72304-300 Brasília - DF.
53015401;IFB - CAMPUS SAO SEBASTIAO;-15.89167999;-47.78033946;;federal;ativa;geral;nao;QUADRA 02 CONJUNTO 13, AREA ESPECIAL 07. SAO BARTOLOMEU SAO SEBASTIAO. 71697-040 Brasília - DF.
53016874;INEDI - INST DE ENSINO PROFISSIONALIZANTE;-15.79542920;-47.89299330;;privada;ativa;geral;nao;SCS QUADRA 8 BLOCO B LOTES 50/60 EDIFICIO VENANCIO 2000, 331/333 SALAS. ASA SUL. 70333-900 Brasília - DF.
53018052;INEPROTEC - INST DE ENSINO PROFISSIONALIZANTE E TECNICO;-15.90055803;-48.05598094;;privada;ativa;geral;nao;QUADRA QUADRA 101 CONJUNTO 2 LOTE 1, 1 RECANTO DAS EMAS. 72600-102 Brasília - DF.
53013450;INSEF - INST DE EDUC FENIX;-15.79113388;-48.12751152;infantil|fundamental_i|fundamental_ii;privada;ativa;geral;nao;QUADRA QNO 13 CONJUNTO P, 19 A 25 SETOR O. CEILANDIA NORTE CEILANDIA. 72255-316 Brasília - DF.
53015169;INST DE EDUC GRAOZINHO DE OURO;-15.83956860;-48.03832670;infantil|fundamental_i;privada;ativa;geral;nao;AVENIDA JEQUITIBA, 485 LOJAS 01,2, 11 A 1. SUL AGUAS CLARAS. 71929-540 Brasília - DF.
53004655;INST DE EDUC GUINESS;-15.83385000;-48.05392000;infantil|fundamental_i|fundamental_ii;privada;ativa;geral;nao;QUADRA QSA 7, 15/21 PREDIO. TAGUATINGA SUL TAGUATINGA. 72015-070 Brasília - DF.
53013603;INST DE EDUC HAIDEE NEVES - IEHN;-15.87929180;-48.01398120;infantil;privada;ativa;geral;sim;QUADRA QN 3 AREA ESPECIAL 1, AREA ESPECIAL 01. RIACHO FUNDO. 71805-311 Brasília - DF.
53015800;INST DE EDUC LUIZ HERMANI;-15.88589810;-48.01194290;infantil;privada;ativa;geral;sim;QUADRA QS 14 LOTE F, S/N. RIACHO FUNDO I. 71825-426 Brasília - DF.
53013140;INST DE EDUC MONTESQUIEU;-15.79765810;-48.04577020;infantil|fundamental_i|fundamental_ii;privada;ativa;geral;nao;RUA 10 CHACARA 323/1, 25 VICENTE PIRES. SETOR HABITACIONAL VICENTE PIRES. 72007-403 Brasília - DF.
53016688;INST DE EDUC VITORIA REGIA;-15.80925879;-48.02477991;infantil|fundamental_i;privada;ativa;geral;nao;RUA 6 CHACARA 276 LTS 2,4 E 8, 2,4 E 8 LOTES 2,4 E 8. SETOR HABITACIONAL VICENTE PIRES. 72006-610 Brasília - DF.
53018508;INST EDUCACIONAL DOM LEOLINO E IRMA CECILIA LUVIZOTTO;-15.91586620;-47.76960184;infantil;privada;ativa;geral;sim;RESIDENCIAL MORRO DA CRUZ, 12 RESIDENCIAL MORRO DA CRUZ SAO SEBASTIAO. 71693-500 Brasília - DF.
53018281;INST EDUCACIONAL PINTANDO O SETE;-15.60371260;-47.86978461;infantil;privada;ativa;geral;sim;ENGENHO VELHO QD 2, CAIXA DE AGUA. FERCAL. 73150-010 Brasília - DF.
53009606;INST EDUCACIONAL SAO JUDAS TADEU;-15.86302860;-47.86140340;infantil;privada;ativa;geral;sim;QUADRA SHIS QI 19 CHACARAS 7 A 12, 12 SETOR DE HABITACOES INDIVIDUAIS SUL. 71655-720 Brasília - DF.
53017706;INST EDUCACIONAL SOARES;-15.74209390;-47.75666890;infantil|fundamental_i|fundamental_ii;privada;ativa;geral;nao;RODOVIA DF-250 KM 2,5 CD MANSOES ENTRE LAGOS ETAPA 2 CONJUNTO U, 17/18 REGIAO DOS LAGOS SOBRADINHO. 73255-901 Brasília - DF.
53014014;INST EDUCACIONAL VITORIA REGIA;-15.88022382;-48.01625894;infantil|fundamental_i|fundamental_ii;privada;ativa;geral;nao;QUADRA QN 5 AREA ESPECIAL, 06 RIACHO FUNDO I. 71805-436 Brasília - DF.
53007638;INST FREDERICO OZANAM;-15.82735170;-48.08636500;infantil;privada;ativa;geral;sim;QUADRA QNM 31, MODULO C. CEILANDIA SUL CEILANDIA. 72215-310 Brasília - DF.
53014332;INST MARECHAL MALLET;-15.80972380;-48.10118920;;privada;ativa;geral;nao;QUADRA QNM 20 CONJUNTO O, 24/26/2830 CEILANDIA NORTE CEILANDIA. 72210-215 Brasília - DF.
53013611;INST MONTE HOREBE;-15.82162160;-47.92533690;;privada;ativa;geral;nao;QUADRA SGAS 914 CONJUNTO A, PARTE - PREDIO DO COLEGIO NOTRE DAME, 63/64 ASA SUL. 70390-140 Brasília - DF.
53006151;INST MONTE HOREBE PLANALTINA;-15.61470830;-47.65484030;;privada;ativa;geral;nao;QUADRA QUADRA 1, 0 PROJECAO D. SETOR COMERCIAL CENTRAL PLANALTINA. 73310-300 Brasília - DF.
53014693;INST NAIR VALADARES - INAV;-15.90512510;-48.04404260;infantil;privada;ativa;geral;sim;QUADRA QN 8A, 5 LOTES 1 E 2. RIACHO FUNDO II. 71880-110 Brasília - DF.
53015606;INST PAZ E VIDA;-15.84081120;-48.12488300;;privada;paralisada;geral;nao;QUADRA QNP 22 CONJUNTO G, P SUL. CEILANDIA SUL CEILANDIA. 72235-225 Brasília - DF.
53018109;INST SANTA RITA;-15.63444170;-47.65105993;infantil|fundamental_i;privada;ativa;geral;nao;QUADRA 3A CONJUNTO A, LOTE 14. ARAPOANGA PLANALTINA. 73368-120 Brasília - DF.
53005910;INST SAO JOSE;-15.65444860;-47.79731950;infantil|fundamental_i|fundamental_ii;privada;ativa;geral;nao;QUADRA 4 AREA ESPECIAL, 01 AREA ESPECIAL. SOBRADINHO. 73025-040 Brasília - DF.
53015525;INST SAO VICENTE DE PAULO;-15.62434310;-47.66048110;infantil;privada;ativa;geral;sim;RUA 15 DE NOVEMBRO QUADRA 60 LOTE 9A, 9A SETOR TRADICIONAL PLANALTINA. 73330-038 Brasília - DF.
53015738;INST SERRANO;-15.64104630;-47.82818980;infantil|fundamental_i;privada;ativa;geral;nao;QUADRA AR 6 CONJUNTO 1, 29/30 LOTES 29/30. SETOR OESTE SOBRADINHO II. 73060-601 Brasília - DF.
53013425;INST TECNICO EDUCACIONAL MADRE TERESA;-15.80672686;-48.08023115;;privada;ativa;geral;nao;QNH 08 LOTE 02, 1º PAVIMENTO. TAGUATINGA NORTE. 72130-580 Brasília - DF.
53012763;INSTITUICAO EDUCACIONAL SANTA LUZIA;-15.88075990;-48.07351280;infantil;privada;ativa;geral;sim;QUADRA QN 508 CONJUNTO 5, 05 SAMAMBAIA SUL SAMAMBAIA. 72312-205 Brasília - DF.
53016920;INSTITUTO DE EDUCACAO PAULINA DE JESUS;-15.80208510;-48.13565440;infantil|fundamental_i;privada;ativa;geral;nao;QNO 16 CONJUNTO 09 LOTES 01/03, CEILANDIA. 72260-609 Brasília - DF.
53005899;INSTITUTO EDUCACIONAL SANTO ELIAS;-15.64566033;-47.78779023;infantil|fundamental_i|fundamental_ii;privada;ativa;geral;nao;QUADRA QUADRA 11, AREA ESPECIAL 03. SOBRADINHO. 73040-110 Brasília - DF.
53015614;INSTITUTO MAGIA DOS SONHOS;-15.63735667;-47.63421000;infantil;privada;ativa;geral;sim;QUADRA 21 CONJUNTO F, 17 ARAPOANGA PLANALTINA. 73368-550 Brasília - DF.
53003241;INSTITUTO SOCIAL PAX - COLEGIO PAX;-16.02089031;-48.06145468;infantil|fundamental_i|fundamental_ii;privada;ativa;geral;sim;AREA ESPECIAL LADO LESTE, 26/29 LADO LESTE. SETOR CENTRAL GAMA. 72405-135 Brasília - DF.
53008898;JI 01 DO CRUZEIRO;-15.78451540;-47.93567420;infantil;estadual;ativa;geral;nao;QUADRA SRES QUADRA 5 AREA ESPECIAL ESCOLAR, LOTE 05 CRUZEIRO VELHO. 70640-005 Brasília - DF.
53014626;JI 01 DO RIACHO FUNDO II;-15.90209020;-48.04463540;infantil;estadual;ativa;geral;nao;QUADRA QN 8C, 01 A/E 01. RIACHO FUNDO II. 71880-130 Brasília - DF.
53017072;JI 02 DO CRUZEIRO;-15.79665920;-47.93912610;infantil;estadual;ativa;geral;nao;SHCES QD 805 AE LOTE 01, AREA ESPECIAL. CRUZEIRO NOVO. 70655-860 Brasília - DF.
53002970;JI 02 DO GAMA;-16.03066530;-48.05432550;infantil;estadual;ativa;geral;nao;QUADRA EQ 31/32, AREA ESPECIAL. SETOR LESTE GAMA. 72460-315 Brasília - DF.
53002903;JI 03 DO GAMA;-16.00654930;-48.05142230;infantil;estadual;ativa;geral;nao;QUADRA EQ 3/5 AREA ESPECIAL, S/N GAMA. SETOR LESTE GAMA. 72450-035 Brasília - DF.
53002849;JI 04 DO GAMA;-16.01695051;-48.07644522;infantil;estadual;ativa;geral;nao;QUADRA EQ 22/32, S/N SETOR OESTE GAMA. 72420-227 Brasília - DF.
53003012;JI 05 DO GAMA;-16.02625430;-48.08062060;infantil;estadual;ativa;geral;nao;QUADRA 10, S/N.º AREA ESPECIAL. SETOR SUL GAMA. 72415-500 Brasília - DF.
53017056;JI 06 DO GAMA;-16.01153240;-48.07878130;infantil;estadual;ativa;geral;nao;EQ 17/27 AE ST OESTE, SETOR OESTE. 72420-177 Brasília - DF.
53002237;JI 102 SUL;-15.80400100;-47.88977740;infantil;estadual;ativa;geral;nao;QUADRA SQS 102, S/N AREA ESPECIAL. ASA SUL. 70330-000 Brasília - DF.
53002245;JI 106 NORTE;-15.76966900;-47.88330670;infantil;estadual;ativa;geral;nao;QUADRA SQN 106, AREA ESPECIAL. ASA NORTE. 70742-000 Brasília - DF.
53002253;JI 108 SUL;-15.81740220;-47.90444240;infantil;estadual;ativa;geral;nao;QUADRA SQS 108 - AREA ESPECIAL, SEM NUMERO ASA SUL. 70347-000 Brasília - DF.
53002261;JI 114 SUL;-15.82869350;-47.92080310;infantil;estadual;ativa;geral;nao;QUADRA SQS 114, S/N AREA ESPECIAL. ASA SUL. 70377-000 Brasília - DF.
53014561;JI 116 DE SANTA MARIA;-16.00216860;-47.99565880;infantil;estadual;ativa;geral;nao;QUADRA QR 116 CONJUNTO H, 09 SANTA MARIA. 72546-408 Brasília - DF.
53002270;JI 208 SUL;-15.82057460;-47.90158390;infantil;estadual;ativa;geral;nao;QUADRA SQS 208, AREA ESPECIAL. ASA SUL. 70254-000 Brasília - DF.
53002210;JI 21 DE ABRIL;-15.81030370;-47.90679710;infantil;estadual;ativa;geral;nao;QUADRA SEPS 707/907, ASA SUL. 70390-078 Brasília - DF.
53002288;JI 302 NORTE;-15.78196360;-47.88592610;infantil;estadual;ativa;geral;nao;SQN 302, AREA ESPECIAL. ASA NORTE. 70723-000 Brasília - DF.
53002296;JI 303 SUL;-15.80314690;-47.89375230;infantil;estadual;ativa;geral;nao;QUADRA SQS 303 AREA ESPECIAL, S/N ASA SUL. 70336-000 Brasília - DF.
53002300;JI 304 NORTE;-15.77615412;-47.88575255;infantil;estadual;ativa;geral;nao;QUADRA SQN 304, S/Nº AREA ESPECIAL. ASA NORTE. 70736-000 Brasília - DF.
53002318;JI 305 SUL;-15.80846780;-47.89868520;infantil;estadual;ativa;geral;nao;QUADRA SQS 305, AEREA ESPECIAL. ASA SUL. 70352-000 Brasília - DF.
53002326;JI 308 SUL;-15.81423050;-47.90637920;infantil;estadual;ativa;geral;nao;QUADRA SQS 308, AREA ESPECIAL. ASA SUL. 70355-000 Brasília - DF.
53002334;JI 312 NORTE;-15.75151740;-47.89239270;infantil;estadual;ativa;geral;nao;QUADRA SQN 312, AE. ASA NORTE. 70765-000 Brasília - DF.
53002342;JI 314 SUL;-15.82621080;-47.92255200;infantil;estadual;ativa;geral;nao;QUADRA SQS 314, S/N ASA SUL. 70383-000 Brasília - DF.
53002350;JI 316 SUL;-15.82894150;-47.92717410;infantil;estadual;ativa;geral;nao;QUADRA SQS 316 AREA ESPECIAL, S/N ASA SUL. 70387-000 Brasília - DF.
53002369;JI 404 NORTE;-15.77521570;-47.87639980;infantil;estadual;ativa;geral;nao;QUADRA SQN 404, AREA ESPECIAL. ASA NORTE. 70845-000 Brasília - DF.
53014596;JI 603 DO RECANTO DAS EMAS;-15.91785780;-48.05791070;infantil;estadual;ativa;geral;nao;QUADRA 603 CONJUNTO 9, LOTE 1 AREA ESPECIAL. RECANTO DAS EMAS. 72640-309 Brasília - DF.
53006682;JI CASA DE VIVENCIA;-15.61242710;-47.65061270;infantil;estadual;ativa;geral;nao;QUADRA QUADRA 1, AV.NS 01 A.ESP. 9. SETOR RESIDENCIAL LESTE PLANALTINA. 73350-100 Brasília - DF.
53002229;JI CASA DO CANDANGO;-15.81146000;-47.88375833;infantil;privada;ativa;geral;sim;SGAS QUADRA 603 CONJUNTO A, S/N L2 SUL. ASA SUL. 70200-630 Brasília - DF.
53008707;JI LUCIO COSTA;-15.80935968;-47.98588138;infantil;estadual;ativa;geral;nao;QUADRA EPTG QE 1 AREA ESPECIAL 2, QUADRAS ECONOMICAS LUCIO COSTA GUARA. 71100-045 Brasília - DF.
53009614;JI VI COMAR;-15.85581400;-47.90837970;infantil;estadual;ativa;geral;nao;VILA DO NPV DOS OFICIAIS, SN SETOR DE HABITACOES INDIVIDUAIS SUL. 71603-000 Brasília - DF.
53008669;JIN A PANTERINHA;-15.84474000;-47.98264170;;privada;paralisada;geral;nao;QUADRA QE 30 CONJUNTO G CASA 50, 50 50. GUARA II. 71065-070 Brasília - DF.
53005260;JIN MENINO JESUS;-15.67257000;-48.19238000;infantil;privada;ativa;geral;sim;AREA ESPECIAL 2, LOTE M/N. SETOR NORTE BRAZLANDIA. 72705-620 Brasília - DF.
53010078;JOAO E MARIA - ESC DE EDUC INTEGRAL;-15.82554046;-47.97994071;infantil;privada;ativa;geral;nao;QUADRA QE 13 CONJUNTO E, 01 GUARA II. 71050-050 Brasília - DF.
53012585;LAR EDUCANDARIO NOSSA SENHORA MONT SERRAT;-15.87558973;-47.97613696;infantil;privada;ativa;geral;sim;TERCEIRA AVENIDA AREA ESPECIAL 7 MODULO N, NUCLEO BANDEIRANTE. 71720-589 Brasília - DF.
53018680;LIDER EDUCACAO INTEGRADA;-15.63779205;-47.80742352;infantil|fundamental_i;privada;ativa;geral;nao;QUADRA 9 AR 21, SOBRADINHO. 73036-700 Brasília - DF.
53013743;LS ESCOLA TECNICA;-15.84067170;-48.04694342;;privada;ativa;geral;nao;QSD LOTE PARA COMERCIO 05 LOJA 0102 SALA 102 108 110, 05 AREA ESP.PARA COMERC. TAGUATINGA. 72020-111 Brasília - DF.
53015096;MACKEDU SCHOOL;-16.03197820;-48.06594550;infantil|fundamental_i;privada;ativa;geral;nao;QUADRA 03 CONJUNTO O LOTES 7 E 8 - SETOR SUL - GAMA, SETOR SUL. 72410-215 Brasília - DF.
53014448;MAG EDUCACIONAL;-15.83956837;-48.00365627;infantil|fundamental_i|fundamental_ii;privada;ativa;geral;nao;SMPW QUADRA 5 CONJUNTO 6, LOTE 01 UNIDADE B. SETOR DE MANSOES PARK WAY. 71735-506 Brasília - DF.
53014995;MAT CONSTRUCAO DO SABER;-15.78069604;-47.93518060;infantil;privada;ativa;geral;nao;QUADRA SRES QUADRA 12 BLOCO G, 56 CRUZEIRO VELHO. 70645-075 Brasília - DF.
53017617;ME POE NA HISTORIA - EDUC INF;-15.71968290;-47.88114180;infantil;privada;ativa;geral;nao;QUADRA EQN 212/412, LOTE C ESCOLA. ASA NORTE. 70864-450 Brasília - DF.
53013794;MONTESSORIANA ESC INF;-15.83148300;-47.92671980;infantil;privada;ativa;geral;nao;QUADRA EQS 116/316, S/N LOTE C. ASA SUL. 70386-400 Brasília - DF.
53013913;ORIGINAL - C DE EDUC INF;-15.83980400;-48.05203830;infantil;privada;ativa;geral;nao;QUADRA QSA 14, CASA 2 TAGUATINGA SUL TAGUATINGA. 72015-140 Brasília - DF.
53013662;PRO-EDUCAR INST TECNICO EDUCACIONAL;-15.82111268;-48.06118386;;privada;ativa;geral;nao;QUADRA QNA 41, LOTE 03 TAGUATINGA NORTE TAGUATINGA. 72110-410 Brasília - DF.
53017145;PRO-VIDA C DE EDUC INF;-15.90304667;-48.09824333;infantil;privada;ativa;geral;sim;AVENIDA VARGEM DA BENCAO CHACARA, 29 29. RECANTO DAS EMAS. 72610-350 Brasília - DF.
53016998;QUERUBIM SAUDE C TECNICO E ASSIST DE ENFERMAGEM;-15.86339900;-48.07961250;;privada;paralisada;geral;nao;QUADRA QSB 7, LOTE 06. TAGUATINGA SUL TAGUATINGA. 72015-570 Brasília - DF.
53007468;REDE DE ENS CERTO - UNIDADE CEILANDIA;-15.81192290;-48.12801240;infantil|fundamental_i|fundamental_ii;privada;ativa;geral;nao;QUADRA EQNP 9/13 MODULO A, CEILANDIA NORTE CEILANDIA. 72240-571 Brasília - DF.
53002075;REDE EDUCACIONAL FRANCISCANA COL SANTO ANTONIO;-15.81334295;-47.91700180;infantil|fundamental_i|fundamental_ii;privada;ativa;geral;nao;QUADRA SGAS 911, B. ASA SUL. 70390-110 Brasília - DF.
53010221;SEMPRE MAT E PRE-ESC;-15.74427000;-47.84913000;infantil|fundamental_i;privada;ativa;geral;nao;QUADRA SHIN QI 9 CONJUNTO 1, 28 CASA. SETOR DE HABITACOES INDIVIDUAIS NORTE. 71515-210 Brasília - DF.
53016602;SERVICO NACIONAL DE APRENDIZAGEM COMERCIAL - SENAC JOAQUIM LOIOLA - GAMA;-16.03044460;-48.06175850;;privada;ativa;geral;nao;QUADRA QD 5 CJ F LT 7, 07 SETOR SUL GAMA. 72410-306 Brasília - DF.
53016211;SERVICO NACIONAL DE APRENDIZAGEM DO TRANSPORTE;-15.85981609;-48.05443700;;privada;ativa;geral;nao;QUADRA QR 420 CONJUNTO 8 LOTE, 01 SUBCENTRO LESTE. SAMAMBAIA NORTE SAMAMBAIA. 72320-426 Brasília - DF.
53004949;SERVICO SOCIAL DO COMERCIO EDUSESC MEC;-15.81982660;-48.06344770;infantil|fundamental_i|fundamental_ii;privada;ativa;geral;nao;CNB 12, A/E 2/3 LOTE B NORTE, TAG NORTE. 72115-115 Brasília - DF.
53002423;SIBIPIRUNA - ESC INF;-15.74406070;-47.89909180;infantil;privada;ativa;geral;nao;QUADRA SHCGN 715 BLOCO A, ASA NORTE. 70770-701 Brasília - DF.
53015142;SIS SWISS INTERNATIONAL SCHOOL;-15.80198346;-47.90266464;infantil|fundamental_i|fundamental_ii;privada;ativa;geral;nao;QUADRA SGAS 905, BLOCO B. ASA SUL. 70390-050 Brasília - DF.
53017986;SOCIEDADE ANCHIETA DE EDUCACAO INTEGRAL;-15.87645833;-48.08198167;infantil|fundamental_i|fundamental_ii;privada;ativa;geral;nao;QN 304 CONJUNTO 01 LOTE 02, SAMAMBAIA SUL. 72306-001 Brasília - DF.
53016726;UNICO EDUCACIONAL;-15.81998256;-47.89286338;;privada;ativa;geral;nao;SGAS 606 CONJ. F, PARTE A. ASA SUL. 70200-660 Brasília - DF.
53017293;UNICO EDUCACIONAL TAGUATINGA;-15.83249810;-48.05187470;;privada;ativa;geral;nao;ST HOTELEIRO 1 PROJECAO A 1º E 2º ANDARES, TAGUATINGA. 72011-901 Brasília - DF.
53017684;UNYLEYA ESC TECNICA - UNYTECH;-15.84638500;-48.03095000;;privada;ativa;geral;nao;AVENIDA JACARANDA, 16 PREDIO. SUL AGUAS CLARAS. 71927-540 Brasília - DF.
53018249;UP 10 EDUCACIONAL - ESC TECNICA - FBR;-16.01126660;-47.98923984;;privada;ativa;geral;nao;CL 417 LOTE E, SANTA MARIA. 72547-240 Brasília - DF.
53017692;VIRAVENTOS ESCOLA INFANTIL;-15.81256247;-47.89034735;infantil;privada;ativa;geral;nao;QUADRA EQS 204/404 BLOCO C, ASA SUL. 70234-450 Brasília - DF.
53017927;ZIGUE ZAR;-15.82559675;-48.00854190;infantil;privada;ativa;geral;nao;SMPW QD 5 CJ 13 LT 1 FRACAO F, PARK WAY. 71735-513 Brasília - DF.
