codigo_inep;nome;latitude;longitude;ciclo;rede;situacao;atendimento;conveniada;endereco
33062978;01007 - EDUCANDARIO NOSSA SENHORA DE NAZARE;-22.91993000;-43.19547000;infantil|fundamental_i;privada;ativa;geral;sim;RUA DOUTOR AGRA, 115 CATUMBI. 20251-080 Rio de Janeiro - RJ.
33062501;0101001 EM VICENTE LICINIO CARDOSO;-22.89708050;-43.18366740;fundamental_i|fundamental_ii;municipal;ativa;geral;nao;RUA EDGARD GORDILHO, 63 PRACA MAUA. 20081-070 Rio de Janeiro - RJ.
33062439;0101003 EM DARCY VARGAS;-22.89681333;-43.18928833;fundamental_i;municipal;ativa;geral;nao;RUA SOUZA E SILVA, 112 SAUDE. 20220-560 Rio de Janeiro - RJ.
33062420;0101004 EM BENJAMIM CONSTANT;-22.90007104;-43.20573494;fundamental_i|fundamental_ii;municipal;ativa;geral;nao;PCA MAL HERMES, S/N SANTO CRISTO. 20220-430 Rio de Janeiro - RJ.
33062455;0101005 EM GENERAL MITRE;-22.90531710;-43.20310710;fundamental_i|fundamental_ii;municipal;ativa;geral;nao;FARNESE, 39 SANTO CRISTO. 20220-640 Rio de Janeiro - RJ.
33062447;0101006 EM FRANCISCO BENJAMIN GALLOTTI;-22.90083514;-43.19830924;fundamental_i;municipal;ativa;geral;nao;RUA DA AMERICA, 81 VILA PORTUARIA. SANTO CRISTO. 20220-010 Rio de Janeiro - RJ.
33062471;0101007 EM MARECHAL MASCARENHAS DE MORAES;-22.87704001;-43.21637979;fundamental_ii;municipal;ativa;geral;nao;RUA CARLOS SEIDL, 20 CAJU. 20931-003 Rio de Janeiro - RJ.
33062463;0101008 EM MARECHAL ESPERIDIAO ROSAS;-22.88010477;-43.21855087;fundamental_i;municipal;ativa;geral;nao;RUA DUQUE DE CAXIAS, 5 CAJU. 20931-590 Rio de Janeiro - RJ.
33062498;0101009 EM PROFESSOR WALTER CARLOS DE MAGALHAES FRAENKEL;-22.87853408;-43.22320165;fundamental_i|fundamental_ii;municipal;ativa;geral;nao;RUA CARLOS SEIDL, 1141 CAJU. 20931-004 Rio de Janeiro - RJ.
33167354;0101011 EM FELIX MIELLI VENERANDO;-22.88042099;-43.22649030;fundamental_ii;municipal;ativa;geral;nao;RUA CARLOS SEIXAS, S/N CAJU. 20931-003 Rio de Janeiro - RJ.
33062480;0101012 EM PROFESSORA LAURA SYLVIA MENDES PEREIRA;-22.87796390;-43.21628660;fundamental_i;municipal;ativa;geral;nao;RUA GAL SAMPAIO, 71 CAJU. 20931-350 Rio de Janeiro - RJ.
33062358;0101501 CIEP HENFIL;-22.88123820;-43.22506390;fundamental_i;municipal;ativa;geral;nao;RUA CARLOS SEIDL, S/N CAJU. 20931-003 Rio de Janeiro - RJ.
33107122;0101601 CM LADEIRA DOS FUNCIONARIOS;-22.87945278;-43.22386977;infantil;municipal;ativa;geral;nao;RUA CARLOS SEIDL, 1281 CAJU. 20931-004 Rio de Janeiro - RJ.
33141177;0101602 CM VIRGINIA LEMOS;-22.88637360;-43.23303100;infantil;municipal;ativa;geral;nao;RUA PARAISO, 17 PARQUE ALEGRIA. SAO CRISTOVAO. 20920-460 Rio de Janeiro - RJ.
33122369;0101603 CM SENNINHA;-22.88297087;-43.22874796;infantil;municipal;ativa;geral;nao;TRAVESSA DA MANGUEIRA, SN PARQUE BOA ESPERANCA. CAJU. 20931-002 Rio de Janeiro - RJ.
33122326;0101604 CM SEMPRE VIDA P CONQUISTA;-22.87772667;-43.22648167;infantil;municipal;ativa;geral;nao;RUA DAS BOAS VINDAS, 950 FUNDOS N 26. CAJU. 20211-110 Rio de Janeiro - RJ.
33122474;0101605 CM CLEMENTE FERREIRA;-22.87625180;-43.22268680;infantil;municipal;ativa;geral;nao;RUA CARLOS SEIDL, 813 CAJU. 20931-002 Rio de Janeiro - RJ.
33128049;0101606 CM QUINTA DO CAJU;-22.87532180;-43.21147500;infantil;municipal;ativa;geral;nao;RUA CIRCULAR DA QUINTA DO CAJU, 140 CAJU. 20931-060 Rio de Janeiro - RJ.
33156514;0101607 CM TIA DORA;-22.89803333;-43.19740167;infantil;municipal;ativa;geral;nao;RUA BARAO DA GAMBOA,, 203 GAMBOA. 20220-690 Rio de Janeiro - RJ.
33519358;0101801 EDI PARQUE DA ALEGRIA;-22.88456270;-43.23091850;infantil;municipal;ativa;geral;nao;RUA DO TREM, SN PARQUE ALEGRIA. CAJU. 20931-003 Rio de Janeiro - RJ.
33164088;0101802 EDI MACHADO DE ASSIS;-22.90083300;-43.19838170;infantil;municipal;ativa;geral;nao;RUA DA AMERICA 81, 81 SANTO CRISTO. 20210-910 Rio de Janeiro - RJ.
33062412;0101803 EDI ANTONIO RAPOSO TAVARES;-22.89576330;-43.19435330;infantil;municipal;ativa;geral;nao;RUA DO PROPOSITO, 73 GAMBOA. 20220-530 Rio de Janeiro - RJ.
33062773;0102001 EM CELESTINO DA SILVA;-22.90931710;-43.18355110;fundamental_ii;municipal;ativa;geral;nao;RUA DO LAVRADIO, 56 CENTRO. 20230-070 Rio de Janeiro - RJ.
33062803;0102002 EM TIRADENTES;-22.90793167;-43.18534667;fundamental_i;municipal;ativa;geral;nao;R VISCONDE DO RIO BRANCO, 48 CENTRO. 20060-080 Rio de Janeiro - RJ.
33062790;0102004 EM RIVADAVIA CORREA;-22.90395187;-43.18800721;fundamental_ii;municipal;ativa;geral;nao;AV PRESIDENTE VARGAS, 1314 CENTRO. 20210-031 Rio de Janeiro - RJ.
33062765;0102005 EM CALOUSTE GULBENKIAN;-22.90925333;-43.19618833;fundamental_ii;municipal;ativa;geral;nao;RUA PROFESSOR CLEMENTINO FRAGA, S/N CENTRO. 20230-250 Rio de Janeiro - RJ.
33063141;0102006 EM GUATEMALA;-22.91811710;-43.18820000;infantil|fundamental_i;municipal;ativa;geral;nao;PRACA PRES AGUIRRE CERDA, 55 BAIRRO DE FATIMA. 20240-200 Rio de Janeiro - RJ.
33154597;0102007 EM ORLANDO VILLAS BOAS;-22.91684200;-43.18605350;fundamental_ii;municipal;ativa;geral;nao;RUA ANDRE CAVALCANTI, 103/109 CENTRO. 20231-050 Rio de Janeiro - RJ.
33062757;0102501 EM TIA CIATA;-22.90708710;-43.19501910;fundamental_i;municipal;ativa;geral;nao;AV PRESIDENTE VARGAS, S/N CENTRO. 20071-003 Rio de Janeiro - RJ.
33062552;0102502 CIEP AVENIDA DOS DESFILES I;-22.91352740;-43.19603930;infantil;municipal;ativa;geral;nao;AVENIDA SALVADOR DE SA, CIDADE NOVA. 20211-260 Rio de Janeiro - RJ.
33062544;0102503 CIEP AVENIDA DOS DESFILES II;-22.91316450;-43.19593660;infantil;municipal;ativa;geral;nao;AVENIDA SALVADOR DE SA, S/N SETOR 13. CIDADE NOVA. 20211-260 Rio de Janeiro - RJ.
33062714;0102504 CIEP AVENIDA DOS DESFILES;-22.91355940;-43.19690050;fundamental_i;municipal;ativa;geral;nao;AV SALVADOR DE SA, S/N SETOR 12. CIDADE NOVA. 20211-260 Rio de Janeiro - RJ.
33062587;0102505 CIEP JOSE PEDRO VARELA;-22.91129410;-43.18216540;infantil|fundamental_i;municipal;ativa;geral;nao;RUA DO LAVRADIO, 133 CENTRO. 20230-070 Rio de Janeiro - RJ.
33127832;0102601 CM SEMPRE VIDA SANTO ANTONIO DE PADUA;-22.91903390;-43.20292440;infantil;municipal;ativa;geral;nao;RUA LAURINDO RABELO, 537 ESTACIO. 20250-150 Rio de Janeiro - RJ.
33127908;0102602 CM ANA MARIA DA CRUZ SILVA;-22.91335329;-43.19698398;infantil;municipal;ativa;geral;nao;AVENIDA SALVADOR DE SA, SN SETOR 12. CIDADE NOVA. 20211-260 Rio de Janeiro - RJ.
33154562;0102604 CM ARCO-IRIS;-22.91091500;-43.18185667;infantil;municipal;ativa;geral;nao;RUA DO LAVRADIO, 133 CENTRO. 20230-070 Rio de Janeiro - RJ.
33154570;0102605 CM ALDEIA DOS CURUMINS;-22.91672040;-43.18599230;infantil;municipal;ativa;geral;nao;RUA ANDRE CAVALCANTI, 103 CENTRO. 20231-050 Rio de Janeiro - RJ.
33154589;0102606 CM GEORGE SAVALLA GOMES - PALHACO CAREQUINHA;-22.90715190;-43.19355740;infantil;municipal;ativa;geral;nao;RUA GUSTAVO BARROSO, SN CENTRO. 20230-220 Rio de Janeiro - RJ.
33062781;0102802 EDI CAMPOS SALLES;-22.90809534;-43.18663694;infantil;municipal;ativa;geral;nao;PRACA DA REPUBLICA, SN CENTRO. 20211-350 Rio de Janeiro - RJ.
33149259;0102803 EDI RACHEL DE QUEIROZ;-22.90690213;-43.19496998;infantil;municipal;ativa;geral;nao;AVENIDA PRESIDENTE VARGAS, S/N CENTRO. 20210-030 Rio de Janeiro - RJ.
33063133;0103001 EM ESTADOS UNIDOS;-22.92141570;-43.19671650;fundamental_i|fundamental_ii;municipal;ativa;geral;nao;RUA ITAPIRU, 453 CATUMBI. 20251-031 Rio de Janeiro - RJ.
33063176;0103003 EM MEM DE SA;-22.92413300;-43.20431400;infantil|fundamental_i|fundamental_ii;municipal;ativa;geral;nao;RUA CAMPOS DA PAZ, 218 RIO COMPRIDO. 20250-460 Rio de Janeiro - RJ.
33063184;0103004 EM PEREIRA PASSOS;-22.92432020;-43.20821516;fundamental_i|fundamental_ii;municipal;ativa;geral;nao;PCA CONDESSA PAULO DE FRONTIN, 45 RIO COMPRIDO. 20261-190 Rio de Janeiro - RJ.
33063168;0103005 EM MARIO CLAUDIO;-22.91718810;-43.21111200;fundamental_i;municipal;ativa;geral;nao;RUA HADDOCK LOBO, 148 RIO COMPRIDO. 20260-002 Rio de Janeiro - RJ.
33063150;0103006 EM JENNY GOMES;-22.92313673;-43.21020635;fundamental_ii;municipal;ativa;geral;nao;AV PAULO DE FRONTIN, 452 RIO COMPRIDO. 20261-242 Rio de Janeiro - RJ.
33063125;0103501 EM DO CATUMBI;-22.91602808;-43.19471748;fundamental_i;municipal;ativa;geral;nao;RUA DOM PEDRO MASCARENHAS, 23 CATUMBI. 20251-610 Rio de Janeiro - RJ.
33063109;0103502 EM CANADA;-22.91557158;-43.20434814;fundamental_i;municipal;ativa;geral;nao;RUA SAO CARLOS, 181 ESTACIO. 20250-052 Rio de Janeiro - RJ.
33096490;0103601 CM ESPACO LIVRE DA CRIANCA;-22.91618550;-43.20329040;infantil;municipal;ativa;geral;nao;RUA LAURINDO RABELLO, 184 ESTACIO. 20250-170 Rio de Janeiro - RJ.
33122440;0103602 CM DIREITOS HUMANOS;-22.93098000;-43.20221000;infantil;municipal;ativa;geral;nao;RUA BARAO DE PETROPOLIS, 724 RIO COMPRIDO. 20251-062 Rio de Janeiro - RJ.
33147370;0103604 CM SONHO INFANTIL;-22.92706833;-43.21451531;infantil;municipal;ativa;geral;nao;RUA INFANTE DE SAGRES, 275 FUNDOS. RIO COMPRIDO. 20261-160 Rio de Janeiro - RJ.
33238200;0103605 CM BRINCADEIRAS DE CRIANCA;-22.91886990;-43.19811510;infantil;municipal;ativa;geral;nao;RU VAN ERVEN, S/N CATUMBI. 20211-320 Rio de Janeiro - RJ.
33462259;0103606 CM CAMPOS DA PAZ;-22.92259810;-43.20371370;infantil;municipal;ativa;geral;nao;RUA AZEVEDO LIMA, 100 RIO COMPRIDO. 20250-500 Rio de Janeiro - RJ.
33462267;0103607 CM ESTACIO DE SA;-22.91400470;-43.20408999;infantil;municipal;ativa;geral;nao;RUA ESTACIO DE SA, 51 ESTACIO. 20211-270 Rio de Janeiro - RJ.
33160880;0103801 EDI PROFESSORA SIMONE SOUSA PIMENTEL;-22.92773110;-43.21352440;infantil;municipal;ativa;geral;nao;RUA INFANTE DE SAGRES, 121 RIO COMPRIDO. 20261-160 Rio de Janeiro - RJ.
33164126;0103802 EDI LILY MARINHO;-22.91971670;-43.19386180;infantil;municipal;ativa;geral;nao;RUA GONCALVES, S/N SANTA TERESA. 20251-330 Rio de Janeiro - RJ.
33164134;0103804 EDI ZELIA GATTAI AMADO;-22.92721780;-43.19930850;infantil;municipal;ativa;geral;nao;RUA CATURAMA S/N RIO COMPRIDO, RIO COMPRIDO. 20251-070 Rio de Janeiro - RJ.
33163324;0103805 EDI BEATRIZ VICENCIA BANDEIRA RYFF;-22.91939800;-43.20503230;infantil;municipal;ativa;geral;nao;RUA SANTOS RODRIGUES, 263 ESTACIO. 20250-430 Rio de Janeiro - RJ.
33063117;0103806 EDI FUNDACAO LEAO XIII;-22.91988640;-43.20371871;infantil;municipal;ativa;geral;nao;RUA LAURINDO RABELO, 554 ESTACIO. 20250-150 Rio de Janeiro - RJ.
33167257;0103807 EDI MARIA LUIZA NOBRE - TIA LUIZINHA;-22.92234384;-43.19627744;infantil;municipal;ativa;geral;nao;ITAPIRU, 527 FUNDOS. CATUMBI. 20251-031 Rio de Janeiro - RJ.
33066264;0107001 EM GONCALVES DIAS;-22.89905985;-43.22020308;fundamental_ii;municipal;ativa;geral;nao;CAMPO DE SAO CRISTOVAO, 115 SAO CRISTOVAO. 20921-440 Rio de Janeiro - RJ.
33066337;0107002 EM NILO PECANHA;-22.90467632;-43.21955762;fundamental_ii;municipal;ativa;geral;nao;AV PEDRO II, 398 SAO CRISTOVAO. 20940-070 Rio de Janeiro - RJ.
33066345;0107003 EM PORTUGAL;-22.90265100;-43.22496390;infantil|fundamental_i|fundamental_ii;municipal;ativa;geral;nao;AV EXERCITO, 175 SAO CRISTOVAO. 20910-025 Rio de Janeiro - RJ.
33066256;0107004 EM FLORIANO PEIXOTO;-22.89764234;-43.22761187;infantil|fundamental_i;municipal;ativa;geral;nao;PRACA ARGENTINA, 20 SAO CRISTOVAO. 20920-050 Rio de Janeiro - RJ.
33066299;0107005 EM JOAO DE CAMARGO;-22.89085100;-43.23026450;fundamental_i|fundamental_ii;municipal;ativa;geral;nao;RUA RICARDO MACHADO, 633 VASCO DA GAMA. 20921-270 Rio de Janeiro - RJ.
33066310;0107006 EM MARECHAL TROMPOWSKY;-22.90785290;-43.23158010;fundamental_i;municipal;ativa;geral;nao;AV BARTOLOMEU DE GUSMAO, 1100 FUNDOS. SAO CRISTOVAO. 20941-160 Rio de Janeiro - RJ.
33066280;0107007 EM HUMBERTO DE CAMPOS;-22.90424580;-43.23881810;infantil|fundamental_i;municipal;ativa;geral;nao;TRAVESSA SAIAO LOBATO, 40 MANGUEIRA. 20943-135 Rio de Janeiro - RJ.
33066302;0107008 EM JOSE MOREIRA DA SILVA;-22.90333280;-43.23521880;infantil|fundamental_i;municipal;ativa;geral;nao;RUA EUCALIPTO, S/N MANGUEIRA. 20911-054 Rio de Janeiro - RJ.
33066353;0107009 EM URUGUAI;-22.89863298;-43.23782345;fundamental_ii;municipal;ativa;geral;nao;RUA ANA NERI, 192 SAO CRISTOVAO. 20911-442 Rio de Janeiro - RJ.
33066221;0107011 EM CARDEAL LEME;-22.88940840;-43.23568890;fundamental_i|fundamental_ii;municipal;ativa;geral;nao;RUA EBANO, 205 BENFICA. 20930-060 Rio de Janeiro - RJ.
33066272;0107012 EM GONZAGA DA GAMA FILHO;-22.89775930;-43.23788360;infantil|fundamental_i;municipal;ativa;geral;nao;GEN GUSTAVO CORDEIRO DE FARIAS, 578 BENFICA. 20910-220 Rio de Janeiro - RJ.
33066205;0107013 EM ALICE DO AMARAL PEIXOTO;-22.88982258;-43.23550546;infantil|fundamental_i;municipal;ativa;geral;nao;RUA EBANO, 187 SAO CRISTOVAO. 20930-060 Rio de Janeiro - RJ.
33170975;0107016 EM JOSUE DE SOUSA MONTELLO;-22.89954970;-43.21987670;fundamental_i;municipal;ativa;geral;nao;CAMPO DE SAO CRISTOVAO, 115 SAO CRISTOVAO. 20921-440 Rio de Janeiro - RJ.
33066248;0107501 EM EDMUNDO BITTENCOURT;-22.89251590;-43.23415140;fundamental_i;municipal;ativa;geral;nao;RUA LOPES TROVAO, 287 BENFICA. 20920-340 Rio de Janeiro - RJ.
33066329;0107502 EM MESTRE WALDEMIRO;-22.90656890;-43.22928070;infantil|fundamental_i|fundamental_ii;municipal;ativa;geral;nao;AV BARTOLOMEU DE GUSMAO, 850 FUNDOS. SAO CRISTOVAO. 20941-160 Rio de Janeiro - RJ.
33094594;0107601 CM ADALBERTO ISMAEL DE SOUZA;-22.90647050;-43.23262500;infantil;municipal;ativa;geral;nao;AV. BARTOLOMEU DE GUSMAO, 1100 SAO CRISTOVAO. 20941-160 Rio de Janeiro - RJ.
33129290;0107602 CM DEPUTADO LUIZ EDUARDO DE MAGALHAES;-22.89823788;-43.23376545;infantil;municipal;ativa;geral;nao;RUA SAO LUIZ GONZAGA, 1486 BENFICA. 20910-064 Rio de Janeiro - RJ.
33126577;0107603 CM VOVO LUCIOLA;-22.90325030;-43.24004990;infantil;municipal;ativa;geral;nao;RUA VISCONDE DE NITEROI, 1098 TRAVESSA OLARIA. MANGUEIRA. 20943-001 Rio de Janeiro - RJ.
33144621;0107604 CM HOMERO JOSE DOS SANTOS;-22.90334870;-43.23655660;infantil;municipal;ativa;geral;nao;RUA ICARAI, S/N MANGUEIRA. 20941-025 Rio de Janeiro - RJ.
33122415;0107605 CM EDUARDO MOREIRA DOS SANTOS;-22.90005530;-43.23656630;infantil;municipal;ativa;geral;nao;RUA JUPARA, 98 TELEGRAFO. MANGUEIRA. 20911-060 Rio de Janeiro - RJ.
33094624;0107606 CM FRANCISCO ALVES;-22.88972200;-43.23016990;infantil;municipal;ativa;geral;nao;PRACA CARMELA DUTRA, 01 01. SAO CRISTOVAO. 20921-240 Rio de Janeiro - RJ.
33107645;0107607 CM NACAO MANGUEIRENSE;-22.90563536;-43.23932379;infantil;municipal;ativa;geral;nao;AVENIDA VISCONDE DE NITEROI, 774 MANGUEIRA. 20943-001 Rio de Janeiro - RJ.
33126301;0107608 CM SAMORA MACHEL;-22.88401300;-43.24880000;infantil;municipal;ativa;geral;nao;RUA LEOPOLDO BULHOES, 700 BENFICA. 20911-300 Rio de Janeiro - RJ.
33158037;0107609 CM VASQUINHO;-22.88714860;-43.22828910;infantil;municipal;ativa;geral;nao;RUA SANTO ANTONIO, S/N BARREIRA DO VASCO. SAO CRISTOVAO. 20921-180 Rio de Janeiro - RJ.
33230013;0107610 CM ARARA AZUL;-22.88927542;-43.24229903;infantil;municipal;ativa;geral;nao;RUA ADEMAR SERPA, SN BENFICA. 20911-400 Rio de Janeiro - RJ.
33164142;0107801 EDI PROFESSORA DAYSE MALAGOLE;-22.89045420;-43.23056480;infantil;municipal;ativa;geral;nao;RICARDO MACHADO S/N VASCO DA GAMA, SAO CRISTOVAO. 20921-270 Rio de Janeiro - RJ.
33065985;0107802 EDI MORRO DOS TELEGRAFOS;-22.90040370;-43.23678830;infantil;municipal;ativa;geral;nao;RUA JUPARA, 91 MANGUEIRA. 20911-060 Rio de Janeiro - RJ.
33066230;0107803 EDI DOIS DE JULHO;-22.89156450;-43.23306180;infantil;municipal;ativa;geral;nao;RUA FERREIRA DE ARAUJO, 119 SAO CRISTOVAO. 20920-350 Rio de Janeiro - RJ.
33086435;0121001 EM JOAQUIM MANUEL DE MACEDO;-22.75354163;-43.10952326;infantil|fundamental_i|fundamental_ii;municipal;ativa;geral;nao;RUA PADRE JUVENAL, 74 ILHA DE PAQUETA. 20397-070 Rio de Janeiro - RJ.
33086443;0121002 ESCOLA MUNICIPAL PEDRO BRUNO;-22.75350000;-43.10990000;;municipal;paralisada;geral;nao;RUA PADRE JUVENAL, 74 ILHA DE PAQUETA. 20397-070 Rio de Janeiro - RJ.
33087490;0123001 EM MACHADO DE ASSIS;-22.91795208;-43.18192120;fundamental_i;municipal;ativa;geral;nao;R DIAS DE BARROS, 50 STA TERESA. 20241-020 Rio de Janeiro - RJ.
33087504;0123002 EM SANTA CATARINA;-22.91553090;-43.19153830;fundamental_i|fundamental_ii;municipal;ativa;geral;nao;RUA EDUARDO SANTOS, 38 SANTA TERESA. 20251-460 Rio de Janeiro - RJ.
33087482;0123003 EM JULIA LOPES DE ALMEIDA;-22.93661490;-43.20431720;fundamental_i;municipal;ativa;geral;nao;RUA ALMIRANTE ALEXANDRINO, 3466 SANTA TERESA. 20241-266 Rio de Janeiro - RJ.
33163677;0123004 EM JUAN ANTONIO SAMARANCH;-22.93134830;-43.19877094;fundamental_ii;municipal;ativa;geral;nao;RUA MARCEL PROST, 201 SANTA TERESA. 20251-130 Rio de Janeiro - RJ.
33147345;0123601 CM JOSE MARINHO DE OLIVEIRA;-22.93489010;-43.20251310;infantil;municipal;ativa;geral;nao;LADEIRA LAUREANO, S/N MORRO DOS PRAZERES. SANTA TERESA. 20240-260 Rio de Janeiro - RJ.
33230021;0123603 CM FALLET;-22.92795160;-43.19578810;infantil;municipal;ativa;geral;nao;RUA FALLET, 302 SANTA TERESA. 20241-360 Rio de Janeiro - RJ.
33164150;0123801 EDI HELOISA MARINHO;-22.92966470;-43.19515370;infantil;municipal;ativa;geral;nao;ALMIRANTE ALEXANDRINO, 2235 SANTA TERESA. 20241-263 Rio de Janeiro - RJ.
33172820;02001 - CRECHE ESPACO SEMENTE;-22.93816231;-43.25196954;infantil;privada;ativa;geral;sim;ESTRADA DA INDEPENDENCIA, 102 TRAVESSA SAO LUIZ 99. TIJUCA. 20530-400 Rio de Janeiro - RJ.
33066442;02002 - CASA DE JACIRA;-22.92491000;-43.22057000;infantil;privada;ativa;geral;sim;RUA AGUIAR, 72 TIJUCA. 20261-120 Rio de Janeiro - RJ.
33095388;02003 - CENTRO COMUNITARIO DA RUA 01 UNIAO FAZ A FORCA;-22.98698000;-43.24369000;infantil;privada;ativa;geral;sim;ESTRADA DA GAVEA, 259 RUA 1, ROCINHA. ROCINHA. 22451-262 Rio de Janeiro - RJ.
33096414;02005 - CRECHE ESCOLA COMUNITARIA DO CANTAGALO;-22.98241000;-43.19697000;infantil;privada;ativa;geral;sim;RUA SAINT ROMAN, 2000 CANDIDO PORTINARI. COPACABANA. 22071-060 Rio de Janeiro - RJ.
33096422;02006 - CRECHE COMUNITARIA DOIS IRMAOS;-22.98720000;-43.24625000;infantil;privada;ativa;geral;sim;ESTRADA DA GAVEA, 325 RUA 2. GAVEA. 22451-265 Rio de Janeiro - RJ.
33108064;02009 - ABRIGO TERESA DE JESUS;-22.91349000;-43.22069000;infantil;privada;ativa;geral;sim;RUA IBITURUNA, 53 MARACANA. 20271-021 Rio de Janeiro - RJ.
33113777;02010 - CRECHE PATINHO FELIZ;-22.91457000;-43.25925000;infantil;privada;ativa;geral;sim;RUA ARMANDO DE ALBUQUERQUE, 168 VILA ISABEL. 20560-130 Rio de Janeiro - RJ.
33114404;02011 - SOCIEDADE CIVIL DE ASSIST A MENORES CASA DA DINDA;-22.91436000;-43.25488000;infantil;privada;ativa;geral;sim;RUA PETROCOCHINO, 74 VILA ISABEL. 20551-255 Rio de Janeiro - RJ.
33114455;02012 - GRUPO COMUNITARIO CRECHE TIA MAURA;-22.99368000;-43.27176000;infantil|fundamental_i;privada;ativa;geral;sim;ESTRADA DA CANOA, 720 RUA IPANEMA. SAO CONRADO. 22610-210 Rio de Janeiro - RJ.
33114480;02013 - CENTRO DE EDUCACAO INFANTIL CRISTO REDENTOR;-22.94017000;-43.20644000;infantil;privada;ativa;geral;sim;RUA INDIANA, 59 CASA. COSME VELHO. 22241-250 Rio de Janeiro - RJ.
33114501;02014 - CRUZADA PELA INFANCIA DO LEME;-22.96115000;-43.17904000;infantil;privada;ativa;geral;sim;LADEIRA DO LEME, 380 CRECHE. COPACABANA. 22011-080 Rio de Janeiro - RJ.
33114552;02015 - OBRA SOCIAL CRISTO REDENTOR - CRECHE SANT ANNA;-22.93942000;-43.18954000;infantil;privada;ativa;geral;sim;RUA PROFESSOR LUIZ CANTANHEDE, 25 CRECHE SANTANNA. LARANJEIRAS. 22245-040 Rio de Janeiro - RJ.
33117870;02018 - CRECHE SANTA IGNEZ;-22.98321000;-43.23888000;infantil;privada;ativa;geral;sim;RUA MARY PESSOA, 91 GAVEA. 22451-220 Rio de Janeiro - RJ.
33120927;02019 - OBRAS SOCIAIS UNIDAS DE SANTA MARTA;-22.94727340;-43.19447360;infantil;privada;ativa;geral;sim;BECO JABUTI, 9 SANTAMARTA. BOTAFOGO. 22260-150 Rio de Janeiro - RJ.
33121940;02022 - CRECHE CHAPEUZINHO MARROM;-22.92503130;-43.21649370;infantil;privada;ativa;geral;sim;RUA JOAQUIM PIZARRO, S/Nº TIJUCA. 20261-110 Rio de Janeiro - RJ.
33122024;02024 - CRECHE ESCADINHA DO SABER;-22.97198000;-43.28419000;infantil;privada;ativa;geral;sim;ESTRADA TIJUACU, 3A RUA DA ASSOCIACAO. ALTO DA BOA VISTA. 20531-390 Rio de Janeiro - RJ.
33122229;02025 - CRECHE BEZERRA DE MENEZES;-22.95360000;-43.19512000;infantil;privada;ativa;geral;sim;RUA MARTINS FERREIRA, 57 CASA. BOTAFOGO. 22271-010 Rio de Janeiro - RJ.
33122377;02026 - CRECHE MONSENHOR FRANCA;-22.92852000;-43.18192000;infantil;privada;ativa;geral;sim;RUA TAVARES BASTOS, 296 CRUZEIRO DO SUL, 01. CATETE. 22221-030 Rio de Janeiro - RJ.
33122610;02028 - CRECHE PADRE ALEIXO;-22.93768000;-43.17898000;infantil;privada;ativa;geral;sim;RUA PAULO VI, 62 S/N - MORRO AZUL. FLAMENGO. 22230-080 Rio de Janeiro - RJ.
33122695;02029 - CASA DA CRIANCA;-22.95592000;-43.18182000;infantil;privada;ativa;geral;sim;RUA FERNANDES GUIMARAES, 85 BOTAFOGO. 22290-000 Rio de Janeiro - RJ.
33122954;02032 - PATRONATO OPERARIO DA GAVEA;-22.96537000;-43.21701000;infantil;privada;ativa;geral;sim;AVENIDA LINEU DE PAULA MACHADO, 795 LAGOA. 22470-040 Rio de Janeiro - RJ.
33125490;02035 - CENTRO SOCIAL E AI COMO E QUE FICA;-22.98612000;-43.24428000;infantil;privada;ativa;geral;sim;ESTRADA DA GAVEA, 229 01. GAVEA. 22451-262 Rio de Janeiro - RJ.
33096619;02037 - CRECHE COM CANTINHO DA NATUREZA;-22.96314470;-43.19419851;infantil;privada;ativa;geral;sim;RUA EUCLIDES DA ROCHA, 370 COPACABANA. 22031-100 Rio de Janeiro - RJ.
33151962;02039 - CRECHE ESCOLA MENINOS DE LUZ;-22.98100000;-43.19571000;infantil;privada;ativa;geral;sim;RUA SAINT ROMAN, 142 E 146 COPACABANA. 22071-060 Rio de Janeiro - RJ.
33064105;0204001 EM DEODORO;-22.91773597;-43.17766944;fundamental_ii;municipal;ativa;geral;nao;RUA DA GLORIA, 64 GLORIA. 20241-180 Rio de Janeiro - RJ.
33064164;0204002 EM MARIA LEOPOLDINA;-22.92276409;-43.18189295;infantil|fundamental_i;municipal;ativa;geral;nao;RUA SANTO AMARO, 133 GLORIA. 22211-230 Rio de Janeiro - RJ.
33064067;0204003 EM ALBERTO BARTH;-22.94099154;-43.17649348;fundamental_i;municipal;ativa;geral;nao;AV OSWALDO CRUZ, 124 FLAMENGO. 22250-060 Rio de Janeiro - RJ.
33064202;0204004 EM EDUCANDARIO ROMAO DE MATTOS DUARTE;-22.93645040;-43.17883570;infantil|fundamental_i;municipal;ativa;geral;nao;RUA PAULO VI, 60 FLAMENGO. 22230-080 Rio de Janeiro - RJ.
33064156;0204005 EM JOSE DE ALENCAR;-22.93703985;-43.18977722;fundamental_ii;municipal;ativa;geral;nao;RUA DAS LARANJEIRAS, 397 LARANJEIRAS. 22240-005 Rio de Janeiro - RJ.
33064075;0204006 EM ANNE FRANK;-22.93882167;-43.18345833;fundamental_i;municipal;ativa;geral;nao;RUA PINHEIRO MACHADO, 190 LARANJEIRAS. 22231-090 Rio de Janeiro - RJ.
33064059;0204007 EM ALBERT SCHWEITZER;-22.94027241;-43.19185444;infantil|fundamental_i;municipal;ativa;geral;nao;RUA GENERAL GLICERIO, 186 LARANJEIRAS. 22245-120 Rio de Janeiro - RJ.
33064210;0204008 EM VITAL BRASIL;-22.92560000;-43.17610000;infantil|fundamental_i;municipal;ativa;geral;nao;RUA SILVEIRA MARTINS, 80 FUNDOS. FLAMENGO. 22221-000 Rio de Janeiro - RJ.
33064091;0204009 EM GUARARAPES CANDIDO;-22.94353920;-43.20488410;fundamental_i;municipal;ativa;geral;nao;LADEIRA DOS GUARARAPES, 292 FUNDOS. COSME VELHO. 22241-275 Rio de Janeiro - RJ.
33064113;0204010 EM FRANCISCO ALVES;-22.95389850;-43.18212496;fundamental_i;municipal;ativa;geral;nao;TRAVESSA PEPE, 77 BOTAFOGO. 22290-020 Rio de Janeiro - RJ.
33064148;0204011 EM JOAQUIM NABUCO;-22.95460420;-43.18846310;fundamental_ii;municipal;ativa;geral;nao;RUA DONA MARIANA, 148 BOTAFOGO. 22280-020 Rio de Janeiro - RJ.
33064172;0204012 EM MEXICO;-22.95255635;-43.19179179;fundamental_i;municipal;ativa;geral;nao;RUA DA MATRIZ, 67 BOTAFOGO. 22260-100 Rio de Janeiro - RJ.
33064180;0204014 EM PRESIDENTE ARTHUR DA COSTA E SILVA;-22.94544124;-43.18664222;fundamental_ii;municipal;ativa;geral;nao;RUA ASSUNCAO, 257 BOTAFOGO. 22251-030 Rio de Janeiro - RJ.
33064199;0204015 EM JOAO SALDANHA;-22.95402167;-43.18152833;fundamental_ii;municipal;ativa;geral;nao;RUA DA PASSAGEM, 104 BOTAFOGO. 22290-030 Rio de Janeiro - RJ.
33064130;0204017 EM JOAQUIM ABILIO BORGES;-22.95410037;-43.19685057;fundamental_ii;municipal;ativa;geral;nao;RUA HUMAITA, 19 HUMAITA. 22261-000 Rio de Janeiro - RJ.
33064970;0204018 EM ESTACIO DE SA;-22.94603537;-43.15733150;fundamental_i|fundamental_ii;municipal;ativa;geral;nao;PCA TEN CEL SIQUEIRA, 22 URCA. 22291-160 Rio de Janeiro - RJ.
33064997;0204019 EM MINAS GERAIS;-22.95378892;-43.16898439;fundamental_i|fundamental_ii;municipal;ativa;geral;nao;AV PASTEUR, 433 PRAIA VERMELHA. 22290-240 Rio de Janeiro - RJ.
33149267;0204021 EM SENADOR CORREA;-22.93374165;-43.18097799;infantil|fundamental_i;municipal;ativa;geral;nao;RUA ESTEVES JUNIOR, 42 LARANJEIRAS. 22231-160 Rio de Janeiro - RJ.
33123128;02041 - CRECHE PRE ESCOLA COM 199 PINGO DE GENTE;-22.98594000;-43.24359000;infantil;privada;ativa;geral;sim;ESTRADA DA GAVEA, 199 BECO 1/5/65 CASA 34. GAVEA. 22451-265 Rio de Janeiro - RJ.
33123020;02042 - CRECHE SANTA CLARA;-22.93510886;-43.19274474;infantil;privada;ativa;geral;sim;RUA ALICE, 308 LARANJEIRAS. 22241-020 Rio de Janeiro - RJ.
33124540;02043 - ACAO COMUNITARIA PRO FAVELA DR MARCELLO CANDIA - CRECHE SANTA MONICA;-22.93931000;-43.25322000;infantil;privada;ativa;geral;sim;RUA SAO MIGUEL, 500 BOREL. TIJUCA. 20530-420 Rio de Janeiro - RJ.
33148821;02044 - CRECHE E PRE ESCOLA SAO COSME E SAO DAMIAO;-22.92856000;-43.25239000;infantil;privada;ativa;geral;sim;RUA LEOPOLDO, 434 ANDARAI. 20541-170 Rio de Janeiro - RJ.
33097160;02045 - CENTRO DE RECUPERACAO INFANTIL;-22.98177000;-43.20499000;infantil;privada;ativa;geral;sim;RUA JOANA ANGELICA, 203 IPANEMA. 22420-030 Rio de Janeiro - RJ.
33063273;0204501 CIEP PRESIDENTE TANCREDO NEVES;-22.92294080;-43.17687103;infantil|fundamental_i;municipal;ativa;geral;nao;RUA DO CATETE, 77 CATETE. 22220-000 Rio de Janeiro - RJ.
33063265;0204502 CIEP PRESIDENTE AGOSTINHO NETO;-22.95927834;-43.19925279;infantil|fundamental_i;municipal;ativa;geral;nao;RUA VISCONDE SILVA, S/N HUMAITA. 22261-000 Rio de Janeiro - RJ.
33114471;02046 - DISPENSARIO SANTA TEREZINHA DO MENINO JESUS DA GAVEA;-22.97559000;-43.22735000;infantil;privada;ativa;geral;sim;RUA GENERAL RABELO, 9 GAVEA. 22451-010 Rio de Janeiro - RJ.
33096406;0204601 CM TIA AMALIA;-22.94336840;-43.20588290;infantil;municipal;ativa;geral;nao;LADEIRA DOS GUARARAPES, 178 COSME VELHO. 22241-275 Rio de Janeiro - RJ.
33229813;0204602 CM ARACY GUIMARAES ROSA;-22.92894905;-43.17946122;infantil;municipal;ativa;geral;nao;RUA BENTO LISBOA, 132 CATETE. 22221-011 Rio de Janeiro - RJ.
33169063;02048 - LAR CANTINHO FELIZ;-22.91516000;-43.25261000;infantil;privada;ativa;geral;sim;RUA TORRES HOMEM, 1024 LADO DO TUNEL NOSA. VILA ISABEL. 20551-070 Rio de Janeiro - RJ.
33064121;0204801 EDI MARECHAL HERMES;-22.95450167;-43.19528333;infantil;municipal;ativa;geral;nao;RUA CAPISTRANO DE ABREU, 01 BOTAFOGO. 22271-000 Rio de Janeiro - RJ.
33064083;0204802 EDI CASA DA CRIANCA;-22.95569130;-43.18135530;infantil;municipal;ativa;geral;nao;RUA FERNANDES GUIMARAES, 85 BOTAFOGO. 22290-000 Rio de Janeiro - RJ.
33064989;0204803 EDI GABRIELA MISTRAL;-22.95420330;-43.16457376;infantil;municipal;ativa;geral;nao;PCA GAL TIBURCIO, 145 URCA. 22290-270 Rio de Janeiro - RJ.
33171068;0204804 EDI PROFESSORA SARITA KONDER;-22.93691940;-43.19722400;infantil;municipal;ativa;geral;nao;RUA ALICE, 1890 LARANJEIRAS. 22241-020 Rio de Janeiro - RJ.
33173940;0204805 EDI CLAUDIO CAVALCANTI;-22.95479709;-43.18881309;infantil;municipal;ativa;geral;nao;RUA RUA SOROCABA, SN S/N. BOTAFOGO. 22271-000 Rio de Janeiro - RJ.
33175721;0204806 EDI IRMA MARGARITA ALARCON;-22.93099761;-43.19179749;infantil;municipal;ativa;geral;nao;RUA PEREIRA DA SILVA, 826 LARANJEIRAS. 22221-140 Rio de Janeiro - RJ.
33120935;02049 - INSTITUICAO OBRA DO BERCO;-22.96305000;-43.20315000;infantil;privada;ativa;geral;sim;RUA CICERO GOIS MONTEIRO, 19 CASA. LAGOA. 22471-240 Rio de Janeiro - RJ.
33065039;0205001 EM SAO TOMAS DE AQUINO;-22.96159748;-43.16521145;infantil|fundamental_i|fundamental_ii;municipal;ativa;geral;nao;PC ALM JULIO DE NORONHA, 40 LEME. 22010-020 Rio de Janeiro - RJ.
33064954;0205003 EM DOUTOR CICERO PENNA;-22.96889864;-43.18096915;infantil|fundamental_i;municipal;ativa;geral;nao;AV ATLANTICA, 1976 COPACABANA. 22021-001 Rio de Janeiro - RJ.
33064962;0205004 EM DOUTOR COCIO BARCELLOS;-22.97499726;-43.18921555;infantil|fundamental_i|fundamental_ii;municipal;ativa;geral;nao;RUA BARAO DE IPANEMA, 34 COPACABANA. 22050-032 Rio de Janeiro - RJ.
33064946;0205006 EM DOM AQUINO CORREA;-22.96486800;-43.18080860;fundamental_i;municipal;ativa;geral;nao;R BARATA RIBEIRO, 204 COPACABANA. 22011-002 Rio de Janeiro - RJ.
33065004;0205007 EM PENEDO;-22.98286534;-43.19235437;infantil|fundamental_i|fundamental_ii;municipal;ativa;geral;nao;R RAUL POMPEIA, 183 COPACABANA. 22080-001 Rio de Janeiro - RJ.
33065020;0205008 EM ROMA;-22.96503040;-43.17608850;fundamental_i|fundamental_ii;municipal;ativa;geral;nao;AVENIDA NOSSA SENHORA DE COPACABANA, 165 COPACABANA. 22020-001 Rio de Janeiro - RJ.
33064903;0205009 EM ALENCASTRO GUIMARAES;-22.96456168;-43.18111516;fundamental_ii;municipal;ativa;geral;nao;R TONELERO, 21 COPACABANA. 22030-001 Rio de Janeiro - RJ.
33121982;02053 - SASP - SERVICO DE ASSISTENCIA SOCIAL PENTECOSTAL - CRECHE ESPERANCA;-22.97889000;-43.22267000;infantil;privada;ativa;geral;sim;RUA ADALBERTO FERREIRA, 35 LEBLON. 22441-040 Rio de Janeiro - RJ.
33349215;02055 - CRECHE DA CASA DO POBRE DE NOSSA SENHORA DE COPACABANA;-22.96880000;-43.18325000;infantil;privada;ativa;geral;sim;RUA HILARIO DE GOUVEIA, 36 4 ANDAR. COPACABANA. 22040-020 Rio de Janeiro - RJ.
33136882;0205601 CM IRMAS BAPTISTA;-22.96645027;-43.18730104;infantil;municipal;ativa;geral;nao;RUA SIQUEIRA CAMPOS, 132 COPACABANA. 22031-072 Rio de Janeiro - RJ.
33144648;0205602 CM TIA SONIA CRISPINIANO;-22.96267494;-43.19243965;infantil;municipal;ativa;geral;nao;RUA EUCLIDES DA ROCHA, 120 COPACABANA/MOR. DOS CABRITOS. 22031-100 Rio de Janeiro - RJ.
33122091;0205801 EDI DONA MARCELA;-22.96064008;-43.16802783;infantil;municipal;ativa;geral;nao;RUA DR VITORINO, 02 CHAPEU MANGUEIRA. LEME. 22010-020 Rio de Janeiro - RJ.
33065012;0205802 EDI PORTO RICO;-22.96137384;-43.17860909;infantil;municipal;ativa;geral;nao;LADEIRA DO LEME, 371 BOTAFOGO. 22290-130 Rio de Janeiro - RJ.
33065799;0206001 EM PRESIDENTE JOSE LINHARES;-22.98316995;-43.19906824;infantil|fundamental_i;municipal;ativa;geral;nao;R BARAO DA TORRE, 90 IPANEMA. 22411-000 Rio de Janeiro - RJ.
33065691;0206002 EM HENRIQUE DODSWORTH;-22.98211149;-43.21370181;fundamental_ii;municipal;ativa;geral;nao;AV EPITACIO PESSOA, 474 IPANEMA. 22410-090 Rio de Janeiro - RJ.
33065756;0206003 EM MARILIA DE DIRCEU;-22.98398950;-43.19691598;fundamental_i|fundamental_ii;municipal;ativa;geral;nao;RUA JANGADEIROS, 39 IPANEMA. 22420-010 Rio de Janeiro - RJ.
33064911;0206004 EM CASTELNUOVO;-22.98725244;-43.19215190;fundamental_i|fundamental_ii;municipal;ativa;geral;nao;RUA FRANCISCO OTAVIANO, 105 IPANEMA. 22080-046 Rio de Janeiro - RJ.
33065683;0206005 EM GEORG PFISTERER;-22.97925167;-43.22222333;fundamental_ii;municipal;ativa;geral;nao;PCA NS AUXILIADORA, S/N LEBLON. 22441-050 Rio de Janeiro - RJ.
33065640;0206006 EM SANTOS ANJOS;-22.98149698;-43.21699390;infantil|fundamental_i;municipal;ativa;geral;nao;R HUMBERTO DE CAMPOS, SN LEBLON. 22430-190 Rio de Janeiro - RJ.
33065675;0206007 EM EDNA PONCIONI FERREIRA;-22.97627383;-43.19789232;infantil|fundamental_i;municipal;ativa;geral;nao;PRACA BENEDITO CERQUEIRA, S/N LAGOA. 22471-110 Rio de Janeiro - RJ.
33065780;0206008 EM PEDRO ERNESTO;-22.96108820;-43.20354140;fundamental_i;municipal;ativa;geral;nao;AV PROF ABELARDO LOBO, 5 LAGOA. 22470-240 Rio de Janeiro - RJ.
33065632;0206010 EM CAPISTRANO DE ABREU;-22.96561179;-43.22877001;fundamental_i;municipal;ativa;geral;nao;RUA PACHECO LEAO, 984 JARDIM BOTANICO. 22460-036 Rio de Janeiro - RJ.
33065810;0206011 EM SHAKESPEARE;-22.96319000;-43.21629000;fundamental_i;municipal;ativa;geral;nao;RUA JARDIM BOTANICO, 563 FUNDOS. JARDIM BOTANICO. 22470-050 Rio de Janeiro - RJ.
33065624;0206012 EM CAMILO CASTELO BRANCO;-22.96545010;-43.22905170;fundamental_ii;municipal;ativa;geral;nao;RUA PACHECO LEAO, 1004 JARDIM BOTANICO. 22460-036 Rio de Janeiro - RJ.
33065551;0206014 EEM MARLY FROES PEIXOTO;-22.96385000;-43.21859000;fundamental_i;municipal;ativa;exclusivo_deficiencia;nao;RUA PACHECO LEAO, 1004 JARDIM BOTANICO. 22460-030 Rio de Janeiro - RJ.
33065748;0206015 EM MANOEL CICERO;-22.97309500;-43.22720500;fundamental_ii;municipal;ativa;geral;nao;PCA SANTOS DUMONT, 86 GAVEA. 22470-060 Rio de Janeiro - RJ.
33065713;0206016 EM JULIO DE CASTILHOS;-22.97345300;-43.22693370;fundamental_i;municipal;ativa;geral;nao;PRACA SANTOS DUMONT, 96 GAVEA. 22470-060 Rio de Janeiro - RJ.
33065616;0206017 EM ARTUR RAMOS;-22.97743702;-43.23107621;infantil|fundamental_i;municipal;ativa;geral;nao;RUA MARQUES DE SAO VICENTE, 147 GAVEA. 22451-045 Rio de Janeiro - RJ.
33065730;0206018 EM LUIZ DELFINO;-22.97829906;-43.23375329;fundamental_i;municipal;ativa;geral;nao;RUA MARQUES DE SAO VICENTE, 238 GAVEA. 22451-042 Rio de Janeiro - RJ.
33065659;0206019 EM CHRISTIANO HAMANN;-22.97797799;-43.23396008;fundamental_ii;municipal;ativa;geral;nao;RUA DUQUE ESTRADA, 20 GAVEA. 22451-090 Rio de Janeiro - RJ.
33065667;0206020 EM DESEMBARGADOR OSCAR TENORIO;-22.97748920;-43.22788102;fundamental_ii;municipal;ativa;geral;nao;RUA PROFESSOR MANOEL FERREIRA, 141 GAVEA. 22451-030 Rio de Janeiro - RJ.
33065608;0206021 EM ALMIRANTE TAMANDARE;-22.99377897;-43.23577902;fundamental_ii;municipal;ativa;geral;nao;AV PRESIDENTE JOAO GOULART, 296 VIDIGAL. 22451-250 Rio de Janeiro - RJ.
33065721;0206022 EM LUCIA MIGUEL PEREIRA;-22.99748581;-43.27215495;fundamental_i;municipal;ativa;geral;nao;RUA MARTAGAO GESTEIRA, S/N SAO CONRADO. 22610-160 Rio de Janeiro - RJ.
33146292;0206024 EM SERGIO VIEIRA DE MELLO;-22.97945220;-43.22264545;infantil|fundamental_i;municipal;ativa;geral;nao;RUA ADALBERTO FERREIRA, 19 LEBLON. 22441-040 Rio de Janeiro - RJ.
33065152;0206501 CIEP PRESIDENTE JOAO GOULART;-22.98049869;-43.19930397;infantil|fundamental_i;municipal;ativa;geral;nao;RUA ALBERTO DE CAMPOS, 12 IPANEMA. 22411-030 Rio de Janeiro - RJ.
33065225;0206502 CIEP NACAO RUBRO NEGRA;-22.97854926;-43.22268658;infantil|fundamental_i;municipal;ativa;geral;nao;PCA NOSSA SENHORA AUXILIADORA, LEBLON. 22441-050 Rio de Janeiro - RJ.
33095418;0206601 CM DOUTOR SOBRAL PINTO;-22.99620000;-43.24561000;infantil;municipal;ativa;geral;nao;AVENIDA PRESIDENTE JOAO GOULART, S/N VILA OLIMPICA. VIDIGAL. 22452-693 Rio de Janeiro - RJ.
33095400;0206602 CM VIDIGAL;-22.99403667;-43.23516500;infantil;municipal;ativa;geral;nao;AVENIDA PRESIDENTE JOAO GOULART, 270 VIDIGAL. 22450-242 Rio de Janeiro - RJ.
33136777;0206603 CM JACO INACIO GOMES;-22.99418247;-43.27170865;infantil;municipal;ativa;geral;nao;ESTRADA DA CANOA, 720 SAO CONRADO. 22610-210 Rio de Janeiro - RJ.
33154740;0206605 CM DOUTOR PEDRO BLOCH;-22.98148516;-43.24056838;infantil;municipal;ativa;geral;nao;ESTRADA SANTA MARINHA, 25 GAVEA. 22451-240 Rio de Janeiro - RJ.
33462275;0206606 CM ELZA MACHADO DOS SANTOS - TIA ELZA;-22.98175626;-43.19587422;infantil;municipal;ativa;geral;nao;RUA SAINT ROMAN, 173 COPACABANA. 22071-060 Rio de Janeiro - RJ.
33065802;0206801 EDI RUBEM BRAGA;-22.96171127;-43.20356151;infantil;municipal;ativa;geral;nao;PCA GEN ALCIO SOUTO, 37 LAGOA. 22471-310 Rio de Janeiro - RJ.
33065705;0206802 EDI JULIA KUBITSCHEK;-22.96699660;-43.22922270;infantil;municipal;ativa;geral;nao;R PACHECO LEAO, 1235 JARDIM BOTANICO. 22460-030 Rio de Janeiro - RJ.
33063095;0208001 EM AZEVEDO SODRE;-22.91540498;-43.21110415;fundamental_i;municipal;ativa;geral;nao;RUA BARAO DE UBA, 331 PRACA DA BANDEIRA. 20260-050 Rio de Janeiro - RJ.
33063192;0208002 EM REVERENDO MARTIN LUTHER KING;-22.91135667;-43.21129000;fundamental_i|fundamental_ii;municipal;ativa;geral;nao;RUA JOAQUIM PALHARES, 648 PRACA DA BANDEIRA. 20260-085 Rio de Janeiro - RJ.
33067139;0208003 EM LAUDIMIA TROTTA;-22.92665333;-43.23840500;fundamental_ii;municipal;ativa;geral;nao;RUA ANTONIO BASILIO, 370 TIJUCA. 20511-190 Rio de Janeiro - RJ.
33067058;0208004 EM FRANCISCO CABRITA;-22.92035310;-43.22040660;fundamental_ii;municipal;ativa;geral;nao;AVENIDA MELO MATOS, 34 FUNDOS. TIJUCA. 20270-290 Rio de Janeiro - RJ.
33067007;0208005 EM BOMBEIRO GERALDO DIAS;-22.92979810;-43.22821440;infantil|fundamental_i;municipal;ativa;geral;nao;R FRANCISCO GRACA, 81 TIJUCA. 20521-110 Rio de Janeiro - RJ.
33067198;0208006 EM PRUDENTE DE MORAES;-22.92916337;-43.23301668;infantil|fundamental_i;municipal;ativa;geral;nao;R ENES DE SOUZA, 36 TIJUCA. 20521-210 Rio de Janeiro - RJ.
33066981;0208007 EM BARAO DE ITACURUSSA;-22.93356065;-43.23943716;infantil|fundamental_i|fundamental_ii;municipal;ativa;geral;nao;RUA ANDRADE NEVES, 481 TIJUCA. 20510-230 Rio de Janeiro - RJ.
33066965;0208008 EM ALMIRANTE BARROSO;-22.93454934;-43.23898140;infantil|fundamental_i;municipal;ativa;geral;nao;R HOMEM DE MELO, 302 TIJUCA. 20510-180 Rio de Janeiro - RJ.
33067074;0208009 EM GENERAL EUCLYDES DE FIGUEIREDO;-22.92012330;-43.22495030;fundamental_i|fundamental_ii;municipal;ativa;geral;nao;R ALZIRA BRANDAO, 500 TIJUCA. 20550-035 Rio de Janeiro - RJ.
33067201;0208010 EM SOARES PEREIRA;-22.93270584;-43.24314428;infantil|fundamental_i|fundamental_ii;municipal;ativa;geral;nao;AVENIDA MARACANA, 1450 TIJUCA. 20511-001 Rio de Janeiro - RJ.
33067180;0208012 EM ORSINA DA FONSECA;-22.91976018;-43.22404026;fundamental_ii;municipal;ativa;geral;nao;RUA SAO FRANCISCO XAVIER, 95 TIJUCA. 20550-010 Rio de Janeiro - RJ.
33067155;0208013 EM MARIO DA VEIGA CABRAL;-22.92061320;-43.22085860;fundamental_i;municipal;ativa;geral;nao;AV MELLO MATTOS, 34 FRENTE. TIJUCA. 20270-290 Rio de Janeiro - RJ.
33067066;0208014 EM FREI CASSIANO;-22.92483785;-43.21611527;infantil|fundamental_i;municipal;ativa;geral;nao;RUA JOAQUIM PIZARRO, 500 TIJUCA. 20261-110 Rio de Janeiro - RJ.
33068321;0208016 EM LEITAO DA CUNHA;-22.92120268;-43.23374625;infantil|fundamental_i;municipal;ativa;geral;nao;RUA MAJOR AVILA, 317 TIJUCA. 20540-092 Rio de Janeiro - RJ.
33066973;0208017 EM ARAUJO PORTO ALEGRE;-22.94808137;-43.25831420;fundamental_i|fundamental_ii;municipal;ativa;geral;nao;ESTR VELHA DA TIJUCA, 181 USINA. 20531-080 Rio de Janeiro - RJ.
33067171;0208018 EM MENEZES VIEIRA;-22.96507000;-43.27732000;fundamental_i;municipal;ativa;geral;nao;RUA BOA VISTA, 154 ALTO DA BOA VISTA. 20531-610 Rio de Janeiro - RJ.
33067040;0208020 EM DIOGO FEIJO;-22.96680333;-43.29665000;infantil|fundamental_i;municipal;ativa;geral;nao;ESTRADA DA PAZ, 1474 CASA 02. ALTO DA BOA VISTA. 20531-340 Rio de Janeiro - RJ.
33067163;0208021 EM MARIO FACCINI;-22.94926740;-43.26110386;infantil|fundamental_i;municipal;ativa;geral;nao;AV EDISON PASSOS, 711 USINA. 20531-073 Rio de Janeiro - RJ.
33067023;0208022 EM MATA MACHADO;-22.97452815;-43.28538697;fundamental_i;municipal;ativa;geral;nao;ESTR DAS FURNAS, 1467 ALTO DA BOA VISTA. 20531-572 Rio de Janeiro - RJ.
33067147;0208023 EM MARC FERREZ;-22.96579551;-43.27878003;fundamental_ii;municipal;ativa;geral;nao;RUA JORNALISTA GUIMA, SN ALTO DA BOA VISTA. 20531-400 Rio de Janeiro - RJ.
33066515;0208501 CIEP SAMUEL WAINER;-22.92173460;-43.22781020;infantil|fundamental_i;municipal;ativa;geral;nao;AV HEITOR BELTRAO, S/N TIJUCA. 20550-000 Rio de Janeiro - RJ.
33066507;0208502 CIEP DOUTOR ANTOINE MAGARINOS TORRES FILHO;-22.94072279;-43.25305249;infantil|fundamental_i;municipal;ativa;geral;nao;RUA SAO MIGUEL, S/N TIJUCA. 20530-420 Rio de Janeiro - RJ.
33144664;0208601 CM CASA BRANCA - PROFESSOR PAULO FREIRE;-22.93671057;-43.24849974;infantil;municipal;ativa;geral;nao;TRAVESSA VENACIO - LADEIRA DA CASA BRANCA, 73 76. TIJUCA. 20530-410 Rio de Janeiro - RJ.
33121869;0208603 CM RAIZES DO SALGUEIRO;-22.92826583;-43.22563532;infantil;municipal;ativa;geral;nao;RUA JUNQUILHOS, SN TIJUCA. 20521-090 Rio de Janeiro - RJ.
33136866;0208604 CM TIA BELA;-22.93822571;-43.24308722;infantil;municipal;ativa;geral;nao;RUA DA GROTA, SN RIO DE JANEIRO. TIJUCA. 20530-210 Rio de Janeiro - RJ.
33154732;0208606 CM DOUTOR RONALDO LUIZ GAZOLLA;-22.94024198;-43.24457130;infantil;municipal;ativa;geral;nao;RUA PAULINO NOGUEIRA, 300 TIJUCA. 20530-100 Rio de Janeiro - RJ.
33147280;0208607 CM DOS SONHOS;-22.92599028;-43.22004979;infantil;municipal;ativa;geral;nao;RUA MOISES BORGES, SN TIJUCA. 20260-330 Rio de Janeiro - RJ.
33158053;0208608 CM DOUTOR SERGIO AROUCA;-22.92255217;-43.21543989;infantil;municipal;ativa;geral;nao;RUA JOAQUIM PIZARRO, 10 TURANO- TIJUCA. 20261-110 Rio de Janeiro - RJ.
33163960;0208801 EDI IGOR MORAES DA SILVA;-22.97613967;-43.28416248;infantil;municipal;ativa;geral;nao;PRACA MACHADO COSTA N 11 E 14, 11 E 14 ALTO DA BOA VISTA. 20535-280 Rio de Janeiro - RJ.
33067015;0208802 EDI DR MARCELO CANDIA;-22.93750727;-43.25376383;infantil;municipal;ativa;geral;nao;ESTR DA INDEPENDENCIA, SN TIJUCA. 20530-400 Rio de Janeiro - RJ.
33066434;0208803 EDI BOREL;-22.94196667;-43.25400667;infantil;municipal;ativa;geral;nao;RUA SAO MIGUEL, S/N TIJUCA. 20530-420 Rio de Janeiro - RJ.
33066400;0208804 EDI CHACARA DO CEU;-22.93553000;-43.25284140;infantil;municipal;ativa;geral;nao;ESTR. DA INDEPENDENCIA, S / N CHACARA DO CEU. TIJUCA - COMUNIDADE CHACARA DO CEU. 20530-400 Rio de Janeiro - RJ.
33067120;0208805 EDI JOSE DA SILVA ARAUJO;-22.97840986;-43.29157049;infantil;municipal;ativa;geral;nao;ESTRADA DAS FURNAS, 2109 ALTO DA BOA VISTA. 20531-575 Rio de Janeiro - RJ.
33121990;0208806 EDI RAIO DE SOL;-22.94022210;-43.25389068;infantil;municipal;ativa;geral;nao;RUA SAO MIGUEL, SN MORRO DO BOREL. TIJUCA. 20530-420 Rio de Janeiro - RJ.
33066990;0209001 EM BENEDITO OTTONI;-22.91095690;-43.21946080;fundamental_i;municipal;ativa;geral;nao;RUA SENADOR FURTADO, 90 MARACANA. 20270-020 Rio de Janeiro - RJ.
33068496;0209003 EEM FRANCISCO DE CASTRO;-22.91309190;-43.22607320;fundamental_i;municipal;ativa;geral;nao;AVENIDA PAULA SOUSA, S/N MARACANA. 20270-120 Rio de Janeiro - RJ.
33067031;0209004 EM CONSELHEIRO MAYRINK;-22.91450729;-43.22399518;infantil|fundamental_i;municipal;ativa;geral;nao;PCA GEN PORTINHO, 2 MARACANA. 20271-010 Rio de Janeiro - RJ.
33068232;0209005 EM BARAO HOMEM DE MELLO;-22.91686061;-43.23690938;fundamental_i;municipal;ativa;geral;nao;RUA ALM JOAO CANDIDO BRASIL, 352 VILA ISABEL. 20550-162 Rio de Janeiro - RJ.
33068291;0209006 EM FRIEDENREICH;-22.91345726;-43.22870172;infantil|fundamental_i;municipal;ativa;geral;nao;AVENIDA MARACANA, 350 MARACANA. 20271-111 Rio de Janeiro - RJ.
33068313;0209007 EM JORNALISTA ASSIS CHATEAUBRIAND;-22.91682727;-43.25902412;fundamental_ii;municipal;ativa;geral;nao;R VISCONDE DE SANTA ISABEL, 272 VILA ISABEL. 20560-120 Rio de Janeiro - RJ.
33068330;0209008 EM MADRID;-22.91638120;-43.23655120;fundamental_ii;municipal;ativa;geral;nao;R MAXWELL, 8 VILA ISABEL. 20541-100 Rio de Janeiro - RJ.
33068399;0209009 EM REPUBLICA ARGENTINA;-22.91366368;-43.23172607;infantil|fundamental_i|fundamental_ii;municipal;ativa;geral;nao;RUA PROFESSOR EURICO RABELO, 131 133,135. MARACANA. 20271-150 Rio de Janeiro - RJ.
33068267;0209010 EM EQUADOR;-22.91679000;-43.24691833;infantil|fundamental_i|fundamental_ii;municipal;ativa;geral;nao;AV 28 DE SETEMBRO, 353 VILA ISABEL. 20551-030 Rio de Janeiro - RJ.
33068356;0209011 EM NOEL ROSA;-22.91562110;-43.26277790;infantil|fundamental_i;municipal;ativa;geral;nao;R BARAO DO BOM RETIRO, 1745 GRAJAU. 20540-341 Rio de Janeiro - RJ.
33068348;0209012 EM MARIO DE ANDRADE;-22.91617990;-43.25918480;infantil|fundamental_i;municipal;ativa;geral;nao;RUA JOUBERT DE CARVALHO, SN VILA ISABEL. 20560-140 Rio de Janeiro - RJ.
33068283;0209013 EM FRANCISCO MANUEL;-22.92059000;-43.24204000;fundamental_ii;municipal;ativa;geral;nao;RUA SENADOR SOARES, 61 VILA ISABEL. 20541-020 Rio de Janeiro - RJ.
33068305;0209014 EM GENERAL HUMBERTO DE SOUZA MELLO;-22.90988722;-43.23928292;infantil|fundamental_i|fundamental_ii;municipal;ativa;geral;nao;R OITO DE DEZEMBRO, 275 VILA ISABEL. 20550-200 Rio de Janeiro - RJ.
33068208;0209016 EM AFFONSO PENNA;-22.92436340;-43.24006340;fundamental_i|fundamental_ii;municipal;ativa;geral;nao;RUA BARAO DE MESQUITA, 499 ANDARAI. 20540-001 Rio de Janeiro - RJ.
33068224;0209017 EM BAPTISTA PEREIRA;-22.92240609;-43.24371720;infantil|fundamental_i;municipal;ativa;geral;nao;RUA SILVA TELES, 65 ANDARAI. 20541-110 Rio de Janeiro - RJ.
33068402;0209018 EM RODRIGO MELLO FRANCO ANDRADE;-22.93009560;-43.25072343;fundamental_i;municipal;ativa;geral;nao;R ERNESTO DE SOUZA, 153 FUNDOS. ANDARAI. 20510-360 Rio de Janeiro - RJ.
33068216;0209019 EM AFRANIO PEIXOTO;-22.92685130;-43.25482750;fundamental_i;municipal;ativa;geral;nao;RUA FERREIRA PONTES, 328 ANDARAI. 20541-280 Rio de Janeiro - RJ.
33068259;0209020 EM EPITACIO PESSOA;-22.92971297;-43.25098782;fundamental_ii;municipal;ativa;geral;nao;RUA ERNESTO DE SOUZA, 153 ANDARAI. 20510-360 Rio de Janeiro - RJ.
33068372;0209021 EM PRESIDENTE JOAO GOULART;-22.92127592;-43.25297078;fundamental_i|fundamental_ii;municipal;ativa;geral;nao;RUA BARAO DE MESQUITA 850, 850 ANDARAI. 20540-900 Rio de Janeiro - RJ.
33068364;0209023 EM PANAMA;-22.92315520;-43.25509340;infantil|fundamental_i|fundamental_ii;municipal;ativa;geral;nao;RUA DUQUESA DE BRAGANCA, 22 GRAJAU. 20540-300 Rio de Janeiro - RJ.
33068240;0209024 EM DUQUE DE CAXIAS;-22.91836141;-43.26499692;infantil|fundamental_i;municipal;ativa;geral;nao;RUA MARECHAL JOFRE, 74 GRAJAU. 20560-180 Rio de Janeiro - RJ.
33068275;0209025 EM FRANCISCO CAMPOS;-22.92171907;-43.25789765;infantil|fundamental_i|fundamental_ii;municipal;ativa;geral;nao;RUA NOSSA SENHORA DE LOURDES, 175 GRAJAU. 20560-060 Rio de Janeiro - RJ.
33068380;0209026 EM PROFESSOR LOURENCO FILHO;-22.92281966;-43.26473001;fundamental_ii;municipal;ativa;geral;nao;PCA EDMUNDO REGO, 11 GRAJAU. 20561-130 Rio de Janeiro - RJ.
33067686;0209501 CIEP PRESIDENTE SALVADOR ALLENDE;-22.91409580;-43.25904340;infantil|fundamental_i;municipal;ativa;geral;nao;RUA ARMANDO DE ALBUQUERQUE, S/N VILA ISABEL. 20560-130 Rio de Janeiro - RJ.
33104875;0209601 CM PIPA NO CEU;-22.90674321;-43.24195901;infantil;municipal;ativa;geral;nao;R. MAESTRO ERNESTO NAZARETH, SN MORRO ALTO SIMAO. VILA ISABEL. 20550-210 Rio de Janeiro - RJ.
33122083;0209602 CM CANTINHO DO CEU;-22.93089148;-43.25056943;infantil;municipal;ativa;geral;nao;R TENENTE MARQUES DE SOUZA, 259 MORRO DO CRUZ. TIJUCA. 20530-000 Rio de Janeiro - RJ.
33125457;0209603 CM GALDINO MANOEL DA SILVA;-22.93296333;-43.26087667;infantil;municipal;ativa;geral;nao;RUA ADOLFO CAMINHA, SN ANDARAI. 20541-310 Rio de Janeiro - RJ.
33121907;0209604 CM NOVA DIVINEIA;-22.92880819;-43.26386159;infantil;municipal;ativa;geral;nao;R ENGENHEIRO MORSING, 228 GRAJAU. 20561-220 Rio de Janeiro - RJ.
33136750;0209605 CM SAO SEBASTIAO - ARRELIA;-22.93651550;-43.26182747;infantil;municipal;ativa;geral;nao;RUA SANTO AGOSTINHO, SN ANDARAI. 20541-260 Rio de Janeiro - RJ.
33121826;0209606 CM WINNIE MANDELA;-22.93370500;-43.25779500;infantil;municipal;ativa;geral;nao;R ANDARAI, 401 ANDARAI. 20541-210 Rio de Janeiro - RJ.
33152012;0209607 CM SOLANGE MARIA MAGALHAES;-22.91325970;-43.25259900;infantil;municipal;ativa;geral;nao;RUA SENADOR NABUCO, 248 VILA ISABEL. 20551-230 Rio de Janeiro - RJ.
33147272;0209608 CM GERMINAL DA VILA;-22.91407195;-43.25570457;infantil;municipal;ativa;geral;nao;RUA PETROCOCHINO, 73 FUNDOS. VILA ISABEL. 20551-255 Rio de Janeiro - RJ.
33158045;0209609 CM PAPA JOAO PAULO II;-22.92910670;-43.26206298;infantil;municipal;ativa;geral;nao;RUA SA VIANA, 222 GRAJAU. 20540-260 Rio de Janeiro - RJ.
33068526;0209610 CM FRANCISCO DE PAULA;-22.91191359;-43.24745251;infantil;municipal;ativa;geral;nao;RUA CORREIA DE OLIVEIRA, 21 VILA ISABEL. 20551-200 Rio de Janeiro - RJ.
33067090;0209801 EDI BARBARA OTTONI;-22.91068900;-43.21985710;infantil;municipal;ativa;geral;nao;RUA SENADOR FURTADO, 94 MARACANA. 20270-020 Rio de Janeiro - RJ.
33067104;0209802 EDI ANIBAL MACHADO;-22.92973485;-43.25075329;infantil;municipal;ativa;geral;nao;R ERNESTO DE SOUZA, 149 ANDARAI. 20510-360 Rio de Janeiro - RJ.
33167842;0209803 EDI PROFESSORA SUELY DE PINHO CAVALCANTE;-22.91440630;-43.25941100;infantil;municipal;ativa;geral;nao;RUA ARMANDO DE ALBUQUERQUE, S/N VILA ISABEL. 20560-130 Rio de Janeiro - RJ.
33171076;0209804 EDI PROFESSORA LUCIA MARIA QUITETE DE CARVALHO AMARAL;-22.92979730;-43.26520390;infantil;municipal;ativa;geral;nao;RUA BORDA DO MATO, S/N GRAJAU. 20561-208 Rio de Janeiro - RJ.
33087784;0227001 EM ABELARDO CHACRINHA BARBOSA;-22.98376880;-43.24989690;infantil|fundamental_i;municipal;ativa;geral;nao;RUA MARIA DO CARMO SOARES DO NASCIMENTO, S/N LABORIAUX. ROCINHA. 22451-267 Rio de Janeiro - RJ.
33065772;0227002 EM FRANCISCO DE PAULA BRITO;-22.98813669;-43.24791544;fundamental_i;municipal;ativa;geral;nao;RUA DIONEIA, SEM N ROCINHA. 22451-330 Rio de Janeiro - RJ.
33149275;0227004 EM RINALDO DE LAMARE;-22.99348254;-43.25273328;infantil|fundamental_i;municipal;ativa;geral;nao;AVENIDA NIEMEYER, 776 SAO CONRADO. 22450-221 Rio de Janeiro - RJ.
33163707;0227005 EM ANDRE URANI;-22.98556795;-43.24269876;fundamental_ii;municipal;ativa;geral;nao;ESTRADA DA GAVEA, 147 GAVEA. 22451-262 Rio de Janeiro - RJ.
33179107;0227006 EM LUIZ PAULO HORTA;-22.98934936;-43.25202674;fundamental_i;municipal;ativa;geral;nao;ESTRADA DA GAVEA, 522 ATRAS DA UPA. GAVEA. 22451-272 Rio de Janeiro - RJ.
33087601;0227501 CIEP DOUTOR BENTO RUBIAO;-22.98895555;-43.25224000;infantil|fundamental_i;municipal;ativa;geral;nao;ESTR DA GAVEA, CURVA DO S. ROCINHA. 22451-263 Rio de Janeiro - RJ.
33095477;0227601 CM CASTELINHO;-22.98736267;-43.24695002;infantil;municipal;ativa;geral;nao;ESTRADA DA GAVEA 308, 22 TRAV.SAMARITANA. ROCINHA. 22451-264 Rio de Janeiro - RJ.
33095442;0227602 CM IACYRA FRAZAO;-22.98584830;-43.24612470;infantil;municipal;ativa;geral;nao;RUA MARIA DO CARMO SOARES DO NASCIMENTO, 14 CASA 4. LABORIAUX - ROCINHA. 22451-267 Rio de Janeiro - RJ.
33173958;0227801 EDI PROFESSORA EDIR CASEIRO RIBEIRO;-22.98844204;-43.24891907;infantil;municipal;ativa;geral;nao;ESTRADA DA GAVEA, GAVEA. 22451-272 Rio de Janeiro - RJ.
33161259;03001 - ASSOCIACAO PRESBITERIANA CUIDANDO DO AMANHA - APCA;-22.91587833;-43.29873500;infantil;privada;ativa;geral;sim;RUA VEREADOR IGLESIAS, 25 ENGENHO DE DENTRO. 20730-210 Rio de Janeiro - RJ.
33107262;03002 - ABRIGO MARIA IMACULADA;-22.90065690;-43.24953020;infantil;privada;ativa;geral;sim;RUA ANA NERI, 1422 ROCHA. 20960-005 Rio de Janeiro - RJ.
33141240;03003 - CASA SAO ROQUE;-22.89708260;-43.28037760;infantil;privada;ativa;geral;sim;RUA VISCONDE DE TOCANTINS, 34 MEIER. 20775-070 Rio de Janeiro - RJ.
33110689;03004 - CENTRO COMUNITARIO NOSSA SENHORA APARECIDA -CRECHE;-22.89472000;-43.27327000;infantil;privada;ativa;geral;sim;RUA ARISTIDES CAIRE, 349 MEIER. 20775-090 Rio de Janeiro - RJ.
33111634;03005 - COLEGIO RUTH SANT ANNA JARDIM DE INFANCIA CIRANDA CIRANDINHA;-22.89722000;-43.27286000;infantil|fundamental_i|fundamental_ii;privada;ativa;geral;sim;RUA TORRES SOBRINHO, 57 MEIER. 20780-050 Rio de Janeiro - RJ.
33183201;03006 - CRECHE CASA VIVA;-22.89613120;-43.29730660;infantil;privada;ativa;geral;sim;AVENIDA AMARO CAVALCANTI, 2171 ENGENHO DE DENTRO. 20735-042 Rio de Janeiro - RJ.
33109184;03007 - CRECHE CHAMEGUINHO;-22.91553480;-43.27853580;infantil;privada;ativa;geral;sim;RUA LUIS REGAZZI, 190 SAO FRANCISCO DE ASS. LINS DE VASCONCELOS. 20715-430 Rio de Janeiro - RJ.
33068712;03008 - CRECHE COMUNITARIA ELIANA SATURNINO BRAGA;-22.85773000;-43.26666000;infantil;privada;ativa;geral;sim;RUA VISTA ALEGRE, 17 RAMOS. 21060-415 Rio de Janeiro - RJ.
33556210;03010 - CRECHE ESCOLA COMUNITARIA MAE SOCIAL;-22.85963693;-43.27948006;infantil;privada;ativa;geral;sim;RUA CANITAR, 749 FUNDOS. INHAUMA. 20766-200 Rio de Janeiro - RJ.
33144613;03011 - CRECHE PADRE JUSTINO RUSSOLILLO;-22.85853950;-43.28046870;infantil;privada;ativa;geral;sim;RUA VALMIR, S/Nº INHAUMA. 21061-000 Rio de Janeiro - RJ.
33129240;03012 - CRECHE MAE DO DIVINO SALVADOR;-22.88716054;-43.31002397;infantil;privada;ativa;geral;sim;RUA DIVINO SALVADOR, 223 PIEDADE. 20756-210 Rio de Janeiro - RJ.
33172021;03013 - CRECHE JACAREZINHO;-22.88895288;-43.26668409;infantil;privada;ativa;geral;sim;RUA MIGUEL ANGELO, 541 CACHAMBI. 20785-224 Rio de Janeiro - RJ.
33114528;03014 - CRECHE PLANTANDO O AMANHA;-22.87906250;-43.26969240;infantil;privada;ativa;geral;sim;AV PASTOR MARTIN LUTHER KING JUNIOR, 126 DEL CASTILHO. 20756-000 Rio de Janeiro - RJ.
33124728;03015 - CRECHE MARIETTA NAVARRO GAIO;-22.90439213;-43.25188913;infantil;privada;ativa;geral;sim;RUA FREI PINTO, 75 ROCHA. 20950-140 Rio de Janeiro - RJ.
33095264;03016 - CRECHE SAO PEDRO NOLASCO;-22.86258300;-43.26427480;infantil;privada;ativa;geral;sim;RUA ITAQUIRI, 248 RAMOS. 21060-600 Rio de Janeiro - RJ.
33127786;03017 - CRECHE TERNURINHA;-22.91431300;-43.27539890;infantil;privada;ativa;geral;sim;RUA ARAUJO LEITAO, 925 RUA COLHER Nº 01. LINS DE VASCONCELOS. 20715-310 Rio de Janeiro - RJ.
33123217;03018 - FRATERNIDADE ASSISTENCIAL CRISTA;-22.89949000;-43.26992000;infantil;privada;ativa;geral;sim;RUA PROPICIA, 245 FRENTE. ENGENHO NOVO. 20780-160 Rio de Janeiro - RJ.
33168768;03019 - INSTITUTO EDUCACIONAL CRESCENDO E APRENDENDO ALGODAO DOCE;-22.86160780;-43.27115660;infantil;privada;ativa;geral;sim;ESTRADA DE ITARARE, 480 RUA NOVA 66. RAMOS. 21061-240 Rio de Janeiro - RJ.
33123098;03020 - CRECHE LAR DA CRIANCA JESUS BOM PASTOR;-22.86432210;-43.27787370;infantil;privada;ativa;geral;sim;RUA BOA VISTA, 20-A COMUNID. FAZENDINHA. INHAUMA. 21061-300 Rio de Janeiro - RJ.
33161399;03021 - CRECHE COMUNITARIA TIA ALICE;-22.88923000;-43.25304000;infantil;privada;ativa;geral;sim;RUA CAMBORIU, 205 FUNDOS. JACARE. 20975-160 Rio de Janeiro - RJ.
33181853;03022 - INSTITUTO AVANTE ELITE DO FUTURO;-22.87480860;-43.29384780;infantil;privada;ativa;geral;sim;RUA EDMUNDO, 97 PILARES. 20760-700 Rio de Janeiro - RJ.
33183236;03023 - LAR DE MARIA DOLORES;-22.90436044;-43.24715465;infantil;privada;ativa;geral;sim;RUA NAZARIO, 42 CASA. SAO FRANCISCO XAVIER. 20950-030 Rio de Janeiro - RJ.
33177422;03024 - CASA DE LEYLA;-22.90087780;-43.25907800;infantil;privada;ativa;geral;sim;RUA ANA NERI, 2400 SAMPAIO. 20960-008 Rio de Janeiro - RJ.
33180547;03026 - ASSOCIACAO CHALE SEMENTINHAS;-22.88106638;-43.25668568;infantil;privada;ativa;geral;sim;RUA JOSE RUBINO, 82 E 88 HIGIENOPOLIS. 21050-430 Rio de Janeiro - RJ.
33192715;03031 - ESCOLA COMUNITARIA JARDIM ARCO IRIS - UNIDADE MEIER;-22.90627180;-43.28832480;infantil;privada;ativa;geral;sim;RUA VILELA TAVARES, 62 MEIER. 20725-220 Rio de Janeiro - RJ.
33191948;03032 - NUCLEO RECREATIVO RAIOZINHO DE SOL;-22.88235996;-43.29328911;infantil;privada;ativa;geral;sim;AVENIDA DOM HELDER CAMARA, 6653 PILARES. 20771-002 Rio de Janeiro - RJ.
33191964;03033 - INSTITUTO EDUCACIONAL T P CONQUISTA;-22.91229961;-43.28501249;infantil;privada;ativa;geral;sim;RUA VILELA TAVARES, 358 LINS DE VASCONCELOS. 20725-220 Rio de Janeiro - RJ.
33369208;03034 - CRECHE RISCO E RABISCO;-22.87797717;-43.30044290;infantil;privada;ativa;geral;sim;RUA MARIA BENJAMIM, 485 PILARES. 20750-140 Rio de Janeiro - RJ.
33191972;03035 - CASA CARITATIVA SAO VICENTE DE PAULO;-22.86273717;-43.27760775;infantil;privada;ativa;geral;sim;RUA ANTONIO AUSTREGESILO, 90 CASA. INHAUMA - COMPLEXO DO ALEMAO. 21061-300 Rio de Janeiro - RJ.
33194777;03037 - CRECHE FRUTOS DO AMANHA I;-22.87397491;-43.28345447;infantil;privada;ativa;geral;sim;RUA PADRE JANUARIO, 161 INHAUMA. 20765-140 Rio de Janeiro - RJ.
33194769;03038 - CRECHE FRUTOS DO AMANHA II;-22.86652031;-43.29183229;infantil;privada;ativa;geral;sim;ESTRADA ADHEMAR BEBIANO, 3805 ENGENHO DA RAINHA. 20765-360 Rio de Janeiro - RJ.
33069352;0312001 EM OSWALDO CRUZ;-22.87786910;-43.25629730;infantil|fundamental_i;municipal;ativa;geral;nao;AVENIDA DOS DEMOCRATICOS, 683 HIGIENOPOLIS. 21050-435 Rio de Janeiro - RJ.
33069107;0312002 EM ALCIDE DE GASPERI;-22.86952006;-43.26486801;fundamental_ii;municipal;ativa;geral;nao;RUA MIRALUZ, 181 HIGIENOPOLIS. 21061-040 Rio de Janeiro - RJ.
33069344;0312003 EM ORDEM E PROGRESSO;-22.87598267;-43.26293707;fundamental_i;municipal;ativa;geral;nao;RUA ACAPUVA, 132 HIGIENOPOLIS. 21050-730 Rio de Janeiro - RJ.
33069255;0312004 EM ESTADO DA GUANABARA;-22.87800770;-43.25649610;fundamental_ii;municipal;ativa;geral;nao;RUA LOURENCO RIBEIRO, 31 HIGIENOPOLIS. 21050-510 Rio de Janeiro - RJ.
33069212;0312005 EM D JOAO VI;-22.87284690;-43.26320500;infantil|fundamental_i;municipal;ativa;geral;nao;RUA DARKE DE MATOS, 166 HIGIENOPOLIS. 21051-470 Rio de Janeiro - RJ.
33069310;0312006 EM MINISTRO OROSIMBO NONATO;-22.87257090;-43.26272740;fundamental_i|fundamental_ii;municipal;ativa;geral;nao;RUA DARKE DE MATOS, 152 HIGIENOPOLIS. 21051-470 Rio de Janeiro - RJ.
33072663;0312008 EM DELFIM MOREIRA;-22.89380470;-43.25219910;infantil|fundamental_i;municipal;ativa;geral;nao;PRACA UBAJARA, 28 JACARE. 20975-020 Rio de Janeiro - RJ.
33072760;0312009 EM GEORGE SUMNER;-22.90069852;-43.25565151;fundamental_ii;municipal;ativa;geral;nao;R ANA NERI, 2028 RIACHUELO. 20960-081 Rio de Janeiro - RJ.
33073082;0312010 EM PACE;-22.88055249;-43.25839333;infantil|fundamental_i;municipal;ativa;geral;nao;AV DOM HELDER CAMARA, 2320 HIGIENOPOLIS. 21050-452 Rio de Janeiro - RJ.
33073112;0312011 EM PERNAMBUCO;-22.88422490;-43.26276920;fundamental_i|fundamental_ii;municipal;ativa;geral;nao;R CONDE DE AZAMBUJA, 579 MARIA DA GRACA. 20785-341 Rio de Janeiro - RJ.
33072965;0312012 EM MANUEL BONFIM;-22.88439430;-43.27426810;fundamental_ii;municipal;ativa;geral;nao;R BRAQUE, 31 DEL CASTILHO. 20771-350 Rio de Janeiro - RJ.
33073236;0312013 EM SAO DOMINGOS;-22.88014254;-43.27533878;fundamental_i;municipal;ativa;geral;nao;PRACA DA CONFEDERACAO SUICA, SN DEL CASTILHO. 20760-020 Rio de Janeiro - RJ.
33073058;0312014 EM NEREU SAMPAIO;-22.86827280;-43.28918100;fundamental_ii;municipal;ativa;geral;nao;RUA NUNES VIANA, S/N INHAUMA. 20765-370 Rio de Janeiro - RJ.
33072558;0312015 EM BARAO DE MACAHUBAS;-22.87309347;-43.28305699;infantil|fundamental_i;municipal;ativa;geral;nao;RUA PADRE JANUARIO, 220 INHAUMA. 20765-140 Rio de Janeiro - RJ.
33072639;0312016 EM CEARA;-22.87288990;-43.28323110;fundamental_i|fundamental_ii;municipal;ativa;geral;nao;RUA DONA EMILIA, 161 INHAUMA. 20765-110 Rio de Janeiro - RJ.
33072914;0312017 EM LAURO SODRE;-22.87287560;-43.26891650;infantil|fundamental_i|fundamental_ii;municipal;ativa;geral;nao;ESTRADA ADHEMAR BEBIANO, 785 DEL CASTILHO. 21051-070 Rio de Janeiro - RJ.
33073066;0312018 EM NICOLAU ANTONIO TAUNAY;-22.87469650;-43.27590880;infantil|fundamental_i;municipal;ativa;geral;nao;R GIMIRIM, S/N INHAUMA. 21051-330 Rio de Janeiro - RJ.
33073074;0312019 EM OLAVO JOSINO DE SALLES;-22.92373710;-43.26254440;infantil|fundamental_i;municipal;ativa;geral;nao;RUA GUARAPUAVA, S/N INHAUMA. 20765-280 Rio de Janeiro - RJ.
33072787;0312020 EM GUSTAVO ARMBRUST;-22.87430290;-43.27528720;fundamental_ii;municipal;ativa;geral;nao;RUA IRAPO, S/N INHAUMA. 21051-350 Rio de Janeiro - RJ.
33072728;0312021 EM EURICO VILELA;-22.87371660;-43.27296130;infantil|fundamental_i|fundamental_ii;municipal;ativa;geral;nao;RUA LAGOA CLARA, DEL CASTILHO. 21051-370 Rio de Janeiro - RJ.
33073228;0312022 EM RUBENS BERARDO;-22.86916634;-43.27471398;fundamental_i|fundamental_ii;municipal;ativa;geral;nao;AVENIDA ITAOCA, 2326 INHAUMA. 21061-770 Rio de Janeiro - RJ.
33072868;0312023 EM JOAQUIM RIBEIRO;-22.87754940;-43.28578580;infantil|fundamental_i|fundamental_ii;municipal;ativa;geral;nao;PRACA SOLDADO COSME DOS SANTOS, 28 INHAUMA. 20760-590 Rio de Janeiro - RJ.
33072671;0312024 EM DOMINGOS BEBIANO;-22.87391720;-43.27774820;fundamental_i;municipal;ativa;geral;nao;ESTRADA ADHEMAR BEBIANO, 1870 INHAUMA. 21061-750 Rio de Janeiro - RJ.
33073147;0312025 EM PROFESSORA ARMINDA MOREIRA PADOVA;-22.87293670;-43.27086950;infantil|fundamental_i;municipal;ativa;geral;nao;RUA CHAPADINHA, SN INHAUMA. 21051-300 Rio de Janeiro - RJ.
33073139;0312027 EM PROFESSOR AFONSO VARZEA;-22.86745870;-43.27398940;infantil|fundamental_i;municipal;ativa;geral;nao;AV ITAOCA, 2086 INHAUMA. 21061-020 Rio de Janeiro - RJ.
33072892;0312029 EM JOSE MARTI;-22.87037990;-43.29511730;fundamental_i;municipal;ativa;geral;nao;PCA ABUNA, S/N ENGENHO DA RAINHA. 20761-270 Rio de Janeiro - RJ.
33072957;0312030 EM MARECHAL ESTEVAO LEITAO DE CARVALHO;-22.86874200;-43.29674080;fundamental_i|fundamental_ii;municipal;ativa;geral;nao;AV. PASTOR MARTIN LUTHER KING JUNIOR, 3217 ENGENHO DA RAINHA. 20761-121 Rio de Janeiro - RJ.
33072710;0312031 EM EURICO SALLES;-22.86703400;-43.29801250;fundamental_ii;municipal;ativa;geral;nao;AVENIDA MARTIN LUTHER KING JUNIOR, 3416 INHAUMA. 20766-730 Rio de Janeiro - RJ.
33073198;0312032 EM REVERENDO ALVARO REIS;-22.86695094;-43.29569645;infantil|fundamental_i;municipal;ativa;geral;nao;ESTR. ADHEMAR BEBIANO, 4341 ENGENHO DA RAINHA. 20765-171 Rio de Janeiro - RJ.
33072922;0312033 EM LEVY NEVES;-22.86404210;-43.30228910;infantil|fundamental_i|fundamental_ii;municipal;ativa;geral;nao;RUA JB DE CARVALHO, 64 ENGENHO DA RAINHA. 20765-400 Rio de Janeiro - RJ.
33072930;0312034 EM LIBERATO BITTENCOURT;-22.86840052;-43.29868462;infantil|fundamental_i;municipal;ativa;geral;nao;R CESAR REGO MONTEIRO FILHO, SN ENGENHO DA RAINHA. 20761-380 Rio de Janeiro - RJ.
33072531;0312035 EM ANTONIO PEREIRA;-22.87109590;-43.31014670;infantil|fundamental_i;municipal;ativa;geral;nao;RUA MOACIR DE ALMEIDA, 771 TOMAS COELHO. 20750-340 Rio de Janeiro - RJ.
33071225;0312037 EM PROFESSORA VERA SABACK SAMPAIO;-22.86672310;-43.26951840;infantil|fundamental_i|fundamental_ii;municipal;ativa;geral;nao;ESTRADA DE ITARARE, 1071 BONSUCESSO. 21061-901 Rio de Janeiro - RJ.
33163715;0312041 EM JOSE APARECIDO DO PRADO SARTI;-22.86939730;-43.28808920;infantil|fundamental_i;municipal;ativa;geral;nao;RUA ALCIDES DE OLIVEIRA, 278 INHAUMA. 20765-190 Rio de Janeiro - RJ.
33189501;0312043 EM CIVICO MILITAR CARIOCA;-22.89853678;-43.25117069;fundamental_ii;municipal;ativa;geral;nao;RUA CONDE DE PORTO ALEGRE, 301 ROCHA. 20960-110 Rio de Janeiro - RJ.
33191590;0312044 EM ELZA SOARES;-22.90015751;-43.25093435;fundamental_i;municipal;ativa;geral;nao;RUA ANA NERI, 1552 ROCHA. 20960-005 Rio de Janeiro - RJ.
33071330;0312501 CIEP PATRICE LUMUMBA;-22.87858215;-43.27518018;fundamental_i|fundamental_ii;municipal;ativa;geral;nao;PRACA CONFEDERACAO SUICA, S/N DEL CASTILHO. 20760-020 Rio de Janeiro - RJ.
33071349;0312502 CIEP PROCOPIO FERREIRA;-22.87974460;-43.27509490;infantil;municipal;ativa;geral;nao;PRACA DA CONFEDERACAO SUICA, S/N DEL CASTILHO. 20760-020 Rio de Janeiro - RJ.
33088489;0312503 CIEP CORONEL SARMENTO;-22.87260790;-43.27679310;infantil|fundamental_i|fundamental_ii;municipal;ativa;geral;nao;AV. ITAOCA, S/N INHAUMA. 21061-020 Rio de Janeiro - RJ.
33096082;0312601 CM CANTINHO FELIZ;-22.88068140;-43.28159290;infantil;municipal;ativa;geral;nao;AVENIDA BEIRA RIO, S/N. AGUIA DE OURO. INHAUMA. 20760-110 Rio de Janeiro - RJ.
33095108;0312602 CM ENGENHO DA RAINHA;-22.86950760;-43.29984490;infantil;municipal;ativa;geral;nao;RUA PEREIRA PINTO, 191 TOMAS COELHO. 20761-350 Rio de Janeiro - RJ.
33152020;0312603 CM RENASCER;-22.88047540;-43.27908360;infantil;municipal;ativa;geral;nao;AVENIDA ENGENHEIRO JOSE DE CASTRO, 24 DEL CASTILHO. 20760-040 Rio de Janeiro - RJ.
33163910;0312801 EDI HENRIQUE FOREIS;-22.86327625;-43.28490998;infantil;municipal;ativa;geral;nao;RUA MANOEL MAURICIO, INHAUMA. 20765-295 Rio de Janeiro - RJ.
33163928;0312802 EDI LUCIA MARIA BATISTA DE ALBUQUERQUE;-22.86739890;-43.26932920;infantil;municipal;ativa;geral;nao;AV. ITAOCA S/N, S/N BONSUCESSO. 21061-240 Rio de Janeiro - RJ.
33163936;0312803 EDI PROFESSORA LUIZA HELENA MAIA MEDEIROS;-22.86532800;-43.27475830;infantil;municipal;ativa;geral;nao;TRAVESSA GUANAJUATO, S/N INHAUMA. 21061-410 Rio de Janeiro - RJ.
33163944;0312804 EDI PROFESSORA TANIA MARTINS NOVO LENZ;-22.87422440;-43.30722480;infantil;municipal;ativa;geral;nao;ITALIA DINCAU, S/N TOMAS COELHO. 21381-240 Rio de Janeiro - RJ.
33163952;0312805 EDI TANIA CRISTINA MOREIRA;-22.86104450;-43.28652230;infantil;municipal;ativa;geral;nao;RUA RELICARIO, INHAUMA. 20766-340 Rio de Janeiro - RJ.
33071209;0312806 EDI PROFESSORA ELIANE MONTE CHIARI DANTAS;-22.86440090;-43.27536070;infantil;municipal;ativa;geral;nao;RUA YUCATAN, S/N INHAUMA. 21061-570 Rio de Janeiro - RJ.
33072400;0312807 EDI DEL CASTILHO;-22.88033390;-43.27052280;infantil;municipal;ativa;geral;nao;AV DOM HELDER CAMARA, 3732 DEL CASTILHO. 20771-003 Rio de Janeiro - RJ.
33167818;0312809 EDI PROFESSORA VALERIA PEREIRA DE SOUZA PINTO;-22.86529648;-43.27323884;infantil;municipal;ativa;geral;nao;RUA NOVA BRASILIA, S/N BONSUCESSO. 21061-060 Rio de Janeiro - RJ.
33073007;0312810 EDI MARIA MAZZETTI;-22.86260190;-43.30608690;infantil;municipal;ativa;geral;nao;AV. PASTOR MARTIN LUTHER KING JUNIOR, 4676 TOMAS COELHO. 21220-300 Rio de Janeiro - RJ.
33066213;0312811 EDI BRICIO FILHO;-22.88464850;-43.25090460;infantil;municipal;ativa;geral;nao;AV DOM HELDER CAMARA, 1496 JACARE. 20973-012 Rio de Janeiro - RJ.
33072817;0312812 EDI HERMENEGILDO DE BARROS;-22.87162080;-43.29242350;infantil;municipal;ativa;geral;nao;PCA EMBOABA, S/N ENGENHO DA RAINHA. 20761-160 Rio de Janeiro - RJ.
33073333;0313001 EM MARECHAL CARLOS MACHADO BITENCOURT;-22.89725758;-43.24786867;infantil|fundamental_i;municipal;ativa;geral;nao;RUA DR GARNIER, 390 A TERREO. ROCHA. 20975-000 Rio de Janeiro - RJ.
33072906;0313002 EM JOSE VERISSIMO;-22.90275040;-43.25003010;fundamental_ii;municipal;ativa;geral;nao;RUA HENRIQUE DIAS, 150 ROCHA. 20950-120 Rio de Janeiro - RJ.
33073090;0313003 EM PARETO;-22.90174546;-43.25083486;infantil|fundamental_i;municipal;ativa;geral;nao;RUA VINTE E QUATRO DE MAIO, 225 ROCHA. 20950-085 Rio de Janeiro - RJ.
33072647;0313005 EM CESAR AUGUSTO SOARES;-22.90119320;-43.26076500;infantil|fundamental_i;municipal;ativa;geral;nao;R PAIM PAMPLONA, 50 SAMPAIO. 20970-140 Rio de Janeiro - RJ.
33073201;0313006 EM RIO DE JANEIRO;-22.89333270;-43.26464400;fundamental_ii;municipal;ativa;geral;nao;RUA PECANHA DA SILVA, 165 JACARE. 20780-340 Rio de Janeiro - RJ.
33073244;0313007 EM SARMIENTO;-22.90319420;-43.26785590;infantil|fundamental_i;municipal;ativa;geral;nao;RUA VINTE E QUATRO DE MAIO, 931 ENGENHO NOVO. 20950-092 Rio de Janeiro - RJ.
33072680;0313008 EM DR MARIO AUGUSTO TEIXEIRA DE FREITAS;-22.91203567;-43.26343831;infantil|fundamental_i;municipal;ativa;geral;nao;RUA VILA FLOR, S/N ENGENHO NOVO. 20715-090 Rio de Janeiro - RJ.
33072876;0313011 EM JOSE EDUARDO DE MACEDO SOARES;-22.90945350;-43.28488844;fundamental_i|fundamental_ii;municipal;ativa;geral;nao;RUA MARIO PIRAGIBE, 41 LINS DE VASCONCELOS. 20720-320 Rio de Janeiro - RJ.
33073252;0313012 EM SENADOR JOAO LYRA TAVARES;-22.90560310;-43.27328830;infantil|fundamental_i;municipal;ativa;geral;nao;RUA LUIZ BEZERRA, 2 N 2. LINS DE VASCONCELOS. 20710-160 Rio de Janeiro - RJ.
33073031;0313013 EM MINISTRO GAMA FILHO;-22.91602830;-43.28549360;infantil|fundamental_i|fundamental_ii;municipal;ativa;geral;nao;R ENGENHEIRO EUFRASIO BORGES, 14 LINS DE VASCONCELOS. 20725-120 Rio de Janeiro - RJ.
33073023;0313014 EM MEDEIROS E ALBUQUERQUE;-22.89981549;-43.26911202;infantil|fundamental_i|fundamental_ii;municipal;ativa;geral;nao;RUA BOLIVIA, 62 ENGENHO NOVO. 20780-170 Rio de Janeiro - RJ.
33073180;0313015 EM REPUBLICA DO PERU;-22.89871529;-43.28047388;fundamental_ii;municipal;ativa;geral;nao;RUA ARQUIAS CORDEIRO, 508 MEIER. 20770-000 Rio de Janeiro - RJ.
33072566;0313016 EM BENEVENUTA RIBEIRO;-22.90316000;-43.27428167;fundamental_ii;municipal;ativa;geral;nao;R FELIPO CAVALCANTI, 10 MEIER. 20780-130 Rio de Janeiro - RJ.
33072833;0313018 EM ISABEL MENDES;-22.90471620;-43.27937940;infantil|fundamental_i;municipal;ativa;geral;nao;RUA JOAQUIM MEIER, 293 MEIER. 20725-050 Rio de Janeiro - RJ.
33072515;0313019 EM AFFONSO TAUNAY;-22.90905362;-43.28648389;infantil|fundamental_i;municipal;ativa;geral;nao;RUA VILELA TAVARES, 211 MEIER. 20725-220 Rio de Janeiro - RJ.
33072574;0313020 EM BENTO RIBEIRO;-22.90409150;-43.28018015;fundamental_ii;municipal;ativa;geral;nao;RUA CONEGO TOBIAS, 112 MEIER. 20725-010 Rio de Janeiro - RJ.
33072744;0313021 EM FRANCISCO JOBIM;-22.90261304;-43.29047915;fundamental_ii;municipal;ativa;geral;nao;RUA ADRIANO, 310 MEIER. 20735-060 Rio de Janeiro - RJ.
33073155;0313022 EM PROFESSOR AUGUSTO PAULINO FILHO;-22.90424320;-43.28044070;infantil|fundamental_i|fundamental_ii;municipal;ativa;geral;nao;RUA CONEGO TOBIAS, 116 MEIER. 20725-010 Rio de Janeiro - RJ.
33072825;0313023 EM HONORIO GURGEL;-22.88829672;-43.29375408;infantil|fundamental_i;municipal;ativa;geral;nao;RUA JOSE DOS REIS, 707 ENGENHO DE DENTRO. 20756-115 Rio de Janeiro - RJ.
33072507;0313024 EM ACRE;-22.89793790;-43.28537300;fundamental_ii;municipal;ativa;geral;nao;RUA SANTOS TITARA, 50 TODOS OS SANTOS. 20735-240 Rio de Janeiro - RJ.
33073163;0313025 EM PROFESSOR VISITACAO;-22.89384970;-43.27309040;infantil|fundamental_i;municipal;ativa;geral;nao;RUA FERREIRA DE ANDRADE, 209 FUNDOS. CACHAMBI. 20780-200 Rio de Janeiro - RJ.
33072884;0313026 EM JOSE LINS DO REGO;-22.89073270;-43.26620880;infantil|fundamental_i;municipal;ativa;geral;nao;RUA REGINALDO PARDELHA, S/N CACHAMBI. 20785-170 Rio de Janeiro - RJ.
33072841;0313027 EM JEAN MERMOZ;-22.88683840;-43.27337150;infantil|fundamental_i;municipal;ativa;geral;nao;RUA SAO GABRIEL, 261 CACHAMBI. 20785-292 Rio de Janeiro - RJ.
33073309;0313029 EM THOMAS MANN;-22.89393910;-43.27261330;fundamental_i|fundamental_ii;municipal;ativa;geral;nao;RUA FERREIRA DE ANDRADE, 195 CACHAMBI. 20780-200 Rio de Janeiro - RJ.
33073104;0313030 EM PASTOR MIRANDA PINTO;-22.89222540;-43.27658410;fundamental_ii;municipal;ativa;geral;nao;PRACA AVAI, S/N CACHAMBI. 20775-150 Rio de Janeiro - RJ.
33073040;0313031 EM NOSSA SENHORA DE POMPEIA;-22.89198040;-43.27979190;infantil|fundamental_i;municipal;ativa;geral;nao;RUA CIRNE MAIA, 109 CACHAMBI. 20771-410 Rio de Janeiro - RJ.
33072582;0313032 EM BOLIVAR;-22.89110891;-43.29444221;fundamental_ii;municipal;ativa;geral;nao;RUA JOSE DOS REIS, 466 ENGENHO DE DENTRO. 20756-116 Rio de Janeiro - RJ.
33072990;0313033 EM MARIA IZABEL BIVAR;-22.88490450;-43.29156170;infantil|fundamental_i;municipal;ativa;geral;nao;RUA JOSE DOS REIS, 1305 FUNDOS. ENGENHO DE DENTRO. 20770-061 Rio de Janeiro - RJ.
33072795;0313034 EM HELIO SMIDT;-22.88865626;-43.29383078;fundamental_i|fundamental_ii;municipal;ativa;geral;nao;RUA JOSE DOS REIS, 879 ENGENHO DE DENTRO. 20756-115 Rio de Janeiro - RJ.
33072698;0313035 EM EDGARD SUSSEKIND DE MENDONCA;-22.89941840;-43.30102400;fundamental_i;municipal;ativa;geral;nao;RUA ANA LEONIDIA, S/N ENGENHO DE DENTRO. 20730-390 Rio de Janeiro - RJ.
33073210;0313036 EM RIO GRANDE DO SUL;-22.90030000;-43.29585070;fundamental_i|fundamental_ii;municipal;ativa;geral;nao;RUA ADOLFO BERGAMINI, 201 ENGENHO DE DENTRO. 20730-000 Rio de Janeiro - RJ.
33072540;0313037 EM AUGUSTO FREDERICO SCHMIDT;-22.90989000;-43.29795099;infantil|fundamental_i;municipal;ativa;geral;nao;RUA MAPURARI, S/N ENGENHO DE DENTRO. 20730-340 Rio de Janeiro - RJ.
33072949;0313038 EM LONDRES;-22.90087616;-43.29523633;fundamental_i;municipal;ativa;geral;nao;RUA MONSENHOR JERONIMO, SN ENGENHO DE DENTRO. 20730-110 Rio de Janeiro - RJ.
33072590;0313040 EM BRIGADEIRO FARIA LIMA;-22.90586210;-43.31070900;fundamental_ii;municipal;ativa;geral;nao;RUA VIOLETA, S/N AGUA SANTA. 20745-180 Rio de Janeiro - RJ.
33073317;0313041 EM TOBIAS BARRETO;-22.89729750;-43.30280950;fundamental_i;municipal;ativa;geral;nao;RUA POMPILIO DE ALBUQUERQUE, 62 ENCANTADO. 20745-125 Rio de Janeiro - RJ.
33072779;0313042 EM GOIAS;-22.89472000;-43.30161000;fundamental_i|fundamental_ii;municipal;ativa;geral;nao;RUA GOIAS, 248 ENGENHO DE DENTRO. 20756-120 Rio de Janeiro - RJ.
33073295;0313043 EM TAGORE;-22.88776170;-43.30243330;infantil|fundamental_i;municipal;ativa;geral;nao;PRACA FREDERICO DUVAL, S/N ABOLICAO. 20756-030 Rio de Janeiro - RJ.
33072850;0313044 EM JOAO KOPKE;-22.88390100;-43.30796410;infantil|fundamental_i|fundamental_ii;municipal;ativa;geral;nao;RUA SOUSA CERQUEIRA, 63 PIEDADE. 20751-090 Rio de Janeiro - RJ.
33073171;0313046 EM REPUBLICA DE EL SALVADOR;-22.89719490;-43.31383850;fundamental_ii;municipal;ativa;geral;nao;RUA ALMEIDA NOGUEIRA, 85 PIEDADE. 20740-460 Rio de Janeiro - RJ.
33073279;0313048 EM SERVULO DE LIMA;-22.88969330;-43.31074110;fundamental_i;municipal;ativa;geral;nao;RUA ELIAS DA SILVA, 27 PIEDADE. 20740-210 Rio de Janeiro - RJ.
33073325;0313049 EM VIRGILIO DE MELO FRANCO;-22.90131680;-43.31165400;fundamental_i;municipal;ativa;geral;nao;RUA ENGENHEIRO CLOVIS DAUDT, 310 PIEDADE. 20740-440 Rio de Janeiro - RJ.
33072523;0313051 EM ALAGOAS;-22.88123230;-43.29417030;infantil|fundamental_i;municipal;ativa;geral;nao;AV DON HELDER CAMARA, 6742 PILARES. 20751-090 Rio de Janeiro - RJ.
33072973;0313052 EM MARANHAO;-22.87336475;-43.29747952;fundamental_ii;municipal;ativa;geral;nao;JOAO RIBEIRO, 389 PILARES. 20750-092 Rio de Janeiro - RJ.
33073287;0313053 EM SUECIA;-22.87532464;-43.29919941;infantil|fundamental_i;municipal;ativa;geral;nao;RUA MATEUS DE ANDRADE, 42 PILARES. 20750-190 Rio de Janeiro - RJ.
33072701;0313054 EM ENGENHEIRO ROBERTO MAGNO DE CARVALHO;-22.88463293;-43.29296395;fundamental_ii;municipal;ativa;geral;nao;PRACA JOSE BENEVIDES, SN PILARES. 20755-140 Rio de Janeiro - RJ.
33072418;0313055 EEM DOUTOR ULISSES PERNAMBUCANO;-22.90206330;-43.30245280;infantil|fundamental_i;municipal;ativa;geral;nao;RUA DOIS DE FEVEREIRO, S/N ENCANTADO. 20730-451 Rio de Janeiro - RJ.
33167460;0313056 EM MINISTRO CARLOS ALBERTO MENEZES DIREITO;-22.89384885;-43.24851371;infantil|fundamental_i;municipal;ativa;geral;nao;RUA BERGAMO, 320 COND. BAIRRO CARIOCA. TRIAGEM. 20960-045 Rio de Janeiro - RJ.
33073260;0313501 EM SENEGAL;-22.90322900;-43.25795200;fundamental_i;municipal;ativa;geral;nao;RUA VITOR MEIRELES, 161 RIACHUELO. 20950-230 Rio de Janeiro - RJ.
33071322;0313502 CIEP CHANCELER WILLY BRANDT;-22.89318510;-43.26197410;infantil|fundamental_i;municipal;ativa;geral;nao;RUA ALVARO SEIXAS, S/N JACARE. 20961-270 Rio de Janeiro - RJ.
33071179;0313503 EM LINS DE VASCONCELOS;-22.91089540;-43.27930880;infantil|fundamental_i;municipal;ativa;geral;nao;R.ENGENHEIRO BROTERO, 126 LINS DE VASCONCELOS. 20710-330 Rio de Janeiro - RJ.
33095086;0313601 CM VILA DOS MINEIROS;-22.87613390;-43.30506290;infantil;municipal;ativa;geral;nao;RUA MANOEL CORREIA, 199 CASA 2. PIEDADE. 21381-400 Rio de Janeiro - RJ.
33136939;0313602 CM ACONCHEGO;-22.91434084;-43.28483634;infantil;municipal;ativa;geral;nao;RUA MARIA LUISA, 70 LINS E VASCONCELLOS. 20725-100 Rio de Janeiro - RJ.
33136840;0313603 CM SYLVIA ORTHOF;-22.87865760;-43.30626810;infantil;municipal;ativa;geral;nao;RUA SOLIMOES, S/N PIEDADE. 20751-250 Rio de Janeiro - RJ.
33095310;0313604 CM NOSSO CANTINHO;-22.91652240;-43.26353740;infantil;municipal;ativa;geral;nao;AV MENEZES CORTES, KM O. ENGENHO NOVO. 20715-191 Rio de Janeiro - RJ.
33095159;0313606 CM CANTINHO DO QUETO;-22.90420833;-43.26174333;infantil;municipal;ativa;geral;nao;RUA SALVADOR, 01 SAMPAIO CORREA. 20950-060 Rio de Janeiro - RJ.
33095124;0313607 CM ODETINHA VIDAL DE OLIVEIRA;-22.90623870;-43.27307990;infantil;municipal;ativa;geral;nao;RUA PROFESSOR ANTENOR NASCENTES, 340 LINS DE VASCONCELOS. 20710-150 Rio de Janeiro - RJ.
33123152;0313608 CM RACHEL LEITE DIAS;-22.88532270;-43.28845750;infantil;municipal;ativa;geral;nao;RUA FERNAO CARDIM S/N REF AV HENRIETTE DE HOLANDA AMADO, S/N ENG.DE DENTRO COMUNIDADE FERNAO CARDIM. 20771-020 Rio de Janeiro - RJ.
33147302;0313609 CM RECANTO DA CACHOEIRA;-22.91911020;-43.28507880;infantil;municipal;ativa;geral;nao;RUA SINCORA, S/N LINS DE VASCONCELOS. 20725-140 Rio de Janeiro - RJ.
33147299;0313610 CM EMMANUEL;-22.91430000;-43.28210000;infantil;municipal;ativa;geral;nao;RUA HERACLITO GRACA, 509 LINS DE VASCONCELOS. 20725-080 Rio de Janeiro - RJ.
33147310;0313611 CM JOSE RAMOS JANUARIO - ZE PRETINHO;-22.90819980;-43.26669200;infantil;municipal;ativa;geral;nao;RUA JUIZ JORGE SALOMAO, 347 ENGENHO NOVO. 20950-360 Rio de Janeiro - RJ.
33147329;0313612 CM MARCILIA CATARINA DA COSTA ORGELIO - TIA MANA;-22.89582270;-43.26190440;infantil;municipal;ativa;geral;nao;RUA RIO, S/N JACARE. 20972-450 Rio de Janeiro - RJ.
33167834;0313801 EDI PROF JOSE LIBONATI FILHO;-22.89310843;-43.24930138;infantil;municipal;ativa;geral;nao;BERGAMO, S/N BAIRRO CARIOCA. ROCHA. 20960-045 Rio de Janeiro - RJ.
33095345;0313802 EDI ANISIO TEIXEIRA;-22.87356500;-43.29806540;infantil;municipal;ativa;geral;nao;AVENIDA JOAO RIBEIRO, 389 PILARES. 20750-092 Rio de Janeiro - RJ.
33072981;0313803 EDI MARIA BRAZ;-22.91085960;-43.28265860;infantil;municipal;ativa;geral;nao;RUA HERACLITO GRACA, 109 LINS DE VASCONCELOS. 20725-080 Rio de Janeiro - RJ.
33072752;0313804 EDI GEORGE BERNANOS;-22.89250010;-43.27637510;infantil;municipal;ativa;geral;nao;PRACA AVAI, S/N CACHAMBI. 20775-150 Rio de Janeiro - RJ.
33073015;0313805 EDI MAURICIO CARDOSO;-22.90066964;-43.29590935;infantil;municipal;ativa;geral;nao;RUA ADOLFO BERGAMINI, 231 ENGENHO DE DENTRO. 20730-000 Rio de Janeiro - RJ.
33072655;0313806 EDI EDUCANDARIO DE SANTA CRUZ;-22.88289752;-43.30623810;infantil;municipal;ativa;geral;nao;R PURUS, 0 ESCOLA. PIEDADE. 20751-295 Rio de Janeiro - RJ.
33072604;0313807 EDI CARLOS GOMES;-22.88462080;-43.29165300;infantil;municipal;ativa;geral;nao;RUA JOSE DOS REIS, 1305 FUNDOS. ENGENHO DE DENTRO. 20770-061 Rio de Janeiro - RJ.
33073120;0313808 EDI PRESIDENTE KENNEDY;-22.90323070;-43.25738960;infantil;municipal;ativa;geral;nao;RUA VITOR MEIRELES, 145 RIACHUELO. 20950-230 Rio de Janeiro - RJ.
33179093;0313809 EDI ESCULTORA LYGIA CLARK;-22.90651200;-43.31364640;infantil;municipal;ativa;geral;nao;TRAVESSA SOARES PEREIRA, 13 AGUA SANTA. 20745-210 Rio de Janeiro - RJ.
33072736;0313830 EDI FELIX PACHECO;-22.89585285;-43.31263538;infantil;municipal;ativa;geral;nao;RUA ASSIS CARNEIRO, 649 PIEDADE. 20740-260 Rio de Janeiro - RJ.
33071357;0328501 CIEP VINICIUS DE MORAES;-22.88529280;-43.25412600;infantil|fundamental_i;municipal;ativa;geral;nao;AVENIDA DOM HELDER CAMARA, 1715 JACAREZINHO. 20973-055 Rio de Janeiro - RJ.
33123144;0328601 CM GERALDA DE JESUS ALEIXO;-22.88276780;-43.25483750;infantil;municipal;ativa;geral;nao;AVENIDA D.HELDER CAMARA, 2057 JACAREZINHO. 21050-453 Rio de Janeiro - RJ.
33095299;0328602 CM TIA ANDREZA;-22.89026180;-43.25961930;infantil;municipal;ativa;geral;nao;RUA JOSE MARIA BELO, SN JACARE. 20970-040 Rio de Janeiro - RJ.
33147353;0328604 CM DA COMUNIDADE DO JACAREZINHO;-22.88864500;-43.26337667;infantil;municipal;ativa;geral;nao;TRAVESSA COMERCIO, S/N JACARE. 20970-190 Rio de Janeiro - RJ.
33160899;0328801 EDI PADRE NELSON CARLOS DEL MONACO;-22.88361710;-43.25442060;infantil;municipal;ativa;geral;nao;AVENIDA DOM HELDER CAMARA, 1811 JACAREZINHO. 20973-011 Rio de Janeiro - RJ.
33069425;0329001 EM PROFESSOR MOURAO FILHO;-22.86491284;-43.26985785;infantil|fundamental_i|fundamental_ii;municipal;ativa;geral;nao;RUA MAQUINISTA ARISTOTELES FERREIRA, SN BONSUCESSO. 21061-200 Rio de Janeiro - RJ.
33523266;0329801 EDI DONA LINDU;-22.86069970;-43.26774780;infantil;municipal;ativa;geral;nao;ESTRADA DO ITARARE, 650 RAMOS. 21061-240 Rio de Janeiro - RJ.
33095094;0330601 CM JOSE DE VIEIRA DA SILVA;-22.86170080;-43.27104100;infantil;municipal;ativa;geral;nao;ESTRADA DE ITARARE, 480 RUA NOVA,79. COMPLEXO DO ALEMAO -RAMOS. 21061-240 Rio de Janeiro - RJ.
33095060;0330602 CM NOVA BRASILIA;-22.86574313;-43.27017395;infantil;municipal;ativa;geral;nao;JEHOVAN COSTA, SN BONSUCESSO. 21061-250 Rio de Janeiro - RJ.
33162131;04001 - CENTRO EDUCACIONAL APRENDIZ DA MARE;-22.85154650;-43.24341950;infantil;privada;ativa;geral;sim;RUA NILTON CORDEIRO, 19 MARE. 21044-052 Rio de Janeiro - RJ.
33169896;04002 - INSTITUTO EDUCACIONAL LUIZ ANTONIO;-22.83587340;-43.31009690;infantil;privada;ativa;geral;sim;RUA CABO ROCHA, 230 BRAZ DE PINA. 21211-710 Rio de Janeiro - RJ.
33239215;04003 - ASSOCIACAO CIVIL CENTRO EDUCACIONAL COMUNITARIO ESTACAO DO SABER;-22.81311540;-43.29675280;infantil;privada;ativa;geral;sim;RUA DEMOCRACIA, 31 FUNDOS. PARADA DE LUCAS. 21010-720 Rio de Janeiro - RJ.
33137870;04004 - CENTRO COMUNITARIO DA VILA PROLETARIA DA PENHA;-22.84701270;-43.28415190;infantil;privada;ativa;geral;sim;RUA SAO VICENTE DE PAULA, S/N PENHA. 21072-190 Rio de Janeiro - RJ.
33150109;04005 - CENTRO EDUCACIONAL JOEL MARIO - CASA DE JOEL;-22.83015130;-43.30757970;infantil;privada;ativa;geral;sim;RUA ANTONIO JOAO, 1381 CORDOVIL. 21250-150 Rio de Janeiro - RJ.
33156352;04006 - COMUNIDADE INSTITUCIONAL ADULAO TEMPO FELIZ;-22.85987000;-43.25928000;infantil;privada;ativa;geral;sim;RUA CABO REIS, 15 CASA. RAMOS. 21060-410 Rio de Janeiro - RJ.
33123047;04007 - CRECHE CASULO BOM JESUS DA PENHA;-22.84173940;-43.28027260;infantil;privada;ativa;geral;sim;AVENIDA BRAZ DE PINA, 181 PENHA. 21070-031 Rio de Janeiro - RJ.
33172935;04008 - CRECHE COMUNITARIA CASULO DO PARQUE PROLETARIO DA PENHA;-22.84703270;-43.28421010;infantil;privada;ativa;geral;sim;PRACA SAO LUCAS, 01 A. PENHA. 21070-480 Rio de Janeiro - RJ.
33095876;04009 - CRECHE COMUNITARIA DE MANGUINHOS;-22.87866090;-43.25324280;infantil;privada;ativa;geral;sim;RUA DOUTOR GREGORIO DE SA, 33 MANGUINHOS. 21050-830 Rio de Janeiro - RJ.
33094578;04010 - CRECHE COM SAGRADO CORACAO DE MARIA;-22.85783510;-43.24326370;infantil;privada;ativa;geral;sim;RUA CARMELA DUTRA, 24 PARQUE MARE. BONSUCESSO. 21043-160 Rio de Janeiro - RJ.
33177945;04011 - CRECHE E PRE ESCOLA NOVA JERUSALEM - UNIDADE PENHA;-22.82369660;-43.28557720;infantil;privada;ativa;geral;sim;RUA OURIQUE, 1111 PENHA CIRCULAR. 21011-130 Rio de Janeiro - RJ.
33122857;04012 - CRECHE ESCOLA MIMI;-22.85133630;-43.24073500;infantil;privada;ativa;geral;sim;RUA JOAO ARAUJO, 237 PQ RUBENS VAZ. BONSUCESSO. 21044-075 Rio de Janeiro - RJ.
33069743;04013 - RECANTO DA CRIANCA FELIZ;-22.84594990;-43.24909190;infantil;privada;ativa;geral;sim;RUA ISMAEL DA ROCHA, 124 RAMOS. 21031-050 Rio de Janeiro - RJ.
33122946;04014 - CRECHE SAGRADO CORACAO DE MARIA E SANTO ANTONIO;-22.83463610;-43.30170410;infantil;privada;ativa;geral;sim;RUA VICENTE CANECO, 03 QUITUNGO. BRAZ DE PINA. 21215-550 Rio de Janeiro - RJ.
33162107;04015 - ESPACO DE EDUCACAO INFANTIL VILA DO JOAO;-22.87101880;-43.24271910;infantil;privada;ativa;geral;sim;RUA CINCO, S/NUMERO MANGUINHOS. 21040-360 Rio de Janeiro - RJ.
33095884;04016 - LAR IRMAO FRANCISCO;-22.87579260;-43.25140400;infantil;privada;ativa;geral;sim;RUA SIZENANDO NABUCO, 111 MANGUINHOS. 21041-250 Rio de Janeiro - RJ.
33134995;04017 - ASSOCIACAO CENTRO EDUCACIONAL REBRAL I;-22.82768940;-43.27651070;infantil;privada;ativa;geral;sim;RUA OURIQUE, 73 PENHA CIRCULAR. 21011-130 Rio de Janeiro - RJ.
33123055;04018 - SOCIEDADE DE ENSINO TEREZA CRISTINA;-22.85035920;-43.24651270;infantil|fundamental_i|fundamental_ii;privada;ativa;geral;sim;RUA NEGRAO DE LIMA, 21 21 A. MARE. 21044-150 Rio de Janeiro - RJ.
33069247;0410001 EM EMA NEGRAO DE LIMA;-22.87994660;-43.25317150;fundamental_i;municipal;ativa;geral;nao;ESTRADA DE MANGUINHOS, 4 MANGUINHOS. 21050-007 Rio de Janeiro - RJ.
33069093;0410002 EM ALBINO SOUZA CRUZ;-22.88095560;-43.25333380;fundamental_i;municipal;ativa;geral;nao;AV DOS DEMOCRATICOS, 268 MANGUINHOS. 21050-060 Rio de Janeiro - RJ.
33069433;0410003 EM RUY BARBOSA;-22.86797110;-43.25352620;fundamental_i|fundamental_ii;municipal;ativa;geral;nao;RUA AGUIAR MOREIRA, 652 BONSUCESSO. 21041-070 Rio de Janeiro - RJ.
33069379;0410004 EM PEDRO LESSA;-22.86043390;-43.25442860;infantil|fundamental_i;municipal;ativa;geral;nao;RUA ADAIL, 49 BONSUCESSO. 21040-000 Rio de Janeiro - RJ.
33069271;0410005 EM JOAO BARBALHO;-22.85650140;-43.26184880;fundamental_ii;municipal;ativa;geral;nao;RUA DR MIGUEL VIEIRA FERREIRA, 392 RAMOS. 21060-090 Rio de Janeiro - RJ.
33069409;0410006 EM PROFESSOR CARNEIRO RIBEIRO;-22.85550640;-43.26194580;fundamental_i;municipal;ativa;geral;nao;RUA PROFESSOR LACE, 157 RAMOS. 21060-120 Rio de Janeiro - RJ.
33069360;0410007 EM PADRE MANUEL DA NOBREGA;-22.85701530;-43.26412290;fundamental_i;municipal;ativa;geral;nao;RUA PROFESSOR LACE, 437 FUNDOS. RAMOS. 21060-120 Rio de Janeiro - RJ.
33069468;0410008 EM WALT DISNEY;-22.85692680;-43.26456670;infantil|fundamental_i;municipal;ativa;geral;nao;RUA PROFESSOR LACE, 437 RAMOS. 21060-120 Rio de Janeiro - RJ.
33069220;0410009 EM DILERMANDO CRUZ;-22.85382450;-43.25252840;fundamental_ii;municipal;ativa;geral;nao;AVENIDA TEIXEIRA DE CASTRO, 407 BONSUCESSO. 21040-113 Rio de Janeiro - RJ.
33069328;0410010 EM NERVAL DE GOUVEIA;-22.84504200;-43.25409460;fundamental_i|fundamental_ii;municipal;ativa;geral;nao;ESTRADA DO ENGENHO DA PEDRA, 528 RAMOS. 21031-030 Rio de Janeiro - RJ.
33069239;0410011 EM EDMUNDO LINS;-22.84998280;-43.25635150;fundamental_i;municipal;ativa;geral;nao;RUA NOSSA SENHORA DAS GRACAS, 699 FUNDOS. RAMOS. 21031-611 Rio de Janeiro - RJ.
33069166;0410013 EM CARLOS CHAGAS;-22.85718200;-43.25565800;fundamental_i|fundamental_ii;municipal;ativa;geral;nao;RUA ENG. ROMERO ZANDER, 420 RAMOS. 21040-080 Rio de Janeiro - RJ.
33069190;0410015 EM CLOVIS BEVILAQUA;-22.84917350;-43.26523280;fundamental_i|fundamental_ii;municipal;ativa;geral;nao;RUA ANTONIO REGO, 383 OLARIA. 21073-311 Rio de Janeiro - RJ.
33069174;0410016 EM CHILE;-22.84864960;-43.26883660;fundamental_ii;municipal;ativa;geral;nao;PCA BELMONTE, 15 OLARIA. 21073-010 Rio de Janeiro - RJ.
33069140;0410018 EM BERLIM;-22.84774840;-43.26146650;fundamental_i|fundamental_ii;municipal;ativa;geral;nao;PCA RAMOS FIGUEIRA, 20 OLARIA. 21031-440 Rio de Janeiro - RJ.
33069280;0410020 EM JORACY CAMARGO;-22.84842290;-43.28066290;fundamental_i|fundamental_ii;municipal;ativa;geral;nao;ESTRADA JOSE RUCAS, 1465 PENHA. 21070-370 Rio de Janeiro - RJ.
33069158;0410021 EM BRASIL;-22.84330870;-43.26076850;fundamental_i|fundamental_ii;municipal;ativa;geral;nao;RUA ANDRE AZEVEDO, SEM NUMERO OLARIA. 21021-480 Rio de Janeiro - RJ.
33069336;0410022 EM ODILON DE ANDRADE;-22.85254500;-43.27760950;fundamental_i|fundamental_ii;municipal;ativa;geral;nao;RUA ITAPE, SN OLARIA. 21071-440 Rio de Janeiro - RJ.
33069301;0410023 EM LUIZ CESAR SAYAO GARCEZ;-22.85320080;-43.27741230;fundamental_i|fundamental_ii;municipal;ativa;geral;nao;R PARANAPANEMA, 1055 OLARIA. 21073-185 Rio de Janeiro - RJ.
33069115;0410025 EM ANIBAL FREIRE;-22.84232790;-43.26822910;fundamental_ii;municipal;ativa;geral;nao;AV PROF PLINIO BASTOS, 631 OLARIA. 21021-350 Rio de Janeiro - RJ.
33069395;0410026 EM PROFESSORA MARIA DE CERQUEIRA E SILVA;-22.88344710;-43.24896740;fundamental_i;municipal;ativa;geral;nao;RUA LEOPOLDO BULHOES, 800 BENFICA. 20911-300 Rio de Janeiro - RJ.
33068755;0410202 CIEP YURI GAGARIN;-22.85582140;-43.25446080;infantil|fundamental_i;municipal;ativa;geral;nao;AV DOS CAMPEOES, RAMOS. 21040-016 Rio de Janeiro - RJ.
33068798;0410501 CIEP JUSCELINO KUBITSCHEK;-22.88116460;-43.24908130;fundamental_i|fundamental_ii;municipal;ativa;geral;nao;RUA LEOPOLDO BULHOES, S/N MANGUINHOS. 21041-210 Rio de Janeiro - RJ.
33068763;0410502 CIEP MAESTRO FRANCISCO MIGNONE;-22.85317420;-43.27751430;fundamental_i|fundamental_ii;municipal;ativa;geral;nao;RUA ITAPE, S/N OLARIA. 21071-440 Rio de Janeiro - RJ.
33136947;0410601 CM MANGUINHOS;-22.88158390;-43.24802890;infantil;municipal;ativa;geral;nao;RUA LEOPOLDO BULHOES, 952 PQ CARLOS CHAGAS. BONSUCESSO. 21041-210 Rio de Janeiro - RJ.
33096511;0410602 CM DR JUVENIL DE SOUZA LOPES;-22.85558110;-43.25350290;infantil;municipal;ativa;geral;nao;RUA JOAO GONCALVES DE LIMA FILHO, S/N RAMOS. 21040-016 Rio de Janeiro - RJ.
33096538;0410603 CM CHICO BENTO;-22.88050390;-43.24958450;infantil;municipal;ativa;geral;nao;RUA LEOPOLDO BULHOES, S/N BONSUCESSO. 21041-210 Rio de Janeiro - RJ.
33069182;0410701 CENTRO DE EDUCACAO DE JOVENS E ADULTOS CEJA - AVENIDA BRASIL;-22.85306140;-43.24805110;;municipal;ativa;geral;nao;AV POSTAL, 49 RAMOS. 21040-150 Rio de Janeiro - RJ.
33523258;0410801 EDI DOUTOR DOMINGOS ARTHUR MACHADO FILHO;-22.88463170;-43.24864720;infantil;municipal;ativa;geral;nao;RUA LEOPOLDO BULHOES, 540 A. BENFICA. 20911-300 Rio de Janeiro - RJ.
33160910;0410803 EDI JOAQUIM VENANCIO;-22.87556530;-43.25493780;infantil;municipal;ativa;geral;nao;RUA HESPERIA, 15 MANGUINHOS. 21050-040 Rio de Janeiro - RJ.
33163979;0410804 EDI SARGENTO JORGE FALEIRO SOUZA;-22.85209690;-43.27408600;infantil;municipal;ativa;geral;nao;RUA WILSON DE LASHERAS SILVA S/N OLARIA, S/N OLARIA. 21073-230 Rio de Janeiro - RJ.
33163987;0410805 EDI COMPOSITOR NEOCI DIAS DE ANDRADE;-22.84961840;-43.26494720;infantil;municipal;ativa;geral;nao;RUA ANTONIO REGO, 383 OLARIA. 21070-310 Rio de Janeiro - RJ.
33069387;0410806 EDI PIERRE JANET;-22.84993077;-43.25653922;infantil;municipal;ativa;geral;nao;RUA NS DAS GRACAS, 699 FRENTE. RAMOS. 21031-611 Rio de Janeiro - RJ.
33171092;0410807 EDI PROFESSORA TANIA DA ROCHA CORREA;-22.85237620;-43.27760940;infantil;municipal;ativa;geral;nao;RUA ITAPE, 52 OLARIA. 21071-440 Rio de Janeiro - RJ.
33171106;0410808 EDI ALMIR LEITE RIBEIRO;-22.84855940;-43.28010820;infantil;municipal;ativa;geral;nao;ESTRADA JOSE RUCAS, 1515 PENHA. 21070-370 Rio de Janeiro - RJ.
33070679;0410810 EDI MIGUEL COUTO;-22.84002500;-43.26614500;infantil;municipal;ativa;geral;nao;RUA PROFESSOR PLINIO BASTOS, SEM N OLARIA. 21021-350 Rio de Janeiro - RJ.
33069298;0410811 EDI LAIS NETTO DOS REIS;-22.84835670;-43.26803180;infantil;municipal;ativa;geral;nao;PRACA BELMONTE, 7 OLARIA. 21073-010 Rio de Janeiro - RJ.
33069204;0410812 EDI CORONEL ASSUNCAO;-22.84931870;-43.27286650;infantil;municipal;ativa;geral;nao;RUA PARANAPANEMA, 1001 OLARIA. 21073-185 Rio de Janeiro - RJ.
33070725;0411001 EM MONSENHOR ROCHA;-22.84626670;-43.28316010;fundamental_i|fundamental_ii;municipal;ativa;geral;nao;AVENIDA NOSSA SENHORA DA PENHA, 589 PENHA. 21070-390 Rio de Janeiro - RJ.
33070458;0411002 EM BERNARDO DE VASCONCELLOS;-22.84556870;-43.28404540;fundamental_ii;municipal;ativa;geral;nao;PRACA SANTA ROSALIA, 100 PENHA. 21070-440 Rio de Janeiro - RJ.
33070660;0411004 EM LEONOR COELHO PEREIRA;-22.84666970;-43.28327440;fundamental_i|fundamental_ii;municipal;ativa;geral;nao;AVENIDA NOSSA SENHORA DA PENHA, 599 PENHA. 21070-390 Rio de Janeiro - RJ.
33070768;0411005 EM PRESIDENTE EURICO DUTRA;-22.83876170;-43.26787770;fundamental_i|fundamental_ii;municipal;ativa;geral;nao;R SANTA ENGRACIA, S/N PENHA. 21021-080 Rio de Janeiro - RJ.
33070512;0411006 EM CONDE DE AGROLONGO;-22.83760840;-43.28001070;fundamental_i|fundamental_ii;municipal;ativa;geral;nao;RUA CONDE DE AGROLONGO, 1246 PENHA. 21020-190 Rio de Janeiro - RJ.
33070423;0411007 EM ARIOSTO ESPINHEIRA;-22.83418840;-43.27094380;fundamental_i;municipal;ativa;geral;nao;PRACA CAI, S/N PENHA. 21020-140 Rio de Janeiro - RJ.
33070814;0411008 EM PROFESSOR SOUZA CARNEIRO;-22.82950000;-43.27530000;fundamental_ii;municipal;ativa;geral;nao;RUA CALIFORNIA, 255 PENHA CIRCULAR. 21020-150 Rio de Janeiro - RJ.
33070334;0411009 EM CIENTISTA MARIO KROEFF;-22.83889890;-43.27535320;fundamental_i|fundamental_ii;municipal;ativa;geral;nao;RUA DO COUTO, 91 PENHA. 21020-410 Rio de Janeiro - RJ.
33070466;0411010 EM BRANT HORTA;-22.83568200;-43.28823140;fundamental_ii;municipal;ativa;geral;nao;RUA BENTO CARDOSO, 130 PENHA CIRCULAR. 21215-000 Rio de Janeiro - RJ.
33070792;0411011 EM PROFESSOR AUGUSTO MOTTA;-22.83539630;-43.28828460;fundamental_i;municipal;ativa;geral;nao;RUA BENTO CARDOSO, 140 PENHA CIRCULAR. 21215-000 Rio de Janeiro - RJ.
33070636;0411012 EM JOAO MARQUES DOS REIS;-22.83807140;-43.29996010;infantil|fundamental_i;municipal;ativa;geral;nao;PRACA SAICA, 57 BRAS DE PINA. 21215-170 Rio de Janeiro - RJ.
33070580;0411013 EM FERNANDO TUDE DE SOUZA;-22.83827340;-43.29995050;fundamental_ii;municipal;ativa;geral;nao;PRACA SAICA, 9 BRAS DE PINA. 21215-170 Rio de Janeiro - RJ.
33070628;0411014 EM JOAO DE DEUS;-22.83009800;-43.28219830;fundamental_i;municipal;ativa;geral;nao;PCA ALMEIDA GARRET, S/N PENHA CIRCULAR. 21011-490 Rio de Janeiro - RJ.
33070881;0411015 EM SUICA;-22.82899640;-43.27916250;fundamental_i;municipal;ativa;geral;nao;PRACA ANTONIO JOSE DE ALMEIDA, PENHA CIRCULAR. 21011-580 Rio de Janeiro - RJ.
33070709;0411017 EM MINISTRO AFRANIO COSTA;-22.82518890;-43.27882310;fundamental_i;municipal;ativa;geral;nao;PCA ESPLANADA, S/N PENHA. 21012-010 Rio de Janeiro - RJ.
33070784;0411018 EM PROFESSOR ARY QUINTELLA;-22.83937300;-43.29999920;fundamental_ii;municipal;ativa;geral;nao;RUA ENGENHEIRO MOREIRA LIMA, 54 VILA DA PENHA. 21210-720 Rio de Janeiro - RJ.
33070113;0411020 EM GRECIA;-22.83798240;-43.31250810;fundamental_i|fundamental_ii;municipal;ativa;geral;nao;AV BRAS DE PINA, 1614 VILA DA PENHA. 21235-603 Rio de Janeiro - RJ.
33074593;0411021 EM MIGUEL ANGELO;-22.84485910;-43.30481430;fundamental_i;municipal;ativa;geral;nao;R CARLOS CHAMBERLAND, 187 VILA DA PENHA. 21210-090 Rio de Janeiro - RJ.
33074542;0411022 EM MARCILIO DIAS;-22.83453800;-43.30792470;fundamental_i;municipal;ativa;geral;nao;R EMILIO MIRANDA, 99 BRAS DE PINA. 21211-720 Rio de Janeiro - RJ.
33070717;0411023 EM MINISTRO PLINIO CASADO;-22.83492630;-43.29392680;fundamental_i;municipal;ativa;geral;nao;RUA PEQUIRI, 237 BRAZ DE PINA. 21215-110 Rio de Janeiro - RJ.
33070865;0411028 EM SAO PAULO;-22.82715920;-43.28794570;fundamental_i|fundamental_ii;municipal;ativa;geral;nao;RUA TAILANDIA, 160 BRAS DE PINA. 21011-350 Rio de Janeiro - RJ.
33070571;0411036 EM F J OLIVEIRA VIANA;-22.82490090;-43.29131910;fundamental_i;municipal;ativa;geral;nao;AV ANTONIO FERRAZ, SN CORDOVIL. 21012-255 Rio de Janeiro - RJ.
33070482;0411049 EM CANTOR E COMPOSITOR GONZAGUINHA;-22.81886370;-43.27224580;fundamental_i;municipal;ativa;geral;nao;RUA DALVA DE OLIVEIRA, S/N PENHA CIRCULAR. 21011-804 Rio de Janeiro - RJ.
33069808;0411202 CIEP GREGORIO BEZERRA;-22.84240100;-43.27977760;fundamental_i|fundamental_ii;municipal;ativa;geral;nao;RUA PLINIO DE OLIVEIRA, S/N PENHA. 21070-040 Rio de Janeiro - RJ.
33069816;0411502 CIEP DEPUTADO JOSE CARLOS BRANDAO MONTEIRO;-22.85109470;-43.28369920;infantil|fundamental_i|fundamental_ii;municipal;ativa;geral;nao;RUA SAO VICENTE DE PAULA, 625 PENHA. 21072-190 Rio de Janeiro - RJ.
33122822;0411601 CM CARLOS DRUMMOND DE ANDRADE;-22.84395330;-43.28787200;infantil;municipal;ativa;geral;nao;RUA DO CAJA, S/N PENHA. 21070-000 Rio de Janeiro - RJ.
33144672;0411602 CM TEMPO DE APRENDER;-22.84022970;-43.28908050;infantil;municipal;ativa;geral;nao;RUA FORTALEZA, S/N PENHA CIRCULAR. 21210-490 Rio de Janeiro - RJ.
33147337;0411603 CM MORRO DA PAZ;-22.84370680;-43.29658760;infantil;municipal;ativa;geral;nao;RUA FREI GASPAR, 351 PENHA CIRCULAR. 21210-270 Rio de Janeiro - RJ.
33123063;0411604 CM BETINHO;-22.84647860;-43.29183840;infantil;municipal;ativa;geral;nao;RUA BOM PASTOR, 18 PENHA. 21070-310 Rio de Janeiro - RJ.
33096554;0411605 CM CARACOL;-22.84326890;-43.29034480;infantil;municipal;ativa;geral;nao;RUA MARAGOGI, 195 BECO GEORGINA 32. PENHA. 21070-180 Rio de Janeiro - RJ.
33122768;0411607 CM MARIA ALTAMIRA C OLEGARIO;-22.83436220;-43.29843330;infantil;municipal;ativa;geral;nao;RUA VICENTE CANECO, 200 MANGUEIRINHA. BRAZ DE PINA. 21215-550 Rio de Janeiro - RJ.
33096368;0411609 CM TIA RUTH COSTA DOS SANTOS;-22.83680880;-43.26583680;infantil;municipal;ativa;geral;nao;RUA SANTA CAMILA PIA, 274 CONJ. DO IAPI. PENHA. 21021-060 Rio de Janeiro - RJ.
33144680;0411610 CM MUSSUM - O TRAPALHAO;-22.84139525;-43.29325257;infantil|fundamental_i;municipal;ativa;geral;nao;RUA VICOSA, 372 PENHA CIRCULAR. 21210-370 Rio de Janeiro - RJ.
33164070;0411801 EDI MARIANA ROCHA DE SOUZA;-22.84500260;-43.30435020;infantil;municipal;ativa;geral;nao;RUA ARQUIMEDES MEMORIA, S/N VILA DA PENHA. 21210-070 Rio de Janeiro - RJ.
33164096;0411802 EDI JOEL LUIZ DE AZEVEDO BASTOS;-22.84638290;-43.29724200;infantil;municipal;ativa;geral;nao;RUA MATURACA, 381 PENHA CIRCULAR. 21210-360 Rio de Janeiro - RJ.
33167877;0411803 EDI MARIA DE LOURDES FERREIRA;-22.83949330;-43.28545840;infantil;municipal;ativa;geral;nao;AVENIDA LOBO JUNIOR, 2271 PENHA CIRCULAR. 21070-061 Rio de Janeiro - RJ.
33095825;0411804 EDI MORRO DA FE;-22.84666840;-43.29686730;infantil;municipal;ativa;geral;nao;RUA MATURACA, 366 PENHA CIRCULAR. 21210-360 Rio de Janeiro - RJ.
33070547;0411805 EDI EDMUNDO DA LUZ PINTO;-22.82549595;-43.27885546;infantil;municipal;ativa;geral;nao;PRACA ESPLANADA, 0 PENHA CIRCULAR. 21012-010 Rio de Janeiro - RJ.
33070598;0411806 EDI GOETHE;-22.82575740;-43.28704320;infantil;municipal;ativa;geral;nao;RUA TABORARI, S/N BRAS DE PINA. 21011-240 Rio de Janeiro - RJ.
33070750;0411808 EDI PIONEIRAS SOCIAIS Nº12;-22.83652256;-43.28609783;infantil;municipal;ativa;geral;nao;RUA SALVIANO VALENTE, S/N PENHA CIRCULAR. 21211-000 Rio de Janeiro - RJ.
33070873;0411809 EDI SAO VICENTE;-22.84456330;-43.28232520;infantil;municipal;ativa;geral;nao;R IRMA PAULA, 2 PENHA. 21070-360 Rio de Janeiro - RJ.
33069417;0430001 EM PROFESSOR JOSUE DE CASTRO;-22.87384980;-43.24071140;fundamental_i|fundamental_ii;municipal;ativa;geral;nao;AV BRASIL, 4040 RUA 6 SEM N. MARE. 21040-361 Rio de Janeiro - RJ.
33069450;0430002 EM TEOTONIO VILELA;-22.87624260;-43.23890640;fundamental_i;municipal;ativa;geral;nao;R MANOEL FALCAO ALVES MARANHAO, 0 CONJUNTO ESPERANCA. MANGUINHOS. 21041-615 Rio de Janeiro - RJ.
33069131;0430003 EM BAHIA;-22.86457810;-43.24728400;fundamental_ii;municipal;ativa;geral;nao;AVENIDA GUILHERME MAXWELL, 243 BONSUCESSO. 21040-211 Rio de Janeiro - RJ.
33069263;0430004 EM IV CENTENARIO;-22.86129330;-43.24324830;fundamental_i;municipal;ativa;geral;nao;RUA NOVA JERUSALEM, 495 BONSUCESSO. 21042-235 Rio de Janeiro - RJ.
33069441;0430005 EM TENENTE GENERAL NAPION;-22.81712724;-43.20517499;fundamental_i|fundamental_ii;municipal;ativa;geral;nao;AV ALMIRANTE FRONTIN, 50 RAMOS. 21030-040 Rio de Janeiro - RJ.
33069514;0430007 EM NOVA HOLANDA;-22.85539130;-43.23879190;fundamental_i|fundamental_ii;municipal;ativa;geral;nao;RUA PROJETADA, S/N MARE. 21044-771 Rio de Janeiro - RJ.
33146071;0430009 EM PROFESSOR PAULO FREIRE;-22.86578560;-43.23853040;fundamental_i;municipal;ativa;geral;nao;AV. CANAL VIA B1, S/N VILA PINHEIRO. MARE. 21040-361 Rio de Janeiro - RJ.
33167478;0430010 EM ESCRITOR BARTOLOMEU CAMPOS DE QUEIROS;-22.86114320;-43.23844300;fundamental_i|fundamental_ii;municipal;ativa;geral;nao;RUA TANCREDO NEVES, 82 BONSUCESSO. 21042-130 Rio de Janeiro - RJ.
33169500;0430011 EM ESCRITOR LEDO IVO;-22.86624340;-43.24202240;fundamental_i;municipal;ativa;geral;nao;RUA PRAIA DE INHAUMA, 200 MARE. 21042-130 Rio de Janeiro - RJ.
33176892;0430012 EM GENIVAL PEREIRA DE ALBUQUERQUE;-22.85771950;-43.23851820;fundamental_i;municipal;ativa;geral;nao;RUA IVANILDO ALVES, BONSUCESSO. 21043-230 Rio de Janeiro - RJ.
33175950;0430014 EM LINO MARTINS DA SILVA;-22.85607480;-43.23885440;fundamental_i|fundamental_ii;municipal;ativa;geral;nao;RUA PROJETADA, MARE. 21044-763 Rio de Janeiro - RJ.
33176051;0430015 EM ERPIDIO CABRAL DE SOUZA INDIO DA MARE;-22.85793300;-43.23991010;fundamental_i|fundamental_ii;municipal;ativa;geral;nao;RUA IVANILDO ALVES, S/N BONSUCESSO. 21043-230 Rio de Janeiro - RJ.
33176060;0430016 EM OLIMPIADAS RIO 2016;-22.85530250;-43.23909560;fundamental_ii;municipal;ativa;geral;nao;RUA IVANILDO ALVES, S/N BONSUCESSO - MARE. 21043-230 Rio de Janeiro - RJ.
33179450;0430018 EM MEDALHISTA OLIMPICO LUCAS SAATKAMP;-22.86934830;-43.23415830;fundamental_i;municipal;ativa;geral;nao;RUA PROJETADA G, MARE. 21046-425 Rio de Janeiro - RJ.
33179395;0430019 EM ESCRITOR MILLOR FERNANDES;-22.86894190;-43.23450390;fundamental_ii;municipal;ativa;geral;nao;RUA PROJETADA G, S/N COMUNIDADE SALSA E M. MARE. 21046-430 Rio de Janeiro - RJ.
33183813;0430020 EM VEREADORA MARIELLE FRANCO;-22.87311686;-43.23642926;fundamental_i;municipal;ativa;geral;nao;RUA PROJETADA D, VILA DOS PINHEIROS. MARE. 21046-410 Rio de Janeiro - RJ.
33068771;0430201 CIEP MINISTRO GUSTAVO CAPANEMA;-22.86905270;-43.23785390;fundamental_i;municipal;ativa;geral;nao;VIA A1, SN SETOR PINHEIROS. MARE. 21046-035 Rio de Janeiro - RJ.
33068780;0430204 CIEP OPERARIO VICENTE MARIANO;-22.86106340;-43.23840480;fundamental_ii;municipal;ativa;geral;nao;RUA PRAIA DE INHAUMA, S/N MARE-BONSUCESSO. 21042-130 Rio de Janeiro - RJ.
33068747;0430206 CIEP HELIO SMIDT;-22.85258700;-43.24033240;fundamental_i|fundamental_ii;municipal;ativa;geral;nao;RUA TANCREDO NEVES, S/N MARE. 21044-725 Rio de Janeiro - RJ.
33068801;0430501 CIEP PRESIDENTE SAMORA MACHEL;-22.85782960;-43.24157670;fundamental_i|fundamental_ii;municipal;ativa;geral;nao;RUA PRINCIPAL, SN NOVA HOLANDA. BONSUCESSO. 21044-170 Rio de Janeiro - RJ.
33068739;0430502 CIEP ELIS REGINA;-22.85782070;-43.24053550;fundamental_i;municipal;ativa;geral;nao;RUA PRINCIPAL, BONSUCESSO. 21044-170 Rio de Janeiro - RJ.
33068720;0430503 CIEP LEONEL DE MOURA BRIZOLA;-22.83896000;-43.25311170;fundamental_i|fundamental_ii;municipal;ativa;geral;nao;AV BRASIL, 8666 RAMOS. 21030-000 Rio de Janeiro - RJ.
33144702;0430601 CM MENINO MALUQUINHO;-22.90614810;-43.20622690;infantil;municipal;ativa;geral;nao;RUA PROJETADA , A, S/N VIA A1. VILA DO PINHEIRO / MARE. 21042-020 Rio de Janeiro - RJ.
33147264;0430602 CM VILA PINHEIRO;-22.86969460;-43.23636620;infantil;municipal;ativa;geral;nao;RUA PROJETADA G - SALSA E MERENGUE, S/N VILA PINHEIRO. MARE. 21046-425 Rio de Janeiro - RJ.
33096465;0430603 CM TIO MARIO;-22.87290840;-43.23983030;infantil;municipal;ativa;geral;nao;RUA PERSEVERANCA, MARE. 21046-630 Rio de Janeiro - RJ.
33095833;0430604 CM MONTEIRO LOBATO;-22.85917620;-43.24210380;infantil;municipal;ativa;geral;nao;RUA TATAJUBA BAIXA DO SAPATEIRO, SN MARE. 21042-225 Rio de Janeiro - RJ.
33095752;0430605 CM NOVA HOLANDA;-22.85440640;-43.24274570;infantil;municipal;ativa;geral;nao;RUA SARGENTO SILVA NUNES, 1004 RAMOS. 21044-242 Rio de Janeiro - RJ.
33122539;0430607 CM PROFESSOR PAULO FREIRE;-22.85961540;-43.24020150;infantil;municipal;ativa;geral;nao;RUA B, S/N LJ 3 QD 4 QD 100. BONSUCESSO. 21042-510 Rio de Janeiro - RJ.
33167486;0430701 CENTRO DE EDUCACAO DE JOVENS E ADULTOS CEJA - MARE;-22.86619900;-43.24223270;;municipal;ativa;geral;nao;PRAIA DE INHAUMA, 200 MARE. 21042-130 Rio de Janeiro - RJ.
33160929;0430801 EDI PESCADOR ISIDORO DUARTE - DORO;-22.86248950;-43.23873860;infantil;municipal;ativa;geral;nao;RUA PRAIA DE INHAUMA, N 39 BONSUCESSO/MARE. 21042-130 Rio de Janeiro - RJ.
33164118;0430802 EDI PROFESSORA KELITA FARIA DE PAULA;-22.86571060;-43.24330990;infantil;municipal;ativa;geral;nao;AV. GUILHERME MAXWELL, 107 BONSUCESSO. 21040-211 Rio de Janeiro - RJ.
33167885;0430803 EDI PROFESSOR MOACYR DE GOES;-22.85685000;-43.23988640;infantil;municipal;ativa;geral;nao;RUA TANCREDO NEVES, S/N MARE. 21044-470 Rio de Janeiro - RJ.
33167362;0430804 EDI CREMILDA DA SILVA DOS SANTOS;-22.86106960;-43.23832270;infantil;municipal;ativa;geral;nao;RUA PRAIA DE INHAUMA, S/N MARE. BONSUCESSO. 21042-130 Rio de Janeiro - RJ.
33167893;0430805 EDI PROFESSORA SOLANGE CONCEICAO TRICARICO;-22.86547330;-43.24281130;infantil;municipal;ativa;geral;nao;GUILHERME MAXWELL, 107 B. BONSUCESSO. 21040-211 Rio de Janeiro - RJ.
33170983;0430806 EDI CLEIA SANTOS DE OLIVEIRA;-22.85425780;-43.24213320;infantil;municipal;ativa;geral;nao;RUA SARGENTO SILVA NUNES, 1008 B. MARE. 21044-242 Rio de Janeiro - RJ.
33176043;0430807 EDI MARIA AMELIA CASTRO E SILVA BELFORT;-22.85698920;-43.24002640;infantil;municipal;ativa;geral;nao;RUA TANCREDO NEVES, S/N NOVA HOLANDA. BONSUCESSO. 21044-725 Rio de Janeiro - RJ.
33175942;0430808 EDI AZOILDA TRINDADE ZO;-22.85727250;-43.23952060;infantil;municipal;ativa;geral;nao;RUA TANCREDO NEVES, SEM NUMERO MARE. 21044-725 Rio de Janeiro - RJ.
33179514;0430809 EDI MEDALHISTA OLIMPICO LUIZ FELIPE MARQUES FONTELES;-22.87030590;-43.23434490;infantil;municipal;ativa;geral;nao;RUA PROJETADA G, S/N EDI 1. MARE. 21046-035 Rio de Janeiro - RJ.
33179573;0430810 EDI MEDALHISTA OLIMPICO EVANDRO MOTTA MARCONDES GUERRA;-22.87011740;-43.23450620;infantil;municipal;ativa;geral;nao;RUA PROJETADA G, MARE. 21046-425 Rio de Janeiro - RJ.
33179549;0430811 EDI MEDALHISTA OLIMPICO WILLIAM PEIXOTO ARJONA;-22.86990510;-43.23349450;infantil;municipal;ativa;geral;nao;RUA PROJETADA G, S/N VILA PINHEIRO. MARE. 21044-242 Rio de Janeiro - RJ.
33179581;0430812 EDI MEDALHISTA OLIMPICO EDER FRANCIS CARBONERA;-22.86961660;-43.23374310;infantil;municipal;ativa;geral;nao;RUA PROJETADA G, MARE. 21046-425 Rio de Janeiro - RJ.
33069123;0430813 EDI ARMANDO DE SALLES OLIVEIRA;-22.84152530;-43.24960030;infantil;municipal;ativa;geral;nao;RUA GERSON FERREIRA, 52 RAMOS. 21030-152 Rio de Janeiro - RJ.
33179565;0430814 EDI JOAO CRISOSTOMO;-22.85318870;-43.24073170;infantil;municipal;ativa;geral;nao;RUA TANCREDO NEVES, MARE. 21044-725 Rio de Janeiro - RJ.
33122776;0430815 EDI PESCADOR ALBANO ROSA;-22.86534930;-43.23887130;infantil;municipal;ativa;geral;nao;AVENIDA BENTO RIBEIRO DANTAS, S/N VILA PINHEIRO. MARE. 21042-001 Rio de Janeiro - RJ.
33070440;0431001 EM ARY BARROSO;-22.83314490;-43.30684310;fundamental_ii;municipal;ativa;geral;nao;RUA MENDOZA, 323 BRAS DE PINA. 21211-180 Rio de Janeiro - RJ.
33070539;0431002 EM DAVID PEREZ;-22.83026780;-43.30606380;fundamental_i;municipal;ativa;geral;nao;RUA PACHECO JUNIOR, S/N BRAZ DE PINA. 21211-170 Rio de Janeiro - RJ.
33070687;0431003 EM MIGUEL GUSTAVO;-22.83471420;-43.30223750;infantil|fundamental_i|fundamental_ii;municipal;ativa;geral;nao;RUA MINDURI, SN BRAS DE PINA. 21215-480 Rio de Janeiro - RJ.
33070393;0431004 EM ALFREDO GOMES;-22.82640630;-43.30506900;fundamental_i;municipal;ativa;geral;nao;RUA TENENTE PALESTRINA, 538 RIO DE JANEIRO. CORDOVIL. 21250-550 Rio de Janeiro - RJ.
33070857;0431006 EM SAO JOAO BATISTA;-22.82642280;-43.30712020;infantil|fundamental_i|fundamental_ii;municipal;ativa;geral;nao;PRACA LAGUNA, 40 CORDOVIL. 21250-310 Rio de Janeiro - RJ.
33070555;0431007 EM EMBAIXADOR BARROS HURTADO;-22.82723930;-43.30653820;fundamental_ii;municipal;ativa;geral;nao;R GENERAL CARVALHO, 702 CORDOVIL. 21250-240 Rio de Janeiro - RJ.
33070741;0431008 EM ODILON BRAGA;-22.82603670;-43.30712260;fundamental_ii;municipal;ativa;geral;nao;PRACA LAGUNA, S/N CORDOVIL. 21250-310 Rio de Janeiro - RJ.
33070849;0431009 EM RORAIMA;-22.82342430;-43.29548550;fundamental_i|fundamental_ii;municipal;ativa;geral;nao;ESTR DO PORTO VELHO, 50 CORDOVIL. 21012-140 Rio de Janeiro - RJ.
33070431;0431010 EM ARMANDO FAJARDO;-22.81803860;-43.29402290;fundamental_i|fundamental_ii;municipal;ativa;geral;nao;RUA CINCO RIOS, 46 CEP 21010180. CORDOVIL. 21010-180 Rio de Janeiro - RJ.
33070822;0431011 EM RAUL PEDERNEIRAS;-22.81930020;-43.29294900;fundamental_i|fundamental_ii;municipal;ativa;geral;nao;RUA PONTO CHIQUE, 42 CORDOVIL. 21010-310 Rio de Janeiro - RJ.
33070733;0431013 EM MONTESE;-22.81582730;-43.29199220;fundamental_i;municipal;ativa;geral;nao;RUA MAR GRANDE, 315 CORDOVIL. 21010-290 Rio de Janeiro - RJ.
33070695;0431014 EM MINISTRO LAFAYETTE DE ANDRADA;-22.81748850;-43.29298470;fundamental_ii;municipal;ativa;geral;nao;R POCO CENTRAL, S/N CIDADE ALTA. CORDOVIL. 21010-260 Rio de Janeiro - RJ.
33070652;0431015 EM JOSEPH BLOCH;-22.81798690;-43.30357810;infantil|fundamental_i;municipal;ativa;geral;nao;RUA ALVARO DE MACEDO, 77 PARADA DE LUCAS. 21250-620 Rio de Janeiro - RJ.
33070474;0431016 EM CRUZADA SAO SEBASTIAO;-22.81319670;-43.29705420;infantil|fundamental_i;municipal;ativa;geral;nao;RUA DA DEMOCRACIA, 31 PARADA DE LUCAS. 21010-720 Rio de Janeiro - RJ.
33070490;0431017 EM CARDEAL CAMARA;-22.81525400;-43.30357600;fundamental_i|fundamental_ii;municipal;ativa;geral;nao;RUA ANAMA, 98 VIGARIO GERAL. 21241-020 Rio de Janeiro - RJ.
33070830;0431018 EM REPUBLICA DO LIBANO;-22.81306940;-43.31006480;fundamental_i|fundamental_ii;municipal;ativa;geral;nao;PCA ELBA, 1215 VIGARIO GERAL. 21241-170 Rio de Janeiro - RJ.
33070644;0431019 EM JORGE DE GOUVEIA;-22.80511960;-43.30687160;fundamental_i|fundamental_ii;municipal;ativa;geral;nao;RUA GREGORIO MATTOS, LOTE 3 QUADRA 9. VIGARIO GERAL. 21240-670 Rio de Janeiro - RJ.
33070601;0431021 EM HEITOR BELTRAO;-22.81566030;-43.30754510;fundamental_i;municipal;ativa;geral;nao;RUA OTRANTO, 680 VIGARIO GERAL. 21241-090 Rio de Janeiro - RJ.
33070563;0431022 EM ENEYDA RABELLO DE ANDRADE;-22.80679630;-43.31713310;fundamental_i;municipal;ativa;geral;nao;PCA ALBERTO TORRES, 37 VIGARIO GERAL. 21241-350 Rio de Janeiro - RJ.
33070776;0431023 EM PRESIDENTE GRONCHI;-22.81380630;-43.32205300;fundamental_i;municipal;ativa;geral;nao;RUA JORGE LACERDA, JARDIM AMERICA. 21240-060 Rio de Janeiro - RJ.
33070415;0431024 EM ANDRADE NEVES;-22.80981200;-43.32623290;infantil|fundamental_i;municipal;ativa;geral;nao;RUA VIANA DO CASTELO, S/N JARDIM AMERICA. 21240-200 Rio de Janeiro - RJ.
33070610;0431026 EM HERBERT MOSES;-22.81475720;-43.31948200;fundamental_ii;municipal;ativa;geral;nao;RUA CRISTIANO MACHADO, S/N JARDIM AMERICA. 21240-470 Rio de Janeiro - RJ.
33070890;0431027 EM ZELIA BRAUNE;-22.80907970;-43.32117630;fundamental_ii;municipal;ativa;geral;nao;RUA GEORGE BIZET, S/N JD AMERICA. 21240-460 Rio de Janeiro - RJ.
33069824;0431501 CIEP MESTRE CARTOLA ANGENOR DE OLIVEIRA;-22.80861390;-43.30141020;infantil|fundamental_i;municipal;ativa;geral;nao;RUA DEMOCRACIA, SEM NUMERO PARADA DE LUCAS. 21010-720 Rio de Janeiro - RJ.
33073988;0431502 CIEP GRACILIANO RAMOS;-22.81316880;-43.32245620;fundamental_i|fundamental_ii;municipal;ativa;geral;nao;R JORGE LACERDA, S/N JARDIM AMERICA. 21240-060 Rio de Janeiro - RJ.
33144699;0431601 CM LUIS CARLOS DE OLIVEIRA CAMARA;-22.81648000;-43.29017000;infantil;municipal;ativa;geral;nao;RUA MAR GRANDE, SN CORDOVIL - CIDADE ALTA. 21010-290 Rio de Janeiro - RJ.
33137331;0431602 CM BARBOSA LIMA SOBRINHO;-22.80236470;-43.31744580;infantil;municipal;ativa;geral;nao;RUA DO DIQUE, 166 JARDIM AMERICA. 21240-800 Rio de Janeiro - RJ.
33096503;0431603 CM CHICO MENDES;-22.81897570;-43.29208720;infantil;municipal;ativa;geral;nao;RUA PONTO CHIQUE, 261 CIDADE ALTA. CORDOVIL. 21010-315 Rio de Janeiro - RJ.
33096546;0431604 CM CORACAO DE GENEVE;-22.80698704;-43.30434258;infantil;municipal;ativa;geral;nao;TRAVESSA MANOEL DA LUZ, VIGARIO GERAL. 21011-774 Rio de Janeiro - RJ.
33096520;0431605 CM SEMPRE VIDA DIQUE;-22.80302370;-43.32381760;infantil;municipal;ativa;geral;nao;RUA TALES DE CARVALHO, S/N JARDIM AMERICA. 21240-330 Rio de Janeiro - RJ.
33095892;0431606 CM VISCONDE DE SABUGOSA;-22.80437460;-43.33157800;infantil;municipal;ativa;geral;nao;RUA JASMIN, 01 FICAP. PAVUNA. 21535-580 Rio de Janeiro - RJ.
33147248;0431607 CM ACAUA;-22.80208650;-43.30479090;infantil;municipal;ativa;geral;nao;RUA DOUTOR ADAUTO, SN VIGARIO GERAL. 21010-770 Rio de Janeiro - RJ.
33144710;0431608 CM ARI PIMENTEL;-22.81274820;-43.29598010;infantil;municipal;ativa;geral;nao;RUA LEDA SANTANA, 12 PARADA DE LUCAS. 21010-735 Rio de Janeiro - RJ.
33070504;0431801 EDI CARVALHO MOURAO;-22.81986170;-43.29518330;infantil;municipal;ativa;geral;nao;PRACA DOM JUSTINO, 177 CIDADE ALTA. CORDOVIL. 21010-640 Rio de Janeiro - RJ.
33170991;0431802 EDI PROFESSOR CARLOS FALSETH;-22.80592260;-43.31976630;infantil;municipal;ativa;geral;nao;RUA DEBUSSY, JARDIM AMERICA. 21240-450 Rio de Janeiro - RJ.
33070806;0431803 EDI PROFESSOR EMMANUEL PEREIRA FILHO;-22.82667000;-43.30671830;infantil;municipal;ativa;geral;nao;PCA LAGUNA, 102 CORDOVIL. 21250-310 Rio de Janeiro - RJ.
33070407;0431804 EDI ALFREDO VALLADAO;-22.80968130;-43.31350120;infantil;municipal;ativa;geral;nao;PCA IRINEU MACHADO, 20 VIGARIO GERAL. 21240-700 Rio de Janeiro - RJ.
33070520;0431805 EDI CONEGO FERNANDES PINHEIRO;-22.80835130;-43.32361390;infantil;municipal;ativa;geral;nao;R SEBASTIAN BACH, JARDIM AMERICA. 21240-370 Rio de Janeiro - RJ.
33096244;05001 - ASSOC AM CRIANCA CRECHE ROCHA MIRANDA;-22.85311000;-43.35165000;infantil;privada;ativa;geral;sim;RUA DOS DIAMANTES, 113 FDS. ROCHA MIRANDA. 21510-003 Rio de Janeiro - RJ.
33122628;05002 - CRECHE EFFATA;-22.84703000;-43.32834000;infantil;privada;ativa;geral;sim;RUA CAROLINA AMADO, 1325 IRAJA. 21361-320 Rio de Janeiro - RJ.
33122750;05003 - CRECHE PINTINHO DOURADO;-22.89727000;-43.32348000;infantil;privada;ativa;geral;sim;RUA BERNARDO GUIMARAES, 83 QUINTINO BOCAIUVA. 21311-310 Rio de Janeiro - RJ.
33122989;05004 - CRECHE CASULO SAO RAFAEL ARCANJO;-22.83522000;-43.31693000;infantil;privada;ativa;geral;sim;RUA CENTRALINA, 100 BRAZ DE PINA. 21235-640 Rio de Janeiro - RJ.
33123039;05005 - CRECHE APOSTOLO SAO PEDRO;-22.87255000;-43.31367000;infantil;privada;ativa;geral;sim;RUA ANTONIO SARAIVA, 23 CAVALCANTI. 21370-250 Rio de Janeiro - RJ.
33148880;05016 - ASSOCIACAO EDUCACIONAL E CULTURAL SAO BERNARDO-CBS;-22.84835000;-43.36058000;infantil;privada;ativa;geral;sim;RUA TACARATU, 26 HONORIO GURGEL. 21555-010 Rio de Janeiro - RJ.
33074399;0514001 EM DESEMBARGADOR MONTENEGRO;-22.84871660;-43.30443590;fundamental_i;municipal;ativa;geral;nao;AV VICENTE DE CARVALHO, 1086 CONJUNTO IPASE. VILA KOSMOS. 21210-840 Rio de Janeiro - RJ.
33074364;0514002 EM CECILIA MEIRELES;-22.84952020;-43.30363740;fundamental_ii;municipal;ativa;geral;nao;R SOLDADO SERVINO MENGARDA, 260 V KOSMOS. 21210-840 Rio de Janeiro - RJ.
33074526;0514003 EM MAESTRO PIXINGUINHA;-22.85849540;-43.30753390;fundamental_ii;municipal;ativa;geral;nao;RUA ANAMBES, 50 VILA KOSMOS. 21220-040 Rio de Janeiro - RJ.
33074747;0514004 EM SERGIPE;-22.85648080;-43.31365930;infantil|fundamental_i;municipal;ativa;geral;nao;RUA ITAPUA, 581 VICENTE CARVALHO. 21370-560 Rio de Janeiro - RJ.
33074356;0514005 EM BOLIVIA;-22.85681460;-43.31649980;infantil|fundamental_i;municipal;ativa;geral;nao;PCA COTIGI, 211 VICENTE DE CARVALHO. 21371-430 Rio de Janeiro - RJ.
33074690;0514006 EM QUINTINO DO VALLE;-22.84229163;-43.30516939;fundamental_i;municipal;ativa;geral;nao;R ARARAI, 16 VILA DA PENHA. 21221-280 Rio de Janeiro - RJ.
33074305;0514007 EM ALBERT SABIN;-22.84214640;-43.31082560;infantil|fundamental_i;municipal;ativa;geral;nao;PRACA PAULO SETUBAL, 27 V DA PENHA. 21221-350 Rio de Janeiro - RJ.
33074550;0514008 EM MARIA BAPTISTINA DUFFLES TEIXEIRA LOTT;-22.83184370;-43.31608020;fundamental_ii;municipal;ativa;geral;nao;RUA PONTA PORA, 479 VISTA ALEGRE. 21230-690 Rio de Janeiro - RJ.
33074577;0514009 EM MATO GROSSO;-22.84290200;-43.32620660;infantil|fundamental_i;municipal;ativa;geral;nao;R MIRANDA E BRITO, 119 IRAJA. 21235-130 Rio de Janeiro - RJ.
33074453;0514010 EM IRA;-22.83430930;-43.31976230;infantil|fundamental_i;municipal;ativa;geral;nao;R SAO LEONARDO, 47 IRAJA. 21231-070 Rio de Janeiro - RJ.
33074313;0514011 EM ALFREDO DE PAULA FREITAS;-22.83840800;-43.32414950;infantil|fundamental_i;municipal;ativa;geral;nao;RUA GUSTAVO DE ANDRADE, 290 IRAJA. 21235-500 Rio de Janeiro - RJ.
33074470;0514012 EM J CARLOS;-22.82470910;-43.31523630;fundamental_i;municipal;ativa;geral;nao;R RIBATEJO, 245 VISTA ALEGRE. 21230-560 Rio de Janeiro - RJ.
33074291;0514013 EM ADLAI STEVENSON;-22.82515073;-43.31548637;fundamental_i;municipal;ativa;geral;nao;RUA BEIRA ALTA, 95 VISTA ALEGRE. 21230-550 Rio de Janeiro - RJ.
33074348;0514015 EM BARCELONA;-22.84293170;-43.31866470;fundamental_ii;municipal;ativa;geral;nao;R GUSTAVO MARTINS, 67 IRAJA. 21220-480 Rio de Janeiro - RJ.
33074674;0514016 EM PIRES E ALBUQUERQUE;-22.85301487;-43.32430452;fundamental_i;municipal;ativa;geral;nao;R CAIABU, 98 VAZ LOBO. 21361-230 Rio de Janeiro - RJ.
33074704;0514017 EM RODOLFO GARCIA;-22.85268250;-43.32388050;infantil|fundamental_i;municipal;ativa;geral;nao;R CALUMBI, 245 IRAJA. 21361-260 Rio de Janeiro - RJ.
33074712;0514018 EM RODRIGO OTAVIO FILHO;-22.85185604;-43.32522962;fundamental_ii;municipal;ativa;geral;nao;R MARAMBAIA, 408 VAZ LOBO. 21361-290 Rio de Janeiro - RJ.
33074720;0514019 EM ROSA BETTIATO ZATTERA;-22.85147600;-43.33101560;fundamental_i|fundamental_ii;municipal;ativa;geral;nao;SANTO APIANO, 247 IRAJA. 21361-420 Rio de Janeiro - RJ.
33074496;0514020 EM JOSE DO PATROCINIO;-22.83804052;-43.32326154;fundamental_ii;municipal;ativa;geral;nao;RUA GUSTAVO DE ANDRADE, 270 IRAJA. 21235-500 Rio de Janeiro - RJ.
33074607;0514021 EM NUN ALVARES PEREIRA;-22.82530390;-43.31605860;fundamental_ii;municipal;ativa;geral;nao;RUA BEIRA ALTA, SN QUADRA 4. VISTA ALEGRE. 21230-550 Rio de Janeiro - RJ.
33074569;0514022 EM MARIO PAULO DE BRITO;-22.83413355;-43.31968889;fundamental_ii;municipal;ativa;geral;nao;RUA SAO LEONARDO, 51 VISTA ALEGRE. 21231-070 Rio de Janeiro - RJ.
33074437;0514023 EM GASPAR VIANNA;-22.82552070;-43.32103580;infantil|fundamental_i|fundamental_ii;municipal;ativa;geral;nao;R HERON DOMINGUES, 122 VISTA ALEGRE. 21230-420 Rio de Janeiro - RJ.
33074321;0514024 EM ALMIRANTE NEWTON BRAGA DE FARIA;-22.83842785;-43.32928208;infantil|fundamental_i;municipal;ativa;geral;nao;AVENIDA MONSENHOR FELIX, 1059 IRAJA. 21235-113 Rio de Janeiro - RJ.
33074380;0514025 EM CONDE PEREIRA CARNEIRO;-22.82331046;-43.33102678;fundamental_ii;municipal;ativa;geral;nao;R MOLLIERE, 10 IRAJA. 21230-045 Rio de Janeiro - RJ.
33074429;0514026 EM FRANCISCO SERTORIO PORTINHO;-22.82996800;-43.32730760;infantil|fundamental_i;municipal;ativa;geral;nao;RUA AMANCIO BEZERRA, 49 IRAJA. 21230-290 Rio de Janeiro - RJ.
33074739;0514027 EM SEBASTIAO DE LACERDA;-22.82311700;-43.33453040;infantil|fundamental_i;municipal;ativa;geral;nao;R CANUDOS, SN IRAJA. 21230-085 Rio de Janeiro - RJ.
33074755;0514028 EM TARSILA DO AMARAL;-22.82467872;-43.32579866;infantil|fundamental_i;municipal;ativa;geral;nao;RUA HANNIBAL PORTO, 451 IRAJA. 21230-330 Rio de Janeiro - RJ.
33074534;0514029 EM MALBA TAHAN;-22.82434000;-43.32676000;fundamental_ii;municipal;ativa;geral;nao;AVENIDA BRASIL, 17221 IRAJA. 21230-043 Rio de Janeiro - RJ.
33074623;0514030 EM OLIMPIA DO COUTO;-22.82350050;-43.33459880;infantil|fundamental_i|fundamental_ii;municipal;ativa;geral;nao;RUA CANUDOS, S/N IRAJA. 21230-085 Rio de Janeiro - RJ.
33074372;0514031 EM CLAUDIO IGNACIO DE OLIVEIRA;-22.84773184;-43.31979522;infantil|fundamental_i;municipal;ativa;geral;nao;ESTR CORONEL VIEIRA, IRAJA. 21220-310 Rio de Janeiro - RJ.
33074585;0514032 EM MENDES VIANA;-22.83517830;-43.33034380;fundamental_ii;municipal;ativa;geral;nao;ESTRADA DO COLEGIO, 940 IRAJA. 21235-280 Rio de Janeiro - RJ.
33074658;0514033 EM PAULA FONSECA;-22.83846720;-43.34302390;fundamental_i;municipal;ativa;geral;nao;PC ZUINARA, 11 COLEGIO. 21545-330 Rio de Janeiro - RJ.
33074330;0514035 EM AMAPA;-22.84458759;-43.33899360;fundamental_i;municipal;ativa;geral;nao;RUA TORIBA, 106 COLEGIO. 21545-260 Rio de Janeiro - RJ.
33073970;0514501 CIEP DOM OSCAR ROMERO;-22.83488950;-43.33101050;infantil|fundamental_i;municipal;ativa;geral;nao;ESTR DO COLEGIO, SN IRAJA. 21235-280 Rio de Janeiro - RJ.
33095590;0514601 CM TIO SEBASTIAO XAVIER;-22.84921830;-43.30419250;infantil;municipal;ativa;geral;nao;RUA SOLDADO SERVINO MENGARDA, 300 VILA KOSMOS. 21210-840 Rio de Janeiro - RJ.
33144591;0514602 CM JECIA DE FREITAS FERREIRA;-22.83011010;-43.32530700;infantil;municipal;ativa;geral;nao;PCA N S DA APRESENTACAO, 298 IRAJA. 21231-220 Rio de Janeiro - RJ.
33122067;0514603 CM AMALIA FERNANDEZ CONDE;-22.82182700;-43.32166380;infantil;municipal;ativa;geral;nao;RUA HANIBAL PORTO, 730 COND. PARQUE IRAJA. IRAJA. 21230-330 Rio de Janeiro - RJ.
33118418;0514604 CM ESTRELINHA DOURADA;-22.82422390;-43.32594910;infantil;municipal;ativa;geral;nao;RUA MARECHAL JOAO ADIL DE OLIVEIRA, 25 IRAJA. 21230-175 Rio de Janeiro - RJ.
33136980;0514605 CM O SONHO DE RAMON PASCUAL;-22.85159340;-43.33644680;infantil;municipal;ativa;geral;nao;RUA PLACIDO FERREIRA, S/N IRAJA. 21361-580 Rio de Janeiro - RJ.
33147434;0514606 CM ACALANTO;-22.86091160;-43.30760290;infantil;municipal;ativa;geral;nao;AV. PASTOR MARTIN LUTHER KING JR, 5001 VICENTE DE CARVALHO. 21370-540 Rio de Janeiro - RJ.
33147426;0514607 CM SEMENTINHA;-22.86031667;-43.31846167;infantil;municipal;ativa;geral;nao;RUA CARNEIRO DE MENDONCA, SN VICENTE DE CARVALHO. 21371-160 Rio de Janeiro - RJ.
33230404;0514608 CM JOSEPH BARBERA;-22.86779250;-43.30983500;infantil;municipal;ativa;geral;nao;RUA PARQUE SILVA VALE- ENTRADA A, S/N PARQUE SILVA VALE. CAVALCANTI. 21370-360 Rio de Janeiro - RJ.
33158061;0514609 CM PARQUE BOM MENINO;-22.84880527;-43.32496978;infantil;municipal;ativa;geral;nao;AVENIDA MONSENHOR FELIX, 418 IRAJA. 21235-111 Rio de Janeiro - RJ.
33163383;0514801 EDI DEPUTADO PEDRO FERNANDES;-22.82362010;-43.32032200;infantil;municipal;ativa;geral;nao;RUA SOLDADO TEODORO RIBEIRO, 170 IRAJA. 21230-480 Rio de Janeiro - RJ.
33074518;0514802 EDI LUXEMBURGO;-22.82301400;-43.31617120;infantil;municipal;ativa;geral;nao;RUA AVEIRO, 40 VISTA ALEGRE. 21230-540 Rio de Janeiro - RJ.
33074488;0514803 EDI JOSE ALPOIM;-22.84350716;-43.33178166;infantil;municipal;ativa;geral;nao;AV. PASTOR MARTIN LUTHER KING JR., 8173 COLEGIO. 21371-312 Rio de Janeiro - RJ.
33073961;0514804 EDI VICENTE DE CARVALHO;-22.84914360;-43.30434370;infantil;municipal;ativa;geral;nao;SOLDADO SERVINO MENGAROA, SN VILA KOSMOS. 21210-840 Rio de Janeiro - RJ.
33074640;0515001 EM PARA;-22.85187190;-43.34938440;fundamental_i|fundamental_ii;municipal;ativa;geral;nao;DOS ITALIANOS, 500 ROCHA MIRANDA. 21510-103 Rio de Janeiro - RJ.
33074461;0515002 EM ITALIA;-22.84087679;-43.34915844;fundamental_ii;municipal;ativa;geral;nao;AV DOS ITALIANOS, 992 ROCHA MIRANDA. 21510-103 Rio de Janeiro - RJ.
33074615;0515003 EM OLEGARIO MARIANO;-22.84554667;-43.35185833;infantil|fundamental_i;municipal;ativa;geral;nao;PRACA DAS ESMERALDAS, 65 HONORIO GURGEL. 21510-030 Rio de Janeiro - RJ.
33074500;0515004 EM LUIS DE CAMOES;-22.84600153;-43.33864150;fundamental_ii;municipal;ativa;geral;nao;ESTRADA DO BARRO VERMELHO, 1446 COLEGIO. 21540-501 Rio de Janeiro - RJ.
33074631;0515005 EM OSWALDO ARANHA;-22.85140370;-43.34366570;infantil|fundamental_i;municipal;ativa;geral;nao;PRACA CARLOS TOLEDO, 29 ROCHA MIRANDA. 21540-540 Rio de Janeiro - RJ.
33074410;0515007 EM FRANCISCO FRIAS DE MESQUITA;-22.84665560;-43.34463350;fundamental_i;municipal;ativa;geral;nao;R FAIA, 546 ROCHA MIRANDA. 21545-110 Rio de Janeiro - RJ.
33074763;0515009 EM VELINDA MAURICIO DA FONSECA;-22.84137060;-43.34813650;fundamental_i;municipal;ativa;geral;nao;RUA MARUPIARA, 105 ROCHA MIRANDA. 21510-210 Rio de Janeiro - RJ.
33074682;0515010 EM PROFESSOR ALFREDO RUSSELL;-22.84326650;-43.34447460;infantil|fundamental_i;municipal;ativa;geral;nao;RUA ARISTOTELES, 485 ROCHA MIRANDA. 21510-170 Rio de Janeiro - RJ.
33074402;0515011 EM EMBAIXADOR JOAO NEVES DA FONTOURA;-22.84561424;-43.35116474;fundamental_ii;municipal;ativa;geral;nao;PCA DAS ESMERALDAS, 23 ROCHA MIRANDA. 21510-030 Rio de Janeiro - RJ.
33076243;0515012 EM MARIO PENNA DA ROCHA;-22.84968700;-43.35883760;infantil|fundamental_i;municipal;ativa;geral;nao;RUA AMERICO ROCHA, 1596 HONORIO GURGEL. 21555-300 Rio de Janeiro - RJ.
33087350;0515013 EM SILVIO ROMERO;-22.84642041;-43.35900709;fundamental_ii;municipal;ativa;geral;nao;RUA PORTO FELIZ, 65 HONORIO GURGEL. 21511-210 Rio de Janeiro - RJ.
33076120;0515014 EM FORNOVO;-22.84244110;-43.35744454;infantil|fundamental_i;municipal;ativa;geral;nao;R GENTIL DE ALMEIDA, S/N HONORIO GURGEL. 21511-110 Rio de Janeiro - RJ.
33076308;0515015 EM PADRE DEHON;-22.87917450;-43.35213527;infantil|fundamental_i;municipal;ativa;geral;nao;RUA MARIA JOSE, SN MADUREIRA. 21341-140 Rio de Janeiro - RJ.
33076375;0515016 EM RAJA GABAGLIA;-22.86372980;-43.34893120;fundamental_ii;municipal;ativa;geral;nao;R SOUZA CALDAS, 45 OSVALDO CRUZ. 21550-160 Rio de Janeiro - RJ.
33076235;0515017 EM MARIA DAS DORES NEGRAO;-22.87060376;-43.35547466;infantil|fundamental_i;municipal;ativa;geral;nao;RUA MARQUES DE AGUIAR, 58 OSVALDO CRUZ. 21340-220 Rio de Janeiro - RJ.
33076456;0515018 EM VIRIATO CORREA;-22.86412700;-43.34969000;infantil|fundamental_i;municipal;ativa;geral;nao;R GUARAREMA, 50 OSVALDO CRUZ. 21550-170 Rio de Janeiro - RJ.
33076472;0515019 EM WALDEMIRO POTSCH;-22.87048470;-43.35512110;fundamental_i;municipal;ativa;geral;nao;R RIACHO DOCE, SN OSWALDO CRUZ. 21340-340 Rio de Janeiro - RJ.
33076464;0515020 EM WALDEMAR FALCAO;-22.87596804;-43.35510040;fundamental_ii;municipal;ativa;geral;nao;PCA JAGUARE, 53 OSWALDO CRUZ. 21340-420 Rio de Janeiro - RJ.
33076260;0515021 EM MOZART LAGO;-22.87219950;-43.35049330;infantil|fundamental_i|fundamental_ii;municipal;ativa;geral;nao;RUA JOSE CARVALHO SALGADO, S/N OSWALDO CRUZ. 21340-300 Rio de Janeiro - RJ.
33076200;0515022 EM JOSE EMYGDIO DE OLIVEIRA;-22.87898790;-43.35231309;fundamental_i|fundamental_ii;municipal;ativa;geral;nao;PRACA CANDIDO PORTINARI, S/N OSWALDO CRUZ. 21341-250 Rio de Janeiro - RJ.
33076073;0515023 EM CONDE AFONSO CELSO;-22.85951150;-43.35722410;infantil|fundamental_i|fundamental_ii;municipal;ativa;geral;nao;RUA IVINHEIMA, 15 BENTO RIBEIRO. 21550-390 Rio de Janeiro - RJ.
33076057;0515024 EM CERVANTES;-22.86470996;-43.36631201;infantil|fundamental_i;municipal;ativa;geral;nao;R ABILIO DOS SANTOS, 170 BENTO RIBEIRO. 21331-290 Rio de Janeiro - RJ.
33076146;0515025 EM FRANCISCO PALHETA;-22.86438300;-43.36633230;fundamental_ii;municipal;ativa;geral;nao;RUA ABILIO DOS SANTOS, 100 BENTO RIBEIRO. 21331-290 Rio de Janeiro - RJ.
33076286;0515026 EM PARAGUAI;-22.86234897;-43.36623271;fundamental_i;municipal;ativa;geral;nao;PCA LAUTARO, 10 MARECHAL HERMES. 21555-280 Rio de Janeiro - RJ.
33076430;0515027 EM SANTOS DUMONT;-22.86334159;-43.37203792;infantil|fundamental_i;municipal;ativa;geral;nao;PCA QUINZE DE NOVEMBRO, 29 MAL HERMES. 21610-490 Rio de Janeiro - RJ.
33076090;0515028 EM EVANGELINA DUARTE BATISTA;-22.86289047;-43.37295611;fundamental_ii;municipal;ativa;geral;nao;PCA QUINZE DE NOVEMBRO, 28 MAR HERMES. 21610-490 Rio de Janeiro - RJ.
33076340;0515029 EM PROFESSOR CARNEIRO FELIPE;-22.85773470;-43.37403560;fundamental_i|fundamental_ii;municipal;ativa;geral;nao;RUA JURIARI, 238 MARECHAL HERMES. 21557-100 Rio de Janeiro - RJ.
33076170;0515030 EM IRINEU MARINHO;-22.85547740;-43.36341320;fundamental_i|fundamental_ii;municipal;ativa;geral;nao;R AMERICO DA ROCHA, 821 MARECHAL HERMES. 21555-300 Rio de Janeiro - RJ.
33076219;0515032 EM LEONOR POSADA;-22.85994010;-43.36712630;infantil;municipal;ativa;geral;nao;RUA BELIZE, SN MARECHAL HERMES. 21555-310 Rio de Janeiro - RJ.
33087253;0515033 EM OSWALDO GOELDI;-22.84953140;-43.36992490;infantil|fundamental_i;municipal;ativa;geral;nao;RUA LUIZ COUTINHO CAVALCANTE, SN MARECHAL HERMES. 21675-550 Rio de Janeiro - RJ.
33076022;0515034 EM BARAO DE ITARARE;-22.85742460;-43.37340130;fundamental_i;municipal;ativa;geral;nao;RUA MARAPENDI, SN MARECHAL HERMES. 21557-030 Rio de Janeiro - RJ.
33076030;0515035 EM BARAO DO AMPARO;-22.88349117;-43.35353809;infantil|fundamental_i;municipal;ativa;geral;nao;RUA ANA TELES, 30 CAMPINHO. 21341-460 Rio de Janeiro - RJ.
33076162;0515037 EM HAITI;-22.88926396;-43.32119653;infantil|fundamental_i|fundamental_ii;municipal;ativa;geral;nao;RUA DUARTE TEIXEIRA, 45 QUINTINO BOCAIUVA. 21311-330 Rio de Janeiro - RJ.
33076138;0515038 EM FRANCA;-22.88007240;-43.31417950;infantil|fundamental_i;municipal;ativa;geral;nao;RUA PADRE MANOEL DA NOBREGA, 725 PIEDADE. 21381-009 Rio de Janeiro - RJ.
33076367;0515039 EM QUINTINO BOCAIUVA;-22.88728790;-43.31897470;fundamental_i|fundamental_ii;municipal;ativa;geral;nao;RUA VITAL, 152 QUINTINO BOCAIUVA. 21380-210 Rio de Janeiro - RJ.
33076359;0515040 EM PROFESSOR SOUZA DA SILVEIRA;-22.88093307;-43.31533046;fundamental_i|fundamental_ii;municipal;ativa;geral;nao;RUA AMALIA, SN QUINTINO BOCAIUVA. 21380-400 Rio de Janeiro - RJ.
33076278;0515041 EM OSWALDO TEIXEIRA;-22.89476849;-43.32180927;fundamental_i|fundamental_ii;municipal;ativa;geral;nao;RUA MILAO, 95 QUINTINO BOCAIUVA. 21311-430 Rio de Janeiro - RJ.
33075964;0515042 EEM MAURICIO DE MEDEIROS;-22.88638960;-43.31287600;infantil|fundamental_i;municipal;ativa;geral;nao;EMILIO DE MENESES, 230 QUINTINO BOCAIUVA. 21380-270 Rio de Janeiro - RJ.
33076324;0515043 EM PREFEITO FILADELFO AZEVEDO;-22.87343420;-43.31116670;infantil|fundamental_i;municipal;ativa;geral;nao;RUA GRACA MELO, 640 CAVALCANTI. 21381-300 Rio de Janeiro - RJ.
33076081;0515044 EM ESPIRITO SANTO;-22.87419420;-43.31463970;infantil|fundamental_i;municipal;ativa;geral;nao;RUA HERCULANO PENA, CAVALCANTI. 21381-410 Rio de Janeiro - RJ.
33076197;0515045 EM JAIME COSTA;-22.87466250;-43.31458310;fundamental_ii;municipal;ativa;geral;nao;R MUCIO TEIXEIRA, 25 CAVALCANTE. 21381-330 Rio de Janeiro - RJ.
33075980;0515046 EM ADELMAR TAVARES;-22.87790870;-43.31495030;infantil;municipal;ativa;geral;nao;RUA AUGUSTO FRANCO, S/N CAVALCANTI. 21381-320 Rio de Janeiro - RJ.
33076154;0515047 EM FREI LEOPOLDO;-22.87387400;-43.31417620;fundamental_i;municipal;ativa;geral;nao;RUA HERCULANO PENA, S/N CAVALCANTE. 21381-410 Rio de Janeiro - RJ.
33076405;0515048 EM ROSTHAM PEDRO DE FARIAS;-22.86884540;-43.31460850;infantil|fundamental_i|fundamental_ii;municipal;ativa;geral;nao;DOS LIRIOS, 46 CAVALCANTI. 21370-340 Rio de Janeiro - RJ.
33076065;0515049 EM CINCO DE JULHO;-22.87686410;-43.32321250;infantil|fundamental_i;municipal;ativa;geral;nao;RUA CAETANO DA SILVA, 730 CASCADURA. 21381-370 Rio de Janeiro - RJ.
33076294;0515050 EM PARANA;-22.88239022;-43.33811352;infantil|fundamental_i|fundamental_ii;municipal;ativa;geral;nao;AV ERNANI CARDOSO, 316 CASCADURA. 21310-310 Rio de Janeiro - RJ.
33076421;0515051 EM RUY CARNEIRO DA CUNHA;-22.88905502;-43.33172121;infantil|fundamental_i;municipal;ativa;geral;nao;R ITUNA, 190 CASCADURA. 21311-240 Rio de Janeiro - RJ.
33076014;0515052 EM AZEVEDO JUNIOR;-22.88042120;-43.32751770;fundamental_ii;municipal;ativa;geral;nao;RUA SILVA GOMES, 55 CASCADURA. 21350-080 Rio de Janeiro - RJ.
33076448;0515053 EM SENADOR FRANCISCO GALLOTTI;-22.88388030;-43.32246190;infantil|fundamental_i;municipal;ativa;geral;nao;RUA MOISES LILENBAUM, 161 CASCADURA. 21380-140 Rio de Janeiro - RJ.
33076049;0515054 EM CARDEAL ARCOVERDE;-22.87624930;-43.34344420;infantil|fundamental_i|fundamental_ii;municipal;ativa;geral;nao;RUA AGOSTINHO BARBALHO, 401 MADUREIRA. 21310-130 Rio de Janeiro - RJ.
33076251;0515055 EM MINISTRO EDGARD ROMERO;-22.87536170;-43.33806520;fundamental_ii;municipal;ativa;geral;nao;AV MINISTRO EDGARD ROMERO, 31 MADUREIRA. 21350-301 Rio de Janeiro - RJ.
33076227;0515056 EM LUIS CARLOS DA FONSECA;-22.86566218;-43.33539037;fundamental_i;municipal;ativa;geral;nao;R LEOPOLDINO DE OLIVEIRA, 51 MADUREIRA. 21360-060 Rio de Janeiro - RJ.
33076413;0515057 EM RUGENDAS;-22.88187980;-43.33807470;fundamental_ii;municipal;ativa;geral;nao;R PADRE MANSO, MADUREIRA. 21310-260 Rio de Janeiro - RJ.
33076006;0515058 EM ASTOLFO REZENDE;-22.86644390;-43.33482262;infantil|fundamental_i;municipal;ativa;geral;nao;AV MINISTRO EDGARD ROMERO, 473 MADUREIRA. 21360-201 Rio de Janeiro - RJ.
33076383;0515059 EM REPUBLICA DOMINICANA;-22.86499350;-43.33029520;fundamental_i;municipal;ativa;geral;nao;RUA COMPOSITOR SILAS DE OLIVEIRA, 113 MADUREIRA. 21360-340 Rio de Janeiro - RJ.
33076189;0515060 EM IRMA ZELIA;-22.85828594;-43.32968416;infantil|fundamental_i|fundamental_ii;municipal;ativa;geral;nao;AV MIN EDGARD ROMERO, 895 VAZ LOBO. 21360-201 Rio de Janeiro - RJ.
33075999;0515061 EM ASPIRANTE CARLOS ALFREDO;-22.86090226;-43.34477927;infantil|fundamental_i;municipal;ativa;geral;nao;RUA IBIA, 105 TURIACU. 21540-070 Rio de Janeiro - RJ.
33076111;0515062 EM FIGUEIREDO PIMENTEL;-22.86377062;-43.34077529;fundamental_ii;municipal;ativa;geral;nao;PCA MIRANDA RIBEIRO, S/N TURIACU. 21540-220 Rio de Janeiro - RJ.
33076316;0515063 EM PADRE JOSE MAURICIO TOMAS;-22.85914169;-43.34226538;infantil|fundamental_i;municipal;ativa;geral;nao;RUA IBIA, 517 TURIACU. 21540-070 Rio de Janeiro - RJ.
33149283;0515064 EM MESTRE DARCY DO JONGO;-22.86495580;-43.32908640;infantil|fundamental_i;municipal;ativa;geral;nao;PRACA BARBOSA DE OLIVEIRA, S/N MADUREIRA. 21360-420 Rio de Janeiro - RJ.
33075050;0515501 CIEP AUGUSTO PINHEIRO DE CARVALHO;-22.86257860;-43.37702240;infantil|fundamental_i;municipal;ativa;geral;nao;RUA XAVIER CURADO, 1733 FUNDOS. MARECHAL HERMES. 21610-330 Rio de Janeiro - RJ.
33075069;0515502 CIEP PROFESSOR MANOEL MAURICIO DE ALBUQUERQUE;-22.88572889;-43.32869893;infantil|fundamental_i;municipal;ativa;geral;nao;RUA FERRAZ, 2 CASCADURA. 21311-060 Rio de Janeiro - RJ.
33075077;0515503 CIEP METALURGICO BENEDITO CERQUEIRA;-22.87713330;-43.32610880;infantil|fundamental_i;municipal;ativa;geral;nao;RUA SIDONEO PAES, 227 CASCADURA. 21350-031 Rio de Janeiro - RJ.
33095655;0515601 CM OLGA BENARIO;-22.85364067;-43.33877142;infantil;municipal;ativa;geral;nao;RUA PAO DE ACUCAR, 767 MORRO F QUEM Q. ROCHA MIRANDA. 21540-530 Rio de Janeiro - RJ.
33144737;0515602 CM SAO MIGUEL ARCANJO;-22.86080099;-43.33162239;infantil;municipal;ativa;geral;nao;AV. MINISTRO EDGARD ROMERO, 757 MADUREIRA. 21360-201 Rio de Janeiro - RJ.
33126950;0515604 CM GERCINDA ROSA FONSECA;-22.88971447;-43.33246023;infantil;municipal;ativa;geral;nao;RUA SAO FERNANDO, S/N COMUN. DO FUBA. CASCADURA. 21311-220 Rio de Janeiro - RJ.
33126968;0515605 CM JOSE RAIMUNDO DE SOUZA ALVES;-22.85509700;-43.34192530;infantil;municipal;ativa;geral;nao;RUA CORIMBO, SN ROCHA MIRANDA. 21540-490 Rio de Janeiro - RJ.
33122300;0515606 CM JOSUE DE CASTRO;-22.88619703;-43.33940442;infantil;municipal;ativa;geral;nao;TRAVESSA SAGRADO CORACAO, S/N CAMPINHO. 21310-430 Rio de Janeiro - RJ.
33095671;0515607 CM MANE GARRINCHA I;-22.86892900;-43.37448380;infantil;municipal;ativa;geral;nao;RUA FREI SAMPAIO, 534 MARECHAL HERMES. 21610-440 Rio de Janeiro - RJ.
33126615;0515608 CM MARIA JOSE DE PAULA DE JESUS;-22.85816980;-43.33604400;infantil;municipal;ativa;geral;nao;R.MANUEL MACHADO, S/N VAZ LOBO. 21361-090 Rio de Janeiro - RJ.
33122938;0515610 CM SEMPRE VIDA PALMEIRINHA;-22.84899270;-43.36398270;infantil;municipal;ativa;geral;nao;RUA DO ENCANAMENTO, S/N MARECHAL HERMES. 21675-539 Rio de Janeiro - RJ.
33136963;0515611 CM VOVO MARIA JOANA;-22.86465967;-43.32995260;infantil;municipal;ativa;geral;nao;RUA COMPOSITOR SILAS DE OLIVEIRA, 113 FUNDOS. MADUREIRA. 21360-340 Rio de Janeiro - RJ.
33144745;0515612 CM TIA MARIA DO JONGO;-22.86792830;-43.32935080;infantil;municipal;ativa;geral;nao;DOUTOR JOVINIANO, 560 MADUREIRA. 21360-310 Rio de Janeiro - RJ.
33145253;0515613 CM MANOEL DA ROCHA APRISCO;-22.86870705;-43.31655957;infantil;municipal;ativa;geral;nao;RUA PRIMAVERA, 01 CAVALCANTE. 21370-650 Rio de Janeiro - RJ.
33164304;0515801 EDI KARINE LORRAINE CHAGAS DE OLIVEIRA;-22.83976208;-43.35569297;infantil;municipal;ativa;geral;nao;RUA URURAI 550 TELEFONE 33572772, HONORIO GURGEL. 21550-000 Rio de Janeiro - RJ.
33074666;0515803 EDI PIO XII;-22.84591914;-43.35115390;infantil;municipal;ativa;geral;nao;RUA DOS RUBIS, 941 ROCHA MIRANDA. 21510-014 Rio de Janeiro - RJ.
33076103;0515804 EDI FERNAO DIAS;-22.85705177;-43.37388304;infantil;municipal;ativa;geral;nao;MARAPENDI, 257 MARECHAL HERMES. 21557-130 Rio de Janeiro - RJ.
33076391;0515805 EDI ROCHA POMBO;-22.88652333;-43.31252333;infantil;municipal;ativa;geral;nao;RUA LIMA BARRETO, 107 PIEDADE. 21380-310 Rio de Janeiro - RJ.
33096198;0515807 EDI BURITI CONGONHAS;-22.86057990;-43.33460644;infantil;municipal;ativa;geral;nao;FLORES, 2 MORRO CONGONHAS. MADUREIRA. 21360-740 Rio de Janeiro - RJ.
33136971;0515808 EDI GUARACIARA RODRIGUES DINIZ;-22.86390940;-43.33589040;infantil;municipal;ativa;geral;nao;RUA FAUSTO LAURINDO, 829 CAJUEIRO. MADUREIRA. 21360-120 Rio de Janeiro - RJ.
33167923;0515809 EDI PROFESSOR UBIRAJARA DE PAULA CASTRO;-22.84860160;-43.36131810;infantil;municipal;ativa;geral;nao;LOURENCO MARQUES, 70 MARECHAL HERMES. 21675-540 Rio de Janeiro - RJ.
33171017;0515810 EDI PROFESSORA TEREZINHA SARDOUX HENRIQUES;-22.88851422;-43.33019533;infantil;municipal;ativa;geral;nao;RUA JAUAPERI, 143 CASCADURA. 21311-260 Rio de Janeiro - RJ.
33087377;06001 - ESCOLA PATRONATO NOSSA SENHORA DE NAZARE;-22.82189000;-43.39918000;infantil;privada;ativa;geral;sim;RUA JOSE LOURENCO, 181 ANCHIETA. 21645-340 Rio de Janeiro - RJ.
33096309;06002 - CRECHE GUADALUPE;-22.83384000;-43.37068000;infantil;privada;ativa;geral;sim;RUA SILVIO TERRA, 202 BARROS FILHO. 21665-300 Rio de Janeiro - RJ.
33117462;06003 - CRECHE NOSSO LAR;-22.82361352;-43.40226136;infantil;privada;ativa;geral;sim;RUA JOSE LOURENCO, 32 ANCHIETA. 21645-340 Rio de Janeiro - RJ.
33122385;06004 - CENTRO COMUNITARIO PARQUE UNIDOS DE ACARI;-22.81972000;-43.34632000;infantil;privada;ativa;geral;sim;RUA PADRE LIMA, 482 PAVUNA. 21535-080 Rio de Janeiro - RJ.
33124914;06005 - CRECHE DOM GUANELLA;-22.81781000;-43.39665000;infantil;privada;ativa;geral;sim;RUA CACAREMA, 63 ANCHIETA. 21645-110 Rio de Janeiro - RJ.
33136360;06006 - CRECHE ESCOLA COMUNITARIA TIO PATINHAS;-22.82288026;-43.34156853;infantil;privada;ativa;geral;sim;RUA ROBERTO CARLOS, 19 ACARI. 21531-590 Rio de Janeiro - RJ.
33145075;06007 - CRECHE ABRINDO PORTAS SOCIEDADE CIVIL;-22.82283896;-43.34693229;infantil;privada;ativa;geral;sim;RUA IPUERA, 331 QUADRA 7 LOTE 65. ACARI. 21530-330 Rio de Janeiro - RJ.
33186138;06009 - CENTRO EDUCACIONAL NOSSA SENHORA APARECIDA - CRECHE;-22.82200556;-43.39735568;infantil;privada;ativa;geral;sim;RUA FAUSTINO LINS, 898 ANCHIETA. 21645-210 Rio de Janeiro - RJ.
33195544;06016 - CP CRECHE NOSSO LAR - UNIDADE II;-22.83998022;-43.39801641;infantil;privada;ativa;geral;sim;AVENIDA NAZARE, 340 RICARDO DE ALBUQUERQUE. 21640-010 Rio de Janeiro - RJ.
33087105;0622001 EM GUILHERME TELL;-22.83185080;-43.40531220;infantil|fundamental_i;municipal;ativa;geral;nao;RUA ROMEU CASAGRANDE, SN PARQUE ANCHIETA. 21625-380 Rio de Janeiro - RJ.
33086893;0622002 EM ANTONIO MACEO;-22.83700000;-43.40852500;infantil|fundamental_i;municipal;ativa;geral;nao;R BANISTERIA, S/N PARQUE ANCHIETA. ANCHIETA. 21620-100 Rio de Janeiro - RJ.
33087288;0622004 EM PARAIBA;-22.82648481;-43.40262699;fundamental_i|fundamental_ii;municipal;ativa;geral;nao;ESTR MAL ALENCASTRO, 4035 ANCHIETA. 21625-001 Rio de Janeiro - RJ.
33086990;0622005 EM CYRO MONTEIRO;-22.82709819;-43.40328375;fundamental_ii;municipal;ativa;geral;nao;R DO ANTURIO, 31 ANCHIETA. 21625-100 Rio de Janeiro - RJ.
33086877;0622006 EM ANTENOR NASCENTES;-22.83169820;-43.40518200;fundamental_ii;municipal;ativa;geral;nao;RUA ROMEU CASAGRANDE, 37 PARQUE ANCHIETA. 21625-380 Rio de Janeiro - RJ.
33086850;0622007 EM ALEXANDRE FARAH;-22.83599500;-43.39669500;fundamental_ii;municipal;ativa;geral;nao;PCA VICENTE DE OLIVEIRA SILVA, 214 RICARDO DE ALBUQUERQUE. 21620-620 Rio de Janeiro - RJ.
33087237;0622008 EM NARBAL FONTES;-22.83684954;-43.39904048;fundamental_i|fundamental_ii;municipal;ativa;geral;nao;RUA UMBUZEIRO, 455 FUNDOS. RIC. DE ALBUQUERQUE. 21620-610 Rio de Janeiro - RJ.
33086974;0622009 EM COELHO NETO;-22.83741781;-43.39920782;fundamental_ii;municipal;ativa;geral;nao;RUA UMBUZEIRO, 455 RIC DE ALBUQUERQUE. 21620-610 Rio de Janeiro - RJ.
33087334;0622011 EM PROFESSOR ZITUO YONESHIGUE;-22.83415610;-43.39037220;infantil|fundamental_i;municipal;ativa;geral;nao;RUA MORAES PINHEIRO, 1140 RICARDO DE ALBUQUERQUE. 21640-260 Rio de Janeiro - RJ.
33087300;0622012 EM PROFESSOR ALVARO ESPINHEIRA;-22.83683874;-43.37144740;fundamental_i;municipal;ativa;geral;nao;R NELSON MEIRELES NETO, S/N GUADALUPE. 21660-520 Rio de Janeiro - RJ.
33086923;0622014 EM BELGICA;-22.84004047;-43.38053371;fundamental_i|fundamental_ii;municipal;ativa;geral;nao;RUA FRANCOLIM, 50 GUADALUPE. 21660-130 Rio de Janeiro - RJ.
33087296;0622016 EM PIAUI;-22.84542000;-43.37878789;fundamental_i;municipal;ativa;geral;nao;AVENIDA BRASIL, 23364 GUADALUPE. 21660-000 Rio de Janeiro - RJ.
33087156;0622017 EM LIA BRAGA DE FARIA;-22.84653019;-43.37642523;infantil|fundamental_i;municipal;ativa;geral;nao;RUA NOVA TRENTO, 327 GUADALUPE. 21670-440 Rio de Janeiro - RJ.
33086915;0622018 EM BADEN POWELL;-22.84624893;-43.37667458;fundamental_ii;municipal;ativa;geral;nao;R NOVA TRENTO, 28 GUADALUPE. 21670-440 Rio de Janeiro - RJ.
33087016;0622019 EM EMILIO CARLOS;-22.84438000;-43.36589167;fundamental_ii;municipal;ativa;geral;nao;RUA PINHEIRO BITTENCOURT, SN GUADALUPE. 21675-130 Rio de Janeiro - RJ.
33087202;0622020 EM MAURICE MAETERLINCK;-22.84039447;-43.38014340;fundamental_i;municipal;ativa;geral;nao;RUA BETULA, 50 GUADALUPE. 21660-100 Rio de Janeiro - RJ.
33087121;0622021 EM ISAIAS ALVES;-22.84419168;-43.36550111;fundamental_i|fundamental_ii;municipal;ativa;geral;nao;RUA DOM JOSE DE SOUZA, S/N GUADALUPE. 21675-040 Rio de Janeiro - RJ.
33087342;0622022 EM ROSE KLABIN;-22.84649673;-43.37239433;fundamental_ii;municipal;ativa;geral;nao;RUA REGINOPOLIS, 135 GUADALUPE. 21675-440 Rio de Janeiro - RJ.
33087083;0622023 EM GILBERTO AMADO;-22.83497167;-43.37266443;infantil|fundamental_i;municipal;ativa;geral;nao;RUA PROFESSOR VALDEMAR RAYTHER, S/N GUADALUPE. 21665-280 Rio de Janeiro - RJ.
33087199;0622024 EM MARIO PIRAGIBE;-22.82563810;-43.39216190;fundamental_i|fundamental_ii;municipal;ativa;geral;nao;RUA ALCOBACA, 1127 ANCHIETA. 21645-001 Rio de Janeiro - RJ.
33087164;0622025 EM LUCIO DE MENDONCA;-22.81761667;-43.40045833;infantil|fundamental_i;municipal;ativa;geral;nao;RUA ITAJACE, 34 ANCHIETA. 21645-310 Rio de Janeiro - RJ.
33086966;0622026 EM CLAUDIO GANNS;-22.82735550;-43.41660010;infantil|fundamental_i;municipal;ativa;geral;nao;RUA JAGUARA, 203 ANCHIETA. 21630-200 Rio de Janeiro - RJ.
33087113;0622027 EM HILDEGARDO DE NORONHA;-22.88527560;-43.47212870;infantil|fundamental_i;municipal;ativa;geral;nao;RUA NAGOIA, 00 ANCHIETA. 21655-540 Rio de Janeiro - RJ.
33086524;0622201 CIEP POETA FERNANDO PESSOA;-22.82908198;-43.41887173;fundamental_i|fundamental_ii;municipal;ativa;geral;nao;RUA SILVESTRE FILIPPI, S/N PARQUE ANCHIETA. 21635-430 Rio de Janeiro - RJ.
33086486;0622202 CIEP GENERAL AUGUSTO CESAR SANDINO;-22.83504740;-43.41499750;infantil;municipal;ativa;geral;nao;RUA OTACILIO PEDRO VASCO, S/N PARQUE ANCHIETA. 21635-380 Rio de Janeiro - RJ.
33086516;0622203 CIEP OSWALD DE ANDRADE;-22.83303800;-43.39868130;fundamental_i|fundamental_ii;municipal;ativa;geral;nao;PRACA ZELMA PEREIRA PAZ, S/N PARQUE ANCHIETA. 21625-460 Rio de Janeiro - RJ.
33086508;0622204 CIEP JOAO DO RIO;-22.84470828;-43.36556065;infantil|fundamental_i|fundamental_ii;municipal;ativa;geral;nao;RUA PINHEIRO BITTENCOURT, S/N GUADALUPE. 21675-130 Rio de Janeiro - RJ.
33136955;0622601 CM JOSE GOULART;-22.82719131;-43.39472340;infantil;municipal;ativa;geral;nao;RUA LUIZ CARLOS PRESTES, S/N ANCHIETA. 21645-370 Rio de Janeiro - RJ.
33147361;0622602 CM SILVIO AMANCIO;-22.82549500;-43.38754000;infantil;municipal;ativa;geral;nao;RUA SEVERINO DE OLIVEIRA, SN ANCHIETA. 21645-560 Rio de Janeiro - RJ.
33158070;0622603 CM YARA AMARAL;-22.82020850;-43.38669628;infantil;municipal;ativa;geral;nao;RUA JOAO ALFREDO DE FREITAS, S/N ANCHIETA. 21655-430 Rio de Janeiro - RJ.
33087024;0622801 EDI ERNANI CARDOSO;-22.83987667;-43.38071667;infantil;municipal;ativa;geral;nao;RUA FRANCOLIN, 50 GUADALUPE. 21660-130 Rio de Janeiro - RJ.
33086931;0622802 EDI PROFESSORA MILTOLINA DA SILVA;-22.85042580;-43.37560790;infantil;municipal;ativa;geral;nao;RUA JORNALISTA HERMANO REQUIAO, SN GUADALUPE. 21670-360 Rio de Janeiro - RJ.
33179590;0622804 EDI MEDALHISTA PARALIMPICO DANIEL MARTINS;-22.83483333;-43.39312500;infantil;municipal;ativa;geral;nao;RUA GENOVA, 199 RICARDO DE ALBUQUERQUE. 21640-190 Rio de Janeiro - RJ.
33179611;0622805 EDI MEDALHISTA OLIMPICO MAURICIO LUIZ DE SOUZA;-22.81333247;-43.37876222;infantil;municipal;ativa;geral;nao;RUA LEOPOLDINA BORGES, S/N ANCHIETA. 21630-240 Rio de Janeiro - RJ.
33087245;0622809 EDI NORONHA SANTOS;-22.83685273;-43.39936391;infantil;municipal;ativa;geral;nao;R UMBUZEIRO, 455 FUNDOS. RIC DE ALBUQUERQUE. 21620-610 Rio de Janeiro - RJ.
33086885;0622810 EDI ANTONIO FRANCISCO LISBOA;-22.83374167;-43.37334000;infantil;municipal;ativa;geral;nao;R ENEAS MARTINS, 948 GUADALUPE. 21660-320 Rio de Janeiro - RJ.
33086826;0622811 EDI ABRAHAM LINCOLN;-22.82886930;-43.40014200;infantil;municipal;ativa;geral;nao;ESTRADA MARECHAL ALENCASTRO, S/N ANCHIETA. 21625-001 Rio de Janeiro - RJ.
33088217;0625001 EM ALIPIO MIRANDA RIBEIRO;-22.83625980;-43.35886380;fundamental_i|fundamental_ii;municipal;ativa;geral;nao;R AGENOR PORTO, S N COELHO NETO. 21511-490 Rio de Janeiro - RJ.
33088276;0625003 EM MONTE CASTELO;-22.82940090;-43.34868230;fundamental_ii;municipal;ativa;geral;nao;RUA OUSELEY, S/N COELHO NETO. 21530-170 Rio de Janeiro - RJ.
33087075;0625004 EM GENERAL OSORIO;-22.82905122;-43.34632142;fundamental_i|fundamental_ii;municipal;ativa;geral;nao;AV BRASIL, 19462 COELHO NETO. 21530-000 Rio de Janeiro - RJ.
33088233;0625005 EM CHARLES ANDERSON WEAVER;-22.82889128;-43.35193713;fundamental_ii;municipal;ativa;geral;nao;RUA GENERAL CARLOS PACHECO AVILA, SN FAZENDA BOTAFOGO. COELHO NETO. 21530-150 Rio de Janeiro - RJ.
33088250;0625006 EM ERICO VERISSIMO;-22.82519599;-43.35186519;fundamental_i|fundamental_ii;municipal;ativa;geral;nao;RUA BRIGADEIRO OVIDIO BERALDO, 255 FAZ BOTAFOGO. COELHO NETO. 21530-130 Rio de Janeiro - RJ.
33088314;0625008 EM VIRGILIO FRANCISCO MONTEIRO;-22.82695709;-43.35277984;fundamental_i;municipal;ativa;geral;nao;R ENDER, 180 ACARI. 21530-160 Rio de Janeiro - RJ.
33088241;0625009 EM CORNELIO PENA;-22.82592117;-43.33954993;fundamental_i;municipal;ativa;geral;nao;AVENIDA BRASIL, 18476 COELHO NETO. 21530-000 Rio de Janeiro - RJ.
33087318;0625011 EM PROFESSOR ESCRAGNOLLE DORIA;-22.82082086;-43.36182542;fundamental_i;municipal;ativa;geral;nao;RUA GIL EANES, 76 COSTA BARROS. 21532-210 Rio de Janeiro - RJ.
33087059;0625013 EM FERNANDO RODRIGUES DA SILVEIRA;-22.82693680;-43.37079070;fundamental_ii;municipal;ativa;geral;nao;RUA JOSE DA CRUZ RAJO, S/N COSTA BARROS. 21650-220 Rio de Janeiro - RJ.
33086834;0625014 EM ALBERTO JOSE SAMPAIO;-22.80791720;-43.37225490;fundamental_ii;municipal;ativa;geral;nao;RUA INHUMAY, S/N PAVUNA. 21520-250 Rio de Janeiro - RJ.
33087210;0625015 EM MAX FLEIUSS;-22.80874422;-43.37063279;fundamental_i;municipal;ativa;geral;nao;PRACA NOSSA SENHORA DAS DORES, S/N PAVUNA. 21520-300 Rio de Janeiro - RJ.
33087229;0625016 EM MESTRE VALENTIM;-22.81717763;-43.38586085;infantil|fundamental_i;municipal;ativa;geral;nao;RUA JORNALISTA MARIO LISBOA, 127 PAVUNA. 21655-460 Rio de Janeiro - RJ.
33087091;0625017 EM GRANDJEAN DE MONTIGNY;-22.81407810;-43.37405170;infantil|fundamental_i;municipal;ativa;geral;nao;PC DOS UCRANIANOS, SN PAVUNA. 21650-480 Rio de Janeiro - RJ.
33086982;0625018 EM COMANDANTE ARNALDO VARELLA;-22.81329142;-43.37656949;fundamental_ii;municipal;ativa;geral;nao;CHRISOSTOMO PIMENTEL DE OLIVEIRA, 2505 PAVUNA. 21650-001 Rio de Janeiro - RJ.
33087032;0625019 EM ESCULTOR LEAO VELLOSO;-22.81619545;-43.36085486;fundamental_ii;municipal;ativa;geral;nao;RUA DR JOSE THOMAS, 1000 PAVUNA. 21520-020 Rio de Janeiro - RJ.
33086907;0625020 EM ARTUR AZEVEDO;-22.81057323;-43.35664901;fundamental_i|fundamental_ii;municipal;ativa;geral;nao;RUA SARGENTO ANTONIO ERNESTO, SN. PAVUNA. 21520-460 Rio de Janeiro - RJ.
33087270;0625021 EM OCTAVIO TARQUINIO DE SOUZA;-22.81048880;-43.35711120;infantil|fundamental_i;municipal;ativa;geral;nao;RUA SARGENTO ANTONIO ERNESTO, SN PAVUNA. 21520-460 Rio de Janeiro - RJ.
33087180;0625022 EM MANUEL DE ABREU;-22.80376590;-43.35728765;fundamental_i;municipal;ativa;geral;nao;RUA AUTA DE SOUZA, 00000 SEM NUMERO. PAVUNA. 21525-530 Rio de Janeiro - RJ.
33088306;0625023 EM THOMAS JEFFERSON;-22.81979300;-43.35237120;infantil|fundamental_i;municipal;ativa;geral;nao;AVENIDA PASTOR MARTIN LUTHER KING JR, ACARI. 21530-014 Rio de Janeiro - RJ.
33086842;0625024 EM ALEXANDRE DE GUSMAO;-22.81617650;-43.33982660;infantil|fundamental_i;municipal;ativa;geral;nao;R FAUSTO E CASTRO, SN PARQUE COLUMBIA. 21535-130 Rio de Janeiro - RJ.
33087261;0625025 EM OTAVIO KELLY;-22.80808610;-43.35807900;fundamental_i;municipal;ativa;geral;nao;PCA ENIO, SN PAVUNA. 21520-410 Rio de Janeiro - RJ.
33087040;0625026 EM EUGENIA DUTRA HAMANN;-22.81725680;-43.35254830;fundamental_i;municipal;ativa;geral;nao;RUA BELEM DA CACHOEIRA, 89 PAVUNA. 21521-330 Rio de Janeiro - RJ.
33088225;0625027 EM ANDREA FONTES PEIXOTO;-22.81621880;-43.34030150;fundamental_i|fundamental_ii;municipal;ativa;geral;nao;RUA FAUSTO E CASTRO, SN PARQUE COLUMBIA. 21535-130 Rio de Janeiro - RJ.
33087008;0625028 EM DEPUTADO HILTON GAMA;-22.80800130;-43.35786250;fundamental_ii;municipal;ativa;geral;nao;PRACA ENIO, S / N PAVUNA. 21520-410 Rio de Janeiro - RJ.
33087130;0625029 EM JOSE PEDRO VARELA;-22.81883000;-43.36075000;infantil|fundamental_i|fundamental_ii;municipal;ativa;geral;nao;PCA CAMPOS DO JORDAO, S/N PAVUNA. 21532-140 Rio de Janeiro - RJ.
33086940;0625030 EM TELEMACO GONCALVES MAIA;-22.80667260;-43.35851420;fundamental_ii;municipal;ativa;geral;nao;PRACA ENIO, S/N PAVUNA. 21520-410 Rio de Janeiro - RJ.
33087148;0625031 EM LEVY MIRANDA;-22.81527400;-43.37759800;fundamental_ii;municipal;ativa;geral;nao;R IGUABA GRANDE, 313 PAVUNA. 21655-340 Rio de Janeiro - RJ.
33086869;0625032 EM ALZIRO ZARUR;-22.81716511;-43.37914298;infantil|fundamental_i;municipal;ativa;geral;nao;R DORES DO TURVO, 90 PROJETADA A L 6. PAVUNA. 21655-220 Rio de Janeiro - RJ.
33087369;0625033 EM ZILDA NUNES DA COSTA;-22.81790917;-43.37337465;infantil|fundamental_i|fundamental_ii;municipal;ativa;geral;nao;RUA IGUABA GRANDE, 370 VILLAGE PAVUNA. PAVUNA. 21655-340 Rio de Janeiro - RJ.
33088284;0625034 EM MOTORISTA PASCHOAL ANDRE;-22.82010321;-43.37754108;infantil|fundamental_i;municipal;ativa;geral;nao;PRACA SOLDADO RUBEM GALVAO, SN PAVUNA. 21650-490 Rio de Janeiro - RJ.
33139792;0625035 EM PREFEITO MARCOS TAMOYO;-22.81519732;-43.36434469;infantil|fundamental_i|fundamental_ii;municipal;ativa;geral;nao;RUA ARY VILLAR, SN PAVUNA. 21520-860 Rio de Janeiro - RJ.
33167494;0625041 EM JORNALISTA E ESCRITOR DANIEL PIZA;-22.82383200;-43.35336800;fundamental_ii;municipal;ativa;geral;nao;PREFEITO SA LESSA, 300 COELHO NETO. 21530-040 Rio de Janeiro - RJ.
33175799;0625042 EM TEMISTOCLES DALMACIO PEREIRA;-22.83325830;-43.36808290;fundamental_i;municipal;ativa;geral;nao;ESTRADA ALMIRANTE SANTIAGO DANTAS, S/N BARROS FILHO. 21665-210 Rio de Janeiro - RJ.
33088080;0625204 CIEP RUBENS GOMES;-22.82620000;-43.36860000;infantil|fundamental_i;municipal;ativa;geral;nao;RUA FUNCIONARIO MESTRE MACEDO, S/N COSTA BARROS. 21650-310 Rio de Janeiro - RJ.
33088071;0625205 CIEP ANTONIO CANDEIA FILHO;-22.82965000;-43.34448667;infantil|fundamental_i|fundamental_ii;municipal;ativa;geral;nao;AVENIDA BRASIL, S/N ACARI. 21530-000 Rio de Janeiro - RJ.
33086478;0625206 CIEP ANTON MAKARENKO;-22.82122946;-43.36871933;infantil|fundamental_i;municipal;ativa;geral;nao;ESTRADA BOTAFOGO, SN COSTA BARROS. 21532-200 Rio de Janeiro - RJ.
33088063;0625501 CIEP DOUTOR ADAO PEREIRA NUNES;-22.82550635;-43.33714566;infantil|fundamental_i;municipal;ativa;geral;nao;AVENIDA BRASIL, 18.476 IRAJA. 21530-000 Rio de Janeiro - RJ.
33100365;0625502 CIEP ZUMBI DOS PALMARES;-22.82662363;-43.35612823;infantil|fundamental_i;municipal;ativa;geral;nao;RUA ARNALDO GUINLE, S/N ACARI. 21530-020 Rio de Janeiro - RJ.
33086494;0625503 CIEP GLAUBER ROCHA;-22.81095800;-43.35367540;infantil|fundamental_i|fundamental_ii;municipal;ativa;geral;nao;RUA FREI VICENTE, S/N PAVUNA. 21520-470 Rio de Janeiro - RJ.
33095604;0625601 CM OS SABIDINHOS;-22.81241418;-43.34395906;infantil;municipal;ativa;geral;nao;RUA ALFONSO ORTIZ TIRADO, S/N PARQUE COLUMBIA. 21535-320 Rio de Janeiro - RJ.
33096171;0625602 CM PROFESSORA JUREMA GOMES SAMPAIO DELFIM;-22.82208800;-43.35968690;infantil;municipal;ativa;geral;nao;RUA RAINHA DA PAZ, 33 COSTA BARROS. 21530-000 Rio de Janeiro - RJ.
33129380;0625603 CM DR ALBERT SABIN;-22.83076084;-43.37217461;infantil;municipal;ativa;geral;nao;ESTRADA DO CAMBOATA, 4040 COSTA BARROS. 21650-100 Rio de Janeiro - RJ.
33121362;0625604 CM HERBERT DE SOUZA - BETINHO;-22.83671480;-43.34830840;infantil;municipal;ativa;geral;nao;MACABU, 55 COELHO NETO. 21510-540 Rio de Janeiro - RJ.
33096163;0625605 CM LUIS CARLOS PRESTES;-22.81854720;-43.38007470;infantil;municipal;ativa;geral;nao;RUA BRITANIA, 17 CAMINHO DO JOB. PAVUNA. 21655-140 Rio de Janeiro - RJ.
33124868;0625606 CM LUIS DE SOUZA DA COSTA BARROS;-22.82077438;-43.36553228;infantil;municipal;ativa;geral;nao;ESTRADA DE BOTAFOGO, S/N COSTA BARROS. 21532-200 Rio de Janeiro - RJ.
33129398;0625607 CM LUIZA DE BARROS DE SA FREIRE;-22.82004618;-43.36179931;infantil;municipal;ativa;geral;nao;ESTRADA BOTAFOGO, S/N COSTA BARROS. 21532-200 Rio de Janeiro - RJ.
33096201;0625608 CM MAJOR CELESTINO R DOS SANTOS;-22.82573354;-43.33837026;infantil;municipal;ativa;geral;nao;AVENIDA BRASIL, 18476 IRAJA. 21530-000 Rio de Janeiro - RJ.
33096155;0625609 CM SONIA MARIA DE M ANGEL JONES;-22.81352606;-43.35290574;infantil;municipal;ativa;geral;nao;ACESSO CALDENSE, 253 PAVUNA. 21520-710 Rio de Janeiro - RJ.
33122458;0625610 CM ZUZU ANGEL;-22.83878390;-43.34317320;infantil;municipal;ativa;geral;nao;PRACA ZUINARA, S/N COELHO NETO. 21545-330 Rio de Janeiro - RJ.
33158088;0625611 CM ZILKA SALABERRY;-22.82431000;-43.34572830;infantil;municipal;ativa;geral;nao;RUA PIRACAMBU, 590 ACARI. 21531-020 Rio de Janeiro - RJ.
33158096;0625612 CM YEDDA MARQUES LAMOUNIER DE ANDRADE MACIEL;-22.82600910;-43.34295755;infantil;municipal;ativa;geral;nao;RUA OLARIA, S/N ACARI. 21531-090 Rio de Janeiro - RJ.
33158100;0625614 CM SIMONE DE BEAUVOIR;-22.81773257;-43.36710251;infantil;municipal;ativa;geral;nao;RUA SERGIO SIQUEIRA DE MACEDO, 420 QUITANDA. PAVUNA. 21510-640 Rio de Janeiro - RJ.
33158118;0625615 CM EDNA LOTTE;-22.82359602;-43.33913889;infantil;municipal;ativa;geral;nao;COMPOSITOR MANOEL EUZEBIO, S/N ACARI. 21531-302 Rio de Janeiro - RJ.
33467250;0625616 CM PROFESSOR ROGERIO PEDRO BATISTA;-22.82522410;-43.35268240;infantil;municipal;ativa;geral;nao;RUA CRISTOVAO XAVIER LOPES, 120 COELHO NETO. 21530-120 Rio de Janeiro - RJ.
33187592;0625701 CENTRO DE EDUCACAO DE JOVENS E ADULTOS CEJA - ACARI;-22.82920720;-43.34879890;;municipal;ativa;geral;nao;RUA OUSELEY, S/N COELHO NETO. 21530-170 Rio de Janeiro - RJ.
33160937;0625801 EDI PROFESSORA ROSENICE ROCHA ROQUE;-22.83810820;-43.36777780;infantil;municipal;ativa;geral;nao;RUA DAS AMENDOAS, S/N BARROS FILHO. 21660-100 Rio de Janeiro - RJ.
33160945;0625802 EDI WESLEY GUILBER RODRIGUES DE ANDRADE;-22.82107580;-43.36868570;infantil;municipal;ativa;geral;nao;ESTRADA DE BOTAFOGO, S/N COSTA BARROS. 21532-200 Rio de Janeiro - RJ.
33144397;0625803 EDI PROFESSORA BEATRIZ DE SOUZA MADEIRA;-22.82436540;-43.36111200;infantil;municipal;ativa;geral;nao;RUA DARWIN BRANDAO, S/N COSTA BARROS. 21515-210 Rio de Janeiro - RJ.
33163570;0625804 EDI PROFESSORA HELIA LUCIA MORENO FERREIRA;-22.82098138;-43.36143600;infantil;municipal;ativa;geral;nao;GIL EANES, S/N PAVUNA. 21532-210 Rio de Janeiro - RJ.
33088268;0625805 EDI FIRMINO COSTA;-22.83568760;-43.35955990;infantil;municipal;ativa;geral;nao;PC ROCHA VAZ, S/N COELHO NETO. 21511-480 Rio de Janeiro - RJ.
33088292;0625806 EDI ANA DE BARROS CAMARA;-22.82871419;-43.34874026;infantil;municipal;ativa;geral;nao;RUA THEREMIN, SN ACARI. 21530-290 Rio de Janeiro - RJ.
33087067;0625807 EDI FROTA PESSOA;-22.82393220;-43.37326430;infantil;municipal;ativa;geral;nao;RUA ACATAIA, 205 COSTA BARROS. 21650-510 Rio de Janeiro - RJ.
33088012;0625808 EDI DEPUTADO PEDRO FERNANDES FILHO;-22.82714032;-43.35285570;infantil;municipal;ativa;geral;nao;R ENDER, 180 FAZ BOTAGOGO. ACARI. 21530-160 Rio de Janeiro - RJ.
33088055;0625809 EDI SEBASTIAO TAVARES DO NASCIMENTO;-22.82144430;-43.36062660;infantil;municipal;ativa;geral;nao;R NOSSA SRA DO AMPARO, S/N PEDREIRA. COSTA BARROS. 21530-000 Rio de Janeiro - RJ.
33088039;0625810 EDI PROFESSORA MARISE GARCIA MIRANDA;-22.81703790;-43.35414310;infantil;municipal;ativa;geral;nao;ALAMEDA 26 DOS CANARIOS, S/N PAVUNA. 21521-380 Rio de Janeiro - RJ.
33088020;0625811 EDI ANA MARIA CRISTINA MARQUES RIBEIRO;-22.82959890;-43.35248050;infantil;municipal;ativa;geral;nao;RUA GENESIO PIRES, S/N FAZ BOTAFOGO. COELHO NETO. 21530-060 Rio de Janeiro - RJ.
33073953;0625812 EDI AMARELINHO;-22.82607804;-43.33922354;infantil;municipal;ativa;geral;nao;AVENIDA BRASIL, 18476 COELHO NETO. 21530-000 Rio de Janeiro - RJ.
33167907;0625813 EDI PROFESSORA GRACILIA ROSA DE BELEM MAYOR;-22.81212867;-43.36453181;infantil;municipal;ativa;geral;nao;CAPITAO GOUVEIA, S/N PAVUNA. 21520-030 Rio de Janeiro - RJ.
33171025;0625814 EDI PROFESSORA ROSEANE VASCONCELOS;-22.83271666;-43.36741952;infantil;municipal;ativa;geral;nao;ESTRADA ALMIRANTE SANTIAGO DANTAS, S/N BARROS FILHO. 21665-210 Rio de Janeiro - RJ.
33175730;0625815 EDI PROFESSORA KRISTINA ROMOLO KIFFER;-22.82491512;-43.35857717;infantil;municipal;ativa;geral;nao;RUA PROJETADA, S/N ACARI. 21530-180 Rio de Janeiro - RJ.
33171033;0625816 EDI PROFESSORA REGINA CELI RABELO DE ALMEIDA;-22.81416220;-43.35455920;infantil;municipal;ativa;geral;nao;RUA GENERAL JOSE JOAQUIM FERREIRA, S/N PAVUNA. 21525-830 Rio de Janeiro - RJ.
33175748;0625818 EDI MARIA EUGENIA CANELHAS;-22.81720730;-43.37251671;infantil;municipal;ativa;geral;nao;RUA MONSENHOR LADEIRA, 110 PAVUNA. 21650-330 Rio de Janeiro - RJ.
33175756;0625819 EDI MARIZA ALVES PIMENTA;-22.82009868;-43.37641416;infantil;municipal;ativa;geral;nao;RUA TOCANTINS, 27 PAVUNA. 21650-230 Rio de Janeiro - RJ.
33095485;07001 - OBRAS SOCIAS NOVO PALMARES;-22.98973740;-43.46074832;infantil;privada;ativa;geral;sim;RUA IPE-MIRIM, 10 VARGEM PEQUENA. 22783-409 Rio de Janeiro - RJ.
33095531;07002 - CRECHE CANTINHO FELIZ I;-22.99718420;-43.49501627;infantil;privada;ativa;geral;sim;ESTRADA VEREADOR ALCEU DE CARVALHO, 461 VARGEM GRANDE. 22785-620 Rio de Janeiro - RJ.
33095558;07003 - CRECHE ESCOLA MAE ASTERIA;-22.91122472;-43.40667087;infantil;privada;ativa;geral;sim;ESTRADA DA BOIUNA, 1367 TAQUARA. 22723-021 Rio de Janeiro - RJ.
33106410;07004 - ASSOCIACAO REDE CRUZADA - CASA EMILIEN LACAY;-22.93922683;-43.35392020;infantil;privada;ativa;geral;sim;RUA EDGARD WERNECK, 420 PECHINCHA. 22763-010 Rio de Janeiro - RJ.
33121028;07007 - SEMENTE DE AMOR;-22.94311771;-43.35544916;infantil;privada;ativa;geral;sim;RUA EDGARD WERNECK, 846 PECHINCHA. 22763-010 Rio de Janeiro - RJ.
33127115;07010 - CRECHE NOVA ESPERANCA;-22.93888693;-43.32740706;infantil;privada;ativa;geral;sim;RUA TIROL, 1571 FREGUESIA. JACAREPAGUA. 22750-002 Rio de Janeiro - RJ.
33144583;07011 - CRECHE RITA ALEXANDRINA FERREIRA;-23.00134364;-43.44374568;infantil;privada;ativa;geral;sim;RUA SERVIDAO G, 46 BARRA DA TIJUCA. 22790-495 Rio de Janeiro - RJ.
33160252;07013 - ESPACO DE EDUCACAO INFANTIL CIDADE DE DEUS;-22.95260739;-43.36534871;infantil;privada;ativa;geral;sim;AVENIDA CIDADE DE DEUS, SEM NUMERO QUADRA 6. CIDADE DE DEUS. 22773-200 Rio de Janeiro - RJ.
33123942;07014 - CENTRO INTEGRADO SAO JOSE;-22.94746000;-43.35955000;infantil;privada;ativa;geral;sim;RUA EDGARD WERNECK, 1615 CIDADE DE DEUS. 22763-011 Rio de Janeiro - RJ.
33165785;07015 - CRECHE CANTINHO FELIZ II;-22.98712809;-43.49727458;infantil;privada;ativa;geral;sim;PRACA VARGEM GRANDE, LOTE 52. VARGEM GRANDE. 22785-610 Rio de Janeiro - RJ.
33178216;07017 - CRECHE RAIMUNDA NONATA DA SILVA;-23.00058067;-43.44002467;infantil;privada;ativa;geral;sim;AVENIDA CELIA RIBEIRO DA SILVA MENDES, 92 A. RECREIO DOS BANDEIRANTES. 22790-711 Rio de Janeiro - RJ.
33152373;07018 - CRECHE SANTANA IRMA ANCILA;-22.91136081;-43.36555492;infantil;privada;ativa;geral;sim;RUA GODOFREDO VIANA, 64 TANQUE. 22730-020 Rio de Janeiro - RJ.
33165360;07019 - JARDIM ESCOLA TURMINHA DA ARCA - JETA;-22.96362676;-43.34738555;infantil;privada;ativa;geral;sim;AVENIDA ISABEL DOMINGUES, 78 GARDENIA AZUL. 22763-627 Rio de Janeiro - RJ.
33184178;07020 - CENTRO EDUCACIONAL CRESCENDO E APRENDENDO;-22.95729474;-43.35356961;infantil;privada;ativa;geral;sim;AVENIDA DAS LAGOAS, 755 C. DA ESPERANCA 23. GARDENIA AZUL. 22765-455 Rio de Janeiro - RJ.
33193177;07025 - INSTITUTO CONSUELO PINHEIRO;-22.94830783;-43.35903789;infantil;privada;ativa;geral;sim;RUA MOISES, 33 CIDADE DE DEUS. 22763-275 Rio de Janeiro - RJ.
33194912;07027 - CRECHE MUNDO MAGICO I;-22.98694063;-43.29573376;infantil;privada;ativa;geral;sim;RUA MARIA ALICE, 85 ITANHANGA. 22641-370 Rio de Janeiro - RJ.
33194890;07034 - INSTITUTO EDUCACIONAL DIVA ALVES;-22.95329735;-43.37897220;infantil;privada;ativa;geral;sim;RUA DO CASTOR, 295 CURICICA. 22780-794 Rio de Janeiro - RJ.
33195080;07035 - AEMMAC - ASSOCIACAO EDUCACIONAL MARIA M DE APOIO A CIDADANIA;-22.95055693;-43.34142211;infantil;privada;ativa;geral;sim;AVENIDA TENENTE CORONEL MUNIZ DE ARAGAO, 219 ANIL. 22765-003 Rio de Janeiro - RJ.
33077894;0716001 EM FRANCIS HIME;-22.91885130;-43.41644320;fundamental_i|fundamental_ii;municipal;ativa;geral;nao;ESTR DO PAU DA FOME, 196 TAQUARA. 22723-497 Rio de Janeiro - RJ.
33078092;0716002 EM LUIZ CAMILLO;-22.91463160;-43.42171660;infantil|fundamental_i;municipal;ativa;geral;nao;ESTR RIO PEQUENO, 656 JACAREPAGUA. 22723-190 Rio de Janeiro - RJ.
33077991;0716003 EM JORNALISTA CAMPOS RIBEIRO;-22.96357142;-43.40854031;fundamental_ii;municipal;ativa;geral;nao;RUA HUGO THOMPSON NOGUEIRA, S/N CAMORIM. JACAREPAGUA. 22780-290 Rio de Janeiro - RJ.
33078041;0716004 EM JULIANO MOREIRA;-22.93593480;-43.39238760;infantil|fundamental_i|fundamental_ii;municipal;ativa;geral;nao;ESTR RODRIGUES CALDAS, 3400 TAQUARA. 22713-375 Rio de Janeiro - RJ.
33077681;0716005 EM ADALGISA MONTEIRO;-22.97259416;-43.32746264;fundamental_i|fundamental_ii;municipal;ativa;geral;nao;ESTR BOUGAINVILLE, 346 RIO DAS PEDRAS - JACAREPAGUA. 22753-210 Rio de Janeiro - RJ.
33077827;0716006 EM DESEMBARGADOR NEY PALMEIRO;-22.96896290;-43.41294140;fundamental_i;municipal;ativa;geral;nao;RUA IGARAPE ACU, 340 JACAREPAGUA. 22783-140 Rio de Janeiro - RJ.
33077886;0716007 EM FINLANDIA;-22.97184830;-43.41009000;fundamental_ii;municipal;ativa;geral;nao;AV CANAL DO RIO CACAMBE, 392 JACAREPAGUA. 22783-020 Rio de Janeiro - RJ.
33078122;0716008 EM MANO DECIO DA VIOLA;-22.95161430;-43.37835710;fundamental_i;municipal;ativa;geral;nao;ZUMBA, S/N IV CENTENARIO. TAQUARA. 22775-505 Rio de Janeiro - RJ.
33077819;0716009 EM DENISE MARIA TORRES;-22.92067213;-43.40813904;infantil|fundamental_i;municipal;ativa;geral;nao;RUA DAS PASTORINHAS, S/N JACAREPAGUA. 22723-260 Rio de Janeiro - RJ.
33078157;0716010 EM MARIA FLORINDA PAIVA DA CRUZ;-22.95184966;-43.33310626;fundamental_i|fundamental_ii;municipal;ativa;geral;nao;RUA OSCAR LOPES, S/N JACAREPAGUA. 22755-140 Rio de Janeiro - RJ.
33078114;0716011 EM MARECHAL CANROBERT PEREIRA DA COSTA;-22.95563040;-43.34065720;fundamental_ii;municipal;ativa;geral;nao;ESTRADA DO ENGENHO DAGUA, S/N ANIL. 22765-240 Rio de Janeiro - RJ.
33078360;0716012 EM VICTOR HUGO;-22.96363490;-43.33865680;fundamental_ii;municipal;ativa;geral;nao;R DOM CASMURRO, S/N JACAREPAGUA. 22753-390 Rio de Janeiro - RJ.
33078181;0716013 EM NATURALISTA AUGUSTO RUSCHI;-22.95564560;-43.34146520;fundamental_i;municipal;ativa;geral;nao;RUA SOLDADO LUIZ GONZAGA, S/N JACAREPAGUA. 22765-350 Rio de Janeiro - RJ.
33078289;0716014 EM PROFESSORA HELENA LOPES ABRANCHES;-22.96086118;-43.35308642;infantil|fundamental_i;municipal;ativa;geral;nao;RUA ACAPORI, 495 JACAREPAGUA. 22765-650 Rio de Janeiro - RJ.
33077835;0716025 EM EDGARD WERNECK;-22.93865700;-43.34263730;infantil|fundamental_i;municipal;ativa;geral;nao;RUA MAMORE, 76 FUNDOS. JACAREPAGUA. 22760-080 Rio de Janeiro - RJ.
33078165;0716026 EM MENEZES CORTES;-22.94295535;-43.33901185;fundamental_ii;municipal;ativa;geral;nao;PRACA JOSE ALVES DE AZEVEDO, 43 FREGUESIA. JACAREPAGUA. 22755-190 Rio de Janeiro - RJ.
33077673;0716027 EM 25 DE ABRIL;-22.93831480;-43.34254610;fundamental_i|fundamental_ii;municipal;ativa;geral;nao;RUA MAMORE, 78 FREGUESIA. 22760-080 Rio de Janeiro - RJ.
33078211;0716028 EM PAROQUIAL NOSSA SENHORA DO LORETO;-22.93970990;-43.34568903;infantil|fundamental_i;municipal;ativa;geral;nao;LADEIRA DA FREGUESIA, S/N FREGUESIA. 22760-090 Rio de Janeiro - RJ.
33078378;0716029 EM VIRGILIO VARZEA;-22.93256000;-43.35139667;infantil|fundamental_i;municipal;ativa;geral;nao;RUA JOSE SILVA, 155 PECHINCHA. 22743-080 Rio de Janeiro - RJ.
33078050;0716030 EM DORCELINA GOMES DA COSTA;-22.94149120;-43.36048440;fundamental_ii;municipal;ativa;geral;nao;RUA MINISTRO GABRIEL DE PIZA, 544 JACAREPAGUA. 22770-360 Rio de Janeiro - RJ.
33077924;0716031 EM GENERAL JOAO MENDONCA LIMA;-22.92378830;-43.35466760;fundamental_ii;municipal;ativa;geral;nao;RUA ALBERTO PASQUALINI, 455 JACAREPAGUA. 22740-250 Rio de Janeiro - RJ.
33077789;0716032 EM COMPOSITOR LUIZ GONZAGA;-22.94973776;-43.34994752;fundamental_i|fundamental_ii;municipal;ativa;geral;nao;RUA UBALDO SOARES FILHO, 128 FREGUESIA. 22763-100 Rio de Janeiro - RJ.
33078327;0716033 EM RIO DAS PEDRAS;-22.97343540;-43.32971630;fundamental_ii;municipal;ativa;geral;nao;ESTRADA DE JACAREPAGUA, 3335 ITANHANGA. 22753-212 Rio de Janeiro - RJ.
33077703;0716034 EM ALINA DE BRITTO;-22.95813526;-43.38344277;fundamental_i|fundamental_ii;municipal;ativa;geral;nao;ESTRADA DOS BANDEIRANTES, 4450 JACAREPAGUA. 22775-114 Rio de Janeiro - RJ.
33077665;0716035 EM SILVEIRA SAMPAIO;-22.95062167;-43.39050333;fundamental_ii;municipal;ativa;geral;nao;RUA JOSE PERROTA, 31 CURICICA. 22710-440 Rio de Janeiro - RJ.
33078084;0716036 EM LINCOLN BICALHO ROQUE;-22.94387504;-43.38464666;fundamental_i;municipal;ativa;geral;nao;RUA IPERO, SN JACAREPAGUA. 22710-200 Rio de Janeiro - RJ.
33078068;0716037 EM JULIO VERNE;-22.93054530;-43.36366300;fundamental_i;municipal;ativa;geral;nao;RUA DO RADIALISTA, 196 JACAREPAGUA. 22740-150 Rio de Janeiro - RJ.
33078238;0716038 EM PEDRO AMERICO;-22.92499916;-43.38366204;fundamental_i|fundamental_ii;municipal;ativa;geral;nao;PRACA SENTINELA, 12 TAQUARA. 22715-040 Rio de Janeiro - RJ.
33078386;0716039 EM VITOR MEIRELES;-22.93602310;-43.36844280;infantil|fundamental_i|fundamental_ii;municipal;ativa;geral;nao;R JOAQUIM INACIO FILHO, 29 JACAREPAGUA. 22770-620 Rio de Janeiro - RJ.
33077860;0716040 EM EUNICE WEAVER;-22.92440388;-43.38400033;fundamental_ii;municipal;ativa;geral;nao;RUA TRIBUNA, 47 JACAREPAGUA. 22715-120 Rio de Janeiro - RJ.
33077746;0716041 EM BARAO DA TAQUARA;-22.92239500;-43.37171500;fundamental_ii;municipal;ativa;geral;nao;AV NELSON CARDOSO, 1221 TAQUARA. 22730-001 Rio de Janeiro - RJ.
33078130;0716042 EM MARECHAL THAUMATURGO DE AZEVEDO;-22.91744820;-43.38688110;infantil|fundamental_i;municipal;ativa;geral;nao;R SALINOPOLIS, 191 TAQUARA. 22720-000 Rio de Janeiro - RJ.
33077932;0716043 EM GASTAO MONTEIRO MOUTINHO;-22.91167676;-43.39148236;infantil|fundamental_i|fundamental_ii;municipal;ativa;geral;nao;RUA DOS FISICOS, 520 JACAREPAGUA. 22723-545 Rio de Janeiro - RJ.
33078033;0716044 EM JUAN MONTALVO;-22.92273303;-43.37154499;infantil|fundamental_i;municipal;ativa;geral;nao;AV NELSON CARDOSO, 1221 FUNDOS. TAQUARA. 22730-001 Rio de Janeiro - RJ.
33077916;0716045 EM GENERAL CARLOS CAETANO MIRAGAYA;-22.91762167;-43.38671333;fundamental_ii;municipal;ativa;geral;nao;R SALINOPOLIS, 155 TAQUARA. 22720-000 Rio de Janeiro - RJ.
33078270;0716046 EM PROFESSORA FELICIDADE DE MOURA CASTRO;-22.93196663;-43.36537006;fundamental_ii;municipal;ativa;geral;nao;R MOACIR CAMPOS, SEM N PECHINCHA. 22740-190 Rio de Janeiro - RJ.
33077940;0716047 EM GOVERNADOR CARLOS LACERDA;-22.92937355;-43.37214223;fundamental_ii;municipal;ativa;geral;nao;RUA NACIONAL, 320 TAQUARA. 22710-091 Rio de Janeiro - RJ.
33078190;0716048 EM NELSON RODRIGUES;-22.93522110;-43.36981010;fundamental_ii;municipal;ativa;geral;nao;RUA FREI LUIS ALEVATO, S/N TAQUARA. 22710-325 Rio de Janeiro - RJ.
33078319;0716049 EM RENATO LEITE;-22.93363880;-43.36949647;infantil|fundamental_i|fundamental_ii;municipal;ativa;geral;nao;RUA CARLOS PALUT, 271 TAQUARA. 22710-310 Rio de Janeiro - RJ.
33078254;0716051 EM PROFESSOR AUGUSTO CONY;-22.91812140;-43.36481390;infantil|fundamental_i;municipal;ativa;geral;nao;AVENIDA NELSON CARDOSO, 352 JACAREPAGUA. 22730-000 Rio de Janeiro - RJ.
33078335;0716052 EM ROSA DO POVO;-22.91373380;-43.38008750;infantil|fundamental_i|fundamental_ii;municipal;ativa;geral;nao;RUA BOGARI, 65 TANQUE. 22723-625 Rio de Janeiro - RJ.
33078262;0716053 EM PROFESSORA DYLA SYLVIA DE SA;-22.93752333;-43.36450167;infantil|fundamental_i;municipal;ativa;geral;nao;R PAULO MOREIRA DA SILVA, 299 TAQUARA. 22770-210 Rio de Janeiro - RJ.
33078246;0716054 EM PIO X;-22.92309667;-43.36223500;fundamental_ii;municipal;ativa;geral;nao;RUA SERRA NEGRA, 103 JACAREPAGUA. 22735-270 Rio de Janeiro - RJ.
33078106;0716055 EM MAESTRO LORENZO FERNANDES;-22.91263667;-43.37150000;infantil|fundamental_i;municipal;ativa;geral;nao;RUA SAO CALIXTO, 179 TAQUARA. 22725-640 Rio de Janeiro - RJ.
33078203;0716056 EM NOEL NUTELS;-22.91319520;-43.37165990;fundamental_i|fundamental_ii;municipal;ativa;geral;nao;RUA SAO CALISTO, 509 JACAREPAGUA. 22725-640 Rio de Janeiro - RJ.
33077843;0716057 EM EMBAIXADOR DIAS CARNEIRO;-22.91911260;-43.36047490;infantil|fundamental_i|fundamental_ii;municipal;ativa;geral;nao;ESTRADA DA COVANCA, 20 LARGO DO TANQUE. 22735-020 Rio de Janeiro - RJ.
33077967;0716059 EM HONDURAS;-22.89679008;-43.35271823;fundamental_i;municipal;ativa;geral;nao;PRACA BARAO DE TAQUARA, 12 PRACA SECA. 21321-010 Rio de Janeiro - RJ.
33077592;0716060 EM DOM ARMANDO LOMBARDI;-22.89868390;-43.35171680;infantil|fundamental_i;municipal;ativa;geral;nao;PRACA SECA, 45 PRACA SECA. JACAREPAGUA. 21321-010 Rio de Janeiro - RJ.
33078173;0716061 EM MORVAN DE FIGUEIREDO;-22.90306506;-43.34677898;fundamental_i|fundamental_ii;municipal;ativa;geral;nao;RUA BARAO, 207 PRACA SECA. 21321-620 Rio de Janeiro - RJ.
33078025;0716062 EM JOSE JOAQUIM DE QUEIROZ JUNIOR;-22.89046000;-43.35518000;fundamental_i|fundamental_ii;municipal;ativa;geral;nao;RUA GUARAPES, 210 JACAREPAGUA. 21330-780 Rio de Janeiro - RJ.
33078351;0716063 EM SOBRAL PINTO;-22.89724140;-43.35421000;fundamental_ii;municipal;ativa;geral;nao;RUA BARAO, 1180 PRACA SECA. 21321-624 Rio de Janeiro - RJ.
33077762;0716065 EM CARLOS DE LAET;-22.88004266;-43.36696842;fundamental_i|fundamental_ii;municipal;ativa;geral;nao;RUA DAS CAMELIAS, 292 VILA VALQUEIRE. 21330-200 Rio de Janeiro - RJ.
33078017;0716066 EM JOSE ENRIQUE RODO;-22.88689637;-43.36740014;infantil|fundamental_i|fundamental_ii;municipal;ativa;geral;nao;RUA POCOS DE CALDAS, 209 VILA VALQUEIRE. 21321-570 Rio de Janeiro - RJ.
33077754;0716067 EM CANDIDO CAMPOS;-22.88206491;-43.36802138;fundamental_i|fundamental_ii;municipal;ativa;geral;nao;RUA ARICANGA, 310 VILA VALQUEIRE. 21330-130 Rio de Janeiro - RJ.
33078149;0716068 EM MARIA DA SILVA FRANCA;-22.89530656;-43.36703050;infantil|fundamental_i;municipal;ativa;geral;nao;RUA ANTONIO CARLOS PARANHOS, SEM NUMERO VILA VALQUEIRE. 21321-340 Rio de Janeiro - RJ.
33140090;0716069 EM JORGE AMADO;-22.97578560;-43.32837330;infantil|fundamental_i;municipal;ativa;geral;nao;ESTRADA DE JACAREPAGUA, 3145 FUNDOS. RIO DAS PEDRAS. 22753-212 Rio de Janeiro - RJ.
33142904;0716070 EEM PROFESSORA MARIA THEREZINHA DE CARVALHO MACHADO;-22.89739054;-43.35406924;fundamental_i;municipal;ativa;geral;nao;RUA BARAO, 1180 PRACA SECA. 21321-624 Rio de Janeiro - RJ.
33142912;0716071 EM POETA MARIO QUINTANA;-22.95330845;-43.34666013;infantil|fundamental_i;municipal;ativa;geral;nao;AV TEN.CEL MUNIZ DE ARAGAO, 896 ANIL. 22765-005 Rio de Janeiro - RJ.
33076804;0716072 EM MADRE TEREZA DE CALCUTA;-22.95327620;-43.37629360;infantil|fundamental_i;municipal;ativa;geral;nao;RUA CAUNGULA, 15 TAQUARA. 22775-410 Rio de Janeiro - RJ.
33146268;0716073 EM ROBERTO BURLE MARX;-22.96838880;-43.38987360;infantil|fundamental_i|fundamental_ii;municipal;ativa;geral;nao;RUA FRANZ WEISSMAN, 80 CURICICA. 22775-045 Rio de Janeiro - RJ.
33158010;0716075 EM CLAUDIO BESSERMAN VIANNA;-22.97334790;-43.32955960;fundamental_i;municipal;ativa;geral;nao;ESTRADA DE JACAREPAGUA, 3327 JACAREPAGUA. 22753-212 Rio de Janeiro - RJ.
33424217;0716076 EM OCTAVIO FRIAS DE OLIVEIRA;-22.95799670;-43.33665100;infantil|fundamental_i|fundamental_ii;municipal;ativa;geral;nao;ESTRADA DE JACAREPAGUA, 5679 ANIL / JACAREPAGUA. 22753-033 Rio de Janeiro - RJ.
33167508;0716077 EM PROFESSORA MARISA VARGAS MENEZES;-22.97321200;-43.33507550;fundamental_i;municipal;ativa;geral;nao;ESTRADA DE JACAREPAGUA, 5011 ANIL. 22753-033 Rio de Janeiro - RJ.
33171009;0716078 EM DOMINGOS PASCHOAL CEGALLA;-22.90067350;-43.35761910;fundamental_i;municipal;ativa;geral;nao;RUA ALBANO, 50 PRACA SECA. 22733-010 Rio de Janeiro - RJ.
33176876;0716079 EM AZERBAIJAO;-22.95420788;-43.34658562;fundamental_i|fundamental_ii;municipal;ativa;geral;nao;AVENIDA TENENTE-CORONEL MUNIZ DE ARAGAO, 1151 FUNDOS. ANIL. 22765-005 Rio de Janeiro - RJ.
33176868;0716080 EM ALEKSANDER HENRYK LAKS;-22.96263544;-43.34407175;fundamental_i|fundamental_ii;municipal;ativa;geral;nao;AVENIDA OTAVIO MALTA, 1201 ANIL - JACAREPAGUA. 22753-045 Rio de Janeiro - RJ.
33179034;0716081 EM ATILA NUNES NETO;-22.96467479;-43.34417351;fundamental_i;municipal;ativa;geral;nao;ESTRADA DOS CURIPOS, S/N ANIL/JACAREPAGUA. 22733-010 Rio de Janeiro - RJ.
33076928;0716203 CIEP PROFESSOR LAURO DE OLIVEIRA LIMA;-22.97306537;-43.33534733;fundamental_i|fundamental_ii;municipal;ativa;geral;nao;ESTRADA DE JACAREPAGUA, 5011 ANIL. 22753-033 Rio de Janeiro - RJ.
33076901;0716204 CIEP GOVERNADOR ROBERTO DA SILVEIRA;-22.97510000;-43.32801000;infantil|fundamental_i;municipal;ativa;geral;nao;ESTRADA DE JACAREPAGUA, 3145 JACAREPAGUA. 22753-212 Rio de Janeiro - RJ.
33094489;0716205 CIEP RUBENS PAIVA;-22.95333330;-43.38274900;fundamental_i|fundamental_ii;municipal;ativa;geral;nao;RUA PROFESSOR JOAO BRUNO LOBO, S/N CURICICA. 22780-805 Rio de Janeiro - RJ.
33076944;0716207 CIEP PABLO NERUDA;-22.92654540;-43.38797080;infantil|fundamental_i;municipal;ativa;geral;nao;ESTRADA DO MAPUA, 350 RUA 3 S/N. JACAREPAGUA. 22713-321 Rio de Janeiro - RJ.
33094560;0716210 CIEP DR JOAQUIM PIMENTA;-22.94497210;-43.37783410;fundamental_i|fundamental_ii;municipal;ativa;geral;nao;RUA VILA AURORA, SN CURICICA. 22710-025 Rio de Janeiro - RJ.
33094543;0716211 CIEP COMPOSITOR DONGA;-22.91558180;-43.40325128;infantil|fundamental_i|fundamental_ii;municipal;ativa;geral;nao;ESTRADA DA BOIUNA, 1005 TAQUARA / JACAREPAGUA. 22723-021 Rio de Janeiro - RJ.
33076898;0716501 CIEP CARLOS DRUMOND DE ANDRADE;-22.88969150;-43.34586980;fundamental_i|fundamental_ii;municipal;ativa;geral;nao;RUA CANDIDO BENICIO, SEM N AO LADO DA 28 DP. PRACA SECA. 22733-000 Rio de Janeiro - RJ.
33076880;0716502 CIEP ALMIR BONFIM DE ANDRADE;-22.88488619;-43.37232710;infantil|fundamental_i|fundamental_ii;municipal;ativa;geral;nao;RUA PORTO SANTANA, VILA VALQUEIRE. 21330-290 Rio de Janeiro - RJ.
33094551;0716503 CIEP DR ADELINO DA PALMA CARLOS;-22.90629870;-43.35687500;infantil|fundamental_i|fundamental_ii;municipal;ativa;geral;nao;RUA CANDIDO BENICIO, S/N MATO ALTO. PRACA SECA. 22733-000 Rio de Janeiro - RJ.
33144753;0716601 CM OTAVIO HENRIQUE DE OLIVEIRA;-22.97491100;-43.33118070;infantil;municipal;ativa;geral;nao;RUA VELHA, S/N JACAREPAGUA - RIO DAS PEDRAS. 22753-737 Rio de Janeiro - RJ.
33106762;0716602 CM TIA TEREZA;-22.91001052;-43.37153116;infantil;municipal;ativa;geral;nao;RUA A-JORDAO, 743 RUA JORDAO. TANQUE. 22725-541 Rio de Janeiro - RJ.
33126321;0716603 CM CRIANCA DO FUTURO;-22.94416168;-43.38442491;infantil;municipal;ativa;geral;nao;RUA IPERO, SN CURICICA. 22710-200 Rio de Janeiro - RJ.
33136823;0716604 CM GERMINIO DE SOUZA ESTRELA;-22.96046240;-43.35257070;infantil;municipal;ativa;geral;nao;RUA CAMPOSEMA, 495 GARDENIA AZUL. 22765-610 Rio de Janeiro - RJ.
33130370;0716605 CM SEMPRE VIDA NISE DA SILVEIRA;-22.94311380;-43.35211090;infantil;municipal;ativa;geral;nao;RUA QUINTANILHA, 820 FREGUESIA JACAREPAGUA. 22763-003 Rio de Janeiro - RJ.
33123837;0716606 CM AMIGUINHOS DA VILA SAPE;-22.94808467;-43.37456711;infantil;municipal;ativa;geral;nao;RUA ITAMAR, 9 TAQUARA. 22775-810 Rio de Janeiro - RJ.
33126348;0716607 CM EMILIA JOANA DA FONSECA MARQUES;-22.90612040;-43.35677760;infantil;municipal;ativa;geral;nao;CANDIDO BENICIO RUA 01 MATO ALTO, S/N CONJUNTO IPASE. JACAREPAGUA. 22733-087 Rio de Janeiro - RJ.
33136998;0716608 CM IRMA DULCE;-22.90089960;-43.36244910;infantil;municipal;ativa;geral;nao;ESTRADA COMANDANTE LUIZ SOUTO, S/N CHACRINHA. PRACA SECA. 22733-040 Rio de Janeiro - RJ.
33136858;0716609 CM RIO NOVO - RIO DAS FLORES;-22.97243384;-43.33497745;infantil;municipal;ativa;geral;nao;ESTRADA DE JACAREPAGUA, 5091 ANIL. 22753-033 Rio de Janeiro - RJ.
33104840;0716610 CM TIA MALU;-22.91774430;-43.40997740;infantil;municipal;ativa;geral;nao;CAMINHO MARIA DAS GRACAS, 57 FUNDOS TAQUARA. 22723-535 Rio de Janeiro - RJ.
33123632;0716611 CM VITORINO FREIRE;-22.88443350;-43.37255370;infantil;municipal;ativa;geral;nao;RUA AGUAS MORNAS, S/N VILA VALQUEIRE. 21330-090 Rio de Janeiro - RJ.
33095574;0716612 CM TIA AUTA;-22.91578180;-43.42055870;infantil;municipal;ativa;geral;nao;ESTRADA DO RIO PEQUENO, S/N LT 01 Q. 06. JACAREPAGUA. 22723-195 Rio de Janeiro - RJ.
33230803;0716613 CM MARIA DA CONCEICAO SILVEIRA DE CARVALHO;-22.96838561;-43.38963830;infantil;municipal;ativa;geral;nao;RUA FRANZ WEISSMAN, 100 CURICICA. 22775-051 Rio de Janeiro - RJ.
33467269;0716614 CM AUGUSTO DE CARVALHO TORRES FILHO;-22.95495377;-43.39017623;infantil;municipal;ativa;geral;nao;RUA DA REVERENCIA, 475 CURICICA. 22780-580 Rio de Janeiro - RJ.
33523240;0716801 EDI DOUTORA ZILDA ARNS;-22.94108010;-43.39124450;infantil;municipal;ativa;geral;nao;RUA LAURA CARNEIRO, S/N TAQUARA. 22713-586 Rio de Janeiro - RJ.
33163669;0716802 EDI ARTHUR BISPO DO ROSARIO;-22.93686530;-43.39001020;infantil;municipal;ativa;geral;nao;AVENIDA SAMPAIO CORREA S/N, CURICICA. 22713-560 Rio de Janeiro - RJ.
33163740;0716803 EDI COMPOSITOR ROBERTO RIBEIRO;-22.95753135;-43.33149393;infantil;municipal;ativa;geral;nao;ARATICUM, 930 930. ANIL. 22753-500 Rio de Janeiro - RJ.
33163766;0716804 EDI RODRIGO LOPES TIKINHO;-22.94475112;-43.37795128;infantil;municipal;ativa;geral;nao;RUA VILA AURORA, S/N CURICICA. 22710-025 Rio de Janeiro - RJ.
33167931;0716805 EDI ANNA MARIA NIEMEYER;-22.97276470;-43.33655130;infantil;municipal;ativa;geral;nao;AVENIDA ENGENHEIRO SOUZA FILHO, SN JACAREPAGUA. 22753-031 Rio de Janeiro - RJ.
33167940;0716806 EDI PROFESSORA EDILIA COELHO GARCIA;-22.91160120;-43.41909700;infantil;municipal;ativa;geral;nao;ESTRADA DOS TEIXEIRAS, 427 RUA ANTONIO VALE S/N. TAQUARA. 22723-205 Rio de Janeiro - RJ.
33167966;0716807 EDI LEILA DINIZ;-22.95358576;-43.39121884;infantil;municipal;ativa;geral;nao;DE CURICICA, 200 CURICICA. 22780-191 Rio de Janeiro - RJ.
33167990;0716808 EDI PROFESSORA MARIA BERENICE PARENTE;-22.95855320;-43.35426900;infantil;municipal;ativa;geral;nao;MARUJA, GARDENIA AZUL. 22765-570 Rio de Janeiro - RJ.
33168008;0716809 EDI PROFESSOR ROBERTO LUIZ PEREIRA;-22.90459879;-43.34561827;infantil;municipal;ativa;geral;nao;BRICIO DE ABREU, S/N PRACA SECA. 21321-020 Rio de Janeiro - RJ.
33168016;0716810 EDI EU SOU;-22.90175890;-43.35501660;infantil;municipal;ativa;geral;nao;CANDIDO BENICIO, 2399 PRACA SECA. 22733-000 Rio de Janeiro - RJ.
33077770;0716811 EDI CIDADE DE LIDICE;-22.92730950;-43.36324790;infantil;municipal;ativa;geral;nao;ESTRADA DO TINDIBA, 590 RUA G S/N. TAQUARA. 22740-360 Rio de Janeiro - RJ.
33149291;0716812 EDI ESCRITORA CLARICE LISPECTOR;-22.97625350;-43.32547280;infantil;municipal;ativa;geral;nao;AVENIDA SAO JOSEMARIA ESCRIVA, 625 BLOCO 1. ITANHANGA. 22753-032 Rio de Janeiro - RJ.
33171084;0716813 EDI PROFESSORA KENIA MENDES DOS SANTOS;-22.96448689;-43.41288134;infantil;municipal;ativa;geral;nao;RUA SYNVAL SAMPAIO, S/N CAMORIM. 22780-310 Rio de Janeiro - RJ.
33171114;0716814 EDI PROFESSORA EMILIA MARIA VIEIRA DE OLIVEIRA;-22.97425460;-43.33082544;infantil;municipal;ativa;geral;nao;RUA VELHA, SEM NUMERO. JACAREPAGUA. 22753-737 Rio de Janeiro - RJ.
33077878;0716815 EDI EVARISTO DA VEIGA;-22.89108030;-43.35008800;infantil;municipal;ativa;geral;nao;RUA CAPITAO MENEZES, 986 JACAREPAGUA. 21320-040 Rio de Janeiro - RJ.
33077800;0716816 EDI DEBRET;-22.88000550;-43.36767290;infantil;municipal;ativa;geral;nao;RUA CAMARATUBA, 59 VILA VALQUEIRE. 21330-190 Rio de Janeiro - RJ.
33176841;0716818 EDI PROFESSORA CLAUDIA PIRES CONTINO DA SILVA;-22.95780990;-43.35044190;infantil;municipal;ativa;geral;nao;AVENIDA TENENTE-CORONEL MUNIZ DE ARAGAO, 1201 ANIL. 22765-007 Rio de Janeiro - RJ.
33176337;0716819 EDI PROFESSORA NORMA ANDRADE NOGUEIRA;-22.96209780;-43.34384020;infantil;municipal;ativa;geral;nao;AVENIDA CANAL DO ANIL, 1201 GARDENIA AZUL. 22765-430 Rio de Janeiro - RJ.
33179050;0716820 EDI MEDALHISTA OLIMPICA AGATHA BEDNARCZUK RIPPEL;-22.95426495;-43.38279426;infantil;municipal;ativa;geral;nao;RUA JOAO BRUNO LOBO, 356 CURICICA. 22780-805 Rio de Janeiro - RJ.
33179069;0716821 EDI MEDALHISTA PARALIMPICO FELIPE DE SOUZA GOMES;-22.93390860;-43.38476650;infantil;municipal;ativa;geral;nao;ESTRADA DO OUTEIRO SANTO, 51 TAQUARA. 22713-169 Rio de Janeiro - RJ.
33179026;0716822 EDI MARCELO PARENTE GOMES DE OLIVEIRA;-22.96501916;-43.34347342;infantil;municipal;ativa;geral;nao;ESTRADA CURIPOS, S/N EM FRENTE AO 746. ANIL. 22753-330 Rio de Janeiro - RJ.
33179077;0716823 EDI PROFESSOR EITEL SEIXAS;-22.95266060;-43.39142460;infantil;municipal;ativa;geral;nao;ESTRADA DE CURICICA, S/N CURICICA. 22780-191 Rio de Janeiro - RJ.
33087857;0724001 EM LOPES TROVAO;-22.98722252;-43.31097871;infantil|fundamental_i;municipal;ativa;geral;nao;ESTRADA DO PICA PAU, 96 ITANHANGA. BARRA DA TIJUCA. 22753-705 Rio de Janeiro - RJ.
33087792;0724002 EM ALMEIDA GARRET;-23.01280898;-43.30294338;fundamental_i|fundamental_ii;municipal;ativa;geral;nao;AVENIDA GENERAL GUEDES DA FONTOURA, 470 BARRA DA TIJUCA. 22620-032 Rio de Janeiro - RJ.
33087849;0724003 EM JACKSON DE FIGUEIREDO;-23.00829467;-43.29967768;infantil|fundamental_i;municipal;ativa;geral;nao;RUA MAJOR ROLINDA DA SILVA, 65 QUADRA 71. BARRA DA TIJUCA. 22611-260 Rio de Janeiro - RJ.
33087938;0724004 EM RODRIGUES ALVES;-23.01250500;-43.30269667;fundamental_ii;municipal;ativa;geral;nao;AV GILBERTO AMADO, S/N BARRA DA TIJUCA. 22620-062 Rio de Janeiro - RJ.
33087920;0724005 EM REPUBLICA DA COLOMBIA;-23.00349290;-43.34065630;infantil|fundamental_i|fundamental_ii;municipal;ativa;geral;nao;RUA ROSALINA BRAND, 200 PROX. COND. RIVIERA. BARRA DA TIJUCA. 22631-260 Rio de Janeiro - RJ.
33087881;0724006 EM PROFESSOR ALBERT EINSTEIN;-23.00328090;-43.38307443;fundamental_ii;municipal;ativa;geral;nao;RUA GUIMARAES ROSA, 166 COND. N. LEBLON. BARRA DA TIJUCA. 22793-620 Rio de Janeiro - RJ.
33087830;0724007 EM GOLDA MEIR;-23.00878310;-43.32774110;fundamental_i;municipal;ativa;geral;nao;AV LUCIO COSTA, 3300 COND.BARRAMARES. BARRA DA TIJUCA. 22630-010 Rio de Janeiro - RJ.
33087814;0724008 EM DOM PEDRO I;-23.00965835;-43.32140512;fundamental_ii;municipal;ativa;geral;nao;PRACA SOLDADO GERALDO DA CRUZ, 50 BARRA DA TIJUCA. 22620-230 Rio de Janeiro - RJ.
33087911;0724009 EM PROFESSORA MARGARIDA GLORIA DE FARIA;-23.00788960;-43.42786010;fundamental_i|fundamental_ii;municipal;ativa;geral;nao;RUA PROFESSOR FAUSTO MOREIRA, 250 COND BARRA SUL. BARRA DA TIJUCA. 22793-340 Rio de Janeiro - RJ.
33087822;0724010 EM FREDERICO TROTTA;-23.00778610;-43.42821960;fundamental_ii;municipal;ativa;geral;nao;AVN. PROF. FAUSTO MOREIRA, 200 COND. BARRA SUL. BARRA DA TIJUCA. 22793-340 Rio de Janeiro - RJ.
33087962;0724011 EM VICE ALMIRANTE ALVARO ALBERTO DA MOTTA E SILVA;-23.00833770;-43.42986930;infantil|fundamental_i;municipal;ativa;geral;nao;ADOLPHO DE VASCONCELOS, 234 BARRA DA TIJUCA. 22793-380 Rio de Janeiro - RJ.
33087989;0724013 EM PROFESSORA ZULEIKA NUNES DE ALENCAR;-23.01585850;-43.45620390;fundamental_ii;municipal;ativa;geral;nao;RUA ANTONIO PEREIRA PINTO, 400 COND ALFA BARRA. BARRA DA TIJUCA. 22793-070 Rio de Janeiro - RJ.
33087806;0724014 EM PROFESSORA DIDIA MACHADO FORTES;-23.00860940;-43.36818730;infantil|fundamental_i;municipal;ativa;geral;nao;RUA DES ANTONIO PEREIRA PINTO, 430 BARRA DA TIJUCA. 22793-070 Rio de Janeiro - RJ.
33087946;0724015 EM SERGIO BUARQUE DE HOLANDA;-23.00520470;-43.34710040;fundamental_ii;municipal;ativa;geral;nao;AV.JORN.RICARDO MARINHO, 455 BARRA DA TIJUCA. 22631-350 Rio de Janeiro - RJ.
33077959;0724016 EM HEMETERIO DOS SANTOS;-22.97158560;-43.41290130;infantil|fundamental_i;municipal;ativa;geral;nao;ESTR DOS BANDEIRANTES, 8293 CAMORIM. 22783-115 Rio de Janeiro - RJ.
33078297;0724017 EM PROFESSOR OLEGARIO DOMINGUES;-22.98358600;-43.46231310;infantil|fundamental_i;municipal;ativa;geral;nao;ESTRADA DOS BANDEIRANTES, 14.809 ESCOLA MUNICIPAL. VARGEM PEQUENA. 22783-025 Rio de Janeiro - RJ.
33078343;0724018 EM SAO SEBASTIAO;-22.98159044;-43.46122075;fundamental_i|fundamental_ii;municipal;ativa;geral;nao;RUA MANOEL BASTOS DE OLIVEIRA, SN VARGEM PEQUENA. 22783-430 Rio de Janeiro - RJ.
33078300;0724019 EM PROFESSOR TEOFILO MOREIRA DA COSTA;-22.98157890;-43.49168490;fundamental_i|fundamental_ii;municipal;ativa;geral;nao;R ESPERANCA, 387 VARGEM GRANDE. 22785-590 Rio de Janeiro - RJ.
33077851;0724020 EM ENGENHEIRO ALVARO SODRE;-22.98435019;-43.50993218;infantil|fundamental_i;municipal;ativa;geral;nao;ESTRADA DOS BANDEIRANTES, 25.976 VARGEM GRANDE. 22785-575 Rio de Janeiro - RJ.
33087865;0724021 EM PEROLA BYINGTON;-22.97575464;-43.49040504;infantil|fundamental_i;municipal;ativa;geral;nao;RUA LUCIANO GALLET, S/N VARGEM GRANDE. 22785-110 Rio de Janeiro - RJ.
33077797;0724022 EM COMUNIDADE DE VARGEM GRANDE;-22.98321412;-43.49715837;fundamental_i|fundamental_ii;municipal;ativa;geral;nao;RUA MANHUACU, S/N. VARGEM GRANDE. 22785-600 Rio de Janeiro - RJ.
33087903;0724023 EM PROFESSOR JURANDIR PAES LEME;-23.02658653;-43.52143262;infantil|fundamental_i;municipal;ativa;geral;nao;ESTRADA DO PONTAL, 1990 REC DOS BANDEIRANTES. 22790-877 Rio de Janeiro - RJ.
33087890;0724024 EM PROFESSOR CARLOS DELGADO DE CARVALHO;-23.01988788;-43.48048131;fundamental_i|fundamental_ii;municipal;ativa;geral;nao;R SEN RUY CARNEIRO, 5 RECREIO BANDEIRANTES. 22790-650 Rio de Janeiro - RJ.
33132984;0724026 EM EMBAIXADOR ITALO ZAPPA;-22.98992000;-43.43299000;infantil|fundamental_i;municipal;ativa;geral;nao;ESTRADA DOS BANDEIRANTES, 11127 VARGEM PEQUENA. 22783-111 Rio de Janeiro - RJ.
33140103;0724027 EM MARIA CLARA MACHADO;-22.98679244;-43.30761739;fundamental_i;municipal;ativa;geral;nao;ESTRADA DA BARRA DA TIJUCA, 3570 BARRA DA TIJUCA. 22641-005 Rio de Janeiro - RJ.
33228400;0724028 EM FREI GASPAR;-23.00125675;-43.49328434;fundamental_i|fundamental_ii;municipal;ativa;geral;nao;ESTRADA VEREADOR ALCEU DE CARVALHO, 14016 VARGEM GRANDE. 22785-620 Rio de Janeiro - RJ.
33087970;0724501 EM ALMIRANTE PAULO CASTRO MOREIRA DA SILVA;-23.00855429;-43.42980877;fundamental_i|fundamental_ii;municipal;ativa;geral;nao;AV ADOLPHO DE VASCONCELLOS, 264 COND. PONTOES BARRA. BARRA DA TIJUCA. 22793-380 Rio de Janeiro - RJ.
33087610;0724502 CIEP MARGARET MEE;-23.02010971;-43.48109510;fundamental_i|fundamental_ii;municipal;ativa;geral;nao;AVENIDA ALIOMAR BALEEIRO, SN RECREIO DOS BANDEIRANTES. 22790-550 Rio de Janeiro - RJ.
33126364;0724601 CM MARIA VIEIRA BAZANI;-23.02696780;-43.48577570;infantil;municipal;ativa;geral;nao;AVENIDA TEOTONIO VILELA, S N RECREIO DOS BANDEIRANTES. 22795-265 Rio de Janeiro - RJ.
33126780;0724602 CM DINA SFAT;-22.98932333;-43.29728833;infantil;municipal;ativa;geral;nao;RUA PAZ DA FLORESTA, S/N ITANHANGA. 22641-192 Rio de Janeiro - RJ.
33136807;0724603 CM BENEDITA SIQUEIRA LOPES;-22.98740730;-43.30761630;infantil;municipal;ativa;geral;nao;ESTRADA DA BARRA DA TIJUCA, 3837 ITANHANGA. 22641-004 Rio de Janeiro - RJ.
33095493;0724604 CM EDSON LUIZ;-22.98914540;-43.29733264;infantil;municipal;ativa;geral;nao;RUA ITALIA FAUSTA, 2 AC A RUA DA PAZ. ITANHANGA. 22641-440 Rio de Janeiro - RJ.
33147256;0724605 CM SEBASTIAO BERNARDES DE SOUZA PRATA;-22.99135100;-43.43264700;infantil;municipal;ativa;geral;nao;ESTRADA DOS BANDEIRANTES, 11227 AV. A S/N. VARGEM PEQUENA. 22783-117 Rio de Janeiro - RJ.
33147221;0724606 CM ROGERIO CARDOSO FURTADO;-22.99179340;-43.43256280;infantil;municipal;ativa;geral;nao;ESTRADA DOS BANDEIRANTES, 11227 AVENIDA B. VARGEM PEQUENA. 22783-111 Rio de Janeiro - RJ.
33163790;0724801 EDI MILENA SANTOS NASCIMENTO;-23.02405840;-43.49035020;infantil;municipal;ativa;geral;nao;RUA TEOTONIO VILELA S/N, RECREIO DOS BANDEIRANTES. 22795-265 Rio de Janeiro - RJ.
33163995;0724802 EDI PORFIRIO DIAS;-22.97834370;-43.48208200;infantil;municipal;ativa;geral;nao;CAMINHO DA CASCATINHA, 246 VARGEM GRANDE. 22785-050 Rio de Janeiro - RJ.
33163871;0724803 EDI VERA LUCIA MARTINS COSTA;-23.01985034;-43.48208789;infantil;municipal;ativa;geral;nao;RUA MINISTRO ALIOMAR BALEEIRO, S/N RECREIO DOS BANDEIRANTES. 22790-550 Rio de Janeiro - RJ.
33171122;0724804 EDI PROFESSORA MATILDE ROSA LOPES DE ARAUJO;-22.98770050;-43.32180520;infantil;municipal;ativa;geral;nao;ESTRADA DE JACAREPAGUA, 405 ITANHANGA. 22753-030 Rio de Janeiro - RJ.
33087954;0724805 EDI TRISTAO DE ATHAYDE;-23.00266271;-43.37597313;infantil;municipal;ativa;geral;nao;R BRAULIO EUGENIO MULLER, 405 CONDOMINIO MANDALA. BARRA DA TIJUCA. 22793-530 Rio de Janeiro - RJ.
33463220;0724806 EDI PROFESSORA RUTH CARDOSO;-23.01415489;-43.47286560;infantil;municipal;ativa;geral;nao;RUA HISTORIDOR WERNECK DA SILVAA, 283 RECREIO DOS BANDEIRANTES. 22790-832 Rio de Janeiro - RJ.
33135657;0724807 EDI CARMEN MIRANDA;-22.99748596;-43.33567586;infantil;municipal;ativa;geral;nao;AVENIDA DAS AMERICAS, 2000 FUNDOS. BARRA DA TIJUCA. 22640-101 Rio de Janeiro - RJ.
33467277;0724808 EDI AMOR;-23.02430047;-43.47916765;infantil;municipal;ativa;geral;nao;RUA SENADOR RUI CARNEIRO, S/N RECREIO DOS BANDEIRANTES. 22790-650 Rio de Janeiro - RJ.
33176850;0724809 EDI UGOCIONE JOSE DE MEDEIROS SEU UGO;-22.98017652;-43.46355163;infantil;municipal;ativa;geral;nao;RUA NOLASCO CALDEIRA, S/N VARGEM PEQUENA. 22783-113 Rio de Janeiro - RJ.
33077720;0734001 EM AUGUSTO MAGNE;-22.95096380;-43.36202820;fundamental_i;municipal;ativa;geral;nao;TRAVESSA ABILENE, S/N QUADRA 76. JACAREPAGUA. 22773-610 Rio de Janeiro - RJ.
33078076;0734002 EM PROFESSORANDA LEILA BARCELLOS DE CARVALHO;-22.94858639;-43.36432240;fundamental_i;municipal;ativa;geral;nao;R JESSE, 77 CIDADE DE DEUS. 22773-350 Rio de Janeiro - RJ.
33077738;0734003 EM AVERTANO ROCHA;-22.94397117;-43.36025907;fundamental_i|fundamental_ii;municipal;ativa;geral;nao;R REBOUCAS, 97 CIDADE DE DEUS. 22770-410 Rio de Janeiro - RJ.
33077711;0734005 EM ALPHONSUS DE GUIMARAENS;-22.95050875;-43.35884034;fundamental_i;municipal;ativa;geral;nao;RUA EDGARD WERNECK, 1625 CIDADE DE DEUS. 22763-011 Rio de Janeiro - RJ.
33077908;0734006 EM FREDERICO EYER;-22.94418710;-43.36064610;infantil|fundamental_i;municipal;ativa;geral;nao;RUA EDGARD CAVALHEIRO, 264 JACAREPAGUA. 22770-320 Rio de Janeiro - RJ.
33077690;0734007 EM ALBERTO RANGEL;-22.94933430;-43.36299460;fundamental_ii;municipal;ativa;geral;nao;RUA JOSE DE ARIMATEIA, 000 CIDADE DE DEUS. 22773-570 Rio de Janeiro - RJ.
33077983;0734008 EM JOAQUIM FONTES;-22.94789833;-43.36970500;infantil|fundamental_i;municipal;ativa;geral;nao;RUA JOAO MAFRA, 85 CIDADE DE DEUS. 22775-690 Rio de Janeiro - RJ.
33078009;0734009 EM JOSE CLEMENTE PEREIRA;-22.94815302;-43.36939380;fundamental_ii;municipal;ativa;geral;nao;RUA ZOZIMO DO AMARAL, 275 CIDADE DE DEUS. 22775-800 Rio de Janeiro - RJ.
33078220;0734010 EM PEDRO ALEIXO;-22.95076910;-43.35493760;fundamental_i|fundamental_ii;municipal;ativa;geral;nao;PRACA DA BIBLIA, S/N CIDADE DE DEUS -JACAREPAGUA. 22763-550 Rio de Janeiro - RJ.
33076936;0734501 CIEP LUIZ CARLOS PRESTES;-22.94925038;-43.35427135;infantil|fundamental_i|fundamental_ii;municipal;ativa;geral;nao;RUA ANA CRISTINA CESAR, SEM NUMERO CIDADE DE DEUS. 22763-145 Rio de Janeiro - RJ.
33076910;0734502 CIEP JOAO BATISTA DOS SANTOS;-22.94704930;-43.35955810;infantil|fundamental_i;municipal;ativa;geral;nao;RUA EDGARD WERNECK, 1565 CIDADE DE DEUS. 22763-011 Rio de Janeiro - RJ.
33104859;0734601 CM LUZES DO AMANHA;-22.95297420;-43.36495820;infantil;municipal;ativa;geral;nao;RUA PROJETADA, 135 VL NOVA CRUZADA. CIDADE DE DEUS. 22773-130 Rio de Janeiro - RJ.
33095582;0734602 CM MARGARIDA GABINAL;-22.95105450;-43.35560680;infantil;municipal;ativa;geral;nao;RUA DA LUZ, 2 CIDADE DE DEUS. 22763-540 Rio de Janeiro - RJ.
33096627;0734603 CM SEMPRE VIDA JOSUE;-22.94297860;-43.36394450;infantil;municipal;ativa;geral;nao;RUA PEDRO IVO, 34 LOT JOSUE. CIDADE DE DEUS. 22770-665 Rio de Janeiro - RJ.
33523231;0734801 EDI JARDIM DO AMANHA;-22.94937479;-43.37058026;infantil;municipal;ativa;geral;nao;RUA DAS ROSAS - TRAVESSA LIRIO DO CAMPO, S/N CIDADE DE DEUS. 22775-740 Rio de Janeiro - RJ.
33160953;0734802 EDI SENHORA PERCILIANA PEREIRA DE ALVARENGA;-22.95245242;-43.35783899;infantil;municipal;ativa;geral;nao;RUA MOISES, S/N CIDADE DE DEUS. 20010-000 Rio de Janeiro - RJ.
33163880;0734803 EDI ANA CAROLINA PACHECO DA SILVA;-22.94738860;-43.36550830;infantil;municipal;ativa;geral;nao;TRAVESSA ONESIMO, S/N CIDADE DE DEUS. 22773-090 Rio de Janeiro - RJ.
33136530;0734804 EDI MARIA BERALDA;-22.94853350;-43.36073810;infantil;municipal;ativa;geral;nao;TRAVESSA ANATOLE, SN CIDADE DE DEUS. 22773-530 Rio de Janeiro - RJ.
33077975;0734805 EDI MONSENHOR CORDIOLI;-22.95115720;-43.36178350;infantil;municipal;ativa;geral;nao;TRAVESSA HARA, S/N QUADRA 71. CIDADE DE DEUS. 22773-613 Rio de Janeiro - RJ.
33121885;08002 - CRECHE ESPIRITA FRANCISCO DE ASSIS;-22.86118394;-43.42716966;infantil;privada;ativa;geral;sim;ESTRADA DO ENGENHO NOVO, 235 NUMERO 235 BATAN. REALENGO. 21730-320 Rio de Janeiro - RJ.
33122008;08003 - CRECHE CRIANCA JABOUR;-22.87797000;-43.49437000;infantil;privada;ativa;geral;sim;RUA DALMACIA, 05 16. SENADOR CAMARA. 21830-560 Rio de Janeiro - RJ.
33122121;08004 - CRECHE COMUNITARIA NINO;-22.85673299;-43.48925039;infantil;privada;ativa;geral;sim;RUA FORT LAMY, S/N LOTE 01 QUADRA 32. BANGU. 21850-450 Rio de Janeiro - RJ.
33338205;08005 - CRECHE ESCOLA COMUNITARIA GENTE INOCENTE;-22.86221967;-43.45336145;infantil;privada;ativa;geral;sim;ESTRADA DA AGUA BRANCA, 4090 PADRE MIGUEL. 21720-161 Rio de Janeiro - RJ.
33099308;08006 - FUNDACAO CASA DE JOANINHA - CRECHE;-22.86825000;-43.42189000;infantil;privada;ativa;geral;sim;ESTRADA DA AGUA BRANCA, 640 MAGALHAES BASTOS. 21735-012 Rio de Janeiro - RJ.
33166188;08007 - CRECHE ESCOLA COMUNITARIA GENTE INOCENTE II;-22.86188730;-43.45708671;infantil;privada;ativa;geral;sim;ESTRADA DA AGUA BRANCA, 4296 PADRE MIGUEL. 21720-161 Rio de Janeiro - RJ.
33081620;08008 - ASSOCIACAO DE MORADORES DO CONJ PEDRO I E ADJACENCIAS;-22.88611210;-43.42572820;infantil;privada;ativa;geral;sim;RUA DA CITARA, 138 REALENGO. 21755-420 Rio de Janeiro - RJ.
33165181;08009 - ASSOCIACAO RECREATIVA PINGUINHO DE GENTE;-22.87451653;-43.48788656;infantil;privada;ativa;geral;sim;RUA DOUTOR AUGUSTO FIGUEIREDO, 2002 SENADOR CAMARA. 21840-600 Rio de Janeiro - RJ.
33175934;08010 - ASSOCIACAO CENTRO EDUCACIONAL REBRAL III;-22.88270290;-43.43689330;infantil;privada;ativa;geral;sim;RUA DO IMPERADOR, 894 FRENTE. REALENGO. 21715-075 Rio de Janeiro - RJ.
33174610;08011 - ESPACO DE EDUCACAO INFANTIL BATAN;-22.86440168;-43.42347751;infantil;privada;ativa;geral;sim;RUA RAUL AZEDO NETO, S/N REALENGO. 21730-690 Rio de Janeiro - RJ.
33466220;08013 - ASSOCIACAO DO CENTRO EDUCACIONAL LUIZA;-22.87991488;-43.43662340;infantil;privada;ativa;geral;sim;RUA DO IMPERADOR, 521 REALENGO. 21715-073 Rio de Janeiro - RJ.
33190046;08014 - DO RA A AVENTUREIRA;-22.88076008;-43.47088133;infantil;privada;ativa;geral;sim;RUA DOS ESTAMPADORES, 306 BANGU. 21820-100 Rio de Janeiro - RJ.
33158878;08015 - CEM CRECHE ESCOLA MACHADO;-22.86088059;-43.42903306;infantil;privada;ativa;geral;sim;RUA SAO DAGOBERTO, 153 BATAN. REALENGO. 21730-450 Rio de Janeiro - RJ.
33192227;08018 - CRECHE COMUNITARIA ESTRELINHA;-22.87392544;-43.47730164;infantil;privada;ativa;geral;sim;RUA DOUTOR AUGUSTO FIGUEIREDO, 93 BANGU. 21840-600 Rio de Janeiro - RJ.
33192189;08019 - ESCOLA COMUNITARIA JARDIM ARCO-IRIS - UNIDADE II;-22.89118500;-43.42094500;infantil;privada;ativa;geral;sim;AVENIDA PIRPIRITUBA, 292 REALENGO. 21760-240 Rio de Janeiro - RJ.
33192855;08021 - ASSOCIACAO RECREATIVA MUNDO MAGICO TIA NATY;-22.87261759;-43.44359595;infantil;privada;ativa;geral;sim;TRAVESSA BELISARIO DE SOUSA, 36 PADRE MIGUEL. 21721-250 Rio de Janeiro - RJ.
33194840;08022 - ASSOCIACAO CRECHE ESPERANCA - MAGALHAES BASTOS;-22.87129551;-43.41135325;;privada;paralisada;geral;sim;RUA CORREA SEARA, 97 J D 65. MAGALHAES BASTOS. 21750-320 Rio de Janeiro - RJ.
33195030;08023 - CRECHE COMUNITARIA IRMA MARIA DE LOURDES;-22.85602166;-43.48324424;infantil;privada;ativa;geral;sim;ESTRADA SARGENTO MIGUEL FILHO, 371 VILA KENNEDY. 21850-007 Rio de Janeiro - RJ.
33194750;08024 - CEM CRECHE ESCOLA MACHADO UNIDADE I;-22.85979815;-43.42990821;infantil;privada;ativa;geral;sim;RUA SAO DAGOBERTO, 215 JARDIM BATAN. REALENGO. 21730-450 Rio de Janeiro - RJ.
33194858;08025 - ASSOCIACAO RECREATIVA MONIZ BARRETO;-22.88888083;-43.39904321;infantil;privada;ativa;geral;sim;RUA MARIA GRAHAM, 118 JARDIM SULACAP. 21741-350 Rio de Janeiro - RJ.
33080453;0817008 EM FREI VICENTE DO SALVADOR;-22.88928750;-43.44637890;infantil|fundamental_i;municipal;ativa;geral;nao;RUA HELIANTO, S/N PADRE MIGUEL. 21775-090 Rio de Janeiro - RJ.
33080640;0817009 EM JOSE MARIA BELLO;-22.89093690;-43.45057860;fundamental_ii;municipal;ativa;geral;nao;RUA BUIQUE, PADRE MIGUEL. 21775-310 Rio de Janeiro - RJ.
33080690;0817010 EM LAURO MULLER;-22.88214760;-43.44650010;infantil|fundamental_i;municipal;ativa;geral;nao;RUA ROSA DE ALMEIDA, 113 PADRE MIGUEL. 21775-480 Rio de Janeiro - RJ.
33085048;0817011 EM PROFESSOR WAN-TUYL DA SILVA CARDOSO;-22.88934714;-43.44687446;fundamental_i;municipal;ativa;geral;nao;RUA OLIMPIA ESTEVES, SN PADRE MIGUEL. 21775-005 Rio de Janeiro - RJ.
33080089;0817012 EM ANTONIO AUSTRAGESILO;-22.87731929;-43.47189548;fundamental_i;municipal;ativa;geral;nao;RUA DA FABRICA, BANGU. 21820-110 Rio de Janeiro - RJ.
33080267;0817013 EM COLLECHIO;-22.88103200;-43.48155900;infantil|fundamental_i;municipal;ativa;geral;nao;RUA BAIA FORMOSA, S/N BANGU. 21830-140 Rio de Janeiro - RJ.
33080275;0817014 EM COMENIUS;-22.89224510;-43.47277190;fundamental_ii;municipal;ativa;geral;nao;RUA RENATO REBECHI, S/N BANGU. 21825-450 Rio de Janeiro - RJ.
33080291;0817015 EM CONSELHEIRO ZACARIAS DE GOIS;-22.88553270;-43.46333400;infantil|fundamental_i;municipal;ativa;geral;nao;RUA SILVA CARDOSO, BANGU. 21810-031 Rio de Janeiro - RJ.
33080488;0817016 EM GETULIO VARGAS;-22.87591498;-43.46778287;fundamental_i|fundamental_ii;municipal;ativa;geral;nao;AVENIDA DE SANTA CRUZ, 4725 BANGU. 21810-015 Rio de Janeiro - RJ.
33080704;0817017 EM LEONARDO DA VINCI;-22.89240167;-43.47312500;infantil|fundamental_i;municipal;ativa;geral;nao;RUA RENATO REBECHI, BANGU. 21825-450 Rio de Janeiro - RJ.
33080712;0817018 EM LEONIDAS SOBRINHO PORTO;-22.88564232;-43.46307034;fundamental_i|fundamental_ii;municipal;ativa;geral;nao;RUA DAS AVENCAS, S/N BANGU. 21815-080 Rio de Janeiro - RJ.
33080801;0817019 EM MILTON CAMPOS;-22.88746213;-43.47025721;fundamental_ii;municipal;ativa;geral;nao;R DOS BANGUENSES, S/N BANGU. 21825-060 Rio de Janeiro - RJ.
33080828;0817020 EM NACOES UNIDAS;-22.88823660;-43.47625500;fundamental_ii;municipal;ativa;geral;nao;RUA DOS LIMADORES, S/N BANGU. 21830-005 Rio de Janeiro - RJ.
33080844;0817021 EM OHIGGINS;-22.88835415;-43.47632163;fundamental_i;municipal;ativa;geral;nao;RUA BOMBAIM, S/N BANGU. 21825-050 Rio de Janeiro - RJ.
33080682;0817022 EM PROFESSOR JULIO DE MESQUITA;-22.88313120;-43.45659960;fundamental_i|fundamental_ii;municipal;ativa;geral;nao;RUA RIBEIRO DE ANDRADE, SN BANGU. 21810-145 Rio de Janeiro - RJ.
33081115;0817023 EM ROQUETE PINTO;-22.88273530;-43.45673620;infantil|fundamental_i;municipal;ativa;geral;nao;RUA OLIVEIRA RIBEIRO, 455 BANGU. 21815-115 Rio de Janeiro - RJ.
33081247;0817024 EM WALDIR AZEVEDO FRANCO;-22.88686270;-43.47041960;infantil|fundamental_i;municipal;ativa;geral;nao;RUA DOS ESTAMPADORES, 985 BANGU. 21820-100 Rio de Janeiro - RJ.
33080348;0817026 EEM ACAO CRISTA VICENTE MORETTI;-22.87835700;-43.45772020;infantil|fundamental_i;municipal;ativa;geral;nao;RUA MARAVILHA, 308 BANGU. 21810-100 Rio de Janeiro - RJ.
33080534;0817027 EM HENRIQUE DE MAGALHAES;-22.87813750;-43.47101970;fundamental_ii;municipal;ativa;geral;nao;RUA DA FABRICA, 235 BANGU. 21820-110 Rio de Janeiro - RJ.
33080976;0817028 EM PRESIDENTE MEDICI;-22.88503340;-43.45381020;fundamental_ii;municipal;ativa;geral;nao;TIBAGI, 316 BANGU. 21820-270 Rio de Janeiro - RJ.
33080097;0817029 EM ANTONIO BANDEIRA;-22.88490840;-43.48796620;infantil|fundamental_i;municipal;ativa;geral;nao;EST ENG HUMBERTO BANDEIRA MELO, CONJ CEHAB. SENADOR CAMARA. 21832-020 Rio de Janeiro - RJ.
33080330;0817030 EM DIAS MARTINS;-22.88396200;-43.48468130;infantil|fundamental_i;municipal;ativa;geral;nao;R HUGO BARRETO, S/N SENADOR CAMARA. 21831-050 Rio de Janeiro - RJ.
33080380;0817031 EM ENGENHEIRO PIRES DO RIO;-22.88091860;-43.48437740;infantil|fundamental_i;municipal;ativa;geral;nao;RUA NOVA ORLEANS, SENADOR CAMARA. 21830-285 Rio de Janeiro - RJ.
33080402;0817032 EM ERNESTO FRANCISCONE;-22.89169020;-43.48889270;infantil|fundamental_i|fundamental_ii;municipal;ativa;geral;nao;RUA MUCURIPE, 151 VIEGAS. SENADOR CAMARA. 21832-150 Rio de Janeiro - RJ.
33080526;0817033 EM HENRIQUE DA SILVA FONTES;-22.89031440;-43.48250740;infantil|fundamental_i;municipal;ativa;geral;nao;RUA MARMIARI, SN SENADOR CAMARA. 21831-000 Rio de Janeiro - RJ.
33080615;0817034 EM JORGE JABOUR;-22.87862570;-43.49281760;infantil|fundamental_i;municipal;ativa;geral;nao;RUA RAUL AZEVEDO, 442 SENADOR CAMARA. 21833-140 Rio de Janeiro - RJ.
33080780;0817035 EM MARIO FERNANDES PINHEIRO;-22.87818590;-43.49910680;fundamental_ii;municipal;ativa;geral;nao;RUA C, S/N CONJ. SELVA DE PEDRA. SENADOR CAMARA. 21830-710 Rio de Janeiro - RJ.
33080879;0817036 EM OSCAR THOMPSOM;-22.88386100;-43.49842400;infantil|fundamental_i;municipal;ativa;geral;nao;ESTRADA MANDABUA, SENADOR CAMARA. 21833-050 Rio de Janeiro - RJ.
33080992;0817037 EM PRESIDENTE WILSON;-22.88903840;-43.48267580;infantil|fundamental_i;municipal;ativa;geral;nao;RUA MARMIARI, SN SENADOR CAMARA. 21831-000 Rio de Janeiro - RJ.
33081069;0817038 EM RAINHA FABIOLA;-22.87881980;-43.49259210;fundamental_i;municipal;ativa;geral;nao;RUA RAUL AZEVEDO, 442 SENADOR CAMARA. 21833-140 Rio de Janeiro - RJ.
33081140;0817039 EM SAMPAIO CORREA;-22.87416060;-43.48702930;fundamental_i;municipal;ativa;geral;nao;R UBATA, 100 SENADOR CAMARA. 21843-040 Rio de Janeiro - RJ.
33081166;0817040 EM SANTA FRANCISCA XAVIER CABRINI;-22.87651620;-43.49540260;infantil|fundamental_i;municipal;ativa;geral;nao;RUA MARINHO REGO, S/N SENADOR CAMARA. 21833-120 Rio de Janeiro - RJ.
33080054;0817041 EM ABRAHAO JABOUR;-22.87936250;-43.49240210;fundamental_ii;municipal;ativa;geral;nao;RUA RAUL AZEVEDO, 378 JABOUR SEN CAMARA. 21833-140 Rio de Janeiro - RJ.
33081204;0817042 EM THOME DE SOUZA;-22.87937000;-43.48467000;fundamental_ii;municipal;ativa;geral;nao;RUA YALTA, 60 SENADOR CAMARA. 21830-316 Rio de Janeiro - RJ.
33080437;0817043 EM EVARISTO DE MORAES;-22.88255420;-43.50455760;fundamental_ii;municipal;ativa;geral;nao;PCA VIRADOURO, SN SANTISSIMO. 23010-135 Rio de Janeiro - RJ.
33080445;0817044 EM FERNANDO MAXIMILIANO;-22.87811600;-43.50455760;infantil|fundamental_i;municipal;ativa;geral;nao;RUA A, 19 CONJ MIGUEL GUSTAVO. SANTISSIMO. 23010-630 Rio de Janeiro - RJ.
33080127;0817045 EM ARIENA VIANNA DA SILVA;-22.89229350;-43.49108850;infantil|fundamental_i;municipal;ativa;geral;nao;RUA NARANDIBA, SN SENADOR CAMARA. 21832-260 Rio de Janeiro - RJ.
33081085;0817046 EM RAUL FRANCISCO RYFF;-22.86981200;-43.49487100;infantil|fundamental_i;municipal;ativa;geral;nao;RUA CONSTELACAO, SEM NUMERO SENADOR CAMARA. 21843-798 Rio de Janeiro - RJ.
33080160;0817047 EM BANGU;-22.87367880;-43.45190840;fundamental_i;municipal;ativa;geral;nao;RUA SOFIA, S/N PRACA ATENAS. PADRE MIGUEL. 21875-100 Rio de Janeiro - RJ.
33080372;0817048 EM ENGENHEIRO JOAO THOME;-22.86710490;-43.44696050;fundamental_ii;municipal;ativa;geral;nao;RUA CABO JOSE DA CONCEICAO, 135 PADRE MIGUEL. 21720-520 Rio de Janeiro - RJ.
33080429;0817049 EM EUZEBIO DE QUEIROZ;-22.86221160;-43.44922350;infantil|fundamental_i;municipal;ativa;geral;nao;RUA SUCUARANA, S/N PADRE MIGUEL. 21720-290 Rio de Janeiro - RJ.
33080810;0817050 EM MOACYR PADILHA;-22.86870720;-43.45076160;fundamental_i;municipal;ativa;geral;nao;RUA GENERAL GOMES DE CASTRO, 30 PADRE MIGUEL. 21721-000 Rio de Janeiro - RJ.
33081220;0817052 EM VILLA LOBOS;-22.86777680;-43.44604250;infantil|fundamental_i;municipal;ativa;geral;nao;RUA CABO JOSE DA CONCEICAO, 135 PADRE MIGUEL. 21720-520 Rio de Janeiro - RJ.
33080593;0817054 EM PROFESSOR JOAQUIM DA COSTA RIBEIRO;-22.85620330;-43.45567340;fundamental_ii;municipal;ativa;geral;nao;ESTRADA DA CANCELA PRETA, 1791 REALENGO. 21725-010 Rio de Janeiro - RJ.
33081042;0817055 EM PROFESSOR LAURO TRAVASSOS;-22.85396800;-43.45804690;infantil|fundamental_i;municipal;ativa;geral;nao;ESTRADA CANCELA PRETA, 1797 PADRE MIGUEL. 21725-010 Rio de Janeiro - RJ.
33080070;0817056 EM ANNA AMELIA QUEIROZ CARNEIRO DE MENDONCA;-22.87205520;-43.45995710;fundamental_ii;municipal;ativa;geral;nao;RUA BIARRITZ, S/N BANGU. 21870-190 Rio de Janeiro - RJ.
33081018;0817057 EM CLEMENTINO FRAGA;-22.87041970;-43.46163810;infantil|fundamental_i;municipal;ativa;geral;nao;RUA DO CORAL, S/N BANGU. 21870-260 Rio de Janeiro - RJ.
33080500;0817058 EM GUILHERME DA SILVEIRA;-22.85316280;-43.48336140;infantil|fundamental_i;municipal;ativa;geral;nao;ESTRADA GUANDU DO SENA, 1353 BANGU. 21853-030 Rio de Janeiro - RJ.
33080577;0817059 EM JOANA ANGELICA;-22.85689355;-43.48823203;fundamental_i;municipal;ativa;geral;nao;TRAVESSA BARRANQUILHA, SN VILA KENNEDY. BANGU. 21850-440 Rio de Janeiro - RJ.
33080585;0817060 EM JOAO DAUDT DE OLIVEIRA;-22.85584900;-43.49511340;infantil|fundamental_i;municipal;ativa;geral;nao;AV BRASIL, 34686 VILA KENNEDY. BANGU. 21853-280 Rio de Janeiro - RJ.
33080607;0817061 EM JOAQUIM EDSON DE CAMARGO;-22.86079920;-43.49327900;fundamental_i;municipal;ativa;geral;nao;RUA SUDAO, S/N VILA KENNEDY. 21852-535 Rio de Janeiro - RJ.
33080674;0817062 EM JOSE PIQUET CARNEIRO;-22.86289970;-43.45534938;fundamental_ii;municipal;ativa;geral;nao;ESTRADA PORTO NACIONAL, S/N BANGU. 21870-380 Rio de Janeiro - RJ.
33080755;0817063 EM MARIA QUITERIA;-22.85187607;-43.47060593;fundamental_i;municipal;ativa;geral;nao;RUA NOVA PRATA, S/N CATIRI. BANGU. 21863-030 Rio de Janeiro - RJ.
33080763;0817064 EM PROFESSORA SANDRA PIRES;-22.86874669;-43.47762738;fundamental_i|fundamental_ii;municipal;ativa;geral;nao;R DO DESENHISTA, S/N VILA ALIANCA. BANGU. 21842-030 Rio de Janeiro - RJ.
33080887;0817065 EM PABLO PICASSO;-22.86659540;-43.45255659;fundamental_i;municipal;ativa;geral;nao;RUA ARARI, S/N S/N. PADRE MIGUEL. 21875-260 Rio de Janeiro - RJ.
33080941;0817066 EM PRACINHA JOAO DA SILVA;-22.87493780;-43.47261090;fundamental_ii;municipal;ativa;geral;nao;PRACA DO NORDESTE, S/N BANGU. 21840-450 Rio de Janeiro - RJ.
33076332;0817067 EM PRESIDENTE CAFE FILHO;-22.85259590;-43.49276180;fundamental_ii;municipal;ativa;geral;nao;R COSTA JUNIOR, SN VILA KENNEDY. 21853-060 Rio de Janeiro - RJ.
33081026;0817068 EM PROFESSOR FIRMO COSTA;-22.86597570;-43.45676040;infantil;municipal;ativa;geral;nao;PCA FERREIRA DE ABREU, PADRE MIGUEL. 21860-120 Rio de Janeiro - RJ.
33081050;0817069 EM RAFAEL CORREA DE OLIVEIRA;-22.85984100;-43.46142460;fundamental_i;municipal;ativa;geral;nao;RUA ARAQUEM, S/N BANGU. 21860-005 Rio de Janeiro - RJ.
33081093;0817070 EM ROBERTO SIMONSEN;-22.86902100;-43.45561120;fundamental_ii;municipal;ativa;geral;nao;RUA MARECHAL MARCIANO, S/N PADRE MIGUEL. 21735-652 Rio de Janeiro - RJ.
33081131;0817071 EM RUBEM BERTA;-22.87196140;-43.47940520;fundamental_ii;municipal;ativa;geral;nao;RUA DO MAGISTRADO, S/N BANGU. 21842-420 Rio de Janeiro - RJ.
33081212;0817072 EM UBALDO DE OLIVEIRA;-22.85952430;-43.46910890;infantil|fundamental_i;municipal;ativa;geral;nao;RUA BOA UNIAO, BANGU. 21870-250 Rio de Janeiro - RJ.
33080747;0817074 EM MARECHAL ALCIDES ETCHEGOYEN;-22.85690160;-43.48653650;fundamental_ii;municipal;ativa;geral;nao;AV CENTRAL, S/N VILA KENNEDY. BANGU. 21850-390 Rio de Janeiro - RJ.
33080470;0817075 EM GENERAL TASSO FRAGOSO;-22.86913700;-43.45146066;fundamental_ii;municipal;ativa;geral;nao;RUA MARECHAL MARCIANO, SN PADRE MIGUEL. 21870-311 Rio de Janeiro - RJ.
33080852;0817076 EM ORESTES BARBOSA;-22.85219030;-43.49311250;fundamental_ii;municipal;ativa;geral;nao;RUA EDUARDO SOUTO, S/N VILA KENNEDY. BANGU. 21853-300 Rio de Janeiro - RJ.
33081255;0817077 EM WOLF KLABIN;-22.84366120;-43.51834800;infantil|fundamental_i;municipal;ativa;geral;nao;ESTRADA DO GUANDU DO SENA, 5860 BANGU. 21854-002 Rio de Janeiro - RJ.
33080356;0817078 EM EDSON CARNEIRO;-22.86885550;-43.48369320;fundamental_i;municipal;ativa;geral;nao;ESTRADA DO TAQUARAL RUA F, SN CJ TAQUARAL. SENADOR CAMARA. 21842-550 Rio de Janeiro - RJ.
33080623;0817079 EM JORGE ZARUR;-22.85358039;-43.49017287;infantil|fundamental_i;municipal;ativa;geral;nao;RUA PAULINO DO SACRAMENTO, 1353 VILA KENNEDY. 21853-060 Rio de Janeiro - RJ.
33080135;0817080 EM ASTROJILDO PEREIRA;-22.86281670;-43.46507040;fundamental_i;municipal;ativa;geral;nao;PRACA DOS PERDOES, SN PARQUE FORMOSO. BANGU. 21862-300 Rio de Janeiro - RJ.
33080232;0817081 EM CORONEL JOSE GOMES MOREIRA;-22.86036633;-43.48682015;fundamental_i;municipal;ativa;geral;nao;R ELMO CORREA CONJ SG MIGUEL F, VILA KENNEDY. BANGU. 21850-010 Rio de Janeiro - RJ.
33080658;0817082 EM JOSE MAURO DE VASCONCELOS;-22.85040250;-43.46691770;fundamental_i;municipal;ativa;geral;nao;RUA MARLIERIA, SEM NUMERO BANGU. 21863-340 Rio de Janeiro - RJ.
33080631;0817083 EM JORNALISTA SANDRO MOREYRA;-22.84974400;-43.46392580;fundamental_ii;municipal;ativa;geral;nao;R. ROQUE BARBOSA, S/N CI J. SALDANHA. JD BANGU. 21863-425 Rio de Janeiro - RJ.
33080950;0817084 EM PREFEITO JUAREZ ANTUNES;-22.84489010;-43.48991700;fundamental_ii;municipal;ativa;geral;nao;R. AMSTERDAM, S/N BANGU. 21854-150 Rio de Janeiro - RJ.
33100551;0817127 EM AYRTON SENNA DA SILVA;-22.86412400;-43.47788930;infantil|fundamental_i;municipal;ativa;geral;nao;ESTRADA DO TAQUARAL, 100 QD 03. BANGU. 21842-550 Rio de Janeiro - RJ.
33146098;0817128 EM AUSTRAGESILO DE ATAYDE;-22.86923960;-43.48146780;infantil|fundamental_i|fundamental_ii;municipal;ativa;geral;nao;RUA PROFESSOR EDGARD MAGALHAES SILVA, SN SENADOR CAMARA. 21842-515 Rio de Janeiro - RJ.
33161062;0817132 EM RAPHAEL ALMEIDA MAGALHAES;-22.84520980;-43.46424490;fundamental_i|fundamental_ii;municipal;ativa;geral;nao;RUA DA CEGONHA, S/N JARDIM BANGU II. BANGU. 21866-000 Rio de Janeiro - RJ.
33184593;0817133 EM PROFESSORA IVONE NUNES FERREIRA;-22.87937281;-43.48687991;fundamental_i;municipal;ativa;geral;nao;RUA CANTOR PERY RIBEIRO, S/N SENADOR CAMARA. 21830-493 Rio de Janeiro - RJ.
33079072;0817202 CIEP AMILCAR CABRAL;-22.89398390;-43.47277230;infantil|fundamental_i;municipal;ativa;geral;nao;RUA ENG PAULA LOPES, S/N BANGU. 21825-420 Rio de Janeiro - RJ.
33079218;0817207 CIEP VILA KENNEDY;-22.84701030;-43.37439250;infantil|fundamental_i;municipal;ativa;geral;nao;RUA PAULINO DO SACRAMENTO, SN BANGU. 21853-000 Rio de Janeiro - RJ.
33079102;0817501 CIEP GILBERTO FREYRE;-22.87091712;-43.49279139;infantil|fundamental_i;municipal;ativa;geral;nao;ESTRADA DO TAQUARAL, S/N SENADOR CAMARA. 21842-550 Rio de Janeiro - RJ.
33079188;0817502 CIEP PROFESSORA CELIA MARTINS MENNA BARRETO;-22.88857770;-43.47039230;infantil|fundamental_i;municipal;ativa;geral;nao;RUA MONGOLIA, S/N BANGU. 21825-120 Rio de Janeiro - RJ.
33079161;0817503 CIEP PADRE PAULO CORREA DE SA;-22.89151130;-43.45095000;infantil|fundamental_i;municipal;ativa;geral;nao;AV FRANCISCO BRICIO, 0 PADRE MIGUEL. 21775-180 Rio de Janeiro - RJ.
33084050;0817504 CIEP ANTONIO EVARISTO DE MORAES;-22.88180500;-43.48734730;infantil|fundamental_i;municipal;ativa;geral;nao;AVENIDA SANTA CRUZ, SN SENADOR CAMARA. 21830-008 Rio de Janeiro - RJ.
33079137;0817505 CIEP MARECHAL JULIO CAETANO HORTA BARBOSA;-22.88413000;-43.47906000;infantil|fundamental_i;municipal;ativa;geral;nao;RUA JOAO DE LACERDA, BANGU. 21820-220 Rio de Janeiro - RJ.
33079153;0817506 CIEP OLOF PALME;-22.86489243;-43.47452414;infantil|fundamental_i;municipal;ativa;geral;nao;ESTRADA DO TAQUARAL, S/N BANGU. 21842-550 Rio de Janeiro - RJ.
33079145;0817507 CIEP MESTRE ANDRE;-22.87448805;-43.44832700;infantil|fundamental_i|fundamental_ii;municipal;ativa;geral;nao;PCA DO TRABALHADOR, S/N PADRE MIGUEL. 21875-110 Rio de Janeiro - RJ.
33079170;0817508 CIEP POETA CRUZ E SOUSA;-22.86914050;-43.45911740;infantil|fundamental_i;municipal;ativa;geral;nao;RUA PROFESSOR ALFREDO COSTA, BANGU. 21870-200 Rio de Janeiro - RJ.
33079110;0817509 CIEP MAESTRINA CHIQUINHA GONZAGA;-22.86651406;-43.47106940;infantil|fundamental_i;municipal;ativa;geral;nao;ESTRADA DO ENGENHO, S/N BANGU. 21840-000 Rio de Janeiro - RJ.
33144770;0817601 CM JOSE FELIX;-22.87475667;-43.50390667;infantil;municipal;ativa;geral;nao;RUA CENIRA CAMPOS, S/N SENADOR CAMARA. 21843-715 Rio de Janeiro - RJ.
33080011;0817602 CM VILA PROGRESSO;-22.86135758;-43.49524021;infantil;municipal;ativa;geral;nao;RUA LUCIO FLORIN - VILA KENNEDY, 28 BANGU. 21852-418 Rio de Janeiro - RJ.
33095043;0817603 CM DENTE DE LEITE;-22.85007174;-43.46090498;infantil;municipal;ativa;geral;nao;RUA COLEIRO, S/N BANGU. 21865-080 Rio de Janeiro - RJ.
33124841;0817604 CM DRAMATURGO ALFREDO DE FREITAS DIAS GOMES;-22.84685488;-43.46576742;infantil;municipal;ativa;geral;nao;RUA ROQUE BARBOSA, S/N JARDIM BANGU. BANGU. 21863-425 Rio de Janeiro - RJ.
33095000;0817605 CM MANE GARRINCHA II;-22.87810780;-43.48075340;infantil;municipal;ativa;geral;nao;AVENIDA CARLOS SAMPAIO CORREIA, 34 QD G LOTE. BANGU. 21831-300 Rio de Janeiro - RJ.
33122032;0817606 CM MEIMEI;-22.86315673;-43.44451164;infantil;municipal;ativa;geral;nao;ESTRADA GENERAL AMERICANO FREIRE, S/N REALENGO. 21720-140 Rio de Janeiro - RJ.
33126810;0817607 CM MULHERES DO QUAFA;-22.84967333;-43.48747667;infantil;municipal;ativa;geral;nao;RUA JOAQUIM COUTINHO CAVALCANTE, S/N BANGU. 21853-357 Rio de Janeiro - RJ.
33126372;0817608 CM NOVA ALIANCA;-22.87249060;-43.47400250;infantil;municipal;ativa;geral;nao;RUA DO MAGISTRADO, 168 VILA ALIANCA. BANGU. 21842-420 Rio de Janeiro - RJ.
33084530;0817609 CM RECANTO FELIZ;-22.86861500;-43.45944670;infantil;municipal;ativa;geral;nao;RUA PROFESSOR ALFREDO COSTA, S/N BANGU. 21870-200 Rio de Janeiro - RJ.
33094993;0817610 CM SEMPRE VIDA FAZENDA COQUEIROS;-22.86968240;-43.50275450;infantil;municipal;ativa;geral;nao;RUA MORA GUIMARAES, S/N SENADOR CAMARA. 21842-550 Rio de Janeiro - RJ.
33095019;0817611 CM TIA ELZA;-22.86777642;-43.45399804;infantil;municipal;ativa;geral;nao;RUA BOM SOSSEGO, 382 PADRE MIGUEL. 21870-390 Rio de Janeiro - RJ.
33122075;0817612 CM VILA KENNEDY;-22.88459630;-43.46832150;infantil;municipal;ativa;geral;nao;RUA TUNIS, 46 VILA KENNEDY. 21850-360 Rio de Janeiro - RJ.
33121052;0817613 CM CELIA ALENCAR;-22.87551090;-43.44120140;infantil;municipal;ativa;geral;nao;RUA BERNARDO DE VASCONCELOS, 2027 REALENGO. 21721-000 Rio de Janeiro - RJ.
33150370;0817614 CM FAZENDA COQUEIROS II;-22.86940240;-43.49561260;infantil;municipal;ativa;geral;nao;TRAVESSA URANO, S/N BANGU. 21860-545 Rio de Janeiro - RJ.
33150389;0817615 CM VILA UNIAO DA PAZ;-22.86363969;-43.45737820;infantil;municipal;ativa;geral;nao;RUA SARGENTO JOAO LIMA, S/N BANGU. 21860-190 Rio de Janeiro - RJ.
33154724;0817616 CM PROFESSORA MARIA ASSUMPCAO;-22.86496109;-43.46808844;infantil;municipal;ativa;geral;nao;RUA ESPERANCA, 23 VILA MORETI. BANGU. 21862-520 Rio de Janeiro - RJ.
33158126;0817617 CM JOSE MANOEL IBARRA PEREZ;-22.84777199;-43.47273443;infantil;municipal;ativa;geral;nao;TRAVESSA TRES MARIAS, S/N VILA CATIRI. BANGU. 21864-063 Rio de Janeiro - RJ.
33153159;0817618 CM JANETE CLAIR;-22.87735900;-43.49984338;infantil;municipal;ativa;geral;nao;ESTRADA DE OLARIA VELHA, S/N SANTISSIMO. 23010-110 Rio de Janeiro - RJ.
33230005;0817619 CM PROFESSORA REGINA MARIA DA MATTA MONTEZANO;-22.86782080;-43.47464060;infantil;municipal;ativa;geral;nao;RUA CAMINHO DO LUCIO, SN BANGU. 21840-600 Rio de Janeiro - RJ.
33523223;0817801 EDI PROFESSORA TANIA MARIA LARRUBIA GOMES;-22.88820010;-43.47107800;infantil;municipal;ativa;geral;nao;RUA MONGOLIA, S/N BANGU. 21825-120 Rio de Janeiro - RJ.
33519340;0817802 EDI PROFESSOR REINALDO JOSE DE ARAGAO BARBOSA;-22.84995190;-43.46404710;infantil;municipal;ativa;geral;nao;RUA ROQUE BARBOSA, SN BANGU. 21863-420 Rio de Janeiro - RJ.
33162077;0817803 EDI JOSE EPHIM MINDLIN;-22.86906525;-43.48598018;infantil;municipal;ativa;geral;nao;RUA Q, S/N TAQUARAL. SENADOR CAMARA. 21842-716 Rio de Janeiro - RJ.
33160961;0817804 EDI PROFESSORA EDITH MARQUES DE SOUZA;-22.86830580;-43.45681830;infantil;municipal;ativa;geral;nao;RUA DO ACAFRAO, S/N BANGU. 21870-330 Rio de Janeiro - RJ.
33163561;0817805 EDI RAFAEL PEREIRA DA SILVA;-22.85723640;-43.45359140;infantil;municipal;ativa;geral;nao;RUA SANTA EBBA, S/N PADRE MIGUEL. 21725-010 Rio de Janeiro - RJ.
33163596;0817806 EDI PROFESSORA MARIA YEDDA LEITE LINHARES;-22.84511000;-43.46949820;infantil;municipal;ativa;geral;nao;RUA CHARLEY FAYAL, S/N BANGU. 21866-320 Rio de Janeiro - RJ.
33163600;0817807 EDI MARIA DO CARMO SOUZA PIRAN;-22.86474870;-43.47111030;infantil;municipal;ativa;geral;nao;RUA MANOEL FRANCISCO SILVA, S/N BANGU. 21862-620 Rio de Janeiro - RJ.
33167958;0817808 EDI PROFESSOR ANTONIO FLAVIO PIERUCCI;-22.87981960;-43.48985330;infantil;municipal;ativa;geral;nao;RUA CORTE REAL, S/N SENADOR CAMARA. 21833-010 Rio de Janeiro - RJ.
33080550;0817809 EDI REPUBLICA ARABE UNIDA;-22.87590556;-43.46856301;infantil;municipal;ativa;geral;nao;AVENIDA DE SANTA CRUZ, 4773 BANGU. 21810-015 Rio de Janeiro - RJ.
33080186;0817810 EDI VILA DO VINTEM;-22.87156900;-43.44948510;infantil;municipal;ativa;geral;nao;RUA GAL GOMES DE CASTRO, 360 ENTRADA RUA F. PADRE MIGUEL. 21721-000 Rio de Janeiro - RJ.
33080569;0817811 EDI NORBERTINA DE SOUZA GOUVEIA;-22.85576936;-43.48544765;infantil;municipal;ativa;geral;nao;AV ETIOPIA, S/N VILA KENNEDY. BANGU. 21852-010 Rio de Janeiro - RJ.
33078882;0817812 EDI TAQUARAL;-22.86862770;-43.48417380;infantil;municipal;ativa;geral;nao;RUA M, 74 CJ TAQUARAL. BANGU. 21842-778 Rio de Janeiro - RJ.
33078890;0817813 EDI VILA KENNEDY;-22.86004620;-43.48690865;infantil;municipal;ativa;geral;nao;RUA MARIA REGINA MARCONDES PINTO, S/N VILA KENNEDY. BANGU. 21850-240 Rio de Janeiro - RJ.
33167974;0817814 EDI PROFESSORA GIOVANA BANSI;-22.89500290;-43.49039250;infantil;municipal;ativa;geral;nao;RUA JABOTICATUBAS, S/N SENADOR CAMARA. 21832-340 Rio de Janeiro - RJ.
33171130;0817815 EDI SENHOR JOAO GOMES;-22.86910000;-43.47768000;infantil;municipal;ativa;geral;nao;RUA DO DESENHISTA, S/N BANGU. 21842-030 Rio de Janeiro - RJ.
33080917;0817816 EDI PEDRO MOACYR;-22.87073560;-43.44981610;infantil;municipal;ativa;geral;nao;RUA GENERAL GOMES DE CASTRO, 300 PADRE MIGUEL. 21721-000 Rio de Janeiro - RJ.
33087172;0833001 EM MADRE BENEDITA;-22.84968020;-43.38327510;fundamental_ii;municipal;ativa;geral;nao;RUA ESCRITOR OSMAN LINS, 516 GUADALUPE. 21670-450 Rio de Janeiro - RJ.
33087326;0833002 EM PROFESSORA JURACY SILVEIRA;-22.85363590;-43.38236780;infantil|fundamental_i;municipal;ativa;geral;nao;RUA PASTOR JOSE RAMALHO, S/N DEODORO. 21670-200 Rio de Janeiro - RJ.
33080399;0833004 EM ENGENHEIRO LAFAYETTE DE ANDRADE;-22.85633482;-43.38659471;fundamental_i|fundamental_ii;municipal;ativa;geral;nao;AV DUQUE DE CAXIAS, 170 DEODORO. 21615-220 Rio de Janeiro - RJ.
33080038;0833005 EEM MARECHAL MASCARENHAS DE MORAES;-22.85525410;-43.38587000;infantil|fundamental_i;municipal;ativa;geral;nao;AV DUQUE DE CAXIAS, 26 VILA MILITAR. DEODORO. 21615-220 Rio de Janeiro - RJ.
33081123;0833007 EM ROSA DA FONSECA;-22.86420980;-43.40307820;fundamental_ii;municipal;ativa;geral;nao;PRACA MARECHAL,, 30 VILA MILITAR. 21615-140 Rio de Janeiro - RJ.
33080240;0833009 EM CEL PM FLAVIO MARTINS ALBUQUERQUE;-22.88504620;-43.39666850;infantil|fundamental_i;municipal;ativa;geral;nao;AVENIDA MARECHAL FONTENELLE, 2756 CAMPO DOS AFONSOS. 21740-002 Rio de Janeiro - RJ.
33080194;0833010 EM CAMPO DOS AFONSOS;-22.88021063;-43.37713581;fundamental_ii;municipal;ativa;geral;nao;AV. MARECHAL FONTENELLE, 755 RUA D, N 44. MARECHAL HERMES. 21361-640 Rio de Janeiro - RJ.
33081239;0833011 EM VISCONDE DE PORTO SEGURO;-22.88927410;-43.39241530;fundamental_ii;municipal;ativa;geral;nao;RUA TEOFILO GUIMARAES, 604 SULACAP. 21741-040 Rio de Janeiro - RJ.
33080062;0833012 EM ALVARO ALVIM;-22.86607270;-43.41835700;fundamental_i|fundamental_ii;municipal;ativa;geral;nao;RUA TEMISTOCLES SAVIO, SEM N MAGALHAES BASTOS. 21735-090 Rio de Janeiro - RJ.
33080933;0833013 EM POLONIA;-22.87821080;-43.41078050;fundamental_i;municipal;ativa;geral;nao;RUA FRANCISCO MUZI, S/N MAGALHAES BASTOS. 21750-130 Rio de Janeiro - RJ.
33080259;0833014 EM CHURCHILL;-22.87410360;-43.41680490;fundamental_i;municipal;ativa;geral;nao;RUA MAXIMIANO MACHADO, MAGALHAES BASTOS. 21710-450 Rio de Janeiro - RJ.
33080771;0833016 EM MARIO CASASANTA;-22.87434140;-43.41690900;fundamental_ii;municipal;ativa;geral;nao;RUA MACIEL PINHEIRO, SN MAGALHAES BASTOS. 21710-460 Rio de Janeiro - RJ.
33080518;0833017 EM GUIMARAES ROSA;-22.87411083;-43.41088579;fundamental_ii;municipal;ativa;geral;nao;RUA RIO DOURADO, S/N MAGALHAES BASTOS. 21745-380 Rio de Janeiro - RJ.
33080968;0833018 EM PRESIDENTE HUMBERTO DE ALENCAR CASTELO BRANCO;-22.88124312;-43.41336374;fundamental_ii;municipal;ativa;geral;nao;AVENIDA MARECHAL FONTENELLE, 4519 MAGALHAES BASTOS. 21750-121 Rio de Janeiro - RJ.
33080720;0833019 EM LIMA BARRETO;-22.86710820;-43.42457280;fundamental_ii;municipal;ativa;geral;nao;RUA OLAVO SOUSA AGUIAR, S / N REALENGO. 21735-220 Rio de Janeiro - RJ.
33080305;0833020 EM CORINTHO DA FONSECA;-22.85888250;-43.44386630;fundamental_i|fundamental_ii;municipal;ativa;geral;nao;RUA URUQUE, S/N REALENGO. 21725-110 Rio de Janeiro - RJ.
33080224;0833021 EM CORONEL CORSINO DO AMARANTE;-22.87547150;-43.43690700;infantil|fundamental_i;municipal;ativa;geral;nao;RUA DO IMPERADOR, 62 REALENGO. 21715-073 Rio de Janeiro - RJ.
33080836;0833022 EM NICARAGUA;-22.87584600;-43.43782570;fundamental_ii;municipal;ativa;geral;nao;AVENIDA DE SANTA CRUZ, 1015 REALENGO. 21710-231 Rio de Janeiro - RJ.
33080925;0833023 EM PINTOR LAZAR SEGALL;-22.87710905;-43.44027093;infantil|fundamental_i;municipal;ativa;geral;nao;PRACA ESTADO DE ISRAEL, REALENGO. 21715-210 Rio de Janeiro - RJ.
33080984;0833024 EM PRESIDENTE ROOSEVELT;-22.87028600;-43.43904470;infantil|fundamental_i|fundamental_ii;municipal;ativa;geral;nao;RUA MARECHAL FALCAO DA FROTA, S/N REALENGO. 21720-020 Rio de Janeiro - RJ.
33080496;0833025 EM GIL VICENTE;-22.87562700;-43.43754080;fundamental_ii;municipal;ativa;geral;nao;RUA BERNARDO DE VASCONCELOS, 1680 REALENGO. 21715-252 Rio de Janeiro - RJ.
33081077;0833026 EM RAMIZ GALVAO;-22.88095830;-43.41690160;fundamental_ii;municipal;ativa;geral;nao;PRACA RICARDO GONCALVES, S/ N REALENGO. 21750-420 Rio de Janeiro - RJ.
33080666;0833027 EM JOSE PANCETTI;-22.88576630;-43.39912110;fundamental_i;municipal;ativa;geral;nao;RUA MANDACARU, 166 REALENGO. 21755-370 Rio de Janeiro - RJ.
33080151;0833029 EM AZUL E BRANCO;-22.88879454;-43.41788158;fundamental_i;municipal;ativa;geral;nao;AV FREDERICO FAULHABER, 303 REALENGO. 21760-000 Rio de Janeiro - RJ.
33080542;0833030 EM JACQUES RAIMUNDO;-22.87942255;-43.42673476;fundamental_ii;municipal;ativa;geral;nao;R RERITUBA, SN REALENGO. 21710-170 Rio de Janeiro - RJ.
33081182;0833031 EM TASSO DA SILVEIRA;-22.88411590;-43.41713380;fundamental_ii;municipal;ativa;geral;nao;RUA GENERAL BERNARDINO DE MATOS, S/N REALENGO. 21750-480 Rio de Janeiro - RJ.
33081174;0833032 EM STELLA GUERRA DUVAL;-22.88322820;-43.42662850;infantil|fundamental_i;municipal;ativa;geral;nao;RUA CAPITAO TEIXEIRA, S/N REALENGO. 21755-000 Rio de Janeiro - RJ.
33080321;0833033 EM DALVA DE OLIVEIRA;-22.89296450;-43.41890880;fundamental_ii;municipal;ativa;geral;nao;ESTR MANUEL NOGUEIRA DE SA, S/N REALENGO. 21745-290 Rio de Janeiro - RJ.
33081158;0833034 EM SENADOR CAMARA;-22.86755320;-43.43002780;infantil|fundamental_i;municipal;ativa;geral;nao;RUA OLINDA, 57 REALENGO. 21730-040 Rio de Janeiro - RJ.
33080178;0833035 EM BARONESA DE SAAVEDRA;-22.87184909;-43.43246198;infantil|fundamental_i;municipal;ativa;geral;nao;RUA MARECHAL BIBIANO COSTALAT, REALENGO. 21735-350 Rio de Janeiro - RJ.
33080895;0833036 EM PAULO MARANHAO;-22.89293815;-43.44152474;fundamental_i;municipal;ativa;geral;nao;RUA DO GOVERNO, 866 REALENGO. 21770-100 Rio de Janeiro - RJ.
33080208;0833037 EM CARLOS MAUL;-22.88240970;-43.42828780;fundamental_i;municipal;ativa;geral;nao;RUA DO ESPADARTE, CJ D PEDRO I. REALENGO. 21755-010 Rio de Janeiro - RJ.
33080410;0833038 EM ESTADO DE ISRAEL;-22.88689060;-43.43488070;infantil|fundamental_i|fundamental_ii;municipal;ativa;geral;nao;RUA DOS LIMITES, S/N REALENGO. 21715-150 Rio de Janeiro - RJ.
33080143;0833039 EM ATILA NUNES;-22.88594350;-43.42524330;fundamental_ii;municipal;ativa;geral;nao;RUA DO JAMBO, REALENGO. 21755-070 Rio de Janeiro - RJ.
33081107;0833040 EM RONDON;-22.89424350;-43.44518640;fundamental_ii;municipal;ativa;geral;nao;R CLAUDINO BARATA, 1267 BARATA. REALENGO. 21770-200 Rio de Janeiro - RJ.
33080798;0833041 EM MIGUEL RAMALHO NOVO;-22.89118480;-43.43164270;fundamental_ii;municipal;ativa;geral;nao;RUA FRANCISCO PRADO, S/N REALENGO. 21765-240 Rio de Janeiro - RJ.
33080909;0833042 EM PADRE LEONEL FRANCA;-22.88348490;-43.42948900;fundamental_i|fundamental_ii;municipal;ativa;geral;nao;AVENIDA CANAL, SN REALENGO. 21755-410 Rio de Janeiro - RJ.
33081190;0833043 EM TENENTE CEL PM EDUARDO VILLACA;-22.89453180;-43.43317950;infantil|fundamental_i;municipal;ativa;geral;nao;R. ANTONIO SIMOES MARTINS, 4 REALENGO. 21765-120 Rio de Janeiro - RJ.
33080313;0833045 EM COSTA DO MARFIM;-22.86477760;-43.42515170;fundamental_i;municipal;ativa;geral;nao;RUA PEDRO NAVA, 0 S/N. REALENGO. 21730-680 Rio de Janeiro - RJ.
33081000;0833046 EM PROFESSOR AFONSO HENRIQUE SALDANHA;-22.88452180;-43.42667800;infantil;municipal;ativa;geral;nao;RUA PAULA NEI, S/N CONJ D PEDRO I. REALENGO. 21760-030 Rio de Janeiro - RJ.
33080739;0833048 EM LUIS DA CAMARA CASCUDO;-22.88158610;-43.41643280;fundamental_i;municipal;ativa;geral;nao;RUA DO CACAU, S/N PIRAQUARA. REALENGO. 21750-350 Rio de Janeiro - RJ.
33079099;0833201 CIEP FREI VELOSO;-22.88190450;-43.42690220;infantil|fundamental_i;municipal;ativa;geral;nao;RUA FRANKLIN TAVORA, S/N REALENGO. 21710-030 Rio de Janeiro - RJ.
33081034;0833501 EM PROFESSOR IVAN ROCCO MARCHI;-22.85368060;-43.39576570;fundamental_i|fundamental_ii;municipal;ativa;geral;nao;AVENIDA BRASIL, SN CJ PROMORAR. DEODORO. 21615-332 Rio de Janeiro - RJ.
33079129;0833502 CIEP MARECHAL HENRIQUE TEIXEIRA LOTT;-22.86307834;-43.44519526;fundamental_i|fundamental_ii;municipal;ativa;geral;nao;ESTR GAL AMERICANO FREIRE, S/N. REALENGO. 21720-140 Rio de Janeiro - RJ.
33079200;0833503 CIEP THOMAS JEFFERSON;-22.86644671;-43.42531029;infantil|fundamental_i|fundamental_ii;municipal;ativa;geral;nao;ESTR DO ENGENHO NOVO, S/N REALENGO. 21730-320 Rio de Janeiro - RJ.
33079196;0833504 CIEP FRANCISCO SOLANO TRINDADE;-22.89024085;-43.43034513;infantil|fundamental_i;municipal;ativa;geral;nao;RUA ALCIDES BEZERRA, S/N REALENGO. 21765-250 Rio de Janeiro - RJ.
33079080;0833505 CIEP ARACY DE ALMEIDA CANTORA;-22.88940071;-43.38442914;infantil|fundamental_i;municipal;ativa;geral;nao;RUA DIRCEU, S/N JARDIM SULACAP. 21740-440 Rio de Janeiro - RJ.
33104867;0833601 CM CASA DE REALENGO;-22.88068040;-43.43057080;infantil;municipal;ativa;geral;nao;RUA DR. LESSA, S/N REALENGO. 21710-190 Rio de Janeiro - RJ.
33121958;0833602 CM JULINHO CACAU;-22.89721462;-43.26840377;infantil;municipal;ativa;geral;nao;R. TABELIAO LUIZ GUARANA, 160 REALENGO. 21750-450 Rio de Janeiro - RJ.
33122172;0833603 CM SILVEIRINHA;-22.85325500;-43.39619320;infantil;municipal;ativa;geral;nao;R CALIXTO DA SILVA, S/N PRO-MORAR II. DEODORO. 21616-180 Rio de Janeiro - RJ.
33163618;0833801 EDI GESSICA GUEDES PEREIRA;-22.88742330;-43.41069000;infantil;municipal;ativa;geral;nao;RUA ORLANDO CORREA, SEM NUMERO REALENGO. 21746-050 Rio de Janeiro - RJ.
33163626;0833802 EDI PROFESSORA ZENA ELIAN;-22.86281835;-43.44511597;infantil;municipal;ativa;geral;nao;GENERAL AMERICANO FREIRE, S/N REALENGO. 21720-140 Rio de Janeiro - RJ.
33080216;0833803 EDI FREI ORLANDO;-22.86012333;-43.39095167;infantil;municipal;ativa;geral;nao;AV DUQUE DE CAXIAS, S/N AO LADO DO 760. VILA MILITAR. 21615-220 Rio de Janeiro - RJ.
33080860;0833804 EDI ORIGENES LESSA;-22.88860000;-43.41780000;;municipal;paralisada;geral;nao;FREDERICO FAULHABER, JARDIM NOVO REALENGO. 21760-000 Rio de Janeiro - RJ.
33086451;0833805 EDI DEODORO;-22.85564280;-43.38991970;infantil;municipal;ativa;geral;nao;ESTRADA MARECHAL ALENCASTRO, S/N DEODORO. 21615-320 Rio de Janeiro - RJ.
33167982;0833806 EDI PROFESSOR CRISTIANO PINTO DE MORAES BISPO;-22.89509760;-43.44805440;infantil;municipal;ativa;geral;nao;RUA FEIRA NOVA, S/N REALENGO. 21770-410 Rio de Janeiro - RJ.
33171149;0833807 EDI LUIZA PAULA DA SILVEIRA MACHADO;-22.88940780;-43.41812670;infantil;municipal;ativa;geral;nao;RUA SANTA LEOPOLDINA, REALENGO. 21760-230 Rio de Janeiro - RJ.
33175764;0833808 EDI PROFESSORA VANUZIA BASTOS DA SILVA;-22.86034250;-43.44617200;infantil;municipal;ativa;geral;nao;RUA HELIO DO AMARAL, S/N REALENGO. 21725-180 Rio de Janeiro - RJ.
33176906;0833809 EDI PROFESSORA MARIA CECILIA FERREIRA;-22.85962265;-43.44363257;infantil;municipal;ativa;geral;nao;RUA URUQUE, S/N REALENGO. 21725-180 Rio de Janeiro - RJ.
33179115;0833810 EDI MEDALHISTA OLIMPICO SERGIO DUTRA DOS SANTOS;-22.85924230;-43.43042620;infantil;municipal;ativa;geral;nao;RUA SAO DAGOBERTO, SN REALENGO. REALENGO. 21730-450 Rio de Janeiro - RJ.
33179123;0833811 EDI MEDALHISTA OLIMPICA RAFAELA LOPES SILVA;-22.86911261;-43.41425180;infantil;municipal;ativa;geral;nao;RUA SALUSTIANO SILVA, 0 MAGALHAES BASTOS. 21745-590 Rio de Janeiro - RJ.
33080283;0833812 EDI CONDESSA PEREIRA CARNEIRO;-22.85359350;-43.39630230;infantil;municipal;ativa;geral;nao;R CALIXTO SILVA, SN GLEBA A QUADRA 1. DEODORO. 21616-180 Rio de Janeiro - RJ.
33080119;0833813 EDI ARACY MUNIZ FREIRE;-22.88027220;-43.41206400;infantil;municipal;ativa;geral;nao;PRACA DOUTOR JOSE PONTES, SEM NUMERO MAGALHAES BASTOS. 21750-060 Rio de Janeiro - RJ.
33080461;0833814 EDI GABRIEL SOARES DE SOUZA;-22.88027470;-43.42403520;infantil;municipal;ativa;geral;nao;RUA ADOLFO KONDER, REALENGO. 21710-060 Rio de Janeiro - RJ.
33080364;0833815 EDI EDUARDO DE ALMEIDA CARDOSO;-22.88897910;-43.41766180;infantil;municipal;ativa;geral;nao;AV FREDERICO FAULHABER, S/N REALENGO. 21760-000 Rio de Janeiro - RJ.
33122253;09001 - CRECHE COMUTNITARIA SANTA RITA;-22.90925000;-43.53272000;infantil;privada;ativa;geral;sim;RUA ORLANDO RICCI, S/N LOTE 2 QUADRA B. CAMPO GRANDE. 23016-415 Rio de Janeiro - RJ.
33122296;09002 - CRECHE CAPELA SAGRADA FAMILIA;-22.90455000;-43.53513000;infantil;privada;ativa;geral;sim;RUA CAMPOS ALTOS, 16 QUADRA G. SENADOR VASCONCELOS. 23013-290 Rio de Janeiro - RJ.
33122482;09003 - CRECHE COMUNITARIA SAO JORGE;-22.92409000;-43.52993000;infantil;privada;ativa;geral;sim;RUA VIRGILIO BAHIA, 15 SAO JORGE. CAMPO GRANDE. 23017-010 Rio de Janeiro - RJ.
33164886;09004 - CRECHE E PRE-ESCOLA CANTINHO DO SABER;-22.89190340;-43.60436820;infantil;privada;ativa;geral;sim;RUA ITAMBARACA, 670 LOTE 23 QUADRA 82. CAMPO GRANDE. 23060-070 Rio de Janeiro - RJ.
33177058;09007 - INSTITUTO AVELINO 2;-22.90732978;-43.57729058;infantil;privada;ativa;geral;sim;RUA ARCILIO PAPINI, 17 FD. CAMPO GRANDE. 23050-150 Rio de Janeiro - RJ.
33082545;0918001 EM ALBA CANIZARES DO NASCIMENTO;-22.91060940;-43.59562960;fundamental_ii;municipal;ativa;geral;nao;RUA PROFO SOUZA MOREIRA, 301 INHOAIBA. 23059-540 Rio de Janeiro - RJ.
33083282;0918002 EM PROFESSORA ORMINDA RODRIGUES;-22.90960000;-43.59570000;infantil|fundamental_i;municipal;ativa;geral;nao;RUA PROF SOUZA MOREIRA, 363 INHOAIBA. 23059-540 Rio de Janeiro - RJ.
33082979;0918003 EM IVA GOMES RIBEIRO;-22.91415890;-43.58519020;infantil|fundamental_i;municipal;ativa;geral;nao;RUA PEDRO AUTRAN, S/ N INHOAIBA. 23059-100 Rio de Janeiro - RJ.
33082634;0918004 EM ATENAS;-22.89648500;-43.59207667;fundamental_i|fundamental_ii;municipal;ativa;geral;nao;RUA HORIZONTINA, COSMOS. 23063-380 Rio de Janeiro - RJ.
33083061;0918005 EM LYCIO DE SOUZA CARVALHO;-22.89143170;-43.59608900;fundamental_i|fundamental_ii;municipal;ativa;geral;nao;R SOLDADO SEBASTIAO VIANA, RUA CAPELA S. JOSE. INHOAIBA. 23063-230 Rio de Janeiro - RJ.
33082464;0918006 EM PROFESSOR AUGUSTO JOSE MACHADO;-22.90162460;-43.60001380;fundamental_i;municipal;ativa;geral;nao;RUA JOSE DOS SANTOS, 30 BLOCO II. INHOAIBA. 23062-160 Rio de Janeiro - RJ.
33083177;0918007 EM PRESIDENTE ANTONIO CARLOS;-22.91088570;-43.61619680;fundamental_ii;municipal;ativa;geral;nao;RUA PEQUIA, S/N COSMOS. 23060-470 Rio de Janeiro - RJ.
33082553;0918008 EM ALBERTO NEPOMUCENO;-22.91471251;-43.60746248;fundamental_i|fundamental_ii;municipal;ativa;geral;nao;R IRINEU JOFFLY, S/N COSMOS. 23059-100 Rio de Janeiro - RJ.
33083371;0918009 EM ROMULO GALLEGOS;-22.88894780;-43.60182870;fundamental_i;municipal;ativa;geral;nao;RUA ITAMBARACA, SANTA MARGARIDA. COSMOS. 23060-070 Rio de Janeiro - RJ.
33082669;0918010 EM BARAO DE SANTA MARGARIDA;-22.88906320;-43.60461410;fundamental_ii;municipal;ativa;geral;nao;RUA COREMAS, 358 SANTA MARGARIDA. COSMOS. 23060-040 Rio de Janeiro - RJ.
33083266;0918011 EM PROFESSOR MANOEL MAURICIO;-22.88729270;-43.60979980;fundamental_i|fundamental_ii;municipal;ativa;geral;nao;RUA MARCORAMA SANTA MARGARIDA, CAMPO GRANDE. 23068-000 Rio de Janeiro - RJ.
33083207;0918012 EM PROFESSORA MARIA LUIZA LIMA E SILVA;-22.91530550;-43.61275150;fundamental_i;municipal;ativa;geral;nao;RUA FRANCA LEITE, S/N COSMOS. 23059-380 Rio de Janeiro - RJ.
33083479;0918013 EM VENEZUELA;-22.90633830;-43.56065940;fundamental_i|fundamental_ii;municipal;ativa;geral;nao;RUA AMARAL COSTA, 37 CAMPO GRANDE. 23050-260 Rio de Janeiro - RJ.
33083460;0918016 EM UBALDINA DIAS JACARE;-22.90556833;-43.54941833;fundamental_i|fundamental_ii;municipal;ativa;geral;nao;R S DOMICIANO, S/N V SAO JOAO. CAMPO GRANDE. 23052-330 Rio de Janeiro - RJ.
33082561;0918017 EM ALFREDO CESARIO ALVIM;-22.92314510;-43.51899060;infantil|fundamental_i|fundamental_ii;municipal;ativa;geral;nao;RUA LUIZA DE MARILAC, 20 RIO DA PRATA. CAMPO GRANDE. 23017-530 Rio de Janeiro - RJ.
33082456;0918019 EM JOAO PROENCA;-22.91753990;-43.55842970;fundamental_ii;municipal;ativa;geral;nao;R COSTA NUNES, S/N COMARI. CAMPO GRANDE. 23045-290 Rio de Janeiro - RJ.
33083380;0918020 EM ROSARIA TROTTA;-22.90148915;-43.54920668;fundamental_ii;municipal;ativa;geral;nao;PCA ROSARIA TROTTA, S/N CAMPO GRANDE. 23013-720 Rio de Janeiro - RJ.
33083231;0918021 EM PROFESSOR FELIPE SANTIAGO;-22.93329613;-43.56007667;fundamental_i|fundamental_ii;municipal;ativa;geral;nao;R SARGENTO ARGOLO SACRAMENTO, S/N. -------. CAMPO GRANDE. 23042-520 Rio de Janeiro - RJ.
33082715;0918022 EM CASTRO ALVES;-22.91716449;-43.53836254;infantil|fundamental_i;municipal;ativa;geral;nao;PRACA MARCELINO GAMA, S/N VILA JARDIM. CAMPO GRANDE. 23017-195 Rio de Janeiro - RJ.
33082804;0918024 EM DOM MEINRADO;-22.91048260;-43.54958150;fundamental_i|fundamental_ii;municipal;ativa;geral;nao;R ADELMAR TAVARES, SN CAMPO GRANDE. 23052-280 Rio de Janeiro - RJ.
33083100;0918025 EM MIGUEL DE LARREINAGA;-22.92507840;-43.56630760;infantil|fundamental_i;municipal;ativa;geral;nao;R SEABRA, S/N BEL CLIMA. CAMPO GRANDE. 23045-795 Rio de Janeiro - RJ.
33083070;0918026 EM MAFALDA TEIXEIRA DE ALVARENGA;-22.90915730;-43.53560850;infantil|fundamental_i;municipal;ativa;geral;nao;R JOSE FRANCISCO DE S PORTO, SN CAMPO GRANDE. 23016-010 Rio de Janeiro - RJ.
33083398;0918027 EM RUBENS DE FARIAS NEVES;-22.91501320;-43.53237530;fundamental_ii;municipal;ativa;geral;nao;RUA PROFESSORA YARA BELTRAMI, S/N CAMPO GRANDE. 23016-470 Rio de Janeiro - RJ.
33082588;0918028 EM ALMIRANTE SALDANHA DA GAMA;-22.90658881;-43.57192038;fundamental_ii;municipal;ativa;geral;nao;AV CESARIO DE MELO, 4180 CAMPO GRANDE. 23050-102 Rio de Janeiro - RJ.
33083185;0918029 EM PRESIDENTE ARTHUR BERNARDES;-22.92123350;-43.56461760;infantil|fundamental_i|fundamental_ii;municipal;ativa;geral;nao;RUA PEROPABA, 125 CAMPO GRANDE. 23045-570 Rio de Janeiro - RJ.
33083355;0918030 EM RAYMUNDO CORREA;-22.93211070;-43.57480300;infantil|fundamental_i;municipal;ativa;geral;nao;ESTR DO MONTEIRO, 1346 CAMPO GRANDE. 23036-340 Rio de Janeiro - RJ.
33082936;0918031 EM GEORGE WASHINGTON;-22.91173081;-43.57568345;fundamental_i;municipal;ativa;geral;nao;RUA ALVORADA, CAMPO GRANDE. 23055-200 Rio de Janeiro - RJ.
33082820;0918032 EM DOUTOR NELCY NORONHA;-22.92300000;-43.56070000;fundamental_ii;municipal;ativa;geral;nao;RUA COXILA RICA, LT03 -. CAMPO GRANDE. 23047-080 Rio de Janeiro - RJ.
33082944;0918033 EM PROFESSOR GILBERTO BENTO DA SILVA;-22.90734210;-43.54363220;fundamental_i|fundamental_ii;municipal;ativa;geral;nao;RUA FRANCISCO MOTTA, 850 CAMPO GRANDE. 23013-630 Rio de Janeiro - RJ.
33083002;0918034 EM JESUS SOARES PEREIRA;-22.91949700;-43.54689030;fundamental_i|fundamental_ii;municipal;ativa;geral;nao;RUA DA CONSOLACAO, 138 CAMPO GRANDE. 23040-005 Rio de Janeiro - RJ.
33083088;0918035 EM MANE GARRINCHA - ALEGRIA DO POVO;-22.93999000;-43.57323000;infantil|fundamental_i;municipal;ativa;geral;nao;RUA VICENTE PERROTA, SN JD MONTEIRO. GUARATIBA. 23036-180 Rio de Janeiro - RJ.
33083290;0918036 EM PROFESSOR PAULO SILVA;-22.90868990;-43.58473320;fundamental_ii;municipal;ativa;geral;nao;RUA JAIRO CORREA, SN PRACA NATAL. INHOAIBA. 23059-270 Rio de Janeiro - RJ.
33083428;0918037 EM SANTA ISABEL;-22.91062700;-43.58576480;fundamental_i;municipal;ativa;geral;nao;AV CESARIO DE MELO, 5580 BENJAMIN DUMONT. 23059-001 Rio de Janeiro - RJ.
33083339;0918038 EM PUGILISTA VIRGULINO ISAIAS DE OLIVEIRA;-22.91022727;-43.55183123;fundamental_i;municipal;ativa;geral;nao;RUA ACREUNA, 66 LOTEAMENTO JOARI. CAMPO GRANDE. 23045-200 Rio de Janeiro - RJ.
33083410;0918039 EM SAO CAMILO DE LELIS;-22.91672160;-43.58102040;fundamental_i;municipal;ativa;geral;nao;AV ALDO BOTELHO, SN BAIRRO SAO JORGE. CAMPO GRANDE. 23055-630 Rio de Janeiro - RJ.
33083096;0918040 EM PROFESSORA MARITA DE VASCONCELOS;-22.90080695;-43.55038211;infantil|fundamental_i;municipal;ativa;geral;nao;RUA XAVIER MARQUES, S/N. CAMPO GRANDE. 23052-080 Rio de Janeiro - RJ.
33082626;0918041 EM ANTONIA VARGAS CUQUEJO;-22.89193810;-43.61081340;fundamental_i;municipal;ativa;geral;nao;PCA DERCIDES ALVES DOS SANTOS, S/N SANTA MARGARIDA. COSMOS. 23066-410 Rio de Janeiro - RJ.
33082898;0918042 EM FERNANDO BARATA RIBEIRO;-22.88100000;-43.51230000;fundamental_ii;municipal;ativa;geral;nao;AVENIDA DE SANTA CRUZ, 9720 SANTISSIMO. 23010-185 Rio de Janeiro - RJ.
33083436;0918043 EM TENENTE GOES MONTEIRO;-22.86266820;-43.52358120;fundamental_i;municipal;ativa;geral;nao;ESTR SETE RIACHOS, 2206 SANTISSIMO. 23097-710 Rio de Janeiro - RJ.
33082855;0918044 EM ERNESTO NAZARETH;-22.87647140;-43.53088340;fundamental_i;municipal;ativa;geral;nao;RUA BASTOS TIGRE, SAO VICTOR. SANTISSIMO. 23093-630 Rio de Janeiro - RJ.
33083487;0918045 EM VISCONDE DO RIO BRANCO;-22.88456670;-43.55140880;fundamental_ii;municipal;ativa;geral;nao;ESTRADA DA POSSE, 800 CAMPO GRANDE. 23093-120 Rio de Janeiro - RJ.
33083401;0918046 EM SAMUEL WAINER;-22.86741850;-43.51294770;fundamental_i;municipal;ativa;geral;nao;RUA ALEXANDRE AMARAL, 501 SANTISSIMO. 23098-120 Rio de Janeiro - RJ.
33082677;0918047 EM BELISARIO PENA;-22.89792333;-43.54130333;fundamental_i;municipal;ativa;geral;nao;RUA REGINA, 70 AUGUSTO VASCONCELOS. 23013-520 Rio de Janeiro - RJ.
33083444;0918048 EM TEODORO SAMPAIO;-22.89395230;-43.54462375;fundamental_ii;municipal;ativa;geral;nao;R GAL UCHOA CAVALCANTE, 135 AUGUSTO VASCONCELOS. 23085-260 Rio de Janeiro - RJ.
33083363;0918049 EM RIO GRANDE DO NORTE;-22.89612080;-43.54243340;fundamental_i;municipal;ativa;geral;nao;RUA MORIZOT LEITE, SEM N SENADOR VASCONCELOS. 23085-160 Rio de Janeiro - RJ.
33083240;0918051 EM PROFESSOR FLORIANO DE BRITO;-22.83635775;-43.55288334;infantil|fundamental_i;municipal;ativa;geral;nao;ESTR ABILIO BASTOS, SN CAMPO GRANDE. 23097-000 Rio de Janeiro - RJ.
33082707;0918052 EM CASEMIRO DE ABREU;-22.85708090;-43.54105540;fundamental_i;municipal;ativa;geral;nao;ESTRADA DO MENDANHA, 4842 CAMPO GRANDE. 23095-841 Rio de Janeiro - RJ.
33083274;0918053 EM PROFESSOR MANUEL SAID ALI;-22.87571180;-43.56012490;fundamental_i|fundamental_ii;municipal;ativa;geral;nao;ESTRADA GUANDU DO SAPE, S/N AC. RUA RAUL MENEZES. CAMPO GRANDE. 23090-032 Rio de Janeiro - RJ.
33082650;0918054 EM BALTAZAR LISBOA;-22.88448661;-43.56083783;fundamental_i|fundamental_ii;municipal;ativa;geral;nao;AV MARECHAL DANTAS BARRETO, 126 CAMPO GRANDE. 23090-300 Rio de Janeiro - RJ.
33082740;0918055 EM CHARLES PEGUY;-22.89068170;-43.56324000;infantil|fundamental_i;municipal;ativa;geral;nao;RUA ARICURI, S/N JARDIM DA LUZ. CAMPO GRANDE. 23087-142 Rio de Janeiro - RJ.
33082642;0918056 EM AUGUSTO VASCONCELOS;-22.88362210;-43.62086570;fundamental_i|fundamental_ii;municipal;ativa;geral;nao;DANNIZIO SEMERARO, 199 CAMPO GRANDE. 23067-310 Rio de Janeiro - RJ.
33083452;0918057 EM TOQUIO;-22.86899080;-43.55558230;infantil|fundamental_i;municipal;ativa;geral;nao;ERASMO, 61 JARDIM SAO GERALDO. CAMPO GRANDE. 23095-682 Rio de Janeiro - RJ.
33082570;0918058 EM ALMIRANTE FRONTIN;-22.88740640;-43.55789480;infantil|fundamental_i;municipal;ativa;geral;nao;R NOVA ALIANCA, S N B PEDRA ANGULAR. CAMPO GRANDE. 23087-340 Rio de Janeiro - RJ.
33082952;0918059 EM HALFELD;-22.88669839;-43.54878866;fundamental_i|fundamental_ii;municipal;ativa;geral;nao;AV ANDRE VESALIO, CAMPO GRANDE. 23080-430 Rio de Janeiro - RJ.
33083037;0918060 EM JORGE DE LIMA;-22.88127460;-43.56568540;infantil|fundamental_i;municipal;ativa;geral;nao;RUA OITICICA, S/N CAMPO GRANDE. 23075-020 Rio de Janeiro - RJ.
33082600;0918061 EM AMAZONAS;-22.88368410;-43.56945870;fundamental_ii;municipal;ativa;geral;nao;ESTR RIO SAO PAULO, 1802 CAMPO GRANDE. 23075-246 Rio de Janeiro - RJ.
33083053;0918062 EM LUIZ EDMUNDO;-22.87766010;-43.58358910;fundamental_i;municipal;ativa;geral;nao;RUA FELIX BERNARDELLI, S/N TINGUI. CAMPO GRANDE. 23078-030 Rio de Janeiro - RJ.
33083347;0918064 EM RAINHA VITORIA;-22.88985890;-43.58085620;fundamental_i;municipal;ativa;geral;nao;RUA BENEDITO LACERDA, SN VILA CORCUNDINHA. CAMPO GRANDE. 23071-340 Rio de Janeiro - RJ.
33082901;0918065 EM FERNANDO COSTA;-22.89032279;-43.59387196;fundamental_i|fundamental_ii;municipal;ativa;geral;nao;R JOSE ALBANO, S/N VILA IEDA. CAMPO GRANDE. 23073-720 Rio de Janeiro - RJ.
33082685;0918068 EM BENJAMIN FRANKLIN;-22.88519900;-43.57639570;fundamental_i|fundamental_ii;municipal;ativa;geral;nao;R ARGOIM, S/N CAMPO GRANDE. 23070-580 Rio de Janeiro - RJ.
33083312;0918069 EM PROFESSORA JUREMA PECANHA GIRAUD;-22.87990000;-43.58210000;fundamental_ii;municipal;ativa;geral;nao;RUA ATACAMA, S/N PCA SAO MATHEUS. CAMPO GRANDE. 23078-100 Rio de Janeiro - RJ.
33083495;0918070 EM VON MARTIUS;-22.89060000;-43.57170000;fundamental_ii;municipal;ativa;geral;nao;R JAPE, 26 SAO BASILIO. CAMPO GRANDE. 23082-170 Rio de Janeiro - RJ.
33082731;0918071 EM CHARLES DICKENS;-22.89423000;-43.55784000;fundamental_ii;municipal;ativa;geral;nao;RUA PRIMEIRA CRUZ, S/Nº PRACA CENTRAL. CAMPO GRANDE. 23085-710 Rio de Janeiro - RJ.
33083118;0918073 EM MINISTRO ADAUTO LUCIO CARDOSO;-22.87940120;-43.61441850;infantil|fundamental_i|fundamental_ii;municipal;ativa;geral;nao;RUA DORA DORALINA, SN CJ CAMPINHO. CAMPO GRANDE. 23067-510 Rio de Janeiro - RJ.
33082839;0918074 EM EMBAIXADOR ARAUJO CASTRO;-22.88908870;-43.57860290;fundamental_ii;municipal;ativa;geral;nao;RUA RODOLFO GARCIA, VILA NOVA. CAMPO GRANDE. 23070-430 Rio de Janeiro - RJ.
33083126;0918075 EM MINISTRO ALCIDES CARNEIRO;-22.86820510;-43.55665980;fundamental_i|fundamental_ii;municipal;ativa;geral;nao;AV.PAULO AFONSO, SN SAO GERALDO. CAMPO GRANDE. 23095-683 Rio de Janeiro - RJ.
33082812;0918076 EM DR JAIR TAVARES DE OLIVEIRA;-22.88920000;-43.56840000;fundamental_i|fundamental_ii;municipal;ativa;geral;nao;RUA JAPE, 380 CAMPO GRANDE. 23082-170 Rio de Janeiro - RJ.
33082928;0918077 EM GASTAO PENALVA;-22.89562378;-43.58739182;fundamental_ii;municipal;ativa;geral;nao;R PROF ALMERINDA DE CASTRO, 191 CAMPO GRANDE. 23073-080 Rio de Janeiro - RJ.
33082596;0918078 EM ALZIRA ARAUJO;-22.88632480;-43.54885430;fundamental_i|fundamental_ii;municipal;ativa;geral;nao;RUA ARI LOBO, 430 CAMPO GRANDE. 23088-120 Rio de Janeiro - RJ.
33082766;0918079 EM CONSTANTINO MAGALHAES;-22.85172880;-43.54252250;infantil|fundamental_i;municipal;ativa;geral;nao;RUA DO PAULISTANO, SN CAMPO GRANDE. 23097-190 Rio de Janeiro - RJ.
33082758;0918080 EM COMUNIDADE JARDIM PEDREGOSO;-22.87029720;-43.56149710;infantil|fundamental_i;municipal;ativa;geral;nao;R CORUMBAIBA, JD PEDREGOSO. CAMPO GRANDE. 23095-290 Rio de Janeiro - RJ.
33082774;0918081 EM CORA CORALINA;-22.85888540;-43.53699710;fundamental_ii;municipal;ativa;geral;nao;RUA VOTORANTIM, S/N MENDANHA. CAMPO GRANDE. 23095-710 Rio de Janeiro - RJ.
33094675;0918082 EEM MARIA MONTESSORI;-22.89972570;-43.56532290;fundamental_i;municipal;ativa;exclusivo_deficiencia;nao;RUA IVO DO PRADO, 361 CAMPO GRANDE. 23080-200 Rio de Janeiro - RJ.
33083223;0918083 EM PROFESSOR CASTRO REBELLO;-22.88482223;-43.61654090;fundamental_i|fundamental_ii;municipal;ativa;geral;nao;RUA SETE, SN CJ CAMPINHO. CAMPO GRANDE. 23067-130 Rio de Janeiro - RJ.
33139814;0918084 EM PROFESSOR ALFREDO DE PIRES FLORES;-22.93058480;-43.57634850;fundamental_ii;municipal;ativa;geral;nao;RUA POETA RODRIGUES DE ABREU, 10 CANTAGALO. CAMPO GRANDE. 23036-380 Rio de Janeiro - RJ.
33139806;0918085 EM PROFESSOR HELTON ALVARES VELOSO DE CASTRO;-22.87581250;-43.51483150;fundamental_i;municipal;ativa;geral;nao;RUA PROJETADA A, VILA ROMANA. SANTISSIMO. 23093-312 Rio de Janeiro - RJ.
33142920;0918086 EM PROFESSOR FABIO CESAR PACIFICO;-22.85533193;-43.53167917;infantil|fundamental_i|fundamental_ii;municipal;ativa;geral;nao;RUA PAVAO, SN JD N S DAS GRAC. CAMPO GRANDE. 23097-320 Rio de Janeiro - RJ.
33149305;0918087 EM PROFESSORA SONIA MARIA MALTEZ FERNANDEZ;-22.91967370;-43.54772211;fundamental_i;municipal;ativa;geral;nao;RUA CONSOLACAO, S/N. CAMPO GRANDE. 23040-005 Rio de Janeiro - RJ.
33163758;0918094 EM PAULO RENATO SOUZA;-22.91765010;-43.61801900;fundamental_ii;municipal;ativa;geral;nao;RUA JACAREUBA, 80 COSMOS. 23058-250 Rio de Janeiro - RJ.
33163774;0918095 EM MOACYR SCLIAR;-22.89898810;-43.58454000;fundamental_i;municipal;ativa;geral;nao;MURILO ALVARENGA, S/N CAMPO GRANDE. 23071-040 Rio de Janeiro - RJ.
33173966;0918096 EM PROFESSORA NORMA CHAMARELLI MARQUES;-22.91555320;-43.61901950;fundamental_i|fundamental_ii;municipal;ativa;geral;nao;AVENIDA CESARIO DE MELO, S/N COSMOS. 23058-002 Rio de Janeiro - RJ.
33179654;0918097 EM CELIA MARIA DE OLIVEIRA CAMARGO;-22.89971774;-43.59669024;fundamental_ii;municipal;ativa;geral;nao;RUA CONSTANTINO MAGALHAES, 390 INHOAIBA. 23062-350 Rio de Janeiro - RJ.
33176353;0918099 EM PROFESSOR ANTONIO BOAVENTURA;-22.89782250;-43.58037457;fundamental_i|fundamental_ii;municipal;ativa;geral;nao;RUA NOVA ERA, 401 CAMPO GRANDE. 23070-300 Rio de Janeiro - RJ.
33179131;0918100 EM DULCE ARAUJO;-22.87768930;-43.53830850;fundamental_i;municipal;ativa;geral;nao;RUA INGLATERRA, 132 CAMPO GRANDE. 23092-658 Rio de Janeiro - RJ.
33179140;0918101 EM YOLIS DA SILVA;-22.91505160;-43.60457355;fundamental_i|fundamental_ii;municipal;ativa;geral;nao;AVENIDA CESARIO DE MELO, 7805 INHOAIBA. 23056-000 Rio de Janeiro - RJ.
33179158;0918102 EM PROFESSORA DALVA LAZARONI;-22.90641020;-43.61820720;fundamental_i;municipal;ativa;geral;nao;RUA DA CASTANHA, 117 FUNDOS. COSMOS. 23061-230 Rio de Janeiro - RJ.
33179174;0918104 EM MEDALHISTA OLIMPICA MAYRA AGUIAR DA SILVA;-22.88419330;-43.61783890;fundamental_ii;municipal;ativa;geral;nao;RUA FREI TIMOTHEO, S/N CAMPO GRANDE. 23067-430 Rio de Janeiro - RJ.
33081816;0918201 CIEP ENGENHEIRO WAGNER GASPAR EMERY;-22.91435309;-43.60173198;infantil|fundamental_i|fundamental_ii;municipal;ativa;geral;nao;AV CESARIO DE MELO, 7431 VILAR CARIOCA. INHOAIBA. 23056-000 Rio de Janeiro - RJ.
33081794;0918203 CIEP CLEMENTINA DE JESUS;-22.92530000;-43.56690000;fundamental_i|fundamental_ii;municipal;ativa;geral;nao;AV ALHAMBRA, SN BEL CLIMA. CAMPO GRANDE. 23045-805 Rio de Janeiro - RJ.
33081786;0918205 CIEP CLAUDIO MANOEL DA COSTA;-22.91240450;-43.61868810;fundamental_i|fundamental_ii;municipal;ativa;geral;nao;RUA GUARUJA, S/N COSMOS. 23060-660 Rio de Janeiro - RJ.
33083258;0918501 EM PROFESSOR GONCALVES;-22.91306660;-43.54346378;fundamental_i;municipal;ativa;geral;nao;ESTRADA DO CABUCU, 1675 CAMPO GRANDE. 23017-250 Rio de Janeiro - RJ.
33083193;0918502 EM PRESIDENTE NEREU RAMOS;-22.93145561;-43.54826929;infantil|fundamental_i;municipal;ativa;geral;nao;ESTRADA DOS CABOCLOS, 343 CAMPO GRANDE. 23040-160 Rio de Janeiro - RJ.
33081840;0918503 CIEP LAMARTINE BABO;-22.90872640;-43.54063690;infantil|fundamental_i;municipal;ativa;geral;nao;R CAMPO MAIOR, S/N VILA SANTA RITA. CAMPO GRANDE. 23015-200 Rio de Janeiro - RJ.
33081824;0918504 CIEP FRANCISCO CAVALCANTE PONTES DE MIRANDA;-22.89864020;-43.53485760;infantil|fundamental_i|fundamental_ii;municipal;ativa;geral;nao;ESTRADA MORICABA, S/N SENADOR VASCONCELOS. 23012-006 Rio de Janeiro - RJ.
33081778;0918505 CIEP ANITA MALFATTI;-22.92725960;-43.55629940;infantil|fundamental_i|fundamental_ii;municipal;ativa;geral;nao;ESTRADA IARAQUA, SN CAMPO GRANDE. 23047-160 Rio de Janeiro - RJ.
33081875;0918506 CIEP RAYMUNDO OTTONI DE CASTRO MAYA;-22.91172675;-43.58395188;infantil|fundamental_i|fundamental_ii;municipal;ativa;geral;nao;RUA MORANGA, SN CAMPO GRANDE. 23059-150 Rio de Janeiro - RJ.
33081751;0918507 CIEP PROFESSOR DARCY RIBEIRO;-22.88752000;-43.58742000;fundamental_i|fundamental_ii;municipal;ativa;geral;nao;RUA DAS CONCHAS, SN SANTA ROSA. CAMPO GRANDE. 23073-330 Rio de Janeiro - RJ.
33081808;0918508 CIEP DR ERNESTO CHE GUEVARA;-22.88688760;-43.55637150;infantil|fundamental_i;municipal;ativa;geral;nao;R TIMBAUBA, S/N PEDRA ANGULAR. CAMPO GRANDE. 23087-290 Rio de Janeiro - RJ.
33081859;0918509 CIEP NELSON MANDELA;-22.89543170;-43.57055630;infantil|fundamental_i;municipal;ativa;geral;nao;PRACA DANIEL LAMES, S/N JARDIM RIO DO A. CAMPO GRANDE. 23081-050 Rio de Janeiro - RJ.
33081760;0918510 CIEP ARMINDO MARCILIO DOUTEL DE ANDRADE;-22.89050000;-43.58110000;fundamental_i|fundamental_ii;municipal;ativa;geral;nao;RUA FLAVIO FRAGA, S/N VILA NOVA. CAMPO GRANDE. 23071-220 Rio de Janeiro - RJ.
33081832;0918511 CIEP HERIVELTO MARTINS;-22.88670928;-43.52871357;infantil|fundamental_i;municipal;ativa;geral;nao;PRACA SANTO ANASTACIO, S/N SENADOR VASCONCELOS. 23010-006 Rio de Janeiro - RJ.
33095922;0918601 CM ALEGRIA DE NOVA CIDADE;-22.90315310;-43.59073460;infantil;municipal;ativa;geral;nao;RUA DO GOIABAL, S/N NOVA CIDADE. INHOAIBA. 23063-650 Rio de Janeiro - RJ.
33141185;0918602 CM VITORIA DA PAZ;-22.91976280;-43.60210820;infantil;municipal;ativa;geral;nao;RUA REALEZA, S/N VILAR CARIOCA. INHOAIBA. 23056-000 Rio de Janeiro - RJ.
33137005;0918603 CM SEMPRE VIDA ELZA RABELO DE ANDRADE;-22.91875730;-43.62154810;infantil;municipal;ativa;geral;nao;RUA VITORIA DO MEARIM S/N, S/N GOUVEIA. COSMOS. 23587-150 Rio de Janeiro - RJ.
33122520;0918604 CM VERA PACHECO JORDAO;-22.91462284;-43.58541621;infantil;municipal;ativa;geral;nao;RUA PEDRO AUTRAN, 71 B. SAO JORGE. INHOAIBA. 23059-105 Rio de Janeiro - RJ.
33144761;0918605 CM SEMPRE VIDA PROFESSORA EUGENIA MARIA VELOSO MARCHESE;-22.89666640;-43.59279300;infantil;municipal;ativa;geral;nao;RUA GENTIL DO OURO, S/N INHOAIBA. 23063-340 Rio de Janeiro - RJ.
33095990;0918606 CM CECILIA MEIRELES;-22.89181220;-43.56158130;infantil;municipal;ativa;geral;nao;RUA DO RADIO, S/N ROZENDO. CAMPO GRANDE. 23087-060 Rio de Janeiro - RJ.
33122601;0918607 CM SONHO FELIZ;-22.85446511;-43.52893757;infantil;municipal;ativa;geral;nao;EST GUANDU DO SENA, 77777 MENDANHA. CAMPO GRANDE. 23097-220 Rio de Janeiro - RJ.
33137013;0918608 CM JARDIM MONTE SANTO;-22.91228220;-43.53286850;infantil;municipal;ativa;geral;nao;RUA SANANDUVA, S/N VILA JARDIM. 23016-310 Rio de Janeiro - RJ.
33096058;0918609 CM ADELIA VIEIRA;-22.88863013;-43.58742921;infantil;municipal;ativa;geral;nao;RUA CAPELINHA, S/N CAMPO GRANDE. 23073-210 Rio de Janeiro - RJ.
33082480;0918610 CM ESPERANCA DO AMANHA;-22.90357170;-43.61809230;infantil;municipal;ativa;geral;nao;RUA SEIS, 218 CONJUNTO TELERJ. COSMOS. 23061-511 Rio de Janeiro - RJ.
33095973;0918611 CM MARIO LOMBARDI;-22.88358667;-43.60468500;infantil;municipal;ativa;geral;nao;RUA JOAO EPIFANIO DA SILVA, 345 CAMPO GRANDE. 23061-580 Rio de Janeiro - RJ.
33150354;0918613 CM PROFESSORA FLORA SANTINA FERRARI BRAZ;-22.87781655;-43.52381065;infantil;municipal;ativa;geral;nao;ESTRADA DO LAMEIRAO, 145 SANTISSIMO. 23092-031 Rio de Janeiro - RJ.
33154511;0918614 CM ZELIA CHAUKE CURI;-22.91353100;-43.53103560;infantil;municipal;ativa;geral;nao;RUA JUAREZ ANTUNES, SN LOT.S. JERONIMO. CAMPO GRANDE. 23016-512 Rio de Janeiro - RJ.
33096007;0918615 CM MARCELO CARDOSO TOME;-22.90785899;-43.60409465;infantil;municipal;ativa;geral;nao;RUA JOAO BRAUNNE, 420 INHOAIBA. 23062-020 Rio de Janeiro - RJ.
33158134;0918616 CM PADRE VALTER DA COSTA SANTOS;-22.87713454;-43.58033525;infantil;municipal;ativa;geral;nao;ESTRADA SANTA MARIA, S/N CJ SANTA MARIA. CAMPO GRANDE. 23071-160 Rio de Janeiro - RJ.
33147396;0918617 CM CRIANDO O FUTURO;-22.91115029;-43.59025400;infantil;municipal;ativa;geral;nao;AVENIDA CESARIO DE MELO, 6006 INHOAIBA. 23059-001 Rio de Janeiro - RJ.
33147213;0918618 CM ESPERANCA DA VILA SAO JORGE;-22.91418380;-43.60676220;infantil;municipal;ativa;geral;nao;RUA ICURANA,, 147 VILA SAO JORGE. COSMOS. 23059-340 Rio de Janeiro - RJ.
33158142;0918619 CM RAUL CORTEZ;-22.89982230;-43.53395270;infantil;municipal;ativa;geral;nao;ESTRADA MORICABA, S/N SENADOR VASCONCELOS. 23012-006 Rio de Janeiro - RJ.
33158150;0918620 CM EMILIO IBRAHIM LAZARO JUBRAM DIB;-22.88400680;-43.55616810;infantil;municipal;ativa;geral;nao;BEIRA RIO, S/N MANGUEIRAL. CAMPO GRANDE. 23042-200 Rio de Janeiro - RJ.
33163634;0918801 EDI BIANCA ROCHA TAVARES;-22.91764860;-43.61865250;infantil;municipal;ativa;geral;nao;RUA JACAREUBA, 80 COSMOS. 23058-250 Rio de Janeiro - RJ.
33163642;0918802 EDI PINTANDO O SETE;-22.88139600;-43.61358660;infantil;municipal;ativa;geral;nao;RUA VINTE E TRES, S/N CONJUNTO CAMPINHO. CAMPO GRANDE. 23066-230 Rio de Janeiro - RJ.
33163804;0918803 EDI LUDMILA MAXIMO MOREIRA CARDOSO;-22.91229856;-43.57806784;infantil;municipal;ativa;geral;nao;RUA PEDRO LEAO VELOSO, S/N CAMPO GRANDE. 23055-130 Rio de Janeiro - RJ.
33163650;0918804 EDI RENAN DE SOUZA LEAL;-22.87945290;-43.61394480;infantil;municipal;ativa;geral;nao;RUA MARIO ARZUA BARBOSA, S/N. CAMPO GRANDE. 23067-520 Rio de Janeiro - RJ.
33163685;0918805 EDI CANTORA CESARIA EVORA;-22.90009980;-43.58569120;infantil;municipal;ativa;geral;nao;MURILO DE ALVARENGA S/N, CAMPO GRANDE. 23071-040 Rio de Janeiro - RJ.
33163782;0918806 EDI COMENDADOR SERAFIM SOFIA;-22.90971080;-43.61897440;infantil;municipal;ativa;geral;nao;RUA DAS MANGAS, 8 ARAUJO DE COSMOS. 23061-170 Rio de Janeiro - RJ.
33163723;0918807 EDI URBANO DE FREITAS;-22.89273610;-43.56724390;infantil;municipal;ativa;geral;nao;RUA CARDEAL MAGALI CAMPO GRANDE, 100 CAMPO GRANDE. 23081-210 Rio de Janeiro - RJ.
33171165;0918808 EDI PROFESSORA MARTA REGINA PERROTA;-22.93022270;-43.56784410;infantil;municipal;ativa;geral;nao;RUA CABO FIDELIS, S/N CAMPO GRANDE. 23045-780 Rio de Janeiro - RJ.
33082995;0918809 EDI CAMPO GRANDE;-22.90909823;-43.55930851;infantil;municipal;ativa;geral;nao;R OLINDA ELLIS, 99 CAMPO GRANDE. 23045-160 Rio de Janeiro - RJ.
33083010;0918810 EDI DOM BOSCO;-22.88923720;-43.57907170;infantil;municipal;ativa;geral;nao;ESIR SANTA MARIA, 850 CAMPO GRANDE. 23071-160 Rio de Janeiro - RJ.
33081662;0918811 EDI ISABEL;-22.91048490;-43.58585520;infantil;municipal;ativa;geral;nao;RUA DAVID XAVIER DE AZAMBUJA, SN CAMPO GRANDE. 23059-280 Rio de Janeiro - RJ.
33081670;0918812 EDI PROFESSOR JORGE EUCLIDES PEREIRA NUNES;-22.90144650;-43.60048370;infantil;municipal;ativa;geral;nao;RUA JOSE DOS SANTOS, S/N BLOCO 1. INHOAIBA. 23062-160 Rio de Janeiro - RJ.
33168024;0918813 EDI PROFESSOR MARCO ALTINO DE OLIVEIRA;-22.84777400;-43.52692470;infantil;municipal;ativa;geral;nao;RUA CINQUENTA E CINCO, S/N CAMPO GRANDE. 23097-470 Rio de Janeiro - RJ.
33168075;0918814 EDI PROFESSOR NESTOR MANOEL PINTO;-22.92293410;-43.54159050;infantil;municipal;ativa;geral;nao;SILVIO LEITAO, 0 CAMPO GRANDE. 23040-600 Rio de Janeiro - RJ.
33168121;0918816 EDI PROFESSOR JOAO FERNANDES FILHO;-22.89406370;-43.55754890;infantil;municipal;ativa;geral;nao;PRIMEIRA CRUZ, 42 CAMPO GRANDE. 23085-710 Rio de Janeiro - RJ.
33171190;0918817 EDI PROFESSORA EUGENIA DE ALMEIDA AZEVEDO;-22.87222380;-43.57721910;infantil;municipal;ativa;geral;nao;RUA BRASINHA, S/N CAMPO GRANDE. 23075-533 Rio de Janeiro - RJ.
33082987;0918818 EDI FRANCISCO JOSE DE MORAES;-22.88466344;-43.62131598;infantil;municipal;ativa;geral;nao;ESTRADA DO CAMPINHO, 6246 COSMOS. 23066-540 Rio de Janeiro - RJ.
33081689;0918819 EDI JOARI;-22.91381520;-43.55233300;infantil;municipal;ativa;geral;nao;R BERIZAL, S/N LOT JOARI. CAMPO GRANDE. 23045-210 Rio de Janeiro - RJ.
33081697;0918820 EDI ALMO SATURNINO;-22.91674980;-43.58066710;infantil;municipal;ativa;geral;nao;AVENIDA ALDO BOTELHO, S/N CAMPO GRANDE. 23055-630 Rio de Janeiro - RJ.
33081654;0918821 EDI PROFESSORA ENYR PORTILHO DE AVELLAR;-22.85923060;-43.53665740;infantil;municipal;ativa;geral;nao;RUA VOTORANTIM, S/N CAMPO GRANDE. 23095-710 Rio de Janeiro - RJ.
33171211;0918822 EDI PROFESSOR ANDRE LUIZ GILS;-22.91780971;-43.56035264;infantil;municipal;ativa;geral;nao;ESTRADA DA CAMBOTA, 863 CAMPO GRANDE. 23045-190 Rio de Janeiro - RJ.
33176361;0918823 EDI PROFESSOR DERSU GABRIEL BICEGO;-22.88272979;-43.53895711;infantil;municipal;ativa;geral;nao;RUA DARIO DE PAULA COELHO, SEM NUMERO CAMPO GRANDE. 23092-720 Rio de Janeiro - RJ.
33176370;0918824 EDI ALBERTO FERREIRA PINTO;-22.93336680;-43.56043780;infantil;municipal;ativa;geral;nao;RUA SARGENTO ARGOLO SACRAMENTO, S/N CAMPO GRANDE. 23042-520 Rio de Janeiro - RJ.
33176388;0918825 EDI PROFESSORA TERESINHA DE JESUS SIQUEIRA BROWN;-22.87572050;-43.53678320;infantil;municipal;ativa;geral;nao;RUA JAGUATIRICA, 200 CAMPO GRANDE. 23093-145 Rio de Janeiro - RJ.
33179190;0918826 EDI PROFESSORA MARLY DOS SANTOS DE OLIVEIRA MARLY MARINHO;-22.89540870;-43.60365850;infantil;municipal;ativa;geral;nao;RUA TUPASSI, 02 COSMOS. 23060-240 Rio de Janeiro - RJ.
33176396;0918827 EDI ATAULFO ALVES;-22.89446940;-43.61110580;infantil;municipal;ativa;geral;nao;RUA CIPOTANEA, 10 COSMOS. 23066-380 Rio de Janeiro - RJ.
33176221;0918828 EDI ALYRIO CAVALLIERI;-22.89368280;-43.58864060;infantil;municipal;ativa;geral;nao;RUA JOSE JANONI, 33 JARDIM CAMPINHO. CAMPO GRANDE. 23073-050 Rio de Janeiro - RJ.
33176230;0918829 EDI RUBEM AZEVEDO ALVES;-22.89714424;-43.59232597;infantil;municipal;ativa;geral;nao;RUA GENTIL DE OURO, S/N INHOAIBA. 23063-340 Rio de Janeiro - RJ.
33082960;0918830 EDI HENRIQUE DIAS;-22.90570000;-43.54970000;infantil;municipal;ativa;geral;nao;R S DOMICIANO, VILA SAO JOAO. CAMPO GRANDE. 23052-330 Rio de Janeiro - RJ.
33179220;0918832 EDI PROFESSORA JACINTHA REIS FERREIRA;-22.92262833;-43.62074000;infantil;municipal;ativa;geral;nao;RUA PACUARE, 681 COSMOS. 23058-230 Rio de Janeiro - RJ.
33179239;0918833 EDI PROFESSOR WILSON CHOERI;-22.90666040;-43.61880550;infantil;municipal;ativa;geral;nao;RUA DA CASTANHA, 117 BL 02 VILA SAO JOAO. ARAUJO DE COSMOS. 23061-230 Rio de Janeiro - RJ.
33179255;0918835 EDI MEDALHISTA OLIMPICO ARTHUR NORY OYAKAWA MARIANO;-22.90608390;-43.58889770;infantil;municipal;ativa;geral;nao;RUA GOIABAL, S/N INHOAIBA. 23063-490 Rio de Janeiro - RJ.
33179263;0918836 EDI MEDALHISTA OLIMPICO RAFAEL CARLOS DA SILVA;-22.87551500;-43.53390170;infantil;municipal;ativa;geral;nao;RUA DOUTOR JUVENAL MURTINHO, S/N SANTISSIMO. 23093-030 Rio de Janeiro - RJ.
33179271;0918837 EDI MEDALHISTA OLIMPICO WALLACE LEANDRO DE SOUZA;-22.87038167;-43.51123833;infantil;municipal;ativa;geral;nao;RUA JOSE OTAVIO CORREIA LIMA, 31 SANTISSIMO. 23098-240 Rio de Janeiro - RJ.
33082880;0918838 EDI EUSTORGIO WANDERLEY;-22.89637780;-43.54742280;infantil;municipal;ativa;geral;nao;R TRONCO DO IPE, CAMPO GRANDE. 23085-580 Rio de Janeiro - RJ.
33082782;0918839 EDI DALILA TAVARES;-22.89155915;-43.57130735;infantil;municipal;ativa;geral;nao;RUA JORNALISTA SABINO LEMOS, S/N CAMPO GRANDE. 23082-080 Rio de Janeiro - RJ.
33084513;10001 - ESC COM JD DE INF TIA ANASTACIA;-22.91333850;-43.69531870;infantil;privada;ativa;geral;sim;RUA ALMADINA, S/Nº LT 10 QD A. SANTA CRUZ. 23555-080 Rio de Janeiro - RJ.
33084556;10004 - ESCOLA COMUNITARIA JARDIM BALAO MAGICO;-22.90338500;-43.71423590;infantil;privada;ativa;geral;sim;RUA ALEXANDRE DA SILVA FAGUNDES, 104/120 CONJ.MIECIMO DA SILV. SANTA CRUZ. 23560-430 Rio de Janeiro - RJ.
33088403;10005 - CRECHE COMUNITARIA JARDIM PEDRA AZUL;-22.98161945;-43.62558836;infantil;privada;ativa;geral;sim;ESTRADA DA CAPOEIRA GRANDE, 15 GUARATIBA. 23026-220 Rio de Janeiro - RJ.
33094586;10006 - CRECHE ESC COM ISMENIA RIBEIRO;-22.93603790;-43.69208060;infantil;privada;ativa;geral;sim;TRAVESSA AURORA, 52 SANTA CRUZ. 23550-590 Rio de Janeiro - RJ.
33095221;10008 - CRECHE COMUNITARIA JARDIM ESPERANCA;-22.90939620;-43.66350760;infantil;privada;ativa;geral;sim;ESTRADA BOA ESPERANCA, 1173 SANTA CRUZ. 23580-000 Rio de Janeiro - RJ.
33095248;10009 - JARDIM ESCOLA ERNESTO FAGUNDES VARELA;-22.96819000;-43.70744570;infantil;privada;ativa;geral;sim;ESTRADA DE SEPETIBA, 172 SEPETIBA. 23545-003 Rio de Janeiro - RJ.
33095680;10010 - CRECHE COMUNITARIA JARDIM ARCO IRIS;-22.93645198;-43.66905637;infantil;privada;ativa;geral;sim;RUA FERNANDA, 2562 SANTA CRUZ. 23520-132 Rio de Janeiro - RJ.
33095779;10011 - SEMPRE VIDA;-22.92203470;-43.68921350;infantil;privada;ativa;geral;sim;RUA ARNALDO BASTOS, 22 SANTA CRUZ. 23515-080 Rio de Janeiro - RJ.
33096562;10013 - ESCOLA COMUNITARIA ENCANTO DE MARIA;-22.93083000;-43.68592000;infantil;privada;ativa;geral;sim;RUA SAPUCAI, S/N TRAV. PROJETADA 55. SANTA CRUZ. 23550-363 Rio de Janeiro - RJ.
33096724;10014 - CRECHE SAO JOAO BATISTA;-22.98430964;-43.65169529;infantil;privada;ativa;geral;sim;CAMINHO DO CABUIS, 15 PEDRA DE GUARATIBA. 23028-600 Rio de Janeiro - RJ.
33114897;10018 - CRECHE ESCOLA COMUNITARIA SITIO ALEGRE;-22.95933422;-43.69616253;infantil;privada;ativa;geral;sim;ESTRADA DE SEPETIBA, 144 SEPETIBA. 23545-003 Rio de Janeiro - RJ.
33114900;10019 - ESC COM JARDIM ALEXANDRINO;-22.88685890;-43.66191050;infantil;privada;ativa;geral;sim;RUA ISABEL, 20 SANTA CRUZ. 23575-340 Rio de Janeiro - RJ.
33114927;10020 - CASA MATERNAL NOSSA SENHORA DE NAZARE;-22.93083988;-43.65130476;infantil;privada;ativa;geral;sim;RUA SAO GOMARIO, 422 VILA PACIENCIA. SANTA CRUZ. 23595-060 Rio de Janeiro - RJ.
33114943;10022 - ESC COM DO PARQUE ESTORIL;-22.92280350;-43.63220120;infantil;privada;ativa;geral;sim;PRACA CELINA, 0 PACIENCIA. 23585-650 Rio de Janeiro - RJ.
33121567;10023 - CRECHE ESCOLA SOSSEGO DA MAMAE;-22.89734000;-43.67943000;infantil;privada;ativa;geral;sim;RUA SALES, 15 CASA. SANTA CRUZ. 23575-195 Rio de Janeiro - RJ.
33121575;10024 - CRECHE COMUNITARIA MUNDO ENCANTADO DA CRIANCA;-22.89833670;-43.72334650;infantil;privada;ativa;geral;sim;AVENIDA JOAO XXIII, 267 R 20 CONJ NOVO MUNDO. SANTA CRUZ. 23570-000 Rio de Janeiro - RJ.
33121931;10026 - CRECHE E ESCOLA COMUNITARIA GENTE BAIXINHA I;-22.91885569;-43.62699380;infantil;privada;ativa;geral;sim;RUA OUROANA, 18 PACIENCIA. 23587-076 Rio de Janeiro - RJ.
33123160;10027 - CRECHE CASULO AGOSTINHO - UNIDADE MORRO DO CHA;-22.90964960;-43.67974930;infantil;privada;ativa;geral;sim;RUA BATISTA, 51 SANTA CRUZ. 23570-270 Rio de Janeiro - RJ.
33143544;10028 - CRECHE CASULO AGOSTINHO - UNIDADE VERIDIANA;-22.95360530;-43.67145910;infantil;privada;ativa;geral;sim;ESTRADA SANTA VERIDIANA, 936 A SEPETIBA. 23525-254 Rio de Janeiro - RJ.
33147230;10029 - ASSOCIACAO DE MORADORES DAS MORADAS DO IMPERIO;-22.91723230;-43.69956013;infantil;privada;ativa;geral;sim;RUA ADALBERTO BARRETO, 473 CON MORADAS DO IMPER. SANTA CRUZ. 23555-170 Rio de Janeiro - RJ.
33198209;10030 - INSTITUTO AVELINO;-22.97039331;-43.65314545;infantil;privada;ativa;geral;sim;RUA PROFESSOR CHARLEY LACHMUND, 290 FD. GUARATIBA. 23032-570 Rio de Janeiro - RJ.
33143404;10032 - CRECHE COMUNITARIA MUNDO MAGICO;-22.94283449;-43.68599545;infantil;privada;ativa;geral;sim;RUA MONTREAL, 12 ELIZEU GOUVEIA. SANTA CRUZ. 23525-020 Rio de Janeiro - RJ.
33143412;10033 - PROJETO QUEBRA CABECA;-22.98557000;-43.69143000;infantil;privada;ativa;geral;sim;RUA RIO GRANDE DO SUL, 136 SEPETIBA. 23530-410 Rio de Janeiro - RJ.
33096260;10034 - CRECHE COMUNITARIA JARDIM SANTA CRUZ - OS BENEDITINHOS;-22.92956895;-43.65636562;infantil;privada;ativa;geral;sim;RUA DOS RODOVIARIOS, 01 SANTA CRUZ. 23590-070 Rio de Janeiro - RJ.
33114935;10035 - ESCOLA COM JD INF CHAVE DO TAMANHO;-22.97231280;-43.69680020;infantil;privada;ativa;geral;sim;RUA JUSTO DE MORAIS, 90 SEPETIBA. 23540-145 Rio de Janeiro - RJ.
33094667;10036 - CAAD - COMITE DE ATENDIMENTO A CRIANCA E AO ADOLESCENTE - UNIDADE HERMES;-22.92075840;-43.69649792;infantil;privada;ativa;geral;sim;RUA DO IMPERIO, 1637 SANTA CRUZ. 23555-024 Rio de Janeiro - RJ.
33110875;10037 - CAAD - COMITE DE ATENDIMENTO A CRIANCA E AO ADOLESCENTE - UNIDADE ROLLAS;-22.92282921;-43.67159325;infantil;privada;ativa;geral;sim;RUA TRES, 01 PROJETADA MATTOS. SANTA CRUZ. 23510-605 Rio de Janeiro - RJ.
33121850;10039 - FUNDACAO KLINGNER PARA O DESENVOLVIMENTO - SEMENTES DO AMANHA;-22.94536380;-43.68160460;infantil;privada;ativa;geral;sim;AVENIDA AREIA BRANCA, 2283 SANTA CRUZ. 23525-002 Rio de Janeiro - RJ.
33143420;10040 - CICIM CENTRO DE INTEGRACAO SOCIAL ISABEL MARIA - UNIDADE I;-22.95603823;-43.68556595;infantil;privada;ativa;geral;sim;ESTRADA DE SEPETIBA, RUA 39. SANTA CRUZ. 23520-660 Rio de Janeiro - RJ.
33185115;10042 - CICIM - CRECHE COMUNITARIA ISABEL MARIA - UNIDADE II;-22.95775499;-43.68352948;infantil;privada;ativa;geral;sim;AVENIDA DOIS, 400 NOVA SEPETIBA. SEPETIBA. 23545-003 Rio de Janeiro - RJ.
33187029;10044 - CRECHE MAGIA DA CRIANCA;-22.93360288;-43.70053887;infantil;privada;ativa;geral;sim;ESTRADA VITOR DUMAS, 1268 SANTA CRUZ. 23550-570 Rio de Janeiro - RJ.
33187720;10045 - ESPACO CRIATIVO ERA UMA VEZ;-22.90275221;-43.67394283;infantil;privada;ativa;geral;sim;RUA CORREGO NOVO, 17 LOTE 17 QUADRA 14. SANTA CRUZ. 23575-135 Rio de Janeiro - RJ.
33164584;10046 - CRECHE COMUNITARIA DEUS E FIEL - CCDF;-22.96963778;-43.70868087;infantil;privada;ativa;geral;sim;ESTRADA DE SEPETIBA, 5.974 SEPETIBA. 23545-003 Rio de Janeiro - RJ.
33187894;10047 - CENTRO CULTURAL MONTESSORI - SANTA CRUZ;-22.91551403;-43.62598102;infantil;privada;ativa;geral;sim;AVENIDA JOAO XXIII, 1388 SANTA CRUZ. 23560-352 Rio de Janeiro - RJ.
33189579;10051 - CRECHE COMUNITARIA DEUS E FIEL UNIDADE VI;-22.99211973;-43.62413760;infantil;privada;ativa;geral;sim;RUA SOLDADO PRIM CANES, S/Nº LOTE 22 QUADRA 195. PEDRA DE GUARATIBA. 23025-420 Rio de Janeiro - RJ.
33189587;10052 - CRECHE COMUNITARIA DEUS E FIEL UNIDADE VII;-22.95865691;-43.60474230;infantil;privada;ativa;geral;sim;RUA BURITI BRAVO, 255 QUADRA 54 LOTE 30. GUARATIBA. 23033-040 Rio de Janeiro - RJ.
33190305;10054 - CRECHE COMUNITARIA AQUARELA DO SABER;-22.92605745;-43.68528500;infantil;privada;ativa;geral;sim;RUA PRIMEIRA, 423 CASA 04. SANTA CRUZ. 23515-180 Rio de Janeiro - RJ.
33192758;10055 - ESPACO DE DESENVOLVIMENTO MAE GAIA;-22.97664348;-43.69647590;infantil;privada;ativa;geral;sim;AVENIDA SANTA URSULINA, 333 SEPETIBA. 23540-390 Rio de Janeiro - RJ.
33192022;10057 - CENTRO CULTURAL MONTESSORI II;-22.91545968;-43.62595486;infantil;privada;ativa;geral;sim;AVENIDA CESARIO DE MELO, 10056 COSMOS. 23585-126 Rio de Janeiro - RJ.
33192529;10059 - CRECHE COMUNITARIA PLANETA BEBE;-22.90190274;-43.67654854;infantil;privada;ativa;geral;sim;RUA CONCEICAO DE IPANEMA, S/N LOTE 17 QD 04. SANTA CRUZ. 23575-080 Rio de Janeiro - RJ.
33192910;10063 - CRECHE COMUNITARIA UNIVERSO INFANTIL;-22.97829842;-43.64829768;infantil;privada;ativa;geral;sim;ESTRADA DA PEDRA, 4680 GUARATIBA. 23030-380 Rio de Janeiro - RJ.
33192731;10065 - CRECHE COMUNITARIA MAGIA DA CRIANCA II;-22.97934769;-43.69069265;infantil;privada;ativa;geral;sim;RUA SANTA BARBARA, 18 SEPETIBA. 23535-225 Rio de Janeiro - RJ.
33192774;10066 - CRECHE COMUNITARIA ARTE E CULTURA;-22.90676850;-43.65858039;infantil;privada;ativa;geral;sim;ESTRADA ATERRADO DO LEME, 426 SANTA CRUZ. 23575-330 Rio de Janeiro - RJ.
33192804;10068 - CRECHE COMUNITARIA TIA NEIDE II - GUARATIBA;-22.96725170;-43.65905642;infantil;privada;ativa;geral;sim;RUA JOSE MARTINS BRITO, 165 GUARATIBA. 23032-445 Rio de Janeiro - RJ.
33193169;10069 - CRECHE E ESCOLA COMUNITARIA GENTE BAIXINHA II;-22.91850532;-43.62683362;infantil;privada;ativa;geral;sim;RUA OUROANA, 46 LOTE 14 QD F. PACIENCIA. 23587-076 Rio de Janeiro - RJ.
33192960;10070 - CRECHE COMUNITARIA ASSOCIACAO SILVANA SILVA - PEDACINHO DO CEU;-22.93288835;-43.65332073;infantil;privada;ativa;geral;sim;RUA 22, 258 CONJUNTO CESARAO. SANTA CRUZ. 23595-014 Rio de Janeiro - RJ.
33193045;10071 - CRECHE COMUNITARIA ARTE E CULTURA UNIDADE I;-22.99290130;-43.64819524;infantil;privada;ativa;geral;sim;ESTRADA DO CATRUZ, 317 PEDRA DE GUARATIBA. 23026-280 Rio de Janeiro - RJ.
33192987;10072 - CRECHE COMUNITARIA DEUS E FIEL UNIDADE X;-22.96983453;-43.70845227;infantil;privada;ativa;geral;sim;RUA SOLDADO ELISEU HIPOLITO, S/Nº LOTE 02 QUADRA 22. PEDRA DE GUARATIBA. 23025-110 Rio de Janeiro - RJ.
33194823;10074 - CRECHE MUNDO MAGICO II;-22.88976197;-43.63715675;infantil;privada;ativa;geral;sim;RUA SOLDADO RAMIS MENDES, PACIENCIA. 23066-000 Rio de Janeiro - RJ.
33194815;10075 - CRECHE COMUNITARIA PEDACINHO DE CEU;-22.93114050;-43.66650484;infantil;privada;ativa;geral;sim;RUA JOSE FELIPE DE SOUZA, 60 SANTA CRUZ. 23591-590 Rio de Janeiro - RJ.
33195056;10076 - ESPACO DE DESENVOLVIMENTO MAE GAIA UNIDADE I;-22.93153814;-43.69909376;infantil;privada;ativa;geral;sim;BECO DO CAMARAO, 68 VITOR DUMAS. SANTA CRUZ. 23550-420 Rio de Janeiro - RJ.
33084947;1019001 EM PROFESSOR COQUEIRO;-22.92220000;-43.68111000;infantil|fundamental_i|fundamental_ii;municipal;ativa;geral;nao;RUA FELIPE CARDOSO, 750 FUNDOS. SANTA CRUZ. 23510-001 Rio de Janeiro - RJ.
33084718;1019002 EM GENERAL GOMES CARNEIRO;-22.93479742;-43.66491513;infantil|fundamental_i;municipal;ativa;geral;nao;AV CESARIO DE MELO, 14065 SANTA CRUZ. 23595-040 Rio de Janeiro - RJ.
33084564;1019003 EM PROFESSOR ARTHUR THIRE;-22.94894860;-43.64562940;infantil|fundamental_i;municipal;ativa;geral;nao;RUA ITATINGA, SANTA CRUZ. 23520-521 Rio de Janeiro - RJ.
33084980;1019004 EM PROFESSOR JOAO GUALBERTO JORGE DO AMARAL;-22.92035119;-43.62372905;fundamental_i;municipal;ativa;geral;nao;PRACA PAULO DE TARSO CELESTINO, S/N GOUVEIASJAVASCRIPTV. PACIENCIA. 23587-080 Rio de Janeiro - RJ.
33085064;1019005 EM REPUBLICA ARABE DA SIRIA;-22.92138754;-43.63997278;fundamental_ii;municipal;ativa;geral;nao;RUA MARIO FONTENELI DE SOUZA, S/N CONJUNTO CESARINHO. PACIENCIA. 23585-055 Rio de Janeiro - RJ.
33085137;1019006 EM VIVALDO RAMOS DE VASCONCELOS;-22.92103320;-43.64015910;fundamental_i|fundamental_ii;municipal;ativa;geral;nao;R ANTONIO PATROCINIO FERNANDES, CJ CESARINHO. PACIENCIA. 23585-030 Rio de Janeiro - RJ.
33084599;1019007 EM ANDRE VIDAL DE NEGREIROS;-22.92138030;-43.68054960;fundamental_ii;municipal;ativa;geral;nao;RUA FELIPE CARDOSO, 750 STA CRUZ. 23510-001 Rio de Janeiro - RJ.
33084637;1019008 EM EDUARDO RABELO;-22.93489181;-43.66533362;fundamental_ii;municipal;ativa;geral;nao;AV CESARIO DE MELO, 14145 SANTA CRUZ. 23595-040 Rio de Janeiro - RJ.
33084920;1019009 EM PREFEITO JOAO CARLOS VITAL;-22.92387360;-43.69120960;fundamental_i;municipal;ativa;geral;nao;R FERREIRA NOBRE, 176 STA CRUZ. 23550-030 Rio de Janeiro - RJ.
33084785;1019010 EM JOSE DE MELLO;-22.92290190;-43.68898550;fundamental_i;municipal;ativa;geral;nao;PCA DA LEGALIDADE, STA CRUZ. 23550-070 Rio de Janeiro - RJ.
33085099;1019011 EM RONALD DE CARVALHO;-22.93655018;-43.70030168;fundamental_i;municipal;ativa;geral;nao;ESTRADA VITOR DUMAS, 1.696 SANTA CRUZ. 23550-570 Rio de Janeiro - RJ.
33085129;1019012 EM TENENTE RENATO CESAR;-22.93921710;-43.68633810;fundamental_i|fundamental_ii;municipal;ativa;geral;nao;AVENIDA AREIA BRANCA, 1510 SANTA CRUZ. 23525-002 Rio de Janeiro - RJ.
33084602;1019013 EM BENTO DO AMARAL COUTINHO;-22.93935133;-43.68652263;fundamental_ii;municipal;ativa;geral;nao;ESTR VITOR DUMAS, S/N STA CRUZ. 23550-570 Rio de Janeiro - RJ.
33084610;1019014 EM CORONEL BERTHIER;-22.92431420;-43.70484990;fundamental_ii;municipal;ativa;geral;nao;RUA TENENTE CESAR, S/N BASE AEREA. SANTA CRUZ. 23555-235 Rio de Janeiro - RJ.
33084939;1019015 EM PRINCESA ISABEL;-22.92298375;-43.69283038;fundamental_ii;municipal;ativa;geral;nao;TRAVESSA BOA VISTA, 135 STA CRUZ. 23550-020 Rio de Janeiro - RJ.
33084580;1019016 EM ALDEBARA;-22.92213830;-43.65535170;fundamental_ii;municipal;ativa;geral;nao;RUA X, S/N AVENIDA ANTARES. SANTA CRUZ. 23510-360 Rio de Janeiro - RJ.
33084890;1019017 EM OTELO DE SOUZA REIS;-22.92170650;-43.66179424;fundamental_i|fundamental_ii;municipal;ativa;geral;nao;AVENIDA ANTARES, S/N SANTA CRUZ. 23510-360 Rio de Janeiro - RJ.
33084734;1019018 EM HAYDEA VIANNA FIUZA DE CASTRO;-22.93000880;-43.65050960;infantil|fundamental_i|fundamental_ii;municipal;ativa;geral;nao;RUA SAO GOMARIO - VILA PACIENCIA, S/N SANTA CRUZ. 23595-060 Rio de Janeiro - RJ.
33084688;1019019 EM FERNANDO DE AZEVEDO;-22.92311984;-43.69225360;fundamental_ii;municipal;ativa;geral;nao;TRAVESSA BOA VISTA, S/N SANTA CRUZ. 23550-020 Rio de Janeiro - RJ.
33085013;1019020 EM PROFESSORA MARIA SANTIAGO;-22.93210000;-43.67267167;fundamental_i;municipal;ativa;geral;nao;RUA FELIPE CARDOSO, S/N SANTA CRUZ. 23510-006 Rio de Janeiro - RJ.
33085021;1019021 EM PROFESSORA SILVIA DE ARAUJO TOLEDO;-22.93000333;-43.65404500;fundamental_ii;municipal;ativa;geral;nao;AVENIDA CANAL 03, S/N CESARAO. SANTA CRUZ. 23595-040 Rio de Janeiro - RJ.
33084823;1019022 EM LUIS CAETANO DE OLIVEIRA;-22.93595371;-43.66374588;infantil|fundamental_i;municipal;ativa;geral;nao;RUA 54, S/N CJ CESARAO. SANTA CRUZ. 23595-420 Rio de Janeiro - RJ.
33084912;1019023 EM PESTALOZZI;-22.91572950;-43.67972190;fundamental_i|fundamental_ii;municipal;ativa;geral;nao;RUA SEVERIANO DAS CHAGAS, SEM NUMERO SANTA CRUZ. 23510-045 Rio de Janeiro - RJ.
33084793;1019024 EM JULIO CESARIO DE MELO;-22.95318000;-43.68329000;fundamental_i|fundamental_ii;municipal;ativa;geral;nao;ESTRADA DE SEPETIBA, 2875 SANTA CRUZ. 23525-173 Rio de Janeiro - RJ.
33084874;1019025 EM NAIR DA FONSECA;-22.96296340;-43.70673520;fundamental_i|fundamental_ii;municipal;ativa;geral;nao;ESTRADA DE SEPETIBA, 93 SEPETIBA. 23520-660 Rio de Janeiro - RJ.
33084882;1019026 EM NELSON ROMERO;-22.97191500;-43.69746833;fundamental_i|fundamental_ii;municipal;ativa;geral;nao;RUA JOSE BALDINO, S/N SEPETIBA. 23540-044 Rio de Janeiro - RJ.
33084670;1019027 EM FELIPE CAMARAO;-22.97606080;-43.69474400;fundamental_i|fundamental_ii;municipal;ativa;geral;nao;RUA JOSE FERNANDES, S/N SEPETIBA. 23535-450 Rio de Janeiro - RJ.
33084955;1019028 EM PROFESSOR DARCY ARAUJO DE MIRANDA;-22.91598187;-43.67966702;infantil;municipal;ativa;geral;nao;R SEVERIANO DAS CHAGAS, S/N SANTA CRUZ. 23570-250 Rio de Janeiro - RJ.
33084661;1019029 EEM DOUTOR HELIO PELLEGRINO;-22.92186046;-43.68040958;infantil|fundamental_i;municipal;ativa;geral;nao;R FELIPE CARDOSO, 750 SANTA CRUZ. 23510-001 Rio de Janeiro - RJ.
33085005;1019030 EM PROFESSORA MARIA HELENA ALVES PORTILHO;-22.89938190;-43.72259590;fundamental_i;municipal;ativa;geral;nao;AV JOAO XXIII - RUA 8 / LOTE 230, S/N CJ ALVORADA. SANTA CRUZ. 23565-447 Rio de Janeiro - RJ.
33084831;1019031 EM MARECHAL PEDRO CAVALCANTI;-22.92486730;-43.63293050;fundamental_i|fundamental_ii;municipal;ativa;geral;nao;RUA PORTO FIRME, SN PARQUE ESTORIL. PACIENCIA. 23585-630 Rio de Janeiro - RJ.
33084866;1019032 EM MIGUEL CALMON;-22.92247630;-43.63471730;fundamental_i;municipal;ativa;geral;nao;ESTRADA SANTA EUGENIA, S/N PACIENCIA. 23585-430 Rio de Janeiro - RJ.
33084653;1019033 EM ESPANHA;-22.91499450;-43.63720320;fundamental_i;municipal;ativa;geral;nao;PRACA TARUMIRIM, PACIENCIA. 23580-125 Rio de Janeiro - RJ.
33085072;1019034 EM RIBEIRO COUTO;-22.91752450;-43.64219970;fundamental_i;municipal;ativa;geral;nao;ESTRADA URUCANIA, 936 PACIENCIA. 23580-140 Rio de Janeiro - RJ.
33084742;1019035 EM IPEG;-22.88657280;-43.63880460;fundamental_ii;municipal;ativa;geral;nao;R CABO SAULO DE VASCONCELOS, S / N JARDIM PALMARES. PACIENCIA. 23066-070 Rio de Janeiro - RJ.
33084629;1019036 EM DOUTOR JOSE ANTONIO CIRAUDO;-22.91393540;-43.62980030;fundamental_i|fundamental_ii;municipal;ativa;geral;nao;ESTRADA DA PACIENCIA - VILA ALZIRA I, SN PACIENCIA. 23580-250 Rio de Janeiro - RJ.
33084696;1019037 EM FRANCISCO CALDEIRA DE ALVARENGA;-22.91678276;-43.65286169;fundamental_ii;municipal;ativa;geral;nao;RUA WILSON SOUZA PINHEIRO, SN PACIENCIA. 23573-120 Rio de Janeiro - RJ.
33084904;1019038 EM PEDRO MOTA LIMA;-22.90555287;-43.61849006;fundamental_i;municipal;ativa;geral;nao;ESTRADA DA PACIENCIA, 368 PACIENCIA. 23580-250 Rio de Janeiro - RJ.
33084998;1019039 EM PROFESSORA LEILA MEHL MENEZES DE MATTOS;-22.87301790;-43.62772100;fundamental_i|fundamental_ii;municipal;ativa;geral;nao;AVN. CANAL, SN SANTA CRUZ. 23065-010 Rio de Janeiro - RJ.
33084726;1019040 EM GANDHI;-22.87479430;-43.63124340;fundamental_ii;municipal;ativa;geral;nao;RUA MARIA DAS GRACAS DA SILVA, S/N CONJUNTO MANGUARIBA. PACIENCIA. 23065-150 Rio de Janeiro - RJ.
33084815;1019041 EM LOURDES DE LIMA ROCHA;-22.90201500;-43.65505833;infantil|fundamental_i|fundamental_ii;municipal;ativa;geral;nao;ESTRADA ATERRADO DO LEME, 3309 STA CRUZ. 23575-330 Rio de Janeiro - RJ.
33084700;1019042 EM FRANKLIN TAVORA;-22.87777439;-43.64387152;fundamental_i|fundamental_ii;municipal;ativa;geral;nao;ESTRADA DOS PALMARES, 1950 STA CRUZ. 23065-230 Rio de Janeiro - RJ.
33084971;1019043 EM PROFESSORA FLAVIA DOS SANTOS SOARES;-22.91403178;-43.65347743;fundamental_i|fundamental_ii;municipal;ativa;geral;nao;RUA EUDALDO GOMES DA SILVA, S/N CONJUNTO URUCANIA. PACIENCIA. 23573-406 Rio de Janeiro - RJ.
33085110;1019044 EM SOCRATES GALVEAS;-22.91825310;-43.69366590;infantil|fundamental_i;municipal;ativa;geral;nao;RUA DO IMPERIO, 900 SANTA CRUZ. 23555-024 Rio de Janeiro - RJ.
33086141;1019045 EM PONTE DOS JESUITAS;-22.87350600;-43.67647480;fundamental_i;municipal;ativa;geral;nao;PRACA DOS JESUITAS, SANTA CRUZ. 23560-135 Rio de Janeiro - RJ.
33085056;1019046 EM PROFESSORA ZULMIRA TELLES DA COSTA;-22.90153660;-43.71220110;fundamental_i|fundamental_ii;municipal;ativa;geral;nao;R CICERO CAVALCANTE PIRES, SANTA CRUZ. 23560-360 Rio de Janeiro - RJ.
33084769;1019047 EM JOAQUIM DA SILVA GOMES;-22.91021630;-43.68845400;fundamental_ii;municipal;ativa;geral;nao;CAPITAO LOPES DORNELES, S/N SANTA CRUZ. 23570-120 Rio de Janeiro - RJ.
33084750;1019048 EM JAPAO;-22.90285550;-43.71822460;fundamental_i;municipal;ativa;geral;nao;RETA DO RIO GRANDE, S/N SANTA CRUZ. 23560-390 Rio de Janeiro - RJ.
33084858;1019049 EM MERALINA DE CASTRO;-22.90736746;-43.68189403;infantil|fundamental_i;municipal;ativa;geral;nao;RUA CRAVOLANDIA, S/N LOTE 2. STA CRUZ. 23575-061 Rio de Janeiro - RJ.
33085080;1019050 EM ROBERTO COELHO;-22.89564210;-43.71410300;fundamental_i;municipal;ativa;geral;nao;RUA BIOTITA, 21 CONJ RETA R GDE. SANTA CRUZ. 23560-780 Rio de Janeiro - RJ.
33084840;1019051 EM MARINHEIRO JOAO CANDIDO;-22.90004206;-43.70365255;fundamental_i;municipal;ativa;geral;nao;RUA UM, SEM /N CONJ. GUANDU VELHO. SANTA CRUZ. 23560-419 Rio de Janeiro - RJ.
33084807;1019052 EM LIBERDADE;-22.90310650;-43.70851800;fundamental_ii;municipal;ativa;geral;nao;RUA TREZE, SANTA CRUZ. 23560-375 Rio de Janeiro - RJ.
33084645;1019053 EM EMILIANO GALDINO;-22.90429680;-43.67196990;fundamental_ii;municipal;ativa;geral;nao;RUA CONCEICAO DE IPANEMA, S/N LT 14 QD16. SANTA CRUZ. 23575-080 Rio de Janeiro - RJ.
33084572;1019054 EM ADALGISA NERY;-22.88875704;-43.71643263;fundamental_ii;municipal;ativa;geral;nao;RUA EDUARDO DE AGUIAR FILHO, S/N CONJ. SAO FERNANDO. SANTA CRUZ. 23565-290 Rio de Janeiro - RJ.
33085102;1019055 EM SINDICALISTA CHICO MENDES;-22.90695167;-43.70306667;fundamental_ii;municipal;ativa;geral;nao;AVENIDA JOAO XXIII, S/N SANTA CRUZ. 23560-352 Rio de Janeiro - RJ.
33085030;1019056 EM PROFESSORA SONIA MOTA MOLISANI;-22.92774414;-43.63506708;infantil|fundamental_i;municipal;ativa;geral;nao;ESTRADA DE SANTA EUGENIA, S/Nº JARDIM 7 DE ABRIL. PACIENCIA. 23585-430 Rio de Janeiro - RJ.
33084963;1019057 EM PROFESSORA DIONE FREITAS FELISBERTO DE CARVALHO;-22.91037440;-43.68764510;fundamental_i;municipal;ativa;geral;nao;AV. PADRE GUILHERME DECAMINADA, S/N SANTA CRUZ. 23575-000 Rio de Janeiro - RJ.
33084777;1019058 EM JORNALISTA CARLOS CASTELO BRANCO;-22.91221940;-43.62367350;fundamental_ii;municipal;ativa;geral;nao;RUA M, S/N N S APARECIDA. PACIENCIA. 23580-250 Rio de Janeiro - RJ.
33140154;1019059 EM PROFESSOR JORGE GONCALVES FARINHA;-22.93271820;-43.65788960;fundamental_i;municipal;ativa;geral;nao;AVN CESARIO DE MELO, SN CESARAO. SANTA CRUZ. 23595-040 Rio de Janeiro - RJ.
33140120;1019060 EM MANOEL PORTO FILHO;-22.92082217;-43.63084361;fundamental_i|fundamental_ii;municipal;ativa;geral;nao;PIRAPETINGA, S/N S/N. PACIENCIA. 23585-670 Rio de Janeiro - RJ.
33143978;1019062 EM PROFESSORA ZELIA CAROLINA DA SILVA PINHO;-22.92816100;-43.67716730;fundamental_ii;municipal;ativa;geral;nao;RUA FELIPE CARDOSO, 1536 SANTA CRUZ. 23520-572 Rio de Janeiro - RJ.
33146110;1019064 EM ALVARO VALLE;-22.91485000;-43.67091000;fundamental_i;municipal;ativa;geral;nao;ESTRADA LINHA DE AUSTIN, 3 DRENO. SANTA CRUZ. 23570-365 Rio de Janeiro - RJ.
33146144;1019065 EM MARIO LAGO;-22.87239470;-43.63100870;fundamental_i;municipal;ativa;geral;nao;RUA NILTON DE SOUZA FILHO, SN PACIENCIA. 23065-020 Rio de Janeiro - RJ.
33083991;1019072 EM MARIA DE JESUS OLIVEIRA;-22.90462802;-43.67199856;infantil|fundamental_i|fundamental_ii;municipal;ativa;geral;nao;R CONCEICAO DE IPANEMA, S/N LOTE 14. SANTA CRUZ. 23575-080 Rio de Janeiro - RJ.
33467242;1019073 EM PROFESSOR FRANCISCO JOSE ANTONIO;-22.94151890;-43.66644690;fundamental_i;municipal;ativa;geral;nao;RUA MARQUES DOS SANTOS, , VIA A4,, S/N CONJ SANTA VERIDIANA. SANTA CRUZ. 23520-270 Rio de Janeiro - RJ.
33167567;1019074 EM RICARDO BRENTANI;-22.88355611;-43.66082391;fundamental_i;municipal;ativa;geral;nao;RUA CANTOR JORGE GOULART, 175 BLOCO 02. SANTA CRUZ. 23575-278 Rio de Janeiro - RJ.
33167621;1019075 EM ROBERTO CIVITA;-22.88515790;-43.66676260;fundamental_ii;municipal;ativa;geral;nao;ESTRADA DOS PALMARES, 4603 SANTA CRUZ. 23575-275 Rio de Janeiro - RJ.
33173974;1019076 EM EULALIA RODRIGUES DE OLIVEIRA VIEIRA;-22.92162008;-43.70031676;fundamental_i|fundamental_ii;municipal;ativa;geral;nao;RUA PRADO JUNIOR, 662 SANTA CRUZ. 23550-101 Rio de Janeiro - RJ.
33176167;1019078 EM PARALIMPIADAS RIO 2016;-22.95714400;-43.68928090;fundamental_i|fundamental_ii;municipal;ativa;geral;nao;ESTRADA DE SEPETIBA, 3475 SANTA CRUZ. 23525-173 Rio de Janeiro - RJ.
33176183;1019082 EM PROFESSORA CLARA LUCIA DE SOUSA;-22.95580650;-43.68632740;fundamental_i|fundamental_ii;municipal;ativa;geral;nao;ESTRADA DE SEPETIBA, 3175 BLOCO 2. SANTA CRUZ. 23550-101 Rio de Janeiro - RJ.
33179468;1019084 EM MEDALHISTA OLIMPICO ROBSON DONATO CONCEICAO;-22.93345240;-43.65967640;fundamental_i;municipal;ativa;geral;nao;AVENIDA CESARIO DE MELO, 13501 BLOCO IV, CESARAO. SANTA CRUZ. 23595-040 Rio de Janeiro - RJ.
33179476;1019085 EM MEDALHISTA OLIMPICO THIAGO BRAZ DA SILVA;-22.93309700;-43.65972510;fundamental_ii;municipal;ativa;geral;nao;AVENIDA CESARIO DE MELO, 13501 BLOCO 03. SANTA CRUZ. 23595-040 Rio de Janeiro - RJ.
33084092;1019202 CIEP ISMAEL NERY;-22.93437630;-43.66154400;infantil|fundamental_i;municipal;ativa;geral;nao;AV CESARIO DE MELO, SN CESARAO. SANTA CRUZ. 23595-040 Rio de Janeiro - RJ.
33084149;1019205 CIEP ROBERTO MORENA;-22.92185080;-43.64461330;fundamental_i|fundamental_ii;municipal;ativa;geral;nao;AV CESARIO DE MELO, 11485 PACIENCIA. 23585-125 Rio de Janeiro - RJ.
33084068;1019206 CIEP BARAO DE ITARARE;-22.92699431;-43.69438891;infantil|fundamental_i;municipal;ativa;geral;nao;ESTRADA VITOR DUMAS, S/N SANTA CRUZ. 23550-140 Rio de Janeiro - RJ.
33084076;1019207 CIEP DEPUTADO ULYSSES GUIMARAES;-22.97533170;-43.69291711;fundamental_i|fundamental_ii;municipal;ativa;geral;nao;RUA JOSE FERNANDES, SN SEPETIBA. 23535-450 Rio de Janeiro - RJ.
33084130;1019209 CIEP PAPA JOAO XXIII;-22.90649080;-43.70378320;fundamental_i;municipal;ativa;geral;nao;AVENIDA JOAO XXIII, S/N SANTA CRUZ. 23560-352 Rio de Janeiro - RJ.
33084041;1019210 CIEP ALBERTO PASQUALINE;-22.91346333;-43.65679333;fundamental_i;municipal;ativa;geral;nao;RUA NELSON PIAUHY DOURADO, S/N PACIENCIA. 23570-420 Rio de Janeiro - RJ.
33084114;1019211 CIEP MAJOR MANUEL GOMES ARCHER;-22.88930020;-43.63786746;infantil|fundamental_i;municipal;ativa;geral;nao;RUA CABO SAULO DE VASCONCELOS, S/N JARDIM PALMARES. 23066-070 Rio de Janeiro - RJ.
33084106;1019502 CIEP MAESTRO HEITOR VILLA LOBOS;-22.92148467;-43.65329529;fundamental_i|fundamental_ii;municipal;ativa;geral;nao;AV CANAL PISTA 2, 00 CONJUNTO ANTARES. SANTA CRUZ. 23590-012 Rio de Janeiro - RJ.
33084084;1019503 CIEP DR NELSON HUNGRIA;-22.92218394;-43.62588813;fundamental_i;municipal;ativa;geral;nao;RUA IEDA SANTOS DELGADO, S/N PACIENCIA. 23587-320 Rio de Janeiro - RJ.
33094500;1019601 CM SEMPRE VIDA VALE DO SOL;-22.90288360;-43.70582860;infantil;municipal;ativa;geral;nao;ESTRADA DO GUANDU, 258 CONJUNTO GUANDU. SANTA CRUZ. 23560-150 Rio de Janeiro - RJ.
33121877;1019602 CM SEMPRE VIDA ANTARES;-22.92153740;-43.66201570;infantil;municipal;ativa;geral;nao;AV ANTARES, S/N SANTA CRUZ. 23510-360 Rio de Janeiro - RJ.
33094470;1019603 CM JARDIM DOS VIEIRAS;-22.92418138;-43.62841553;infantil;municipal;ativa;geral;nao;ESTRADA DOS VIEIRAS, S/N JARDIM DOS VIEIRAS. PACIENCIA. 23587-610 Rio de Janeiro - RJ.
33144788;1019604 CM AYRTON SENNA;-22.90004170;-43.70679670;infantil;municipal;ativa;geral;nao;RUA DEZOITO, S/N CONJUNTO GUANDU II. SANTA CRUZ. 23560-150 Rio de Janeiro - RJ.
33095337;1019605 CM MARLENE DA SILVA CARDOSO;-22.93292550;-43.65848630;infantil;municipal;ativa;geral;nao;AV. CESARIO DE MELO 13.855,, 1 RUA SETE. SANTA CRUZ. 23595-040 Rio de Janeiro - RJ.
33123250;1019606 CM TRINTA E UM DE OUTUBRO;-22.91769950;-43.63713300;infantil;municipal;ativa;geral;nao;AV. DO CONTORNO, 1 PACIENCIA. 23585-808 Rio de Janeiro - RJ.
33095256;1019607 CM ADALTO BASTOS;-22.92752909;-43.63504601;infantil;municipal;ativa;geral;nao;ESTRADA SANTA EUGENIA, S/N 7 DE ABRIL. PACIENCIA. 23585-430 Rio de Janeiro - RJ.
33096430;1019608 CM AMANHECER DE LUZ;-22.90391930;-43.70880600;infantil;municipal;ativa;geral;nao;RUA DOURIVAL MONTEIRO DA SILVA, S/N CONJ. LIBERDADE. SANTA CRUZ. 23560-460 Rio de Janeiro - RJ.
33083932;1019609 CM CANTINHO DA TIA DOLORES;-22.88896490;-43.71586190;infantil;municipal;ativa;geral;nao;RUA EDUARDO D AGUIAR FILHO, 25 CONJ S FERNANDO. SANTA CRUZ. 23565-290 Rio de Janeiro - RJ.
33137056;1019610 CM CHAVE DO TAMANHO;-22.97985650;-43.68170620;infantil;municipal;ativa;geral;nao;ESTRADA SAO TARCISIO, 1800 SEPETIBA. 23530-827 Rio de Janeiro - RJ.
33095205;1019611 CM CRIANCA FELIZ;-22.91870320;-43.67209560;infantil;municipal;ativa;geral;nao;TRAVESSA CAMPOS, 6 JARDIM PEDRINHAS. SANTA CRUZ. 23510-290 Rio de Janeiro - RJ.
33104824;1019612 CM DANIELA PEREZ;-22.92475070;-43.64486310;infantil;municipal;ativa;geral;nao;RUA ERNESTINA DE MATTOS, S/N PACIENCIA. 23595-110 Rio de Janeiro - RJ.
33129428;1019613 CM DJANIRA MARIA RAMOS;-22.92675220;-43.64110070;infantil;municipal;ativa;geral;nao;RUA CANTINHO DA BAHIA, S/N PACIENCIA. 23585-806 Rio de Janeiro - RJ.
33137048;1019614 CM INSPETOR HERALDO CARVALHO DE SOUSA;-22.87424469;-43.63161716;infantil;municipal;ativa;geral;nao;RUA ANDRE SPINELLI, S/N MANGUARIBA. PACIENCIA. 23065-280 Rio de Janeiro - RJ.
33106894;1019615 CM MARCOLINA;-22.92966440;-43.66258300;infantil;municipal;ativa;geral;nao;TRAVESSA MARCOLINO, 18 ROLLAS II. SANTA CRUZ. 23591-250 Rio de Janeiro - RJ.
33094659;1019616 CM MARIA HELENA PAPERA MONTEIRO;-22.93336660;-43.65011090;infantil;municipal;ativa;geral;nao;RUA MASSAPE, VILA PACIENCIA. PACIENCIA. 23595-070 Rio de Janeiro - RJ.
33137030;1019618 CM LEUZA MARINS NOVAES S SANTOS;-22.90507860;-43.70176140;infantil;municipal;ativa;geral;nao;RUA MANOEL LOURENCO DOS SANTOS, SN CONJ.JOAO XXIII. SANTA CRUZ. 23560-320 Rio de Janeiro - RJ.
33095272;1019619 CM SANTA TEREZINHA;-22.90080210;-43.72341000;infantil;municipal;ativa;geral;nao;AVENIDA JOAO XXIII, 230 CONJ. ALVORADA. SANTA CRUZ. 23570-000 Rio de Janeiro - RJ.
33094640;1019620 CM SEMENTINHA DO AMOR;-22.91893500;-43.67301000;infantil;municipal;ativa;geral;nao;TRAV. ROCHA LIMA, 12 PEDRINHAS. SANTA CRUZ. 23510-300 Rio de Janeiro - RJ.
33137021;1019621 CM SEMPRE VIDA ESTRELA DO ALAGADO;-22.97479500;-43.69330080;infantil;municipal;ativa;geral;nao;RUA RAFAEL PEREIRA, S/N SEPETIBA. 23535-808 Rio de Janeiro - RJ.
33121559;1019622 CM SEMPRE VIDA PARQUE DE SANTA CRUZ;-22.93478770;-43.67645730;infantil;municipal;ativa;geral;nao;R PEDRO PEREIRA DA SILVA, S/N SANTA CRUZ. 23520-317 Rio de Janeiro - RJ.
33137064;1019623 CM SEMPRE VIDA TERRA DA PAZ;-22.92114682;-43.63021590;infantil;municipal;ativa;geral;nao;RUA PARA SEMPRE, S/N. PACIENCIA. 23587-000 Rio de Janeiro - RJ.
33096449;1019624 CM ZACARIAS - O TRAPALHAO;-22.90387500;-43.71422710;infantil;municipal;ativa;geral;nao;AVENIDA JOAO XXIII, 222 SANTA CRUZ. 23570-000 Rio de Janeiro - RJ.
33150737;1019625 CM NARIZINHO;-22.96147430;-43.68987000;infantil;municipal;ativa;geral;nao;RUA 28, ESQUINA C/ AVENIDA 5, S/N NOVA SEPETIBA. SEPETIBA. 23547-280 Rio de Janeiro - RJ.
33150710;1019626 CM PEDRINHO;-22.96143070;-43.68640120;infantil;municipal;ativa;geral;nao;ESTRADA DA ESTIVA, S/N SEPETIBA. 23530-075 Rio de Janeiro - RJ.
33150729;1019627 CM VOVO BENTA;-22.95635280;-43.69119300;infantil;municipal;ativa;geral;nao;RUA SETE, ESQUINA COM RUA 8. SEPETIBA. 23547-070 Rio de Janeiro - RJ.
33154538;1019628 CM IRINEA DOS SANTOS PAIVA;-22.92700000;-43.67310000;infantil;municipal;ativa;geral;nao;RUA DR CONTINENTINO, SN ROLLAS I. SANTA CRUZ. 23510-190 Rio de Janeiro - RJ.
33150745;1019630 CM ESTRELA DALVA;-22.90940903;-43.67047249;infantil;municipal;ativa;geral;nao;RUA PROJETADA C, S/N ESTRELA DALVA. SANTA CRUZ. 23575-381 Rio de Janeiro - RJ.
33149321;1019631 CM TIA HILDA MACEDO;-22.91151470;-43.65457090;infantil;municipal;ativa;geral;nao;RUA NELSON PIAHUY DOURADO, 510 URUCANIA. PACIENCIA. 23570-420 Rio de Janeiro - RJ.
33152039;1019632 CM MIRIAM PIRES;-22.88797090;-43.63560730;infantil;municipal;ativa;geral;nao;RUA 09, S/N JARDIM PALMARES. SANTA CRUZ. 23066-180 Rio de Janeiro - RJ.
33154546;1019633 CM MERILUCE DE OLIVEIRA MULLER;-22.94629751;-43.68098670;infantil;municipal;ativa;geral;nao;RUA CINCINATO DE FREITAS, 150 SANTA CRUZ. 23525-150 Rio de Janeiro - RJ.
33163499;1019801 EDI SARGENTO IZO GOMES PATRICIO;-22.91351084;-43.65600945;infantil;municipal;ativa;geral;nao;NELSON PIAUHY DOURADO S/N CONJUNTO URUCANIA, S/N CONJUNTO URUCANIA. PACIENCIA. 23570-420 Rio de Janeiro - RJ.
33163847;1019802 EDI LARISSA DOS SANTOS ATANAZIO;-22.92229120;-43.64456760;infantil;municipal;ativa;geral;nao;CESARIO DE MELO, 11485 PACIENCIA. 23585-125 Rio de Janeiro - RJ.
33163510;1019803 EDI LARYSSA SILVA MARTINS;-22.90771371;-43.70189055;infantil;municipal;ativa;geral;nao;AV. JOAO XXIII S/N, SEM NUMERO SANTA CRUZ. 23560-352 Rio de Janeiro - RJ.
33163855;1019804 EDI PROFESSORA MARIA LUIZA JOBIM DE QUEIROZ;-22.97656020;-43.69358840;infantil;municipal;ativa;geral;nao;RUA FREDERICO TROTA S/N, SEPETIBA. 23535-790 Rio de Janeiro - RJ.
33166110;1019805 EDI PROFESSOR CELSO DE ALMEIDA CHAVES;-22.92514097;-43.69014140;infantil;municipal;ativa;geral;nao;RUA BARAO DE LORETO, SN LARGO DO BODEGAO. SANTA CRUZ. 23550-080 Rio de Janeiro - RJ.
33168083;1019807 EDI PROFESSOR ANTONIO ALFREDO MERCADANTE;-22.88385070;-43.66068020;infantil;municipal;ativa;geral;nao;ESTRADA ATERRADO DO LEME, S/N SANTA CRUZ. 23575-330 Rio de Janeiro - RJ.
33168113;1019809 EDI PROFESSORA CARMEN FRAGA DE ARAUJO;-22.94046380;-43.68018772;infantil;municipal;ativa;geral;nao;RUA CARVALHO SANTOS, S/N LOTEAMENTO MADEAM. SANTA CRUZ. 23520-680 Rio de Janeiro - RJ.
33168130;1019810 EDI PROFESSORA ROSELE NICOLAU JORGE COUTINHO;-22.91457351;-43.67113463;infantil;municipal;ativa;geral;nao;RUA MAURICIO CALDEIRA DE ALVARENGA, S/N SANTA CRUZ. 23570-341 Rio de Janeiro - RJ.
33143960;1019811 EDI PROFESSORA RAQUEL KELLY LANERA;-22.87542486;-43.63454024;infantil;municipal;ativa;geral;nao;ESTRADA DE MANGUARIBA, S/N MANGUARIBA. SANTA CRUZ. 23065-150 Rio de Janeiro - RJ.
33146128;1019812 EDI ELIZABETH PAPERA;-22.91784167;-43.63298500;infantil;municipal;ativa;geral;nao;RUA ENGENHEIRO CANTARINO MOTA, 102 PACIENCIA. 23587-000 Rio de Janeiro - RJ.
33083959;1019813 EDI GOUVEIAS;-22.92078187;-43.62377980;infantil;municipal;ativa;geral;nao;RUA ARMANDO FRUTUOSO, S/N CONJ GOUVEIAS. PACIENCIA. 23587-200 Rio de Janeiro - RJ.
33083940;1019814 EDI CESARINHO;-22.92183696;-43.64012221;infantil;municipal;ativa;geral;nao;RUA MARIO FONTENELE DE SOUZA, 115 CESARINHO. PACIENCIA. 23585-055 Rio de Janeiro - RJ.
33083975;1019815 EDI JOAO CORREA;-22.91623930;-43.65190620;infantil;municipal;ativa;geral;nao;RUA CILON CUNHA BRUN, S/N CONJ URUCANIA. SANTA CRUZ. 23573-400 Rio de Janeiro - RJ.
33083967;1019816 EDI GUANDU;-22.90018880;-43.70324580;infantil;municipal;ativa;geral;nao;RUA 1, 217 CONJ HAB GUANDU. SANTA CRUZ. 23560-410 Rio de Janeiro - RJ.
33083983;1019817 EDI PROFESSORA ROSA MARIA ALVES DE OLIVEIRA;-22.90638810;-43.70240890;infantil;municipal;ativa;geral;nao;RUA EDUARDO PINTO VILAR, CONJ.JOAO XXIII. SANTA CRUZ. 23560-320 Rio de Janeiro - RJ.
33173982;1019818 EDI RENEE BISCAIA RAPOSO;-22.91941107;-43.62394136;infantil;municipal;ativa;geral;nao;RUA RUY CARLOS BERBET, S/N PACIENCIA. 23587-650 Rio de Janeiro - RJ.
33084009;1019819 EDI SAO FERNANDO;-22.88935080;-43.71727360;infantil;municipal;ativa;geral;nao;R ALVARO FAUSTO DE SOUZA, S/N C. SAO FERNANDO. SANTA CRUZ. 23565-250 Rio de Janeiro - RJ.
33179492;1019821 EDI PROFESSORA SOLANGE INACIA DE SA DE LACERDA;-22.90340740;-43.70799240;infantil;municipal;ativa;geral;nao;RUA TREZE, SANTA CRUZ. 23560-375 Rio de Janeiro - RJ.
33176094;1019822 EDI PROFESSORA KATIA MIRANDA SANTOS;-22.95667240;-43.68853700;infantil;municipal;ativa;geral;nao;ESTRADA DE SEPETIBA, 3325 BLOCO 1. SANTA CRUZ. 23525-173 Rio de Janeiro - RJ.
33176108;1019823 EDI MARIA ROSANGELA OLIVEIRA TIA NEGUINHA;-22.95665400;-43.68819250;infantil;municipal;ativa;geral;nao;ESTRADA DE SEPETIBA, 3.325 BLOCO 2. SANTA CRUZ. 23525-173 Rio de Janeiro - RJ.
33176078;1019824 EDI PROFESSORA LILIA CHAVES DA COSTA;-22.95631920;-43.68747994;infantil;municipal;ativa;geral;nao;ESTRADA DE SEPETIBA, 3325 BL 3 NOVA SEPETIBA. SANTA CRUZ. 23525-173 Rio de Janeiro - RJ.
33179506;1019826 EDI THAMIRIS DE ANDRADE DA SILVA SANTOS;-22.97656460;-43.69455870;infantil;municipal;ativa;geral;nao;RUA JOSE FERNANDES, S/N SEPETIBA. 23535-450 Rio de Janeiro - RJ.
33179522;1019827 EDI MEDALHISTA OLIMPICA POLIANA OKIMOTO;-22.93419100;-43.65968200;infantil;municipal;ativa;geral;nao;AVENIDA CESARIO DE MELO, 13.501 BLOCO 1. SANTA CRUZ. 23595-040 Rio de Janeiro - RJ.
33179530;1019828 EDI MEDALHISTA OLIMPICO ERLON DE SOUZA SILVA;-22.93356127;-43.65964794;infantil;municipal;ativa;geral;nao;AVENIDA CESARIO DE MELO, 13.501 BLOCO II. SANTA CRUZ. 23595-040 Rio de Janeiro - RJ.
33179441;1019831 EDI PROFESSORA MARIA MESQUITA DE SIQUEIRA;-22.88318727;-43.66343220;infantil;municipal;ativa;geral;nao;ESTRADA DOS PALMARES, 4101 JESUITAS. SANTA CRUZ. 23575-275 Rio de Janeiro - RJ.
33083029;1026001 EM JONATAS SERRANO;-22.95302000;-43.57756000;infantil|fundamental_i;municipal;ativa;geral;nao;ESTR DO MATO ALTO, S/N GUARATIBA. 23036-150 Rio de Janeiro - RJ.
33083134;1026002 EM MONTEIRO LOBATO;-22.97296120;-43.58584140;fundamental_ii;municipal;ativa;geral;nao;RUA IBEMA, S/N PREDIO. GUARATIBA. 23030-180 Rio de Janeiro - RJ.
33083215;1026003 EM PROFESSOR CASTILHO;-22.99423810;-43.59354841;infantil|fundamental_i;municipal;ativa;geral;nao;ESTRADA DA MATRIZ, 4406 GUARATIBA. 23020-715 Rio de Janeiro - RJ.
33083045;1026004 EM LEONCIO CORREIA;-22.97399390;-43.54652800;infantil|fundamental_i;municipal;ativa;geral;nao;AV GASPAR DE LEMOS, 342 ILHA DE GUARATIBA. 23020-110 Rio de Janeiro - RJ.
33083142;1026005 EM NARCISA AMALIA;-23.00913460;-43.53761510;fundamental_ii;municipal;ativa;geral;nao;ESTR THEODORETO DE CAMARGO, S/N GUARATIBA. ILHA DE GUARATIBA. 23020-440 Rio de Janeiro - RJ.
33082863;1026006 EM EUCLIDES DA CUNHA;-22.94874240;-43.60264940;infantil|fundamental_i;municipal;ativa;geral;nao;ESTRADA DO MAGARCA, 3.323 GUARATIBA. 23035-375 Rio de Janeiro - RJ.
33083320;1026007 EM PROFESSORA LEOCADIA TORRES;-22.97720500;-43.63777200;fundamental_ii;municipal;ativa;geral;nao;ESTR DO MAGARCA, 8441 GUARATIBA. 23031-204 Rio de Janeiro - RJ.
33082847;1026008 EM ENGENHEIRO GASTAO RANGEL;-22.98045420;-43.64331337;fundamental_ii;municipal;ativa;geral;nao;ESTRADA DO MAGARCA, 9183 PEDRA DE GUARATIBA. 23031-201 Rio de Janeiro - RJ.
33082693;1026010 EM BERTHA LUTZ;-22.97923956;-43.67086266;fundamental_i|fundamental_ii;municipal;ativa;geral;nao;RUA GABRIEL MILITAO MACHADO, S/N PRAIA DA BRISA. GUARATIBA. 23028-550 Rio de Janeiro - RJ.
33082910;1026011 EM FLORIPES ANGLADAS LUCAS;-23.05304420;-43.55494250;infantil|fundamental_i;municipal;ativa;geral;nao;ESTRADA ROBERTO BURLE MARX, 7.523 BARRA DE GUARATIBA. 23020-265 Rio de Janeiro - RJ.
33083304;1026012 EM PROFESSOR VIEIRA FAZENDA;-23.06100630;-43.56831640;fundamental_ii;municipal;ativa;geral;nao;ESTR.BARRA DE GUARATIBA, 9140 B DE GUARATIBA. BARRA DE GUARATIBA. 23020-240 Rio de Janeiro - RJ.
33082618;1026013 EM ANA NERI;-23.06804660;-43.56730050;infantil|fundamental_i;municipal;ativa;geral;nao;ESTRADA ROBERTO BURLE MARX, 9953 BARRA DE GUARATIBA. 23020-240 Rio de Janeiro - RJ.
33082871;1026014 EM EUCLIDES ROXO;-23.02007833;-43.54499167;infantil|fundamental_i;municipal;ativa;geral;nao;ESTR ROBERTO BURLE MARX, 750 BARRA DE GUARATIBA. 23020-240 Rio de Janeiro - RJ.
33083150;1026015 EM NESTOR VICTOR;-22.99602674;-43.64951296;fundamental_i;municipal;ativa;geral;nao;ESTRADA DA PEDRA, 8.505 PEDRA DE GUARATIBA. 23030-380 Rio de Janeiro - RJ.
33082790;1026016 EM DEBORAH MENDES DE MORAES;-23.00140436;-43.63910859;fundamental_ii;municipal;ativa;geral;nao;R BELCHIOR DA FONSECA, 643 PEDRA DE GUARATIBA. 23027-260 Rio de Janeiro - RJ.
33140081;1026017 EM GIUSEPPE MELCHIORI - PADRE JOSE;-22.94796500;-43.60305833;fundamental_i;municipal;ativa;geral;nao;ESTRADA DO MAGARCA, 3323 GUARATIBA. 23035-380 Rio de Janeiro - RJ.
33140111;1026018 EM EMMA DAVILA DE CAMILLIS;-22.98637160;-43.63588460;fundamental_i;municipal;ativa;geral;nao;RUA VARZEA DA PALMA, S/N GUARATIBA. 23026-210 Rio de Janeiro - RJ.
33143986;1026019 EM PROFESSORA MARIA HELENA SAMPAIO MARQUES;-22.98025833;-43.64274833;fundamental_i;municipal;ativa;geral;nao;ESTRADA DO MAGARCA, 9183 GUARATIBA. 23031-204 Rio de Janeiro - RJ.
33146136;1026020 EM PROFESSORA ELISA JOAQUINA DALTRO PEIXOTO;-23.00181270;-43.62803483;infantil|fundamental_i;municipal;ativa;geral;nao;RUA SOLDADO CONSTANTINO MAROQUI, SN PRACA SIDEROPOLIS. PEDRA DE GUARATIBA. 23025-170 Rio de Janeiro - RJ.
33154554;1026021 EM PROFESSORA MYRTHES WENZEL;-23.00421260;-43.62939540;fundamental_i|fundamental_ii;municipal;ativa;geral;nao;RUA SOLDADO ANTONIO DE PAULA, SN PRACA ROMELANDIA. PEDRA DE GUARATIBA. 23025-220 Rio de Janeiro - RJ.
33228000;1026024 EM TATIANA CHAGAS MEMORIA;-22.95892500;-43.60828243;fundamental_ii;municipal;ativa;geral;nao;RUA PEDRO OSORIO, 360 JD MARAVILHA. GUARATIBA. 23031-280 Rio de Janeiro - RJ.
33163812;1026025 EM RIVADAVIA MANOEL PINTO;-22.99789833;-43.62723667;fundamental_i;municipal;ativa;geral;nao;AVENIDA LITORANEA, S/N PEDRA DE GUARATIBA. 23025-080 Rio de Janeiro - RJ.
33164312;1026026 EM DOUTOR SOCRATES;-22.98973220;-43.62454520;fundamental_ii;municipal;ativa;geral;nao;RUA BIDU SAYAO, S/N PEDRA DE GUARATIBA. 23025-043 Rio de Janeiro - RJ.
33176124;1026028 EM PROFESSOR JORGE LUIZ ITABORAI DE ALMEIDA;-22.97608180;-43.67024060;fundamental_ii;municipal;ativa;geral;nao;RUA ALEXIS CARREL, S/N BRISA. GUARATIBA. 23028-130 Rio de Janeiro - RJ.
33176116;1026029 EM PROFESSOR ARI MARQUES PONTES;-22.94062830;-43.58230840;fundamental_ii;municipal;ativa;geral;nao;RUA GIORDANO VINCENZO, 500 GUARATIBA. 23036-050 Rio de Janeiro - RJ.
33179557;1026030 EM MEDALHISTA OLIMPICA BARBARA SEIXAS DE FREITAS;-22.98551490;-43.62679420;fundamental_ii;municipal;ativa;geral;nao;AVENIDA ALTO MARANHAO, S/N PRACA VERDE. GUARATIBA. 23026-010 Rio de Janeiro - RJ.
33081867;1026201 CIEP POSSEIRO MARIO VAZ;-22.96357014;-43.60953665;fundamental_i;municipal;ativa;geral;nao;RUA CANOANA, S/Nº JARDIM MARAVILHA. GUARATIBA. 23031-005 Rio de Janeiro - RJ.
33088390;1026202 CIEP HILDEBRANDO DE ARAUJO GOES;-22.97508833;-43.64865667;infantil|fundamental_i;municipal;ativa;geral;nao;ESTRADA DA PEDRA, S/N PEDRA DE GUARATIBA. 23030-380 Rio de Janeiro - RJ.
33096074;1026601 CM SONHO DE CRIANCA;-22.97275680;-43.59018760;infantil;municipal;ativa;geral;nao;RUA DA PEDREIRA, 11 ESTR. MATO ALTO. GUARATIBA. 23030-370 Rio de Janeiro - RJ.
33096040;1026602 CM NOSSA SENHORA DA GLORIA;-22.99677980;-43.60958570;infantil;municipal;ativa;geral;nao;RUA DA CAPELINHA, 94 PIRAQUE. PEDRA DA GUARATIBA. 23025-070 Rio de Janeiro - RJ.
33122547;1026603 CM SEMPRE VIDA COLONIA DOS PESCADORES;-23.00088852;-43.63751426;infantil;municipal;ativa;geral;nao;RUA BARREIRO GRANDE, 35 PEDRA DE GUARATIBA. 23027-140 Rio de Janeiro - RJ.
33158169;1026604 CM JOSEPHA FERREIRA DA COSTA;-22.95488690;-43.58256110;infantil;municipal;ativa;geral;nao;CAMINHO AREAL, 12 FUNDOS. GUARATIBA. 23030-570 Rio de Janeiro - RJ.
33161054;1026801 EDI SAMIRA PIRES RIBEIRO;-22.98453706;-43.65977873;infantil;municipal;ativa;geral;nao;RUA FORTALEZA DE MINAS, S/N GUARATIBA. 23028-513 Rio de Janeiro - RJ.
33164320;1026802 EDI PROFESSOR MARCOS FLAMINIO PORTUGAL PINTO;-22.98055570;-43.64422680;infantil;municipal;ativa;geral;nao;ESTRADA DO MAGARCA, 9.183 GUARATIBA. 23031-204 Rio de Janeiro - RJ.
33158029;1026803 EDI PADRE CARLOS HENRIQUE DE SOUZA;-22.96333350;-43.61037570;infantil;municipal;ativa;geral;nao;RUA SILVANIA, S/N JARDIM MARAVILHA. GUARATIBA. 23031-350 Rio de Janeiro - RJ.
33158002;1026804 EDI PROFESSORA LUZIA MARIA MOREIRA DO NASCIMENTO;-22.96776920;-43.58900640;infantil;municipal;ativa;geral;nao;ESTRADA DO MATO ALTO, 4790 LARGO PROFESSOR JOAO ALVES - GUARATIBA. 23030-320 Rio de Janeiro - RJ.
33179433;1026805 EDI MEDALHISTA OLIMPICO IZAQUIAS QUEIROZ DOS SANTOS;-22.94291350;-43.58258420;infantil;municipal;ativa;geral;nao;ESTRADA CABUCU DE BAIXO, 890 GUARATIBA. 23036-060 Rio de Janeiro - RJ.
33179425;1026806 EDI MEDALHISTA OLIMPICO FELIPE ALMEIDA WU;-22.98388520;-43.64586900;infantil;municipal;ativa;geral;nao;RUA ANTONIO PIRES, 280 CINCO MARIAS. GUARATIBA. 23028-690 Rio de Janeiro - RJ.
33179387;1026807 EDI ALFREDO FERNANDO VAZ GUIMARAES JUNIOR;-22.95799650;-43.60806330;infantil;municipal;ativa;geral;nao;RUA PEDRO OSORIO, 360 GUARATIBA. 23031-280 Rio de Janeiro - RJ.
33179379;1026809 EDI MEDALHISTA PARALIMPICO RICARDO COSTA DE OLIVEIRA;-22.96404129;-43.61046450;infantil;municipal;ativa;geral;nao;RUA SILVANIA, S/N BLOCO 2. GUARATIBA. 23031-350 Rio de Janeiro - RJ.
33179360;1026810 EDI ALCEBIADES FRANCISCO ROSA;-22.97454567;-43.64879615;infantil;municipal;ativa;geral;nao;RUA ANTONIO RAIOL, 356 GUARATIBA. 23032-090 Rio de Janeiro - RJ.
33179352;1026811 EDI GERMANO THOME DE OLIVEIRA;-22.98642000;-43.62894730;infantil;municipal;ativa;geral;nao;AVENIDA ALTO MARANHAO, S/N GUARATIBA. 23026-010 Rio de Janeiro - RJ.
33095728;11001 - CRECHE COMUNITARIA ALEGRIA DA CRIANCA;-22.79507000;-43.20931000;infantil;privada;ativa;geral;sim;RUA JORNALISTA ALAIDE PIRES, 35 PORTUGUESA. 21931-615 Rio de Janeiro - RJ.
33096279;11003 - CRECHE COMUNITARIA - AMIG;-22.81514000;-43.17665000;infantil;privada;ativa;geral;sim;PRAIA DAS PITANGUEIRAS, 243 PITANGUEIRAS - ILHA DO GOVERNADOR. 21930-360 Rio de Janeiro - RJ.
33122733;11004 - CENTRO DE ATIVIDADES EDUCACIONAIS E CULTURAIS ARCA DE NOE;-22.80456000;-43.19408000;infantil;privada;ativa;geral;sim;RUA VICENTE PONTE, S/N QUADRA 19 DO PAL 204. JARDIM CARIOCA. 21921-740 Rio de Janeiro - RJ.
33162123;11006- CRECHE DO CASULO DO DENDE;-22.79925000;-43.18549000;infantil;privada;ativa;geral;sim;ESTRADA DO DENDE, 205 PREDIO. MONERO. 21920-000 Rio de Janeiro - RJ.
33086044;1120001 EM CUBA;-22.82130260;-43.17388410;fundamental_i|fundamental_ii;municipal;ativa;geral;nao;PRAIA DO ZUMBI, 25 ZUMBI. 21930-155 Rio de Janeiro - RJ.
33085994;1120002 EM CANDIDO PORTINARI;-22.81876990;-43.17964490;infantil|fundamental_i;municipal;ativa;geral;nao;RUA PRACINHA JOSE VARELA, 00 PITANGUEIRAS. 21930-005 Rio de Janeiro - RJ.
33085900;1120003 EM ABEILARD FEIJO;-22.80762310;-43.18166978;infantil|fundamental_i;municipal;ativa;geral;nao;ESTRADA DA CACUIA, 1.386 CACUIA. 21921-001 Rio de Janeiro - RJ.
33086087;1120004 EM JORNALISTA ORLANDO DANTAS;-22.79131550;-43.18230320;fundamental_ii;municipal;ativa;geral;nao;RUA BENEDITO PATRICIO, 248 BANCARIOS. ILHA DO GOVERNADOR. 21910-220 Rio de Janeiro - RJ.
33086052;1120005 EM DUNSHEE DE ABRANCHES;-22.79025300;-43.18270670;fundamental_ii;municipal;ativa;geral;nao;R GIPOIA, 167 BANCARIOS. ILHA DO GOV. 21910-102 Rio de Janeiro - RJ.
33085943;1120006 EM AMADEU ROCHA;-22.79521390;-43.17627690;infantil|fundamental_i;municipal;ativa;geral;nao;RUA DOUTOR MANUEL MARREIROS, SN BANCARIOS. 21910-080 Rio de Janeiro - RJ.
33086176;1120007 EM ROTARY;-22.79393730;-43.17309000;fundamental_i|fundamental_ii;municipal;ativa;geral;nao;AV PARANAPUAN, 204 FREGUESIA. 21910-003 Rio de Janeiro - RJ.
33085935;1120008 EM ALVARO MOREIRA;-22.81013410;-43.19663480;infantil|fundamental_i|fundamental_ii;municipal;ativa;geral;nao;RUA ABELIA, 340 JARDIM GUANABARA. 21940-010 Rio de Janeiro - RJ.
33086133;1120009 EM PADRE JOSE DE ANCHIETA;-22.81469540;-43.20095810;infantil|fundamental_i|fundamental_ii;municipal;ativa;geral;nao;RUA PINTO ALPOIM, 758 JARDIM GUANABARA. 21940-230 Rio de Janeiro - RJ.
33086036;1120010 EM COSTA RICA;-22.81611900;-43.19723130;infantil|fundamental_i;municipal;ativa;geral;nao;RUA HENRIQUE LACOMBE, SN JARDIM GUANABARA. 21940-240 Rio de Janeiro - RJ.
33085986;1120012 EM BRIGADEIRO EDUARDO GOMES;-22.80950590;-43.20710920;fundamental_ii;municipal;ativa;geral;nao;RUA GASPAR MAGALHAES, 258 JARDIM GUANABARA. 21940-120 Rio de Janeiro - RJ.
33085927;1120013 EM ALICE TIBIRICA;-22.80208120;-43.18951380;infantil|fundamental_i;municipal;ativa;geral;nao;R IPUA, S/N JARDIM CARIOCA. 21921-410 Rio de Janeiro - RJ.
33086079;1120014 EM HOLANDA;-22.80551290;-43.19270980;infantil|fundamental_i|fundamental_ii;municipal;ativa;geral;nao;RUA INHOVERA, S/N ILHA DO GOVERNADOR. 21921-720 Rio de Janeiro - RJ.
33086095;1120015 EM LEONEL AZEVEDO;-22.79872240;-43.20183880;fundamental_i|fundamental_ii;municipal;ativa;geral;nao;RUA LUIS SA, MONERO. 21920-400 Rio de Janeiro - RJ.
33086184;1120016 EM SUN-YAT-SEN;-22.79224759;-43.18294882;fundamental_i;municipal;ativa;geral;nao;RUA DEMETRIO DE TOLEDO, 21 TAUA. ILHA DO GOVERNADOR. 21920-080 Rio de Janeiro - RJ.
33086001;1120017 EM CAPITAO DE FRAGATA DIDIER BARBOSA VIANNA;-22.79765780;-43.18221580;infantil|fundamental_i|fundamental_ii;municipal;ativa;geral;nao;RUA NOEMIO DA SILVEIRA, 150 TAUA. 21910-265 Rio de Janeiro - RJ.
33086117;1120018 EM MAGDALENA TAGLIAFERRO;-22.79719926;-43.18026137;infantil|fundamental_i;municipal;ativa;geral;nao;R MENINO JESUS DE PRAGA, S/N TAUA. ILHA DO GOVERNADOR. 21910-470 Rio de Janeiro - RJ.
33086168;1120019 EM RODRIGO OTAVIO;-22.79867610;-43.19908120;fundamental_i|fundamental_ii;municipal;ativa;geral;nao;RUA ANTONIO DE ALMEIDA, 11 MONERO. ILHA DO GOVERNADOR. 21920-340 Rio de Janeiro - RJ.
33085978;1120020 EM BELMIRO MEDEIROS;-22.79846700;-43.19949580;fundamental_i|fundamental_ii;municipal;ativa;geral;nao;RUA PIZARRO DE ARAUJO, S/N MONERO. 21920-347 Rio de Janeiro - RJ.
33086060;1120021 EM GURGEL DO AMARAL;-22.79960440;-43.20720170;fundamental_i|fundamental_ii;municipal;ativa;geral;nao;RUA GUSTAVO AUGUSTO DE RESENDE, 541 PORTUGUESA. 21931-576 Rio de Janeiro - RJ.
33086109;1120022 EM MAESTRO FRANCISCO BRAGA;-22.79961250;-43.20981330;infantil|fundamental_i;municipal;ativa;geral;nao;RUA HAROLDO LOBO, 533 PORTUGUESA. 21931-580 Rio de Janeiro - RJ.
33085870;1120023 EEM ROTARY CLUB;-22.80590780;-43.20783630;fundamental_i;municipal;ativa;exclusivo_deficiencia;nao;RUA CAMBAUBA, 159 ILHA DO GOVERNADOR. 21940-005 Rio de Janeiro - RJ.
33085960;1120024 EM ANITA GARIBALDI;-22.81583640;-43.22592600;fundamental_i;municipal;ativa;geral;nao;ESTRADA MARACAJAS, 1294 ILHA GOVERNADOR. GALEAO. 21941-395 Rio de Janeiro - RJ.
33085919;1120025 EM ALBERTO DE OLIVEIRA;-22.81209420;-43.23780710;infantil|fundamental_i;municipal;ativa;geral;nao;AVENIDA SETE, 1411 GALEAO. 21941-535 Rio de Janeiro - RJ.
33086010;1120028 EM COMANDANTE GUILHERME FISCHER PRESSER;-22.78602580;-43.22585350;infantil|fundamental_i|fundamental_ii;municipal;ativa;geral;nao;RUA NOVENTA E SEIS, 210 TUBIACANGA. 21932-795 Rio de Janeiro - RJ.
33086150;1120029 EM PROFESSORA LAVINIA DE OLIVEIRA ESCRAGNOLLE DORIA;-22.81680680;-43.22622100;fundamental_ii;municipal;ativa;geral;nao;RUA CINQUENTA E TRES, 203 GALEAO-ILHA DO GOVERNADOR. 21941-400 Rio de Janeiro - RJ.
33086206;1120030 EM TENENTE ANTONIO JOAO;-22.85983830;-43.21870400;infantil|fundamental_i|fundamental_ii;municipal;ativa;geral;nao;RUA PASCOAL LEMME, 355 FUNDAO. CIDADE UNIVERSITARIA. 21941-918 Rio de Janeiro - RJ.
33086028;1120031 EM CONJUNTO PRAIA DA BANDEIRA;-22.80932110;-43.17981000;fundamental_i|fundamental_ii;municipal;ativa;geral;nao;RUA FREI INOCENCIO, SN PRAIA DA BANDEIRA. 21921-546 Rio de Janeiro - RJ.
33175772;1120032 EM NELSON PRUDENCIO;-22.81797034;-43.18596296;fundamental_ii;municipal;ativa;geral;nao;ESTRADA RIO JEQUIA, S/N PITANGUEIRAS. 21930-365 Rio de Janeiro - RJ.
33085439;1120201 CIEP OLGA BENARIO PRESTES;-22.81411370;-43.18218820;infantil|fundamental_i|fundamental_ii;municipal;ativa;geral;nao;RUA DESEMBARGADOR ANICETO CORREIA, CACUIA. 21930-405 Rio de Janeiro - RJ.
33085951;1120501 EM ANISIO TEIXEIRA;-22.81250620;-43.20975790;fundamental_ii;municipal;ativa;geral;nao;RUA SERENATA, 40 JARDIM GUANABARA. 21941-180 Rio de Janeiro - RJ.
33085420;1120502 CIEP JOAO MANGABEIRA;-22.78832910;-43.18460360;infantil|fundamental_i|fundamental_ii;municipal;ativa;geral;nao;AVENIDA ILHA DAS ENXADAS, S/N BANCARIOS. 21910-097 Rio de Janeiro - RJ.
33085412;1120503 GET CIEP DOUTOR JOAO RAMOS DE SOUZA;-22.79622820;-43.20357060;infantil|fundamental_i;municipal;ativa;geral;nao;ESTRADA GOVERNADOR CHAGAS FREITAS, MONERO. 21920-330 Rio de Janeiro - RJ.
33085625;1120601 CM STELLA MARIS;-22.81713167;-43.22877333;infantil;municipal;ativa;geral;nao;ESTRADA DE MARACAJA, 973 GALEAO. 21941-395 Rio de Janeiro - RJ.
33122830;1120602 CM CORA CORALINA;-22.79666340;-43.19099690;infantil;municipal;ativa;geral;nao;AVENIDA DO MAGISTERIO, S/N MONERO. 21920-455 Rio de Janeiro - RJ.
33122741;1120603 CM DOUTOR ANTONIO MONTEIRO;-22.79609430;-43.20751940;infantil;municipal;ativa;geral;nao;ESTR GOVERNADOR CHAGAS FREITAS, SN PORTUGUESA. 21932-820 Rio de Janeiro - RJ.
33096457;1120604 CM MARIA ARMINDA F SOUZA AGUIAR;-22.78609040;-43.18610910;infantil;municipal;ativa;geral;nao;AV ILHA DO FUNDAO, 107 BANCARIOS. 21910-240 Rio de Janeiro - RJ.
33123004;1120605 CM SEMPRE VIDA LORETO;-22.81521110;-43.22472450;infantil;municipal;ativa;geral;nao;ESTRADA CARICO, 26 GALEAO. 21941-450 Rio de Janeiro - RJ.
33227810;1120606 CM TAUA;-22.79707720;-43.17988170;infantil;municipal;ativa;geral;nao;RUA MENINO JESUS DE PRAGA, S/N TAUA ILHA DO GOVERNADOR. 21910-470 Rio de Janeiro - RJ.
33164100;1120801 EDI JOSE DE SOUZA RAMOS;-22.80571160;-43.19321330;infantil;municipal;ativa;geral;nao;RUA OSCAR DE MELO, S/N JARDIM CARIOCA. 21922-610 Rio de Janeiro - RJ.
33167869;1120802 EDI NEUSA MARIA GOULART BRIZOLA;-22.78781790;-43.18436150;infantil;municipal;ativa;geral;nao;ILHA DAS ENXADAS, S/N BANCARIOS. 21910-097 Rio de Janeiro - RJ.
33086192;1120803 EDI TENENTE PEDRO DE LIMA MENDES;-22.81791170;-43.22798540;infantil;municipal;ativa;geral;nao;ESTRADA DAS CANARIAS, 297 ILHA DO GOV. 21941-480 Rio de Janeiro - RJ.
33175780;1120804 EDI PROFESSORA ANNA MARIA JESUS CONCEICAO;-22.78772240;-43.17532230;infantil;municipal;ativa;geral;nao;AVENIDA AGENOR DE ALMEIDA LOYOLA, 1230 BANCARIOS. 21911-310 Rio de Janeiro - RJ.
33150362;1202701 CREJA - CENTRO MUNICIPAL DE REFERENCIA DE EDUCACAO DE JOVENS E ADULTOS;-22.90295160;-43.18276980;;municipal;ativa;geral;nao;RUA DA CONCEICAO, 74 CENTRO. 20051-012 Rio de Janeiro - RJ.
33140200;21ESCOLA PINHEIRO JUNIOR;-23.01203000;-43.30164000;infantil|fundamental_i|fundamental_ii;privada;ativa;geral;nao;AVENIDA MINISTRO IVAN LINS, 340 BARRA DA TIJUCA. 22620-110 Rio de Janeiro - RJ.
33088349;ABMSA - INSTITUTO SANTO ANTONIO;-22.80848000;-43.37063000;infantil|fundamental_i|fundamental_ii;privada;ativa;geral;nao;RUA MARIA JOAQUINA, 544 PAVUNA. 21520-280 Rio de Janeiro - RJ.
33157057;ACADEMIA DE MUSICA LORENZO FERNANDEZ;-22.91577000;-43.17792000;;privada;paralisada;geral;nao;RUA DA LAPA, 120 7º ANDAR. CENTRO. 20021-180 Rio de Janeiro - RJ.
33063770;ACALANTO CRECHE ESCOLA;-22.95642000;-43.19352000;infantil|fundamental_i;privada;ativa;geral;nao;RUA VISCONDE DE CARAVELAS, 27/29/33 CASA. BOTAFOGO. 22271-021 Rio de Janeiro - RJ.
33140731;ACREDITAR ESCOLA CRISTA;-22.83166000;-43.40093000;infantil|fundamental_i;privada;ativa;geral;nao;RUA ROQUE BARRETO, 233 PARQUE ANCHIETA. 21625-390 Rio de Janeiro - RJ.
33218803;ADN MASTER COLEGIO LTDA;-22.90274000;-43.27949000;fundamental_i|fundamental_ii;privada;ativa;geral;nao;RUA OLDEGARD SAPUCAIA, 17 PARTE. MEIER. 20710-005 Rio de Janeiro - RJ.
33076812;ALDEIA - NUCLEO DE EDUC MONTESSORIANA;-22.93773000;-43.34779000;infantil;privada;ativa;geral;nao;RUA FRANCISCA SALES, 90 FREGUESIA JACAREPAGUA. 22760-000 Rio de Janeiro - RJ.
33071160;ALDEIA NUCLEO DE EDUCACAO MONTESSORIANA;-22.90542000;-43.28297000;infantil|fundamental_ii;privada;ativa;geral;nao;RUA DONA CLAUDINA, 316 MEIER. 20725-060 Rio de Janeiro - RJ.
33108072;AMANHECENDO ESCOLA DE BEBES E CRIANCAS LTDA;-22.96097000;-43.20168000;infantil|fundamental_i;privada;ativa;geral;nao;RUA BOGARI, 105 LAGOA. 22471-340 Rio de Janeiro - RJ.
33129312;AMORA CENTRO EDUCACIONAL;-22.93793000;-43.17583000;infantil;privada;ativa;geral;nao;RUA BARAO DE ICARAI, 18/20 FLAMENGO. 22250-110 Rio de Janeiro - RJ.
33107335;ARCA COMUNIDADE EDUCACIONAL;-22.84197000;-43.31533000;infantil|fundamental_i;privada;ativa;geral;nao;RUA TEJUPA, 83 VILA DA PENHA. 21221-490 Rio de Janeiro - RJ.
33126658;ARTE E MANHA ESPACO CULTURAL LTDA;-22.92983000;-43.24171000;infantil|fundamental_i;privada;ativa;geral;nao;AVENIDA MARACANA, 1.310 TIJUCA. 20511-001 Rio de Janeiro - RJ.
33377200;ASSOCEDUCACIONAL VIDA E ARTE;-22.89584000;-43.28440000;infantil;privada;ativa;geral;nao;RUA ELISA DE ALBUQUERQUE, 87 TODOS OS SANTOS. 20770-290 Rio de Janeiro - RJ.
33192090;ASSOCIACAO CRECHE ESPERANCA III;-22.89191728;-43.41945260;;privada;paralisada;geral;sim;AVENIDA FREDERICO FAULHABER, 688 REALENGO. 21760-000 Rio de Janeiro - RJ.
33063656;ASSOCIACAO DO COLEGIO NOSSA SENHORA DE SION;-22.93854000;-43.19600000;infantil|fundamental_i|fundamental_ii;privada;ativa;geral;nao;RUA COSME VELHO, 98 COSME VELHO. COSME VELHO. 22241-090 Rio de Janeiro - RJ.
33078866;ASSOCIACAO EDUCACIONAL GARRIGA DE MENEZES;-22.93727000;-43.34390000;infantil|fundamental_i|fundamental_ii;privada;ativa;geral;nao;RUA ARAGUAIA, 389 FREGUESIA - JACAREPAGUA. 22745-270 Rio de Janeiro - RJ.
33071713;ASSOCIACAO EDUCATIVA E ASSISTENCIAL MADRE CARMEN SALLES;-22.90434370;-43.24372070;infantil|fundamental_i|fundamental_ii;privada;ativa;geral;nao;RUA SAO FRANCISCO XAVIER, 935 SAO FRANCISCO XAVIER. 20550-011 Rio de Janeiro - RJ.
33065144;ATCHIM JD ESC LTDA;-22.95916140;-43.20513860;infantil;privada;ativa;geral;nao;RUA PROFESSOR SALDANHA, 150 CASA. LAGOA. 22461-220 Rio de Janeiro - RJ.
33130108;BABY CEMI - CEMI JUNIOR;-23.01823000;-43.45256000;infantil|fundamental_i;privada;ativa;geral;nao;RUA PROFESSOR TACIEL CYLLENO, 730/760 RECREIO DOS BANDEIRANTES. 22790-010 Rio de Janeiro - RJ.
33152586;BAHIENSE EDUCACAO INFANTIL;-22.99969270;-43.38953940;infantil;privada;ativa;geral;nao;AVENIDA DAS AMERICAS, 7700 PD ANEXO. BARRA DA TIJUCA. 22620-061 Rio de Janeiro - RJ.
33295204;BARONI E CADORIN EDUCACAO INFANTIL;-23.01734000;-43.46178000;infantil;privada;ativa;geral;nao;RUA HUMBERTO COZZO, 10 RECREIO DOS BANDEIRANTES. 22795-260 Rio de Janeiro - RJ.
33175357;BARRA NOVA CRECHE ESCOLAR LTDA;-23.00410000;-43.33817000;infantil;privada;ativa;geral;nao;AVENIDA MINISTRO AFRANIO COSTA, 387 CASA. BARRA DA TIJUCA. 22631-220 Rio de Janeiro - RJ.
33064873;BEM VIVER CRECHE E PRE-ESCOLA;-22.96446000;-43.19297000;infantil;privada;ativa;geral;nao;RUA HENRIQUE OSWALD, 188 COPACABANA. 22041-020 Rio de Janeiro - RJ.
33176469;BOM TEMPO CRECHE E EDUCACAO INFANTIL LTDA;-22.94734833;-43.18822000;infantil;privada;ativa;geral;nao;RUA BARAO DE LUCENA, 103 CASA. BOTAFOGO. 22260-020 Rio de Janeiro - RJ.
33109397;BRINCAR DE VIVER CRECHE ESC;-22.91613000;-43.21972000;infantil|fundamental_i;privada;ativa;geral;nao;RUA AFONSO PENA, 149 TIJUCA. 20270-244 Rio de Janeiro - RJ.
33156255;C INTEG DE ATENCAO A PESSOA COM DEFICIENCIA;-22.90650520;-43.19378970;;municipal;paralisada;geral;nao;AVENIDA PRESIDENTE VARGAS, 1997 CIDADE NOVA. 20210-030 Rio de Janeiro - RJ.
33075972;CAEP FAVO DE MEL;-22.89326000;-43.32376000;;estadual;ativa;exclusivo_deficiencia;nao;RUA CLARIMUNDO DE MELO, 847 QUINTINO BOCAIUVA. 21311-281 Rio de Janeiro - RJ.
33105065;CAIC EUCLYDES DA CUNHA;-22.97345430;-43.33620450;;estadual;ativa;geral;nao;AV ENGENHEIRO SOUZA FILHO, 0 RIO DAS PEDRAS. ITANHANGA. 22753-039 Rio de Janeiro - RJ.
33062340;CAIC JOAQUIM JOSE DA SILVA XAVIER O TIRADENTES;-22.89815520;-43.19609950;;estadual;paralisada;geral;nao;RUA RIVADAVIA CORREIA, 190 GAMBOA. 20220-290 Rio de Janeiro - RJ.
33100659;CAIC NACOES UNIDAS;-22.90691300;-43.58918490;;estadual;ativa;geral;nao;ESTRADA DO GOIABAL, 0 INHOAIBA. 23063-650 Rio de Janeiro - RJ.
33120692;CAIC THEOPHILO DE SOUZA PINTO;-22.86503500;-43.27189310;;estadual;ativa;geral;nao;LRG DO TERCO, 0 NOVA BRASILIA. BONSUCESSO. 21061-270 Rio de Janeiro - RJ.
33166137;CAL OFICINA DE FORMACAO TEATRAL LTDA;-22.93929000;-43.19454000;;privada;ativa;geral;nao;RUA RUMANIA, 44 LARANJEIRAS. 22240-140 Rio de Janeiro - RJ.
33108587;CASA ESC MONTESSORIANA PEQ TRABALHADOR;-22.98115000;-43.20265000;infantil;privada;ativa;geral;nao;RUA BARAO DE JAGUARIPE, 35 E 37 IPANEMA. 22421-000 Rio de Janeiro - RJ.
33164797;CASA NA ARVORE ESPACO DE EDUCACAO INFANTIL LTDA;-23.01806000;-43.45919000;infantil|fundamental_i;privada;ativa;geral;nao;RUA ROBERVAL CORDEIRO DE FARIAS, 471 CASA. RECREIO DOS BANDEIRANTES. 22795-325 Rio de Janeiro - RJ.
33231249;CASTELINHO DO SABER;-22.82523821;-43.30750465;infantil;privada;ativa;geral;nao;RUA JUVENCIO DE MENEZES, 197 CORDOVIL. 21250-560 Rio de Janeiro - RJ.
33168806;CDEI AMALIA FERNANDES CONDE;-22.93476270;-43.20187040;;municipal;ativa;sem_escolarizacao;nao;RUA ALMIRANTE ALEXANDRINO, 3286 SANTA TERESA. 20241-266 Rio de Janeiro - RJ.
33086540;CE ACARI;-22.81612650;-43.34031910;;estadual;ativa;geral;nao;RUA FAUSTO E CASTRO, 0 ACARI. 21535-130 Rio de Janeiro - RJ.
33077088;CE ADALGISA MONTEIRO;-22.97527830;-43.32804030;;estadual;ativa;geral;nao;ESTRADA DE JACAREPAGUA, 3145 RIO DAS PEDRAS. ITANHANGA. 22753-210 Rio de Janeiro - RJ.
33074160;CE ADLAI STEVENSON;-22.82561290;-43.32119450;;estadual;ativa;geral;nao;RUA HERON DOMINGUES, 122 VISTA ALEGRE. 21230-420 Rio de Janeiro - RJ.
33068011;CE AFONSO PENA;-22.92447280;-43.24021000;;estadual;ativa;geral;nao;RUA AMARAL, 30 ANDARAI. 20540-001 Rio de Janeiro - RJ.
33079331;CE AGOSTINHO NETO;-22.88516130;-43.35791980;;estadual;ativa;geral;nao;AVENIDA CANAL, 0 S/N. REALENGO. 21755-410 Rio de Janeiro - RJ.
33071535;CE AGRIPINO GRIECO;-22.90092424;-43.29506281;;estadual;ativa;geral;nao;RUA MONSENHOR JERONIMO, 0 ENGENHO DE DENTRO. 20730-110 Rio de Janeiro - RJ.
33077096;CE ALBERTO PASQUALINI - RESOLUCAO SEEDUC Nº 5702 DE 28112018 NO DO DE 29112018;-22.93197090;-43.36538400;;estadual;extinta;geral;nao;PRACA ALBERT SABIN, 12 PECHINCHA. 22740-170 Rio de Janeiro - RJ.
33077363;CE ALBERTO RANGEL;-22.94298610;-43.33908790;;estadual;ativa;geral;nao;PRACA JOSE ALVES DE AZEVEDO, 43 FREGUESIA JACAREPAGUA. 22755-190 Rio de Janeiro - RJ.
33062250;CE ALDEBARA;-22.92253821;-43.65571623;;estadual;ativa;geral;nao;AVENIDA ANTARES, 0 CONJUNTO ANTARES. SANTA CRUZ. 23590-360 Rio de Janeiro - RJ.
33077371;CE ALINA DE BRITO;-22.93529520;-43.36971430;;estadual;ativa;geral;nao;RUA FREI LUIZ ALEVATO, 0 TAQUARA. 22710-320 Rio de Janeiro - RJ.
33082227;CE ALMIRANTE FRONTIN;-22.88760481;-43.55789230;;estadual;ativa;geral;nao;RUA NOVA ALIANCA, 0 CAMPO GRANDE. 23087-340 Rio de Janeiro - RJ.
33087750;CE ALMIRANTE TAMANDARE;-22.99365000;-43.23570000;;estadual;ativa;geral;nao;AVENIDA PRESIDENTE JOAO GOULART, 296 VIDIGAL. 22450-242 Rio de Janeiro - RJ.
33074798;CE AMAPA;-22.84472020;-43.33910050;;estadual;ativa;geral;nao;RUA TORIBA, 106 COLEGIO. 21545-260 Rio de Janeiro - RJ.
33082235;CE AMAZONAS;-22.91182340;-43.61311640;;estadual;ativa;geral;nao;RUA GUARUJA, 1900 COSMOS. 23060-666 Rio de Janeiro - RJ.
33066124;CE ANACLETO DE MEDEIROS;-22.90640000;-43.23100000;;estadual;ativa;geral;nao;AVENIDA BARTOLOMEU DE GUSMAO, 1100 SAO CRISTOVAO. 20941-160 Rio de Janeiro - RJ.
33065276;CE ANDRE MAUROIS;-22.97689340;-43.22572370;;estadual;ativa;geral;nao;AVENIDA VISCONDE DE ALBUQUERQUE, 1325 LEBLON. 22450-001 Rio de Janeiro - RJ.
33085463;CE ANITA GARIBALDI;-22.81572157;-43.22589786;;estadual;ativa;geral;nao;ETR DE MARACAJA, 1294 ILHA DO GOVERNADOR. GALEAO. 21941-395 Rio de Janeiro - RJ.
33140715;CE ANTONIO HOUAISS;-22.90987290;-43.29364660;;estadual;ativa;geral;nao;RUA MARANHAO, 530 MEIER. 20720-230 Rio de Janeiro - RJ.
33066590;CE ANTONIO PRADO JUNIOR;-22.91290660;-43.21620120;;estadual;ativa;geral;nao;RUA MARIZ E BARROS, 273 A. PRACA DA BANDEIRA. 20270-003 Rio de Janeiro - RJ.
33183724;CE ARTHUR ANTONIO SENDAS;-22.97402248;-43.28540845;;estadual;ativa;geral;nao;ETR DAS FURNAS, 1467 ALTO DA BOA VISTA. 20531-572 Rio de Janeiro - RJ.
33086427;CE AUGUSTO RUSCHI;-22.75362720;-43.10945390;;estadual;ativa;geral;nao;RUA PADRE JUVENAL, 74 ILHA DE PAQUETA. 20397-070 Rio de Janeiro - RJ.
33068844;CE BAHIA;-22.86451000;-43.24741000;;estadual;ativa;geral;nao;AVENIDA BRASIL, 5430 BONSUCESSO. 21040-361 Rio de Janeiro - RJ.
33079340;CE BANGU;-22.87070643;-43.46920582;;estadual;ativa;geral;nao;ESTRADA DO ENGENHO, 442 BANGU. 21840-000 Rio de Janeiro - RJ.
33128600;CE BARAO DE ITARARE;-22.92699079;-43.69471237;;estadual;ativa;geral;nao;ETR VITOR DUMAS, 0 LARGO DO BODEGAO. SANTA CRUZ. 23550-570 Rio de Janeiro - RJ.
33072078;CE BARAO DE MACAUBAS;-22.87251570;-43.27669640;;estadual;ativa;geral;nao;AVENIDA ITAOCA S/N, 0 INHAUMA. 21061-771 Rio de Janeiro - RJ.
33082251;CE BARAO DE SANTA MARGARIDA;-22.88914348;-43.60458731;;estadual;ativa;geral;nao;RUA COREMAS, 358 COSMOS. 23060-040 Rio de Janeiro - RJ.
33084238;CE BARAO DO RIO BRANCO;-22.92419941;-43.69272299;;estadual;ativa;geral;nao;RUA DO MATADOURO, 25 SANTA CRUZ. 23550-026 Rio de Janeiro - RJ.
33079668;CE BARONESA DE SAAVEDRA;-22.87021657;-43.43918389;;estadual;ativa;geral;nao;RUA MARECHAL FALCAO DA FROTA, 0 REALENGO. 21735-662 Rio de Janeiro - RJ.
33086729;CE BELGICA;-22.84017833;-43.38076500;;estadual;ativa;geral;nao;RUA FRANCOLIN, 50 GUADALUPE. 21660-130 Rio de Janeiro - RJ.
33095078;CE BERNARDO DE VASCONCELOS;-22.84559930;-43.28400880;;estadual;ativa;geral;nao;PRACA SANTA ROSALIA, 100 PENHA. 21070-440 Rio de Janeiro - RJ.
33071543;CE BOLIVAR;-22.89457051;-43.30163321;;estadual;ativa;geral;nao;RUA GOIAS, 248 ENGENHO DE DENTRO. 20750-000 Rio de Janeiro - RJ.
33070148;CE BRANT HORTA;-22.83578023;-43.28826257;;estadual;ativa;geral;nao;RUA BENTO CARDOSO, 130 PENHA CIRCULAR. 21215-000 Rio de Janeiro - RJ.
33077100;CE BRIGADEIRO SCHORCHT;-22.92819220;-43.37244560;;estadual;ativa;geral;nao;RUA DOS PRAZERES, 71 TAQUARA. 22710-045 Rio de Janeiro - RJ.
33111707;CE CANDEIA;-22.81022167;-43.19477167;fundamental_i|fundamental_ii;estadual;ativa;geral;nao;ESTRADA DAS CANARIAS, 569 ILHA DO GOVERNADOR. GALEAO. 21941-480 Rio de Janeiro - RJ.
33075689;CE CARDEAL ARCOVERDE;-22.87605740;-43.34347400;;estadual;ativa;geral;nao;RUA AGOSTINHO BARBALHO, 401 MADUREIRA. 21310-130 Rio de Janeiro - RJ.
33077150;CE CARDEAL DOM EUGENIO DE ARAUJO SALES;-22.94706350;-43.35954920;;estadual;ativa;geral;nao;RUA EDGAR WERNECK, 1565 JACAREPAGUA. CIDADE DE DEUS. 22763-011 Rio de Janeiro - RJ.
33149119;CE CARLOS ARNOLDO ABRUZZINI DA FONSECA;-22.95907050;-43.69034690;;estadual;ativa;geral;nao;ESTRADA DE VASCONCELOS S/N, 0 SEPETIBA. 23530-070 Rio de Janeiro - RJ.
33077118;CE CARLOS LACERDA;-22.92273790;-43.37159340;;estadual;ativa;geral;nao;AVENIDA NELSON CARDOSO 1221 FDS, 1221 TAQUARA. 22730-001 Rio de Janeiro - RJ.
33128618;CE CARLOS MAGNO NAZARETH CERQUEIRA;-22.95885247;-43.60818992;;estadual;ativa;geral;nao;RUA PEDRO OSORIO, 360 GUARATIBA. 23031-280 Rio de Janeiro - RJ.
33064792;CE CASTELNUOVO;-22.98728300;-43.19206780;;estadual;ativa;geral;nao;RUA FRANCISCO OTAVIANO, 105 COPACABANA. 22080-040 Rio de Janeiro - RJ.
33071551;CE CENTRAL DO BRASIL;-22.89773580;-43.27575850;;estadual;ativa;geral;nao;RUA RIO GRANDE DO SUL, 49 MEIER. 20775-100 Rio de Janeiro - RJ.
33075174;CE CHARLES CHAPLIN;-22.87893960;-43.35239370;;estadual;ativa;geral;nao;RUA MARIA JOSE, 0 MADUREIRA. 21341-000 Rio de Janeiro - RJ.
33062293;CE CHARLES DICKENS;-22.89435482;-43.55796699;;estadual;ativa;geral;nao;RUA PRIMEIRA CRUZ, 0 CAMPO GRANDE. 23085-710 Rio de Janeiro - RJ.
33063389;CE CHICO ANYSIO;-22.92416360;-43.24356140;;estadual;ativa;geral;nao;RUA AMARAL, 26 ANDARAI. 20541-155 Rio de Janeiro - RJ.
33070156;CE CHILE;-22.85257030;-43.27763590;;estadual;ativa;geral;nao;RUA ITAPE, 0 OLARIA. 21071-440 Rio de Janeiro - RJ.
33126941;CE CHIQUINHA GONZAGA;-22.91405560;-43.23352570;;estadual;ativa;geral;nao;PRACA SOLDADO GERALDO DA CRUZ, 50 BARRA DA TIJUCA. 22620-230 Rio de Janeiro - RJ.
33075182;CE CIDADE DE LISBOA;-22.87519167;-43.33816167;;estadual;ativa;geral;nao;AVENIDA MINISTRO EDGARD ROMERO, 31 MADUREIRA. 21350-301 Rio de Janeiro - RJ.
33086737;CE COELHO NETO;-22.83685510;-43.39886090;;estadual;ativa;geral;nao;RUA UMBUZEIRO, 455 FUNDOS. RICARDO DE ALBUQUERQUE. 21620-610 Rio de Janeiro - RJ.
33079358;CE COLLECCHIO;-22.88289290;-43.47817857;;estadual;ativa;geral;nao;RUA FRANCISCO BARRETO, 829 BANGU. 21820-380 Rio de Janeiro - RJ.
33439222;CE COMPOSITOR LUIZ CARLOS DA VILA;-22.88704230;-43.25043690;;estadual;ativa;geral;nao;AVENIDA DOM HELDER CAMARA, 1184 BENFICA. 20973-011 Rio de Janeiro - RJ.
33126232;CE COMPOSITOR LUIZ GONZAGA;-22.94938620;-43.34964770;;estadual;ativa;geral;nao;RUA ESCRITOR UBALDO SOARES FILHO, 128 FREGUESIA JACAREPAGUA. 22763-060 Rio de Janeiro - RJ.
33132887;CE COMPOSITOR MANACEIA JOSE DE ANDRADE;-22.86857380;-43.33272000;;estadual;ativa;geral;nao;RUA PEREIRA DA COSTA, 101 MADUREIRA. 21360-270 Rio de Janeiro - RJ.
33075719;CE CONDE AFONSO CELSO;-22.85960350;-43.35727630;;estadual;ativa;geral;nao;RUA IVINHEIMA, 15 BENTO RIBEIRO. 21550-390 Rio de Janeiro - RJ.
33070164;CE CONDE DE AGROLONGO;-22.83772820;-43.27986150;;estadual;ativa;geral;nao;RUA CONDE DE AGROLONGO, 1246 PENHA. 21020-190 Rio de Janeiro - RJ.
33140030;CE CONDE PEREIRA CARNEIRO;-22.82293972;-43.33055669;;estadual;ativa;geral;nao;RUA MOLIERE, 10 IRAJA. 21230-045 Rio de Janeiro - RJ.
33125341;CE CORA CORALINA;-22.86827480;-43.55646528;;estadual;ativa;geral;nao;AV PAULO AFONSO, 0 MENDANHA. CAMPO GRANDE. 23095-683 Rio de Janeiro - RJ.
33079692;CE CRISTOVAO COLOMBO;-22.87577489;-43.46757910;;estadual;ativa;geral;nao;AVENIDA SANTA CRUZ, 4725 BANGU. 21810-006 Rio de Janeiro - RJ.
33062277;CE CUBA;-22.82161880;-43.17383660;;estadual;ativa;geral;nao;PRAIA DO ZUMBI, 25 ZUMBI. 21930-155 Rio de Janeiro - RJ.
33086753;CE CYRO MONTEIRO;-22.82696780;-43.40338690;;estadual;ativa;geral;nao;RUA DO ANTURIO, 31 ANCHIETA. 21625-100 Rio de Janeiro - RJ.
33079706;CE DALVA DE OLIVEIRA;-22.89299180;-43.41875230;;estadual;ativa;geral;nao;ESTRADA MANOEL NOGUEIRA DE SA, 15 REALENGO. 21745-290 Rio de Janeiro - RJ.
33088420;CE DEBORAH MENDES DE MORAES;-23.00171973;-43.63745207;;estadual;ativa;geral;nao;RUA BELCHIOR DA FONSECA, 743 PEDRA DE GUARATIBA. 23027-260 Rio de Janeiro - RJ.
33071560;CE DELFIM MOREIRA;-22.89394730;-43.25220230;;estadual;ativa;geral;nao;PRACA UBAJARA, 28 ROCHA. 20975-020 Rio de Janeiro - RJ.
33063877;CE DEODORO;-22.91769050;-43.17745260;;estadual;ativa;geral;nao;RUA DA GLORIA, 64 GLORIA. 20241-180 Rio de Janeiro - RJ.
33558230;CE DEPUTADO PEDRO FERNANDES;-22.80636321;-43.31966003;;estadual;ativa;geral;nao;RUA DEBUSSY, 148 S/N. JARDIM AMERICA. 21240-450 Rio de Janeiro - RJ.
33132879;CE DOM HELDER CAMARA;-22.88708310;-43.28801240;;estadual;ativa;geral;nao;RUA HENRIQUE SCHEID, 580 ENGENHO DE DENTRO. 20770-060 Rio de Janeiro - RJ.
33082146;CE DOUTOR ALBERT SABIN;-22.90270489;-43.56599770;;estadual;ativa;geral;nao;RUA TENENTE RONALDO SANTORO, 0 S/N. CAMPO GRANDE. 23080-270 Rio de Janeiro - RJ.
33085765;CE DUNSHEE DE ABRANCHES;-22.79058140;-43.18311630;;estadual;ativa;geral;nao;RUA GIPOIA, 167 BANCARIOS. 21910-110 Rio de Janeiro - RJ.
33064636;CE ECA DE QUEIROS - RESOLUCAO SEEDUC Nº 5702 DE 28112018 NO DO DE 29112018;-22.98279150;-43.19213260;;estadual;extinta;geral;nao;RUA RAUL POMPEIA, 183 COPACABANA. 22080-002 Rio de Janeiro - RJ.
33077126;CE EDUARDO MONDLANE;-22.96056750;-43.35317260;;estadual;ativa;geral;nao;RUA ACAPORI, 495 GARDENIA AZUL. 22765-650 Rio de Janeiro - RJ.
33070172;CE EMBAIXADOR BARROS HURTADO;-22.82724550;-43.30656170;;estadual;ativa;geral;nao;RUA GENERAL CARVALHO, 702 CORDOVIL. 21250-240 Rio de Janeiro - RJ.
33077452;CE EMBAIXADOR DIAS CARNEIRO;-22.91907930;-43.36028790;;estadual;ativa;geral;nao;ESTRADA DA COVANCA, 20 TANQUE. 22735-020 Rio de Janeiro - RJ.
33077134;CE ENGENHEIRO BERNARDO SAYAO;-22.92235960;-43.37153750;;estadual;ativa;geral;nao;AVENIDA NELSON CARDOSO A, 1221 A. TAQUARA. 22730-001 Rio de Janeiro - RJ.
33079714;CE ENGENHEIRO JOAO THOME;-22.86707700;-43.44687860;;estadual;ativa;geral;nao;RUA CABO JOSE DA CONCEICAO, 135 PADRE MIGUEL. 21720-520 Rio de Janeiro - RJ.
33157065;CE ERICH WALTER HEINE;-22.90444763;-43.70136165;;estadual;ativa;geral;nao;RUA MANOEL LOURENCO DOS SANTOS, 0 CONJUNTO JOAO XXIII. SANTA CRUZ. 23560-320 Rio de Janeiro - RJ.
33079722;CE ESTADO DE ISRAEL;-22.88689564;-43.43489575;;estadual;ativa;geral;nao;RUA LIMITES, 0 REALENGO. 21715-150 Rio de Janeiro - RJ.
33077169;CE EUNICE WEAVER;-22.92439970;-43.38417710;;estadual;ativa;geral;nao;RUA TRIBUNA, 47 TAQUARA. 22715-120 Rio de Janeiro - RJ.
33126105;CE FINLANDIA;-22.97193330;-43.40999520;;estadual;ativa;geral;nao;AVENIDA CANAL DO RIO CACAMBE, 392 CAMORIM. 22783-080 Rio de Janeiro - RJ.
33082022;CE FRANCISCO CALDEIRA DE ALVARENGA;-22.91318840;-43.65104670;;estadual;ativa;geral;nao;RUA ISSAMI NAKAMURA OKAMO, 0 S/N CONJUNTO URUCANI. PACIENCIA. 23573-430 Rio de Janeiro - RJ.
33067783;CE FRANCISCO CAMPOS;-22.92200000;-43.25777000;;estadual;ativa;geral;nao;RUA NOSSA SENHORA DE LOURDES, 175 GRAJAU. 20540-370 Rio de Janeiro - RJ.
33071578;CE FRANCISCO JOBIM;-22.90267560;-43.29020977;;estadual;ativa;geral;nao;RUA ADRIANO, 310 MEIER. 20735-060 Rio de Janeiro - RJ.
33075760;CE FRANCISCO PALHETA;-22.86424790;-43.36639400;;estadual;ativa;geral;nao;RUA ABILIO DOS SANTOS, 100 BENTO RIBEIRO. 21331-290 Rio de Janeiro - RJ.
33077487;CE FREDERICO EYER;-22.92364293;-43.35465956;;estadual;ativa;geral;nao;RUA ALBERTO PASQUALINI, 455 PECHINCHA. 22740-250 Rio de Janeiro - RJ.
33082030;CE FREIRE ALLEMAO;-22.90659508;-43.57187729;;estadual;ativa;geral;nao;AV CESARIO DE MELO, 4180 CAMPO GRANDE. 23055-002 Rio de Janeiro - RJ.
33136483;CE GANDHI;-22.87240225;-43.63130374;;estadual;ativa;geral;nao;RUA NILTON DE SOUZA FILHO, 0 CONJUNTO MANGUARIBA. PACIENCIA. 23065-020 Rio de Janeiro - RJ.
33077495;CE GENERAL CARLOS CAETANO MIRAGAYA;-22.91763840;-43.38684310;;estadual;ativa;geral;nao;RUA SALINOPOLIS, 155 TAQUARA. 22720-000 Rio de Janeiro - RJ.
33088160;CE GENERAL OSORIO;-22.82894782;-43.34684925;;estadual;ativa;geral;nao;AVENIDA BRASIL, 19462 COELHO NETO. 21530-000 Rio de Janeiro - RJ.
33082286;CE GEORGE WASHINGTON;-22.91153122;-43.57569701;;estadual;ativa;geral;nao;RUA ALVORADA, 0 CAMPO GRANDE. 23055-200 Rio de Janeiro - RJ.
33087725;CE GILSON AMADO;-23.00841950;-43.42954520;;estadual;ativa;geral;nao;AVENIDA ADOLPHO DE VASCONCELLOS, 234 BARRA DA TIJUCA. 22793-380 Rio de Janeiro - RJ.
33087733;CE GOLDA MEIR;-23.00856774;-43.32741293;;estadual;ativa;geral;nao;AVENIDA SERNAMBETIBA, 3300 BARRA DA TIJUCA. 22630-010 Rio de Janeiro - RJ.
33069921;CE GOMES FREIRE DE ANDRADE;-22.84265428;-43.28158012;;estadual;ativa;geral;nao;RUA SAO MAURICIO, 87 PENHA. 21070-490 Rio de Janeiro - RJ.
33066140;CE GONCALVES DIAS;-22.88927050;-43.23603860;;estadual;ativa;geral;nao;RUA EBANO, 205 BENFICA. 20930-060 Rio de Janeiro - RJ.
33086567;CE GRACILIANO RAMOS;-22.80788040;-43.37252900;;estadual;ativa;geral;nao;RUA INHUMAI, 0 PAVUNA. 21520-330 Rio de Janeiro - RJ.
33086575;CE GUADALUPE;-22.84671080;-43.37650360;;estadual;ativa;geral;nao;RUA NOVA TRENTO, 327 GUADALUPE. 21670-440 Rio de Janeiro - RJ.
33170150;CE HEBE CAMARGO;-22.99914920;-43.63649340;;estadual;ativa;geral;nao;RUA PROJETADA, 0 PEDRA DE GUARATIBA. 23027-255 Rio de Janeiro - RJ.
33069930;CE HEITOR LIRA;-22.82969272;-43.27560651;;estadual;ativa;geral;nao;RUA CUBA, 320 PENHA. 21020-160 Rio de Janeiro - RJ.
33126224;CE HERBERT DE SOUZA;-22.92299455;-43.21517707;;estadual;ativa;geral;nao;RUA BARAO DE ITAPAGIPE, 311 RIO COMPRIDO. 20270-135 Rio de Janeiro - RJ.
33072248;CE HISPANO BRASILEIRO JOAO CABRAL DE MELO NETO;-22.90230888;-43.28442371;;estadual;ativa;geral;nao;RUA VENCESLAU, 225 MEIER. 20735-160 Rio de Janeiro - RJ.
33077509;CE HONDURAS;-22.89684850;-43.35268370;;estadual;ativa;geral;nao;PRACA BARAO DA TAQUARA, 12 PRACA SECA. 21321-010 Rio de Janeiro - RJ.
33065284;CE IGNACIO AZEVEDO DO AMARAL;-22.96321890;-43.21650450;;estadual;ativa;geral;nao;RUA JARDIM BOTANICO, 564 JARDIM BOTANICO. 22470-050 Rio de Janeiro - RJ.
33064644;CE INFANTE DOM HENRIQUE;-22.96144170;-43.17802830;;estadual;ativa;geral;nao;RUA BELFORD ROXO, 433 COPACABANA. 22020-010 Rio de Janeiro - RJ.
33125333;CE IRINEU JOSE FERREIRA;-22.90207290;-43.55066580;;estadual;ativa;geral;nao;AVENIDA CESARIO DE MELO, 1802 CAMPO GRANDE. 23052-102 Rio de Janeiro - RJ.
33074038;CE ITALIA;-22.84136525;-43.34811252;;estadual;ativa;geral;nao;RUA MARUPIARA, 105 ROCHA MIRANDA. 21510-210 Rio de Janeiro - RJ.
33079757;CE JACQUES RAIMUNDO - RESOLUCAO SEEDUC Nº 5702 DE 28112018 NO DO DE 29112018;-22.87946540;-43.42674110;;estadual;extinta;geral;nao;RUA RERITUBA S/NO, 0 REALENGO. 21710-170 Rio de Janeiro - RJ.
33067791;CE JOAO ALFREDO;-22.91546020;-43.23836390;;estadual;ativa;geral;nao;AVENIDA VINTE E OITO DE SETEMBRO, 109 FUNDOS. VILA ISABEL. 20551-030 Rio de Janeiro - RJ.
33072094;CE JOAO KOPKE;-22.88387630;-43.30785510;;estadual;ativa;geral;nao;RUA SOUSA CERQUEIRA, 63 PIEDADE. 20751-090 Rio de Janeiro - RJ.
33070199;CE JOAO MARQUES DOS REIS;-22.82331850;-43.28365430;;estadual;ativa;geral;nao;PRACA SAICA, 57 VILA DA PENHA. 21215-170 Rio de Janeiro - RJ.
33082316;CE JOAO PROENCA;-22.91734573;-43.55854802;;estadual;ativa;geral;nao;RUA COSTA NUNES, 0 COMARI. CAMPO GRANDE. 23045-290 Rio de Janeiro - RJ.
33079943;CE JOAO SALIM MIGUEL;-22.87119529;-43.46389538;;estadual;ativa;geral;nao;RUA DA CHITA, 419 BANGU. 21870-250 Rio de Janeiro - RJ.
33079366;CE JORGE ZARUR;-22.84933352;-43.48807465;;estadual;ativa;geral;nao;RUA EDMO ZARIFE, 0 BANGU. 21853-065 Rio de Janeiro - RJ.
33508232;CE JORNALISTA ARTUR DA TAVOLA;-22.91204669;-43.61505512;;estadual;ativa;geral;nao;PRACA IGARA, 40 COSMOS. 23060-390 Rio de Janeiro - RJ.
33173010;CE JORNALISTA MAURICIO AZEDO BRASILINDIA;-22.87993120;-43.22793590;;estadual;ativa;geral;nao;RUA CARLOS SEIXAS, 0 CAJU. 20931-007 Rio de Janeiro - RJ.
33088152;CE JORNALISTA RODOLFO FERNANDES;-22.81585400;-43.36525328;;estadual;ativa;geral;nao;RUA LEONARDO ANNIBAL TONINI, 0 PAVUNA. 21520-130 Rio de Janeiro - RJ.
33140669;CE JORNALISTA TIM LOPES;-22.86166860;-43.26810740;;estadual;ativa;geral;nao;ESTRADA DO ITARARE, 690 RAMOS. 21061-240 Rio de Janeiro - RJ.
33072183;CE JOSE EDUARDO DE MACEDO SOARES;-22.90956070;-43.28529770;;estadual;ativa;geral;nao;RUA MARIO PIRAGIBE, 41 LINS DE VASCONCELOS. 20720-320 Rio de Janeiro - RJ.
33271208;CE JOSE LEITE LOPES;-22.92719100;-43.24515540;;estadual;ativa;geral;nao;RUA URUGUAI, 204 TIJUCA. 20510-060 Rio de Janeiro - RJ.
33069948;CE JOSE MARTI;-22.84191270;-43.26821050;;estadual;ativa;geral;nao;AVENIDA PROFESSOR PLINIO BASTOS, 631 OLARIA. 21021-350 Rio de Janeiro - RJ.
33074046;CE JOSUE DE CASTRO;-22.84944423;-43.30378460;;estadual;ativa;geral;nao;RUA SOLDADO SERVINO MENGARDA, 260 VILA KOSMOS. 21210-840 Rio de Janeiro - RJ.
33062668;CE JULIA KUBITSCHEK;-22.90750000;-43.19260000;;estadual;ativa;geral;nao;RUA GENERAL CALDWELL, 182 CENTRO. 20230-192 Rio de Janeiro - RJ.
33082359;CE JUREMA PECANHA GIRAUD;-22.88001600;-43.58205190;;estadual;ativa;geral;nao;RUA ATACAMA, 0 PREDIO ESCOLAR. CAMPO GRANDE. 23078-100 Rio de Janeiro - RJ.
33072205;CE LAURO SODRE;-22.87271067;-43.26305048;;estadual;ativa;geral;nao;RUA DARKE DE MATOS, 166 HIGIENOPOLIS. 21051-470 Rio de Janeiro - RJ.
33085480;CE LEONEL AZEVEDO;-22.79854730;-43.20183930;;estadual;ativa;geral;nao;RUA LUIS SA, 0 S/N. PORTUGUESA. 21920-400 Rio de Janeiro - RJ.
33079374;CE LEOPOLDINA DA SILVEIRA;-22.88053916;-43.46723707;;estadual;ativa;geral;nao;RUA DA FEIRA, 77 BANGU. 21820-030 Rio de Janeiro - RJ.
33136696;CE LIBERDADE;-22.90312278;-43.70845602;;estadual;ativa;geral;nao;AVENIDA JOAO XXIII CONJUNTO LIBERDADE RUA 13, 0 SANTA CRUZ. 23560-390 Rio de Janeiro - RJ.
33075190;CE LUIZ DE CAMOES;-22.84593300;-43.33856160;;estadual;ativa;geral;nao;ESTRADA DO BARRO VERMELHO, 1446 COLEGIO. 21540-501 Rio de Janeiro - RJ.
33111626;CE LUIZA MAHIN;-22.81655429;-43.22752713;fundamental_i|fundamental_ii;estadual;ativa;geral;nao;ESTRADA DOS MARACAJAS, 0 GALEAO. 21941-390 Rio de Janeiro - RJ.
33126747;CE MADRE TERESA DE CALCUTA;-22.87719000;-43.42148833;;estadual;ativa;geral;nao;ETR GENERAL CANROBERT PEREIRA DA COSTA, 228 REALENGO. 21710-400 Rio de Janeiro - RJ.
33077142;CE MAHATMA GANDHI;-22.95050000;-43.39065000;;estadual;ativa;geral;nao;RUA JOSE PERROTA, 31 CURICICA. 22710-440 Rio de Janeiro - RJ.
33065292;CE MANUEL BANDEIRA;-22.96546950;-43.22908420;fundamental_i;estadual;ativa;exclusivo_deficiencia;nao;RUA PACHECO LEAO, 1004 JARDIM BOTANICO. 22460-030 Rio de Janeiro - RJ.
33071586;CE MARANHAO;-22.87342240;-43.29772500;;estadual;ativa;geral;nao;AVENIDA JOAO RIBEIRO, 389 PILARES. 20750-092 Rio de Janeiro - RJ.
33079790;CE MARECHAL ALCIDES ETCHEGOYEN - RESOLUCAO SEEDUC Nº 5702 DE 28112018 NO DO DE 29112018;-22.87209260;-43.45983410;;estadual;extinta;geral;nao;RUA BIARRITZ, 0 SN. BANGU. 21870-190 Rio de Janeiro - RJ.
33077525;CE MARECHAL CANROBERT PEREIRA DA COSTA;-22.93255860;-43.35112380;;estadual;ativa;geral;nao;RUA JOSE SILVA, 155 PECHINCHA. 22743-080 Rio de Janeiro - RJ.
33086583;CE MARECHAL JOAO BAPTISTA DE MATTOS;-22.82964060;-43.34845110;;estadual;ativa;geral;nao;AVENIDA BRASIL, 19644 COELHO NETO. 21530-000 Rio de Janeiro - RJ.
33127514;CE MARECHAL RONDON;-22.89426830;-43.44525830;;estadual;ativa;geral;nao;RUA CLAUDINO BARATA, 1267 REALENGO. 21770-200 Rio de Janeiro - RJ.
33079803;CE MARIETA CUNHA DA SILVA;-22.87427670;-43.47761440;;estadual;ativa;geral;nao;RUA DR. AUGUSTO FIGUEIREDO, 983 VILA ALIANCA. BANGU. 21840-600 Rio de Janeiro - RJ.
33075204;CE MARQUES REBELO;-22.85776362;-43.37403433;;estadual;ativa;geral;nao;RUA JURIARI, 238 MARECHAL HERMES. 21557-100 Rio de Janeiro - RJ.
33074151;CE MATO GROSSO;-22.84295400;-43.32607290;;estadual;ativa;geral;nao;AV BRAZ DE PINA, 1744 BRAS DE PINA. 21235-603 Rio de Janeiro - RJ.
33088179;CE MAX FLEIUSS;-22.80685880;-43.35864520;;estadual;ativa;geral;nao;PRACA ENIO, 0 PAVUNA. 21520-410 Rio de Janeiro - RJ.
33063052;CE MEM DE SA;-22.92405270;-43.20444700;;estadual;ativa;geral;nao;RUA CAMPOS DA PAZ, 218 RIO COMPRIDO. 20250-460 Rio de Janeiro - RJ.
33063400;CE MEXICO;-22.96557770;-43.19194700;;estadual;ativa;geral;nao;RUA DA PASSAGEM, 104 BOTAFOGO. 22290-030 Rio de Janeiro - RJ.
33079811;CE MILTON CAMPOS;-22.88769000;-43.46996000;;estadual;ativa;geral;nao;RUA DOS BANGUENSES, 0 BANGU. 21825-060 Rio de Janeiro - RJ.
33125627;CE MINISTRO MARCOS FREIRE;-22.97541670;-43.69418940;;estadual;ativa;geral;nao;RUA JOSE FERNANDES, 0 SEPETIBA. 23535-450 Rio de Janeiro - RJ.
33127395;CE MINISTRO OROZIMBO NONATO;-22.87281000;-43.26284020;;estadual;ativa;geral;nao;RUA DARKE DE MATOS, 152 HIGIENOPOLIS. 21051-470 Rio de Janeiro - RJ.
33125304;CE MISSIONARIO MARIO WAY;-22.91382793;-43.59757235;;estadual;ativa;geral;nao;RUA CESARIO DE MELLO, 6851 INHOAIBA. 23059-002 Rio de Janeiro - RJ.
33079820;CE MOACYR PADILHA;-22.86870692;-43.45077242;;estadual;ativa;geral;nao;RUA GENERAL GOMES DE CASTRO, 30 PADRE MIGUEL. 21721-000 Rio de Janeiro - RJ.
33136475;CE MONSENHOR MIGUEL DE SANTA MARIA MOCHON;-22.86698520;-43.45630680;;estadual;ativa;geral;nao;ESTRADA PORTO NACIONAL, 293 PADRE MIGUEL. 21870-380 Rio de Janeiro - RJ.
33126755;CE MONTEIRO DE CARVALHO;-22.93176686;-43.19615263;;estadual;ativa;geral;nao;RUA ALMIRANTE ALEXANDRINO, 2495 SANTA TERESA. 20241-263 Rio de Janeiro - RJ.
33082324;CE MONTEIRO LOBATO;-22.95298810;-43.57750720;;estadual;ativa;geral;nao;ESTRADA DO MATO ALTO, 00 CAMPO GRANDE. 23036-150 Rio de Janeiro - RJ.
33129967;CE N S DE FATIMA E JD INF NUVEM DE ALGOD;-22.98239818;-43.49150344;infantil|fundamental_i|fundamental_ii;privada;ativa;geral;nao;RUA ESPERANCA, 19 VARGEM GRANDE. 22785-590 Rio de Janeiro - RJ.
33079846;CE NACOES UNIDAS - RESOLUCAO SEEDUC Nº 5702 DE 28112018 NO DO DE 29112018;-22.88827600;-43.47642940;;estadual;extinta;geral;nao;RUA DOS LIMADORES, 00 BANGU. 21830-000 Rio de Janeiro - RJ.
33079382;CE NICARAGUA;-22.88318411;-43.45641294;;estadual;ativa;geral;nao;RUA RIBEIRO DE ANDRADE, 0 BANGU. 21810-145 Rio de Janeiro - RJ.
33066027;CE NILO PECANHA;-22.90254220;-43.22525606;;estadual;ativa;geral;nao;AVENIDA DO EXERCITO, 175 SAO CRISTOVAO. 20910-025 Rio de Janeiro - RJ.
33074054;CE NUNO ALVARES PEREIRA;-22.82520630;-43.31594270;;estadual;ativa;geral;nao;RUA BEIRA ALTA, 0 QUADRA 04. IRAJA. 21230-550 Rio de Janeiro - RJ.
33066035;CE OLAVO BILAC;-22.89789000;-43.22740000;;estadual;ativa;geral;nao;PRACA ARGENTINA, 19 SAO CRISTOVAO. 20920-050 Rio de Janeiro - RJ.
33124922;CE OLAVO JOSINO DE SALLES;-22.86955860;-43.28511590;;estadual;ativa;geral;nao;RUA GUARAPUAVA, 0 INHAUMA. 20765-280 Rio de Janeiro - RJ.
33075816;CE OLEGARIO MARIANO;-22.84553630;-43.35170020;;estadual;ativa;geral;nao;PRACA DAS ESMERALDAS, 65 ROCHA MIRANDA. 21510-030 Rio de Janeiro - RJ.
33126160;CE OLGA BENARIO PRESTES;-22.86153667;-43.25853833;;estadual;ativa;geral;nao;RUA JOANA FONTOURA, 20 BONSUCESSO. 21060-610 Rio de Janeiro - RJ.
33074232;CE OLIMPIA DO COUTO;-22.82349570;-43.33453860;;estadual;ativa;geral;nao;RUA CANUDOS, 0 S/N. IRAJA. 21230-075 Rio de Janeiro - RJ.
33071594;CE OLINTO DA GAMA BOTELHO;-22.88532750;-43.29073820;;estadual;ativa;geral;nao;RUA JOSE DOS REIS, 1194 PILARES. 20770-062 Rio de Janeiro - RJ.
33140049;CE OSWALDO TEIXEIRA;-22.89480770;-43.32180150;;estadual;ativa;geral;nao;RUA MILAO, 95 QUINTINO BOCAIUVA. 21311-430 Rio de Janeiro - RJ.
33124620;CE PADRE CARLOS LEONCIO DA SILVA;-22.81523640;-43.22719640;fundamental_i|fundamental_ii;estadual;ativa;geral;nao;ESTRADA DOS MARACAJAS, 01 GALEAO. 21941-390 Rio de Janeiro - RJ.
33086796;CE PARAIBA;-22.82645360;-43.40275080;;estadual;ativa;geral;nao;ESTRADA MARECHAL ALENCASTRO, 4035 ANCHIETA. 21625-001 Rio de Janeiro - RJ.
33075832;CE PARANA;-22.88232480;-43.33827750;;estadual;ativa;geral;nao;AVENIDA ERNANI CARDOSO, 316 CASCADURA. 21310-310 Rio de Janeiro - RJ.
33073368;CE PASTOR MIRANDA PINTO;-22.89218426;-43.27651843;;estadual;ativa;geral;nao;PRACA AVAI, 0 CACHAMBI. 20775-150 Rio de Janeiro - RJ.
33062919;CE PAULO DE FRONTIN;-22.91618080;-43.21092070;;estadual;ativa;geral;nao;RUA BARAO DE UBA, 399 PRACA DA BANDEIRA. 20260-050 Rio de Janeiro - RJ.
33125740;CE PAULO FREIRE;-22.88832670;-43.27232530;;estadual;ativa;geral;nao;RUA AMERICANA, 164 CACHAMBI. 20785-020 Rio de Janeiro - RJ.
33064652;CE PEDRO ALVARES CABRAL;-22.96776370;-43.18122190;;estadual;ativa;geral;nao;RUA REPUBLICA DO PERU, 104 COPACABANA. 22021-040 Rio de Janeiro - RJ.
33072280;CE PERNAMBUCO;-22.88420000;-43.26260000;;estadual;ativa;geral;nao;RUA CONDE DE AZAMBUJA, 579 MARIA DA GRACA. 20785-341 Rio de Janeiro - RJ.
33084459;CE PESTALOZZI;-22.92217274;-43.68080897;;estadual;ativa;geral;nao;RUA FELIPE CARDOSO FUNDOS, 750 FUNDOS. SANTA CRUZ. 23510-001 Rio de Janeiro - RJ.
33085498;CE PREFEITO MENDES DE MORAES;-22.79314840;-43.17412330;;estadual;ativa;geral;nao;RUA PIO DUTRA, 353 ILHA DO GOVERNADOR. 21911-200 Rio de Janeiro - RJ.
33082332;CE PRESIDENTE ANTONIO CARLOS;-22.91085940;-43.61609412;;estadual;ativa;geral;nao;RUA PEQUIA, 0 SN. COSMOS. 23060-470 Rio de Janeiro - RJ.
33077177;CE PRESIDENTE JOAO GOULART;-22.93830000;-43.34255000;;estadual;ativa;geral;nao;RUA MAMORE, 78 FREGUESIA JACAREPAGUA. 22760-080 Rio de Janeiro - RJ.
33065217;CE PROFESSOR ANTONIO MARIA TEIXEIRA FILHO;-22.98081920;-43.22417440;;estadual;ativa;geral;nao;AV BARTOLOMEU MITRE, 701 LEBLON. 22431-003 Rio de Janeiro - RJ.
33117950;CE PROFESSOR AUGUSTO MOTTA;-22.83546660;-43.28832900;;estadual;ativa;geral;nao;RUA BENTO CARDOSO, 140 PENHA CIRCULAR. 21215-000 Rio de Janeiro - RJ.
33068852;CE PROFESSOR CLOVIS MONTEIRO;-22.87880320;-43.25598250;;estadual;ativa;geral;nao;AVENIDA DOS DEMOCRATICOS, 271 HIGIENOPOLIS. 21050-000 Rio de Janeiro - RJ.
33066612;CE PROFESSOR CLOVIS SALGADO;-22.87718040;-43.21636810;;estadual;ativa;geral;nao;RUA CARLOS SEIDL, 20 CAJU. 20931-003 Rio de Janeiro - RJ.
33079390;CE PROFESSOR DALTRO SANTOS;-22.87477911;-43.47526436;;estadual;ativa;geral;nao;RUA CORONEL TAMARINDO, 2846 BANGU. 21840-470 Rio de Janeiro - RJ.
33082057;CE PROFESSOR DINAMERICO PEREIRA POMBO - RESOLUCAO SEEDUC Nº 5702 DE 28112018 NO DO DE 29112018;-22.88948440;-43.56840100;;estadual;extinta;geral;nao;RUA JAPE, 308 CAMPO GRANDE. 23082-170 Rio de Janeiro - RJ.
33066043;CE PROFESSOR ERNESTO FARIA;-22.90806960;-43.23135050;;estadual;ativa;geral;nao;AVENIDA BARTOLOMEU GUSMAO, 890 SAO CRISTOVAO. 20941-160 Rio de Janeiro - RJ.
33082065;CE PROFESSOR FELIPE DOS SANTOS REIS - RESOLUCAO SEEDUC Nº 5702 DE 28112018 NO DO DE 29112018;-22.88729130;-43.60977290;;estadual;extinta;geral;nao;RUA MARCORAMA, 0 S/N. CAMPO GRANDE. 23068-000 Rio de Janeiro - RJ.
33082049;CE PROFESSOR FERNANDO ANTONIO RAJA GABAGLIA;-22.89275555;-43.56492065;;estadual;ativa;geral;nao;RUA GENERAL CORDOLINO AZEVEDO, 110 CAMPO GRANDE. 23081-240 Rio de Janeiro - RJ.
33082340;CE PROFESSOR GONCALVES;-22.90850580;-43.54078210;;estadual;ativa;geral;nao;RUA CAMPO MAIOR, 0 CIEP LAMARTINE BABO. CAMPO GRANDE. 23015-200 Rio de Janeiro - RJ.
33126267;CE PROFESSOR HORACIO MACEDO;-22.88236095;-43.25875815;;estadual;ativa;geral;nao;RUA MIGUEL ANGELO, 96 MARIA DA GRACA. 20785-223 Rio de Janeiro - RJ.
33082073;CE PROFESSOR IVAN VILLON - RESOLUCAO SEEDUC Nº 5702 DE 28112018 NO DO DE 29112018;-22.88640670;-43.54844130;;estadual;extinta;geral;nao;RUA ARI LOBO, 430 ESTRADA DA POSSE- BA. CAMPO GRANDE. 23088-120 Rio de Janeiro - RJ.
33063907;CE PROFESSOR JOAO BORGES DE MORAES;-22.85454600;-43.23973780;;estadual;ativa;geral;nao;RUA DOUTOR TEIXEIRA RIBEIRO COMPLEXO DA MARE, 0 MARE. 21044-252 Rio de Janeiro - RJ.
33086591;CE PROFESSOR JOEL DE OLIVEIRA;-22.85354500;-43.38296167;;estadual;ativa;geral;nao;AVENIDA PASTOR JOSE RAMALHO, 98 DEODORO. 21670-200 Rio de Janeiro - RJ.
33075212;CE PROFESSOR JOSE ACCIOLI;-22.86410702;-43.36839861;;estadual;ativa;geral;nao;RUA COSTA FILHO, 500 MARECHAL HERMES. 21610-570 Rio de Janeiro - RJ.
33135193;CE PROFESSOR JOSE DE SOUZA MARQUES;-22.82903833;-43.29974000;;estadual;ativa;geral;nao;ESTRADA DO QUITUNGO, 551 BRAS DE PINA. 21215-562 Rio de Janeiro - RJ.
33086605;CE PROFESSOR MANUEL MAURICIO DE ALBUQUERQUE;-22.81914720;-43.39024360;;estadual;ativa;geral;nao;RUA SOLDADO JOAO FRANCO, 10 ANCHIETA. 21655-640 Rio de Janeiro - RJ.
33138354;CE PROFESSOR OZEAS GOMES LARANGEIRAS;-22.92917296;-43.69623481;;estadual;ativa;geral;nao;ESTRADA VITOR DUMAS, 406 SANTA CRUZ. 23550-160 Rio de Janeiro - RJ.
33075220;CE PROFESSOR SOUSA DA SILVEIRA;-22.88059131;-43.31488543;;estadual;ativa;geral;nao;RUA AMALIA, 0 QUINTINO BOCAIUVA. 21380-400 Rio de Janeiro - RJ.
33082430;CE PROFESSOR VIEIRA FAZENDA;-23.06103570;-43.56828930;;estadual;ativa;geral;nao;ESTRADA ROBERTO BURLE MARX, 9140 ANTIGA EST DA BARRA. BARRA DE GUARATIBA. 23020-240 Rio de Janeiro - RJ.
33136459;CE PROFESSORA ALBA CANIZARES DO NASCIMENTO;-22.91058440;-43.59559220;;estadual;ativa;geral;nao;RUA PROFESSOR SOUSA MOREIRA, 301 INHOAIBA. 23059-540 Rio de Janeiro - RJ.
33126216;CE PROFESSORA DIUMA MADEIRA SALLES DE SOUZA;-22.83191060;-43.41388590;;estadual;ativa;geral;nao;RUA LUCIO JOSE FILHO S/N, 0 PARQUE ANCHIETA. 21635-140 Rio de Janeiro - RJ.
33086613;CE PROFESSORA ELIANE MARTINS DANTAS BRASIL ALEMANHA;-22.83605095;-43.31595906;;estadual;ativa;geral;nao;AV BRAZ DE PINA, 1744 FUNDOS. BRAS DE PINA. 21235-603 Rio de Janeiro - RJ.
33136505;CE PROFESSORA JEANNETTE DE SOUZA COELHO MANNARINO;-22.90810167;-43.56212167;;estadual;ativa;geral;nao;RUA OLINDA ELLIS, 45 CAMPO GRANDE. 23045-160 Rio de Janeiro - RJ.
33125317;CE PROFESSORA LUIZA MARINHO;-22.86803382;-43.34988004;;estadual;ativa;geral;nao;RUA FERNANDES MARINHO, 75 OSWALDO CRUZ. 21351-360 Rio de Janeiro - RJ.
33146950;CE PROFESSORA MARIA DE LOURDES DE OLIVEIRA LAVOR TIA LAVOR;-22.81041350;-43.19383710;;estadual;ativa;geral;nao;RUA SARGENTO JOAO LOPES, 315 ILHA DO GOVERNADOR. 20720-013 Rio de Janeiro - RJ.
33126852;CE PROFESSORA MARIA NAZARETH CAVALCANTI SILVA;-22.87839230;-43.32479320;;estadual;ativa;geral;nao;RUA BARBOSA, 229 CASCADURA. 21350-020 Rio de Janeiro - RJ.
33134049;CE PROFESSORA MARIA TEREZINHA DE CARVALHO MACHADO;-22.88980700;-43.34696030;;estadual;ativa;geral;nao;RUA CANDIDO BENICIO, 826 PRACA SECA. 21320-060 Rio de Janeiro - RJ.
33139156;CE PROFESSORA SONIA REGINA SCUDESE DESSIMONI PINTO;-22.82747750;-43.28575450;;estadual;ativa;geral;nao;RUA TABORARI, 384 BRAS DE PINA. 21011-240 Rio de Janeiro - RJ.
33136432;CE PROFESSORA VANIA DO AMARAL MATIAS EDDE;-22.92657820;-43.68033110;;estadual;ativa;geral;nao;RUA FERNANDA, 1055 SANTA CRUZ. 23520-131 Rio de Janeiro - RJ.
33136424;CE PROFESSORA VILMA ATANAZIO;-22.89798990;-43.56121140;;estadual;ativa;geral;nao;RUA JAGUARUNA, 157 CAMPO GRANDE. 23080-160 Rio de Janeiro - RJ.
33082375;CE RAINHA VITORIA;-22.89530930;-43.58743450;;estadual;ativa;geral;nao;RUA ALMERINDA DE CASTRO, 191 S/N. CAMPO GRANDE. 23073-080 Rio de Janeiro - RJ.
33079900;CE RAMIZ GALVAO;-22.88093750;-43.41687650;;estadual;ativa;geral;nao;PRACA RICARDO GONCALVES, 46 REALENGO. 21750-420 Rio de Janeiro - RJ.
33100675;CE RAYMUNDO CORREA;-22.93046144;-43.57620633;;estadual;ativa;geral;nao;RUA RODRIGUES DE ABREU, 10 CAMPO GRANDE. 23036-380 Rio de Janeiro - RJ.
33069956;CE REPUBLICA DE ANGOLA;-22.83898850;-43.26815480;;estadual;ativa;geral;nao;RUA SANTA ENGRACIA, 0 SEM NUMERO. PENHA. 21021-080 Rio de Janeiro - RJ.
33069964;CE REPUBLICA DE GUINE BISSAU;-22.81768460;-43.29297780;;estadual;ativa;geral;nao;RUA POCO CENTRAL, 0 CIDADE ALTA. CORDOVIL. 21010-260 Rio de Janeiro - RJ.
33079404;CE REPUBLICA DE MOCAMBIQUE;-22.87404700;-43.44866040;;estadual;ativa;geral;nao;PRACA DO TRABALHADOR, 0 PADRE MIGUEL. 21875-110 Rio de Janeiro - RJ.
33071616;CE REPUBLICA DO PERU;-22.89881677;-43.28057475;;estadual;ativa;geral;nao;RUA ARQUIAS CORDEIRO, 508 MEIER. 20770-000 Rio de Janeiro - RJ.
33062374;CE REVERENDO HUGH CLARENCE TUCKER;-22.89824790;-43.19610660;;estadual;ativa;geral;nao;RUA RIVADAVIA CORREIA, 188 GAMBOA. 20220-290 Rio de Janeiro - RJ.
33079935;CE ROBERTO BURLE MARX;-22.84881000;-43.48720000;;estadual;ativa;geral;nao;ETR DO GUANDU DO SENA, 1902 BANGU. 21854-002 Rio de Janeiro - RJ.
33074267;CE RODRIGO OTAVIO FILHO;-22.85171100;-43.32531340;;estadual;ativa;geral;nao;AV MONSENHOR FELIX, 87 VAZ LOBO. 21361-131 Rio de Janeiro - RJ.
33064849;CE ROMA - RESOLUCAO SEEDUC Nº 5702 DE 28112018 NO DO DE 29112018;-22.96502770;-43.17638220;;estadual;extinta;geral;nao;AV NOSSA SENHORA DE COPACABANA, 165 COPACABANA. 22020-002 Rio de Janeiro - RJ.
33077568;CE ROSA DO POVO;-22.91381500;-43.38013710;;estadual;ativa;geral;nao;RUA BOGARI, 65 TAQUARA. 22723-625 Rio de Janeiro - RJ.
33126259;CE ROSA LUXEMBURGO;-22.89233000;-43.32426833;;estadual;ativa;geral;nao;RUA CLARIMUNDO DE MELO, 847 QUINTINO BOCAIUVA. 21311-282 Rio de Janeiro - RJ.
33136513;CE ROSARIA TROTTA;-22.90142376;-43.54927177;;estadual;ativa;geral;nao;PRACA ROSARIA TROTTA, 0 CAMPO GRANDE. 23013-715 Rio de Janeiro - RJ.
33085838;CE ROTARY;-22.79405100;-43.17312690;;estadual;ativa;geral;nao;AVENIDA PARANAPUA, 204 FREGUESIA ILHA DO GOVERNADOR. 21910-003 Rio de Janeiro - RJ.
33069026;CE RUY BARBOSA;-22.86797469;-43.25354754;;estadual;ativa;geral;nao;RUA AGUIAR MOREIRA, 652 BONSUCESSO. 21041-070 Rio de Janeiro - RJ.
33075867;CE SANTOS DUMONT;-22.86340560;-43.37193400;;estadual;ativa;geral;nao;PRACA XV DE NOVEMBRO, 29 MARECHAL HERMES. 21610-490 Rio de Janeiro - RJ.
33145440;CE SAO JOAO BATISTA;-22.82627224;-43.30685170;;estadual;ativa;geral;nao;PRACA LAGUNA, 40 21250310. CORDOVIL. 21250-310 Rio de Janeiro - RJ.
33072337;CE SARMIENTO;-22.90267740;-43.25022690;;estadual;ativa;geral;nao;RUA HENRIQUE DIAS, 150 ROCHA. 20950-120 Rio de Janeiro - RJ.
33075875;CE SENADOR FRANCISCO GALLOTTI;-22.88384568;-43.32233074;;estadual;ativa;geral;nao;RUA MOISES LILENBAUM, 161 CASCADURA. 21380-140 Rio de Janeiro - RJ.
33077185;CE SENADOR TEOTONIO VILELA;-22.89683750;-43.35388580;;estadual;ativa;geral;nao;RUA BARAO, 1180 PRACA SECA. 21321-620 Rio de Janeiro - RJ.
33063397;CE SENOR ABRAVANEL;-22.93024000;-43.17860000;;estadual;ativa;geral;nao;LARGO DO MACHADO, 20 CATETE. 22221-020 Rio de Janeiro - RJ.
33066620;CE SOARES PEREIRA;-22.93278100;-43.24306000;;estadual;ativa;geral;nao;AVENIDA MARACANA, 1450 TIJUCA. 20511-001 Rio de Janeiro - RJ.
33062676;CE SOUZA AGUIAR;-22.91180000;-43.18474000;;estadual;ativa;geral;nao;RUA DOS INVALIDOS, 121 CENTRO. 20231-045 Rio de Janeiro - RJ.
33138648;CE STELLA MATUTINA;-22.91913501;-43.36268400;;estadual;ativa;geral;nao;RUA CANDIDO DE FIGUEIREDO, 181 JACAREPAGUA. TANQUE. 22735-200 Rio de Janeiro - RJ.
33079323;CE STUART EDGAR ANGEL JONES;-22.88180810;-43.49692390;;estadual;ativa;geral;nao;AVENIDA SANTA CRUZ, 8040 SENADOR CAMARA. 21830-009 Rio de Janeiro - RJ.
33069034;CE TENENTE GENERAL NAPION;-22.84683260;-43.24674500;;estadual;ativa;geral;nao;AVENIDA ALMIRANTE FRONTIN, 50 RAMOS. 21030-040 Rio de Janeiro - RJ.
33125805;CE TEOFILO MOREIRA DA COSTA;-22.98180110;-43.49141160;;estadual;ativa;geral;nao;RUA ESPERANCA, 387 VARGEM GRANDE. 22785-590 Rio de Janeiro - RJ.
33070326;CE TERESA CRISTINA;-22.82712040;-43.28791760;;estadual;ativa;geral;nao;RUA TAILANDIA, 160 BRAS DE PINA. 21011-350 Rio de Janeiro - RJ.
33062927;CE TOMAS ANTONIO GONZAGA;-22.92142080;-43.19662190;;estadual;ativa;geral;nao;RUA ITAPIRU, 453 CATUMBI. 20251-031 Rio de Janeiro - RJ.
33087644;CE VICENTE JANNUZZI;-22.99901396;-43.37524864;;estadual;ativa;geral;nao;AV DAS AMERICAS, 6120 BARRA DA TIJUCA. 22793-080 Rio de Janeiro - RJ.
33077576;CE VICTOR HUGO;-22.96353420;-43.33878400;;estadual;ativa;geral;nao;RUA DOM CASMURRO, 0 JACAREPAGUA. 22753-390 Rio de Janeiro - RJ.
33072370;CE VIRGILIO DE MELO FRANCO;-22.90148609;-43.31165167;;estadual;ativa;geral;nao;RUA ENGENHEIRO CLOVIS DAUDT, 310 AGUA SANTA. 20740-440 Rio de Janeiro - RJ.
33075883;CE VIRIATO CORREA;-22.84970667;-43.35897833;;estadual;ativa;geral;nao;RUA AMERICO ROCHA, 1596 HONORIO GURGEL. 21555-016 Rio de Janeiro - RJ.
33071969;CE VISCONDE DE CAIRU;-22.90231333;-43.27421000;;estadual;ativa;geral;nao;RUA SOARES, 95 MEIER. 20780-070 Rio de Janeiro - RJ.
33075891;CE WALDEMIRO POTSCH;-22.87054378;-43.35506967;;estadual;ativa;geral;nao;RUA RIACHO DOCE, 0 OSWALDO CRUZ. 21340-340 Rio de Janeiro - RJ.
33107319;CEBM SAO MATEUS;-22.81872000;-43.31362000;infantil|fundamental_i|fundamental_ii;privada;ativa;geral;nao;RUA MABA, 293 PARADA DE LUCAS. 21241-071 Rio de Janeiro - RJ.
33177392;CEC - CENTRO EDUCACIONAL CRISTAO - RJ - AGUA SANTA;-22.90461140;-43.31495070;infantil|fundamental_i|fundamental_ii;privada;ativa;geral;nao;RUA FONTOURA CHAVES, 12 AGUA SANTA. 20740-590 Rio de Janeiro - RJ.
33108501;CECIG CENTRO DE EDUCACAO E CRIAT ILHA DO GO;-22.80992000;-43.18396000;infantil|fundamental_i;privada;ativa;geral;nao;RUA TENENTE CLETO CAMPELO, 274 COCOTA. 21921-025 Rio de Janeiro - RJ.
33123780;CEDIP CENTRO EDUC DIAS PEREIRA;-22.91724000;-43.34362000;infantil|fundamental_i;privada;ativa;geral;nao;ESTRADA CAMPO DA AREIA, 1498 PECHINCHA. 22743-310 Rio de Janeiro - RJ.
33098441;CEEB CRECHE ESCOLA EMA E BEATRIZ;-22.93433000;-43.18131000;infantil;privada;ativa;geral;nao;RUA ESTEVES JUNIOR, 33 CASA. LARANJEIRAS. 22231-160 Rio de Janeiro - RJ.
33125597;CEFEM - CENTRO EDUC FONSECA E MARTINS;-22.87271000;-43.51790000;infantil|fundamental_i|fundamental_ii;privada;ativa;geral;nao;RUA ITAQUE, 161 SANTISSIMO. 23094-350 Rio de Janeiro - RJ.
33204209;CEFET-RJ - CAMPUS MARIA DA GRACA;-22.88223000;-43.25850000;;federal;ativa;geral;nao;RUA MIGUEL ANGELO, 96 MARIA DA GRACA. 20785-225 Rio de Janeiro - RJ.
33067643;CEFET-RJ - UNIDADE MARACANA;-22.91177520;-43.22503583;;federal;ativa;geral;nao;AVENIDA MARACANA, 229 MARACANA. 20271-110 Rio de Janeiro - RJ.
33114625;CEFRAM-COLEGIO FRANCA MARTINS;-22.89015000;-43.36044000;infantil|fundamental_i|fundamental_ii;privada;ativa;geral;nao;RUA LUIZ BELTRAO, 949 VILA VALQUEIRE. 21321-230 Rio de Janeiro - RJ.
33104751;CEI SANTOS DUMONT;-22.91779000;-43.25338000;infantil|fundamental_i;privada;ativa;geral;nao;RUA BARAO DE COTEGIPE, 212 VILA ISABEL. 20560-080 Rio de Janeiro - RJ.
33062862;CEJA CASA DO MARINHEIRO;-22.83002940;-43.26891070;;estadual;ativa;geral;nao;AVENIDA BRASIL, 10592 PENHA. 21012-350 Rio de Janeiro - RJ.
33138575;CEJA CENTRAL DO BRASIL;-22.95427980;-43.17153570;;estadual;ativa;geral;nao;PRACA CRISTIANO OTONI, S/Nº 6º ANDAR - SALA 655. CENTRO. 20221-250 Rio de Janeiro - RJ.
33062889;CEJA COPACABANA;-22.96209720;-43.17759040;;estadual;ativa;geral;nao;RUA BELFORT ROXO, 433 COPACABANA. 22020-010 Rio de Janeiro - RJ.
33085404;CEJA ILHA DO GOVERNADOR;-22.81011670;-43.19407870;;estadual;ativa;geral;nao;RUA SARGENTO JOAO LOPES, 315 ANEXO. JARDIM CARIOCA. 21931-420 Rio de Janeiro - RJ.
33097925;CEJA JOSE CARLOS BRANDAO MONTEIRO;-22.89761850;-43.22725960;;estadual;ativa;geral;nao;PRACA ARGENTINA, 20 FUNDOS. SAO CRISTOVAO. 20920-050 Rio de Janeiro - RJ.
33075042;CEJA MADUREIRA;-22.86586420;-43.33449640;;estadual;ativa;geral;nao;AVENIDA MINISTRO EDGARD ROMERO, 491 -. MADUREIRA. 21360-201 Rio de Janeiro - RJ.
33067678;CEJA PROFESSORA MARLY BARBOSA MIRANDA;-22.91528510;-43.23829930;;estadual;ativa;geral;nao;BOULEVARD VINTE E OITO DE SETEMBRO, 109 ANEXO. VILA ISABEL. 20551-030 Rio de Janeiro - RJ.
33084025;CEJA SENAI PACIENCIA;-22.91925200;-43.63314420;;estadual;ativa;geral;nao;ESTRADA SANTA EUGENIA, S/N PACIENCIA. 23585-430 Rio de Janeiro - RJ.
33108862;CEM CENTRO EDUC MONTESSORIANO;-22.89140000;-43.30336000;infantil|fundamental_i;privada;ativa;geral;nao;RUA ANGELINA, 158 ENCANTADO. 20756-090 Rio de Janeiro - RJ.
33179956;CEM CRECHE E ESCOLA BILINGUE;-23.00905414;-43.32172296;infantil|fundamental_i;privada;ativa;geral;nao;RUA MARTINHO DE MESQUITA, 301 BARRA DA TIJUCA. 22620-220 Rio de Janeiro - RJ.
33153264;CEM-ESCOLA CRECHE LTDA;-22.84290000;-43.31339000;infantil|fundamental_i;privada;ativa;geral;nao;AVENIDA MERITI, 1852 VILA DA PENHA. 21211-006 Rio de Janeiro - RJ.
33262209;CEMAD - CENTRO EDUCACIONAL MARIA DIAS LTDA;-22.88597000;-43.29814000;infantil|fundamental_i;privada;ativa;geral;nao;RUA MACEDO BRAGA, 99 ABOLICAO. 20755-180 Rio de Janeiro - RJ.
33161291;CEMP ENSINO MEDIO LTDA;-23.01341000;-43.45317000;;privada;ativa;sem_escolarizacao;nao;RUA GENERAL ORLANDO GEISEL, 171 RECREIO DOS BANDEIRANTES. 22790-280 Rio de Janeiro - RJ.
33165793;CEMS CENTRO EDUCACIONAL MAIA SANTOS - JARDIM ESCOLA BRILHO DO FUTURO;-22.88241000;-43.30082000;infantil;privada;ativa;geral;nao;RUA MOREIRA, 317 ABOLICAO. 20751-190 Rio de Janeiro - RJ.
33119260;CENTO EDUC HORIZONTE DA CULTURA;-22.88304000;-43.41071000;infantil|fundamental_i;privada;ativa;geral;nao;RUA NUNCIO OSTNI, 70 MALLET. REALENGO. 21745-020 Rio de Janeiro - RJ.
33106304;CENTRO CULTURAL ILHA DO GOVERNADOR;-22.79838000;-43.19530000;infantil|fundamental_i;privada;ativa;geral;nao;RUA JAIME PERDIGAO, 625 TAUA. 21920-240 Rio de Janeiro - RJ.
33125619;CENTRO CULTURAL PEDRO II;-22.89753000;-43.53763000;infantil|fundamental_i|fundamental_ii;privada;ativa;geral;nao;ESTRADA DO PRE, 569 SENADOR VASCONCELOS. 23013-550 Rio de Janeiro - RJ.
33136580;CENTRO CULTURAL PEDRO II;-22.95260000;-43.60770000;infantil|fundamental_i|fundamental_ii;privada;ativa;geral;nao;ESTRADA DO MAGARCA, 4035 GUARATIBA. 23035-380 Rio de Janeiro - RJ.
33162689;CENTRO CULTURAL PEDRO II;-22.88262000;-43.54857000;infantil|fundamental_i|fundamental_ii;privada;ativa;geral;nao;ESTRADA DA POSSE, 3900 CAMPO GRANDE. 23088-000 Rio de Janeiro - RJ.
33183503;CENTRO CULTURAL PEDRO II;-22.97837500;-43.67154190;infantil|fundamental_i|fundamental_ii;privada;ativa;geral;nao;ESTRADA DO PIAI, 2800 GUARATIBA. 23530-610 Rio de Janeiro - RJ.
33175993;CENTRO CULTURAL PEDRO II - CARVALHO RAMOS;-22.88222167;-43.58862833;infantil|fundamental_i|fundamental_ii;privada;ativa;geral;nao;ESTRADA CARVALHO RAMOS, 1050 LOTE 14 QUADRA A. INHOAIBA. 23073-540 Rio de Janeiro - RJ.
33167370;CENTRO CULTURAL PEDRO II SANTA CRUZ;-22.91972000;-43.67878000;infantil|fundamental_i|fundamental_ii;privada;ativa;geral;nao;RUA CRUVELO CAVALCANTI, 59 SANTA CRUZ. 23510-241 Rio de Janeiro - RJ.
33077037;CENTRO CULTURAL VIVENDA LTDA ME;-22.94994000;-43.35867000;infantil|fundamental_i|fundamental_ii;privada;ativa;geral;nao;RUA EDGARD WERNECK, 1140 SALA 201 /301. CIDADE DE DEUS. 22763-011 Rio de Janeiro - RJ.
33106274;CENTRO DE ATIV EDUC BIA RIZZO LTDA;-22.92389000;-43.26500000;infantil|fundamental_i;privada;ativa;geral;nao;RUA ARAXA, 693 GRAJAU. 20561-114 Rio de Janeiro - RJ.
33132356;CENTRO DE ATIVIDADE EDUCACIONAL CRIARTE;-22.88851000;-43.30797000;infantil|fundamental_i;privada;ativa;geral;nao;RUA ADALGISA, 15 PIEDADE. 20756-160 Rio de Janeiro - RJ.
33124744;CENTRO DE CRIATIVIDADE INF ACONCHEGO LTD;-22.91808000;-43.23561000;infantil;privada;ativa;geral;nao;RUA SANTA LUISA, 451 MARACANA. 20550-155 Rio de Janeiro - RJ.
33168741;CENTRO DE DANCA RIO;-22.90470663;-43.28515794;;privada;ativa;geral;nao;RUA JOSE VERISSIMO, 16 MEIER. 20720-180 Rio de Janeiro - RJ.
33126690;CENTRO DE DESENVOLVIMENTO I9EDUCACAO;-22.83577000;-43.28961000;infantil|fundamental_i;privada;ativa;geral;nao;RUA GUAIBA, 101 BRAZ DE PINA. 21215-070 Rio de Janeiro - RJ.
33174342;CENTRO DE DESENVOLVIMENTO INFANTIL LTDA;-22.92138000;-43.26079000;infantil;privada;ativa;geral;nao;RUA GURUPI, 115 GRAJAU. 20561-100 Rio de Janeiro - RJ.
33148767;CENTRO DE EDUCACAO E CULTURA ALPHA;-22.79340000;-43.17558000;fundamental_i|fundamental_ii;privada;ativa;geral;nao;RUA PIO DUTRA, 549 573. FREGUESIA ILHA DO GOVERNADOR. 21911-200 Rio de Janeiro - RJ.
33134855;CENTRO DE EDUCACAO INFANTIL AQUARELA LTDA;-22.92565000;-43.24836000;infantil;privada;ativa;geral;nao;RUA NISIA FLORESTA, 15 CASA. ANDARAI. 20541-160 Rio de Janeiro - RJ.
33467293;CENTRO DE EDUCACAO INFANTIL CHAVE DO SABER LTDA;-22.92439000;-43.36071000;infantil|fundamental_i|fundamental_ii;privada;ativa;geral;nao;AVENIDA GEREMARIO DANTAS, 418 TANQUE. 22735-000 Rio de Janeiro - RJ.
33182930;CENTRO DE EDUCACAO INFANTIL GOLFINHO AMIGO EIRELI;-22.90951670;-43.54881170;infantil|fundamental_i;privada;ativa;geral;nao;ESTRADA DO CABUCU, 965 CAMPO GRANDE. 23052-230 Rio de Janeiro - RJ.
33154716;CENTRO DE EDUCACAO INFANTIL MEU PEQUENO PRINCIPE S;-23.02045000;-43.46717000;infantil|fundamental_i;privada;ativa;geral;nao;RUA JOAQUIM MOREIRA NEVES, 135 135. RECREIO DOS BANDEIRANTES. 22795-465 Rio de Janeiro - RJ.
33186723;CENTRO DE EDUCACAO MODERNA;-22.91458563;-43.56024121;fundamental_i|fundamental_ii;privada;ativa;geral;nao;RUA ITUACU, 310 LOT 1 PAL46933. CAMPO GRANDE. 23045-110 Rio de Janeiro - RJ.
33134952;CENTRO DE EDUCACAO UERIRI LTDA;-22.95652000;-43.20090000;infantil;privada;ativa;geral;nao;RUA MARIA EUGENIA, 195 CASA. HUMAITA. 22261-080 Rio de Janeiro - RJ.
33367205;CENTRO DE ENSINO CAFA KIDS;-22.89058280;-43.55296090;infantil|fundamental_i;privada;ativa;geral;nao;RUA JORGE CORREA TOMAS, 25 E 10 BAIRRO ADRIANA. CAMPO GRANDE. 23088-140 Rio de Janeiro - RJ.
33073597;CENTRO DE ENSINO FARIA BRITO LTDA;-22.90918156;-43.28488845;infantil;privada;ativa;geral;nao;RUA MARIO PIRAGIBE, 42 LINS DE VASCONCELOS. 20720-320 Rio de Janeiro - RJ.
33183520;CENTRO DE ENSINO INTEGRADO AGUIA;-22.88507720;-43.27351080;infantil;privada;ativa;geral;nao;RUA MODIGLIANI, 165 DEL CASTILHO. 20771-400 Rio de Janeiro - RJ.
33166234;CENTRO DE ENSINO PROGRESSO DE BANGU LTDA;-22.85462000;-43.46437000;infantil|fundamental_i|fundamental_ii;privada;ativa;geral;nao;RUA MARIA SABINA DE ALBUQUERQUE, 93 BANGU. 21863-015 Rio de Janeiro - RJ.
33128677;CENTRO DE ENSINO TAVARES E SILVA;-22.89974000;-43.34584000;infantil|fundamental_i|fundamental_ii;privada;ativa;geral;nao;RUA BARAO, 700 PRACA SECA. JACAREPAGUA. 21321-622 Rio de Janeiro - RJ.
33120790;CENTRO DE ESTUDOS PSICOPEDAGOGICOS TOCANDO EM VOCE LTDA;-22.92644833;-43.23180667;infantil|fundamental_i|fundamental_ii;privada;ativa;geral;nao;RUA GUAPIARA, 18 ANEXO GAL. ROCA 362. TIJUCA. 20521-180 Rio de Janeiro - RJ.
33113360;CENTRO DE FORMACAO PROFISSIONAL BEZERRA DE ARAUJO;-22.90222000;-43.55376000;;privada;ativa;geral;nao;RUA VIUVA DANTAS, 501 CAMPO GRANDE. 23052-090 Rio de Janeiro - RJ.
33168792;CENTRO DE INTEGRACAO SOCIAL SANTO AGOSTINHO;-22.90919910;-43.27726970;infantil|fundamental_i;privada;ativa;geral;nao;RUA CONSELHEIRO FERRAZ, 27 LINS DE VASCONCELOS. 20710-350 Rio de Janeiro - RJ.
33156263;CENTRO DE REFERENCIA EM ED ESP DO INSTITUTO MUNICIPAL HELENA ANTIPOFF;-22.91305000;-43.22589000;;municipal;ativa;sem_escolarizacao;nao;RUA MATA MACHADO, 15 MARACANA. 20271-260 Rio de Janeiro - RJ.
33121630;CENTRO EDU A BATISTA-JD GALINHO DE OURO;-22.84664000;-43.33872000;infantil|fundamental_i;privada;ativa;geral;nao;RUA JAGUAREMA, 254 ROCHA MIRANDA. 21540-690 Rio de Janeiro - RJ.
33087407;CENTRO EDUC ANISIO TEIXEIRA;-22.93793000;-43.20661000;infantil|fundamental_i|fundamental_ii;privada;ativa;geral;nao;RUA ALMIRANTE ALEXANDRINO, 4098 SANTA TERESA. 20241-265 Rio de Janeiro - RJ.
33116938;CENTRO EDUC APOSTOLO DA CUNHA;-22.83629000;-43.32502000;infantil|fundamental_i;privada;ativa;geral;nao;RUA CLAUDIO DA COSTA, 19 PREDIO ESCOLAR. IRAJA. 21235-450 Rio de Janeiro - RJ.
33106479;CENTRO EDUC BRASIL PORT JI CEBOLINHA;-22.81597310;-43.31765500;infantil|fundamental_i;privada;ativa;geral;nao;RUA MARECHAL ANTONIO SOUSA, 252 JARDIM AMERICA. 21240-430 Rio de Janeiro - RJ.
33071292;CENTRO EDUC CARVALHO DE MENDONCA - SUPERA MUNDI EDUCACAO;-22.90240000;-43.27950000;fundamental_i|fundamental_ii;privada;ativa;geral;nao;RUA OLDEGARD SAPUCAIA, 09 1º,2º E 3º ANDAR. MEIER. 20710-005 Rio de Janeiro - RJ.
33105812;CENTRO EDUC CHAMBARELLI;-22.88248000;-43.31518000;infantil|fundamental_i|fundamental_ii;privada;ativa;geral;nao;RUA PAIVA, 233 QUINTINO BOCAIUVA. 21380-360 Rio de Janeiro - RJ.
33116024;CENTRO EDUC DA INF UNIDUNITE LTDA;-22.91350000;-43.24053000;infantil|fundamental_i;privada;ativa;geral;nao;RUA HIPOLITO DA COSTA, 108 VILA ISABEL. 20551-040 Rio de Janeiro - RJ.
33124965;CENTRO EDUC DAVID PINTO E JD ESC PEDACINHO DO CEU;-22.90854000;-43.53540000;infantil|fundamental_i|fundamental_ii;privada;ativa;geral;nao;RUA JOSE FRANCISCO DE SOUSA PORTO, 222 ARNALDO EUGENIO. CAMPO GRANDE. 23016-010 Rio de Janeiro - RJ.
33078947;CENTRO EDUC E PREP PROF JAIR AVILLEZ;-22.87169819;-43.43035123;infantil|fundamental_i|fundamental_ii;privada;ativa;geral;nao;RUA MARECHAL ABREU LIMA, 291 REALENGO. 21735-240 Rio de Janeiro - RJ.
33109230;CENTRO EDUC EDUCRIANDO;-22.87778000;-43.31804000;infantil|fundamental_i;privada;ativa;geral;nao;RUA VALERIO, 292 APT. 101 E 201. CASCADURA. 21381-350 Rio de Janeiro - RJ.
33153191;CENTRO EDUC ESPACO DO SABER DE CAMPO GRANDE;-22.84676000;-43.53988000;infantil|fundamental_i|fundamental_ii;privada;ativa;geral;nao;ESTRADA DO GUANDU, 908 A. CAMPO GRANDE. 23097-200 Rio de Janeiro - RJ.
33123829;CENTRO EDUC FERNANDES MARQUES;-22.95423000;-43.37750000;infantil|fundamental_i|fundamental_ii;privada;ativa;geral;nao;RUA MANICARIA, 92 CURICICA. 22780-806 Rio de Janeiro - RJ.
33109141;CENTRO EDUC LAZERART;-22.84001000;-43.26569000;infantil|fundamental_i;privada;ativa;geral;nao;RUA CARLINA, 138 OLARIA. 21021-360 Rio de Janeiro - RJ.
33127620;CENTRO EDUC LEONARDO MONTEIRO;-22.91425000;-43.57927000;infantil|fundamental_i|fundamental_ii;privada;ativa;geral;nao;RUA SPINOZA, 580 CAMPO GRANDE. 23055-340 Rio de Janeiro - RJ.
33076820;CENTRO EDUC LUIZ DE CAMOES - CASA JD PINOCHIO LTDA;-22.93683230;-43.33687664;infantil|fundamental_i|fundamental_ii;privada;ativa;geral;nao;ESTRADA DOS TRES RIOS, 763 FREGUESIA JACAREPAGUA. 22745-004 Rio de Janeiro - RJ.
33129592;CENTRO EDUC MAC AMARA JD ESC PATIN;-22.84415000;-43.35525000;infantil|fundamental_i;privada;ativa;geral;nao;RUA PEDRO LABATUT, 523 HONORIO GURGEL. 21511-370 Rio de Janeiro - RJ.
33109214;CENTRO EDUC MACEDO SILVA;-22.88724000;-43.41604000;infantil|fundamental_i;privada;ativa;geral;nao;RUA PIRAQUARA, 1222 REALENGO. 21755-271 Rio de Janeiro - RJ.
33109389;CENTRO EDUC MARIAS;-22.82502000;-43.32264000;;privada;extinta;geral;nao;RUA MANUEL DE ARAUJO, 320 IRAJA. 21230-370 Rio de Janeiro - RJ.
33127689;CENTRO EDUC MARIETA NEWMAN LTDA MF;-22.92690000;-43.56612000;infantil|fundamental_i|fundamental_ii;privada;ativa;geral;nao;RUA SEABRA, 355 CAMPO GRANDE. 23045-795 Rio de Janeiro - RJ.
33128057;CENTRO EDUC MAURA EMILIA GALOZ;-22.88781000;-43.52421000;infantil|fundamental_i;privada;ativa;geral;nao;RUA PASSINHOS, Nº120, L24 JARDIM CAXANGA. SENADOR VASCONCELOS. 23012-330 Rio de Janeiro - RJ.
33116482;CENTRO EDUC NOVO HORIZONTE;-22.88729000;-43.54656000;fundamental_ii;privada;ativa;geral;nao;RUA CUSTODIO SARAIVA NETO, 69 CAMPO GRANDE. 23088-430 Rio de Janeiro - RJ.
33079030;CENTRO EDUC NOVO MUNDO;-22.87434000;-43.45169000;infantil|fundamental_i|fundamental_ii;privada;ativa;geral;nao;PRACA ATENAS, 28 PADRE MIGUEL. 21875-140 Rio de Janeiro - RJ.
33131830;CENTRO EDUC OLIVEIRA DIAS LTDA;-22.82691000;-43.39753000;infantil|fundamental_i;privada;ativa;geral;nao;RUA TAPUIA, 175 CASA 02. ANCHIETA. 21645-620 Rio de Janeiro - RJ.
33148929;CENTRO EDUC OLIVEIRA REIS LTDA;-22.86187000;-43.34955000;infantil|fundamental_i;privada;ativa;geral;nao;RUA CANANEIA, 164 B. OSWALDO CRUZ. 21550-150 Rio de Janeiro - RJ.
33144257;CENTRO EDUC OLIVEIRA SOUZA LTDA-CANTINHO DO SABER;-22.83404000;-43.36521000;infantil|fundamental_i|fundamental_ii;privada;ativa;geral;nao;ESTRADA JOAO PAULO, 1876 BARROS FILHO. 21515-202 Rio de Janeiro - RJ.
33109354;CENTRO EDUC OS PRIMEIROS P DA CRIANCA;-22.88670000;-43.30187000;fundamental_i|fundamental_ii;privada;ativa;geral;nao;RUA ENGENHEIRO NAZARE, 71 ABOLICAO. 20756-000 Rio de Janeiro - RJ.
33116598;CENTRO EDUC PALMIERI;-22.92423000;-43.52743000;infantil|fundamental_i|fundamental_ii;privada;ativa;geral;nao;ESTRADA DOS CABOCLOS, 293 RIO DA PRATA. CAMPO GRANDE. 23040-160 Rio de Janeiro - RJ.
33085307;CENTRO EDUC PAULO RAMOS LTDA-ME;-22.79206000;-43.17233000;infantil|fundamental_i|fundamental_ii;privada;ativa;geral;nao;RUA JUCIAPE, 210 CASA. FREGUESIA. 21911-110 Rio de Janeiro - RJ.
33124700;CENTRO EDUC PEREIRA ASSIS;-22.80550000;-43.30830000;infantil|fundamental_i|fundamental_ii;privada;ativa;geral;nao;RUA VALENTIM MAGALHAES, 99 VIGARIO GERAL. 21241-330 Rio de Janeiro - RJ.
33107181;CENTRO EDUC PINHEIRO FERNANDES;-22.85652000;-43.46057000;infantil|fundamental_i|fundamental_ii;privada;ativa;geral;nao;RUA JORGE DOS SANTOS, 20 BANGU. 21864-455 Rio de Janeiro - RJ.
33109303;CENTRO EDUC PINHEIRO RAMOS LTDA;-22.88606000;-43.39820000;infantil|fundamental_i;privada;ativa;geral;nao;AVENIDA ALBERICO DINIZ, 1645 JARDIM SULACAP. 21741-110 Rio de Janeiro - RJ.
33134588;CENTRO EDUC PLANETA AGUA;-22.92499000;-43.25534000;infantil|fundamental_i;privada;ativa;geral;nao;RUA BOTUCATU, 116 CASA. GRAJAU. 20541-340 Rio de Janeiro - RJ.
33124043;CENTRO EDUC PORTES COSTA;-22.82961000;-43.34997000;infantil|fundamental_i;privada;ativa;geral;nao;RUA BARRA MANSA, 343 E 353 COELHO NETO. 21530-240 Rio de Janeiro - RJ.
33114820;CENTRO EDUC ROVER;-22.93044000;-43.67468000;infantil|fundamental_i;privada;ativa;geral;nao;RUA TEMISTOCLES CAVALCANTI, 238 SANTA CRUZ. 23520-040 Rio de Janeiro - RJ.
33109656;CENTRO EDUC SALLES FREITAS DE BANGU LTDA;-22.87250000;-43.46005000;infantil|fundamental_i|fundamental_ii;privada;ativa;geral;nao;RUA BIARRITZ, 06/14 BANGU. 21870-190 Rio de Janeiro - RJ.
33109478;CENTRO EDUC SANTA AMELIA LTDA ME;-22.85455000;-43.36457000;infantil|fundamental_i|fundamental_ii;privada;ativa;geral;nao;RUA CAIO DE FREITAS, 95 MARECHAL HERMES. 21555-420 Rio de Janeiro - RJ.
33128545;CENTRO EDUC SEIXAS MOTA;-22.85048000;-43.34997000;infantil|fundamental_i;privada;ativa;geral;nao;RUA DAS TURQUESAS, 16 ROCHA MIRANDA. 21510-090 Rio de Janeiro - RJ.
33124191;CENTRO EDUC SILVA RODRIGUES;-22.83547000;-43.41264000;infantil|fundamental_i;privada;ativa;geral;nao;RUA LISSES MELGACO, 367 PARQUE ANCHIETA. 21635-270 Rio de Janeiro - RJ.
33081409;CENTRO EDUC TEREZA CRISTINA;-22.88647000;-43.47813000;infantil|fundamental_i;privada;ativa;geral;nao;RUA SUEZ, 07 BANGU. 21820-250 Rio de Janeiro - RJ.
33150400;CENTRO EDUCACIONAL 1 2 3 E JA;-22.90288000;-43.28567000;fundamental_i;privada;ativa;geral;nao;RUA MAGALHAES COUTO, 166 MEIER. 20735-180 Rio de Janeiro - RJ.
33148201;CENTRO EDUCACIONAL ALDA MONTEIRO;-22.91450000;-43.65378000;infantil|fundamental_i;privada;ativa;geral;nao;RUA ANGELO PEZZUTI DA SILVA, 85 PACIENCIA. 23573-190 Rio de Janeiro - RJ.
33171203;CENTRO EDUCACIONAL AMELIA BITTENCOURT - EDUC INFANTIL;-22.84695000;-43.30933000;infantil;privada;ativa;geral;nao;RUA GALVANI, 68 VILA DA PENHA. 21220-010 Rio de Janeiro - RJ.
33473218;CENTRO EDUCACIONAL AMELIA BITTENCOURT LTDA;-22.84719000;-43.30984000;fundamental_i|fundamental_ii;privada;ativa;geral;nao;RUA GALVANI, 120 VILA DA PENHA. 21220-010 Rio de Janeiro - RJ.
33229406;CENTRO EDUCACIONAL ANA CAROLINA DE PACIENCIA LTDA;-22.94981667;-43.64229833;infantil|fundamental_i;privada;ativa;geral;nao;ESTRADA SANTA EUGENIA, LT41Q5 PACIENCIA. 23585-430 Rio de Janeiro - RJ.
33159351;CENTRO EDUCACIONAL ANDRADE SILVA LTDA;-22.89364000;-43.61122000;infantil|fundamental_i|fundamental_ii;privada;ativa;geral;nao;RUA CIPOTANEA, 890 COSMOS. 23066-380 Rio de Janeiro - RJ.
33134529;CENTRO EDUCACIONAL ANJINHOS DO CEU;-22.86563000;-43.33293000;infantil|fundamental_i;privada;ativa;geral;nao;RUA DOUTOR JOVINIANO, 120 MADUREIRA. 21360-310 Rio de Janeiro - RJ.
33106487;CENTRO EDUCACIONAL AZEVEDO FERREIRA;-22.91384000;-43.37540000;infantil|fundamental_i|fundamental_ii;privada;ativa;geral;nao;TRAVESSA MERINGUAVA, 93 TAQUARA. 22725-445 Rio de Janeiro - RJ.
33134421;CENTRO EDUCACIONAL BANANAS DE PIJAMA;-22.85398000;-43.32617000;infantil;privada;ativa;geral;nao;RUA JACINA, 124 VAZ LOBO. 21361-220 Rio de Janeiro - RJ.
33114846;CENTRO EDUCACIONAL BARROS MARTINS;-22.92859323;-43.68810195;infantil|fundamental_i|fundamental_ii;privada;ativa;geral;nao;PRACA DEPUTADO PEDRO FERREIRA DA SILVA, 507 ENTRADA SUPLEMENTAR. SANTA CRUZ. 23550-354 Rio de Janeiro - RJ.
33141401;CENTRO EDUCACIONAL BATISTA;-22.92126000;-43.26376000;infantil|fundamental_i;privada;ativa;geral;nao;RUA ITABAIANA, 93 CASA. GRAJAU. 20561-050 Rio de Janeiro - RJ.
33351210;CENTRO EDUCACIONAL BATISTA DA FONTINHA;-22.87337000;-43.35684000;infantil|fundamental_i;privada;ativa;geral;nao;RUA ABACAI, 60 OSWALDO CRUZ. 21340-380 Rio de Janeiro - RJ.
33132364;CENTRO EDUCACIONAL BOA ESPERANCA;-22.85683000;-43.36251000;infantil|fundamental_i;privada;ativa;geral;nao;RUA CONDE DE REZENDE, 306 BENTO RIBEIRO. 21555-150 Rio de Janeiro - RJ.
33161097;CENTRO EDUCACIONAL BRASILEIRINHO-CEB;-22.85545000;-43.46171000;infantil|fundamental_i|fundamental_ii;privada;ativa;geral;nao;AVENIDA RAUL BARROS VIEIRA, 641 BANGU. 21864-231 Rio de Janeiro - RJ.
33194807;CENTRO EDUCACIONAL BRINCANDO E APRENDENDO;-22.97164127;-43.33413689;infantil|fundamental_i;privada;ativa;geral;nao;ESTRADA DE JACAREPAGUA, 3502 LOTE 40. JACAREPAGUA. 22753-211 Rio de Janeiro - RJ.
33116709;CENTRO EDUCACIONAL CALIFORNIA;-22.89335000;-43.58570000;infantil|fundamental_i|fundamental_ii;privada;ativa;geral;nao;RUA MARIO CORDEIRO, 25 VILA CALIFORNIA. CAMPO GRANDE. 23071-190 Rio de Janeiro - RJ.
33134634;CENTRO EDUCACIONAL CAMPINHO;-22.89228000;-43.58944000;infantil|fundamental_i|fundamental_ii;privada;ativa;geral;nao;RUA JOSE MANUEL MAXIMO, 17 JARDIM CAMPINHO. CAMPO GRANDE. 23073-020 Rio de Janeiro - RJ.
33165963;CENTRO EDUCACIONAL CAMPINHO LTDA;-22.88409637;-43.64188472;infantil|fundamental_i|fundamental_ii;privada;ativa;geral;nao;RUA CABO SAULO DE VASCONCELOS, 136 PACIENCIA. 23066-070 Rio de Janeiro - RJ.
33116415;CENTRO EDUCACIONAL CAMPOS LEMOS;-22.88848000;-43.61224000;infantil|fundamental_i|fundamental_ii;privada;ativa;geral;nao;RUA AJAPI, 615 ANTIGA RUA 14. COSMOS. 23066-420 Rio de Janeiro - RJ.
33136416;CENTRO EDUCACIONAL CANTO DE VITORIA;-22.89113590;-43.64208630;infantil|fundamental_i|fundamental_ii;privada;ativa;geral;nao;RUA SOLDADO RAMIS MENDES, 21 QUADRA 40. PACIENCIA. 23066-000 Rio de Janeiro - RJ.
33099103;CENTRO EDUCACIONAL CASSIANO FIGUEIREDO;-22.83953000;-43.40008000;infantil|fundamental_i;privada;ativa;geral;nao;RUA JAPOARA, 74 RICARDO DE ALBUQUERQUE. 21620-390 Rio de Janeiro - RJ.
33088594;CENTRO EDUCACIONAL CELIO RODRIGUES LTDA - COLEGIO CELIO RODRIGUES;-22.89040000;-43.27114000;infantil|fundamental_i|fundamental_ii;privada;ativa;geral;nao;RUA MIGUEL CERVANTES, 90 CACHAMBI. 20780-370 Rio de Janeiro - RJ.
33115737;CENTRO EDUCACIONAL CISNE BRANCO LTDA;-22.87512000;-43.41260000;infantil|fundamental_i;privada;ativa;geral;nao;RUA CARINHANHA, 479 FRENTE. MAGALHAES BASTOS. 21750-165 Rio de Janeiro - RJ.
33063486;CENTRO EDUCACIONAL CLOTILDE GUIMARAES COL MARIA JOSE IMPERIAL;-22.95026000;-43.18113000;infantil|fundamental_i|fundamental_ii;privada;ativa;geral;nao;PRAIA DE BOTAFOGO, 524 BOTAFOGO. 22250-040 Rio de Janeiro - RJ.
33180555;CENTRO EDUCACIONAL CONSTRUINDO CONHECIMENTO;-22.90892499;-43.28198230;infantil|fundamental_i|fundamental_ii;privada;ativa;geral;nao;RUA JOAQUIM MEIER, 833 LINS DE VASCONCELOS. 20725-050 Rio de Janeiro - RJ.
33171696;CENTRO EDUCACIONAL CONVIVENCIA;-22.94813000;-43.36994000;infantil|fundamental_i;privada;ativa;geral;nao;RUA JOAO MAFRA, 34 CIDADE DE DEUS. 22775-690 Rio de Janeiro - RJ.
33105898;CENTRO EDUCACIONAL CRESCENCIO CASINHA FELIZ;-22.84150000;-43.36998000;;privada;paralisada;geral;nao;RUA LEOCADIO FIGUEIREDO, 835 GUADALUPE. 21675-090 Rio de Janeiro - RJ.
33132372;CENTRO EDUCACIONAL CRESCER LTDA;-22.84348000;-43.33927000;infantil|fundamental_i;privada;ativa;geral;nao;RUA CARAIBA, 14 FDS. COLEGIO. 21545-180 Rio de Janeiro - RJ.
33190437;CENTRO EDUCACIONAL CUNHA EIRELI ME;-22.81721470;-43.39325843;infantil|fundamental_i;privada;ativa;geral;nao;RUA ITATIBA, 153 ANCHIETA. 21645-320 Rio de Janeiro - RJ.
33065187;CENTRO EDUCACIONAL DA LAGOA;-22.96229830;-43.22341050;infantil|fundamental_i;privada;ativa;geral;nao;RUA LOPES QUINTAS, 537 JARDIM BOTANICO. 22460-010 Rio de Janeiro - RJ.
33065195;CENTRO EDUCACIONAL DA LAGOA;-22.96016077;-43.20766897;fundamental_ii;privada;ativa;geral;nao;RUA MARIA ANGELICA, 294/310 JARDIM BOTANICO. 22461-152 Rio de Janeiro - RJ.
33105154;CENTRO EDUCACIONAL DA LAGOA;-23.00536820;-43.32316580;infantil|fundamental_i|fundamental_ii;privada;ativa;geral;nao;RUA JORNALISTA HENRIQUE CORDEIRO, 200 BARRA DA TIJUCA. 22631-450 Rio de Janeiro - RJ.
33116903;CENTRO EDUCACIONAL DA LAGOA;-22.88704000;-43.28433000;infantil|fundamental_i|fundamental_ii;privada;ativa;geral;nao;AVENIDA DOM HELDER CAMARA, 5332 LJ 3412 - PISO G E C. CACHAMBI. 20771-004 Rio de Janeiro - RJ.
33176760;CENTRO EDUCACIONAL DA LAGOA;-22.96016330;-43.20767512;;privada;ativa;geral;nao;RUA JARDIM BOTANICO, 190 JARDIM BOTANICO. 22461-000 Rio de Janeiro - RJ.
33136629;CENTRO EDUCACIONAL DA PRIMEIRA INFANCIA LTDA;-22.93604000;-43.24600000;infantil|fundamental_i;privada;ativa;geral;nao;RUA MARECHAL TROMPOWSKY, 31 CASA. TIJUCA. 20530-310 Rio de Janeiro - RJ.
33086370;CENTRO EDUCACIONAL DA RIBEIRA;-22.82405576;-43.16979076;infantil|fundamental_i;privada;ativa;geral;nao;RUA FERNANDES DA FONSECA, 105 RIBEIRA. 21930-100 Rio de Janeiro - RJ.
33102864;CENTRO EDUCACIONAL DA TIJUCA SC LTDA;-22.91835346;-43.23813000;infantil|fundamental_i;privada;ativa;geral;nao;DOS ARTISTAS, 169 VILA ISABEL. 20541-035 Rio de Janeiro - RJ.
33134847;CENTRO EDUCACIONAL DA URCA;-22.95221000;-43.16800000;infantil|fundamental_i;privada;ativa;geral;nao;RUA RAMON FRANCO, 79 URCA. 22290-290 Rio de Janeiro - RJ.
33153310;CENTRO EDUCACIONAL DA USINA FONTES LTDA-ME;-22.92916000;-43.24284000;fundamental_i|fundamental_ii;privada;ativa;geral;nao;RUA MARIO BARRETO, 11 CASA. TIJUCA. 20510-390 Rio de Janeiro - RJ.
33160627;CENTRO EDUCACIONAL DANIEL PAIVA;-22.86689000;-43.47880000;infantil|fundamental_i;privada;ativa;geral;nao;ESTRADA DO TAQUARAL, 722 SENADOR CAMARA. 21842-550 Rio de Janeiro - RJ.
33107440;CENTRO EDUCACIONAL DAVID CARNEIRO -CEDAC - JD ESCOLA FONTE DE DAVID;-22.83100000;-43.34689000;infantil|fundamental_i|fundamental_ii;privada;ativa;geral;nao;RUA GUACUPI, 150 COELHO NETO. 21510-400 Rio de Janeiro - RJ.
33116350;CENTRO EDUCACIONAL DE SANTISSIMO;-22.87403000;-43.51337000;infantil|fundamental_i|fundamental_ii;privada;ativa;geral;nao;RUA TEIXEIRA CAMPOS, LOTE 12. SANTISSIMO. 23098-062 Rio de Janeiro - RJ.
33105758;CENTRO EDUCACIONAL DI MAGGIO;-22.81117000;-43.21077000;infantil|fundamental_i|fundamental_ii;privada;ativa;geral;nao;RUA ESPUMAS, 155 CASA. JARDIM GUANABARA. 21941-170 Rio de Janeiro - RJ.
33182159;CENTRO EDUCACIONAL ESPACO INFANTIL;-22.88920502;-43.39285895;infantil;privada;ativa;geral;nao;RUA TEOFILO GUIMARAES, 633 JARDIM SULACAP. 21820-150 Rio de Janeiro - RJ.
33110034;CENTRO EDUCACIONAL ESPACO INTEGRADO;-23.00922760;-43.29655640;infantil|fundamental_i|fundamental_ii;privada;ativa;geral;nao;RUA PROFESSOR FERREIRA DA ROSA, 150 BARRA DA TIJUCA. 22611-230 Rio de Janeiro - RJ.
33124973;CENTRO EDUCACIONAL ESPERANCA LTDA;-22.88289000;-43.58779000;infantil|fundamental_i|fundamental_ii;privada;ativa;geral;nao;RUA COLONIA FORMOSA, 110 CAMPO GRANDE. 23073-443 Rio de Janeiro - RJ.
33114692;CENTRO EDUCACIONAL ESTACOES DO ANO;-22.93356000;-43.66873000;infantil|fundamental_i|fundamental_ii;privada;ativa;geral;nao;RUA FELIPE CARDOSO, 2765 SANTA CRUZ. 23520-571 Rio de Janeiro - RJ.
33152446;CENTRO EDUCACIONAL ESTELINHA MAGICA DO MILLENIUM;-22.97144256;-43.33469704;infantil|fundamental_i|fundamental_ii;privada;ativa;geral;nao;ESTRADA DE JACAREPAGUA, 3677 JACAREPAGUA. 22753-212 Rio de Janeiro - RJ.
33131813;CENTRO EDUCACIONAL FALCAO LOPES LTDA;-22.83369000;-43.39454000;infantil|fundamental_i;privada;ativa;geral;nao;AVENIDA NAZARE, 1532 RICARDO DE ALBUQUERQUE. 21640-010 Rio de Janeiro - RJ.
33319200;CENTRO EDUCACIONAL FEMA;-22.82995000;-43.42013000;infantil|fundamental_i;privada;ativa;geral;nao;RUA OTACILIO PEDRO VASCO, 1637 PARQUE ANCHIETA. 21635-380 Rio de Janeiro - RJ.
33134480;CENTRO EDUCACIONAL FESTA DAS LETRINHAS;-22.87421000;-43.37128000;infantil|fundamental_i;privada;ativa;geral;nao;RUA COMANDAI, 297 MARECHAL HERMES. 21331-010 Rio de Janeiro - RJ.
33145008;CENTRO EDUCACIONAL FOGUETINHO - GPI UNIDADE JARDIM AMERICA;-22.80753000;-43.32906000;infantil|fundamental_i|fundamental_ii;privada;ativa;geral;nao;RUA ALVARO DE MAGALHAES, 64 JARDIM AMERICA. 21240-230 Rio de Janeiro - RJ.
33411220;CENTRO EDUCACIONAL FREIRE SILVA;-22.88417080;-43.26356900;infantil|fundamental_i;privada;ativa;geral;nao;RUA CONDE DE AZAMBUJA, 682 MARIA DA GRACA. 20785-342 Rio de Janeiro - RJ.
33180059;CENTRO EDUCACIONAL FUTURO BRILHANTE;-22.94390120;-43.38229520;infantil|fundamental_i;privada;ativa;geral;nao;RUA ITAICABA, 205 CURICICA. 22710-085 Rio de Janeiro - RJ.
33483221;CENTRO EDUCACIONAL GOVERNADOR;-22.79686549;-43.19874980;infantil|fundamental_i|fundamental_ii;privada;ativa;geral;nao;RUA DOMINGOS SEGRETO, 225 PORTUGUESA. 21920-300 Rio de Janeiro - RJ.
33131848;CENTRO EDUCACIONAL HEMA LTDA;-22.81662000;-43.38316000;infantil|fundamental_i|fundamental_ii;privada;ativa;geral;nao;RUA ADELINA MAIA, 85 ANCHIETA. 21655-010 Rio de Janeiro - RJ.
33157871;CENTRO EDUCACIONAL HENRY DUNANT;-22.90558000;-43.27613000;;privada;ativa;geral;nao;RUA HERMENGARDA, 90 MEIER. 20710-010 Rio de Janeiro - RJ.
33159394;CENTRO EDUCACIONAL ILHA DO GOVERNADOR LTDA-ME;-22.80505000;-43.20214000;;privada;ativa;geral;nao;RUA BOCAIUVA, 350 CASA. JARDIM GUANABARA. 21931-340 Rio de Janeiro - RJ.
33123322;CENTRO EDUCACIONAL ITABIRA LTDA;-22.83032000;-43.29233000;fundamental_i;privada;ativa;geral;nao;RUA ITABIRA, 281 BRAS DE PINA. 21215-310 Rio de Janeiro - RJ.
33125040;CENTRO EDUCACIONAL ITAUA;-22.91936000;-43.54094000;infantil|fundamental_i|fundamental_ii;privada;ativa;geral;nao;RUA ITAUA, 226 ESTRADA DO MOINHO. CAMPO GRANDE. 23040-250 Rio de Janeiro - RJ.
33123489;CENTRO EDUCACIONAL JARDIM ESCOLA TIA CARMEN;-22.81214000;-43.30925000;infantil|fundamental_i|fundamental_ii;privada;ativa;geral;nao;ESTRADA DO VIGARIO GERAL, 1379 VIGARIO GERAL. 21241-100 Rio de Janeiro - RJ.
33107238;CENTRO EDUCACIONAL JEANNE CHRISTINE;-22.85090000;-43.36059000;infantil|fundamental_i|fundamental_ii;privada;ativa;geral;nao;RUA AMERICO ROCHA, 1418 MARECHAL HERMES. 21555-300 Rio de Janeiro - RJ.
33114382;CENTRO EDUCACIONAL JOSE DE PAIVA NETTO;-22.87856205;-43.26457302;infantil|fundamental_i|fundamental_ii;privada;ativa;geral;nao;AVENIDA DOM HELDER CAMARA, 3059 MARIA DA GRACA. 21050-454 Rio de Janeiro - RJ.
33171963;CENTRO EDUCACIONAL LIMA NASCIMENTO MATRIZ;-22.95564000;-43.38500000;fundamental_i;privada;ativa;geral;nao;RUA MANDINA, 300 CURICICA. 22780-802 Rio de Janeiro - RJ.
33129436;CENTRO EDUCACIONAL LOSANGO;-22.88233000;-43.36659000;fundamental_i;privada;ativa;geral;nao;RUA DAS AZALEAS, 467 VILA VALQUEIRE. 21330-150 Rio de Janeiro - RJ.
33164975;CENTRO EDUCACIONAL LOUREIRO DE MORAES;-22.91498000;-43.60314000;infantil;privada;ativa;geral;nao;AVENIDA CESARIO DE MELO, 7672 RUA 08 LT 03 QD. J. INHOAIBA. 23056-000 Rio de Janeiro - RJ.
33495220;CENTRO EDUCACIONAL LOURO SABIDO LTDA;-22.85919000;-43.44308000;infantil|fundamental_i;privada;ativa;geral;nao;RUA CRISTALINA, 367 REALENGO. 21725-770 Rio de Janeiro - RJ.
33121605;CENTRO EDUCACIONAL LUIZ CARLOS BARBOSA;-22.87992000;-43.34326000;infantil|fundamental_i|fundamental_ii;privada;ativa;geral;nao;RUA MARIA JOSE, 72 MADUREIRA. 21341-140 Rio de Janeiro - RJ.
33134570;CENTRO EDUCACIONAL MAGICA DO SABER;-22.80259170;-43.19557030;infantil|fundamental_i;privada;ativa;geral;nao;RUA JUTLANDIA,, 284 CASA. JARDIM CARIOCA. 21921-675 Rio de Janeiro - RJ.
33140812;CENTRO EDUCACIONAL MAIA SANTOS;-22.88260000;-43.30062000;infantil|fundamental_i;privada;ativa;geral;nao;RUA MOREIRA, 303 ABOLICAO. 20751-190 Rio de Janeiro - RJ.
33161682;CENTRO EDUCACIONAL MANOEL MONTEIRO LTDA - JARDIM ESCOLA EXPRESSO DO SABER;-22.91183000;-43.37264000;infantil|fundamental_i;privada;ativa;geral;nao;RUA JORDAO, 230 TANQUE. 22725-549 Rio de Janeiro - RJ.
33123918;CENTRO EDUCACIONAL MARAPENDI LTDA;-23.01171000;-43.45034000;fundamental_i|fundamental_ii;privada;ativa;geral;nao;RUA GUILHERME BAPTISTA, 239 RECREIO DOS BANDEIRANTES. 22790-160 Rio de Janeiro - RJ.
33159289;CENTRO EDUCACIONAL MARIA ANTONIA;-22.91820000;-43.36151000;infantil|fundamental_i;privada;ativa;geral;nao;RUA HENRIQUETA, 127 TANQUE. 22735-130 Rio de Janeiro - RJ.
33153221;CENTRO EDUCACIONAL MARINA MENEZES;-22.87802000;-43.57614000;infantil|fundamental_i|fundamental_ii;privada;ativa;geral;nao;RUA TAUFIK DIB, 21/ A CORCUNDINHA. CAMPO GRANDE. 23076-380 Rio de Janeiro - RJ.
33109001;CENTRO EDUCACIONAL MARQUES RODRIGUES;-22.88119000;-43.49196000;infantil|fundamental_i|fundamental_ii;privada;ativa;geral;nao;RUA FRANCISCO PEREIRA, 102 SENADOR CAMARA. 21833-090 Rio de Janeiro - RJ.
33488215;CENTRO EDUCACIONAL MATERNAL E PRE ESCOLA FERNANDES LARCHER LTDA-ME;-22.89617000;-43.30506000;infantil|fundamental_i;privada;ativa;geral;nao;RUA CRUZ E SOUSA, 65 ENCANTADO. 20745-000 Rio de Janeiro - RJ.
33171572;CENTRO EDUCACIONAL MEIRELES MACEDO;-22.94784000;-43.60380000;fundamental_i;privada;ativa;geral;nao;RUA LAUDELINA MAIA DE PAIVA, 67 GUARATIBA. 23033-265 Rio de Janeiro - RJ.
33106967;CENTRO EDUCACIONAL MELO MOREIRA;-22.92803000;-43.36520000;infantil|fundamental_i|fundamental_ii;privada;ativa;geral;nao;AVENIDA EMILE ROUX, 46 TAQUARA. 22740-070 Rio de Janeiro - RJ.
33161143;CENTRO EDUCACIONAL MENDELEEV;-22.90041000;-43.56137000;;privada;ativa;geral;nao;RUA ARACAJU, 89 CAMPO GRANDE. 23080-070 Rio de Janeiro - RJ.
33114161;CENTRO EDUCACIONAL METAMORFOSE;-22.89690000;-43.27862000;infantil|fundamental_i;privada;ativa;geral;nao;RUA CORACAO DE MARIA, 139 MEIER. 20775-050 Rio de Janeiro - RJ.
33135290;CENTRO EDUCACIONAL MILLENIUM;-22.83657000;-43.28407000;infantil|fundamental_i|fundamental_ii;privada;ativa;geral;nao;RUA MAGE, 35 PENHA CIRCULAR. 21020-130 Rio de Janeiro - RJ.
33105391;CENTRO EDUCACIONAL MINGOZZI LTDA;-22.89652000;-43.29466000;infantil|fundamental_i|fundamental_ii;privada;ativa;geral;nao;RUA ADOLFO BERGAMINI, 191 / 195 ENGENHO DE DENTRO. 20730-000 Rio de Janeiro - RJ.
33135053;CENTRO EDUCACIONAL MIRAFLORES;-23.01357000;-43.30477000;infantil|fundamental_i;privada;ativa;geral;nao;AVENIDA COMANDANTE JULIO DE MOURA, 150 BARRA DA TIJUCA. 22620-012 Rio de Janeiro - RJ.
33125260;CENTRO EDUCACIONAL MOURA SANTOS;-22.85628000;-43.53886000;infantil|fundamental_i|fundamental_ii;privada;ativa;geral;nao;RUA DO PARAIBANO, 177 MENDANHA. CAMPO GRANDE. 23097-020 Rio de Janeiro - RJ.
33086460;CENTRO EDUCACIONAL NOSSA SENHORA APARECIDA;-22.82198261;-43.39720742;infantil|fundamental_i|fundamental_ii;privada;ativa;geral;nao;RUA FAUSTINO LINS, 898 ANCHIETA. 21645-210 Rio de Janeiro - RJ.
33202001;CENTRO EDUCACIONAL NOSSO FRUTO;-22.91434000;-43.22300000;infantil|fundamental_i;privada;ativa;geral;nao;RUA VISCONDE DE CAIRU, 222 MARACANA. 20270-050 Rio de Janeiro - RJ.
33144826;CENTRO EDUCACIONAL NOSSO FUTURO;-22.82949000;-43.30111000;infantil|fundamental_i;privada;ativa;geral;nao;ESTRADA DO QUITUNGO, 795 BRAZ DE PINA. 21215-562 Rio de Janeiro - RJ.
33121656;CENTRO EDUCACIONAL NOSSO MUNDO;-22.89024000;-43.31732000;fundamental_i;privada;ativa;exclusivo_deficiencia;nao;RUA JOAO BARBALHO, 193 QUINTINO BOCAIUVA. 20740-010 Rio de Janeiro - RJ.
33385203;CENTRO EDUCACIONAL OLIVEIRA MELO;-22.93139000;-43.37277000;infantil|fundamental_i|fundamental_ii;privada;ativa;geral;nao;RUA NACIONAL, 59/71 TAQUARA. 22710-091 Rio de Janeiro - RJ.
33144524;CENTRO EDUCACIONAL OLIVEIRA SANCHO;-22.89728000;-43.31328000;infantil|fundamental_i;privada;ativa;geral;nao;RUA ALMEIDA NOGUEIRA, 33 PIEDADE. 20740-460 Rio de Janeiro - RJ.
33081328;CENTRO EDUCACIONAL ORION;-22.87491000;-43.47012000;infantil|fundamental_i|fundamental_ii;privada;ativa;geral;nao;RUA CORONEL CORTE REAL, 95 BANGU. 21840-020 Rio de Janeiro - RJ.
33132844;CENTRO EDUCACIONAL OS CORDEIRINHOS;-22.88049000;-43.47666000;infantil|fundamental_i;privada;ativa;geral;nao;RUA URUCUM, 834 BANGU. 21820-390 Rio de Janeiro - RJ.
33182302;CENTRO EDUCACIONAL OVELHINHAS DO CRISTO EIRELI ME;-22.99120688;-43.62378222;infantil;privada;ativa;geral;nao;RUA STELLA GOULART MARINHO, 31 QUADRA 197. PEDRA DE GUARATIBA. 23025-037 Rio de Janeiro - RJ.
33109443;CENTRO EDUCACIONAL PAULA LIMA;-22.86625000;-43.48710000;infantil|fundamental_i|fundamental_ii;privada;ativa;geral;nao;RUA CARNAUBA, 219 ESCOLA. SENADOR CAMARA. 21842-010 Rio de Janeiro - RJ.
33148180;CENTRO EDUCACIONAL PEDACO DO CEU LTDA ME;-22.99010000;-43.63456000;infantil|fundamental_i;privada;ativa;geral;nao;ESTRADA DA CAPOEIRA GRANDE, 141 LT 27 E 28. GUARATIBA. 23026-220 Rio de Janeiro - RJ.
33149453;CENTRO EDUCACIONAL PEQUENA CRUZADA;-22.96473000;-43.20304000;fundamental_i|fundamental_ii;privada;ativa;geral;nao;AV. EPITACIO PESSOA, 4866 LAGOA. 22471-200 Rio de Janeiro - RJ.
33123411;CENTRO EDUCACIONAL PEQUENO TESOURO;-22.84300000;-43.26186000;infantil|fundamental_i;privada;ativa;geral;nao;RUA NOEMIA NUNES, 597 OLARIA. 21021-610 Rio de Janeiro - RJ.
33376204;CENTRO EDUCACIONAL PLANETA DO SABER;-22.86814000;-43.28694000;infantil;privada;ativa;geral;nao;RUA MARECHAL CASTELO BRANCO, 06 INHAUMA. 20765-340 Rio de Janeiro - RJ.
33085528;CENTRO EDUCACIONAL PRAIA DA BANDEIRA - PROSPER;-22.80961000;-43.17765000;infantil|fundamental_i;privada;ativa;geral;nao;PRAIA DA BANDEIRA, 315 PRAIA DA BANDEIRA. 21910-380 Rio de Janeiro - RJ.
33078726;CENTRO EDUCACIONAL PRIMAVERA;-22.88832000;-43.35276000;infantil|fundamental_i|fundamental_ii;privada;ativa;geral;nao;RUA MAJOR RIBEIRO PINHEIRO, 234 OU 270 VILA VALQUEIRE. 21320-210 Rio de Janeiro - RJ.
33172781;CENTRO EDUCACIONAL QUEEN LMTD 2;-22.95723000;-43.38707000;fundamental_i;privada;ativa;geral;nao;RUA GENERAL OLIVIO UZEDA, 301 CURICICA. 22780-500 Rio de Janeiro - RJ.
33148945;CENTRO EDUCACIONAL RECANTO DISNEY;-22.87795760;-43.32825390;infantil|fundamental_i;privada;ativa;geral;nao;RUA ITAMARATI, 397 CASCADURA. 21350-050 Rio de Janeiro - RJ.
33117306;CENTRO EDUCACIONAL REYNALDO NASCIMENTO;-22.83980984;-43.29800227;infantil|fundamental_i|fundamental_ii;privada;ativa;geral;nao;AVENIDA BRAZ DE PINA, 983 VILA DA PENHA. 21210-674 Rio de Janeiro - RJ.
33149470;CENTRO EDUCACIONAL RODRIGUES SILVA;-22.85954000;-43.26664000;infantil|fundamental_i|fundamental_ii;privada;ativa;geral;nao;RUA DOUTOR NOGUCHI, 379 RAMOS. 21060-420 Rio de Janeiro - RJ.
33134880;CENTRO EDUCACIONAL ROGERIO JONAS ZYLBERSZTAJN LTDA;-22.93537000;-43.19064000;infantil|fundamental_i|fundamental_ii;privada;ativa;geral;nao;RUA DAS LARANJEIRAS, 342/346 3º E 5º ANDAR. LARANJEIRAS. 22240-003 Rio de Janeiro - RJ.
33074089;CENTRO EDUCACIONAL ROSA CHAMMA;-22.84001000;-43.30913000;fundamental_ii;privada;ativa;geral;nao;AVENIDA BRAZ DE PINA, 1424 VILA DA PENHA. 21210-675 Rio de Janeiro - RJ.
33129029;CENTRO EDUCACIONAL SANTA MARTA;-22.81435000;-43.31708000;fundamental_ii;privada;ativa;geral;nao;RUA FERNANDES DA CUNHA, 1550 VIGARIO GERAL. 21241-300 Rio de Janeiro - RJ.
33109583;CENTRO EDUCACIONAL SAO JERONIMO;-22.82364000;-43.41116000;infantil|fundamental_i|fundamental_ii;privada;ativa;geral;nao;RUA ITATIAIA, 120 ANCHIETA. 21630-190 Rio de Janeiro - RJ.
33127603;CENTRO EDUCACIONAL SEIVA PURA;-22.92839000;-43.55839000;infantil|fundamental_i|fundamental_ii;privada;ativa;geral;nao;RUA SOLDADO HIVIL MILIATO, 180 CAMPO GRANDE. 23042-430 Rio de Janeiro - RJ.
33351228;CENTRO EDUCACIONAL SONIA PIMENTEL;-22.88770000;-43.38832000;infantil|fundamental_i;privada;ativa;geral;nao;RUA SILIO BOCANERA, 18 JARDIM SULACAP. 21741-030 Rio de Janeiro - RJ.
33107297;CENTRO EDUCACIONAL SOUZA AMORIM E JARDIM ESCOLA GENTE SABIDA;-22.84302000;-43.30303000;infantil|fundamental_i|fundamental_ii;privada;ativa;geral;nao;RUA APIA, 584 594 , 602. VILA DA PENHA. 21221-250 Rio de Janeiro - RJ.
33109664;CENTRO EDUCACIONAL SOUZA MADEIRA LTDA - ME;-22.91899000;-43.39528000;infantil|fundamental_i|fundamental_ii;privada;ativa;geral;nao;ESTRADA DO RIO GRANDE, 2799 TAQUARA. 22720-010 Rio de Janeiro - RJ.
33159211;CENTRO EDUCACIONAL SUZANO COSTA;-22.96382000;-43.60896000;infantil|fundamental_i|fundamental_ii;privada;ativa;geral;nao;RUA CANOANA, S/N LOTE 32 , QUADRA 91. GUARATIBA. 23031-005 Rio de Janeiro - RJ.
33165343;CENTRO EDUCACIONAL TECNOLOGICO DO RIO DE JANEIRO;-22.86574000;-43.36318000;;privada;ativa;geral;nao;RUA DIVISORIA, 48 BENTO RIBEIRO. 21331-250 Rio de Janeiro - RJ.
33132836;CENTRO EDUCACIONAL THUTY LTDA;-22.88824000;-43.42994000;infantil|fundamental_i;privada;ativa;geral;nao;RUA JOSE VILAS BOAS, 294 REALENGO. 21765-270 Rio de Janeiro - RJ.
33147779;CENTRO EDUCACIONAL TIA SHEILA;-22.99799000;-43.54010000;infantil|fundamental_i|fundamental_ii;privada;ativa;geral;nao;ESTRADA DO MORGADINHO, 16 GUARATIBA. 23020-070 Rio de Janeiro - RJ.
33111430;CENTRO EDUCACIONAL TRIANGULO;-22.86328000;-43.36697000;fundamental_ii;privada;ativa;geral;nao;RUA JOAO VICENTE, 1355 BENTO RIBEIRO. 21331-260 Rio de Janeiro - RJ.
33148040;CENTRO EDUCACIONAL UNIVERSO DO SABER;-22.86135000;-43.24255000;infantil|fundamental_i;privada;ativa;geral;nao;RUA CAPITAO CARLOS, 509 BONSUCESSO. 21042-150 Rio de Janeiro - RJ.
33231400;CENTRO EDUCACIONAL UNIVERSO DO SABER;-22.85546000;-43.26180000;infantil|fundamental_i;privada;ativa;geral;nao;RUA PROFESSOR LACE, 152 RAMOS. 21060-120 Rio de Janeiro - RJ.
33180644;CENTRO EDUCACIONAL VALE DO SOL;-22.93837610;-43.69463870;infantil|fundamental_i;privada;ativa;geral;nao;RUA JACINTO PAIVA, 28 LOTE 28 QUADRA A. SANTA CRUZ. 23550-200 Rio de Janeiro - RJ.
33147736;CENTRO EDUCACIONAL VIANA DO COUTO;-22.81900340;-43.39878720;infantil|fundamental_i|fundamental_ii;privada;ativa;geral;nao;RUA HURON, 142 ANCHIETA. 21645-290 Rio de Janeiro - RJ.
33152497;CENTRO EDUCACIONAL VIVA;-23.02116290;-43.48019290;infantil|fundamental_i;privada;ativa;geral;nao;RUA MANOEL BOUCHER PINTO, 875 RECREIO DOS BANDEIRANTES. 22790-580 Rio de Janeiro - RJ.
33134464;CENTRO EDUCACIONAL WAGNER JACCOUD;-22.84682000;-43.35557000;infantil|fundamental_i;privada;ativa;geral;nao;RUA GENERAL CORREIA DO LAGO, 366 HONORIO GURGEL. 21511-320 Rio de Janeiro - RJ.
33147914;CENTRO EDUCACIONAL XV DE OUTUBRO;-22.87531000;-43.23623000;infantil|fundamental_i;privada;ativa;geral;nao;RUA JOSE MOREIRA PEQUENO, 20 CONJUNTO ESPERANCA. MANGUINHOS. 21041-610 Rio de Janeiro - RJ.
33130558;CENTRO EDUCIONAL SILVA DOS ANJOS LTDA;-22.90008000;-43.24869000;infantil|fundamental_i;privada;ativa;geral;nao;RUA DO ROCHA, 89 ROCHA. 20960-090 Rio de Janeiro - RJ.
33109630;CENTRO ESCOLAR DE COPACABANA;-22.97163000;-43.19037000;infantil|fundamental_i|fundamental_ii;privada;ativa;geral;nao;RUA DIAS DA ROCHA, 80 COPACABANA. 22051-020 Rio de Janeiro - RJ.
33166218;CENTRO INTEGRADO DE ESTUDOS EM TURISMO E HOTELARIA;-22.91236000;-43.17805000;;privada;ativa;geral;nao;AVENIDA TREZE DE MAIO, 33 SL 301. CENTRO. 20031-120 Rio de Janeiro - RJ.
33169993;CENTRO INTEGRADO EDUCACIONAL ATITUDE DE ENSINO LTDA;-22.92078000;-43.37438000;infantil|fundamental_i;privada;ativa;geral;nao;ESTRADA DO TINDIBA, 2414 TAQUARA. 22740-360 Rio de Janeiro - RJ.
33124124;CENTRO INTERNACIONAL DE EDUCACAO INTEGRADA;-23.02767000;-43.51958000;infantil|fundamental_i|fundamental_ii;privada;ativa;geral;nao;ESTRADA DO PONTAL, 2093 COLEGIO CIEI. RECREIO DOS BANDEIRANTES. 22790-877 Rio de Janeiro - RJ.
33148805;CENTRO PEDAGOGICO ESPACO DO SABER LTDA;-22.91678000;-43.23748000;infantil|fundamental_i;privada;ativa;geral;nao;RUA MAXWELL, 28 VILA ISABEL. 20541-100 Rio de Janeiro - RJ.
33170606;CENTRO POLITECNICO;-22.90242000;-43.25868000;;privada;ativa;geral;nao;RUA 24 DE MAIO, 543. RIACHUELO. 20950-090 Rio de Janeiro - RJ.
33065888;CENTRO POP DE EDUC E DE ASSIST SOCIAL STELLA MARIS;-22.99022000;-43.23141000;infantil|fundamental_i|fundamental_ii;privada;ativa;geral;nao;ESTRADA DO VIDIGAL, 75 VIDIGAL. 22450-230 Rio de Janeiro - RJ.
33178569;CENTRO TECNOLOGICO DE ATUALIZACAO E FORMACAO PROFISSIONAL LTDA;-22.81109230;-43.19332700;;privada;ativa;geral;nao;ESTRADA DO GALEAO, 860 SALAS 201 A 205. ILHA DO GOVERNADOR. 21931-522 Rio de Janeiro - RJ.
33160651;CENTRO VOCACIONAL TECNOLOGICO CIDADE DE DEUS;-22.95011000;-43.35842000;;estadual;ativa;geral;nao;RUA EDGARD WERNECK, 1615 CIDADE DE DEUS. 22763-011 Rio de Janeiro - RJ.
33135088;CEPEB - CENTRO DE ESTUDOS E PESQUISAS DE EDUCACAO BRASILEIRA LTDA;-22.97635000;-43.22791000;infantil;privada;ativa;geral;nao;RUA ARTUR ARARIPE, 100 CASA. GAVEA. 22451-020 Rio de Janeiro - RJ.
33155151;CER - CENTRO EDUCACIONAL RIO TAQUARA;-22.91646000;-43.37983000;infantil|fundamental_i|fundamental_ii;privada;ativa;geral;nao;AVENIDA DOS MANANCIAIS, 255 TAQUARA. 22720-400 Rio de Janeiro - RJ.
33181250;CETEP IPANEMA;-22.98040667;-43.19925833;;estadual;ativa;geral;nao;RUA ALBERTO DE CAMPOS, 12 5º. IPANEMA. 22411-030 Rio de Janeiro - RJ.
33081743;CIE MIECIMO DA SILVA;-22.90230667;-43.57825000;;estadual;ativa;geral;nao;RUA AUGUSTA CANDIANI, 0 CAMPO GRANDE. 23070-020 Rio de Janeiro - RJ.
33106746;CIEP 165 BRIGADEIRO SERGIO CARVALHO;-22.91683833;-43.52937333;;estadual;ativa;geral;nao;ESTRADA DO LAMEIRAO PEQUENO, 1 CAMPO GRANDE. 23017-320 Rio de Janeiro - RJ.
33096759;CIEP 173 RAINHA NZINGA DE ANGOLA;-22.82156653;-43.35043997;;estadual;ativa;geral;nao;AVENIDA PASTOR MARTIN LUTHER KING JUNIOR, 0 ACARI. 21530-014 Rio de Janeiro - RJ.
33106657;CIEP 183 JOAO VITTA;-22.92984947;-43.65272763;;estadual;ativa;geral;nao;AVENIDA DO CANAL 3, 0 CESARAO. SANTA CRUZ. 23595-010 Rio de Janeiro - RJ.
33104638;CIEP 195 ANIBAL MACHADO;-22.81481280;-43.39077010;;estadual;ativa;geral;nao;AV CHRISOSTOMO PIMENTEL DE OLIVEIRA, 1195 ANCHIETA. 21655-613 Rio de Janeiro - RJ.
33110638;CIEP 205 FREI AGOSTINHO FINCIAS;-22.91097430;-43.26730750;;estadual;ativa;geral;nao;RUA DEPUTADO ATILA NUNES, 131 ENGENHO NOVO. 20715-140 Rio de Janeiro - RJ.
33106550;CIEP 223 OLYMPIO MARQUES DOS SANTOS;-22.87823500;-43.53508667;;estadual;ativa;geral;nao;ESTRADA DA POSSE, 0 SANTISSIMO. 23093-300 Rio de Janeiro - RJ.
33106606;CIEP 224 TARSO DE CASTRO;-22.85762207;-43.48370205;;estadual;ativa;geral;nao;ESTRADA SARGENTO MIGUEL FILHO, 0 BANGU. 21850-007 Rio de Janeiro - RJ.
33106690;CIEP 225 MARIO QUINTANA;-22.90236644;-43.57914936;;estadual;ativa;geral;nao;RUA AUGUSTA CANDIANI, 00 CAMPO GRANDE. 23070-020 Rio de Janeiro - RJ.
33102210;CIEP 241 NACAO MANGUEIRENSE GOVERNADOR LEONEL DE MOURA BRIZOLA;-22.90163950;-43.24204490;;estadual;ativa;geral;nao;RUA SANTOS MELO, 73 FUNDOS. SAO FRANCISCO XAVIER. 20960-030 Rio de Janeiro - RJ.
33106703;CIEP 244 OSWALDO ARANHA;-22.87188890;-43.42026740;;estadual;ativa;geral;nao;RUA PRINCESA LEOPOLDINA, 00 REALENGO. 21710-421 Rio de Janeiro - RJ.
33105103;CIEP 303 GP AYRTON SENNA;-22.99300000;-43.25089000;;estadual;ativa;geral;nao;ETR LAGOABARRA, 15 A. SAO CONRADO. 22610-170 Rio de Janeiro - RJ.
33106681;CIEP 305 HEITOR DOS PRAZERES;-22.99733833;-43.62959000;;estadual;ativa;geral;nao;ESTRADA DA MATRIZ, 0 PEDRA DE GUARATIBA. 23020-710 Rio de Janeiro - RJ.
33105294;CIEP 311 DEPUTADO BOCAYUVA CUNHA;-22.91894060;-43.63383249;;estadual;ativa;geral;nao;ESTRADA SANTA EUGENIA, 0 PACIENCIA. 23585-430 Rio de Janeiro - RJ.
33106649;CIEP 312 RAUL RYFF;-22.91935250;-43.63245035;;estadual;ativa;geral;nao;ESTRADA DOS VIEIRAS, 0 PACIENCIA. 23587-610 Rio de Janeiro - RJ.
33106720;CIEP 313 RUBEM BRAGA;-22.87168430;-43.49660090;;estadual;ativa;geral;nao;ESTRADA DO TAQUARAL, 111 SENADOR CAMARA. 21842-550 Rio de Janeiro - RJ.
33097283;CIEP 321 DOUTOR ULYSSES GUIMARAES;-22.95582670;-43.39077480;;estadual;ativa;geral;nao;RUA DA REVERENCIA, 375 JACAREPAGUA. CURICICA. 22780-580 Rio de Janeiro - RJ.
33110646;CIEP 323 MARIA WERNECK DE CASTRO;-22.83243000;-43.33375000;;estadual;ativa;geral;nao;ESTRADA PEDRO BORGES DE FREITAS S/N, 0 IRAJA. 21235-390 Rio de Janeiro - RJ.
33097038;CIEP 326 PROFESSOR CESAR PERNETTA;-22.84879217;-43.24213977;;estadual;ativa;geral;nao;RUA ARY LEAO, S/N, 0 SEM NUMERO. MARE. 21040-005 Rio de Janeiro - RJ.
33106584;CIEP 336 OCTAVIO MALTA;-22.88469295;-43.61883128;;estadual;ativa;geral;nao;RUA FREI TIMOTEO, 00 ESTRADA DO CAMPINHO. CAMPO GRANDE. 23067-430 Rio de Janeiro - RJ.
33128235;CIEP 339 MARIO TAMBORINDEGUY;-22.83230500;-43.33265000;;estadual;ativa;geral;nao;ESTRADA PEDRO BORGES DE FREITAS, 0 IRAJA. 21235-390 Rio de Janeiro - RJ.
33106711;CIEP 362 ROBERTO BURLE MARX;-22.98991980;-43.55097010;;estadual;ativa;geral;nao;ESTRADA DA ILHA DE GUARATIBA, 00 GUARATIBA. 23020-230 Rio de Janeiro - RJ.
33105219;CIEP 379 RAUL SEIXAS;-22.82525964;-43.37271797;;estadual;ativa;geral;nao;ETR CAMBOATA, 0 SEM NUMERO. COSTA BARROS. 21650-100 Rio de Janeiro - RJ.
33106630;CIEP 382 ASPIRANTE FRANCISCO MEGA;-22.87165000;-43.40793333;;estadual;ativa;geral;nao;RUA SALUSTIANO SILVA, 000 MAGALHAES BASTOS. 21745-590 Rio de Janeiro - RJ.
33106614;CIEP 386 GUILHERME DA SILVEIRA FILHO;-22.84778418;-43.46307979;;estadual;ativa;geral;nao;RUA DO LIMAO CONJUNTO JOAO SALDANHA, 00 BANGU. 21863-420 Rio de Janeiro - RJ.
33106673;CIEP 392 MARIO DE ANDRADE;-22.93942312;-43.69240290;;estadual;ativa;geral;nao;ESTRADA VITOR DUMAS, 0 SANTA CRUZ. 23550-160 Rio de Janeiro - RJ.
33110476;CIEP 418 ANTONIO CARLOS BERNARDES MUSSUM;-22.83108753;-43.38857333;;estadual;ativa;geral;nao;RUA MORAIS PINHEIRO, 837 RICARDO DE ALBUQUERQUE. 21640-260 Rio de Janeiro - RJ.
33106665;CIEP 432 ALBERTO CAVALCANTI;-22.92257641;-43.60173239;;estadual;ativa;geral;nao;RUA FLORESTAL, 0 INHOAIBA. 23056-060 Rio de Janeiro - RJ.
33106738;CIEP 433 TOGO RENAN SOARES KANELA;-22.89291500;-43.60328150;;estadual;ativa;geral;nao;RUA TAMARANA, 00 SANTA MARGARIDA. CAMPO GRANDE. 23060-220 Rio de Janeiro - RJ.
33106592;CIEP 435 HELIO PELLEGRINO;-22.87759984;-43.56411896;;estadual;ativa;geral;nao;ESTRADA GUANDU DO SAPE, 0 CAMPO GRANDE. 23097-220 Rio de Janeiro - RJ.
33148368;CIRANDA DO RECREIO;-23.01104000;-43.44758000;infantil;privada;ativa;geral;nao;RUA GELSON FONSECA, 125 RECREIO DOS BANDEIRANTES. 22790-260 Rio de Janeiro - RJ.
33165408;CLUBE ESCOLAR AYRTON SENNA DA SILVA;-22.95350126;-43.38235499;;municipal;ativa;sem_escolarizacao;nao;RUA JOAO BRUNO LOBO, SEM NUMERO CURICICA. 22780-805 Rio de Janeiro - RJ.
33164851;CLUBE ESCOLAR DO ENGENHO DE DENTRO;-22.90279750;-43.30221030;;municipal;ativa;sem_escolarizacao;nao;RUA RAMIRO MAGALHAES, 521 CLUBE ESCOLAR. ENGENHO DE DENTRO. 20730-460 Rio de Janeiro - RJ.
33164860;CLUBE ESCOLAR ILHA DO GOVERNADOR;-22.84473970;-43.23346650;;municipal;ativa;sem_escolarizacao;nao;AVENIDA CARLOS CHAGAS FILHO, 540 CIDADE UNIVERSITARIA. 21941-599 Rio de Janeiro - RJ.
33164878;CLUBE ESCOLAR MARECHAL HERMES;-22.86173470;-43.37777500;;municipal;ativa;sem_escolarizacao;nao;RUA XAVIER CURADO, 1733 MARECHAL HERMES. 21610-330 Rio de Janeiro - RJ.
33165009;CLUBE ESCOLAR PAVUNA;-22.80693000;-43.35850833;;municipal;ativa;sem_escolarizacao;nao;PRACA ENIO, SEM NUMERO PAVUNA. 21520-410 Rio de Janeiro - RJ.
33165602;CLUBE ESCOLAR RIO DAS PEDRAS;-22.97527520;-43.32840420;;municipal;ativa;sem_escolarizacao;nao;ESTRADA DE JACAREPAGUA, 3145 JACAREPAGUA. 22753-212 Rio de Janeiro - RJ.
33165203;CLUBE ESCOLAR VILA VALQUEIRE;-22.88504115;-43.37180158;;municipal;ativa;sem_escolarizacao;nao;RUA PORTO SANTANA, S/N VILA VALQUEIRE. 21330-290 Rio de Janeiro - RJ.
33101876;COC - ILHA DO GOVERNADOR - UNIDADE CAMBAUBA;-22.81121000;-43.19307000;fundamental_i|fundamental_ii;privada;ativa;geral;nao;RUA CAMBAUBA, 380 JARDIM GUANABARA. 21940-005 Rio de Janeiro - RJ.
33086346;COC BY PEARSON - ILHA DO GOVERNADOR - UNIDADE COCOTA 1;-22.80787000;-43.18195000;infantil|fundamental_i;privada;ativa;geral;nao;ESTRADA DA CACUIA, 1340/1352 COCOTA. ILHA DO GOVERNADOR. 21921-001 Rio de Janeiro - RJ.
33165416;COC BY PEARSON - ILHA DO GOVERNADOR - UNIDADE COCOTA 2;-22.80770000;-43.18216000;fundamental_i|fundamental_ii;privada;ativa;geral;nao;ESTRADA DA CACUIA, 1333 COCOTA. ILHA DO GOVERNADOR. 21921-001 Rio de Janeiro - RJ.
33116890;COC BY PEARSON - ILHA DO GOVERNADOR - UNIDADE JARDIM GUANABARA;-22.81103000;-43.20807000;infantil|fundamental_i;privada;ativa;geral;nao;RUA MARINO DA COSTA, 86 JARDIM GUANABARA. ILHA DO GOVERNADOR. 21940-210 Rio de Janeiro - RJ.
33172749;COGUMELO MAGICO CRECHE E MATERNAL LTDA 2;-23.01139000;-43.45069000;infantil;privada;ativa;geral;nao;RUA MAURICIO DA COSTA FARIA, 165 RECREIO DOS BANDEIRANTES. 22790-285 Rio de Janeiro - RJ.
33067694;COL 1º DE MAIO;-22.91272000;-43.22472000;fundamental_i|fundamental_ii;privada;ativa;geral;nao;RUA GENERAL CANABARRO, 536 MARACANA. 20271-202 Rio de Janeiro - RJ.
33075930;COL AMERICO DE OLIVEIRA;-22.86100000;-43.37171000;fundamental_i|fundamental_ii;privada;ativa;geral;nao;AVENIDA ENGENHEIRO ASSIS RIBEIRO, 433 MARECHAL HERMES. 21610-220 Rio de Janeiro - RJ.
33063311;COL ANDREWS;-22.95871833;-43.19760167;infantil|fundamental_i|fundamental_ii;privada;ativa;geral;nao;RUA VISCONDE DE SILVA, 161 HUMAITA. 22271-043 Rio de Janeiro - RJ.
33106126;COL ANTARES LTDA;-22.81531000;-43.20300000;infantil|fundamental_i|fundamental_ii;privada;ativa;geral;nao;RUA GENERAL BANDEIRA DE MELO, 03 JARDIM GUANABARA. 21940-430 Rio de Janeiro - RJ.
33084165;COL APOLLO 12 FILIAL;-22.93626000;-43.68805000;infantil|fundamental_i|fundamental_ii;privada;ativa;geral;nao;AVENIDA AREIA BRANCA, 1169 SANTA CRUZ. 23550-740 Rio de Janeiro - RJ.
33077029;COL BAHIENSE LTDA;-22.94379380;-43.33221710;infantil|fundamental_i|fundamental_ii;privada;ativa;geral;nao;RUA ITUVERAVA, 902 ANIL. 22750-006 Rio de Janeiro - RJ.
33109923;COL BAHIENSE LTDA;-22.99967700;-43.38942350;fundamental_i|fundamental_ii;privada;ativa;geral;nao;AVENIDA DAS AMERICAS, 7700 2º PAV /TERREO PARTE. BARRA DA TIJUCA. 22793-081 Rio de Janeiro - RJ.
33111901;COL BAHIENSE VAZ LOBO;-22.85884000;-43.32939000;infantil|fundamental_i|fundamental_ii;privada;ativa;geral;nao;AVENIDA MINISTRO EDGARD ROMERO, 870 MADUREIRA. 21361-140 Rio de Janeiro - RJ.
33067716;COL BARAO DE LUCENA;-22.91793040;-43.24610220;fundamental_i|fundamental_ii;privada;ativa;geral;nao;RUA TEODORO DA SILVA, 453 VILA ISABEL. 20560-000 Rio de Janeiro - RJ.
33066540;COL BATISTA SHEPARD;-22.93125000;-43.23501000;infantil|fundamental_i|fundamental_ii;privada;ativa;geral;nao;RUA JOSE HIGINO, 416 TIJUCA. 20510-412 Rio de Janeiro - RJ.
33066019;COL CATORZE DE NOVEMBRO;-22.88760000;-43.22531000;infantil|fundamental_i|fundamental_ii;privada;ativa;geral;nao;RUA RICARDO MACHADO, 324 SAO CRISTOVAO. 20921-270 Rio de Janeiro - RJ.
33114757;COL CRISTO REI;-22.91622000;-43.63808000;infantil|fundamental_i|fundamental_ii;privada;ativa;geral;nao;RUA SANTA BARBARA, 255 PACIENCIA. 23580-040 Rio de Janeiro - RJ.
33064415;COL DE APLIC DO INST NACIONAL DE EDUC DE SURDOS;-22.93415000;-43.18752000;infantil|fundamental_i|fundamental_ii;federal;ativa;exclusivo_deficiencia;nao;RUA DAS LARANJEIRAS, 232 LARANJEIRAS. 22240-003 Rio de Janeiro - RJ.
33082014;COL DE APLICACAO EMMANUEL LEONTISINIS;-22.89857000;-43.55433000;fundamental_ii;privada;ativa;geral;nao;ESTRADA DA CAROBA, 685, 685 CAMPO GRANDE. 23085-590 Rio de Janeiro - RJ.
33062633;COL DE SAO BENTO;-22.89780000;-43.17965000;fundamental_i|fundamental_ii;privada;ativa;geral;nao;RUA DOM GERARDO, 68 CENTRO. 20090-030 Rio de Janeiro - RJ.
33066574;COL DOS SANTOS ANJOS;-22.93591000;-43.24148000;infantil|fundamental_i|fundamental_ii;privada;ativa;geral;nao;RUA DEZOITO DE OUTUBRO, 95 TIJUCA. 20530-050 Rio de Janeiro - RJ.
33074070;COL EUCLIDES DA CUNHA;-22.84505000;-43.33780000;infantil;privada;ativa;geral;nao;ESTRADA DO BARRO VERMELHO, 1571 COLEGIO. 21540-501 Rio de Janeiro - RJ.
33063419;COL FRANCO BRASILEIRO;-22.93149000;-43.17956000;infantil|fundamental_i|fundamental_ii;privada;ativa;geral;nao;RUA DAS LARANJEIRAS, 5/11/13/15 LARANJEIRAS. 22240-000 Rio de Janeiro - RJ.
33085633;COL FREITAS;-22.79448000;-43.17327000;fundamental_ii;privada;ativa;geral;nao;AVENIDA PARANAPUA, 242 FREGUESIA ILHA DO GOVERNADOR. 21910-003 Rio de Janeiro - RJ.
33116512;COL GUNNAR VINGREN EIRELI;-22.87883000;-43.52377000;infantil|fundamental_i|fundamental_ii;privada;ativa;geral;nao;ESTRADA DO LAMEIRAO, 673 SANTISSIMO. 23092-031 Rio de Janeiro - RJ.
33084254;COL HALLEY;-22.93230000;-43.63499000;infantil|fundamental_i|fundamental_ii;privada;ativa;geral;nao;RUA CAJAMAR E DUARTINA, 445 - 7 E9 PACIENCIA. 23585-410 Rio de Janeiro - RJ.
33071632;COL HELIO ALONSO;-22.89938880;-43.27453400;infantil|fundamental_i|fundamental_ii;privada;ativa;geral;nao;RUA LUCIDIO LAGO, 427 MEIER. 20780-020 Rio de Janeiro - RJ.
33068895;COL HERMANN;-22.84671000;-43.26759000;fundamental_i|fundamental_ii;privada;ativa;geral;nao;RUA URANOS, 1483 OLARIA. 21060-005 Rio de Janeiro - RJ.
33106290;COL INTERATIVO;-22.92762000;-43.35624000;infantil|fundamental_i;privada;ativa;geral;nao;RUA CORONEL FRANCISCO LOBO, 73 PECHINCHA. 22740-350 Rio de Janeiro - RJ.
33142726;COL ISRAELITA BRAS A LIESSIN SCHOLEM ALEICHEM;-22.95071567;-43.19135941;infantil|fundamental_i|fundamental_ii;privada;ativa;geral;nao;RUA SOROCABA, 80/90 BOTAFOGO. 22271-110 Rio de Janeiro - RJ.
33075280;COL JOAO LYRA FILHO;-22.88402000;-43.31911000;infantil|fundamental_i;privada;ativa;geral;nao;AVENIDA DOM HELDER CAMARA, 9509 9509. QUINTINO BOCAIUVA. 21380-007 Rio de Janeiro - RJ.
33067856;COL MV1 ANDERSON;-22.92409000;-43.23960000;fundamental_ii;privada;ativa;geral;nao;RUA BARAO DE MESQUITA, 426 TIJUCA. 20540-003 Rio de Janeiro - RJ.
33101582;COL MV1 ANDERSON ANEXO;-22.92415000;-43.23949000;infantil|fundamental_i;privada;ativa;geral;nao;RUA BARAO DE MESQUITA, 477-469 TIJUCA. 20540-003 Rio de Janeiro - RJ.
33075409;COL NACIONAL;-22.88816000;-43.32940000;infantil|fundamental_i|fundamental_ii;privada;ativa;geral;nao;RUA CLARIMUNDO DE MELO, 1195 QUINTINO BOCAIUVA. 21311-282 Rio de Janeiro - RJ.
33065314;COL NOTRE DAME - IPANEMA;-22.98317000;-43.20427000;infantil|fundamental_i|fundamental_ii;privada;ativa;geral;nao;RUA BARAO DA TORRE, 308 IPANEMA. 22411-000 Rio de Janeiro - RJ.
33066744;COL PALAS FILIAL 01;-22.92905000;-43.23785000;fundamental_ii;privada;ativa;geral;nao;RUA JOSE HIGINO, 273 TIJUCA. 20520-201 Rio de Janeiro - RJ.
33120366;COL PALAS FILIAL 5;-22.94464000;-43.25565000;infantil|fundamental_i;privada;ativa;geral;nao;RUA SAO RAFAEL, 38 TIJUCA. 20530-380 Rio de Janeiro - RJ.
33066787;COL PALAS MATRIZ;-22.92934000;-43.23866000;fundamental_i;privada;ativa;geral;nao;RUA JOSE HIGINO, 247 TIJUCA. 20520-201 Rio de Janeiro - RJ.
33075425;COL PENTAGONO;-22.87888000;-43.35770000;fundamental_i|fundamental_ii;privada;ativa;geral;nao;ESTRADA INTENDENTE MAGALHAES, 655 VILA VALQUEIRE. 21330-790 Rio de Janeiro - RJ.
33063575;COL PINHEIRO GUIMARAES;-22.92591000;-43.17856000;;privada;ativa;geral;nao;RUA SILVEIRA MARTINS, 151 FLAMENGO. 22221-000 Rio de Janeiro - RJ.
33064717;COL PINHEIRO GUIMARAES;-22.96652000;-43.18452000;;privada;ativa;geral;nao;RUA HILARIO DE GOUVEIA, 43 COPACABANA. 22040-021 Rio de Janeiro - RJ.
33077274;COL PRIMUS;-22.93568000;-43.33921000;fundamental_i|fundamental_ii;privada;ativa;geral;nao;RUA ARAGUAIA, 204 E 270 FREGUESIA JACAREPAGUA. 22745-270 Rio de Janeiro - RJ.
33075506;COL ROMUALDO FERREIRA DE ALMEIDA;-22.87676000;-43.35124000;infantil|fundamental_i|fundamental_ii;privada;ativa;geral;nao;RUA HENRIQUE BRAGA, 478 OSWALDO CRUZ. 21341-180 Rio de Janeiro - RJ.
33100713;COL SAINT JOHN;-23.00394967;-43.35183861;infantil|fundamental_i|fundamental_ii;privada;ativa;geral;nao;AVENIDA GENERAL FELICISSIMO CARDOSO, 841 BARRA DA TIJUCA. 22631-360 Rio de Janeiro - RJ.
33067929;COL SANTOS DUMONT;-22.91483000;-43.24103000;infantil|fundamental_i|fundamental_ii;privada;ativa;geral;nao;BOULEVARD VINTE E OITO DE SETEMBRO, 156 VILA ISABEL. 20551-031 Rio de Janeiro - RJ.
33075557;COL SAO SEBASTIAO;-22.85362000;-43.34926000;infantil|fundamental_i|fundamental_ii;privada;ativa;geral;nao;AVENIDA DOS ITALIANOS, 374 ROCHA MIRANDA. 21510-103 Rio de Janeiro - RJ.
33066809;COL STA MARCELINA;-22.96410000;-43.27897000;infantil|fundamental_i|fundamental_ii;privada;ativa;geral;nao;ESTRADA DO ACUDE, 250 ALTO DA BOA VISTA. 20531-330 Rio de Janeiro - RJ.
33070091;COL TEC NS DAS GRACAS;-22.82746000;-43.28573000;infantil|fundamental_i|fundamental_ii;privada;ativa;geral;nao;RUA TABORARI, 372 BRAZ DE PINA. 21011-240 Rio de Janeiro - RJ.
33065411;COL TERESIANO;-22.98088000;-43.23530000;infantil|fundamental_i|fundamental_ii;privada;ativa;geral;nao;RUA MARQUES DE SAO VICENTE, 331 GAVEA. 22451-041 Rio de Janeiro - RJ.
33152330;COL VASCO DA GAMA;-22.89189000;-43.22838000;fundamental_ii;privada;ativa;geral;nao;RUA ROBERTO DINAMITE, 10 SAO JANUARIO. VASCO DA GAMA. 20921-060 Rio de Janeiro - RJ.
33105375;COL VITAL GONCALVES LTDA ME;-22.86444000;-43.29219000;infantil|fundamental_i|fundamental_ii;privada;ativa;geral;nao;RUA BORORO, 36 ENGENHO DA RAINHA. 20766-570 Rio de Janeiro - RJ.
33079960;COLE ADVENTISTA DE PADRE MIGUEL;-22.87814000;-43.44248000;infantil|fundamental_i|fundamental_ii;privada;ativa;geral;nao;ESTRADA DO REALENGO, 365 PADRE MIGUEL. 21715-331 Rio de Janeiro - RJ.
33159009;COLEGIO 18 DE MAIO;-22.89485000;-43.25477000;fundamental_i|fundamental_ii;privada;ativa;geral;nao;RUA LINO TEIXEIRA, 113 PREDIO. JACARE. 20970-001 Rio de Janeiro - RJ.
33149437;COLEGIO ACAO 1;-22.92411000;-43.37173000;fundamental_i|fundamental_ii;privada;ativa;geral;nao;ESTRADA DO TINDIBA, 1896 TAQUARA. 22740-362 Rio de Janeiro - RJ.
33149445;COLEGIO ACAO 1;-22.91724000;-43.39946000;fundamental_i|fundamental_ii;privada;ativa;geral;nao;ESTRADA CURUMAU, 330 TAQUARA. 22723-010 Rio de Janeiro - RJ.
33115885;COLEGIO ACAO E OBJETIVO LTDA-ME;-22.94309240;-43.38302110;fundamental_i|fundamental_ii;privada;ativa;geral;nao;RUA GUARAVERA, 181 CURICICA. 22710-040 Rio de Janeiro - RJ.
33066477;COLEGIO ADVENTISTA DA TIJUCA;-22.91403000;-43.21414000;infantil|fundamental_i|fundamental_ii;privada;ativa;geral;nao;TRAVESSA DOUTOR ARAUJO, 215 PRACA DA BANDEIRA. 20270-070 Rio de Janeiro - RJ.
33082472;COLEGIO ADVENTISTA DE CAMPO GRANDE;-22.91183000;-43.56416000;infantil|fundamental_i|fundamental_ii;privada;ativa;geral;nao;RUA DR IBRAIM HANNAS, 95 CAMPO GRANDE. 23045-040 Rio de Janeiro - RJ.
33075921;COLEGIO ADVENTISTA DE JACAREPAGUA;-22.89327720;-43.35536180;infantil|fundamental_i|fundamental_ii;privada;ativa;geral;nao;RUA LUIZ BELTRAO, 1583 VILA VALQUEIRE. 21321-230 Rio de Janeiro - RJ.
33189803;COLEGIO AGNIS;-22.89079000;-43.60571000;infantil|fundamental_i;privada;ativa;geral;nao;RUA COREMAS L.12 Q.127, S/N ANTIGA 29. COSMOS. 23060-040 Rio de Janeiro - RJ.
33174970;COLEGIO ARAUJO ROCHA LTDA EPP;-22.90921000;-43.27106000;infantil|fundamental_i|fundamental_ii;privada;ativa;geral;nao;RUA CONDESSA BELMONTE, 250 ENGENHO NOVO. 20710-280 Rio de Janeiro - RJ.
33071403;COLEGIO ARY QUINTELLA LTDA;-22.88715017;-43.29957948;infantil|fundamental_i|fundamental_ii;privada;ativa;geral;nao;RUA MACEDO BRAGA, 223 ABOLICAO. 20755-180 Rio de Janeiro - RJ.
33127778;COLEGIO BANDEIRAS;-22.97709340;-43.41720600;infantil|fundamental_i|fundamental_ii;privada;ativa;geral;nao;ESTRADA DOS BANDEIRANTES, 8458 JACAREPAGUA. 22783-110 Rio de Janeiro - RJ.
33106525;COLEGIO BARONESA DA TAQUARA SC LTDA;-22.92293000;-43.38156000;infantil;privada;ativa;geral;nao;RUA CORREIO DO RIO, 20 TAQUARA. 22715-010 Rio de Janeiro - RJ.
33158908;COLEGIO BATISTA OASIS;-22.93161000;-43.65730000;infantil|fundamental_i|fundamental_ii;privada;ativa;geral;nao;AVENIDA CESARIO DE MELO, 13152 SANTA CRUZ. 23590-060 Rio de Janeiro - RJ.
33065993;COLEGIO BRASILEIRO SAO CHRISTOVAO;-22.90105000;-43.22268000;infantil|fundamental_i|fundamental_ii;privada;ativa;geral;nao;RUA ANTONIO HENRIQUE DE NORONHA, 02 SAO CRISTOVAO. 20910-000 Rio de Janeiro - RJ.
33163006;COLEGIO CAMILLA MARQUES LTDA;-22.88091000;-43.49088000;;privada;ativa;geral;nao;RUA VITOR GUISARD, 268 SENADOR CAMARA. 21833-040 Rio de Janeiro - RJ.
33154007;COLEGIO CAROLINNA RUSSO LTDA;-22.91428000;-43.23137000;fundamental_i|fundamental_ii;privada;ativa;geral;nao;RUA ISIDRO DE FIGUEIREDO, 47 MARACANA. 20271-100 Rio de Janeiro - RJ.
33161119;COLEGIO CARVALHO FONTES;-22.89036000;-43.60771000;infantil|fundamental_i;privada;ativa;geral;nao;ESTRADA DO ENCANAMENTO, 916 COSMOS. 23060-000 Rio de Janeiro - RJ.
33085455;COLEGIO CENECISTA CAPITAO LEMOS CUNHA;-22.80630000;-43.21368000;infantil|fundamental_i|fundamental_ii;privada;ativa;geral;nao;ESTRADA DO GALEAO, S/Nº GALEAO. 21941-353 Rio de Janeiro - RJ.
33117039;COLEGIO CHARLES DARWIN;-22.84472000;-43.30135000;fundamental_ii;privada;ativa;geral;nao;RUA CAROEN, 171 PENHA CIRCULAR. 21210-340 Rio de Janeiro - RJ.
33141070;COLEGIO CLAPAREDE - COLEGIO PINHEIRO GUIMARAES E ESCOLA PINHEIRO JUNIOR;-22.98257000;-43.20032000;infantil|fundamental_i|fundamental_ii;privada;ativa;geral;nao;RUA NASCIMENTO SILVA, 45 IPANEMA. 22421-025 Rio de Janeiro - RJ.
33159750;COLEGIO COPACABANA;-22.97152000;-43.19070000;infantil|fundamental_i|fundamental_ii;privada;ativa;geral;nao;RUA CINCO DE JULHO, 254 COPACABANA. 22051-030 Rio de Janeiro - RJ.
33171505;COLEGIO COUTO REIS;-22.91078000;-43.57788000;fundamental_i|fundamental_ii;privada;ativa;geral;nao;RUA PEDRO LEAO VELOSO, 285 LOTE 12 QUADRA 5. CAMPO GRANDE. 23055-130 Rio de Janeiro - RJ.
33135371;COLEGIO CRUZEIRO - JACAREPAGUA;-22.93371236;-43.35472763;infantil|fundamental_i|fundamental_ii;privada;ativa;geral;nao;RUA RETIRO DOS ARTISTAS, 589 PECHINCHA. 22770-103 Rio de Janeiro - RJ.
33062609;COLEGIO CRUZEIRO-CENTRO;-22.91138988;-43.18958779;infantil|fundamental_i|fundamental_ii;privada;ativa;geral;nao;RUA CARLOS DE CARVALHO, 76 CENTRO. 20230-180 Rio de Janeiro - RJ.
33153477;COLEGIO CURSO DALTRO NETTO;-22.92035000;-43.37227000;fundamental_ii;privada;ativa;geral;nao;RUA BACAIRIS, 191 TAQUARA. 22730-120 Rio de Janeiro - RJ.
33106401;COLEGIO CURSO DESAFIO LTDA;-22.88364000;-43.35600000;fundamental_i|fundamental_ii;privada;ativa;geral;nao;RUA QUIRIRIM, 670 VILA VALQUEIRE. 21330-650 Rio de Janeiro - RJ.
33163120;COLEGIO CURSO INTELECTO;-22.90470000;-43.55465000;fundamental_ii;privada;ativa;geral;nao;RUA SACRAMENTO BLACKE, 56 CAMPO GRANDE. 23052-160 Rio de Janeiro - RJ.
33444293;COLEGIO CURSO INTELLECTUS - UNIDADE BOTAFOGO;-22.95404131;-43.18960695;infantil|fundamental_i|fundamental_ii;privada;ativa;geral;nao;RUA SOROCABA, 461 BOTAFOGO. 22271-110 Rio de Janeiro - RJ.
33138290;COLEGIO CURSO INTELLECTUS - UNIDADE VILA ISABEL;-22.91746879;-43.23993692;fundamental_i|fundamental_ii;privada;ativa;geral;nao;RUA PEREIRA NUNES, 323 VILA ISABEL. 20541-022 Rio de Janeiro - RJ.
33138087;COLEGIO CURSO PREPARATORIO PRIORIDADE HUM MADUREIRA LTDA;-22.88120000;-43.35164000;fundamental_i|fundamental_ii;privada;ativa;geral;nao;ESTRADA INTENDENTE MAGALHAES, 394 MADUREIRA. 21341-332 Rio de Janeiro - RJ.
33156476;COLEGIO CURSO PROGRESSAO;-22.86191000;-43.36959000;;privada;ativa;geral;nao;RUA JOAO VICENTE, 1521 MARECHAL HERMES. 21610-210 Rio de Janeiro - RJ.
33067732;COLEGIO DA COMPANHIA DE MARIA;-22.92195790;-43.26279660;infantil|fundamental_i|fundamental_ii;privada;ativa;geral;nao;AVENIDA ENGENHEIRO RICHARD, 107 GRAJAU. 20561-092 Rio de Janeiro - RJ.
33066566;COLEGIO DA COMPANHIA DE SANTA TERESA DE JESUS RJ;-22.92205667;-43.22232333;infantil|fundamental_i|fundamental_ii;privada;ativa;geral;nao;RUA SAO FRANCISCO XAVIER, 11 TIJUCA. 20550-010 Rio de Janeiro - RJ.
33063354;COLEGIO DA IMACULADA CONCEICAO;-22.94324000;-43.18159000;infantil|fundamental_i|fundamental_ii;privada;ativa;geral;nao;PRAIA DE BOTAFOGO, 266 BOTAFOGO. 22250-145 Rio de Janeiro - RJ.
33152608;COLEGIO DANIELLE MATTOS LTDA - EPP;-22.97481545;-43.33125541;fundamental_i|fundamental_ii;privada;ativa;geral;nao;ESTRADA DE JACAREPAGUA, 3501 RUA VELHA, Nº 99. JACAREPAGUA. 22753-211 Rio de Janeiro - RJ.
33188963;COLEGIO DE APLICACAO ACM RIO ILHA;-22.82525820;-43.17191597;infantil|fundamental_i|fundamental_ii;privada;ativa;geral;nao;RUA MALDONADO, 55 B. ILHA DO GOVERNADOR. 21930-130 Rio de Janeiro - RJ.
33065250;COLEGIO DE APLICACAO DA UNIVERSIDADE FEDERAL DO RIO DE JANEIRO;-22.96474000;-43.21599000;infantil|fundamental_i|fundamental_ii;federal;ativa;geral;nao;RUA J. J. SEABRA, S/N LAGOA. 22470-130 Rio de Janeiro - RJ.
33168970;COLEGIO DE APLICACAO UNIVERSITARIUS LTDA ME;-22.92994000;-43.33873000;fundamental_i|fundamental_ii;privada;ativa;geral;nao;RUA GEMINIANO GOIS, 1130 FREGUESIA- JACAREPAGUA. 22743-670 Rio de Janeiro - RJ.
33483230;COLEGIO DIVERTIVENDO SERVICOS EDUCACIONAIS LTDA;-22.93660000;-43.18328000;infantil|fundamental_i;privada;ativa;geral;nao;RUA COELHO NETO, 74 LARANJEIRAS. 22231-110 Rio de Janeiro - RJ.
33065268;COLEGIO DIVINA PROVIDENCIA;-22.96425000;-43.22103000;fundamental_i|fundamental_ii;privada;ativa;geral;nao;RUA LOPES QUINTAS, 274 -X-. JARDIM BOTANICO. 22460-010 Rio de Janeiro - RJ.
33132330;COLEGIO DNA LTDA;-22.87382000;-43.26564000;infantil|fundamental_i;privada;ativa;geral;nao;RUA DARKE DE MATOS, 268 XXXXX. HIGIENOPOLIS. 21051-470 Rio de Janeiro - RJ.
33105901;COLEGIO DOM FERNANDES;-22.80791000;-43.19520000;infantil|fundamental_i;privada;ativa;geral;nao;RUA BABACU, 281 JARDIM GUANABARA. 21931-230 Rio de Janeiro - RJ.
33132186;COLEGIO E CRECHE BONFIM;-22.92856000;-43.17660000;infantil;privada;ativa;geral;nao;RUA BUARQUE DE MACEDO, 75 E 77 FLAMENGO. 22220-030 Rio de Janeiro - RJ.
33447225;COLEGIO E CURSO AZ - UNIDADE BARRA;-23.00083000;-43.35072000;fundamental_ii;privada;ativa;geral;nao;AVENIDA DAS AMERICAS, 4201 BARRA DA TIJUCA. 22631-004 Rio de Janeiro - RJ.
33228604;COLEGIO E CURSO AZ - UNIDADE BOTAFOGO;-22.95504000;-43.18890000;fundamental_ii;privada;ativa;geral;nao;RUA ASSUNCAO, 453 BOTAFOGO. 22251-030 Rio de Janeiro - RJ.
33173990;COLEGIO E CURSO AZ - UNIDADE TIJUCA;-22.91504000;-43.21902000;;privada;ativa;geral;nao;RUA CAMPOS SALES, 135 TIJUCA. 20270-214 Rio de Janeiro - RJ.
33552231;COLEGIO E CURSO CARPE DIEM ASSESSORIA E EMPREENDIMENTOS LTDA;-22.81156333;-43.19358167;;privada;ativa;geral;nao;ESTRADA DO GALEAO, 872 2º E 3º ANDARES. JARDIM CARIOCA. 21931-522 Rio de Janeiro - RJ.
33076839;COLEGIO E CURSO EXPRESSAO;-22.88696000;-43.37247000;infantil|fundamental_i|fundamental_ii;privada;ativa;geral;nao;RUA NOVA SARDENHA, 150 VILA VALQUEIRE. 21330-030 Rio de Janeiro - RJ.
33141630;COLEGIO E CURSO EXPRESSAO;-22.88516130;-43.35791960;infantil|fundamental_i|fundamental_ii;privada;ativa;geral;nao;RUA ENGENHEIRO ROBERTO SANSON, 05 PAVUNA. 21650-140 Rio de Janeiro - RJ.
33153787;COLEGIO E CURSO FUTURO VILA DA PENHA VIP LTDA;-22.83690000;-43.31591000;infantil|fundamental_i|fundamental_ii;privada;ativa;geral;nao;AVENIDA MONSENHOR FELIX, 1004/1010 IRAJA. 21235-603 Rio de Janeiro - RJ.
33073406;COLEGIO E CURSO GMT;-22.90593000;-43.28956000;fundamental_ii;privada;ativa;geral;nao;RUA PEDRO DE CARVALHO, 97 MEIER. 20723-230 Rio de Janeiro - RJ.
33173923;COLEGIO E CURSO ICONE;-23.01253416;-43.45127218;;privada;ativa;geral;nao;AVENIDA DOS MANANCIAIS, 436 TAQUARA. 22720-410 Rio de Janeiro - RJ.
33241201;COLEGIO E CURSO INTELLECTUS - UNIDADE FREGUESIA;-22.94682211;-43.33960920;infantil|fundamental_i|fundamental_ii;privada;ativa;geral;nao;ESTRADA DE JACAREPAGUA, 7120 FREGUESIA JACAREPAGUA. 22755-158 Rio de Janeiro - RJ.
33183368;COLEGIO E CURSO MATRIZ EDUCACAO;-22.91025735;-43.56532588;fundamental_i|fundamental_ii;privada;ativa;geral;nao;RUA PROFESSOR GONCALVES, 41 CAMPO GRANDE. 23045-055 Rio de Janeiro - RJ.
33187770;COLEGIO E CURSO MATRIZ EDUCACAO;-22.92751892;-43.37506672;fundamental_i|fundamental_ii;privada;ativa;geral;nao;RUA PADRE VENTURA, 200 TAQUARA. 22710-266 Rio de Janeiro - RJ.
33187789;COLEGIO E CURSO MATRIZ EDUCACAO;-22.87852237;-43.45905398;fundamental_ii;privada;ativa;geral;nao;RUA AGRICOLA, 3010 BANGU. 21810-090 Rio de Janeiro - RJ.
33192685;COLEGIO E CURSO MATRIZ EDUCACAO ROCHA MIRANDA;-22.85144950;-43.34804483;fundamental_i|fundamental_ii;privada;ativa;geral;nao;RUA DOS TOPAZIOS, 375 ROCHA MIRANDA. 21540-020 Rio de Janeiro - RJ.
33135827;COLEGIO E CURSO PENSI;-22.91865000;-43.23042000;fundamental_i|fundamental_ii;privada;ativa;geral;nao;RUA IBITURUNA, 27 E 35 MARACANA. 20271-021 Rio de Janeiro - RJ.
33138028;COLEGIO E CURSO PENSI;-23.01670000;-43.45374000;fundamental_i;privada;ativa;geral;nao;RUA ALBERTO CAVALCANTI, 555 RECREIO DOS BANDEIRANTES. 22790-850 Rio de Janeiro - RJ.
33161011;COLEGIO E CURSO PENSI;-22.93783000;-43.34117000;fundamental_i|fundamental_ii;privada;ativa;geral;nao;RUA XINGU, 125 FREGUESIA JACAREPAGUA. 22760-070 Rio de Janeiro - RJ.
33161402;COLEGIO E CURSO PENSI;-23.01416000;-43.46421000;fundamental_ii;privada;ativa;geral;nao;AVENIDA DAS AMERICAS, 15403 RECREIO DOS BANDEIRANTES. 22790-701 Rio de Janeiro - RJ.
33166820;COLEGIO E CURSO PENSI;-22.92140000;-43.23013000;fundamental_ii;privada;ativa;geral;nao;RUA BARAO DE MESQUITA, 164 TIJUCA. 20550-120 Rio de Janeiro - RJ.
33166935;COLEGIO E CURSO PENSI;-22.80518000;-43.20139000;fundamental_ii;privada;ativa;geral;nao;ESTRADA DO GALEAO, 1950 LOTE 1 PARTE PAL 452. JARDIM CARIOCA. 21931-524 Rio de Janeiro - RJ.
33166943;COLEGIO E CURSO PENSI;-22.87788000;-43.33712000;fundamental_i|fundamental_ii;privada;ativa;geral;nao;RUA PADRE MANSO, 202 MADUREIRA. 21310-260 Rio de Janeiro - RJ.
33421226;COLEGIO E CURSO PENSI;-22.98387000;-43.21383000;fundamental_i|fundamental_ii;privada;ativa;geral;nao;RUA LEOPOLDO MIGUEZ, 70 COPACABANA. 22041-020 Rio de Janeiro - RJ.
33162573;COLEGIO E CURSO PONTO DE ENSINO;-22.93364000;-43.33628000;infantil;privada;ativa;geral;nao;RUA GEMINIANO GOIS, 561 FREGUESIA JACAREPAGUA. 22743-670 Rio de Janeiro - RJ.
33149771;COLEGIO E CURSO PROSPER;-22.81146000;-43.19124000;fundamental_i|fundamental_ii;privada;ativa;geral;nao;RUA SARGENTO JOAO LOPES 60, 60 JARDIM CARIOCA. ILHA DO GOVERNADOR. 21931-420 Rio de Janeiro - RJ.
33394202;COLEGIO E CURSO ZEROHUM;-22.85099000;-43.26274000;fundamental_i|fundamental_ii;privada;ativa;geral;nao;RUA LEOPOLDINA REGO, 502 OLARIA. 21021-521 Rio de Janeiro - RJ.
33155798;COLEGIO E ESCOLA TECNICA SILVA E SOUZA;-22.92118000;-43.22655000;fundamental_ii;privada;ativa;geral;nao;RUA CARMELA DUTRA, 108 TIJUCA. 20550-045 Rio de Janeiro - RJ.
33063370;COLEGIO EDUARDO GUIMARAES;-22.91336000;-43.21505000;fundamental_i|fundamental_ii;privada;ativa;geral;nao;RUA BARAO DE IGUATEMI, 364 PRACA DA BANDEIRA. 20270-060 Rio de Janeiro - RJ.
33162948;COLEGIO EDUCACIONAL CLM;-22.86765000;-43.36518000;fundamental_ii;privada;ativa;geral;nao;RUA DIVISORIA, 48 BENTO RIBEIRO. 21331-250 Rio de Janeiro - RJ.
33133840;COLEGIO ESPLENDOR;-22.84256000;-43.31525000;infantil|fundamental_i|fundamental_ii;privada;ativa;geral;nao;RUA TEJUPA, 158 VILA DA PENHA. 21221-490 Rio de Janeiro - RJ.
33075131;COLEGIO ESQUEMA;-22.88301000;-43.32198000;fundamental_ii;privada;ativa;geral;nao;AVENIDA DOM HELDER CAMARA, 9821 CASCADURA. 21380-002 Rio de Janeiro - RJ.
33087776;COLEGIO EVEREST INTERNACIONAL;-22.99447000;-43.30334000;infantil;privada;ativa;geral;nao;RUA DOM ROSALVO COSTA REGO, 146 ITANHANGA. 22641-040 Rio de Janeiro - RJ.
33088098;COLEGIO FALBO SANTIAGO LTDA;-22.83834000;-43.34816000;fundamental_i|fundamental_ii;privada;ativa;geral;nao;AVENIDA DOS ITALIANOS, 1149 ROCHA MIRANDA. 21510-210 Rio de Janeiro - RJ.
33143943;COLEGIO FARIAS NUNES LTDA;-22.83400530;-43.40671380;infantil|fundamental_i|fundamental_ii;privada;ativa;geral;nao;AVENIDA CIPRIANO BARATA, 459 PARQUE ANCHIETA. 21620-190 Rio de Janeiro - RJ.
33106312;COLEGIO FERNANDES BITTENCOURT;-22.89846810;-43.24399460;fundamental_i|fundamental_ii;privada;ativa;geral;nao;RUA LICINIO CARDOSO, 145 SAO FRANCISCO XAVIER. 20960-015 Rio de Janeiro - RJ.
33078815;COLEGIO FRANCISCANO SANTO ANTONIO;-22.93969000;-43.35370000;infantil|fundamental_i|fundamental_ii;privada;ativa;geral;nao;RUA EDGARD WERNECK, 431 PECHINCHA. JACAREPAGUA. 22763-010 Rio de Janeiro - RJ.
33125864;COLEGIO FRANCISCO DE ASSIS;-22.87825000;-43.43223000;infantil|fundamental_i;privada;ativa;geral;nao;AVENIDA DE SANTA CRUZ, 907 REALENGO. 21710-231 Rio de Janeiro - RJ.
33070954;COLEGIO FRANKLIN CARNEIRO;-22.82742000;-43.28283000;infantil|fundamental_i|fundamental_ii;privada;ativa;geral;nao;PRACA ANHANGABAUBA, 28 BRAZ DE PINA. 21011-650 Rio de Janeiro - RJ.
33185425;COLEGIO FREINET;-22.90959109;-43.54426450;fundamental_i|fundamental_ii;privada;ativa;geral;nao;ESTRADA DO PRE, 1685 CAMPO GRANDE. 23015-260 Rio de Janeiro - RJ.
33130027;COLEGIO IBPI BARRA DA TIJUCA;-22.99966000;-43.37957000;fundamental_ii;privada;ativa;geral;nao;AVENIDA DAS AMERICAS, 6.700 BLOCO 1 SALA 201. BARRA DA TIJUCA. 22793-080 Rio de Janeiro - RJ.
33143366;COLEGIO ICARO;-23.01333000;-43.45841000;fundamental_i|fundamental_ii;privada;ativa;geral;nao;ESTRADA DEJACAREPAGUA, 7503 FREGUESIA - JACAREPAGUA. 22790-170 Rio de Janeiro - RJ.
33143374;COLEGIO ICARO LTDA;-22.92517000;-43.23244000;fundamental_ii;privada;ativa;geral;nao;PRACA SAENZ PENA, 63 TIJUCA. 20520-090 Rio de Janeiro - RJ.
33116784;COLEGIO IGLESIAS;-22.81116000;-43.19470000;infantil|fundamental_i|fundamental_ii;privada;ativa;geral;nao;RUA GENERAL ESTILAC LEAL, 59 JARDIM GUANABARA. 21940-020 Rio de Janeiro - RJ.
33171645;COLEGIO INTEGRAL SOLAR;-22.98103000;-43.19525000;fundamental_ii;privada;ativa;geral;nao;RUA SAINT ROMAN, 136 COPACABANA. 22071-060 Rio de Janeiro - RJ.
33457239;COLEGIO INTERNACIONAL SIGNORELLI;-22.93711000;-43.34757000;fundamental_ii;privada;ativa;geral;nao;RUA ARAGUAIA, 03 FREGUESIA JACAREPAGUA. 22745-270 Rio de Janeiro - RJ.
33176450;COLEGIO ISRAELITA BRASILEIRO A LIESSIN -SCHOLEM ALEICHEM;-22.98393382;-43.22479674;infantil;privada;ativa;geral;nao;RUA PROFESSOR ARTHUR RAMOS, 140 LEBLON. 22441-110 Rio de Janeiro - RJ.
33140863;COLEGIO ISRAELITA BRASILEIRO A LIESSIN SCHOLEM ALEICHEM;-23.00917990;-43.29461850;infantil|fundamental_i|fundamental_ii;privada;ativa;geral;nao;ESTRADA DO JOA, 3597 JOA. 22611-021 Rio de Janeiro - RJ.
33128626;COLEGIO JARITA LTDA;-22.83835000;-43.31203000;infantil|fundamental_i;privada;ativa;geral;nao;AVENIDA BRAS DE PINA, 1566 VILA DA PENHA. 21235-603 Rio de Janeiro - RJ.
33106150;COLEGIO JOAO DE BARRO;-22.91900000;-43.37740000;infantil|fundamental_i|fundamental_ii;privada;ativa;geral;nao;RUA CAVIANA, 616 PREDIO. TAQUARA. 22730-140 Rio de Janeiro - RJ.
33081727;COLEGIO JOAO PAULO I LTDA-EPP;-22.86960000;-43.46462000;infantil|fundamental_i|fundamental_ii;privada;ativa;geral;nao;AVENIDA MINISTRO ARI FRANCO, 598 608. BANGU. 21862-005 Rio de Janeiro - RJ.
33075310;COLEGIO JOAO XXIII;-22.86220111;-43.36033918;infantil|fundamental_i|fundamental_ii;privada;ativa;geral;nao;RUA PACHECO DA ROCHA, 217 ESCOLA. BENTO RIBEIRO. 21550-526 Rio de Janeiro - RJ.
33063460;COLEGIO LARANJEIRAS;-22.93326000;-43.18058000;infantil|fundamental_i|fundamental_ii;privada;ativa;geral;nao;RUA CONDE DE BAEPENDI, 69 FLAMENGO. 22231-140 Rio de Janeiro - RJ.
33127158;COLEGIO LAURA MATOS UNIDADE 1;-22.89232913;-43.43446984;fundamental_i;privada;ativa;geral;nao;RUA BIGUACU, 65 REALENGO. 21765-440 Rio de Janeiro - RJ.
33530220;COLEGIO LAURA MATOS UNIDADE 2;-22.88981936;-43.43782052;fundamental_ii;privada;ativa;geral;nao;RUA DO GOVERNO, 357 REALENGO. 21770-100 Rio de Janeiro - RJ.
33168598;COLEGIO LAURA MATOS UNIDADE 3;-22.89173910;-43.43450124;infantil;privada;ativa;geral;nao;RUA BIGUACU, 125 REALENGO. 21765-440 Rio de Janeiro - RJ.
33169438;COLEGIO LEMOS DE CASTRO II;-22.87985000;-43.33200000;fundamental_i|fundamental_ii;privada;ativa;geral;nao;RUA CAROLINA MACHADO, 306 MADUREIRA. 21351-021 Rio de Janeiro - RJ.
33123594;COLEGIO LLESSER UNIDADE 1;-22.95896730;-43.39163480;infantil|fundamental_i;privada;ativa;geral;nao;RUA SOLDADO DAMASIO GOMES, 75 CURICICA. 22780-610 Rio de Janeiro - RJ.
33171467;COLEGIO LLESSER UNIDADE 2;-22.95714000;-43.39049000;fundamental_ii;privada;ativa;geral;nao;RUA REVERENCIA, 260 CURICICA. 22780-580 Rio de Janeiro - RJ.
33063834;COLEGIO LOGOSOFICO GONZALEZ PECOTCHE;-22.95219000;-43.18363000;infantil|fundamental_i|fundamental_ii;privada;ativa;geral;nao;RUA GENERAL POLIDORO, 36 BOTAFOGO. 22280-005 Rio de Janeiro - RJ.
33085595;COLEGIO LONDON;-22.80929000;-43.19551000;fundamental_ii;privada;ativa;geral;nao;ESTRADA DO GALEAO, 1192 JARDIM CARIOCA. 21931-522 Rio de Janeiro - RJ.
33152713;COLEGIO MAIA SANTOS;-22.88189000;-43.29670000;fundamental_ii;privada;ativa;geral;nao;RUA GLAZIOU, 117 PILARES. 20750-010 Rio de Janeiro - RJ.
33064709;COLEGIO MALLET SOARES;-22.97580000;-43.19192000;infantil|fundamental_i|fundamental_ii;privada;ativa;geral;nao;RUA BOLIVAR, 121 COPACABANA. 22061-020 Rio de Janeiro - RJ.
33066671;COLEGIO MARIA RAYTHE - ASSOCIACAO FRANCISCANA NOSSA SENHORA DO AMPARO;-22.91943000;-43.21404000;infantil|fundamental_i|fundamental_ii;privada;ativa;geral;nao;RUA HADDOCK LOBO, 233 TIJUCA. 20260-141 Rio de Janeiro - RJ.
33066698;COLEGIO MARISTA SAO JOSE;-22.94171080;-43.25097660;infantil|fundamental_i|fundamental_ii;privada;ativa;geral;nao;RUA CONDE DE BONFIM, 1067 TIJUCA. 20530-001 Rio de Janeiro - RJ.
33160830;COLEGIO MARISTA SAO JOSE BARRA;-22.96904500;-43.38172790;infantil|fundamental_i|fundamental_ii;privada;ativa;geral;nao;RUA IMPERATRIZ LEOPOLDINA, 455 JACAREPAGUA. 22775-058 Rio de Janeiro - RJ.
33159068;COLEGIO MARQUES RODRIGUES - SULACAP;-22.88799000;-43.39014000;infantil|fundamental_i|fundamental_ii;privada;ativa;geral;nao;RUA PACIFICO PEREIRA, 289 JARDIM SULACAP. 21741-160 Rio de Janeiro - RJ.
33086699;COLEGIO MERCEDARIO PIO XII;-22.84716000;-43.37672000;infantil|fundamental_i|fundamental_ii;privada;ativa;geral;nao;RUA MATIOLA, 305 GUADALUPE. 21670-410 Rio de Janeiro - RJ.
33107998;COLEGIO METAVERSO;-22.93413000;-43.17928000;infantil|fundamental_i|fundamental_ii;privada;ativa;geral;nao;RUA SAO SALVADOR, 049 LARANJEIRAS. 22231-130 Rio de Janeiro - RJ.
33124361;COLEGIO MILITAR DO RIO DE JANEIRO;-22.91733000;-43.22774000;fundamental_ii;federal;ativa;geral;nao;RUA SAO FRANCISCO XAVIER, 267 TIJUCA. 20550-010 Rio de Janeiro - RJ.
33174598;COLEGIO MONTE ALTO;-22.92392000;-43.24497000;infantil|fundamental_i;privada;ativa;geral;nao;RUA PONTES CORREIA, 63 ANDARAI. 20541-142 Rio de Janeiro - RJ.
33148627;COLEGIO NACIONAL;-22.92130000;-43.37074000;infantil|fundamental_i|fundamental_ii;privada;ativa;geral;nao;AVENIDA NELSON CARDOSO, 957 TAQUARA. 22730-001 Rio de Janeiro - RJ.
33067864;COLEGIO NOSSA SENHORA DA MISERICORDIA;-22.92651000;-43.24577000;infantil|fundamental_i|fundamental_ii;privada;ativa;geral;nao;RUA BARAO DE MESQUITA, 689 ANDARAI. 20540-195 Rio de Janeiro - RJ.
33124167;COLEGIO NOSSA SENHORA DA RESSURREICAO;-23.01789000;-43.47938000;infantil|fundamental_i|fundamental_ii;privada;ativa;geral;nao;AVENIDA GILKA MACHADO, 1529 RECREIO DOS BANDEIRANTES. 22790-570 Rio de Janeiro - RJ.
33063516;COLEGIO NOSSA SENHORA DE LOURDES;-22.95184860;-43.19594900;infantil|fundamental_i|fundamental_ii;privada;ativa;geral;nao;RUA SAO CLEMENTE, 438 CASA. BOTAFOGO. 22260-006 Rio de Janeiro - RJ.
33068534;COLEGIO NOSSA SENHORA DE LOURDES;-22.90971548;-43.24037612;infantil|fundamental_i|fundamental_ii;privada;ativa;geral;nao;RUA OITO DE DEZEMBRO, 328 MARACANA. 20550-200 Rio de Janeiro - RJ.
33082103;COLEGIO NOSSA SENHORA DO ROSARIO;-22.90738000;-43.56687000;infantil|fundamental_i|fundamental_ii;privada;ativa;geral;nao;AVENIDA CESARIO DE MELO, 3670 CAMPO GRANDE. 23050-102 Rio de Janeiro - RJ.
33129878;COLEGIO NOTRE DAME - ILHA;-22.79791000;-43.18622000;infantil|fundamental_i;privada;ativa;geral;nao;RUA PROFESSOR HILARIAO DA ROCHA, 118 TAUA. 21920-040 Rio de Janeiro - RJ.
33165718;COLEGIO NUNES DE OLIVEIRA LTDA;-22.80873000;-43.36492000;infantil|fundamental_i;privada;ativa;geral;nao;RUA BRAS CUBAS, 158 PAVUNA. 21520-050 Rio de Janeiro - RJ.
33064601;COLEGIO OBJETIVO BOTAFOGO;-22.95774000;-43.18465000;infantil|fundamental_i|fundamental_ii;privada;ativa;geral;nao;RUA ALVARO RAMOS, 441 BOTAFOGO. 22280-110 Rio de Janeiro - RJ.
33487219;COLEGIO OLIVEIRA MALLET;-22.97263000;-43.70810000;fundamental_i|fundamental_ii;privada;ativa;geral;nao;PRAIA DE SEPETIBA, 1650 SEPETIBA. 23545-010 Rio de Janeiro - RJ.
33155879;COLEGIO ORLANDO PEREIRA;-22.80994200;-43.31002600;infantil|fundamental_i|fundamental_ii;privada;ativa;geral;nao;RUA CORREIA DIAS, 597 VIGARIO GERAL. 21241-310 Rio de Janeiro - RJ.
33156360;COLEGIO PADRAO DE ENSINO;-22.85982000;-43.25329000;infantil|fundamental_i;privada;ativa;geral;nao;RUA DA PROCLAMACAO, 921 BONSUCESSO. 21040-282 Rio de Janeiro - RJ.
33130493;COLEGIO PALAS;-22.93347000;-43.23791000;infantil;privada;ativa;geral;nao;RUA HOMEM DE MELO, 186 TIJUCA. 20510-180 Rio de Janeiro - RJ.
33147809;COLEGIO PALAS;-23.01015000;-43.46195000;infantil|fundamental_i|fundamental_ii;privada;ativa;geral;nao;RUA RENATO GOULART PEREIRA, 35 RECREIO DOS BANDEIRANTES. 22790-658 Rio de Janeiro - RJ.
33149410;COLEGIO PARANAPUA;-22.79960001;-43.19672778;;privada;ativa;geral;nao;RUA JAIME PERDIGAO, 438 ILHA DO GOVERNADOR. TAUA. 21920-240 Rio de Janeiro - RJ.
33182523;COLEGIO PARANAPUA;-22.80031271;-43.19770033;fundamental_i|fundamental_ii;privada;ativa;geral;nao;RUA JAIME PERDIGAO, 605 ILHA DO GOVERNADOR. 21920-240 Rio de Janeiro - RJ.
33110000;COLEGIO PENHA GABRIEL;-22.86918000;-43.35968000;infantil|fundamental_i|fundamental_ii;privada;ativa;geral;nao;RUA ADALGISA ALEIXO, 550 550. BENTO RIBEIRO. 21340-060 Rio de Janeiro - RJ.
33105405;COLEGIO PH;-22.91737000;-43.22094000;fundamental_i|fundamental_ii;privada;ativa;geral;nao;RUA PROFESSOR GABIZO, 211 TIJUCA. 20271-064 Rio de Janeiro - RJ.
33110328;COLEGIO PH;-22.94476000;-43.18252000;fundamental_ii;privada;ativa;geral;nao;PRAIA DE BOTAFOGO, 308 PARTE. BOTAFOGO. 22250-040 Rio de Janeiro - RJ.
33155852;COLEGIO PH;-23.00858000;-43.29872000;infantil|fundamental_i|fundamental_ii;privada;ativa;geral;nao;AVENIDA PREFEITO DULCIDIO CARDOSO, 2000 BARRA DA TIJUCA. 22631-051 Rio de Janeiro - RJ.
33158240;COLEGIO PH;-22.94369000;-43.18448000;infantil|fundamental_i;privada;ativa;geral;nao;RUA MARQUES DE OLINDA, 74 BOTAFOGO. 22251-040 Rio de Janeiro - RJ.
33249202;COLEGIO PH;-22.98122000;-43.20863000;fundamental_i|fundamental_ii;privada;ativa;geral;nao;AVENIDA BARTOLOMEU MITRE, 1110 LEBLON. 22431-004 Rio de Janeiro - RJ.
33070350;COLEGIO PINHEIRO;-22.84484000;-43.28534000;infantil|fundamental_i|fundamental_ii;privada;ativa;geral;nao;RUA AIMORE, 239 PENHA. 21070-230 Rio de Janeiro - RJ.
33115028;COLEGIO PINHEIRO GUIMARAES;-22.91879000;-43.22536000;;privada;ativa;geral;nao;RUA ALMIRANTE COCHRANE, 196 TIJUCA. 20550-040 Rio de Janeiro - RJ.
33104573;COLEGIO PINHEIRO GUIMARAES - UNIDADE BARRA DA TIJUCA;-23.01063000;-43.30229000;;privada;ativa;geral;nao;AVENIDA MINISTRO IVAN LINS, 340 BARRA DA TIJUCA. 22620-110 Rio de Janeiro - RJ.
33065357;COLEGIO PINHEIRO GUIMARAES LTDA;-22.98235000;-43.20045000;;privada;ativa;geral;nao;RUA NASCIMENTO SILVA, 45 IPANEMA. 22421-025 Rio de Janeiro - RJ.
33174539;COLEGIO PORTO REAL;-22.99730000;-43.37649000;infantil;privada;ativa;geral;nao;RUA VILHENA DE MORAIS, 285 BARRA DA TIJUCA. 22793-140 Rio de Janeiro - RJ.
33135924;COLEGIO QI;-22.93393180;-43.33551530;fundamental_i|fundamental_ii;privada;ativa;geral;nao;RUA JOAQUIM PINHEIRO, 105 FREGUESIA JACAREPAGUA. 22743-660 Rio de Janeiro - RJ.
33143331;COLEGIO QI;-22.95242000;-43.19195000;fundamental_i|fundamental_ii;privada;ativa;geral;nao;RUA DA MATRIZ, 63 BOTAFOGO. 22260-100 Rio de Janeiro - RJ.
33156026;COLEGIO QI;-23.01171670;-43.44969170;fundamental_i|fundamental_ii;privada;ativa;geral;nao;RUA ODILON MARTINS DE ANDRADE, 3 RECREIO DOS BANDEIRANTES. 22790-230 Rio de Janeiro - RJ.
33124418;COLEGIO QI - TIJUCA;-22.91352000;-43.22002000;fundamental_i|fundamental_ii;privada;ativa;geral;nao;RUA IBITURUNA, 37 MARACANA. 20271-021 Rio de Janeiro - RJ.
33071721;COLEGIO QI METROPOLITANO;-22.90398250;-43.28289170;fundamental_i|fundamental_ii;privada;ativa;geral;nao;RUA LOPES DA CRUZ, 72 MEIER. 20720-170 Rio de Janeiro - RJ.
33110050;COLEGIO QUINTANILHA;-22.83834120;-43.39884260;infantil|fundamental_i|fundamental_ii;privada;ativa;geral;nao;RUA SALEMA, 41 RICARDO DE ALBUQUERQUE. 21620-540 Rio de Janeiro - RJ.
33063613;COLEGIO REBECA LTDA;-22.95241000;-43.19384000;infantil|fundamental_i|fundamental_ii;privada;ativa;geral;nao;RUA REAL GRANDEZA, 56 CASA. BOTAFOGO. 22281-034 Rio de Janeiro - RJ.
33156760;COLEGIO RESSURREICAO;-23.01789000;-43.47938000;;privada;ativa;geral;nao;AVENIDA GILKA MACHADO, 1529 RECREIO DOS BANDEIRANTES. 22790-570 Rio de Janeiro - RJ.
33522278;COLEGIO RESSURREICAO;-22.92862000;-43.39284000;infantil|fundamental_i|fundamental_ii;privada;ativa;geral;nao;ESTRADA RODRIGUES CALDAS, 2280 TAQUARA. 22713-375 Rio de Janeiro - RJ.
33068410;COLEGIO RESSURREICAO - UNIDADE TIJUCA;-22.91538000;-43.22557000;infantil|fundamental_i|fundamental_ii;privada;ativa;geral;nao;RUA OTO DE ALENCAR, 23 MARACANA. 20271-220 Rio de Janeiro - RJ.
33079617;COLEGIO RIO DA PRATA;-22.88541000;-43.46606000;infantil|fundamental_i|fundamental_ii;privada;ativa;geral;nao;RUA RIO DA PRATA, 391 BANGU. 21820-096 Rio de Janeiro - RJ.
33106231;COLEGIO SABER;-22.86044000;-43.34365000;infantil|fundamental_i|fundamental_ii;privada;ativa;geral;nao;RUA IBIA, 218 TURIACU. 21540-070 Rio de Janeiro - RJ.
33064768;COLEGIO SAGRADO CORACAO DE MARIA;-22.96426300;-43.18228220;infantil|fundamental_i|fundamental_ii;privada;ativa;geral;nao;RUA TONELERO, 56 COPACABANA. 22030-002 Rio de Janeiro - RJ.
33114510;COLEGIO SAN DIEGO LTDA;-22.99883000;-43.64951000;infantil|fundamental_i|fundamental_ii;privada;ativa;geral;nao;ESTRADA DA PEDRA, 8806 PEDRA DE GUARATIBA. 23027-460 Rio de Janeiro - RJ.
33070083;COLEGIO SANTA CLARA;-22.82614000;-43.30554000;infantil|fundamental_i;privada;ativa;geral;nao;RUA CORONEL CAMISAO, 437 CORDOVIL. 21250-290 Rio de Janeiro - RJ.
33145326;COLEGIO SANTA CRUZ;-22.91103000;-43.69125000;infantil|fundamental_i|fundamental_ii;privada;ativa;geral;nao;AV. JOAO XXIII, 409 SANTA CRUZ. 23560-352 Rio de Janeiro - RJ.
33179930;COLEGIO SANTA MADRE TERESA DE CALCUTA;-22.98448660;-43.46084030;infantil|fundamental_i;privada;ativa;geral;nao;ESTRADA DOS BANDEIRANTES, 14672 VARGEM PEQUENA. 22783-113 Rio de Janeiro - RJ.
33088519;COLEGIO SANTA MONICA - BONSUCESSO;-22.87309350;-43.25852810;infantil|fundamental_i|fundamental_ii;privada;ativa;geral;nao;AVENIDA DOS DEMOCRATICOS, 1251 MANGUINHOS. 21050-000 Rio de Janeiro - RJ.
33071926;COLEGIO SANTA MONICA - CACHAMBI;-22.89341000;-43.27235000;infantil|fundamental_i|fundamental_ii;privada;ativa;geral;nao;RUA HERMINIA, 02 CACHAMBI. 20780-230 Rio de Janeiro - RJ.
33111642;COLEGIO SANTA MONICA - TAQUARA;-22.92847199;-43.37465806;infantil|fundamental_i|fundamental_ii;privada;ativa;geral;nao;RUA PADRE VENTURA, 184 TAQUARA. 22710-266 Rio de Janeiro - RJ.
33134367;COLEGIO SANTAMARINHA;-22.88261070;-43.31232634;infantil|fundamental_i|fundamental_ii;privada;ativa;geral;nao;RUA PORTO VALTER, 18 QUINTINO BOCAIUVA. 21380-440 Rio de Janeiro - RJ.
33065403;COLEGIO SANTO AGOSTINHO;-22.98427000;-43.22075000;fundamental_i|fundamental_ii;privada;ativa;geral;nao;RUA JOSE LINHARES, 88 LEBLON. 22430-220 Rio de Janeiro - RJ.
33176825;COLEGIO SANTO AGOSTINHO - UNIDADE INSTITUTO CULTURAL SANTO AGOSTINHO;-23.00152423;-43.38428344;;privada;ativa;geral;nao;AVENIDA DAS AMERICAS, 7707 LOJAS 121 A 124. BARRA DA TIJUCA. 22793-081 Rio de Janeiro - RJ.
33087679;COLEGIO SANTO AGOSTINHO - UNIDADE NOVO LEBLON;-23.00225150;-43.38355510;fundamental_i|fundamental_ii;privada;ativa;geral;nao;RUA RINO LEVI, 485 BARRA DA TIJUCA. 22793-720 Rio de Janeiro - RJ.
33063710;COLEGIO SANTO ANTONIO MARIA ZACCARIA;-22.92457000;-43.17645000;infantil|fundamental_i|fundamental_ii;privada;ativa;geral;nao;RUA DO CATETE, 113 CATETE. 22220-000 Rio de Janeiro - RJ.
33063729;COLEGIO SANTO INACIO;-22.94975000;-43.19007000;fundamental_i|fundamental_ii;privada;ativa;geral;nao;SAO CLEMENTE, 226 BOTAFOGO. 22260-004 Rio de Janeiro - RJ.
33175454;COLEGIO SANTOS MOURA;-22.90317000;-43.29776000;;privada;ativa;geral;nao;RUA DIAS DA CRUZ, 868 2º ANDAR. MEIER. 20720-013 Rio de Janeiro - RJ.
33119252;COLEGIO SAO JOAO DE DEUS;-22.88902000;-43.41661000;infantil|fundamental_i|fundamental_ii;privada;ativa;geral;nao;RUA IRMA ALEGRIA, 11 E 71 REALENGO. 21760-090 Rio de Janeiro - RJ.
33117799;COLEGIO SAO JUDAS TADEU;-22.89614000;-43.30405000;fundamental_i|fundamental_ii;privada;ativa;geral;nao;RUA CLARIMUNDO DE MELO, 79 ENCANTADO. 20740-321 Rio de Janeiro - RJ.
33063648;COLEGIO SAO VICENTE DE PAULO;-22.93979000;-43.19590000;fundamental_i|fundamental_ii;privada;ativa;geral;nao;RUA COSME VELHO, 241 COSME VELHO. 22241-125 Rio de Janeiro - RJ.
33174385;COLEGIO SEPETIBA;-22.98398500;-43.69732530;infantil|fundamental_i;privada;ativa;geral;nao;RUA JAMIL DAGLI, 25 SEPETIBA. 23535-340 Rio de Janeiro - RJ.
33077258;COLEGIO SERVITA NOSSA SENHORA RAINHA DOS CORACOES;-22.93009944;-43.35311869;infantil|fundamental_i|fundamental_ii;privada;ativa;geral;nao;AVENIDA GEREMARIO DANTAS, 769 PECHINCHA. 22743-011 Rio de Janeiro - RJ.
33124949;COLEGIO SILVA ABREU - JARDIM TIA MADA;-22.86789000;-43.55700000;infantil|fundamental_i|fundamental_ii;privada;ativa;geral;nao;AV. PAULO AFONSO, 275 CAMPO GRANDE. 23095-683 Rio de Janeiro - RJ.
33159815;COLEGIO SONJA KILL;-22.89755000;-43.18389000;;privada;ativa;geral;nao;BECO JOAO JOSE, 02 AO 16 SAUDE. 20081-150 Rio de Janeiro - RJ.
33075638;COLEGIO SUL AMERICANO;-22.85054000;-43.35790000;infantil|fundamental_i|fundamental_ii;privada;ativa;geral;nao;RUA TACARATU, 360 HONORIO GURGEL. 21555-010 Rio de Janeiro - RJ.
33076561;COLEGIO SUL AMERICANO;-22.86915000;-43.35007000;infantil|fundamental_i|fundamental_ii;privada;ativa;geral;nao;RUA FERNANDES MARINHO, 75 OSWALDO CRUZ. 21351-360 Rio de Janeiro - RJ.
33078483;COLEGIO SUL AMERICANO;-22.88903000;-43.35318000;infantil|fundamental_i|fundamental_ii;privada;ativa;geral;nao;RUA CAPITAO MENEZES, 1383 PRACA SECA. 21320-040 Rio de Janeiro - RJ.
33124027;COLEGIO SUL AMERICANO;-23.02945970;-43.47278420;infantil|fundamental_i|fundamental_ii;privada;ativa;geral;nao;AVENIDA GILKA MACHADO, 117 RECREIO DOS BANDEIRANTES. 22790-570 Rio de Janeiro - RJ.
33162018;COLEGIO SUPERACAO;-22.89974000;-43.22883000;;privada;extinta;geral;nao;RUA SAO LUIZ GONZAGA, 652 SAO CRISTOVAO. 20910-060 Rio de Janeiro - RJ.
33106460;COLEGIO TAUA;-22.79791000;-43.18872000;infantil|fundamental_i|fundamental_ii;privada;ativa;geral;nao;RUA EUGENE WARMING, 15 -. TAUA. 21920-005 Rio de Janeiro - RJ.
33173133;COLEGIO TECNICO SANTA CLARA EIRELI ME;-22.82615000;-43.30557000;fundamental_ii;privada;ativa;geral;nao;RUA CORONEL CAMISAO, 433 CORDOVIL. 21250-290 Rio de Janeiro - RJ.
33108226;COLEGIO TEWAL - CENTRO EDUCACIONAL MARTINHO ALVES;-22.90153000;-43.28661000;infantil|fundamental_i|fundamental_ii;privada;ativa;geral;nao;RUA SANTOS TITARA, 163 TODOS OS SANTOS. 20735-240 Rio de Janeiro - RJ.
33124035;COLEGIO VARGEM GRANDE;-22.98155000;-43.49133000;infantil|fundamental_i|fundamental_ii;privada;ativa;geral;nao;RUA ESPERANCA, 09 VARGEM GRANDE. 22785-590 Rio de Janeiro - RJ.
33100926;COLEGIO VERITAS;-22.87917490;-43.29197370;infantil|fundamental_i|fundamental_ii;privada;ativa;geral;nao;AVENIDA RIO FALEIRO, 80 PILARES. 20760-680 Rio de Janeiro - RJ.
33083770;COLEGIO VICTORIA CASTRO LTDA-ME;-22.92067000;-43.55101000;infantil|fundamental_i|fundamental_ii;privada;ativa;geral;nao;ESTRADA DA CACHAMORRA, 679 CAMPO GRANDE. 23040-150 Rio de Janeiro - RJ.
33109591;COLEGIO-CURSO TAMANDARE;-22.92705710;-43.35538130;infantil|fundamental_i|fundamental_ii;privada;ativa;geral;nao;RUA MAENCA, 61 PECHINCHA. 22740-310 Rio de Janeiro - RJ.
33128790;COMECO DO CAMINHO CRECHE E MATERNAL LTDA;-23.00311213;-43.33698096;infantil;privada;ativa;geral;nao;RUA EDUARDO GUINLE, 36 BOTAFOGO. 22260-090 Rio de Janeiro - RJ.
33107190;COMPLEXO REMON DE EDUC ARTES E RECREACAO;-22.87928050;-43.26513650;infantil|fundamental_i;privada;ativa;geral;nao;TRAVESSA MALAFAIA, 80 92. DEL CASTILHO. 21050-620 Rio de Janeiro - RJ.
33135029;CONSTRUIR BRINCANDO EDUCACAO INFANTIL;-22.93680000;-43.18989000;infantil;privada;ativa;geral;nao;RUA SEBASTIAO DE LACERDA, 06 LARANJEIRAS. 22240-110 Rio de Janeiro - RJ.
33071993;CONVIVENDO CRECHE MATERNAL E JD;-22.90048000;-43.27667000;infantil|fundamental_i;privada;ativa;geral;nao;RUA LUCIDIO LAGO, 411 MEIER. 20780-020 Rio de Janeiro - RJ.
33173222;COPANOVA CRECHE ESCOLA LTDA;-22.97030000;-43.18962000;infantil;privada;ativa;geral;nao;RUA CINCO DE JULHO, 82 CASA. COPACABANA. 22051-030 Rio de Janeiro - RJ.
33062706;CPII - CAMPUS CENTRO;-22.90181807;-43.18416179;fundamental_ii;federal;ativa;geral;nao;AVENIDA MARECHAL FLORIANO, 80 CENTRO. 20080-001 Rio de Janeiro - RJ.
33071837;CPII - CAMPUS ENGENHO NOVO I;-22.90973136;-43.26996672;fundamental_i;federal;ativa;geral;nao;RUA BARAO DO BOM RETIRO, 726 ENGENHO NOVO. 20715-003 Rio de Janeiro - RJ.
33071829;CPII - CAMPUS ENGENHO NOVO II;-22.91001340;-43.27027531;fundamental_ii;federal;ativa;geral;nao;RUA BARAO DO BOM RETIRO, 726 ENGENHO NOVO. 20715-003 Rio de Janeiro - RJ.
33063540;CPII - CAMPUS HUMAITA I;-22.95486852;-43.19973730;fundamental_i;federal;ativa;geral;nao;RUA JOAO AFONSO, 56 HUMAITA. 22261-040 Rio de Janeiro - RJ.
33063559;CPII - CAMPUS HUMAITA II;-22.95580079;-43.19878826;fundamental_ii;federal;ativa;geral;nao;RUA DO HUMAITA, 80 HUMAITA. 22261-001 Rio de Janeiro - RJ.
33136890;CPII - CAMPUS REALENGO I;-22.87635000;-43.43177000;infantil|fundamental_i;federal;ativa;geral;nao;RUA BERNARDO DE VASCONCELOS, 941 REALENGO. 21710-261 Rio de Janeiro - RJ.
33147710;CPII - CAMPUS REALENGO II;-22.87714813;-43.43097482;fundamental_ii;federal;ativa;geral;nao;RUA BERNARDO DE VASCONCELOS, 941 REALENGO. 21710-261 Rio de Janeiro - RJ.
33066078;CPII - CAMPUS SAO CRISTOVAO I;-22.90024022;-43.22091560;fundamental_i;federal;ativa;geral;nao;CAMPO SAO CRISTOVAO, 177 SAO CRISTOVAO. 20921-440 Rio de Janeiro - RJ.
33066060;CPII - CAMPUS SAO CRISTOVAO II;-22.89990416;-43.22069907;fundamental_ii;federal;ativa;geral;nao;CAMPO SAO CRISTOVAO, 177 SAO CRISTOVAO. 20921-440 Rio de Janeiro - RJ.
33130426;CPII - CAMPUS SAO CRISTOVAO III;-22.90026300;-43.22244345;;federal;ativa;geral;nao;RUA PIRAUBA, S/N SAO CRISTOVAO. 20940-250 Rio de Janeiro - RJ.
33067872;CPII - CAMPUS TIJUCA I;-22.90985480;-43.24055250;fundamental_i;federal;ativa;geral;nao;RUA OITO DE DEZEMBRO, 378 VILA ISABEL. 20550-201 Rio de Janeiro - RJ.
33067880;CPII - CAMPUS TIJUCA II;-22.90023890;-43.22263544;fundamental_ii;federal;ativa;geral;nao;RUA SAO FRANCISCO XAVIER, 204 TIJUCA. 20550-012 Rio de Janeiro - RJ.
33132291;CRECHE 1 2 3 E JA;-22.90185000;-43.28500000;infantil;privada;ativa;geral;nao;RUA VENCESLAU, 349 MEIER. 20735-160 Rio de Janeiro - RJ.
33137285;CRECHE ALBERT SABIN;-22.90837000;-43.17525000;infantil;federal;ativa;geral;nao;RUA MEXICO, 128 2 ANDAR. CENTRO. 20031-142 Rio de Janeiro - RJ.
33134812;CRECHE ALEGRIA E CIA LTDA ME;-22.92167000;-43.24151000;infantil|fundamental_i;privada;ativa;geral;nao;RUA SENADOR MUNIZ FREIRE, 74 VILA ISABEL. 20541-040 Rio de Janeiro - RJ.
33134910;CRECHE BAMBINI LTDA;-22.98247000;-43.20526000;infantil;privada;ativa;geral;nao;RUA REDENTOR, 16 IPANEMA. 22421-030 Rio de Janeiro - RJ.
33117810;CRECHE BOM SAMARITANO;-22.98333000;-43.19924000;infantil;privada;ativa;geral;nao;RUA BARAO DA TORRE, 98 E 100 PARTES. IPANEMA. 22411-000 Rio de Janeiro - RJ.
33149020;CRECHE CHEIRO DE BEBE LTDA;-22.92974000;-43.23237000;infantil;privada;ativa;geral;nao;RUA BOM PASTOR, 502 TIJUCA. 20521-060 Rio de Janeiro - RJ.
33145415;CRECHE CIRANDA DOS GIRASSOIS LTDA-ME;-22.91323450;-43.21982040;;privada;extinta;geral;nao;RUA COMANDANTE CORDEIRO DE FARIAS, 15 MARACANA. 20271-000 Rio de Janeiro - RJ.
33113734;CRECHE COM PREVENTORIO RAINHA DONA AMELIA;-22.75115000;-43.10409000;;privada;paralisada;geral;nao;RUA CERQUEIRA, 16 PAQUETA. 20397-110 Rio de Janeiro - RJ.
33135142;CRECHE CRIATIVA;-22.96457000;-43.19254000;infantil;privada;ativa;geral;nao;RUA HENRIQUE OSWALD, 155 COPACABANA. 22041-020 Rio de Janeiro - RJ.
33136610;CRECHE DA FUNDACAO OSWALDO CRUZ;-22.87757000;-43.24515000;infantil;federal;ativa;geral;nao;AVENIDA BRASIL, 4365 MANGUINHOS. 21040-360 Rio de Janeiro - RJ.
33176507;CRECHE E ESCOLA CURIO - EIRELI;-23.00726149;-43.42476342;infantil;privada;ativa;geral;nao;RUA MINISTRO LAFAYETTE DE ANDRADA, 225 BARRA DA TIJUCA. 22793-082 Rio de Janeiro - RJ.
33071748;CRECHE E ESCOLA SUNNY DAYS;-22.90482630;-43.28233520;infantil;privada;ativa;geral;nao;RUA LOPES DA CRUZ, 176 MEIER. 20720-170 Rio de Janeiro - RJ.
33191654;CRECHE E PRE ESCOLA MARIA MANUELA;-22.91731555;-43.37186770;;privada;paralisada;geral;nao;RUA IRIQUITIA, 38 TAQUARA. 22730-150 Rio de Janeiro - RJ.
33125481;CRECHE E PRE-ESCOLA TIA MARGA;-22.84039000;-43.30208000;infantil;privada;ativa;geral;nao;AVENIDA BRAZ DE PINA, 1134 CASA. VILA DA PENHA. 21210-675 Rio de Janeiro - RJ.
33175616;CRECHE ERA UMA VEZ;-22.92593192;-43.24117270;infantil;privada;ativa;geral;nao;RUA DOUTOR ANIBAL MOREIRA, 85 TIJUCA. 20510-110 Rio de Janeiro - RJ.
33148465;CRECHE ESC DESCOBRINDO O MUNDO;-22.89477000;-43.35452000;infantil;privada;ativa;geral;nao;RUA BARONESA, 141 PRACA SECA. 21321-000 Rio de Janeiro - RJ.
33107076;CRECHE ESC LETICIA LTDA;-22.93850000;-43.19445000;infantil;privada;ativa;geral;nao;RUA DAS LARANJEIRAS, 567 CASA. LARANJEIRAS. 22240-000 Rio de Janeiro - RJ.
33132224;CRECHE ESC OS PRIMEIROS PASSOS DA CRIANCA;-22.88670000;-43.30216000;infantil;privada;ativa;geral;nao;RUA ENGENHEIRO NAZARE, 56 ABOLICAO. 20756-000 Rio de Janeiro - RJ.
33134448;CRECHE ESC SANTA RITA DE CASSIA LTDA;-22.86525000;-43.34617000;;privada;extinta;geral;nao;RUA DUARTE DE AZEVEDO, 24 TURIACU. 21550-130 Rio de Janeiro - RJ.
33120765;CRECHE ESC STUDIO DA CRIANCA;-22.91966414;-43.26602923;;privada;extinta;geral;nao;AVENIDA JULIO FURTADO, 205 E 207 GRAJAU. 20561-014 Rio de Janeiro - RJ.
33170800;CRECHE ESCOLA AMOR PERFEITO LTDA;-22.98116000;-43.20385000;infantil;privada;ativa;geral;nao;RUA ALBERTO DE CAMPOS E ENDERECO COMPLEMENTAR RUA BARAO DE JAGUARIPE 46, 191 IPANEMA. 22411-030 Rio de Janeiro - RJ.
33171947;CRECHE ESCOLA AQUARELA DA FREGUESIA LTDA;-22.94273000;-43.34021000;infantil|fundamental_i;privada;ativa;geral;nao;RUA THOMAS G. MASARYK, 69 FREGUESIA JACAREPAGUA. 22755-180 Rio de Janeiro - RJ.
33108889;CRECHE ESCOLA ATIVA - IDADE LTDA;-22.96036744;-43.20133062;infantil;privada;ativa;geral;nao;RUA ENGENHEIRO MARQUES PORTO, 86 HUMAITA. 22261-150 Rio de Janeiro - RJ.
33174474;CRECHE ESCOLA BABY EASE;-22.93206000;-43.32631000;infantil;privada;ativa;geral;nao;ESTRADA DOS TRES RIOS, 1991 FREGUESIA JACAREPAGUA. 22745-004 Rio de Janeiro - RJ.
33100969;CRECHE ESCOLA BERCO DE OURO;-22.87989840;-43.44897820;infantil;privada;ativa;geral;nao;ESTRADA DO REALENGO, 774 REALENGO. 21715-331 Rio de Janeiro - RJ.
33156050;CRECHE ESCOLA BRINCAR E APRENDER LTDA;-22.91844340;-43.18500530;infantil;privada;ativa;geral;nao;RUA ANDRE CAVALCANTI, 163 CENTRO. 20231-050 Rio de Janeiro - RJ.
33110182;CRECHE ESCOLA CASTELINHO;-22.86351000;-43.25535000;infantil|fundamental_i;privada;ativa;geral;nao;RUA BIAS FORTES, 24 BONSUCESSO. 21032-070 Rio de Janeiro - RJ.
33102082;CRECHE ESCOLA CASTELINHO DE PRATA LTDA;-22.88630000;-43.47496000;infantil;privada;ativa;geral;nao;RUA RIO DA PRATA, 1305 BANGU. 21820-093 Rio de Janeiro - RJ.
33134260;CRECHE ESCOLA CASTELINHO DO SABER SC LTDA;-22.82522354;-43.30751245;fundamental_i|fundamental_ii;privada;ativa;geral;nao;RUA JUVENCIO DE MENEZES, 197 CORDOVIL. 21250-560 Rio de Janeiro - RJ.
33174458;CRECHE ESCOLA CATAVENTO LTDA;-23.02065000;-43.47864000;infantil|fundamental_i;privada;ativa;geral;nao;RUA MANOEL BOUCHER PINTO, 70 CASA. RECREIO DOS BANDEIRANTES. 22790-580 Rio de Janeiro - RJ.
33116318;CRECHE ESCOLA COLORIR;-22.86433000;-43.24993000;infantil|fundamental_i;privada;ativa;geral;nao;AVENIDA NOVA YORK, 489 BONSUCESSO. 21041-040 Rio de Janeiro - RJ.
33134340;CRECHE ESCOLA CONVIVER;-22.92231000;-43.25488000;infantil;privada;ativa;geral;nao;RUA DUQUESA DE BRAGANCA, 67 CASA. GRAJAU. 20540-300 Rio de Janeiro - RJ.
33184160;CRECHE ESCOLA CORUJINHA DO RECREIO;-23.01528667;-43.45663000;infantil;privada;ativa;geral;nao;RUA JORGE EMILIO FONTENELLE, 961 CASA. RECREIO DOS BANSEIRANTES. 22790-147 Rio de Janeiro - RJ.
33169098;CRECHE ESCOLA DA INFANCIA LTDA;-23.00979628;-43.47824219;infantil;privada;ativa;geral;nao;AVENIDA MIGUEL ANTONIO FERNANDES, 751 A. RECREIO DOS BANDEIRANTES. 22790-682 Rio de Janeiro - RJ.
33165882;CRECHE ESCOLA ESPACO EDUCAR;-22.87856850;-43.42474510;infantil;privada;ativa;geral;nao;RUA DA IMPERATRIZ, 225 REALENGO. 21710-320 Rio de Janeiro - RJ.
33150044;CRECHE ESCOLA ESTRELA DO AMANHA LTDA;-22.85424000;-43.25777000;infantil|fundamental_i;privada;ativa;geral;nao;RUA JOAO ROMARIZ, 86 RAMOS. 21031-700 Rio de Janeiro - RJ.
33108846;CRECHE ESCOLA FAVINHO DE MEL;-22.95284000;-43.19533000;infantil;privada;ativa;geral;nao;RUA MARTINS FERREIRA, 23 CASA. BOTAFOGO. 22271-010 Rio de Janeiro - RJ.
33161453;CRECHE ESCOLA GERACAO I LTDA;-22.92538000;-43.34912000;infantil;privada;ativa;geral;nao;ESTRADA DO PAU FERRO, 373 FREGUESIA JACAREPAGUA. 22745-004 Rio de Janeiro - RJ.
33185387;CRECHE ESCOLA JOANINHA;-22.86665150;-43.44127526;;privada;extinta;geral;nao;RUA NILOPOLIS, 240 REALENGO. 21720-140 Rio de Janeiro - RJ.
33164789;CRECHE ESCOLA LE PETIT LTDA;-23.02453820;-43.48754100;infantil|fundamental_i;privada;ativa;geral;nao;RUA LE CORBUSIER, 95 CASA. RECREIO DOS BANDEIRANTES. 22795-285 Rio de Janeiro - RJ.
33186006;CRECHE ESCOLA LUA E FLOR;-22.88728000;-43.36432000;infantil;privada;ativa;geral;nao;RUA LUIZ BELTRAO, 450 VILA VALQUEIRE. 21321-230 Rio de Janeiro - RJ.
33181896;CRECHE ESCOLA MALAFAIA VIANNA LTDA ME;-22.92904915;-43.24262595;infantil;privada;ativa;geral;nao;RUA MARIO BARRETO, 20 CASA. TIJUCA. 20510-390 Rio de Janeiro - RJ.
33164681;CRECHE ESCOLA MODERNA - CRECHE ESCOLA BEM ME QUER;-22.96242000;-43.20383000;infantil;privada;ativa;geral;nao;AVENIDA EPITACIO PESSOA, 4866 PARTE. LAGOA. 22471-006 Rio de Janeiro - RJ.
33174520;CRECHE ESCOLA MUNDO BABY;-22.87708573;-43.45670466;infantil;privada;ativa;geral;nao;RUA ABAETE, 135 BANGU. 21810-130 Rio de Janeiro - RJ.
33164967;CRECHE ESCOLA MUNDO DA CRIANCA - CENTRO EDUCACIONAL MONTEIRO MARQUES;-22.90925000;-43.57643000;infantil|fundamental_i;privada;ativa;geral;nao;RUA JUSTINIANO DE CARVALHO, 214 CAMPO GRANDE. 23055-005 Rio de Janeiro - RJ.
33156425;CRECHE ESCOLA MUNDO DA GENTE;-22.92180000;-43.21850000;infantil;privada;ativa;geral;nao;RUA PROFESSOR GABIZO, 45 TIJUCA. 20271-064 Rio de Janeiro - RJ.
33132283;CRECHE ESCOLA MUNDO KIDS;-22.91016600;-43.27220150;infantil;privada;ativa;geral;nao;RUA GENERAL BELEGARDE, 244 ENGENHO NOVO. 20710-003 Rio de Janeiro - RJ.
33227004;CRECHE ESCOLA NANA NANINHA;-22.92147000;-43.23980000;infantil;privada;ativa;geral;nao;RUA GENERAL EDMUNDO GASTAO DA CUNHA, 20 VILA ISABEL. 20541-090 Rio de Janeiro - RJ.
33148350;CRECHE ESCOLA OFICINA DA CRIANCA;-22.99521780;-43.39076126;infantil;privada;ativa;geral;nao;RUA JOAO GERALDO KUHLMAN, 25 BARRA DA TIJUCA. 22793-264 Rio de Janeiro - RJ.
33108722;CRECHE ESCOLA PARAISO INFANTIL;-22.89826000;-43.18543000;infantil|fundamental_i|fundamental_ii;privada;ativa;geral;nao;TRAVESSA DO SERENO, 31/33 SAUDE. 20081-300 Rio de Janeiro - RJ.
33151474;CRECHE ESCOLA PEQUENOS PENSADORES LTDA;-22.91823000;-43.21979000;infantil;privada;ativa;geral;nao;RUA PROFESSOR GABIZO, 160 TIJUCA. 20271-061 Rio de Janeiro - RJ.
33124108;CRECHE ESCOLA PETER PAN;-23.01325000;-43.30342000;infantil;privada;ativa;geral;nao;AVENIDA MINISTRO AFRANIO COSTA, 363 BARRA DA TIJUCA. 22631-220 Rio de Janeiro - RJ.
33148570;CRECHE ESCOLA PIMPOLHO;-22.80676000;-43.20644000;infantil;privada;ativa;geral;nao;RUA COLINA, 36 JARDIM GUANABARA. 21931-380 Rio de Janeiro - RJ.
33192146;CRECHE ESCOLA PINTANDO O FUTURO;-22.85339973;-43.46115801;infantil;privada;ativa;geral;nao;RUA ARTHUR LEMOS, 120 BANGU. 21864-580 Rio de Janeiro - RJ.
33128960;CRECHE ESCOLA PIRILAMPO;-22.91808000;-43.23097000;infantil|fundamental_i;privada;ativa;geral;nao;RUA SEVERINO BRANDAO, 30 MARACANA. 20540-030 Rio de Janeiro - RJ.
33172960;CRECHE ESCOLA PLANETA DA CRIANCA 1;-22.92764000;-43.24125000;infantil;privada;ativa;geral;nao;RUA MARIA AMALIA, 121 TIJUCA. 20510-130 Rio de Janeiro - RJ.
33179689;CRECHE ESCOLA QUINTAL LTDA ME;-22.91964632;-43.26602767;;privada;extinta;geral;nao;AV. JULIO FURTADO, 205 GRAJAU. 20560-180 Rio de Janeiro - RJ.
33123535;CRECHE ESCOLA RECANTO DA SABEDORIA;-22.88306000;-43.36248000;infantil|fundamental_i;privada;ativa;geral;nao;RUA NAMUR, 676 VILA VALQUEIRE. 21330-600 Rio de Janeiro - RJ.
33127239;CRECHE ESCOLA RECRESCER LTDA;-23.01542000;-43.45341000;infantil|fundamental_i;privada;ativa;geral;nao;RUA GABRIEL MATTA, 99 CASA. RECREIO DOS BANDEIRANTES. 22790-050 Rio de Janeiro - RJ.
33165904;CRECHE ESCOLA REFERENCIA COM;-22.79984000;-43.19936000;infantil|fundamental_i;privada;ativa;geral;nao;RUA JAIME PERDIGAO, 156 TAUA. 21920-240 Rio de Janeiro - RJ.
33165165;CRECHE ESCOLA REI LEAO;-22.89023666;-43.47983992;infantil|fundamental_i;privada;ativa;geral;nao;RUA CAIRO, 376 SENADOR CAMARA. 21831-505 Rio de Janeiro - RJ.
33172676;CRECHE ESCOLA SANTO ANTAO LTDA;-23.02260000;-43.47503000;infantil;privada;ativa;geral;nao;RUA SERGIO BRANCO SOARES, 100 RECREIO DOS BANDEIRANTES. 22790-560 Rio de Janeiro - RJ.
33134642;CRECHE ESCOLA SARAH DAWSEY;-22.98106000;-43.20111000;;privada;extinta;geral;nao;RUA ALBERTO DE CAMPOS, 84 IPANEMA. 22411-030 Rio de Janeiro - RJ.
33108544;CRECHE ESCOLA SONHO ENCANTADO;-22.89218333;-43.27094333;infantil;privada;ativa;geral;nao;RUA ALVARES CABRAL, 550 CACHAMBI. 20780-320 Rio de Janeiro - RJ.
33141290;CRECHE ESCOLA SORRISO DE CRIANCA;-22.89410070;-43.28207430;infantil|fundamental_i;privada;ativa;geral;nao;RUA PADRE ILDEFONSO PENALBA, 465 MEIER. 20775-020 Rio de Janeiro - RJ.
33141479;CRECHE ESCOLA TATI BI TATI;-22.92637090;-43.25732990;infantil|fundamental_i;privada;ativa;geral;nao;RUA JUIZ DE FORA, 22 GRAJAU. 20561-280 Rio de Janeiro - RJ.
33155801;CRECHE ESCOLA TIA SONIA;-22.92473700;-43.26012580;infantil;privada;ativa;geral;nao;RUA HENRIQUE MORIZE, 100 GRAJAU. 20561-260 Rio de Janeiro - RJ.
33164932;CRECHE ESCOLA VILA INFANTIL;-22.88442000;-43.35578000;infantil;privada;ativa;geral;nao;RUA QUIRIRIM, 878 VILA VALQUEIRE. 21330-650 Rio de Janeiro - RJ.
33099588;CRECHE ESCOLA VOVO NENA;-22.88579333;-43.43014000;infantil;privada;ativa;geral;nao;RUA GENERAL AZEREDO, 274. REALENGO. 21765-000 Rio de Janeiro - RJ.
33135126;CRECHE JARDIM BOTANICO LTDA;-22.96294000;-43.21804000;infantil;privada;ativa;geral;nao;RUA VISCONDE DA GRACA, 85 CASA. JARDIM BOTANICO. 22461-010 Rio de Janeiro - RJ.
33192103;CRECHE LOUVOR NA TERRA;-22.87918988;-43.45595744;infantil|fundamental_i;privada;ativa;geral;nao;RUA FRANCISCO REAL, 1100 BANGU. 21810-008 Rio de Janeiro - RJ.
33144907;CRECHE MATERNAL CRESCER LTDA;-22.93226000;-43.24493000;infantil|fundamental_i;privada;ativa;geral;nao;RUA JOAO ALFREDO, 32 TIJUCA. 20511-390 Rio de Janeiro - RJ.
33135347;CRECHE MATERNAL GUGA;-22.81605000;-43.20387000;infantil;privada;ativa;geral;nao;RUA UCA, 393 JARDIM GUANABARA. 21940-480 Rio de Janeiro - RJ.
33141495;CRECHE MEU PIMPOLHO;-22.94495050;-43.25630080;infantil|fundamental_i;privada;ativa;geral;nao;RUA SAO MIGUEL, 720 TIJUCA. 20530-420 Rio de Janeiro - RJ.
33175136;CRECHE NEW LITTLE KIDS LTDA;-22.80499000;-43.36060000;infantil;privada;ativa;geral;nao;AVENIDA SARGENTO DE MILICIAS, 540 FRENTE E FUNDOS. PAVUNA. 21532-290 Rio de Janeiro - RJ.
33134324;CRECHE NOSSO FRUTO LTDA;-22.91431000;-43.22312000;infantil;privada;ativa;geral;nao;RUA VISCONDE DE CAIRU, 227 MARACANA. 20270-050 Rio de Janeiro - RJ.
33108633;CRECHE RECANTO INFANTIL Nª Sª DA CONCEICAO;-22.92776000;-43.26630000;infantil|fundamental_ii;privada;ativa;geral;nao;RUA PROFESSORA JUREMA MACHADO, 60 GRAJAU. 20561-180 Rio de Janeiro - RJ.
33107017;CRECHE-ESCOLA SOL DO SABER;-22.89755000;-43.27619000;infantil|fundamental_i;privada;ativa;geral;nao;RUA ARISTIDES CAIRE, 176 MEIER. 20775-090 Rio de Janeiro - RJ.
33129673;CRESCENDO CENTRO EDUCACIONAL;-22.90522000;-43.27755000;infantil|fundamental_i;privada;ativa;geral;nao;RUA HERMENGARDA, 450 MEIER. 20710-010 Rio de Janeiro - RJ.
33172684;CRI-ACAO CRECHE E ESCOLA LTDA;-23.02003440;-43.47155900;infantil|fundamental_i;privada;ativa;geral;nao;AVENIDA GENARO DE CARVALHO, 2809 RECREIO DOS BANDEIRANTES. 22795-077 Rio de Janeiro - RJ.
33134600;CRIANCARTES;-22.95278609;-43.18642421;infantil;privada;ativa;geral;nao;RUA DEZENOVE DE FEVEREIRO, 109 BOTAFOGO. 22280-030 Rio de Janeiro - RJ.
33177520;CRIANCARTES EDUCACAO INFANTIL EIRELI;-22.95292724;-43.18620888;infantil;privada;ativa;geral;nao;RUA DEZENOVE DE FEVEREIRO, 115 BOTAFOGO. 22280-030 Rio de Janeiro - RJ.
33141347;CRIANCAS E CIA;-22.93238000;-43.23428000;infantil;privada;ativa;geral;nao;RUA SABOIA LIMA, 41 TIJUCA. 20521-250 Rio de Janeiro - RJ.
33135100;CRIATIVA CENTRO DE RECREACAO INFANTIL;-22.94804000;-43.18965000;infantil;privada;ativa;geral;nao;RUA EDUARDO GUINLE, 56 CASA. BOTAFOGO. 22260-090 Rio de Janeiro - RJ.
33108315;CURIOSA IDADE CENTRO EDUCACIONAL;-22.94023000;-43.19092000;infantil;privada;ativa;geral;nao;RUA PROFESSORA ESTELITA LINS, 123 CASA. LARANJEIRAS. 22245-150 Rio de Janeiro - RJ.
33165890;CURIOSA IDADE CRECHE MATERNAL LTDA;-22.94023000;-43.19092000;infantil;privada;ativa;geral;nao;RUA PROFESSORA ESTELITA LINS, 123 CASA. LARANJEIRAS. 22245-150 Rio de Janeiro - RJ.
33074003;CURSO PREPARATORIO ATLAS;-22.84835000;-43.32648000;fundamental_i|fundamental_ii;privada;ativa;geral;nao;RUA CAOBI, 161 - IRAJA - RJ, 161 IRAJA. 21361-470 Rio de Janeiro - RJ.
33167761;CURSO PROFISSIONALIZANTE DE ATOR DA CIA DE TEATRO CONTEMPORANEO;-22.95466000;-43.19537000;;privada;ativa;geral;nao;RUA CONDE DE IRAJA, 253 BOTAFOGO. 22271-020 Rio de Janeiro - RJ.
33175110;CURSO PROGRESSAO ILHA DO GOVERNADOR LTDA ME;-22.80380000;-43.18141000;fundamental_ii;privada;ativa;geral;nao;PRAIA DA OLARIA, 501 COCOTA ILHA DO GOVERNADOR. 21910-295 Rio de Janeiro - RJ.
33182744;DANIELLE MATTOS DA CRUZ EDUCACAO INFANTIL EIRELI;-22.97466895;-43.33144736;infantil;privada;ativa;geral;nao;ESTRADA DE JACAREPAGUA, 3501 JACAREPAGUA. 22753-211 Rio de Janeiro - RJ.
33141282;DELTA 3 EDUCACAO INFANTIL A C PEDAGOGICA S C LTDA;-22.90629135;-43.28075825;infantil|fundamental_i;privada;ativa;geral;nao;RUA JOAQUIM MEIER, 531 MEIER. 20725-050 Rio de Janeiro - RJ.
33132267;DENTINHO DE LEITE CRECHE LTDA;-22.90625000;-43.29309000;infantil|fundamental_i;privada;ativa;geral;nao;RUA MARANHAO, 105 MEIER. 20720-230 Rio de Janeiro - RJ.
33108056;DINDINHA CRECHE MATERNAL SOCIEDADE LTDA;-22.91903000;-43.21536000;infantil;privada;ativa;geral;nao;RUA MANUEL LEITAO, 20 TIJUCA. 20260-170 Rio de Janeiro - RJ.
33122504;DISPENSARIO SAO VICENTE DE PAULO - CRECHE IRMA PAULA;-22.91154000;-43.18982000;;privada;extinta;geral;nao;AVENIDA MEM DE SA, 271 CENTRO. 20230-151 Rio de Janeiro - RJ.
33126203;E E DE ENS FUND VISCONDE DE MAUA;-22.85925000;-43.37525000;fundamental_ii;estadual;ativa;geral;nao;JOAO VICENTE, 1775 BLOCO 3. MARECHAL HERMES. 21610-330 Rio de Janeiro - RJ.
33118809;E E ENSINO FUNDAMENTAL REPUBLICA;-22.89316560;-43.32940920;fundamental_ii;estadual;ativa;geral;nao;RUA CLARIMUNDO DE MELO, 847 EEEFR. QUINTINO BOCAIUVA. 21311-281 Rio de Janeiro - RJ.
33146225;E T E DE TRANSPORTES ENGENHEIRO SILVA FREIRE;-22.89124000;-43.28733000;;estadual;ativa;geral;nao;RUA JOAO VICENTE, 2151 DEODORO. 21610-211 Rio de Janeiro - RJ.
33070946;E T E JUSCELINO KUBITSCHEK;-22.81487000;-43.31872000;;estadual;ativa;geral;nao;RUA JORNALISTA ANTONIO FREITAS, 75 JARDIM AMERICA. 21240-535 Rio de Janeiro - RJ.
33076480;E T E REPUBLICA;-22.88998000;-43.32682000;;estadual;ativa;geral;nao;RUA CLARIMUNDO DE MELO, 847 QUINTINO BOCAIUVA. 21311-281 Rio de Janeiro - RJ.
33173265;ECE ESSENCIAL CENTRO EDUCACIONAL LTDA;-23.00942740;-43.29625500;infantil;privada;ativa;geral;nao;RUA CONDE DEU, 126 BARRA DA TIJUCA. 22611-050 Rio de Janeiro - RJ.
33124256;ECO - ESCOLA CACHINHOS DE OURO;-22.88234250;-43.29762880;infantil;privada;ativa;geral;nao;RUA GLAZIOU, 161 PILARES. 20750-010 Rio de Janeiro - RJ.
33067996;ECO ESC DE ED COMUNITARIA;-22.92166000;-43.26299000;infantil|fundamental_i|fundamental_ii;privada;ativa;geral;nao;AVENIDA ENGENHEIRO RICHARD, 116 GRAJAU. 20561-096 Rio de Janeiro - RJ.
33085854;EDEL - ESC DINAMICA DE ED E LAZER;-22.79063000;-43.17287000;fundamental_i|fundamental_ii;privada;ativa;geral;nao;RUA JARINU, 58 FREGUESIA - ILHA DO GOVERNADOR. 21911-230 Rio de Janeiro - RJ.
33064024;EDEM;-22.93066267;-43.18015214;;privada;ativa;geral;nao;RUA GAGO COUTINHO, 14 LARANJEIRAS. 22221-070 Rio de Janeiro - RJ.
33148848;EDEM;-22.93048136;-43.18035492;infantil;privada;ativa;geral;nao;RUA GAGO COUTINHO, 14 LARANJEIRAS. 22221-070 Rio de Janeiro - RJ.
33084319;EDES - EDUCANDARIO EDITH DOS SANTOS;-22.97102000;-43.70493000;infantil|fundamental_i|fundamental_ii;privada;ativa;geral;nao;RUA SEBASTIAO SERRATO, 167 RUA INDIAPORA, 164. SEPETIBA. 23545-362 Rio de Janeiro - RJ.
33105707;EDN-ESCOLA DIONYSIO NOGUEIRA;-22.82612000;-43.30352000;infantil|fundamental_i|fundamental_ii;privada;ativa;geral;nao;RUA GENERAL CARVALHO, 343 CORDOVIL. 21250-240 Rio de Janeiro - RJ.
33105782;EDUC BAPTISTA MORAES;-22.86362000;-43.26544000;infantil|fundamental_i|fundamental_ii;privada;ativa;geral;nao;RUA REGIO, 286 RAMOS. 21060-630 Rio de Janeiro - RJ.
33077339;EDUC N S DO AMPARO ASSOCIACAO FRANCISCANA NOSSA SENHORA DO AMPARO;-22.94861570;-43.33973590;fundamental_i;privada;ativa;geral;nao;ESTRADA DE JACAREPAGUA, 6883 ANIL. 22753-033 Rio de Janeiro - RJ.
33119015;EDUC SALT LTDA;-22.90638000;-43.53644000;infantil|fundamental_i;privada;ativa;geral;nao;RUA MICRONESIA, 03 QUADRA A. CAMPO GRANDE. 23015-070 Rio de Janeiro - RJ.
33160171;EDUCACAO INFANTIL E FUNDAMENTAL EML;-22.92464040;-43.56035580;infantil|fundamental_i;privada;ativa;geral;nao;ESTRADA IARAQUA, 585 CAMPO GRANDE. 23047-160 Rio de Janeiro - RJ.
33116660;EDUCANDARIO CARVALHO QUEIROZ;-22.90983000;-43.54845000;infantil|fundamental_i;privada;ativa;geral;nao;RUA MARIA EUGENIA CELSO, 30 PREDIO. CAMPO GRANDE. 23052-260 Rio de Janeiro - RJ.
33147655;EDUCANDARIO CONCEICAO CARVALHO;-22.92185000;-43.67739000;infantil|fundamental_i|fundamental_ii;privada;ativa;geral;nao;RUA CRUVELO CAVALCANTI, 274 SANTA CRUZ. 23510-200 Rio de Janeiro - RJ.
33066094;EDUCANDARIO GONCALVES DE ARAUJO;-22.89745000;-43.22222000;fundamental_ii;privada;ativa;geral;nao;CAMPO SAO CRISTOVAO, 310 SAO CRISTOVAO. 20921-440 Rio de Janeiro - RJ.
33066108;EDUCANDARIO GONCALVES DE ARAUJO;-22.89367000;-43.22604000;fundamental_i;privada;ativa;geral;nao;RUA TEIXEIRA JUNIOR, 158 SAO CRISTOVAO. 20921-405 Rio de Janeiro - RJ.
33116610;EDUCANDARIO INHOAIBA;-22.91232000;-43.59909000;fundamental_i|fundamental_ii;privada;ativa;geral;nao;RUA OSCAR GUIMARAES, 175 INHOAIBA. 23059-590 Rio de Janeiro - RJ.
33072043;EDUCANDARIO MADRE GUELL;-22.89631491;-43.28064183;infantil|fundamental_i|fundamental_ii;privada;ativa;geral;nao;RUA GETULIO, 72 RUA GETULIO, 72. TODOS OS SANTOS. 20775-001 Rio de Janeiro - RJ.
33171998;EDUCANDARIO MOLINA;-22.85623000;-43.26804000;infantil|fundamental_i|fundamental_ii;privada;ativa;geral;nao;RUA PARANHOS, 124 OLARIA. 21073-460 Rio de Janeiro - RJ.
33105820;EDUCANDARIO NEWTON MONTEIRO;-22.84045614;-43.40304402;infantil|fundamental_i|fundamental_ii;privada;ativa;geral;nao;RUA GUANANDI, 195 RICARDO DE ALBUQUERQUE. 21620-290 Rio de Janeiro - RJ.
33235210;EDUCANDARIO PARQUE DOS ANJOS LTDA;-22.93635000;-43.36850000;infantil|fundamental_i|fundamental_ii;privada;ativa;geral;nao;RUA GENERAL MIGUEL FERREIRA, 32,46, 68 TAQUARA. 22770-590 Rio de Janeiro - RJ.
33135150;EDUCANDARIO SANTA BARBARA;-22.85074000;-43.32838000;infantil|fundamental_i;privada;ativa;geral;nao;RUA GUIRAREIA, 121 FUNDOS. IRAJA. 21371-420 Rio de Janeiro - RJ.
33121540;EDUCANDARIO SANTA MARTA JD O VOO LIVRE;-22.83267000;-43.31903000;infantil|fundamental_i;privada;ativa;geral;nao;AVENIDA BRAZ DE PINA, 2089 VISTA ALEGRE. 21235-604 Rio de Janeiro - RJ.
33350205;EDUCANDARIO SENA SANTOS;-22.84841000;-43.24508000;infantil|fundamental_i|fundamental_ii;privada;ativa;geral;nao;AVENIDA BRIGADEIRO TROMPOWSKI, 220 RAMOS. 21044-020 Rio de Janeiro - RJ.
33124175;EDUCANDARIO SYLLABATIM;-22.88340980;-43.26294670;infantil|fundamental_i|fundamental_ii;privada;ativa;geral;nao;RUA PROFESSOR BOSCOLI, 181 MARIA DA GRACA. 20785-460 Rio de Janeiro - RJ.
33187134;ELPIDIO JUNIOR CUIDADOS INFANTINS LTDA CRECHE ESCOLA ELPIDIO JR;-22.87963333;-43.44681500;infantil;privada;ativa;geral;nao;ESTRADA DO REALENGO, 534 PADRE MIGUEL. 21715-332 Rio de Janeiro - RJ.
33160180;ENSINO MEDIO MONTEIRO LOBATO LTDA;-22.92490030;-43.56022510;fundamental_ii;privada;ativa;geral;nao;ESTRADA IARAQUA, 585 CAMPO GRANDE. 23047-160 Rio de Janeiro - RJ.
33063974;ESC ADVENTISTA DE BOTAFOGO;-22.95087000;-43.19287000;infantil|fundamental_i|fundamental_ii;privada;ativa;geral;nao;RUA DA MATRIZ, 16 BOTAFOGO. 22260-100 Rio de Janeiro - RJ.
33085846;ESC BRETANHA JD INFANCIA TIO CARECA;-22.78966000;-43.16722000;infantil|fundamental_i|fundamental_ii;privada;ativa;geral;nao;RUA MIRITIBA, 317 FREGUESIA ILHA DO GOVERNADOR. 21911-120 Rio de Janeiro - RJ.
33123365;ESC EDUC INFANTIL ABELHAS DE MEL;-22.79418000;-43.17504000;infantil;privada;ativa;geral;nao;RUA PIO DUTRA, 573 549. FREGUESIA ILHA DO GOVERNADOR. 21911-200 Rio de Janeiro - RJ.
33072426;ESC FRANCISCA PAULA DE JESUS;-22.89582000;-43.27571000;infantil|fundamental_i|fundamental_ii;privada;ativa;geral;nao;RUA TENENTE COSTA, 76 MEIER. 20775-080 Rio de Janeiro - RJ.
33065586;ESC JOCKEY CLUB BRASILEIRO;-22.97707000;-43.22487000;fundamental_i|fundamental_ii;privada;ativa;geral;nao;AVENIDA BORGES DE MEDEIROS, 1601 LAGOA. 22470-002 Rio de Janeiro - RJ.
33069077;ESC LINEAR;-22.86932000;-43.25550000;infantil|fundamental_i|fundamental_ii;privada;ativa;geral;nao;RUA SAINT HILAIRE, 156 BONSUCESSO. 21050-810 Rio de Janeiro - RJ.
33085889;ESC MARTIM PESCADOR;-22.81198000;-43.20013000;infantil|fundamental_i;privada;ativa;geral;nao;RUA ITUA, 559 JARDIM GUANABARA. 21940-180 Rio de Janeiro - RJ.
33085897;ESC MODELAR CAMBAUBA;-22.80581400;-43.20803900;infantil|fundamental_i|fundamental_ii;privada;ativa;geral;nao;RUA CAMBAUBA, 101 JARDIM GUANABARA. 21940-005 Rio de Janeiro - RJ.
33105677;ESC NAU NUCLEO DE ARTE DA URCA;-22.94719000;-43.16173000;infantil;privada;ativa;geral;nao;AVENIDA PASTEUR, 453 BOTAFOGO. 22290-240 Rio de Janeiro - RJ.
33064229;ESC NS DA MISERICORDIA - OUR LADY OF MERCY SCHOOL;-22.95624000;-43.19367000;infantil|fundamental_i|fundamental_ii;privada;ativa;geral;nao;RUA VISCONDE DE CARAVELAS, 48 BOTAFOGO. 22271-022 Rio de Janeiro - RJ.
33065829;ESC PARAISO INFANTIL POPEYE LTDA;-22.96714000;-43.21705000;infantil|fundamental_i;privada;ativa;geral;nao;AVENIDA BORGES DE MEDEIROS - CLUBE NAVAL - PIRAQUE, 2364 LAGOA. 22470-001 Rio de Janeiro - RJ.
33078408;ESC PITUQUINHA LTDA;-22.90215000;-43.35170000;infantil|fundamental_i|fundamental_ii;privada;ativa;geral;nao;RUA FLORIANOPOLIS, 1496 PRACA SECA. 21321-054 Rio de Janeiro - RJ.
33128391;ESC POLITECNICA DE SAUDE JOAQUIM VENANCI;-22.87936311;-43.24905224;;federal;ativa;geral;nao;AVENIDA BRASIL, 4365 PREDIO DA EPSJV. MANGUINHOS. 21040-360 Rio de Janeiro - RJ.
33068470;ESC REIZINHO LTDA;-22.92244000;-43.25814000;infantil|fundamental_i|fundamental_ii;privada;ativa;geral;nao;RUA BARAO DO BOM RETIRO, 2207 CASA. GRAJAU. 20540-341 Rio de Janeiro - RJ.
33120730;ESC SA PEREIRA LTDA;-22.95444278;-43.19633538;infantil|fundamental_i;privada;ativa;geral;nao;RUA CAPISTRANO DE ABREU, 29 BOTAFOGO. 22271-000 Rio de Janeiro - RJ.
33085269;ESC SANTA ISABEL;-22.92134000;-43.68362000;infantil|fundamental_i|fundamental_ii;privada;ativa;geral;nao;AVENIDA ISABEL, 109 E 99 SANTA CRUZ. 23515-162 Rio de Janeiro - RJ.
33105731;ESC SANTA MARTA JARDIM O VOO LIVRE;-22.81704000;-43.31791000;infantil|fundamental_i;privada;ativa;geral;nao;RUA ROSSINI, 22 JARDIM AMERICA. 21240-540 Rio de Janeiro - RJ.
33105618;ESC SEMENTE DO SABER;-22.92594000;-43.35817000;infantil;privada;ativa;geral;nao;RUA SAMUEL DAS NEVES, 73 PECHINCHA. 22770-110 Rio de Janeiro - RJ.
33083533;ESC STA BARBARA FILIAL 2;-22.89040000;-43.57723000;infantil|fundamental_i|fundamental_ii;privada;ativa;geral;nao;RUA DOMINGOS MEIRELES, 242 VILA NOVA. CAMPO GRANDE. 23070-500 Rio de Janeiro - RJ.
33083541;ESC STA BARBARA LTDA;-22.88427000;-43.56169000;infantil|fundamental_i|fundamental_ii;privada;ativa;geral;nao;RUA PROFESSOR CARLOS BOISSON, 363 CAMPO GRANDE. 23090-330 Rio de Janeiro - RJ.
33062528;ESC TEC DO ARSENAL DE MARINHA DO RJ;-22.89837000;-43.17662000;;federal;paralisada;geral;nao;PRACA BARAO DE LADARIO, S/Nº ILHA DAS COBRAS ED35. CENTRO. 20091-000 Rio de Janeiro - RJ.
33141053;ESC TECNICA ARTE DO DENTE;-22.96496000;-43.17695000;;privada;ativa;geral;nao;AVENIDA NOSSA SENHORA DE COPACABANA, 500 501 E 502. COPACABANA. 22020-001 Rio de Janeiro - RJ.
33078440;ESC VINTE E TRES DE ABRIL LTDA;-22.88680000;-43.35293000;infantil|fundamental_i|fundamental_ii;privada;ativa;geral;nao;RUA TRAIRI, 229 FUNDOS. PRACA SECA. 21341-360 Rio de Janeiro - RJ.
33088543;ESCOLA ADVENTISTA DE INHAUMA;-22.87636000;-43.28595000;infantil|fundamental_i|fundamental_ii;privada;ativa;geral;nao;RUA MATEUS SILVA, 222 INHAUMA. 20760-480 Rio de Janeiro - RJ.
33064032;ESCOLA ALEMA CORCOVADO - EXPERIMENTAL;-22.95105000;-43.19423000;infantil|fundamental_i|fundamental_ii;privada;ativa;geral;nao;RUA SAO CLEMENTE, 388 BOTAFOGO. 22260-000 Rio de Janeiro - RJ.
33065543;ESCOLA AMERICANA DO RIO DE JANEIRO;-22.98439000;-43.24514000;infantil|fundamental_i|fundamental_ii;privada;ativa;geral;nao;ESTRADA DA GAVEA, 132 GAVEA. 22451-263 Rio de Janeiro - RJ.
33223610;ESCOLA AMERICANA DO RIO DE JANEIRO-UNIDADE BARRA;-22.99498560;-43.40271920;infantil|fundamental_i|fundamental_ii;privada;ativa;geral;nao;RUA COLBERT COELHO, 155 BARRA DA TIJUCA. 22793-313 Rio de Janeiro - RJ.
33162603;ESCOLA AMPLA - UNIDADE PILARES;-22.88213000;-43.29494000;fundamental_i|fundamental_ii;privada;ativa;geral;nao;AVENIDA DOM HELDER CAMARA, 6845 PILARES. 20751-000 Rio de Janeiro - RJ.
33135703;ESCOLA BAMBALALAO LTDA;-22.92666180;-43.37278518;infantil|fundamental_i;privada;ativa;geral;nao;RUA MAMORE, 92 FREGUESIA JACAREPAGUA. 22760-080 Rio de Janeiro - RJ.
33099421;ESCOLA BATAN;-22.86103000;-43.42800000;infantil|fundamental_i;privada;ativa;geral;nao;RUA SAO MENA, 161 REALENGO. 21730-460 Rio de Janeiro - RJ.
33174415;ESCOLA BRINCANDO E APRENDENDO LTDA - ME;-22.95212399;-43.33437036;infantil|fundamental_i;privada;ativa;geral;nao;RUA CARMEM DOLORES, 132 CASA. ANIL. 22755-090 Rio de Janeiro - RJ.
33156433;ESCOLA BRITANICA - THE BRITISH SCHOOL RIO DE JANEIRO BOTAFO;-22.95324425;-43.19188208;infantil;privada;ativa;geral;nao;RUA DA MATRIZ, 87 BOTAFOGO. 22260-100 Rio de Janeiro - RJ.
33130477;ESCOLA BRITANICA - THE BRITISH SCHOOL RIO DE JANEIRO BOTAFOGO;-22.95193512;-43.19216413;infantil;privada;ativa;geral;nao;RUA DA MATRIZ, 41 / 43 BOTAFOGO. 22260-100 Rio de Janeiro - RJ.
33145474;ESCOLA BRITANICA - THE BRITISH SCHOOL RIO DE JANEIRO BOTAFOGO;-22.95306739;-43.19179583;fundamental_i;privada;ativa;geral;nao;RUA DA MATRIZ, 76 E 90 BOTAFOGO. 22260-100 Rio de Janeiro - RJ.
33146080;ESCOLA BRITANICA - THE BRITISH SCHOOL RIO DE JANEIRO BOTAFOGO;-22.95302443;-43.19331740;infantil|fundamental_i;privada;ativa;geral;nao;RUA REAL GRANDEZA, 87 BOTAFOGO. 22281-034 Rio de Janeiro - RJ.
33063990;ESCOLA BRITANICA - THE BRITISH SCHOOL RIO DE JANEIRO URCA;-22.95375462;-43.16922303;fundamental_ii;privada;ativa;geral;nao;AVENIDA PASTEUR, 429 URCA. 22290-240 Rio de Janeiro - RJ.
33148384;ESCOLA BRITANICA THE BRITISH SCHOOL RIO DE JANEIRO BARRA;-22.99591000;-43.39129000;infantil|fundamental_i|fundamental_ii;privada;ativa;geral;nao;RUA MARIO AUTUORI, 100 BARRA DA TIJUCA. 22793-276 Rio de Janeiro - RJ.
33135070;ESCOLA CAMPOS DO SABER UNIPESSOAL SIMPLES LTDA;-22.91795000;-43.25948000;infantil|fundamental_i;privada;ativa;geral;nao;RUA ALEXANDRE CALAZA, 62 VILA ISABEL. 20560-110 Rio de Janeiro - RJ.
33178496;ESCOLA CANADENSE DA BARRA;-23.00917012;-43.32185302;fundamental_i|fundamental_ii;privada;ativa;geral;nao;RUA MARTINHO DE MESQUITA, 271 BARRA DA TIJUCA. 22620-220 Rio de Janeiro - RJ.
33161461;ESCOLA CANADENSE DO RIO DE JANEIRO LTDA;-23.00940439;-43.32168390;infantil;privada;ativa;geral;nao;RUA MARTINHO DE MESQUITA, 136 BARRA DA TIJUCA. 22620-220 Rio de Janeiro - RJ.
33169489;ESCOLA CAROLINA PATRICIO - GENTE MIUDA;-23.00105000;-43.39297000;infantil;privada;ativa;geral;nao;AVENIDA DAS AMERICAS, 7899 BARRA DA TIJUCA. 22793-081 Rio de Janeiro - RJ.
33106002;ESCOLA CAROLINA PATRICIO UNIDADE RECREIO;-23.01158000;-43.44032000;;privada;extinta;geral;nao;RUA VITORINO FERNANDES, 275 RECREIO DOS BANDEIRANTES. 22790-180 Rio de Janeiro - RJ.
33182612;ESCOLA CASA DA MANGUEIRA LTDA;-22.95248667;-43.19101167;infantil|fundamental_i;privada;ativa;geral;nao;RUA DAS PALMEIRAS, 67 BOTAFOGO. 22270-070 Rio de Janeiro - RJ.
33176426;ESCOLA DA TRAVESSA;-22.93293613;-43.18158086;infantil;privada;ativa;geral;nao;TRAVESSA EURICLES DE MATOS, 32 LARANJEIRAS. 22240-010 Rio de Janeiro - RJ.
33167532;ESCOLA DE DANCA PETITE DANSE;-22.93392455;-43.24003712;;privada;ativa;geral;nao;RUA URUGUAI, 463 TIJUCA. 20510-060 Rio de Janeiro - RJ.
33066930;ESCOLA DE EDUCACAO BASICA E PROFISSIONAL FUNDACAO BRADESCO;-22.91983000;-43.21460000;infantil|fundamental_i|fundamental_ii;privada;ativa;geral;nao;RUA HADDOCK LOBO, 253 TIJUCA. 20260-141 Rio de Janeiro - RJ.
33511217;ESCOLA DE EDUCACAO INFANTIL QUERUBIM;-23.01588000;-43.46728000;infantil|fundamental_i;privada;ativa;geral;nao;RUA IVO BORGES, 348 348. RECREIO DOS BANDEIRANTES. 22790-440 Rio de Janeiro - RJ.
33141037;ESCOLA DE MUSICA VILLA-LOBOS;-22.90621181;-43.17974786;;estadual;ativa;geral;nao;RUA RAMALHO ORTIGAO, 09 CENTRO. 20051-050 Rio de Janeiro - RJ.
33064504;ESCOLA DINAMIS;-22.94613000;-43.18451000;fundamental_i;privada;ativa;geral;nao;RUA VISCONDE DE OURO PRETO, 51 BOTAFOGO. 22250-180 Rio de Janeiro - RJ.
33140677;ESCOLA DINAMIS;-22.94558000;-43.18553000;fundamental_i|fundamental_ii;privada;ativa;geral;nao;RUA BAMBINA, 59 BOTAFOGO. 22251-050 Rio de Janeiro - RJ.
33100705;ESCOLA DINAMIS LTDA;-22.94706000;-43.18595000;;privada;ativa;geral;nao;RUA BAMBINA, 118 BOTAFOGO. 22251-050 Rio de Janeiro - RJ.
33064440;ESCOLA DOM CIPRIANO CHAGAS;-22.95795000;-43.18489000;infantil|fundamental_i;privada;ativa;geral;nao;RUA ALVARO RAMOS, 513 525. BOTAFOGO. 22280-110 Rio de Janeiro - RJ.
33172730;ESCOLA EDUCAR BRASIL LTDA;-23.02357000;-43.48593000;infantil|fundamental_i|fundamental_ii;privada;ativa;geral;nao;AVENIDA AILTON HENRIQUE DA COSTA, 300 RECREIO DOS BANDEIRANTES. 22795-290 Rio de Janeiro - RJ.
33178860;ESCOLA ELEVA;-22.95446472;-43.17888054;infantil|fundamental_i|fundamental_ii;privada;ativa;geral;nao;RUA GENERAL SEVERIANO, 159 BOTAFOGO. 22290-040 Rio de Janeiro - RJ.
33183830;ESCOLA ELEVA;-22.98874686;-43.36204686;infantil|fundamental_i|fundamental_ii;privada;ativa;geral;nao;AV PAISAGISTA JOSE SILVA DE AZEVEDO NETO, 309 BARRA DA TIJUCA. 22641-002 Rio de Janeiro - RJ.
33124183;ESCOLA FUTUROS TALENTOS;-22.84763000;-43.37704000;infantil|fundamental_i;privada;ativa;geral;nao;RUA MATRICARIA, 570 GUADALUPE. 21670-420 Rio de Janeiro - RJ.
33149143;ESCOLA GISS - GRUPO INTEGRADO SOUZA SEQUEIRA;-22.92070000;-43.23869000;infantil;privada;ativa;geral;nao;RUA AMBROSINA, 42 VILA ISABEL. 20540-120 Rio de Janeiro - RJ.
33156379;ESCOLA IG BY RECRIAR;-22.80372540;-43.21078170;infantil|fundamental_i;privada;ativa;geral;nao;RUA HAROLDO LOBO, 135 PORTUGUESA. 21931-580 Rio de Janeiro - RJ.
33164665;ESCOLA IMAGINARTE;-22.92370000;-43.24310000;infantil;privada;ativa;geral;nao;RUA AMARAL, 56 ANDARAI. 20541-155 Rio de Janeiro - RJ.
33181829;ESCOLA IMAGINE DE EDUCACAO INFANTIL LTDA;-22.92589506;-43.36531305;infantil;privada;ativa;geral;nao;RUA CACU, 452 TAQUARA. 22710-074 Rio de Janeiro - RJ.
33181799;ESCOLA IMAGINE SO LTDA;-22.92904011;-43.37181684;infantil|fundamental_i;privada;ativa;geral;nao;RUA JACIRU, 214 TAQUARA. 22740-020 Rio de Janeiro - RJ.
33064040;ESCOLA ISRAELITA BRASILEIRA ELIEZER STEINBARG MAX NORDAU;-22.93731767;-43.19009646;infantil|fundamental_i|fundamental_ii;privada;ativa;geral;nao;RUA DAS LARANJEIRAS, 401 405. LARANJEIRAS. 22240-005 Rio de Janeiro - RJ.
33161470;ESCOLA JARDIM SEMENTE SAINT GEORGES LTDA;-23.01950390;-43.47115560;infantil;privada;ativa;geral;nao;AVENIDA GENARO DE CARVALHO, LOTE 22 QUADRA 37. RECREIO DOS BANDEIRANTES. 22795-070 Rio de Janeiro - RJ.
33180040;ESCOLA JOAO DE BARRO DESENVOLVIMENTO INFANTIL;-23.01417900;-43.44629290;infantil;privada;ativa;geral;nao;AVENIDA ALFREDO BALTHAZAR DA SILVEIRA, 452 RECREIO DOS BANDEIRANTES. 22790-710 Rio de Janeiro - RJ.
33223203;ESCOLA LICENCIADA AZ MEIER;-22.90538000;-43.29183000;fundamental_ii;privada;ativa;geral;nao;RUA DIAS DA CRUZ, 605 MEIER. 20720-011 Rio de Janeiro - RJ.
33132585;ESCOLA MARIA DE FATIMA;-22.91439000;-43.20477000;infantil|fundamental_i;privada;ativa;geral;nao;RUA MAIA LACERDA, 105 CASA. ESTACIO. 20250-000 Rio de Janeiro - RJ.
33065594;ESCOLA MATER;-22.99817060;-43.27004880;infantil|fundamental_i|fundamental_ii;privada;ativa;geral;nao;RUA ENGENHEIRO ALVARO NIEMEYER, 126 CASA. SAO CONRADO. 22610-180 Rio de Janeiro - RJ.
33127131;ESCOLA MENINOS DE LUZ;-22.98105000;-43.19556000;fundamental_i;privada;ativa;geral;nao;RUA SAINT ROMAN, 138 COPACABANA. 22071-060 Rio de Janeiro - RJ.
33088551;ESCOLA NELSON AMADO;-22.87064000;-43.29543000;infantil|fundamental_i|fundamental_ii;privada;ativa;geral;nao;RUA JULIA CORTINES, 86 ENGENHO DA RAINHA. 20761-200 Rio de Janeiro - RJ.
33081263;ESCOLA NOSSA SENHORA DO CARMO;-22.87942748;-43.43469009;infantil|fundamental_i|fundamental_ii;privada;ativa;geral;nao;RUA GENERAL SEZEFREDO, 365 REALENGO. 21715-062 Rio de Janeiro - RJ.
33120846;ESCOLA OGA MITA;-22.94570000;-43.25466000;fundamental_ii;privada;ativa;geral;nao;RUA CONDE DE BONFIM, 1305 TIJUCA. 20530-001 Rio de Janeiro - RJ.
33064369;ESCOLA ORT;-22.95606000;-43.18745000;fundamental_ii;privada;ativa;geral;nao;RUA DONA MARIANA, 213 BOTAFOGO. 22280-020 Rio de Janeiro - RJ.
33174369;ESCOLA PADRE AGOSTINHO CASTEJON;-22.94919000;-43.19311000;infantil;privada;ativa;geral;nao;RUA MARECHAL FRANCISCO DE MOURA, 183 BOTAFOGO. 22260-140 Rio de Janeiro - RJ.
33078394;ESCOLA PADRE BUTINHA;-22.90101000;-43.34944000;infantil|fundamental_i|fundamental_ii;privada;ativa;geral;nao;RUA BARAO, 585 PRACA SECA. 21321-620 Rio de Janeiro - RJ.
33062510;ESCOLA PADRE DOUTOR FRANCISCO DA MOTTA;-22.89806000;-43.18402000;infantil|fundamental_i|fundamental_ii;privada;ativa;geral;nao;BECO JOAO JOSE, 14/16 SAUDE. 20081-150 Rio de Janeiro - RJ.
33065837;ESCOLA PARQUE;-22.98209107;-43.23956992;infantil|fundamental_i|fundamental_ii;privada;ativa;geral;nao;RUA MARQUES DE SAO VICENTE, 355, 483 GAVEA. 22451-041 Rio de Janeiro - RJ.
33148376;ESCOLA PARQUE - BARRA;-23.00453603;-43.42467170;infantil|fundamental_i|fundamental_ii;privada;ativa;geral;nao;RUA PEDRA DE ITAUNA, 111 BARRA DA TIJUCA. 22793-390 Rio de Janeiro - RJ.
33148295;ESCOLA PEDRA DA GAVEA - BARRINHA I;-23.00737000;-43.29459000;infantil|fundamental_i;privada;ativa;geral;nao;AVENIDA VITOR KONDER, 459 BARRA DA TIJUCA. 22611-250 Rio de Janeiro - RJ.
33135398;ESCOLA PEDRA DA GAVEA - JARDIM OCEANICO;-23.01141000;-43.30324000;infantil;privada;ativa;geral;nao;AVENIDA JOAO CARLOS MACHADO, 411 BARRA DA TIJUCA. 22620-081 Rio de Janeiro - RJ.
33185603;ESCOLA PEDRA DA GAVEA - UNIDADE IPANEMA;-22.98173112;-43.21057804;infantil;privada;ativa;geral;nao;RUA NASCIMENTO SILVA, 470 IPANEMA. 22421-026 Rio de Janeiro - RJ.
33140472;ESCOLA PINHEIRO JUNIOR;-22.96652000;-43.18452000;infantil|fundamental_i|fundamental_ii;privada;ativa;geral;nao;RUA HILARIO DE GOUVEIA, 43 COPACABANA. 22040-020 Rio de Janeiro - RJ.
33138885;ESCOLA PINHEIRO JUNIOR CATETE;-22.92591000;-43.17856000;infantil|fundamental_i|fundamental_ii;privada;ativa;geral;nao;RUA SILVEIRA MARTINS, 151 FLAMENGO. 22221-000 Rio de Janeiro - RJ.
33140219;ESCOLA PINHEIRO JUNIOR TIJUCA;-22.91879000;-43.22536000;infantil|fundamental_i|fundamental_ii;privada;ativa;geral;nao;RUA ALMIRANTE COCHRANE, 196 TIJUCA. 20550-040 Rio de Janeiro - RJ.
33074771;ESCOLA PIO XII;-22.85509000;-43.30767000;infantil|fundamental_i|fundamental_ii;privada;ativa;geral;nao;AVENIDA MERITI, 265 VILA KOSMOS. 21220-203 Rio de Janeiro - RJ.
33192707;ESCOLA PROFESSOR LUIS ROBERTO LTDA;-22.92650153;-43.37290374;infantil|fundamental_i;privada;ativa;geral;nao;RUA NACIONAL, 533 TAQUARA. 22710-093 Rio de Janeiro - RJ.
33127760;ESCOLA ROSA DOS VENTOS;-22.90585000;-43.57142000;infantil|fundamental_i|fundamental_ii;privada;ativa;geral;nao;RUA SAQUAREMA, 225 CAMPO GRANDE. 23050-110 Rio de Janeiro - RJ.
33064253;ESCOLA SA PEREIRA;-22.95463067;-43.19581098;;privada;paralisada;geral;nao;RUA CAPISTRANO DE ABREU, 29 BOTAFOGO. 22271-000 Rio de Janeiro - RJ.
33183031;ESCOLA SA PEREIRA;-22.95140000;-43.19257000;fundamental_i|fundamental_ii;privada;ativa;geral;nao;RUA DA MATRIZ, 25 BOTAFOGO. 22260-100 Rio de Janeiro - RJ.
33087520;ESCOLA SAO MIGUEL;-22.92012000;-43.19293000;fundamental_i;privada;ativa;geral;nao;RUA GONCALVES, 118 SANTA TERESA. 20251-350 Rio de Janeiro - RJ.
33121770;ESCOLA SATHYA SAI DE VILA ISABEL;-22.92409000;-43.24986000;infantil|fundamental_i;privada;ativa;geral;nao;RUA BARAO DE SAO FRANCISCO, 65 ANDARAI. 20560-031 Rio de Janeiro - RJ.
33105111;ESCOLA SESI JACAREPAGUA - TANQUE;-22.92428000;-43.36288000;fundamental_i|fundamental_ii;privada;ativa;geral;nao;AVENIDA GEREMARIO DANTAS, 342 TANQUE. 22735-015 Rio de Janeiro - RJ.
33174288;ESCOLA SUICO BRASILEIRA RIO DE JANEIRO BY SWISS INTERNATIONAL SCHOOLS DO BRASIL;-23.00668000;-43.29560000;infantil|fundamental_i;privada;ativa;geral;nao;ESTRADA SORIMA, 400 BARRA DA TIJUCA. 22611-030 Rio de Janeiro - RJ.
33150443;ESCOLA TECNICA CENIB;-22.91156000;-43.17498000;;privada;ativa;geral;nao;AVENIDA RIO BRANCO, 257 3 ANDAR. CENTRO. 20040-009 Rio de Janeiro - RJ.
33181365;ESCOLA TECNICA DE ESTUDOS DO MAR;-22.94375000;-43.18244333;;privada;ativa;geral;nao;RUA MARQUES DE OLINDA, 18 CASA. BOTAFOGO. 22251-040 Rio de Janeiro - RJ.
33165530;ESCOLA TECNICA DE IMAGEM E SAUDE;-22.88648000;-43.46500000;;privada;ativa;geral;nao;RUA FONSECA, 755 BANGU. 21820-005 Rio de Janeiro - RJ.
33505217;ESCOLA TECNICA ELECTRA;-22.89949270;-43.55956500;;privada;ativa;geral;nao;RUA ALFREDO DE MORAES, 85 NAO POSSUI. CAMPO GRANDE. 23080-100 Rio de Janeiro - RJ.
33117969;ESCOLA TECNICA ESTADUAL ADOLPHO BLOCH;-22.90764000;-43.22980000;;estadual;ativa;geral;nao;AVENIDA BARTOLOMEU DE GUSMAO, 850 SAO CRISTOVAO. 20941-160 Rio de Janeiro - RJ.
33141061;ESCOLA TECNICA ESTADUAL DE TEATRO MARTINS PENA;-22.90958000;-43.18861000;;estadual;ativa;geral;nao;RUA VINTE DE ABRIL, 14 CENTRO. 20231-020 Rio de Janeiro - RJ.
33067228;ESCOLA TECNICA ESTADUAL FERREIRA VIANA;-22.91384270;-43.22591330;;estadual;ativa;geral;nao;RUA GENERAL CANABARRO, 291 MARACANA. 20271-202 Rio de Janeiro - RJ.
33075034;ESCOLA TECNICA ESTADUAL OSCAR TENORIO;-22.86144000;-43.37690000;;estadual;ativa;geral;nao;RUA XAVIER CURADO, 0 MARECHAL HERMES. 21610-330 Rio de Janeiro - RJ.
33076502;ESCOLA TECNICA ESTADUAL VISCONDE DE MAUA;-22.85925000;-43.37525000;;estadual;ativa;geral;nao;RUA JOAO VICENTE, 1775 MARECHAL HERMES. 21610-210 Rio de Janeiro - RJ.
33168709;ESCOLA TECNICA SANDRA SILVA;-22.85424000;-43.24833000;;privada;ativa;geral;nao;RUA BITTENCOURT SAMPAIO, 10 RAMOS. 21040-182 Rio de Janeiro - RJ.
33170630;ESCOLA TECNICA SANDRA SILVA;-22.90958000;-43.58153000;fundamental_ii;privada;ativa;geral;nao;AVENIDA CESARIO DE MELO, 5290 CAMPO GRANDE. 23059-001 Rio de Janeiro - RJ.
33128863;ESCOLA TEMPO DE CRESCER;-22.96825000;-43.19073000;infantil;privada;ativa;geral;nao;RUA LACERDA COUTINHO, 54 COPACABANA. 22041-030 Rio de Janeiro - RJ.
33105863;ESCOLINHA COMUNITARIA ANCT;-22.91549310;-43.19370450;infantil|fundamental_i|fundamental_ii;privada;ativa;geral;nao;RUA DOM PEDRO MASCARENHAS, 73 CATUMBI. 20251-610 Rio de Janeiro - RJ.
33117519;ESCOLINHA PIMPOLHO LTDA;-22.82701000;-43.41351000;;privada;paralisada;geral;nao;RUA AIACA, 71 ANCHIETA. 21630-010 Rio de Janeiro - RJ.
33156590;ESCOLINHA TIA REGINA 441 LTDA;-22.89669000;-43.35975000;infantil|fundamental_i;privada;ativa;geral;nao;RUA FLORIANOPOLIS, 467 PRACA SECA. 21321-050 Rio de Janeiro - RJ.
33124817;ESPACO ALTERNATIVO FAZENDO ARTES LTDA;-22.95388000;-43.34072000;infantil|fundamental_i|fundamental_ii;privada;ativa;geral;nao;PRACA SOLDADO MARIO KOSEL FILHO, 125 ANIL. 22765-330 Rio de Janeiro - RJ.
33148970;ESPACO DE DESENVOLVIMENTO INFANTIL CASA DA CRIANCA;-22.86131900;-43.36442150;infantil|fundamental_i;privada;ativa;geral;nao;RUA ANTONIO RAPOSO, 311 BENTO RIBEIRO. 21550-550 Rio de Janeiro - RJ.
33065560;ESPACO EDUCACAO SA;-22.98412860;-43.23031320;infantil|fundamental_i;privada;ativa;geral;nao;RUA TIMOTEO DA COSTA, 149 LEBLON. 22450-130 Rio de Janeiro - RJ.
33108188;ESPACO ENVOLVIMENTO;-22.97259000;-43.22702000;infantil|fundamental_i;privada;ativa;geral;nao;RUA MAJOR RUBENS VAZ, 537 CASA. GAVEA. 22470-070 Rio de Janeiro - RJ.
33168865;ESPACO KIDS CRECHE ESCOLA LTDA ME;-22.92351000;-43.36267000;infantil|fundamental_i;privada;ativa;geral;nao;RUA PIRASSINUNGA, 138 TANQUE. 22735-280 Rio de Janeiro - RJ.
33134626;ESTACAO FUTURO CENTRO EDUCACIONAL LTDA;-22.92712000;-43.23979000;infantil;privada;ativa;geral;nao;RUA MARIA AMALIA, 24 TIJUCA. 20510-130 Rio de Janeiro - RJ.
33162549;ESTACAO FUTURO CENTRO EDUCACIONAL LTDA;-22.92938000;-43.23955000;infantil;privada;ativa;geral;nao;RUA JOAO DA MATA, 35 TIJUCA. 20511-260 Rio de Janeiro - RJ.
33151385;ETE DE SAUDE HERBERT JOSE DE SOUZA;-22.89262000;-43.32435000;;estadual;ativa;geral;nao;RUA CLARIMUNDO DE MELO, 847 QUINTINO BOCAIUVA. 21311-281 Rio de Janeiro - RJ.
33069522;EXTERNATO PINHEIRO LTDA;-22.85305000;-43.26798000;infantil|fundamental_i|fundamental_ii;privada;ativa;geral;nao;RUA CONSELHEIRO PAULINO, 299 OLARIA. 21073-240 Rio de Janeiro - RJ.
33065055;EXTERNATO SANTO ANTONIO;-22.96774167;-43.18229167;infantil|fundamental_i|fundamental_ii;privada;ativa;geral;nao;AVENIDA NOSSA SENHORA DE COPACABANA, 437 CASA. COPACABANA. 22020-002 Rio de Janeiro - RJ.
33171939;FOR KIDS CRECHE E ESCOLA LTDA;-23.01514000;-43.45956000;infantil;privada;ativa;geral;nao;RUA PROFESSOR HERMES LIMA, 54 RECREIO DOS BANDEIRANTES. 22795-065 Rio de Janeiro - RJ.
33185204;FTEC TECNICO;-22.91093000;-43.17425000;;privada;ativa;geral;nao;RUA SANTA LUZIA, 735  2 AO 7 ANDA. CENTRO. 20030-041 Rio de Janeiro - RJ.
33063222;FUNDACAO OSORIO;-22.93402000;-43.21059000;fundamental_i|fundamental_ii;federal;ativa;geral;nao;RUA PAULA RAMOS, 52 RIO COMPRIDO. 20261-210 Rio de Janeiro - RJ.
33150087;FUTURO CERTO;-22.83758000;-43.31429000;infantil|fundamental_i;privada;ativa;geral;nao;AVENIDA BRAZ DE PINA, 1691 CASA 2. BRAZ DE PINA. 21235-602 Rio de Janeiro - RJ.
33110360;GALATAS SISTEMA EDUCACIONAL;-22.89264000;-43.36027000;infantil|fundamental_i|fundamental_ii;privada;ativa;geral;nao;RUA SANTA GENOVEVA, 250 PRACA SECA. 21321-240 Rio de Janeiro - RJ.
33144923;GENTE MIUDA EDUCACAO INFANTIL;-22.78787000;-43.18218000;infantil|fundamental_i;privada;ativa;geral;nao;RUA DOUTOR MANUEL MARREIROS, 2482 BANCARIOS. 21910-080 Rio de Janeiro - RJ.
33069476;GINASIO NOSSA SRA DO BONSUCESSO;-22.86933000;-43.25747000;infantil|fundamental_i|fundamental_ii;privada;ativa;geral;nao;RUA GENERAL GALIENE, 101 BONSUCESSO. 21050-780 Rio de Janeiro - RJ.
33229848;GIRASSOL CRECHE ESCOLA;-22.92229000;-43.56279000;infantil|fundamental_i;privada;ativa;geral;nao;ESTRADA IARAQUA, 118 CASA. CAMPO GRANDE. 23047-160 Rio de Janeiro - RJ.
33107505;GRUPO DE EDUC MODERNA;-22.84617000;-43.31089000;infantil|fundamental_i;privada;ativa;geral;nao;RUA PASCAL, 499 VILA DA PENHA. 21221-440 Rio de Janeiro - RJ.
33068542;GRUPO DE EDUCACAO INTEGRADA;-22.91947000;-43.24240000;infantil|fundamental_i;privada;ativa;geral;nao;RUA MAXWELL, 194 VILA ISABEL. 20541-100 Rio de Janeiro - RJ.
33181764;GRUPO ECOA EDUCACAO CONSCIENTE E INOVADORA LTDA;-22.91644236;-43.38078268;infantil|fundamental_i;privada;ativa;geral;nao;AVENIDA DOS MANANCIAIS, 278 CASA. TAQUARA. 22720-410 Rio de Janeiro - RJ.
33067511;GRUPO EDUCACIONAL MOPI LTDA - UNIDADE INFANTIL - TIJUCA;-22.91941000;-43.22594000;infantil|fundamental_i;privada;ativa;geral;nao;RUA ALMIRANTE COCHRANE, 17/21 TIJUCA. 20550-040 Rio de Janeiro - RJ.
33152314;GRUPO EDUCACIONAL MOPI LTDA - UNIDADE INTEGRADO I;-22.92023000;-43.22583000;fundamental_ii;privada;ativa;geral;nao;RUA MARQUES DE VALENCA, 141 TIJUCA. 20550-030 Rio de Janeiro - RJ.
33159645;GRUPO EDUCACIONAL MOPI LTDA - UNIDADE INTEGRADO II - TIJUCA;-22.91860000;-43.22489000;fundamental_ii;privada;ativa;geral;nao;RUA ALMIRANTE COCHRANE, 17/21 TIJUCA. 20550-040 Rio de Janeiro - RJ.
33159637;GRUPO EDUCACIONAL MOPI LTDA - UNIDADE ITANHANGA;-22.99114000;-43.30185000;infantil|fundamental_i|fundamental_ii;privada;ativa;geral;nao;RUA DOM ROSALVO COSTA REGO, 542 ITANHANGA. 22641-040 Rio de Janeiro - RJ.
33116474;GRUPO EDUCACIONAL SAISSE VILLARDI;-22.89801000;-43.56095000;infantil|fundamental_i|fundamental_ii;privada;ativa;geral;nao;RUA JAGUARUNA, 156 CAMPO GRANDE. 23080-160 Rio de Janeiro - RJ.
33135169;GRUPO FARIA BRITO - OFICINA DA CRIANCA;-23.00980199;-43.47821812;fundamental_i|fundamental_ii;privada;ativa;geral;nao;AVENIDA MIGUEL ANTONIO FERNANDES, 751 RECREIO DOS BANDEIRANTES. 22790-682 Rio de Janeiro - RJ.
33351201;GRUPO INTEGRADO EDNA PONCIONI FERREIRA;-22.96776833;-43.18232500;;privada;paralisada;geral;nao;AVENIDA NOSSA SENHORA DE COPACABANA, 437 PARTE. COPACABANA. 22020-002 Rio de Janeiro - RJ.
33180563;IBE INSTITUTO BATISTA DE ENSINO;-22.86599130;-43.29144640;infantil|fundamental_i|fundamental_ii;privada;ativa;geral;nao;ESTRADA ADHEMAR BEBIANO, 3805 ENGENHO DA RAINHA. 20765-171 Rio de Janeiro - RJ.
33075166;IE CARMELA DUTRA;-22.86580000;-43.33470000;;estadual;ativa;geral;nao;AVENIDA MINISTRO EDGARD ROMERO, 492 PREDIO PRINCIPAL. MADUREIRA. 21360-201 Rio de Janeiro - RJ.
33083592;IE SARAH KUBITSCHEK;-22.89924840;-43.57877201;;estadual;ativa;geral;nao;AV MANUEL CALDEIRA DE ALVARENGA, 1203 CAMPO GRANDE. 23070-200 Rio de Janeiro - RJ.
33067236;INST AGOSTINHO MOREIRA;-22.91916000;-43.21622000;infantil|fundamental_i;privada;ativa;geral;nao;RUA CAMPOS SALES, 52 TIJUCA. 20270-213 Rio de Janeiro - RJ.
33067244;INST BRAGA CARNEIRO LTDA;-22.92612000;-43.22665000;infantil|fundamental_i|fundamental_ii;privada;ativa;geral;nao;RUA DOS ARAUJOS, 31/46/48 31/46/48. TIJUCA. 20521-000 Rio de Janeiro - RJ.
33148635;INST BRASILEIRO DE PODOLOGIA;-22.88412000;-43.30126000;;privada;ativa;geral;nao;TRAVESSA SANTA MARTINHA, 103 ABOLICAO. 20751-020 Rio de Janeiro - RJ.
33064377;INST JOAO ALVES AFFONSO;-22.93465000;-43.18285000;infantil|fundamental_i;privada;ativa;geral;nao;RUA IPIRANGA, 70 LARANJEIRAS. 22231-120 Rio de Janeiro - RJ.
33120749;INST METODISTA DE ENS SUZANA WESLEY AMAS ROCINHA;-22.99070452;-43.25089876;infantil|fundamental_i;privada;ativa;geral;nao;RUA JOSE BELMIRO DE SOUZA, 25 ROCINHA. 22451-350 Rio de Janeiro - RJ.
33067279;INST NS AUXILIADORA;-22.91393000;-43.21442000;infantil|fundamental_i|fundamental_ii;privada;ativa;geral;nao;TRAVESSA SOLEDADE, 25 COLEGIO AUXILIADORA. PRACA DA BANDEIRA. 20270-120 Rio de Janeiro - RJ.
33064342;INSTITUTO BENJAMIN CONSTANT;-22.95363000;-43.17223000;infantil|fundamental_i|fundamental_ii;federal;ativa;exclusivo_deficiencia;nao;AVENIDA PASTEUR, 350/368 URCA. 22290-250 Rio de Janeiro - RJ.
33111871;INSTITUTO BRAGA CARNEIRO;-22.99534000;-43.40315000;infantil|fundamental_i|fundamental_ii;privada;ativa;geral;nao;RUA ROSAURO ESTELITA, 560 CONDOMINIO RIO MAR. BARRA DA TIJUCA. 22793-310 Rio de Janeiro - RJ.
33069549;INSTITUTO CRISTAO HELENA ALEM;-22.85043000;-43.27722000;infantil|fundamental_i;privada;ativa;geral;nao;RUA MINISTRO MOREIRA DE ABREU, 262 OLARIA. 21071-485 Rio de Janeiro - RJ.
33066523;INSTITUTO DE APLICACAO FERNANDO RODRIGUES DA SILVEIRA CAP-UERJ;-22.93432000;-43.20956000;fundamental_i|fundamental_ii;estadual;ativa;geral;nao;RUA BARAO DE ITAPAGIPE, 96 RIO COMPRIDO. 20261-005 Rio de Janeiro - RJ.
33159939;INSTITUTO DE DESENVOLVIMENTO HUMANO SOCIAL E CULTURAL GERACAO DA HORA;-22.87332000;-43.46357000;;privada;ativa;geral;nao;RUA SUL AMERICA, 570 PADRE MIGUEL. 21875-012 Rio de Janeiro - RJ.
33379203;INSTITUTO DE EDUCACAO SANTO AUGURIO;-22.91926990;-43.67677871;infantil|fundamental_i;privada;ativa;geral;nao;RUA SANTO AUGURIO, 63 SANTA CRUZ. 23510-220 Rio de Janeiro - RJ.
33356203;INSTITUTO DE ENSINO EDUCACAO EM ACAO;-22.91597000;-43.24657000;;privada;ativa;geral;nao;BOULEVARD VINTE E OITO DE SETEMBRO, 337 SOBRADO. VILA ISABEL. 20551-185 Rio de Janeiro - RJ.
33127662;INSTITUTO EDUCACIONAL ABREU;-22.90661000;-43.59933000;infantil|fundamental_i;privada;ativa;geral;nao;RUA LEONEL CRISTINO, 52 INHOAIBA. 23062-040 Rio de Janeiro - RJ.
33246203;INSTITUTO EDUCACIONAL APRENDER E APRENDER;-22.84085000;-43.40088000;infantil|fundamental_i;privada;ativa;geral;nao;RUA PEREIRA DA ROCHA, 226 RICARDO DE ALBUQUERQUE. 21620-490 Rio de Janeiro - RJ.
33126488;INSTITUTO EDUCACIONAL CARDOSO RIBAS;-22.88278000;-43.42607000;infantil|fundamental_i|fundamental_ii;privada;ativa;geral;nao;RUA CRISTOVAO DE BARROS, 554 REALENGO. 21755-090 Rio de Janeiro - RJ.
33186669;INSTITUTO EDUCACIONAL ESPERANCA LTDA;-22.86374931;-43.24561201;fundamental_i;privada;ativa;geral;nao;RUA LUIS FERREIRA, 220 MARE. BONSUCESSO. 21042-210 Rio de Janeiro - RJ.
33107114;INSTITUTO EDUCACIONAL LUANA;-22.88723000;-43.42871000;infantil|fundamental_i;privada;ativa;geral;nao;RUA JOSE VILAS BOAS, 72 REALENGO. 21765-270 Rio de Janeiro - RJ.
33158886;INSTITUTO EDUCACIONAL PROFESSORA WILMA PASSOS;-22.90642000;-43.61321000;infantil|fundamental_i|fundamental_ii;privada;ativa;geral;nao;RUA ACAUA, 635 COSMOS. 23060-420 Rio de Janeiro - RJ.
33117470;INSTITUTO EDUCACIONAL R FC LAGO - ME LTDA;-22.81906000;-43.35951000;infantil|fundamental_i|fundamental_ii;privada;ativa;geral;nao;RUA OURINHOS, 97 PAVUNA. 21532-130 Rio de Janeiro - RJ.
33126704;INSTITUTO EDUCACIONAL TEREZINHA DE JESUS;-22.83892000;-43.30409000;infantil|fundamental_i|fundamental_ii;privada;ativa;geral;nao;RUA TOMAS LOPES, 974 PENHA CIRCULAR. 21221-210 Rio de Janeiro - RJ.
33174776;INSTITUTO FEDERAL DE EDUCACAO CIENCIA E TECNOLOGIA DO RIO DE JANEIRO CAMPUS REALENGO;-22.88024873;-43.43404063;;federal;ativa;geral;nao;RUA PROFESSOR CARLOS WENCESLAU, 343 REALENGO. 21715-000 Rio de Janeiro - RJ.
33068488;INSTITUTO FEDERAL DE EDUCACAO CIENCIA E TECNOLOGIA DO RIO DE JANEIRO CAMPUS RIO DE JANEIRO;-22.91029000;-43.22043000;;federal;ativa;geral;nao;RUA SENADOR FURTADO, 121 125. MARACANA. 20270-021 Rio de Janeiro - RJ.
33076510;INSTITUTO GEREMARIO DANTAS;-22.88486000;-43.34283000;infantil|fundamental_i|fundamental_ii;privada;ativa;geral;nao;RUA CANDIDO BENICIO, 159 CAMPINHO. 21320-060 Rio de Janeiro - RJ.
33124558;INSTITUTO HELENA GOULLART - CAPP;-22.88238000;-43.29833000;fundamental_i|fundamental_ii;privada;ativa;geral;nao;RUA GLAZIOU, 180 PILARES. 20750-010 Rio de Janeiro - RJ.
33074852;INSTITUTO JESUS EUCARISTICO;-22.83177000;-43.32588000;infantil|fundamental_i|fundamental_ii;privada;ativa;geral;nao;PRACA NOSSA SENHORA DA APRESENTACAO, 273 IRAJA. 21231-220 Rio de Janeiro - RJ.
33405239;INSTITUTO MARCOS FREITAS;-23.01822000;-43.47256000;infantil|fundamental_i|fundamental_ii;privada;ativa;geral;nao;RUA ALMIRANTE ARY RONGEL, 601 RECREIO DOS BANDEIRANTES. 22790-430 Rio de Janeiro - RJ.
33167010;INSTITUTO MENDONCA DA COSTA EDUCACIONAL;-22.87788000;-43.33750000;;privada;ativa;geral;nao;RUA MANUEL MARTINS, 16 MADUREIRA. 21310-240 Rio de Janeiro - RJ.
33064393;INSTITUTO NOSSA SENHORA DA PIEDADE;-22.93640000;-43.17670000;infantil|fundamental_i|fundamental_ii;privada;ativa;geral;nao;RUA FERNANDO OSORIO, 24 FLAMENGO. 22230-040 Rio de Janeiro - RJ.
33104247;INSTITUTO NOSSA SENHORA DA PIEDADE II;-22.92715929;-43.33294630;infantil|fundamental_i|fundamental_ii;privada;ativa;geral;nao;ESTRADA PAU-FERRO, 945 FREGUESIA/JACAREPAGUA. 22743-050 Rio de Janeiro - RJ.
33071012;INSTITUTO NOSSA SENHORA DAS DORES;-22.82760000;-43.29260000;infantil|fundamental_i|fundamental_ii;privada;ativa;geral;nao;RUA ATURIA, 110 BRAZ DE PINA. 21012-150 Rio de Janeiro - RJ.
33065900;INSTITUTO NOSSA SENHORA DE LOURDES;-22.97996000;-43.24093000;fundamental_i|fundamental_ii;privada;ativa;geral;nao;ESTRADA SANTA MARINHA, 514 GAVEA. 22451-240 Rio de Janeiro - RJ.
33159629;INSTITUTO PAULO APOSTOLO;-22.92258000;-43.37553000;;privada;ativa;geral;nao;ESTRADA DO RIO GRANDE, 162 ANEXO 170. TAQUARA. 22720-011 Rio de Janeiro - RJ.
33069565;INSTITUTO PIO XI;-22.85691359;-43.25967626;infantil|fundamental_i|fundamental_ii;privada;ativa;geral;nao;RUA ROBERTO SILVA, 71 RAMOS. 21060-230 Rio de Janeiro - RJ.
33165505;INSTITUTO POLITECNICO DE SAUDE;-22.90892000;-43.17138000;;privada;ativa;geral;nao;AVENIDA NOSSA SENHORA DE COPACABANA, 928 3º ANDAR. COPACABANA. 22060-002 Rio de Janeiro - RJ.
33069590;INSTITUTO RELVAS LTDA;-22.85387000;-43.26421000;;privada;extinta;geral;nao;RUA TEIXEIRA FRANCO, 3 E 13 RAMOS. 21060-130 Rio de Janeiro - RJ.
33073554;INSTITUTO SAO JOAO BAPTISTA;-22.90079620;-43.28263860;;privada;extinta;geral;nao;RUA SILVA RABELO, 70 MEIER. 20735-080 Rio de Janeiro - RJ.
33137455;INSTITUTO SENAI DE TECNOLOGIA AUTOMACAO INDUSTRIAL;-22.89665000;-43.24169000;;privada;ativa;geral;nao;RUA JOANA ALVES, 19 PCA NATIV. SALDANHA. BENFICA. 20911-210 Rio de Janeiro - RJ.
33143323;INSTITUTO SENAI DE TECNOLOGIA SOLDA;-22.91167000;-43.23765000;;privada;ativa;geral;nao;RUA SAO FRANCISCO XAVIER, 601 TERREO. MARACANA. 20550-011 Rio de Janeiro - RJ.
33245207;INSTITUTO SOCIAL CULTURAL E RECREATIVO HARMONIA LTDA;-22.80829471;-43.36163998;infantil|fundamental_i;privada;ativa;geral;nao;RUA NETUNO, 98 PAVUNA. 21525-690 Rio de Janeiro - RJ.
33067252;INSTITUTO SUPERIOR DE EDUCACAO DO RIO DE JANEIRO;-22.91377000;-43.21670000;infantil|fundamental_i|fundamental_ii;estadual;ativa;geral;nao;RUA MARIZ E BARROS, 273 PRACA DA BANDEIRA. 20270-003 Rio de Janeiro - RJ.
33078521;INSTITUTO TAMANDARE;-22.93674530;-43.39086480;infantil|fundamental_i|fundamental_ii;privada;ativa;geral;nao;ESTRADA RODRIGUES CALDAS, 2353 TAQUARA. 22713-374 Rio de Janeiro - RJ.
33116156;INTERATIVO ABC - JARDIM ESCOLA QUADIDUVIVU;-22.82965000;-43.34967000;infantil|fundamental_i|fundamental_ii;privada;ativa;geral;nao;RUA BARRA MANSA, 127 TERREO. COELHO NETO. 21530-240 Rio de Janeiro - RJ.
33123284;J E PONTA DA LINGUA;-22.82965000;-43.27618000;infantil|fundamental_i|fundamental_ii;privada;ativa;geral;nao;RUA CUBA, 332 A. PENHA. 21020-160 Rio de Janeiro - RJ.
33123314;J ESCOLA LUMAR;-22.83651000;-43.28110000;fundamental_ii;privada;ativa;geral;nao;RUA GUAIANAZES, 52 PENHA. 21020-370 Rio de Janeiro - RJ.
33081468;JAD ESC JOANINHA GR EST PRINCESA ISABEL;-22.87966000;-43.47264000;infantil|fundamental_i|fundamental_ii;privada;ativa;geral;nao;RUA DOS TINTUREIROS, 110 PREDIO. BANGU. 21820-170 Rio de Janeiro - RJ.
33141193;JARDIM CRECHE ESCOLA ESPERANCA;-22.86337000;-43.24651000;infantil;privada;ativa;geral;nao;RUA LUIS FERREIRA, 220 ESCOLA. BONSUCESSO. 21042-210 Rio de Janeiro - RJ.
33107467;JARDIM DE INFANCIA BE-A-BA;-22.94331550;-43.33202350;infantil;privada;ativa;geral;nao;RUA ITUVERAVA, 895 CASA. ANIL. 22750-006 Rio de Janeiro - RJ.
33123500;JARDIM DE INFANCIA PIRILAMPO FELIZ;-22.94546000;-43.35783000;infantil|fundamental_i|fundamental_ii;privada;ativa;geral;nao;RUA EDGARD WERNECK, 1211 CIDADE DE DEUS. 22763-011 Rio de Janeiro - RJ.
33107580;JARDIM DE INFANCIA QUERO SER FELIZ;-22.90075000;-43.22246000;infantil;privada;ativa;geral;nao;RUA FONSECA TELES, 176 SAO CRISTOVAO. 20940-200 Rio de Janeiro - RJ.
33134413;JARDIM DE INFANCIA TIA PAULA;-22.86629000;-43.34045000;infantil|fundamental_i;privada;ativa;geral;nao;RUA DOMINGOS FERNANDES, 188 TURIACU. 21360-010 Rio de Janeiro - RJ.
33134197;JARDIM ESC PEQUENO HEROI;-22.84979000;-43.26736000;infantil|fundamental_i;privada;ativa;geral;nao;RUA JOANA REGO, 18 E 18 FUNDOS. OLARIA. 21073-260 Rio de Janeiro - RJ.
33121419;JARDIM ESC SILOE;-22.87938000;-43.32004000;infantil|fundamental_i;privada;ativa;geral;nao;RUA BARAO DO BANANAL, 293 CAVALCANTI. 21380-330 Rio de Janeiro - RJ.
33121435;JARDIM ESC TIA SANDRA LTDA;-22.84425000;-43.34929000;infantil|fundamental_i|fundamental_ii;privada;ativa;geral;nao;AVENIDA DOS ITALIANOS, 841 ROCHA MIRANDA. 21510-102 Rio de Janeiro - RJ.
33152551;JARDIM ESCOLA ABELHINHA FELIZ;-22.94263000;-43.38219000;infantil;privada;ativa;geral;nao;RUA JURANDA, 464 CURICICA. 22710-190 Rio de Janeiro - RJ.
33107009;JARDIM ESCOLA ALADDIN;-22.92337000;-43.35612000;infantil|fundamental_i;privada;ativa;geral;nao;RUA CORONEL TEDIM, 337 PECHINCHA. 22740-240 Rio de Janeiro - RJ.
33168750;JARDIM ESCOLA ARCA DOS SONHOS;-22.86992500;-43.48494667;infantil;privada;ativa;geral;nao;ESTRADA DO TAQUARAL RUA PIRAPORA, 129 CONJUNTO TAQUARAL. BANGU. 21842-550 Rio de Janeiro - RJ.
33123187;JARDIM ESCOLA BARCELOS DE SANTA CRUZ LTDA;-22.91634000;-43.68972000;infantil|fundamental_i|fundamental_ii;privada;ativa;geral;nao;RUA DO IMPERIO, 398 SANTA CRUZ. 23555-024 Rio de Janeiro - RJ.
33161631;JARDIM ESCOLA BELO JASMIM;-22.86686611;-43.45720896;infantil;privada;ativa;geral;nao;RUA SAO RENATO, 173 BANGU. 21860-140 Rio de Janeiro - RJ.
33415218;JARDIM ESCOLA CANTINHO DO TOUCHE;-22.91110000;-43.28228000;infantil|fundamental_i|fundamental_ii;privada;ativa;geral;nao;RUA HERACLITO GRACA, 58 LINS DE VASCONCELOS. 20725-080 Rio de Janeiro - RJ.
33123420;JARDIM ESCOLA CASTELO DE AREIA LTDA;-22.87943960;-43.26865940;infantil|fundamental_i;privada;ativa;geral;nao;RUA TURIUVA, 71 DEL CASTILHO. 21051-220 Rio de Janeiro - RJ.
33135614;JARDIM ESCOLA COLONIA DO SABER LTDA;-22.92859000;-43.39185000;;privada;ativa;geral;nao;ESTRADA DO OUTEIRO SANTO, 898 TAQUARA. 22713-169 Rio de Janeiro - RJ.
33161313;JARDIM ESCOLA COLORE;-22.90362650;-43.29832410;infantil;privada;ativa;geral;nao;RUA DOUTOR BULHOES, 881 CASA. ENGENHO DE DENTRO. 20730-420 Rio de Janeiro - RJ.
33117497;JARDIM ESCOLA COMECINHO DE VIDA;-22.84617000;-43.37552000;infantil|fundamental_i|fundamental_ii;privada;ativa;geral;nao;RUA MATIOLA, 150 CASA. GUADALUPE. 21670-410 Rio de Janeiro - RJ.
33144460;JARDIM ESCOLA COMECINHO DE VIDA;-22.85560730;-43.32430200;infantil|fundamental_i;privada;ativa;geral;nao;AVENIDA VICENTE DE CARVALHO, 205 VAZ LOBO. 21371-121 Rio de Janeiro - RJ.
33231010;JARDIM ESCOLA CORUJINHA;-22.86871300;-43.41976630;infantil;privada;ativa;geral;nao;ESTRADA DA AGUA BRANCA, 408 MAGALHAES BASTOS. 21735-012 Rio de Janeiro - RJ.
33179808;JARDIM ESCOLA JUNTANDO LETRAS;-22.97369000;-43.64192000;infantil|fundamental_i|fundamental_ii;privada;ativa;geral;nao;RUA CEREJA, 340 GUARATIBA. 23032-150 Rio de Janeiro - RJ.
33478210;JARDIM ESCOLA LAPIS VERMELHO COLEGIO NOVA DIMENSAO;-22.80728694;-43.18220197;infantil|fundamental_i|fundamental_ii;privada;ativa;geral;nao;RUA GRANA, 51 ILHA DO GOVERNADOR. COCOTA. 21921-010 Rio de Janeiro - RJ.
33182140;JARDIM ESCOLA MEU ENCANTO LDTA;-22.88702261;-43.48037395;;privada;extinta;geral;nao;RUA CEILAO, 052 BANGU. 21825-010 Rio de Janeiro - RJ.
33150818;JARDIM ESCOLA MICHAELIS DO RIO DE JANEIRO;-22.95556000;-43.19207000;fundamental_i|fundamental_ii;privada;ativa;geral;nao;RUA INDIANA 75, 75 CASA. COSME VELHO. 22271-022 Rio de Janeiro - RJ.
33158932;JARDIM ESCOLA MUNDO DAS CRIANCAS;-22.88853000;-43.56997000;infantil|fundamental_i;privada;ativa;geral;nao;RUA MAJOR SOLON RIBEIRO, 197 BAIRRO FIGUEIRA. CAMPO GRANDE. 23082-220 Rio de Janeiro - RJ.
33115877;JARDIM ESCOLA MUNDO FELIZ;-22.92688000;-43.39146000;infantil|fundamental_i|fundamental_ii;privada;ativa;geral;nao;ESTRADA RODRIGUES CALDAS, 2028 LARGO DO REMI. TAQUARA. 22713-375 Rio de Janeiro - RJ.
33107394;JARDIM ESCOLA NATUREZA ENCANTADA;-22.86783000;-43.25559000;infantil|fundamental_i;privada;ativa;geral;nao;RUA SAINT HILAIRE, 286 BONSUCESSO. 21050-810 Rio de Janeiro - RJ.
33123306;JARDIM ESCOLA NOSSA CASINHA;-22.84170000;-43.30231000;infantil|fundamental_i;privada;ativa;geral;nao;RUA TOMAS LOPES, 604 PENHA CIRCULAR. 21221-210 Rio de Janeiro - RJ.
33107840;JARDIM ESCOLA OFICINA DO SABER;-22.85327910;-43.30407150;infantil|fundamental_i|fundamental_ii;privada;ativa;geral;nao;RUA AIERA, 577 VILA KOSMOS. 21220-020 Rio de Janeiro - RJ.
33117080;JARDIM ESCOLA PASSARO AZUL;-22.86201000;-43.34390000;infantil|fundamental_i|fundamental_ii;privada;ativa;geral;nao;ESTRADA DO OTAVIANO, 155 TURIACU. 21540-010 Rio de Janeiro - RJ.
33144990;JARDIM ESCOLA PEQUENOS GRACIOSOS;-22.80569000;-43.32516000;infantil|fundamental_i;privada;ativa;geral;nao;RUA MINISTRO ARTUR COSTA, 1032 FDS. JARDIM AMERICA. 21240-120 Rio de Janeiro - RJ.
33130418;JARDIM ESCOLA POPI LTDA - COL CELIO RODRIGUES;-22.89059833;-43.27056500;;privada;ativa;geral;nao;RUA FERREIRA DE ANDRADE, 629 CACHAMBI. 20780-200 Rio de Janeiro - RJ.
33466211;JARDIM ESCOLA PRIMEIRO AMOR;-22.86138000;-43.24674000;infantil|fundamental_i;privada;ativa;geral;nao;RUA NOVA JERUSALEM, 220 AP 101 E 201. BONSUCESSO. 21042-235 Rio de Janeiro - RJ.
33107769;JARDIM ESCOLA PRIMEIROS LEITORES;-22.81138000;-43.33918000;infantil|fundamental_i|fundamental_ii;privada;ativa;geral;nao;RUA EMBAU, 2254 PARQUE COLUMBIA. PAVUNA. 21535-000 Rio de Janeiro - RJ.
33106991;JARDIM ESCOLA SARAH DAWSEY LTDA - UNIDADE BARRA DA TIJUCA;-23.01316000;-43.29967000;infantil|fundamental_i|fundamental_ii;privada;ativa;geral;nao;AVENIDA GILBERTO AMADO, 223 BARRA DA TIJUCA. 22620-061 Rio de Janeiro - RJ.
33081514;JARDIM ESCOLA SIMONIN LTDA FILIAL 2;-22.87663303;-43.46108233;infantil;privada;ativa;geral;nao;RUA JACINTO ALCIDES, 194 BANGU. 21810-062 Rio de Janeiro - RJ.
33231214;JARDIM ESCOLA SOLDADINHO DE CRISTO;-22.81539000;-43.31855000;infantil|fundamental_i;privada;ativa;geral;nao;RUA CRISTIANO MACHADO, 381 JARDIM AMERICA. 21240-470 Rio de Janeiro - RJ.
33130140;JARDIM ESCOLA SUCURY LTDA;-22.94154000;-43.37126000;infantil|fundamental_i;privada;ativa;geral;nao;ESTRADA SANTA EFIGENIA, 935 TAQUARA. 22775-780 Rio de Janeiro - RJ.
33148481;JARDIM ESCOLA TEMPO DE CONSTRUIR SIMPLES LTDA;-22.85967000;-43.25828000;infantil|fundamental_i;privada;ativa;geral;nao;RUA URANOS, 787 MANGUINHOS. 21060-070 Rio de Janeiro - RJ.
33154058;JARDIM ESCOLA TERRA VIVA;-22.95915000;-43.35002000;infantil|fundamental_i;privada;ativa;geral;nao;RUA PEROBA, 168 GARDENIA AZUL. 22765-580 Rio de Janeiro - RJ.
33081565;JARDIM ESCOLA TIA MARCIA;-22.86887000;-43.43231000;infantil|fundamental_i;privada;ativa;geral;nao;ESTRADA DA AGUA BRANCA, 1695 REALENGO. 21730-000 Rio de Janeiro - RJ.
33140430;JARDIM ESCOLA TIA SAHRA;-22.83149000;-43.37812000;fundamental_i;privada;ativa;geral;nao;ESTRADA CAMBOATA, 3083 LOTE 5. GUADALUPE. 21660-005 Rio de Janeiro - RJ.
33130590;JARDIM ESCOLA TIA ZIZINHA;-22.84267000;-43.34766000;infantil;privada;ativa;geral;nao;RUA BATISTA BRAGA, 100 ROCHA MIRANDA. 21510-190 Rio de Janeiro - RJ.
33130469;JARDIM ESCOLA TRES IRMAS LTDA;-22.86005000;-43.46710000;infantil|fundamental_i;privada;ativa;geral;nao;RUA EDUARDO ANTONIO FONSECA, 111 BANGU. 21862-730 Rio de Janeiro - RJ.
33131996;JARDIM ESCOLA URSINHOS RISONHOS;-22.84864000;-43.37402000;infantil|fundamental_i;privada;ativa;geral;nao;RUA ILDEFONSO ALBANO, 173 GUADALUPE. 21670-340 Rio de Janeiro - RJ.
33188521;JARDIM ESCOLA VISAO INFANTIL;-22.87826691;-43.42251241;;privada;extinta;geral;nao;AVENIDA MARECHAL FONTENELLE, 5650 REALENGO. 21750-001 Rio de Janeiro - RJ.
33107688;JARDIM ESCOLA VIVER E CRIAR;-22.89130000;-43.41841000;infantil|fundamental_i;privada;ativa;geral;nao;AVENIDA FREDERICO FAULHABER, 617 REALENGO. 21760-000 Rio de Janeiro - RJ.
33140820;JARDIM ESCOLA VOVO MERCEDES;-22.87046000;-43.29499000;infantil|fundamental_i;privada;ativa;geral;nao;RUA MARIO FERREIRA, 197 ENGENHO DA RAINHA. 20761-260 Rio de Janeiro - RJ.
33161593;JARDIM PRIMEIRO ENCANTO;-22.86449420;-43.47604570;;privada;extinta;geral;nao;RUA JOSE ALVES, LOTE 2 Q C VILA ALIANCA. BANGU. 21842-570 Rio de Janeiro - RJ.
33157707;JARDIM TIA SISA;-22.85777000;-43.34163000;infantil|fundamental_i;privada;ativa;geral;nao;RUA TINGUA, 56 ROCHA MIRANDA. 21540-480 Rio de Janeiro - RJ.
33109095;JD CANTINHO FELIZ LTD;-22.83683000;-43.37340000;infantil|fundamental_i;privada;ativa;geral;nao;RUA FRANCISCO PORTELA, 495 GUADALUPE. 21660-010 Rio de Janeiro - RJ.
33106932;JD DE INF CANTINHO MAGICO;-22.92944000;-43.23259000;infantil|fundamental_i;privada;ativa;geral;nao;RUA ENES DE SOUSA, 48 CASA. TIJUCA. 20521-210 Rio de Janeiro - RJ.
33123519;JD DE INF ESTRELINHA DOURADA;-22.88433000;-43.35512000;infantil|fundamental_i|fundamental_ii;privada;ativa;geral;nao;RUA PINTO TELES, 1153 PRACA SECA. 21341-270 Rio de Janeiro - RJ.
33074895;JD DE INF O PATINHO SABIDO COL SAMPAIO;-22.84445000;-43.32493000;infantil|fundamental_i|fundamental_ii;privada;ativa;geral;nao;RUA PEREIRA DE ARAUJO, 223 PREDIO. IRAJA. 21235-090 Rio de Janeiro - RJ.
33108145;JD DE INF PEIXINHO DOURADO;-22.82457000;-43.30871000;infantil|fundamental_i;privada;ativa;geral;nao;RUA CAPITAO CRUZ, 547 CORDOVIL. 21250-520 Rio de Janeiro - RJ.
33108625;JD DE INF PIRRALHO LTDA;-22.85790000;-43.32335000;infantil|fundamental_i;privada;ativa;geral;nao;RUA FERNANDES LEAO, 114 VICENTE DE CARVALHO. 21371-190 Rio de Janeiro - RJ.
33108250;JD DE INF TURMA DO BIDU;-22.83589000;-43.37615000;fundamental_i|fundamental_ii;privada;ativa;geral;nao;RUA MANUEL BARATA, 422 GUADALUPE. 21660-380 Rio de Janeiro - RJ.
33086265;JD DE INFANCIA FORMIGUINHA MARY;-22.81113000;-43.18382000;infantil|fundamental_i;privada;ativa;geral;nao;ESTRADA DA CACUIA, 869 CACUIA. 21921-001 Rio de Janeiro - RJ.
33107556;JD DE INFANCIA MAE;-22.87758000;-43.34288000;infantil;privada;ativa;geral;nao;RUA DOUTOR PASSOS, 32 MADUREIRA. 21310-160 Rio de Janeiro - RJ.
33083789;JD E ESC NOVO HORIZONTE LTDA;-22.88569000;-43.55316000;infantil|fundamental_i;privada;ativa;geral;nao;RUA BARROSO NETO, 105 BAIRRO ADRIANA I. CAMPO GRANDE. 23088-080 Rio de Janeiro - RJ.
33107106;JD ESC A MAGICA DO SABER;-22.82733000;-43.41756000;infantil|fundamental_i;privada;ativa;geral;nao;RUA EDUARDO CESAR MACHADO, 840 PARQUE ANCHIETA. 21635-140 Rio de Janeiro - RJ.
33086320;JD ESC ANDORINHA LTDA;-22.80715420;-43.20542690;infantil|fundamental_i|fundamental_ii;privada;ativa;geral;nao;RUA BOCAIUVA, 61 JARDIM GUANABARA. 21931-340 Rio de Janeiro - RJ.
33116636;JD ESC ANTONIO RIBEIRO FEITOSA LTDA;-22.88308000;-43.56472000;fundamental_i|fundamental_ii;privada;ativa;geral;nao;RUA MAESTRO JOAQUIM MAEGELE, 55 CAMPO GRANDE. 23090-720 Rio de Janeiro - RJ.
33116377;JD ESC ARCO-IRIS DE CAMPO GRANDE LTDA;-22.88048000;-43.55060000;infantil|fundamental_i|fundamental_ii;privada;ativa;geral;nao;ESTRADA PROFESSOR DALTRO SANTOS, 48 CAMPO GRANDE. 23092-205 Rio de Janeiro - RJ.
33106916;JD ESC BONEQUINHO DOCE;-22.88931000;-43.47293000;infantil|fundamental_i|fundamental_ii;privada;ativa;geral;nao;RUA SIBERIA, 348 BANGU. 21825-090 Rio de Janeiro - RJ.
33116490;JD ESC BONS AMIGOS;-22.89702000;-43.57697000;infantil|fundamental_i|fundamental_ii;privada;ativa;geral;nao;RUA NOVA ERA, 75 CAMPO GRANDE. 23070-300 Rio de Janeiro - RJ.
33065128;JD ESC CAMINHANDO;-22.97188000;-43.19217000;infantil;privada;ativa;geral;nao;TRAVESSA FREDERICO PAMPLONA, 16 CASA. COPACABANA. 22061-080 Rio de Janeiro - RJ.
33088381;JD ESC CANTINHO DO MICKEY EDUC P DE G;-22.99896000;-43.63325000;infantil|fundamental_i|fundamental_ii;privada;ativa;geral;nao;RUA FRANKLIN DE CARVALHO, 176 PEDRA DE GUARATIBA. 23026-250 Rio de Janeiro - RJ.
33106959;JD ESC CANTINHO DO PARAISO;-22.91790000;-43.24794000;infantil|fundamental_i|fundamental_ii;privada;ativa;geral;nao;RUA TEODORO DA SILVA, 520 VILA ISABEL. 20560-001 Rio de Janeiro - RJ.
33108412;JD ESC CARA MELADA LTDA ME - CENTRO EDUC ARGOS;-22.84483000;-43.38041000;infantil|fundamental_i|fundamental_ii;privada;ativa;geral;nao;RUA ARGOS, 187 GUADALUPE. 21660-050 Rio de Janeiro - RJ.
33067376;JD ESC ELZA CAMPOS LTDA;-22.92554885;-43.23591163;infantil|fundamental_i|fundamental_ii;privada;ativa;geral;nao;RUA ANTONIO BASILIO, 135 TIJUCA. 20511-190 Rio de Janeiro - RJ.
33156204;JD ESC ENSINANDO COM AMOR E CARINHO LTDA;-22.88587000;-43.57788000;infantil|fundamental_i;privada;ativa;geral;nao;RUA ANDREZA, 164 VILA NOVA. CAMPO GRANDE. 23070-570 Rio de Janeiro - RJ.
33083690;JD ESC ESPLANADA;-22.87440000;-43.55405000;infantil|fundamental_i|fundamental_ii;privada;ativa;geral;nao;ESTRADA DO MENDANHA, 1375 MENDANHA. CAMPO GRANDE. 23087-286 Rio de Janeiro - RJ.
33116245;JD ESC FAVO DE MEL;-22.84996000;-43.26911000;infantil|fundamental_i;privada;ativa;geral;nao;RUA JOAO REGO, 100 CASA. OLARIA. 21073-160 Rio de Janeiro - RJ.
33129681;JD ESC FLOR DO UNIVERSO;-22.86340120;-43.28569930;infantil|fundamental_i;privada;ativa;geral;nao;RUA CANITAR, 456 INHAUMA. 20766-200 Rio de Janeiro - RJ.
33083711;JD ESC GOLFINHO AMIGO E CENTRO EDUC PORTUGAL;-22.90996900;-43.54931400;fundamental_i|fundamental_ii;privada;ativa;geral;nao;ESTRADA DO CABUCU, 970 CAMPO GRANDE. 23052-230 Rio de Janeiro - RJ.
33107548;JD ESC HALTEC;-22.83747000;-43.27777000;infantil|fundamental_i|fundamental_ii;privada;ativa;geral;nao;PRACA PANAMERICANA, 19 PENHA. 21020-070 Rio de Janeiro - RJ.
33083720;JD ESC INAMAR;-22.90896000;-43.57723000;infantil;privada;ativa;geral;nao;RUA PINA RANGEL, 930 CAMPO GRANDE. 23055-110 Rio de Janeiro - RJ.
33107424;JD ESC LAPIS VERMELHO;-22.80498000;-43.18588000;fundamental_i;privada;ativa;geral;nao;RUA BAVIERA, 142 JARDIM CARIOCA. 21921-220 Rio de Janeiro - RJ.
33144176;JD ESC LIVRINHO DOURADO LTDA-ME;-22.88034000;-43.49506000;infantil;privada;ativa;geral;nao;RUA ZOPIRO GOULART, 312 JABOUR. SENADOR CAMARA. 21833-210 Rio de Janeiro - RJ.
33071101;JD ESC LUMAR LTDA;-22.83391000;-43.27805000;infantil|fundamental_i;privada;ativa;geral;nao;RUA SANTIAGO, 446 PENHA. 21020-400 Rio de Janeiro - RJ.
33114153;JD ESC LUME DE ESTRELAS;-22.86150000;-43.28686000;infantil|fundamental_i|fundamental_ii;privada;ativa;geral;nao;RUA LUME DE ESTRELAS, 101 ANTIGO 15. INHAUMA. 20766-280 Rio de Janeiro - RJ.
33116725;JD ESC MATEUSINHO;-22.91109000;-43.61517000;infantil|fundamental_i|fundamental_ii;privada;ativa;geral;nao;RUA ARARANGUA, 150 COSMOS. 23060-380 Rio de Janeiro - RJ.
33076669;JD ESC MENINO JESUS;-22.86849000;-43.36315000;infantil|fundamental_i;privada;ativa;geral;nao;RUA MARINA, 36 BENTO RIBEIRO. 21331-070 Rio de Janeiro - RJ.
33071128;JD ESC MEU ENCANTO;-22.84116000;-43.28349000;infantil|fundamental_i|fundamental_ii;privada;ativa;geral;nao;RUA DIONISIO, 76 PENHA. 21070-170 Rio de Janeiro - RJ.
33067449;JD ESC MUNDO INFANTIL LTDA;-22.92706000;-43.24132000;infantil|fundamental_i;privada;ativa;geral;nao;RUA MARIA AMALIA, 188 CASA. TIJUCA. 20510-130 Rio de Janeiro - RJ.
33107378;JD ESC NATUREZA VIVA;-22.88847000;-43.28417000;infantil|fundamental_ii;privada;ativa;geral;nao;RUA JOSE BONIFACIO, 1005 TODOS OS SANTOS. 20770-240 Rio de Janeiro - RJ.
33108170;JD ESC PEDRINHO SABIDO;-22.86378000;-43.37609000;infantil|fundamental_i;privada;ativa;geral;nao;RUA CORONEL LAURENIO LAGO, 120 MARECHAL HERMES. 21610-280 Rio de Janeiro - RJ.
33129444;JD ESC PEQUENOS TALENTOS;-22.95169000;-43.33170000;infantil|fundamental_i;privada;ativa;geral;nao;RUA OSCAR LOPES, 263 ANIL. 22755-140 Rio de Janeiro - RJ.
33074941;JD ESC PICAPAU DE OURO - COLEGIO AZEVEDO;-22.83126000;-43.32093000;infantil|fundamental_i|fundamental_ii;privada;ativa;geral;nao;RUA PEDRO TEIXEIRA, 574 / 610 636. IRAJA. 21231-060 Rio de Janeiro - RJ.
33114293;JD ESC PINGUINHOS DO SABER;-22.86275000;-43.30810000;infantil|fundamental_i;privada;ativa;geral;nao;RUA COMANDANTE ITAPICURU COELHO, 66 TOMAS COELHO. 21370-550 Rio de Janeiro - RJ.
33125880;JD ESC PRIMEIROS SONHOS;-22.84127000;-43.31339000;infantil|fundamental_i;privada;ativa;geral;nao;AVENIDA MERITI, 2044 VILA DA PENHA. 21211-006 Rio de Janeiro - RJ.
33109966;JD ESC PRIMEIROS SONHOS LTDA;-22.84595000;-43.30475000;infantil|fundamental_i;privada;ativa;geral;nao;RUA ANA FRANK, 40 CASA. VILA DA PENHA. 21210-040 Rio de Janeiro - RJ.
33107289;JD ESC RECANTO DOS BAIXINHOS E OU SELC;-22.87663000;-43.42090000;infantil|fundamental_i|fundamental_ii;privada;ativa;geral;nao;ESTRADA GENERAL CANROBERT PEREIRA DA COSTA, 362 REALENGO. 21710-400 Rio de Janeiro - RJ.
33109931;JD ESC REINO DA ALEGRIA LTDA;-22.87611296;-43.41342111;infantil|fundamental_i|fundamental_ii;privada;ativa;geral;nao;RUA BONINA, 570 MAGALHAES BASTOS. 21750-270 Rio de Janeiro - RJ.
33068640;JD ESC ROSA ALVES MOREIRA;-22.92184000;-43.23820000;infantil|fundamental_i;privada;ativa;geral;nao;RUA GONZAGA BASTOS, 234/236 VILA ISABEL. 20541-000 Rio de Janeiro - RJ.
33106878;JD ESC SAO MIGUEL ARCANJO;-22.80156000;-43.20101000;infantil|fundamental_i|fundamental_ii;privada;ativa;geral;nao;RUA ENEIDA DE MORAIS, 451 JARDIM CARIOCA. 21920-230 Rio de Janeiro - RJ.
33081506;JD ESC SIMONIN;-22.87651830;-43.46056380;fundamental_i|fundamental_ii;privada;ativa;geral;nao;RUA JACINTO ALCIDES, 140 BANGU. 21810-061 Rio de Janeiro - RJ.
33069697;JD ESC SOLDADINHO DE CHUMBO;-22.84474000;-43.26239000;fundamental_i|fundamental_ii;privada;ativa;geral;nao;RUA GUARATINGUETA, 23 OLARIA. 21021-580 Rio de Janeiro - RJ.
33088616;JD ESC SONHO DO BOMBOM;-22.87269000;-43.26588000;infantil;privada;ativa;geral;nao;RUA ATILIO CORREIA LIMA, 127 HIGIENOPOLIS. 21051-450 Rio de Janeiro - RJ.
33148473;JD ESC SONHOS DO AMANHA;-22.87821000;-43.58375000;infantil|fundamental_i|fundamental_ii;privada;ativa;geral;nao;RUA FELIX BERNARDELLI, 40 CAMPO GRANDE. 23078-030 Rio de Janeiro - RJ.
33073830;JD ESC TEMPO FELIZ;-22.89845250;-43.24398340;infantil;privada;ativa;geral;nao;RUA LICINIO CARDOSO, 145 SAO FRANCISCO XAVIER. 20960-015 Rio de Janeiro - RJ.
33126127;JD ESC THEBAS;-22.87607000;-43.42336000;infantil|fundamental_i|fundamental_ii;privada;ativa;geral;nao;RUA VALDIR DE AZEVEDO FRANCO, 23 REALENGO. 21710-262 Rio de Janeiro - RJ.
33114641;JD ESC TIA LUIZA;-22.91542000;-43.65429000;infantil|fundamental_i|fundamental_ii;privada;ativa;geral;nao;RUA WANIO JOSE DE MATTOS, 100 CASA 01. PACIENCIA. 23573-175 Rio de Janeiro - RJ.
33088357;JD ESC TIA ZEZE;-22.80399000;-43.36000000;infantil|fundamental_i|fundamental_ii;privada;ativa;geral;nao;AVENIDA SARGENTO DE MILICIAS, 520 PAVUNA. 21532-290 Rio de Janeiro - RJ.
33110140;JD ESC TRENZINHO FELIZ;-22.88106000;-43.47710000;infantil|fundamental_i;privada;ativa;geral;nao;RUA URUCUM, 158 BANGU. 21820-390 Rio de Janeiro - RJ.
33116237;JD ESC UNIVERSO DOS SONHOS;-22.79552000;-43.17261000;infantil|fundamental_i;privada;ativa;geral;nao;RUA JORDAO DE OLIVEIRA, 43 FREGUESIA ILHA DO GOVERNADOR. 21910-020 Rio de Janeiro - RJ.
33110093;JD ESC URSINHOS CARINHOSOS;-22.88972000;-43.44899000;infantil|fundamental_i|fundamental_ii;privada;ativa;geral;nao;RUA OLIMPIA ESTEVES, 1170 PADRE MIGUEL. 21775-002 Rio de Janeiro - RJ.
33110115;JD ESC VOO LIVRE LTDA;-22.92126000;-43.25969000;infantil|fundamental_i;privada;ativa;geral;nao;RUA ARAXA, 152 GRAJAU. 20561-116 Rio de Janeiro - RJ.
33064580;JD MIRAFLORES LTDA;-22.93899190;-43.19342860;infantil|fundamental_i;privada;ativa;geral;nao;RUA DAS LARANJEIRAS, 537 A 543 LARANJEIRAS. 22240-005 Rio de Janeiro - RJ.
33109974;JD TIA MERINHA COL JTM;-22.89411000;-43.32264000;infantil|fundamental_i;privada;ativa;geral;nao;RUA LEMOS BRITO, 96 QUINTINO BOCAIUVA. 21311-380 Rio de Janeiro - RJ.
33166196;JEARFINHO;-22.88346000;-43.56567000;infantil;privada;ativa;geral;nao;RUA OITICICA, 60 CAMPO GRANDE. 23075-020 Rio de Janeiro - RJ.
33121613;JI TIA MONICA-CT EDUC VASCONCELOS DANTAS;-22.84705000;-43.31766000;infantil|fundamental_i|fundamental_ii;privada;ativa;geral;nao;RUA UARICI, 21 IRAJA. 21220-330 Rio de Janeiro - RJ.
33235228;LAPIS DE COR;-22.90563000;-43.27849000;infantil|fundamental_i;privada;ativa;geral;nao;RUA JOAQUINA ROSA, 218 MEIER. 20710-080 Rio de Janeiro - RJ.
33149542;LATTOS COLEGIO E VESTIBULARES - MEIER II;-22.90191946;-43.28463400;infantil|fundamental_i;privada;ativa;geral;nao;RUA VENCESLAU, 224 MEIER. 20735-160 Rio de Janeiro - RJ.
33159084;LE BARON EMPREENDIMENTOS COM LTDA - COLEGIO BARONESA;-22.92338000;-43.38216000;fundamental_i|fundamental_ii;privada;ativa;geral;nao;ESTRADA RODRIGUES CALDAS, 847 TAQUARA. 22713-372 Rio de Janeiro - RJ.
33100977;LICEU MOLIERE;-22.93043000;-43.19081000;infantil|fundamental_i|fundamental_ii;privada;ativa;geral;nao;RUA PEREIRA DA SILVA, 728 LARANJEIRAS. 22221-140 Rio de Janeiro - RJ.
33081603;LUARTE A CASA DO CURUMIM MATRIZ;-22.88117000;-43.45432000;infantil|fundamental_i|fundamental_ii;privada;ativa;geral;nao;RUA APIPUCOS, 125 PADRE MIGUEL. 21810-160 Rio de Janeiro - RJ.
33109311;LUCAS SOCIEDADE EDUCACIONAL;-22.84736000;-43.25399000;infantil|fundamental_i;privada;ativa;geral;nao;RUA NOSSA SENHORA DAS GRACAS, 1085 RAMOS. 21031-611 Rio de Janeiro - RJ.
33130523;LUZ DO SOL;-22.90272000;-43.29514000;infantil|fundamental_i;privada;ativa;geral;nao;RUA HUGO BEZERRA, 88 ENGENHO DE DENTRO. 20730-100 Rio de Janeiro - RJ.
33177023;MAGIARTE RECREIO ENSINO LTDA;-23.01999520;-43.45333900;infantil;privada;ativa;geral;nao;AVENIDA ALFREDO BALTHAZAR DA SILVEIRA, 193 RECREIO DOS BANDEIRANTES. 22790-710 Rio de Janeiro - RJ.
33071144;MARNIL SOCIEDADE DE ENSINO ESCOLAR LTDA;-22.80679000;-43.32081000;infantil|fundamental_i|fundamental_ii;privada;ativa;geral;nao;RUA DEBUSSY, 287 JARDIM AMERICA. 21240-450 Rio de Janeiro - RJ.
33156492;MARVA COLLINS ASSOC EDUC ASS REC E CUL PEDRO II;-22.95590000;-43.68843000;infantil|fundamental_i|fundamental_ii;privada;ativa;geral;nao;ESTRADA DE SEPETIBA, 2417 SANTA CRUZ. 23520-660 Rio de Janeiro - RJ.
33115893;MARVA COLLINS CENTRO EDUCACIONAL DO RECREIO LTDA ME;-22.90580858;-43.35737170;infantil|fundamental_i;privada;ativa;geral;nao;AVENIDA JARBAS DE CARVALHO, 288, 288 RECREIO DOS BANDEIRANTES. 22795-445 Rio de Janeiro - RJ.
33187126;MARVA COLLINS CENTRO EDUCACIONAL PARQUE LEOPOLDINA LTDA;-22.88202764;-43.45445538;infantil|fundamental_i;privada;ativa;geral;nao;RUA MARINO SILVA, 211 PADRE MIGUEL. 21815-500 Rio de Janeiro - RJ.
33165874;MARY POPPINS CRECHE E PRE-ESCOLA;-22.95401000;-43.16836000;infantil;privada;ativa;geral;nao;AVENIDA PASTEUR, 459 URCA. 22290-240 Rio de Janeiro - RJ.
33068674;MEIMEI - ESCOLA MONTESSORIANA LTDA;-22.91820000;-43.23778000;infantil|fundamental_ii;privada;ativa;geral;nao;RUA DOS ARTISTAS, 129 VILA ISABEL. 20541-035 Rio de Janeiro - RJ.
33180466;MENEZES EDUCACIONAL;-22.87317358;-43.44666699;infantil;privada;ativa;geral;nao;TRAVESSA SANTO AGOSTINHO, 17 CASA. PADRE MIGUEL. 21721-500 Rio de Janeiro - RJ.
33109168;MIMO MATERNAL ESCOLA;-22.96113000;-43.20157000;infantil;privada;ativa;geral;nao;RUA BOGARI, 104 LAGOA. 22471-340 Rio de Janeiro - RJ.
33104808;NEW GARDEN CENTRO DE EDUC E RECREACAO;-22.89307000;-43.22676000;infantil|fundamental_i;privada;ativa;geral;nao;RUA GENERAL ARGOLO, 215 SAO CRISTOVAO. 20921-394 Rio de Janeiro - RJ.
33155950;NOSSO ESPACO CRECHE ESCOLA;-22.92391642;-43.35728528;infantil|fundamental_i;privada;ativa;geral;nao;RUA CORONEL TEDIM, 211 PECHINCHA. 22740-240 Rio de Janeiro - RJ.
33162956;NU ESPACO CENICO;-22.95214000;-43.19373000;;privada;ativa;sem_escolarizacao;nao;RUA SAO CLEMENTE, 421 BOTAFOGO. 22260-001 Rio de Janeiro - RJ.
33166200;NUCLEO DE ARTE AVENIDA DOS DESFILES;-22.91301199;-43.22160926;;municipal;ativa;sem_escolarizacao;nao;AVENIDA SALVADOR DE SA, S/N PRACA DA APOTEOSE. CIDADE NOVA. 20211-260 Rio de Janeiro - RJ.
33166609;NUCLEO DE ARTE COPACABANA;-22.96504253;-43.18042416;;municipal;ativa;sem_escolarizacao;nao;RUA TONELERO, 21 4º ANDAR. COPACABANA. 22030-001 Rio de Janeiro - RJ.
33167001;NUCLEO DE ARTE GRECIA;-22.83783317;-43.31288094;;municipal;ativa;sem_escolarizacao;nao;AVENIDA BRAZ DE PINA, 1614 BRAZ DE PINA. 21235-603 Rio de Janeiro - RJ.
33166404;NUCLEO DE ARTE LEBLON;-22.97952167;-43.22250833;;municipal;ativa;sem_escolarizacao;nao;PRACA NOSSA SENHORA AUXILIADORA, S/Nº LEBLON. 22441-050 Rio de Janeiro - RJ.
33166803;NUCLEO DE ARTE NISE DA SILVEIRA;-22.87305220;-43.26186630;;municipal;ativa;sem_escolarizacao;nao;RUA DARKE DE MATOS, 152 3ºANDAR. HIGIENOPOLIS. 21051-470 Rio de Janeiro - RJ.
33167605;NUCLEO DE ARTE PROFESSOR ALBERT EINSTEIN;-23.00305690;-43.38387830;;municipal;ativa;sem_escolarizacao;nao;RUA GUIMARAES ROSA, 166 FUNDOS. BARRA DA TIJUCA. 22793-620 Rio de Janeiro - RJ.
33167800;NUCLEO DE ARTE PROFESSOR DR DILSON FRANCISCO DE ALVARENGA MENEZES;-22.91291666;-43.61934077;;municipal;paralisada;geral;nao;RUA CAJA MANGA, S/N ARAUJO DE COSMOS. 23061-090 Rio de Janeiro - RJ.
33475253;NUCLEO DE ARTE SEBASTIAO BERNARDES DE SOUZA PRATA - GRANDE OTELO;-22.83136540;-43.40533020;;municipal;ativa;sem_escolarizacao;nao;RUA ROMEU CASA GRANDE, 37 ANEXO. PARQUE ANCHIETA. 21625-380 Rio de Janeiro - RJ.
33167400;NUCLEO DE ARTE SILVEIRA SAMPAIO;-22.95041113;-43.39068933;;municipal;ativa;sem_escolarizacao;nao;RUA JOSE PERROTA, 31 31. CURICICA. 22710-440 Rio de Janeiro - RJ.
33162930;NUCLEO DE EDUCACAO DE JOVENS E ADULTOS CAMPO GRANDE LTDA;-22.90103461;-43.55906573;;privada;ativa;geral;nao;RUA BARCELOS DOMINGOS, 35 201/202. CAMPO GRANDE. 23080-020 Rio de Janeiro - RJ.
33513210;NUCLEO DE PESQUISAS EDUCACIONAIS;-22.93068487;-43.18013020;fundamental_i|fundamental_ii;privada;ativa;geral;nao;RUA GAGO COUTINHO, 14 LARANJEIRAS. 22221-070 Rio de Janeiro - RJ.
33152519;NUCLEO INFANTIL NOSSA SENHORA DOS POBRES;-22.93857770;-43.34609450;infantil;privada;ativa;geral;nao;AVENIDA GEREMARIO DANTAS, 1350 JACAREPAGUA. 22760-401 Rio de Janeiro - RJ.
33116083;OBRA DE MISSAO SOCIAL;-22.94675000;-43.18561000;infantil;privada;ativa;geral;nao;RUA BAMBINA, 97 CASA. BOTAFOGO. 22251-050 Rio de Janeiro - RJ.
33169802;OBRA SOCIAL LAR DE PIERINA;-22.98090000;-43.19523000;infantil;privada;ativa;geral;nao;RUA SAINT ROMAN, 128 COPACABANA. 22071-060 Rio de Janeiro - RJ.
33072396;OBRAS PROFISSIONAIS SOCIAIS SANTA RITA DE CASSIA;-22.88614920;-43.25874880;fundamental_i|fundamental_ii;privada;ativa;geral;nao;RUA DARCI VARGAS, 12 JACARE. 20972-010 Rio de Janeiro - RJ.
33134677;OS BATUTINHAS ESPACO DE EDUC INFANTIL;-22.98224000;-43.21174000;infantil;privada;ativa;geral;nao;RUA REDENTOR, 265 CASA. IPANEMA. 22421-030 Rio de Janeiro - RJ.
33134774;PALMO E MEIO CRECHE MATERNAL LTDA;-22.95351000;-43.19505000;infantil;privada;ativa;geral;nao;RUA MARTINS FERREIRA, 55 CASA. BOTAFOGO. 22271-010 Rio de Janeiro - RJ.
33134715;PASSO A PASSO CRECHE E ESCOLA;-22.97620020;-43.22724430;;privada;extinta;geral;nao;RUA GENERAL RABELO, 37 GAVEA. 22451-010 Rio de Janeiro - RJ.
33134987;PASSO A PASSO CRECHE E ESCOLA;-22.96582980;-43.18015790;infantil;privada;ativa;geral;nao;RUA GENERAL BARBOSA LIMA, 35 COPACABANA. 22011-060 Rio de Janeiro - RJ.
33067813;PENSI MARTINS;-22.91722000;-43.24574000;fundamental_i|fundamental_ii;privada;ativa;geral;nao;RUA SOUSA FRANCO, 179 VILA ISABEL. 20551-120 Rio de Janeiro - RJ.
33071683;PENSI MARTINS;-22.90420000;-43.27801000;fundamental_i|fundamental_ii;privada;ativa;geral;nao;RUA DOUTOR PACHE DE FARIA, 68 MEIER. 20710-020 Rio de Janeiro - RJ.
33141380;PIPILA CRECHE LTDA;-22.92831000;-43.24163000;infantil;privada;ativa;geral;nao;RUA DONA DELFINA, 149 TIJUCA. 20511-270 Rio de Janeiro - RJ.
33123560;PIUII CRECHE ESCOLA;-23.00908000;-43.30722000;infantil;privada;ativa;geral;nao;RUA PEDRO BOLATO, 115 BARRA DA TIJUCA. 22621-170 Rio de Janeiro - RJ.
33113289;PLANETA MAGICO ALFA CEM - JACAREPAGUA;-22.94861000;-43.33803000;infantil;privada;ativa;geral;nao;ESTRADA DA URUCANGA, 56 ANIL. 22750-030 Rio de Janeiro - RJ.
33134235;PLANETA MAGICO ALFA CEM TIJUCA;-22.91440000;-43.23124000;infantil;privada;ativa;geral;nao;RUA ISIDRO DE FIGUEIREDO, 38 MARACANA. 20271-100 Rio de Janeiro - RJ.
33164061;POLO DE EDUCACAO PELO TRABALHO PRESIDENTE MEDICI;-22.87942100;-43.48458310;;municipal;ativa;sem_escolarizacao;nao;RUA YALTA, 60 SENADOR CAMARA. 21830-316 Rio de Janeiro - RJ.
33102180;POPEYE ESPACO DE EDUCACAO INFANTIL LTDA EPP;-22.98059000;-43.21588000;infantil|fundamental_i;privada;ativa;geral;nao;AVENIDA BORGES DE MEDEIROS, 701 MONTE LIBANO. LEBLON. 22430-041 Rio de Janeiro - RJ.
33102007;PRESC SOLDADINHO DE CHUMBO;-22.84645000;-43.26431000;infantil;privada;ativa;geral;nao;ESTRADA DO ENGENHO DA PEDRA, 1633 RAMOS. 21031-030 Rio de Janeiro - RJ.
33183473;PRIMEIRO ANDAR SOCIEDADE DE ENSINO;-22.90875863;-43.19962879;infantil;privada;ativa;geral;nao;RUA BENEDITO HIPOLITO, 216 SALA 104. CIDADE NOVA. 20211-130 Rio de Janeiro - RJ.
33161232;RABISCO ESCOLA;-22.96444247;-43.20239049;infantil;privada;ativa;geral;nao;RUA SACOPA, 9 CASA. LAGOA. 22471-180 Rio de Janeiro - RJ.
33114269;RANCHO DOS PEQUENINOS CHECHE JD ESC LTDA;-22.90538120;-43.27827170;infantil|fundamental_i;privada;ativa;geral;nao;RUA ISOLINA, 86 CASA. MEIER. 20710-070 Rio de Janeiro - RJ.
33104220;RECANTO INF IMACULADA CONCEICAO;-23.01703344;-43.45810835;infantil|fundamental_i|fundamental_ii;privada;ativa;geral;nao;AVENIDA GENARO DE CARVALHO, 1379 RECREIO DOS BANDEIRANTES. 22795-077 Rio de Janeiro - RJ.
33464219;RECANTO LAPIS DE COR;-22.99200000;-43.25173000;infantil|fundamental_i;privada;ativa;geral;nao;VIA APIA DA ROCINHA, 38 1,2, 3 E 4 ANDAR. ROCINHA. 22451-540 Rio de Janeiro - RJ.
33160201;RECANTO MAE DA ESPERANCA;-22.91425000;-43.55386000;infantil;privada;ativa;geral;nao;RUA OLINDA ELLIS, 433 CAMPO GRANDE. 23045-160 Rio de Janeiro - RJ.
33181560;RECREIO CHRISTIAN SCHOOL;-23.01672503;-43.45993358;infantil|fundamental_i|fundamental_ii;privada;ativa;geral;nao;AV GENARO DE CARVALHO, 1500 RECREIO DOS BANDEIRANTES. 22795-078 Rio de Janeiro - RJ.
33182370;RECRUTA CRECHE E ESCOLA;-22.95467602;-43.18755697;infantil;privada;ativa;geral;nao;RUA MENA BARRETO, 35 CASA. BOTAFOGO. 22271-100 Rio de Janeiro - RJ.
33106215;REDE DE ENSINO DARWIN GAMA SOCIEDADE SIMPLES LTDA-ME;-22.87352000;-43.26629000;infantil|fundamental_i|fundamental_ii;privada;ativa;geral;nao;RUA WASHINGTON DE AZEVEDO, 57 PREDIO DARWIN GAMA. HIGIENOPOLIS. 21051-545 Rio de Janeiro - RJ.
33144982;REINO DOS PEQUENINOS - REDE MIX DE ENSINO;-22.83366000;-43.28358000;fundamental_i;privada;ativa;geral;nao;RUA FRANCISCO ENES, 182 PENHA CIRCULAR. 21011-420 Rio de Janeiro - RJ.
33100985;SANTA MONICA REDE DE ENSINO - BARRA DA TIJUCA;-23.00826000;-43.31615000;infantil|fundamental_i|fundamental_ii;privada;ativa;geral;nao;AVENIDA RODOLFO AMOEDO, 420 BARRA DA TIJUCA. 22620-350 Rio de Janeiro - RJ.
33075603;SANTA MONICA REDE DE ENSINO - BENTO RIBEIRO;-22.86668000;-43.36222000;infantil|fundamental_i;privada;ativa;geral;nao;TRAVESSA ANTIMIO, 105 BENTO RIBEIRO. 21340-000 Rio de Janeiro - RJ.
33075620;SANTA MONICA REDE DE ENSINO - BENTO RIBEIRO;-22.86765000;-43.36518000;fundamental_ii;privada;ativa;geral;nao;RUA DIVISORIA, 79 BENTO RIBEIRO. 21331-250 Rio de Janeiro - RJ.
33113114;SANTA MONICA REDE DE ENSINO - CAMPO GRANDE;-22.91918000;-43.55161000;infantil|fundamental_i|fundamental_ii;privada;ativa;geral;nao;ESTRADA DA CACHAMORRA, 132 A. CAMPO GRANDE. 23040-150 Rio de Janeiro - RJ.
33075581;SANTA MONICA REDE DE ENSINO - CASCADURA;-22.88062000;-43.32321000;infantil|fundamental_i|fundamental_ii;privada;ativa;geral;nao;RUA CERQUEIRA DALTRO, 244 CASCADURA. 21380-320 Rio de Janeiro - RJ.
33148937;SANTA MONICA REDE DE ENSINO - FREGUESIA;-22.93636000;-43.33592000;infantil|fundamental_i|fundamental_ii;privada;ativa;geral;nao;RUA GEMINIANO GOIS, 331 FREGUESIA JACAREPAGUA. 22743-670 Rio de Janeiro - RJ.
33085609;SANTA MONICA REDE DE ENSINO - ILHA DO GOVERNADOR;-22.81707000;-43.19872000;infantil|fundamental_i|fundamental_ii;privada;ativa;geral;nao;RUA PINTO ALPOIM, 370 JARDIM GUANABARA. 21940-230 Rio de Janeiro - RJ.
33160031;SANTA MONICA REDE DE ENSINO - RECREIO DOS BANDEIRANTES;-23.01814000;-43.47303000;infantil|fundamental_i|fundamental_ii;privada;ativa;geral;nao;RUA ALMIRANTE ARY RONGEL, 555 RECREIO DOS BANDEIRANTES. 22790-430 Rio de Janeiro - RJ.
33084262;SANTA MONICA REDE DE ENSINO - SANTA CRUZ;-22.92503000;-43.68287000;infantil|fundamental_i|fundamental_ii;privada;ativa;geral;nao;RUA PRIMEIRA, 848 SANTA CRUZ. 23515-180 Rio de Janeiro - RJ.
33173907;SANTA MONICA REDE DE ENSINO - TAQUARA;-22.91725000;-43.38814000;infantil|fundamental_i|fundamental_ii;privada;ativa;geral;nao;RUA JANUARIO BARBOSA, 201 TAQUARA. 22720-390 Rio de Janeiro - RJ.
33094861;SANTA MONICA REDE DE ENSINO MADUREIRA;-22.87512000;-43.34070000;infantil|fundamental_i|fundamental_ii;privada;ativa;geral;nao;RUA JOAO VICENTE, 173 MADUREIRA. 21340-020 Rio de Janeiro - RJ.
33134316;SAPIENTIA SOCIEDADE DE PART E PESQUISA EDUC LTDA;-22.91883000;-43.23730000;infantil;privada;ativa;geral;nao;RUA DONA MARIA, 34 34. VILA ISABEL. 20541-030 Rio de Janeiro - RJ.
33073910;SEFA SOCIEDADE EDUCACIONAL FERNANDO ALVES;-22.90311759;-43.28098891;infantil|fundamental_i|fundamental_ii;privada;ativa;geral;nao;RUA OLIVEIRA, 37 MEIER. 20720-110 Rio de Janeiro - RJ.
33166900;SEI - SISTEMA DE ENSINO INTERATIVO;-22.92210000;-43.23200000;fundamental_ii;privada;ativa;geral;nao;RUA PARETO, 12 TIJUCA. 20550-120 Rio de Janeiro - RJ.
33294208;SEJA SOCIEDADE DE ENSINO JACAREPAGUA LTDA;-22.91854000;-43.38783000;infantil|fundamental_i;privada;ativa;geral;nao;RUA RELVADO, 244 CASA 2. TAQUARA. 22720-010 Rio de Janeiro - RJ.
33177201;SENAC BONSUCESSO;-22.86387000;-43.25620000;;privada;ativa;geral;nao;RUA DONA ISABEL, 700. BONSUCESSO. 21032-060 Rio de Janeiro - RJ.
33161283;SENAC BOTAFOGO;-22.94710000;-43.18571000;;privada;ativa;geral;nao;RUA BAMBINA, 107. BOTAFOGO. 22251-050 Rio de Janeiro - RJ.
33176809;SENAC CAMPO GRANDE;-22.90013000;-43.55892000;;privada;ativa;geral;nao;RUA BARCELOS DOMINGOS, 58. CAMPO GRANDE. 23080-020 Rio de Janeiro - RJ.
33173800;SENAC COPACABANA;-22.97351000;-43.19217000;;privada;ativa;geral;nao;RUA POMPEU LOUREIRO, 45  4 ANDAR. COPACABANA. 22061-000 Rio de Janeiro - RJ.
33161275;SENAC IRAJA;-22.82110000;-43.33212000;;privada;ativa;geral;nao;RUA EMILIANO FELIPE, 173. IRAJA. 21230-145 Rio de Janeiro - RJ.
33172609;SENAC MADUREIRA;-22.87702000;-43.34188000;;privada;ativa;geral;nao;RUA EWBANCK DA CAMARA, 91. MADUREIRA. 21310-150 Rio de Janeiro - RJ.
33172803;SENAC MARECHAL FLORIANO;-22.90036000;-43.18133000;;privada;paralisada;geral;nao;AV. MARECHAL FLORIANO, 6. CENTRO. 20080-007 Rio de Janeiro - RJ.
33150346;SENAI JACAREPAGUA;-22.93375000;-43.35273000;;privada;ativa;geral;nao;AVENIDA GEREMARIO DANTAS, 940 PECHINCHA. 22743-010 Rio de Janeiro - RJ.
33137463;SENAI MARACANA;-22.91568000;-43.23247000;;privada;ativa;geral;nao;RUA SAO FRANCISCO XAVIER, 417 MARACANA. 20550-010 Rio de Janeiro - RJ.
33137471;SENAI TIJUCA;-22.91375000;-43.22298000;;privada;ativa;geral;nao;RUA MORAIS E SILVA, 53 MARACANA. 20271-030 Rio de Janeiro - RJ.
33161305;SIC - COLEGIO AIACOM;-22.91121690;-43.26841470;infantil|fundamental_i;privada;ativa;geral;nao;RUA BARAO DO BOM RETIRO, 920 ANEXO - Nº 941. ENGENHO NOVO. 20715-002 Rio de Janeiro - RJ.
33124736;SINDICATO DA CRIANCA EDUCACAO E RECREACAO INFANTIL LTDA;-22.92231000;-43.22448000;infantil;privada;ativa;geral;nao;RUA EDUARDO RAMOS, 49 CASA. TIJUCA. 20550-024 Rio de Janeiro - RJ.
33155895;SISTEMA DE ENSINO FINTELMAN;-22.80180000;-43.20969000;infantil|fundamental_i|fundamental_ii;privada;ativa;geral;nao;RUA HAROLDO LOBO, 294 PORTUGUESA. 21931-580 Rio de Janeiro - RJ.
33189242;SISTEMA DE ENSINO INVICTUS ANA NERY EIRELI;-22.91398370;-43.68560099;;privada;ativa;geral;nao;RUA MEDEIROS E ALBUQUERQUE, 46 SANTA CRUZ. 23570-190 Rio de Janeiro - RJ.
33189129;SISTEMA DE ENSINO INVICTUS CAMPO GRANDE LTDA;-22.88450667;-43.55483500;;privada;ativa;geral;nao;ESTRADA DA POSSE, 3700 CAMPO GRANDE. 23088-000 Rio de Janeiro - RJ.
33189080;SISTEMA DE ENSINO INVICTUS IRAJA;-22.83340973;-43.32899493;;privada;ativa;geral;nao;ESTRADA DO COLEGIO, 1224 COLEGIO. 21235-280 Rio de Janeiro - RJ.
33161704;SISTEMA DE ENSINO UNIVERSUS LTDA;-22.83688000;-43.31607000;fundamental_ii;privada;ativa;geral;nao;RUA COMANDANTE VERGUEIRO DA CRUZ, 315. OLARIA. 21021-020 Rio de Janeiro - RJ.
33144494;SISTEMA EDUCACIONAL GENESIS;-22.87594000;-43.36858000;infantil|fundamental_i;privada;ativa;geral;nao;RUA NABUCO DE ARAUJO, 460 CASA 1. BENTO RIBEIRO. 21331-040 Rio de Janeiro - RJ.
33149780;SISTEMA ELITE DE ENSINO;-22.87693595;-43.34160517;fundamental_i|fundamental_ii;privada;ativa;geral;nao;RUA EWBANCK DA CAMARA, 85 MADUREIRA. 21310-150 Rio de Janeiro - RJ.
33172331;SISTEMA ELITE DE ENSINO;-22.81752925;-43.19965538;fundamental_i|fundamental_ii;privada;ativa;geral;nao;RUA ENGENHEIRO ROZAURO ZAMBRANO, 302 E 314 JARDIM GUANABARA. 21940-280 Rio de Janeiro - RJ.
33520321;SISTEMA ELITE DE ENSINO - CAMPO GRANDE I;-22.90452870;-43.55565590;fundamental_ii;privada;ativa;geral;nao;AVENIDA CESARIO DE MELO, 2347 CAMPO GRANDE. 23052-102 Rio de Janeiro - RJ.
33520330;SISTEMA ELITE DE ENSINO - CAMPO GRANDE II;-22.89916000;-43.53902000;fundamental_i|fundamental_ii;privada;ativa;geral;nao;RUA REGINA, 515 SENADOR AUGUSTO VASCONCELOS. 23013-520 Rio de Janeiro - RJ.
33140626;SISTEMA ELITE DE ENSINO - MADUREIRA 1;-22.87748500;-43.34032167;;privada;ativa;geral;nao;RUA DOMINGOS LOPES, 588 , 614 -. MADUREIRA. 21310-120 Rio de Janeiro - RJ.
33531218;SISTEMA ELITE DE ENSINO - MADUREIRA 3;-22.87643333;-43.33938167;fundamental_ii;privada;ativa;geral;nao;RUA DOMINGOS LOPES, 784 -. MADUREIRA. 21310-120 Rio de Janeiro - RJ.
33162999;SISTEMA ELITE DE ENSINO - NORTE SHOPPING;-22.93014000;-43.37222833;fundamental_ii;privada;ativa;geral;nao;AVENIDA DOM HELDER CAMARA, 5080 LOJA 5201-B. PILARES. 20771-004 Rio de Janeiro - RJ.
33125228;SISTEMA ELITE DE ENSINO - SANTA CRUZ;-22.92552027;-43.68820138;fundamental_i|fundamental_ii;privada;ativa;geral;nao;AVENIDA ISABEL, 291 SANTA CRUZ. 23550-063 Rio de Janeiro - RJ.
33169713;SISTEMA ELITE DE ENSINO - TAQUARA;-22.93016333;-43.37227833;fundamental_i|fundamental_ii;privada;ativa;geral;nao;RUA ANDRE ROCHA, 1085 LOTE 08/PAL. 6554. TAQUARA. 22710-560 Rio de Janeiro - RJ.
33152276;SISTEMA ELITE DE ENSINO - TIJUCA;-22.91921467;-43.22357166;fundamental_i|fundamental_ii;privada;ativa;geral;nao;RUA VISCONDE DE FIGUEIREDO, 96 A 110 TIJUCA. 20550-010 Rio de Janeiro - RJ.
33526249;SISTEMA ELITE DE ENSINO - VILA VALQUEIRE;-22.88319966;-43.37211780;fundamental_i|fundamental_ii;privada;ativa;geral;nao;RUA JAMBEIRO, 341 VILA VALQUEIRE. 21330-300 Rio de Janeiro - RJ.
33159130;SISTEMA ELITE DE ENSINO- UNIDADE BANGU;-22.87124000;-43.46326000;fundamental_ii;privada;ativa;geral;nao;RUA FIGUEIREDO CAMARGO, 1243 BANGU. 21870-210 Rio de Janeiro - RJ.
33108293;SOC EDUC SEBASTIAO OLIVEIRA;-22.86924000;-43.36581000;infantil|fundamental_i|fundamental_ii;privada;ativa;geral;nao;RUA MACAMBIRA, 208 BENTO RIBEIRO. 21331-320 Rio de Janeiro - RJ.
33124930;SOCIEDADE EDUC ALMEIDA REBELO;-22.84637000;-43.26964000;infantil|fundamental_i|fundamental_ii;privada;ativa;geral;nao;RUA TEOTONIO DE BRITO, 361 OLARIA. 21073-080 Rio de Janeiro - RJ.
33075123;SOCIEDADE EDUC VILA DA PENHA;-22.83697868;-43.30914619;fundamental_i|fundamental_ii;privada;ativa;geral;nao;AVENIDA MERITI, 2704 VILA DA PENHA. 21211-006 Rio de Janeiro - RJ.
33132275;SOCIEDADE EDUCACIONAL ANTONIO MIGUEL LTDA;-22.90379000;-43.25518000;infantil;privada;ativa;geral;nao;RUA FILGUEIRAS LIMA, 46 CASA. RIACHUELO. 20950-050 Rio de Janeiro - RJ.
33148457;SOCIEDADE EDUCACIONAL AUGUSTO DE LIMA;-22.88022000;-43.37329000;infantil|fundamental_i|fundamental_ii;privada;ativa;geral;nao;RUA CAIRUCU, 612 VILA VALQUEIRE. 21330-180 Rio de Janeiro - RJ.
33083916;SOCIEDADE EDUCACIONAL ESCOLA PERI LTDA;-22.88371000;-43.56843000;infantil|fundamental_i|fundamental_ii;privada;ativa;geral;nao;ESTRADA DO TINGUI, 570 CAMPO GRANDE. 23075-007 Rio de Janeiro - RJ.
33148562;SOCIEDADE EDUCACIONAL GILDA RIBEIRO;-22.84110000;-43.28235000;infantil|fundamental_i;privada;ativa;geral;nao;RUA AIMORE, 85 PENHA. 21070-230 Rio de Janeiro - RJ.
33135681;SOCIEDADE EDUCACIONAL GIRASSOL LTDA;-23.00842230;-43.29267770;infantil|fundamental_i;privada;ativa;geral;nao;ESTRADA DO JOA, 3415 JOA. 22611-021 Rio de Janeiro - RJ.
33147663;SOCIEDADE EDUCACIONAL LEANDRO DOS SANTOS;-22.91101000;-43.65227000;infantil|fundamental_i;privada;ativa;geral;nao;RUA JOSE SILTON PINHEIRO, 422 CASA 1. PACIENCIA. 23573-340 Rio de Janeiro - RJ.
33109540;SOCIEDADE EDUCACIONAL LUIZ MARIA RAMOS SANTOS LTDA;-22.83679000;-43.37890000;infantil|fundamental_i|fundamental_ii;privada;ativa;geral;nao;RUA BRICIO FILHO, 56 GUADALUPE. 21660-290 Rio de Janeiro - RJ.
33378207;SOCIEDADE EDUCACIONAL MADRE PAULINA - RH O FATOR;-22.87941000;-43.26326000;infantil|fundamental_i;privada;ativa;geral;nao;AVENIDA DOM HELDER CAMARA, 2.376 MARIA DA GRACA. 21050-600 Rio de Janeiro - RJ.
33456232;SOCIEDADE EDUCACIONAL PAULO FREIRE;-22.88048000;-43.55060000;;privada;ativa;geral;nao;ESTRADA PROFESSOR DALTRO SANTOS, 48 CAMPO GRANDE. 23092-205 Rio de Janeiro - RJ.
33147507;SOCIEDADE EDUCACIONAL RECRIANDO LTDA;-22.89031000;-43.23428000;infantil|fundamental_i|fundamental_ii;privada;ativa;geral;nao;RUA PREFEITO OLIMPIO DE MELO, 1244 1252. BENFICA. 20930-005 Rio de Janeiro - RJ.
33165173;SOCIEDADE EDUCACIONAL ROCHA MARTINS;-22.89305000;-43.57530000;infantil|fundamental_i;privada;ativa;geral;nao;RUA SANTA JULIANA, 36 CAMPO GRANDE. 23082-490 Rio de Janeiro - RJ.
33110131;SOCIEDADE EDUCACIONAL SOL NASCENTE LTDA;-22.81512000;-43.34058000;infantil|fundamental_i|fundamental_ii;privada;ativa;geral;nao;RUA RODRIGO CABRAL, 73 PARQUE COLUMBIA. PAVUNA. 21535-420 Rio de Janeiro - RJ.
33163405;SOCIEDADE EDUCACIONAL UNIVERSIDADE DA CRIANCA;-22.90036000;-43.57272000;infantil|fundamental_i;privada;ativa;geral;nao;RUA TABAI, 160 CAMPO GRANDE. 23070-270 Rio de Janeiro - RJ.
33107742;SOCIEDADE EDUCACIONAL VIEIRA E CORREA;-22.90055240;-43.30709560;infantil|fundamental_i;privada;ativa;geral;nao;RUA JOAQUIM MARTINS, 196 206. ENCANTADO. 20745-230 Rio de Janeiro - RJ.
33137315;SOMEC SISTEMA DE ENSINO;-22.91181200;-43.61313110;infantil|fundamental_i|fundamental_ii;privada;ativa;geral;nao;RUA GUARUJA, 30 E 30A INHOAIBA. 23060-660 Rio de Janeiro - RJ.
33166994;STAR FINDER ENSINO E CULTURA LTDA - EPP;-22.83938870;-43.30606920;infantil|fundamental_i|fundamental_ii;privada;ativa;geral;nao;RUA DO TRABALHO, 323 VILA DA PENHA. 21211-210 Rio de Janeiro - RJ.
33173680;SUPERA MUNDI EDUCACAO;-22.91123000;-43.19169000;fundamental_i|fundamental_ii;privada;ativa;geral;nao;AVENIDA MEM DE SA, 302/304 306/308. CENTRO. 20230-153 Rio de Janeiro - RJ.
33178267;TATI BI TATI CRECHE;-22.88852500;-43.28145870;infantil|fundamental_i;privada;ativa;geral;nao;RUA ODORICO MENDES, 100 CACHAMBI. 20771-320 Rio de Janeiro - RJ.
33165955;TECNIM ESCOLA TECNICA;-22.88062000;-43.46386000;;privada;ativa;geral;nao;RUA FRANCISCO REAL, 1955 2 PAVIMENTO. BANGU. 21810-041 Rio de Janeiro - RJ.
33134979;TIC TIC TAC CRECHE LTDA;-23.00322000;-43.37601000;infantil;privada;ativa;geral;nao;RUA BRAULIO EUGENIO MULLER, 91 CONDOMINIO MANDALA. BARRA DA TIJUCA. 22793-530 Rio de Janeiro - RJ.
33067570;TRAMPOLIM EDUCACAO INFANTIL BILINGUE;-22.92639000;-43.23457000;infantil;privada;ativa;geral;nao;RUA CAMARAGIBE, 24 TIJUCA. 20520-130 Rio de Janeiro - RJ.
33069778;UNID EDUC GAMA E SOUZA;-22.86168000;-43.25235000;infantil|fundamental_i|fundamental_ii;privada;ativa;geral;nao;AVENIDA TEIXEIRA DE CASTRO, 70/72 CASAS 04/06/08/10. BONSUCESSO. 21040-112 Rio de Janeiro - RJ.
33308209;UNIDADE EDUCACIONAL GOMES DA ROCHA;-22.96084000;-43.35383000;infantil|fundamental_i|fundamental_ii;privada;ativa;geral;nao;RUA ACAPURANA, 506 GARDENIA AZUL. 22765-660 Rio de Janeiro - RJ.
33107793;UNIVERSIDADE DA CRIANCA;-22.82584000;-43.28833000;infantil|fundamental_i;privada;ativa;geral;nao;RUA PIRICUMA, 109 BRAZ DE PINA. 21011-330 Rio de Janeiro - RJ.
33148392;VIRA-VIROU ESCOLA BRASILEIRA DA INFANCIA;-23.01348000;-43.45485000;infantil|fundamental_i;privada;ativa;geral;nao;RUA GUILHERME BAPTISTA, 451 CASA. RECREIO DOS BANDEIRANTES. 22790-160 Rio de Janeiro - RJ.
33182574;VIVENDO E APRENDENDO LTDA;-22.86053214;-43.24485209;infantil;privada;ativa;geral;nao;RUA DA PROCLAMACAO, 58 BONSUCESSO. 21042-432 Rio de Janeiro - RJ.
33105138;ZEROHUM EDUCACAO;-22.90695000;-43.28006000;fundamental_i|fundamental_ii;privada;ativa;geral;nao;RUA ISOLINA, 332 MEIER. 20710-070 Rio de Janeiro - RJ.
33067821;ZEROHUM EDUCACAO S A;-22.92133000;-43.24228000;fundamental_i|fundamental_ii;privada;ativa;geral;nao;RUA ARAUJO LIMA, 139 VILA ISABEL. 20541-050 Rio de Janeiro - RJ.
