codigo_inep;nome;latitude;longitude;ciclo;rede;situacao;atendimento;conveniada;endereco
26128829;90 GRAUS COLEGIO E CURSO;-8.00573310;-34.89211960;infantil|fundamental_i|fundamental_ii;privada;ativa;geral;nao;AVENIDA BEBERIBE, 3878 PORTO DA MADEIRA. 52130-000 Recife - PE.
26156105;ALICE MENDONCA;-8.06260300;-34.93468000;infantil|fundamental_i;privada;ativa;geral;nao;RUA SERAFINA CARNEIRO, 46 TORROES. 50640-600 Recife - PE.
26190257;ALPHATEC;-8.05588592;-34.88396632;;privada;ativa;geral;nao;RUA GERVASIO PIRES, 826 SANTO AMARO. 50050-070 Recife - PE.
26496720;ANJOS BABY;-8.03759100;-34.95811000;infantil;privada;ativa;geral;nao;RUA RUI DUARTE, 141 VARZEA. 50810-380 Recife - PE.
26163403;ASSOCIACAO DE MULHERES DE BEIRINHA;-8.10153690;-34.92577520;infantil;privada;ativa;geral;sim;1ª TRAVESSA DOS PRAZERES, 244 A AREIAS. 50860-241 Recife - PE.
26147513;ASSOCIACAO EDUC E CULTURAL ARCO-IRIS;-8.04845300;-34.96019000;infantil|fundamental_i|fundamental_ii;privada;ativa;geral;nao;RUA MENDES MARTINS, 92 PREDIO ESCOLAR. VARZEA. 50741-040 Recife - PE.
26132176;ATITUDE NUCLEO DE FORMACAO PROFISSIONAL;-8.03191300;-34.89172000;;privada;ativa;geral;nao;AVENIDA BEBERIBE, 621 ENCRUZILHADA. 52041-430 Recife - PE.
26143658;BABYMEL E ESCOLAS LTDA;-8.03525140;-34.91043560;infantil|fundamental_i;privada;ativa;geral;nao;RUA VIRGINIA LORETO, 123 PARNAMIRIM. 52060-370 Recife - PE.
26153688;CENTRO DE ATENDIMENTO EDUCACIONAL ESPECIALIZADO DO RECIFE - CAEER;-8.02817270;-34.91837170;;estadual;ativa;sem_escolarizacao;nao;RUA CONSELHEIRO NABUCO, S/N CASA AMARELA. 52051-440 Recife - PE.
26125595;CENTRO DE CULTURA INFANTIL REINO MAGICO;-8.02888600;-34.90878000;infantil|fundamental_i;privada;ativa;geral;nao;ESTRADA DO ARRAIAL, 2949 TAMARINEIRA. 52051-380 Recife - PE.
26117673;CENTRO DE DESENVOLVIMENTO DA CRIANCA;-8.04490200;-34.93620000;infantil|fundamental_i;privada;ativa;geral;nao;RUA ADEMAR PIRES TRAVASSOS, 278 IPUTINGA. 50670-060 Recife - PE.
26191008;CENTRO DE DESENVOLVIMENTO INFANTIL AVANCADO;-8.02093074;-34.93094825;infantil|fundamental_i;privada;ativa;geral;nao;RUA BARAUNA, 71 ALTO DO MANDU. 52071-030 Recife - PE.
26167980;CENTRO DE EDUCACAO COMUNITARIA GABRIELA FELIZ;-8.02461370;-34.95887220;infantil;privada;ativa;geral;sim;RUA DOUTOR ANTONIO HERMENEGILDO DE CASTRO NETO, 23 CAXANGA. 50980-460 Recife - PE.
26186659;CENTRO DE EDUCACAO CRESCER LTDA;-8.03104960;-34.89535430;infantil;privada;ativa;geral;nao;RUA SALVADOR DE SA, 475 ROSARINHO. 52041-055 Recife - PE.
26117916;CENTRO DE EDUCACAO DE JOVENS E ADULTOS POETA JOAQUIM CARDOZO;-8.09198641;-34.94991321;;estadual;ativa;geral;nao;AVENIDA DOUTOR JOSE RUFINO, 3071 TEJIPIO. 50930-000 Recife - PE.
26121824;CENTRO DE EDUCACAO DE JOVENS E ADULTOS VALDEMAR DE OLIVEIRA;-8.05515667;-34.88020000;;estadual;ativa;geral;nao;AV MARIO MELO, S/N SANTO AMARO. 50040-010 Recife - PE.
26361612;CENTRO DE EDUCACAO INFANTIL CAROCHINHA;-8.03950582;-34.92005477;infantil;privada;ativa;geral;nao;RUA DO CHACON, 248 POCO. 52061-400 Recife - PE.
26184621;CENTRO DE EDUCACAO PROFISSIONAL LTDA - CEPRO;-8.05681100;-34.89698000;;privada;ativa;geral;nao;RUA MIGUEL COUTO, 44 BOA VISTA. 50070-150 Recife - PE.
26143291;CENTRO DE ENS SUPLE VIRGINIO C DE OLIVEIRA;-8.06335200;-34.87799000;;privada;paralisada;geral;nao;RUA MARQUES DO RECIFE, 154 SANTO ANTONIO. 50010-060 Recife - PE.
26185792;CENTRO DE ENSINO GRAU TECNICO;-8.09230000;-34.90910333;;privada;ativa;geral;nao;AV MARECHAL MASCARENHAS DE MORAES, 1062 ESCOLA. IMBIRIBEIRA. 51170-000 Recife - PE.
26182866;CENTRO DE ENSINO GRAU TECNICO BOA VISTA 2;-8.05692699;-34.89165930;;privada;ativa;geral;nao;AVENIDA CONDE DA BOA VISTA II 1224, 1224 SOLEDADE. 50060-001 Recife - PE.
26123754;CENTRO EDUC OLAVO BILAC;-8.08787700;-34.96813000;infantil|fundamental_i;privada;ativa;geral;nao;RUA ROSARIO DE MINAS, 30 COQUEIRAL. 50791-120 Recife - PE.
26128063;CENTRO EDUCACIONAL ANA NERY;-8.02334300;-34.89032000;infantil|fundamental_i|fundamental_ii;privada;ativa;geral;nao;RUA ANA MAURICIA WANDERLEY, 156 ARRUDA. 52120-210 Recife - PE.
26117797;CENTRO EDUCACIONAL ANTONIO GALDINO;-8.11717600;-34.94048000;infantil|fundamental_i|fundamental_ii;privada;ativa;geral;nao;RUA FERNANDO TOMAZ DA SILVA, 66 IBURA. 51240-010 Recife - PE.
26152681;CENTRO EDUCACIONAL BERNARDO LUCAS;-8.08661000;-34.96374000;infantil|fundamental_i;privada;ativa;geral;nao;RUA APRIGIO GUIMARAES, 862 SANCHO. 50920-722 Recife - PE.
26136162;CENTRO EDUCACIONAL CANDIDO PORTINARI;-8.10596200;-34.92560000;;privada;paralisada;geral;nao;RUA HELIO BRANDAO, 361 IPSEP. 51350-290 Recife - PE.
26136430;CENTRO EDUCACIONAL CASTELO INFANTIL LTDA;-8.05519100;-34.94515000;infantil|fundamental_i;privada;ativa;geral;nao;RUA ANTONIO BORGES UCHOA, 596 ENGENHO DO MEIO. 50730-230 Recife - PE.
26164388;CENTRO EDUCACIONAL COMUNITARIO REDENCAO;-8.01969240;-34.88009450;infantil;privada;ativa;geral;sim;RUA JOAO PRAXEDES DE OLIVEIRA FILHO, 25 CAMPINA DO BARRETO. 52121-270 Recife - PE.
26157420;CENTRO EDUCACIONAL CREATIVE;-8.08846200;-34.96136000;;privada;paralisada;geral;nao;RUA ANAPOLIS, 387 PROXIMO AO HOSPITAL. TEJIPIO. 50920-500 Recife - PE.
26175908;CENTRO EDUCACIONAL CRISTO SALVA;-8.02150280;-34.90413540;infantil;privada;ativa;geral;sim;RUA RIO, 370 AGUA FRIA. 52211-370 Recife - PE.
26120534;CENTRO EDUCACIONAL DA CRIANCA;-8.05505900;-34.95748000;infantil|fundamental_i;privada;ativa;geral;nao;RUA MAJOR RUBENS VAZ, 178 CIDADE UNIVERSITARIA. 50741-470 Recife - PE.
26497719;CENTRO EDUCACIONAL DA IPUTINGA;-8.03467900;-34.94039000;infantil|fundamental_i;privada;ativa;geral;nao;RUA HENRIQUE MILET, 166 IPUTINGA. 50800-330 Recife - PE.
26176602;CENTRO EDUCACIONAL INFANCIA FELIZ;-8.08256700;-34.87953000;infantil|fundamental_i;privada;ativa;geral;nao;RUA ESTRELA DO MAR, 356 BRASILIA TEIMOSA. 51010-050 Recife - PE.
26120429;CENTRO EDUCACIONAL JOAO BRITO;-8.08130700;-34.96969000;fundamental_i|fundamental_ii;privada;ativa;geral;nao;RUA ANA CARNEIRO DALBUQUERQUE, 288 TOTO. 50940-270 Recife - PE.
26143186;CENTRO EDUCACIONAL MACHADO DE ASSIS;-8.01103300;-34.91090000;;privada;extinta;geral;nao;RUA ESPINOSA, 361 LINHA DO TIRO. 52131-532 Recife - PE.
26163730;CENTRO EDUCACIONAL MIRIAM IMELDA;-8.00194540;-34.91146040;infantil;privada;ativa;geral;sim;RUA AURELIANO LEAL, 79 A CASA A. DOIS UNIDOS. 52150-060 Recife - PE.
26133776;CENTRO EDUCACIONAL MONTE SINAI;-8.03446800;-34.93236000;infantil|fundamental_i|fundamental_ii;privada;ativa;geral;nao;RUA ODILON ARAUJO, 241 IPUTINGA. 50680-150 Recife - PE.
26156733;CENTRO EDUCACIONAL MUNDO INFANTIL DO CHIE;-8.03626950;-34.87624700;infantil;privada;ativa;geral;sim;RUA CONTINENTAL, 126 126. CAMPO GRANDE. 52031-080 Recife - PE.
26173387;CENTRO EDUCACIONAL NOSSA SENHORA AUXILIADORA;-8.06249820;-34.92215580;;privada;paralisada;geral;nao;RUA CATUME, 108 BONGI. 50751-550 Recife - PE.
26125790;CENTRO EDUCACIONAL PARNAMIRIM;-8.03223700;-34.90678000;;privada;paralisada;geral;nao;RUA SEBASTIAO ALVES, 89 PARNAMIRIM. 52060-100 Recife - PE.
26180197;CENTRO EDUCACIONAL SABER VIVER;-8.04232800;-34.89253000;infantil;privada;ativa;geral;nao;RUA DO ESPINHEIRO, 836 ESPINHEIRO. 52020-025 Recife - PE.
26132540;CENTRO EDUCACIONAL SHALON;-8.02693300;-34.94997000;infantil|fundamental_i;privada;ativa;geral;nao;RUA MURILO MENEZES LIRA, 357 VARZEA. 50980-625 Recife - PE.
26160196;CENTRO EDUCACIONAL SOCIAL E CULTURAL;-8.08706560;-34.97042560;infantil;privada;ativa;geral;sim;RUA CORIPOS, 323 COQUEIRAL. 50791-130 Recife - PE.
26117827;CENTRO EDUCACIONAL TIRADENTES;-8.11444200;-34.94729000;infantil|fundamental_i;privada;ativa;geral;nao;RUA ENGENHO MATAPAGIPE, 70 COHAB. 51270-281 Recife - PE.
26178249;CENTRO EDUCACIONAL UNIARTE;-8.10574800;-34.92493000;;privada;paralisada;geral;nao;RUA SO SILVESTRE, 200 IPSEP. 51350-540 Recife - PE.
26506726;CENTRO EDUCACIONAL UNIDOS VENCEREMOS;-8.07451600;-34.92314000;;privada;paralisada;geral;nao;RUA ALEXANDRE RODRIGUES FERREIRA, 745 MANGUEIRA. 50820-010 Recife - PE.
26189496;CENTRO EDUCACIONAL UPGRADE;-8.01053692;-34.88711949;infantil;privada;ativa;geral;nao;RUA TENENTE WANDERLEY, 421 CAJUEIRO. 52221-160 Recife - PE.
26117835;CENTRO EDUCACIONAL VIVER E PENSAR LTDA;-8.08355800;-34.93760000;;privada;paralisada;geral;nao;RUA FREI FELIX DE OLIVOLA, 345 JARDIM SAO PAULO. 50781-670 Recife - PE.
26148110;CENTRO EDUCATIVO JARDIM DAS OLIVEIRAS;-8.06422430;-34.91131480;;privada;paralisada;geral;nao;RUA PADRE TEOFILO TWORZ, 225 AFOGADOS. 50830-562 Recife - PE.
26125765;CENTRO ESCOLAR CAROCHINHA;-8.03961327;-34.91974333;fundamental_i;privada;ativa;geral;nao;RUA DO CHACON, 245 POCO. 52061-400 Recife - PE.
26167107;CENTRO PROFISSIONALIZANTE DE SAUDE IRMA DULCE;-8.05153100;-34.88779000;;privada;ativa;geral;nao;AVENIDA VISCONDE DE SUASSUNA, 705 SANTO AMARO. 50050-540 Recife - PE.
26154021;CENTRO SOCIAL GUARARAPES;-8.13312600;-34.93620000;infantil;privada;ativa;geral;sim;AVENIDA DONA ALICE MONTENEGRO LESSA, 115 JORDAO BAIXO. 51250-480 Recife - PE.
26117894;CENTRO SUVAG DE PERNAMBUCO;-8.04695400;-34.91433000;;privada;extinta;geral;nao;PRACA PROFESSOR BARRETO CAMPELO, 1238 TORRE. 50710-290 Recife - PE.
26180200;CFI-COLEGIO DE FORMACAO INTEGRAL;-8.05474800;-34.91299000;fundamental_i|fundamental_ii;privada;ativa;geral;nao;AVENIDA CAXANGA, 460 MADALENA. 50610-230 Recife - PE.
26167913;CLUBE DE MAES FUTURO DO AMANHA DE SAN MARTIN;-8.07170940;-34.93066470;infantil;privada;ativa;geral;sim;RUA DOUTOR JOSE RAMOS DE VASCONCELOS, 03 SAN MARTIN. 50760-690 Recife - PE.
26181835;CMEI ALCIDES RESTELLI TEDESCO;-8.05472520;-34.91483080;infantil;municipal;ativa;geral;nao;RUA FAUSTO CARDOSO, 653 MADALENA. 50720-310 Recife - PE.
26122022;CMEI ANA ROSA FALCAO DE CARVALHO;-8.05599040;-34.88009540;infantil;municipal;ativa;geral;nao;RUA JOAO LIRA, S/N SANTO AMARO. 50050-550 Recife - PE.
26124165;CMEI BERNARD VAN DER LEER;-8.08548910;-34.88347580;infantil;municipal;ativa;geral;nao;RUA FRANCISCO VALPASSOS, SN BRASILIA TEIMOSA. 51010-370 Recife - PE.
26153122;CMEI BRASILIA TEIMOSA;-8.08038506;-34.87804824;infantil;municipal;ativa;geral;nao;RUA DELFIM, 55 BRASILIA TEIMOSA. 51010-370 Recife - PE.
26175878;CMEI CELESTE VIDAL;-7.99845630;-34.95847630;infantil;municipal;ativa;geral;nao;RUA GUABIRABA, S/N BREJO DA GUABIRABA. 52291-655 Recife - PE.
26149800;CMEI CMEI CREUSA ARCOVERDE DE FREITAS CAVALCANTI;-8.02809264;-34.91886944;infantil;municipal;ativa;geral;nao;RUA NABUCO, S/N CASA AMARELA. 52070-010 Recife - PE.
26157551;CMEI CMEI NOVO PINA;-8.09213820;-34.88809030;infantil;municipal;ativa;geral;nao;RUA EURICO VITRUVIO, S/N PINA. 51011-140 Recife - PE.
26419742;CMEI COELHINHO PENSANTE;-8.04271510;-34.87827630;infantil;municipal;ativa;geral;nao;RUA VIRGILIO DE MEDEIROS, S/N SANTO AMARO. 50110-400 Recife - PE.
26156776;CMEI DA MANGUEIRA;-8.07483470;-34.92129200;infantil;municipal;ativa;geral;nao;RUA VINTE E UM DE ABRIL, 1555 MANGUEIRA. 50820-000 Recife - PE.
26443716;CMEI DOUTOR ALBERICO DORNELAS CAMARA;-8.05459230;-34.87245850;infantil;municipal;ativa;geral;nao;REF CAIS DO APOLO, 925 RECIFE. 50030-903 Recife - PE.
26212609;CMEI ESTRELA DA MANHA;-8.10267760;-34.92197900;infantil;municipal;ativa;geral;nao;RUA DANCING DAYS, 135 IMBIRIBEIRA. 51180-340 Recife - PE.
26153270;CMEI JESUS DE NAZARE;-8.12911630;-34.94227530;infantil;municipal;ativa;geral;nao;RUA ANGATUBA, S/N IBURA. 51240-715 Recife - PE.
26149931;CMEI MAEZINHA DO COQUE;-8.07178573;-34.89993293;infantil;municipal;ativa;geral;nao;RUA GUAPIRAMA, S/N ILHA JOANA BEZERRA. 50080-730 Recife - PE.
26153262;CMEI NOSSO SENHOR JESUS DO BONFIM;-8.08118495;-34.93065872;infantil;municipal;ativa;geral;nao;RUA TEIXEIRA DE MELO, 56 ESTANCIA. 50865-180 Recife - PE.
26212412;CMEI PROFESSOR PAULO ROSAS;-8.05635656;-34.95617972;infantil;municipal;ativa;geral;nao;AV LUIZ FREIRE, SN CIDADE UNIVERSITARIA. 50740-030 Recife - PE.
26153246;CMEI SEMENTINHA DO SKYLAB;-8.03270673;-34.92840267;infantil;municipal;ativa;geral;nao;RUA JOAO DA LAGOA, SN IPUTINGA. 50680-785 Recife - PE.
26528711;COLEGIO 17 DE AGOSTO;-8.03960653;-34.91973388;fundamental_i|fundamental_ii;privada;ativa;geral;nao;RUA DO CHACON, 245 POCO. 52061-400 Recife - PE.
26205602;COLEGIO 2001;-8.07881900;-34.93550000;fundamental_i|fundamental_ii;privada;ativa;geral;nao;RUA VITORIANO EBLA, 49 JARDIM SAO PAULO. 50910-460 Recife - PE.
26128853;COLEGIO ADVENTISTA DO ARRUDA;-8.02164000;-34.89207167;infantil|fundamental_i|fundamental_ii;privada;ativa;geral;nao;RUA ZEFERINO AGRA, 268 AGUA FRIA. 52120-183 Recife - PE.
26121328;COLEGIO ADVENTISTA DO RECIFE;-8.05670500;-34.88439000;infantil|fundamental_i|fundamental_ii;privada;ativa;geral;nao;RUA GERVASIO PIRES, 700 BOA VISTA. 50050-070 Recife - PE.
26145103;COLEGIO ALBERT SABIN;-8.04816400;-34.93076000;fundamental_i|fundamental_ii;privada;ativa;geral;nao;TRAVESSA INACIO MONTEIRO, 295 CORDEIRO. 50721-321 Recife - PE.
26173310;COLEGIO ALFAMA;-8.05653600;-34.90728000;;privada;paralisada;geral;nao;AVENIDA VISCONDE DE ALBUQUERQUE, 175 MADALENA. 50610-090 Recife - PE.
26121506;COLEGIO AMERICANO BATISTA;-8.05424170;-34.89546350;infantil|fundamental_i|fundamental_ii;privada;ativa;geral;nao;RUA DOM BOSCO, 1308 BOA VISTA. 50070-070 Recife - PE.
26180863;COLEGIO ANGLO LIDER;-8.02921300;-34.89793000;infantil|fundamental_i|fundamental_ii;privada;ativa;geral;nao;RUA VISCONDE DE ABAETE, 200 TAMARINEIRA. 52110-010 Recife - PE.
26419718;COLEGIO ANGLO LIDER JUNIOR;-8.05647600;-34.92731000;infantil|fundamental_i;privada;ativa;geral;nao;RUA PAES CABRAL, 289 CORDEIRO. 50630-170 Recife - PE.
26122359;COLEGIO AUXILIADORA;-8.05297667;-34.89878500;infantil|fundamental_i|fundamental_ii;privada;ativa;geral;nao;RUA RUA JOAQUIM NABUCO, 237 GRACAS. 52010-300 Recife - PE.
26125404;COLEGIO AVANCE;-8.11303400;-34.91754000;infantil|fundamental_i|fundamental_ii;privada;ativa;geral;nao;RUA RIO MAJU, 130 IPSEP. 51190-470 Recife - PE.
26117991;COLEGIO BOA VIAGEM LTDA;-8.11102654;-34.89474501;infantil|fundamental_i|fundamental_ii;privada;ativa;geral;nao;RUA PROFESSOR EDUARDO WANDERLEY FILHO, 539 BOA VIAGEM. 51020-170 Recife - PE.
26183196;COLEGIO BRILHO DE JESUS;-7.99206000;-34.91348000;infantil|fundamental_i|fundamental_ii;privada;ativa;geral;nao;AVENIDA HILDEBRANDO DE VASCONCELOS, 2208 CASA. DOIS UNIDOS. 52160-000 Recife - PE.
26133725;COLEGIO CAPITAO MORONI LTDA;-8.01963900;-34.92006000;infantil|fundamental_i|fundamental_ii;privada;ativa;geral;nao;RUA DESEMBARGADOR FONSECA GALVAO, 93 VASCO DA GAMA. 52280-517 Recife - PE.
26187310;COLEGIO CARLOS MURAKAMI;-8.03445420;-34.92524180;;privada;ativa;geral;nao;RUA PADRE JOSE EDWALDO GOMES, 65 CASA FORTE. 52061-460 Recife - PE.
26166976;COLEGIO CASAFORTE;-8.03448800;-34.91957000;infantil|fundamental_i|fundamental_ii;privada;ativa;geral;nao;PRACA DE CASA FORTE, 548 CASA FORTE. 52061-420 Recife - PE.
26189569;COLEGIO COGNITIVO;-8.03932012;-34.91656747;fundamental_ii;privada;ativa;geral;nao;AVENIDA ANTINIO TORRES GALVAO, 283 IMBIRIBEIRA. 51160-330 Recife - PE.
26534711;COLEGIO COGNITIVO;-8.11283339;-34.90506163;fundamental_ii;privada;ativa;geral;nao;RUA DE SANT ANA, 213 SANTANA. 52060-460 Recife - PE.
26127580;COLEGIO CONHECER;-8.03952900;-34.94375000;infantil|fundamental_i|fundamental_ii;privada;ativa;geral;nao;RUA ZEZITO COSTA REGO, 130 VARZEA. 50740-010 Recife - PE.
26118149;COLEGIO DA IMACULADA CONCEICAO;-8.09259900;-34.94241000;infantil|fundamental_i|fundamental_ii;privada;ativa;geral;nao;AVENIDA DOUTOR JOSE RUFINO, 2184 BARRO. 50900-660 Recife - PE.
26122120;COLEGIO DA POLICIA MILITAR DE PERNAMBUCO;-8.05930800;-34.89960430;infantil|fundamental_i|fundamental_ii;estadual;ativa;geral;nao;RUA HENRIQUE DIAS, 609 DERBY. 52010-100 Recife - PE.
26122081;COLEGIO DAS DAMAS DA INSTRUCAO CRISTA;-8.04102920;-34.90271440;infantil|fundamental_i|fundamental_ii;privada;ativa;geral;nao;AVENIDA RUI BARBOSA, 1426 GRACAS. 52050-000 Recife - PE.
26122154;COLEGIO DE SANTA CATARINA;-8.02997400;-34.90705000;infantil|fundamental_i|fundamental_ii;privada;ativa;geral;nao;ESTRADA DO ARRAIAL, 2740 TAMARINEIRA. 52051-380 Recife - PE.
26121514;COLEGIO DE SAO JOSE;-8.05734800;-34.88912000;fundamental_ii;privada;ativa;geral;nao;AVENIDA CONDE DA BOA VISTA, 921 BOA VISTA. 50060-002 Recife - PE.
26526719;COLEGIO DO SABER;-8.02852800;-34.88436000;infantil|fundamental_i|fundamental_ii;privada;ativa;geral;nao;RUA FRANKLIN TAVORA, 159 CAMPO GRANDE. 52040-050 Recife - PE.
26127091;COLEGIO DOURADO;-8.14368700;-34.91504000;infantil|fundamental_i|fundamental_ii;privada;ativa;geral;nao;AVENIDA VINTE DE JANEIRO, 1245 BOA VIAGEM. 51030-160 Recife - PE.
26127750;COLEGIO DULCE DE SOUZA LEAO LTDA;-8.05323800;-34.91972000;fundamental_i|fundamental_ii;privada;ativa;geral;nao;RUA GREGORIO JUNIOR, 261 ZUMBI. 50720-742 Recife - PE.
26175339;COLEGIO E CURSO ATITUDE;-8.02311400;-34.91891000;infantil|fundamental_i|fundamental_ii;privada;ativa;geral;nao;RUA DOUTOR TOME DIAS, 75 A. CASA AMARELA. 52070-370 Recife - PE.
26450720;COLEGIO E CURSO DESAFIO-CENTRO EDUCACIONAL DA IPUTINGA;-8.03731800;-34.94318000;;privada;paralisada;geral;nao;RUA PROFESSOR MUSSA HAZIN, 260 IPUTINGA. 50800-030 Recife - PE.
26118211;COLEGIO E CURSO MICKEYLANDIA;-8.07085600;-34.91840000;infantil|fundamental_i|fundamental_ii;privada;ativa;geral;nao;RUA JOANA FRANCISCA DE AZEVEDO, 38 MUSTARDINHA. 50760-310 Recife - PE.
26121190;COLEGIO E CURSO NOSSA SENHORA DO CARMO;-8.12001200;-34.94746000;infantil|fundamental_i|fundamental_ii;privada;ativa;geral;nao;RUA PARINTINS, 32 IBURA. COHAB. 51290-050 Recife - PE.
26178281;COLEGIO E CURSO RAIO DE SOL;-7.99021100;-34.93226000;fundamental_i|fundamental_ii;privada;ativa;geral;nao;RUA PRESIDENTE COSTA E SILVA, 292 BREJO DA GUABIRABA. 52291-230 Recife - PE.
26147386;COLEGIO E CURSO SENHOR DO BONFIM;-8.03777900;-34.98066000;infantil|fundamental_i|fundamental_ii;privada;ativa;geral;nao;RUA TIUMA, 26 A. VARZEA. 50960-240 Recife - PE.
26123177;COLEGIO E CURSO VENCER;-8.12648000;-34.90637000;infantil|fundamental_i;privada;ativa;geral;nao;RUA DOM JOSE LOPES, 871 BOA VIAGEM. 51021-370 Recife - PE.
26122219;COLEGIO EDUCACIONAL TRAJANO LTDA;-8.03102833;-34.89531833;infantil;privada;ativa;geral;nao;RUA SALVADOR DE SA, 366 ROSARINHO. 52041-055 Recife - PE.
26125625;COLEGIO ELO;-8.13463000;-34.90514000;infantil|fundamental_i|fundamental_ii;privada;ativa;geral;nao;RUA JOSE PARAISO, 189 BOA VIAGEM. 51030-390 Recife - PE.
26118165;COLEGIO EQUIPE;-8.04973500;-34.90529000;infantil|fundamental_i|fundamental_ii;privada;ativa;geral;nao;RUA DEMOSTENES DE OLINDA, 121 MADALENA. 50610-050 Recife - PE.
26179016;COLEGIO ETHOS;-8.03840700;-34.91945000;infantil|fundamental_i;privada;ativa;geral;nao;RUA DO CHACON, 184 POCO DA PANELA. 52061-400 Recife - PE.
26197405;COLEGIO EXIMIUS;-8.04104700;-34.91553000;infantil|fundamental_i|fundamental_ii;privada;ativa;geral;nao;RUA DE SANT ANA, 511 CASA FORTE. 52060-460 Recife - PE.
26118378;COLEGIO EXPOR A MENTE;-8.03299300;-34.93044000;infantil|fundamental_i|fundamental_ii;privada;ativa;geral;nao;RUA MARIA DE FATIMA SOARES, 16 IPUTINGA. 50680-230 Recife - PE.
26184079;COLEGIO EXPOR A MENTE UNIDADE II;-8.03319300;-34.93072000;;privada;extinta;geral;nao;RUA LEAL DE BARROS, 404 IPUTINGA. 50680-130 Recife - PE.
26181231;COLEGIO FAZER CRESCER - ENSINO MEDIO;-8.03144060;-34.89603610;;privada;ativa;geral;nao;RUA SALVADOR DE SA, 475 ROSARINHO. 52041-055 Recife - PE.
26148773;COLEGIO FAZER CRESCER LTDA;-8.03134340;-34.89547010;fundamental_i|fundamental_ii;privada;ativa;geral;nao;AVENIDA SANTOS DUMONT, 1181 ROSARINHO. 52050-050 Recife - PE.
26149087;COLEGIO FUTURO LTDA;-8.02173200;-34.89742000;infantil|fundamental_i|fundamental_ii;privada;ativa;geral;nao;RUA RIOLANDIA, 70 BOMBA DO HEMETERIO. 52111-220 Recife - PE.
26127105;COLEGIO GERACAO ATIVA;-8.05596400;-34.92146000;infantil|fundamental_i|fundamental_ii;privada;ativa;geral;nao;RUA GOMES TABORDA, 1826 CORDEIRO. 50630-250 Recife - PE.
26163039;COLEGIO GGE;-8.11546012;-34.90465105;infantil|fundamental_i|fundamental_ii;privada;ativa;geral;nao;RUA JOSE DA SILVA LUCENA, 20 IMBIRIBEIRA. 51150-430 Recife - PE.
26190451;COLEGIO GGE;-8.03247093;-34.90995590;infantil|fundamental_i|fundamental_ii;privada;ativa;geral;nao;RUA DESEMBARGADOR GOIS CAVALCANTE, 460 PARNAMIRIM. 52060-145 Recife - PE.
26173280;COLEGIO GRANDE PASSO;-8.14151563;-34.91293856;fundamental_i|fundamental_ii;privada;ativa;geral;nao;RUA PROFESSOR AURELIO DE CASTRO CAVALCANTI, 97 BOA VIAGEM. 51130-280 Recife - PE.
26289601;COLEGIO GREMIO EDUCATIVO;-8.11076600;-34.95132000;fundamental_i|fundamental_ii;privada;ativa;geral;nao;RUA ENGENHO PEDRA LAVADA, 16 UR 3 - IBURA. COHAB. 51270-681 Recife - PE.
26118190;COLEGIO HENRIQUE DIAS;-8.13918100;-34.93264000;infantil|fundamental_i|fundamental_ii;privada;ativa;geral;nao;RUA PROFESSOR JOSE CONSTANTINO DA SILVA, 205 JORDAO. 51250-180 Recife - PE.
26163624;COLEGIO IDEIA;-8.05538300;-34.90872000;;privada;paralisada;geral;nao;RUA REAL DA TORRE, 206 MADALENA. 50610-000 Recife - PE.
26122405;COLEGIO IMACULADO CORACAO DE MARIA;-8.02960400;-34.88289000;infantil|fundamental_i|fundamental_ii;privada;ativa;geral;nao;RUA DOUTOR MACHADO, 379 CAMPO GRANDE. 52040-020 Recife - PE.
26178133;COLEGIO INCENTIVO;-8.09295200;-34.93657000;infantil|fundamental_i|fundamental_ii;privada;ativa;geral;nao;AVENIDA DOUTOR JOSE RUFINO, 1545 BARRO. 50780-300 Recife - PE.
26133199;COLEGIO INOVACAO;-8.11186240;-34.92575880;infantil|fundamental_i|fundamental_ii;privada;ativa;geral;nao;RUA PADRE LIMA E SA, 407 IPSEP. 51350-300 Recife - PE.
26122413;COLEGIO JESUS CRUCIFICADO;-8.03234600;-34.88152000;infantil|fundamental_i|fundamental_ii;privada;ativa;geral;nao;RUA ODORICO MENDES, 70 CAMPO GRANDE. 52031-080 Recife - PE.
26119889;COLEGIO JOAO PAULO;-8.13130200;-34.93711000;infantil|fundamental_i;privada;ativa;geral;nao;RUA DESEMBARGADOR EVANDRO NETTO, 27 JORDAO BAIXO. 51260-240 Recife - PE.
26153050;COLEGIO LOGOS;-8.09372300;-34.91039000;fundamental_ii;privada;ativa;geral;nao;RUA ZEFERINO PINHO, 507 IMBIRIBEIRA. 51170-570 Recife - PE.
26172720;COLEGIO MADRE DE DEUS ZONA NORTE;-8.03242100;-34.90572000;infantil|fundamental_i;privada;ativa;geral;nao;RUA SEBASTIAO ALVES, 73 TAMARINEIRA. 52060-100 Recife - PE.
26119269;COLEGIO MADRE TERESA DE CALCUTA;-8.13217600;-34.91438000;infantil|fundamental_i|fundamental_ii;privada;ativa;geral;nao;RUA DA LINHA, 339 IMBIRIBEIRA. 51150-630 Recife - PE.
26125137;COLEGIO MARIA EMILIA;-8.11421300;-34.91940000;infantil|fundamental_i;privada;ativa;geral;nao;RUA FELIX PACHECO, 262 IPSEP. 51190-060 Recife - PE.
26118270;COLEGIO MARIA TEREZA;-8.13299933;-34.91505923;infantil|fundamental_i|fundamental_ii;privada;ativa;geral;nao;RUA BARAO DE SOUZA LEAO, 1647 IMBIRIBEIRA. 51210-080 Recife - PE.
26122162;COLEGIO MARISTA SAO LUIS;-8.04325500;-34.90190000;infantil|fundamental_i|fundamental_ii;privada;ativa;geral;nao;AVENIDA RUI BARBOSA, 1104 GRACAS. 52050-000 Recife - PE.
26507722;COLEGIO MEU PEQUENO MUNDO;-8.05869000;-34.94108000;fundamental_i;privada;ativa;geral;nao;RUA MANUEL ALVES DEUS DARA, 35 ENGENHO DO MEIO. 50730-000 Recife - PE.
26153149;COLEGIO MILENIO;-8.03925200;-34.95276000;;privada;paralisada;geral;nao;RUA FERNANDO DE NORONHA, 81 TERREO. VARZEA. 50740-190 Recife - PE.
26173085;COLEGIO MILENIO;-8.03605160;-34.95665800;infantil|fundamental_i|fundamental_ii;privada;ativa;geral;nao;AVENIDA AFONSO OLINDENSE, 620 CASA. VARZEA. 50810-000 Recife - PE.
26118050;COLEGIO MONTE LIBANO;-8.08258600;-34.94727000;;privada;paralisada;geral;nao;RUA LEANDRO BARRETO, 713 JARDIM SAO PAULO. 50790-000 Recife - PE.
26160307;COLEGIO MOTIVO;-8.11634336;-34.90583402;fundamental_ii;privada;ativa;geral;nao;RUA TENENTE MANOEL BARBOSA, 32 IMBIRIBEIRA. 51020-280 Recife - PE.
26125668;COLEGIO MOTIVO - CASA FORTE;-8.03275100;-34.92310000;infantil|fundamental_i|fundamental_ii;privada;ativa;geral;nao;AVENIDA DEZESSETE DE AGOSTO, 1872 CASA FORTE. 52061-540 Recife - PE.
26399636;COLEGIO MOVIMENTO CRIATIVO;-8.13143400;-34.94929000;infantil|fundamental_i|fundamental_ii;privada;ativa;geral;nao;RUA BARBARA HELIODORA, 32 UR-O5. COHAB-IBURA-RECIFE. 51300-441 Recife - PE.
26143330;COLEGIO MULTIPLO ENSINO;-8.08755100;-34.96499000;infantil|fundamental_i|fundamental_ii;privada;ativa;geral;nao;AVENIDA GUANABARA, 99 COQUEIRAL. 50791-001 Recife - PE.
26122189;COLEGIO NOSSA SRA DE LOURDES;-8.03620500;-34.90139000;infantil|fundamental_i|fundamental_ii;privada;ativa;geral;nao;AVENIDA CONSELHEIRO ROSA E SILVA, 1767 TAMARINEIRA. 52050-020 Recife - PE.
26478714;COLEGIO NOVO MUNDO;-8.05848500;-34.91946000;infantil|fundamental_i;privada;ativa;geral;nao;RUA GUILHERME DE ARAUJO, 248 PRADO. 50630-380 Recife - PE.
26137631;COLEGIO NUCLEO;-8.03862500;-34.90445000;fundamental_i|fundamental_ii;privada;ativa;geral;nao;AVENIDA RUI BARBOSA, 1680 GRACAS. 52050-000 Recife - PE.
26125234;COLEGIO PINHEIROS;-8.09002530;-34.91036090;infantil|fundamental_i|fundamental_ii;privada;ativa;geral;nao;RUA ARQUITETO LUIZ NUNES, 673 BLOCO C. IMBIRIBEIRA. 51170-435 Recife - PE.
26162016;COLEGIO PONTUAL CENTRO EDUCACIONAL LTDA;-8.04148747;-34.94554882;infantil|fundamental_i|fundamental_ii;privada;ativa;geral;nao;RUA MARECHAL MANOEL LUIS OSORIO, 495 VARZEA. 50740-450 Recife - PE.
26122090;COLEGIO PRESBITERIANO AGNES ERSKINE;-8.04688796;-34.90074134;infantil|fundamental_i|fundamental_ii;privada;ativa;geral;nao;AVENIDA RUI BARBOSA, 704 GRACAS. 52011-040 Recife - PE.
26140802;COLEGIO QUESTAO DE INTELIGENCIA;-8.02182800;-34.89379000;infantil|fundamental_i;privada;ativa;geral;nao;AVENIDA BEBERIBE, 1744 AGUA FRIA. 52130-000 Recife - PE.
26178419;COLEGIO REINO DE JUDA;-8.05503800;-34.92431000;infantil|fundamental_i;privada;ativa;geral;nao;RUA CAPITAO JOAO ROMA, 26 CORDEIRO. 50630-590 Recife - PE.
26170485;COLEGIO SABER FAZER LTDA ME;-8.02131568;-34.89970954;infantil|fundamental_i|fundamental_ii;privada;ativa;geral;nao;RUA GUANAMBI, 86 BOMBA DO HEMETERIO. 52111-180 Recife - PE.
26121484;COLEGIO SALESIANO SAGRADO CORACAO;-8.06103336;-34.89316514;infantil|fundamental_i|fundamental_ii;privada;ativa;geral;nao;RUA DOM BOSCO, 551 BOA VISTA. 50070-070 Recife - PE.
26127148;COLEGIO SANCARLUS;-8.04777100;-34.92834000;;privada;paralisada;geral;nao;RUA CONSELHEIRO SILVEIRA DE SOUZA, CORDEIRO. 50721-175 Recife - PE.
26143399;COLEGIO SANTA BARBARA LTDA;-8.09505200;-34.91018000;;privada;paralisada;geral;nao;RUA GENERAL GOES MONTEIRO, 308 IMBIRIBEIRA. 51170-560 Recife - PE.
26181266;COLEGIO SANTA EMILIA;-8.05264800;-34.92714000;infantil|fundamental_i|fundamental_ii;privada;ativa;geral;nao;RUA ADELMAR TAVARES, 25 CORDEIRO. 50630-660 Recife - PE.
26170507;COLEGIO SANTA LUISA DE MARILLAC;-8.03651201;-34.90835572;;privada;paralisada;geral;nao;RUA LEONARDO BEZERRA CAVALCANTI, 116 PARNAMIRIM. 52060-035 Recife - PE.
26124220;COLEGIO SANTA MARIA;-8.11203800;-34.89819000;infantil|fundamental_i|fundamental_ii;privada;ativa;geral;nao;RUA PADRE BERNARDINO PESSOA, 512 BOA VIAGEM. 51020-210 Recife - PE.
26120968;COLEGIO SANTA MARIA MAZZARELLO;-8.03946200;-34.95746000;infantil|fundamental_i|fundamental_ii;privada;ativa;geral;nao;AVENIDA AFONSO OLINDENSE, 1553 VARZEA. 50810-000 Recife - PE.
26170337;COLEGIO SANTA TERESA;-8.10984700;-34.91516000;infantil|fundamental_i|fundamental_ii;privada;ativa;geral;nao;RUA CACHOEIRA, 403 IMBIRIBEIRA. 51200-090 Recife - PE.
26128039;COLEGIO SAO JORGE;-8.01472153;-34.88129340;infantil|fundamental_i;privada;ativa;geral;nao;RUA DOS CRAVEIROS, 03 CAMPINA DO BARRETO. 52121-370 Recife - PE.
26191865;COLEGIO SAO PLACIDO;-8.05063806;-34.93251081;infantil|fundamental_i;privada;ativa;geral;nao;AVENIDA INACIO MONTEIRO, 597 CORDEIRO. 50721-275 Recife - PE.
26123746;COLEGIO SER E CRESCER;-8.09696300;-34.93152000;infantil|fundamental_i|fundamental_ii;privada;ativa;geral;nao;RUA CAPITAO GREGORIO DE ALBUQUERQUE, 161 AREIAS. 50870-260 Recife - PE.
26181363;COLEGIO TEMPO DE CRESCER;-8.11066300;-34.95100000;fundamental_ii;privada;ativa;geral;nao;RUA ENGENHO NOVA VILA, 15 COHAB. 51270-580 Recife - PE.
26157527;COLEGIO TERCEIRO MILENIO LTDA;-8.04246000;-34.88865000;infantil|fundamental_i;privada;ativa;geral;nao;RUA DOUTOR FERNANDO ALLAIN, 136 ESPINHEIRO. 52021-140 Recife - PE.
26126508;COLEGIO TRES MARIAS;-7.98961000;-34.93154000;infantil|fundamental_i|fundamental_ii;privada;ativa;geral;nao;RUA COMPOSITOR EDGAR MORAES, 46A. BREJO DA GUABIRABA. 52291-220 Recife - PE.
26164060;COLEGIO TRIUNFO;-8.02514800;-34.88844000;infantil|fundamental_i|fundamental_ii;privada;ativa;geral;nao;RUA DO TRIUNFO, 647 CASA. ARRUDA. 52120-090 Recife - PE.
26440733;COLEGIO UNICO UNIDADE SANTO AMARO;-8.04730700;-34.88861000;fundamental_ii;privada;ativa;geral;nao;RUA DOUTOR CARLOS CHAGAS, 112 SANTO AMARO. 50100-080 Recife - PE.
26122170;COLEGIO VERA CRUZ RECIFE;-8.05169000;-34.89604000;infantil|fundamental_i|fundamental_ii;privada;ativa;geral;nao;AVENIDA RUI BARBOSA, 57 GRACAS. 52011-040 Recife - PE.
26118262;COLEGIO VISAO;-8.08408200;-34.92739000;infantil|fundamental_ii;privada;ativa;geral;nao;AVENIDA DOUTOR JOSE RUFINO, 241 ESTANCIA. 50771-600 Recife - PE.
26118114;COLEGIO WALT DISNEY;-8.11019000;-34.92154000;;privada;extinta;geral;nao;RUA JACUNDA, 508 IPSEP. 51350-080 Recife - PE.
26163462;CONSELHO DOS MORADORES DO JIQUIA;-8.08234160;-34.92501890;infantil;privada;ativa;geral;sim;AVENIDA CENTRAL, 4579 AFOGADOS. 50770-740 Recife - PE.
26135396;CONSERVATORIO PERNAMBUCANO DE MUSICA;-8.04961010;-34.88979150;;estadual;ativa;geral;nao;AVENIDA JOAO DE BARROS, 594 SANTO AMARO. 50100-020 Recife - PE.
26156075;CRECHE BENEFICENTE AMIGUINHOS;-8.13129090;-34.91064880;infantil;privada;ativa;geral;sim;RUA SANTA LEONOR, 176 CASA. BOA VIAGEM. 51030-810 Recife - PE.
26179059;CRECHE BENEFICENTE SANTANA;-8.10844860;-34.91455910;infantil;privada;ativa;geral;sim;RUA ITACARI, 293 IMBIRIBEIRA. 51200-080 Recife - PE.
26153343;CRECHE COM N SRA DA BOA VIAGEM;-8.12106300;-34.90686570;infantil;privada;ativa;geral;sim;RUA BRUNO VELOSO, 430 BOA VIAGEM. 51021-280 Recife - PE.
26123185;CRECHE ESC RECIFE ASSOCIACAO CRISTA FEMININA;-8.04292640;-34.90918420;infantil;municipal;ativa;geral;nao;RUA VERMELHA, 68 TORRE. 50710-220 Recife - PE.
26182815;CRECHE ESC RECIFE CMEI DARCY RIBEIRO;-8.04541094;-34.92064274;infantil;municipal;ativa;geral;nao;RUA ODETE MONTEIRO, 450 CORDEIRO. 50711-440 Recife - PE.
26190923;CRECHE ESC RECIFE CRECHE ESCOLA RECIFE DA ESTANCIA;-8.08550836;-34.92856197;infantil;municipal;ativa;geral;nao;RUA CALDAS FILHO, 186 ESTANCIA. 50771-335 Recife - PE.
26156610;CRECHE ESC RECIFE CRECHE ESCOLA RECIFE DO IBURA;-8.13427530;-34.94932200;infantil;municipal;ativa;geral;nao;RUA FRANCISCO VITORIANO, S/N UR 10. COHAB. 51310-000 Recife - PE.
26185180;CRECHE ESC RECIFE CRECHE ESCOLA RECIFE GOVERNADOR MIGUEL ARRAES;-8.09589559;-34.92381775;infantil;municipal;ativa;geral;nao;RUA GIL RODRIGUES DOS SANTOS, 10 AREIAS. 50860-080 Recife - PE.
26186926;CRECHE ESC RECIFE CRECHE ESCOLA RECIFE MIGUEL ARRAES DE ALENCAR;-8.02942709;-34.94082475;infantil;municipal;ativa;geral;nao;RUA ARISTONICO OLIVEIRA, 189 IPUTINGA. 50690-490 Recife - PE.
26184648;CRECHE ESC RECIFE DO IRAQUE;-8.08791440;-34.92949590;infantil;municipal;ativa;geral;nao;RUA HAVAI, S/N ESTANCIA. 50771-630 Recife - PE.
26190818;CRECHE ESC RECIFE DO PILAR;-8.05708372;-34.87100227;infantil;municipal;ativa;geral;nao;RUA OCIDENTE, S/N RECIFE. 50030-420 Recife - PE.
26183285;CRECHE ESC RECIFE DONA CARMELITA MUNIZ DE ARAUJO;-7.96498910;-34.92299940;infantil;municipal;ativa;geral;nao;EST MUMBECA, 100 GUABIRABA. 52490-005 Recife - PE.
26185679;CRECHE ESC RECIFE GOVERNADOR EDUARDO CAMPOS;-8.13201846;-34.94859688;infantil;municipal;ativa;geral;nao;RUA VALE DO CARIRI, S/N COHAB. 51300-000 Recife - PE.
26188368;CRECHE ESC RECIFE MAURICEIA DA SILVA DIAS;-8.10713130;-34.95713600;infantil;municipal;ativa;geral;nao;RUA ANDRE VIDAL DE NEGREIROS, 35 BARRO. 51345-720 Recife - PE.
26149338;CRECHE ESC RECIFE MENINO JESUS DE CASA FORTE;-8.03888315;-34.91514946;infantil;municipal;ativa;geral;nao;RUA SAMUEL FARIAS, 127 SANTANA. 52060-430 Recife - PE.
26190362;CRECHE ESC RECIFE MIGUEL ARRAES RODA DE FOGO;-8.05949500;-34.93749667;infantil;municipal;ativa;geral;nao;RUA HELIO FEIJO, S/N TORROES. 50660-330 Recife - PE.
26149796;CRECHE ESC RECIFE NOSSA SENHORA DAS DORES;-8.01715880;-34.93705930;infantil;municipal;ativa;geral;nao;RUA CAETES, 427 APIPUCOS. 52071-390 Recife - PE.
26190060;CRECHE ESC RECIFE PORTO DIGITAL DO RECIFE;-8.06441058;-34.87228596;infantil;municipal;ativa;geral;nao;RUA MARIA CESAR, 50 RECIFE. 50030-140 Recife - PE.
26186322;CRECHE ESC RECIFE PRESIDENTE TANCREDO NEVES;-8.09241105;-34.93921079;infantil;municipal;ativa;geral;nao;AV JOSE RUFINO, 1848 BARRO. 50900-660 Recife - PE.
26189224;CRECHE ESC RECIFE PROFESSOR ARIANO VILAR SUASSUNA;-8.01258033;-34.94950759;infantil;municipal;ativa;geral;nao;RUA MANUEL DE MEDEIROS, S/N DOIS IRMAOS. 52171-900 Recife - PE.
26153335;CRECHE ESC RECIFE SANTA LUZIA;-8.04524300;-34.91648070;infantil;municipal;ativa;geral;nao;RUA SOUZA BANDEIRA, S/N TORRE. 50730-665 Recife - PE.
26190575;CRECHE ESC RECIFE SERGIO LORETO;-8.07110983;-34.88594123;infantil;municipal;ativa;geral;nao;RUA FLORIANO PEIXOTO, S/N SAO JOSE. 50020-068 Recife - PE.
26156628;CRECHE ESC RECIFE SITIO DO CARDOSO;-8.04920772;-34.91274978;infantil;municipal;ativa;geral;nao;RUA LANDIM, 390 MADALENA. 50610-520 Recife - PE.
26178273;CRECHE ESCOLA NOVO RUMO;-8.00789650;-34.92742280;infantil;privada;ativa;geral;sim;RUA SAO BENTO, 410 MACAXEIRA. 52090-475 Recife - PE.
26183277;CRECHE MUNICIPAL 08 DE MARCO;-8.11509700;-34.93737480;infantil;municipal;ativa;geral;nao;RUA ENGENHO BULHOES, S/N IBURA. 51230-325 Recife - PE.
26149869;CRECHE MUNICIPAL AME AS CRIANCAS;-8.01906120;-34.90829608;infantil;municipal;ativa;geral;nao;RUA ARLINDO CISNEIRO, 53 BOMBA DO HEMETERIO. 52111-175 Recife - PE.
26171643;CRECHE MUNICIPAL ARITANA;-8.10900346;-34.90651305;infantil;municipal;ativa;geral;nao;RUA MANOEL CAVALCANTI BEZERRA, 37 IMBIRIBEIRA. 51160-270 Recife - PE.
26148145;CRECHE MUNICIPAL BIDO KRAUSE;-8.07939560;-34.96977920;infantil;municipal;ativa;geral;nao;RUA ONZE DE AGOSTO, S/N TOTO. 50791-465 Recife - PE.
26149761;CRECHE MUNICIPAL CAJUEIRO;-8.00901036;-34.88351372;infantil;municipal;ativa;geral;nao;RUA ALICE TIBIRICA, 453 CAJUEIRO. 52221-310 Recife - PE.
26157489;CRECHE MUNICIPAL CASINHA AZUL;-8.02999525;-34.93430369;infantil;municipal;ativa;geral;nao;RUA MATEUS, S/N IPUTINGA. 50731-370 Recife - PE.
26190656;CRECHE MUNICIPAL CRECHE CRISTO REI JORDAO ALTO;-8.13567000;-34.94504333;infantil;municipal;ativa;geral;nao;RUA SERTANIA, 200 ALTO. JORDAO. 51260-390 Recife - PE.
26149214;CRECHE MUNICIPAL CRECHE MUNICIPAL CEAPE;-8.05406186;-34.94087664;infantil;municipal;ativa;geral;nao;RUA COSTA SEPULVEDA, 415 A. ENGENHO DO MEIO. 50730-265 Recife - PE.
26167859;CRECHE MUNICIPAL CRECHE MUNICIPAL CHICO MENDES;-8.10152796;-34.93206383;infantil;municipal;ativa;geral;nao;RUA SINDICATO DOS VIGILANTES, 633 CACOTE. 50875-010 Recife - PE.
26153319;CRECHE MUNICIPAL CRECHE MUNICIPAL DEUS E AMOR;-8.06123787;-34.93602311;infantil;municipal;ativa;geral;nao;RUA EPAMINONDAS CRISTOVAO DE OLIVEIRA, 395 TORROES. 50640-520 Recife - PE.
26156695;CRECHE MUNICIPAL CRECHE MUNICIPAL DO JORDAO BAIXO;-8.12695736;-34.94129079;infantil;municipal;ativa;geral;nao;RUA JOSE DA LAJE, 19 QUADRA 39. IBURA. 51240-755 Recife - PE.
26153394;CRECHE MUNICIPAL CRECHE MUNICIPAL NOVO HORIZONTE;-8.07216810;-34.92111460;infantil;municipal;ativa;geral;nao;RUA JOSE BEZERRA CAVALCANTE, 244 MUSTARDINHA. 50760-370 Recife - PE.
26149788;CRECHE MUNICIPAL CRIANCA FELIZ;-8.01206332;-34.91245094;infantil;municipal;ativa;geral;nao;RUA SA BANDEIRA, S/N ALTO JOSE BONIFACIO. 52080-365 Recife - PE.
26156750;CRECHE MUNICIPAL DA TORRE;-8.04464970;-34.91736480;infantil;municipal;ativa;geral;nao;RUA CANTORA CLARA NUNES, S/N TORRE. 50711-550 Recife - PE.
26156792;CRECHE MUNICIPAL DE AFOGADOS;-8.08421350;-34.91155290;infantil;municipal;ativa;geral;nao;RUA CERRO NEGRO, 215 AFOGADOS. 50770-765 Recife - PE.
26156725;CRECHE MUNICIPAL DO BONGI;-8.06682460;-34.91534930;infantil;municipal;ativa;geral;nao;RUA MARIO PORTELA, S/N BONGI. 50751-070 Recife - PE.
26153408;CRECHE MUNICIPAL E LUTANDO QUE SE CONQUISTA;-8.04179410;-34.92578370;infantil;municipal;ativa;geral;nao;RUA SALVADOR ALLENDE, 36 CORDEIRO. 50711-480 Recife - PE.
26170736;CRECHE MUNICIPAL ESPERANCA;-8.06685234;-34.93656183;infantil;municipal;ativa;geral;nao;RUA LEILA FELIX KARAM, S/N SAN MARTIN. 50761-200 Recife - PE.
26149770;CRECHE MUNICIPAL FLOR DA COMUNIDADE;-8.02104680;-34.91244050;infantil;municipal;ativa;geral;nao;EST MORRO DA CONCEICAO, 111 MORRO DA CONCEICAO. 52280-040 Recife - PE.
26149842;CRECHE MUNICIPAL FLOR DO BAIRRO DA GUABIRABA;-7.99305906;-34.93609691;infantil;municipal;ativa;geral;nao;RUA CASSITERITA, S/N BREJO DA GUABIRABA. 52291-140 Recife - PE.
26153254;CRECHE MUNICIPAL FUTURO DO AMANHA;-8.07297378;-34.92965072;infantil;municipal;ativa;geral;nao;RUA APULCRO DE ASSUNCAO, 686 CASA. SAN MARTIN. 50761-010 Recife - PE.
26181932;CRECHE MUNICIPAL IRMA DULCE;-8.04209220;-34.88766400;infantil;municipal;ativa;geral;nao;RUA ADALGISA, 09 ESPINHEIRO. 52021-110 Recife - PE.
26186330;CRECHE MUNICIPAL ISABEL SILVANA DE MELO;-8.10829660;-34.95344270;infantil;municipal;ativa;geral;nao;AV DOZE DE JUNHO, SN BARRO. 51345-003 Recife - PE.
26157578;CRECHE MUNICIPAL JOAO EUGENIO;-8.04014381;-34.94045347;infantil;municipal;ativa;geral;nao;RUA GASPAR PEREZ, 3895 IPUTINGA. 50670-350 Recife - PE.
26413779;CRECHE MUNICIPAL LUA LUAR;-8.03841050;-34.93080320;infantil;municipal;ativa;geral;nao;REF DA AV MAURICIO DE NASSAU, 42 IPUTINGA. 50711-445 Recife - PE.
26149737;CRECHE MUNICIPAL MARDONIO COELHO;-8.01458630;-34.92303284;infantil;municipal;ativa;geral;nao;RUA MILTON DE CAMPOS, S/N VASCO DA GAMA. 52081-170 Recife - PE.
26153416;CRECHE MUNICIPAL MENINO JESUS DA BOMBA GRANDE;-8.04189760;-34.92804700;infantil;municipal;ativa;geral;nao;RUA SAUDE, 479 IPUTINGA. IPUTINGA. 50731-020 Recife - PE.
26183269;CRECHE MUNICIPAL MERCIA MARIA BEZERRA COSTA;-8.00463430;-34.91489070;infantil;municipal;ativa;geral;nao;AV OTACILIO AZEVEDO, 1030 BREJO DE BEBERIBE. 52081-550 Recife - PE.
26171651;CRECHE MUNICIPAL MONTE DAS OLIVEIRAS;-8.00066075;-34.93351582;infantil;municipal;ativa;geral;nao;RUA ALTO DA BRASILEIRA, 07 NOVA DESCOBERTA. 52091-260 Recife - PE.
26153300;CRECHE MUNICIPAL NOSSA SENHORA AUXILIADORA;-8.06664277;-34.93384022;infantil;municipal;ativa;geral;nao;RUA ANTONIO CORREA DE OLIVEIRA, 669 TORROES. 50761-110 Recife - PE.
26171660;CRECHE MUNICIPAL NOSSA SENHORA DE FATIMA;-7.99780045;-34.93403911;infantil;municipal;ativa;geral;nao;RUA ALTO DO RESERVATORIO, 720 BREJO GUAB. NOVA DESCOBERTA. 52091-210 Recife - PE.
26153467;CRECHE MUNICIPAL PADRE LOURENCO;-8.10829680;-34.91037860;infantil;municipal;ativa;geral;nao;RUA PEREIRA CARNEIRO, 172 IMBIRIBEIRA. 51150-310 Recife - PE.
26158701;CRECHE MUNICIPAL PROFESSOR FRANCISCO DO AMARAL LOPES;-8.04506950;-34.88857160;infantil;municipal;ativa;geral;nao;AV AGAMENON MAGALHAES, S/N SANTO AMARO. 50100-010 Recife - PE.
26153130;CRECHE MUNICIPAL RECIFE 2000;-8.09749410;-34.93723550;infantil;municipal;ativa;geral;nao;RUA RIO SOLIMOES, S/N AREIAS. 50780-231 Recife - PE.
26156849;CRECHE MUNICIPAL RODA DE FOGO;-8.05247715;-34.93386711;infantil;municipal;ativa;geral;nao;RUA OCIDENTAL, 33 CASA. CORDEIRO. 50721-610 Recife - PE.
26153114;CRECHE MUNICIPAL ROSA SELVAGEM;-8.03182671;-34.97775320;infantil;municipal;ativa;geral;nao;RUA PORTO SEGURO, 470 UR7. VARZEA. 50970-165 Recife - PE.
26149753;CRECHE MUNICIPAL SAO DOMINGOS SAVIO;-8.03974390;-34.87401320;infantil;municipal;ativa;geral;nao;RUA CASADOS, 164 SANTO AMARO. 50110-520 Recife - PE.
26149923;CRECHE MUNICIPAL SAO JOAO;-8.01967809;-34.93034956;infantil;municipal;ativa;geral;nao;RUA DOLCINOPOLIS, 50 MACAXEIRA. 52071-430 Recife - PE.
26153440;CRECHE MUNICIPAL SENADOR PAULO GUERRA;-8.08863860;-34.90497360;infantil;municipal;ativa;geral;nao;RUA ENGENHO CANTO ALEGRE, S/N IMBIRIBEIRA. 51150-080 Recife - PE.
26170728;CRECHE MUNICIPAL SITIO GRANDE;-8.09846730;-34.91500760;infantil;municipal;ativa;geral;nao;RUA CARLOS LEONCIO, 123 IMBIRIBEIRA. 51170-400 Recife - PE.
26171678;CRECHE MUNICIPAL SONHO DE CRIANCA;-8.11235306;-34.93519423;infantil;municipal;ativa;geral;nao;RUA TEOTONIO DE MELO FILHO, 218 IBURA. 51220-080 Recife - PE.
26153068;CRECHE MUNICIPAL SONHO DO POVO;-8.11908690;-34.94552910;infantil;municipal;ativa;geral;nao;RUA CORDILHEIRA, S/N UR 01. COHAB. 51280-000 Recife - PE.
26157462;CRECHE MUNICIPAL TIA EMILIA;-8.00223536;-34.91447788;infantil;municipal;ativa;geral;nao;RUA PEDRO BATISTA, S/N DOIS UNIDOS. 52150-150 Recife - PE.
26149826;CRECHE MUNICIPAL UNIDOS VENCEREMOS;-8.01837211;-34.91027991;infantil;municipal;ativa;geral;nao;RUA CORREGO JOSE GRANDE, 126A ALTO SANTA TEREZINHA. 52080-040 Recife - PE.
26177820;CRECHE MUNICIPAL VILA DOS MILAGRES;-8.11491411;-34.94523710;infantil;municipal;ativa;geral;nao;RUA MIGUEL, 14 MILAGRES. COHAB. 51345-600 Recife - PE.
26181274;CRECHE MUNICIPAL VILA IMPERIAL;-8.02448699;-34.88636031;infantil;municipal;ativa;geral;nao;AV PEDRO DE MELO PEDROZA, 10 ARRUDA. 52120-350 Recife - PE.
26157560;CRECHE MUNICIPAL VINDE A MIM AS CRIANCINHAS;-8.05589080;-34.91287018;infantil;municipal;ativa;geral;nao;RUA EDEIA, S/N MADALENA. 50720-750 Recife - PE.
26149818;CRECHE MUNICIPAL VOVO ARTUR;-8.06915463;-34.89109013;infantil;municipal;ativa;geral;nao;RUA COELHOS, S/N COELHOS. 50060-670 Recife - PE.
26149850;CRECHE MUNICIPAL WALDEMAR DE SOUZA CABRAL;-8.01883993;-34.90278022;infantil;municipal;ativa;geral;nao;RUA ANTONIO MEIRA, 73 AGUA FRIA. 52111-620 Recife - PE.
26153351;CRECHE MUNICIPAL WALDIR SAVLUSCHINSKE;-8.05041290;-34.93943470;infantil;municipal;ativa;geral;nao;RUA ALVARO TEIXEIRA DE MESQUITA, S/N ENGENHO DO MEIO. 50730-660 Recife - PE.
26149834;CRECHE MUNICIPAL ZACARIAS DO REGO MACIEL;-8.01016980;-34.90254270;infantil;municipal;ativa;geral;nao;AV ANIBAL BENEVOLO, 1536 A. LINHA DO TIRO. 52131-085 Recife - PE.
26180685;CRECHE MUNICIPAL ZILDA ARNS;-8.11492426;-34.90527806;infantil;municipal;ativa;geral;nao;RUA ANTONIO PAES BARRETO, S/N LOTE 1 Q K. IMBIRIBEIRA. 51160-170 Recife - PE.
26147327;CRECHE NOSSA SENHORA DOS REMEDIOS;-8.06419100;-34.90971000;;privada;paralisada;geral;nao;RUA PADRE TEOFILO TWORZ, BONGI. 50830-240 Recife - PE.
26140195;CSV EDUCACIONAL LTDA - COLEGIO SABER VIVER ANEXO;-8.04105950;-34.89201920;fundamental_i;privada;ativa;geral;nao;AVENIDA JOAO DE BARROS, 1563 ESPINHEIRO. 52021-180 Recife - PE.
26170515;CTM COLEGIO E CURSO LTDA;-8.04247600;-34.88866000;fundamental_ii;privada;ativa;geral;nao;RUA DOUTOR GERALDO DE ANDRADE, 152 ESPINHEIRO. 52021-220 Recife - PE.
26122774;DINAMICURSOS ESCOLA DO 1 GRAU;-8.08101200;-34.92077000;;privada;paralisada;geral;nao;RUA DESEMBARGADOR DIRCEU BORGES, 50 AFOGADOS. 50850-200 Recife - PE.
26187868;DOCE CRIANCA ESCOLA DE EDUCACAO INFANTIL E FUNDAMENTAL;-8.06845500;-34.92330000;infantil|fundamental_i;privada;ativa;geral;nao;RUA DOM EXPEDITO LOPES, 122 SAN MARTIN. 50760-565 Recife - PE.
26407612;EDUCANDARIO 13 DE MAIO;-8.03866500;-34.92863000;;privada;paralisada;geral;nao;R SANTA LUCIA, 55 UR 03. IBURA. 51270-570 Recife - PE.
26125870;EDUCANDARIO ADRIANA CARVALHO;-8.01995800;-34.91056000;infantil|fundamental_i;privada;ativa;geral;nao;RUA UNIAO DA VITORIA, 49 ALTO JOSE DO PINHO. 52210-340 Recife - PE.
26173131;EDUCANDARIO ALEGRIA DO SABER SC LTDA;-8.13329500;-34.95239000;infantil|fundamental_i;privada;ativa;geral;nao;RUA PERO VAZ DE CAMINHA, 71 UR-05 IBURA. COHAB. 51320-360 Recife - PE.
26493837;EDUCANDARIO ANA LUCIA;-8.12667100;-34.95720000;infantil|fundamental_i;privada;ativa;geral;nao;RUA IBIRATINGA, 230 COHAB. 51330-230 Recife - PE.
26133083;EDUCANDARIO ANA RAQUEL;-8.04834700;-34.91554000;infantil|fundamental_i;privada;ativa;geral;nao;RUA DIOGO ALVARES, 68 TORRE. 50710-215 Recife - PE.
26118360;EDUCANDARIO ANITA GARIBALDI;-8.09394800;-34.91171000;fundamental_i|fundamental_ii;privada;ativa;geral;nao;RUA CONEGO LIRA, 282 IMBIRIBEIRA. 51170-240 Recife - PE.
26149010;EDUCANDARIO BEM QUERER;-8.01977900;-34.91509000;infantil|fundamental_i;privada;ativa;geral;nao;RUA EDSON, 63 MORRO DA CONCEICAO. 52280-104 Recife - PE.
26143640;EDUCANDARIO BRASILEIRINHO;-8.01244600;-34.92016000;infantil|fundamental_i;privada;ativa;geral;nao;RUA VASCO DA GAMA, 973 A. VASCO DA GAMA. 52081-005 Recife - PE.
26167123;EDUCANDARIO CAMINHO DIDATICO;-8.01826500;-34.91764000;infantil|fundamental_i;privada;ativa;geral;nao;RUA DOIS DE FEVEREIRO, 271 VASCO DA GAMA. 52280-572 Recife - PE.
26149435;EDUCANDARIO CAMPOS ANDRADE;-8.01976000;-34.92547000;;privada;paralisada;geral;nao;AVENIDA NORTE MIGUEL ARRAES DE ALENCAR, 6718/6720 VASCO DA GAMA. 52081-000 Recife - PE.
26122782;EDUCANDARIO CANTO LIVRE;-8.07335900;-34.92475000;infantil|fundamental_i|fundamental_ii;privada;ativa;geral;nao;RUA IMBITUBA, 48 SAN MARTIN. 50761-590 Recife - PE.
26182882;EDUCANDARIO CASSIA MARIA;-8.08330300;-34.91491000;infantil;privada;ativa;geral;nao;RUA APARECIDA, 389 AFOGADOS. 50770-630 Recife - PE.
26149400;EDUCANDARIO CLAUDIA LIMA LTDA;-7.99031100;-34.92934000;infantil|fundamental_i|fundamental_ii;privada;ativa;geral;nao;RUA SAO JORGE, 4640 BREJO DE BEBERIBE. 52191-650 Recife - PE.
26168871;EDUCANDARIO CRIANDO E RECRIANDO;-8.00334030;-34.92544610;;privada;paralisada;geral;nao;RUA SOBRAL PINTO, 218 A ALTO DO PROGRESSO. NOVA DESCOBERTA. 52190-090 Recife - PE.
26143739;EDUCANDARIO DA CARLA;-8.02258138;-34.92828727;infantil|fundamental_i|fundamental_ii;privada;ativa;geral;nao;RUA ELIETE AGUIAR, 27/530 ALTO DO MANDU. 52071-180 Recife - PE.
26173298;EDUCANDARIO DANVICTOR;-8.12164400;-34.95018000;infantil|fundamental_i;privada;ativa;geral;nao;RUA DOUTOR BENIGNO JORDAO VASCONCELOS, 246-A COHAB. 51280-400 Recife - PE.
26143313;EDUCANDARIO DESENVOLVER;-8.13090100;-34.93853000;infantil|fundamental_i|fundamental_ii;privada;ativa;geral;nao;AVENIDA GOVERNADOR ROBERTO SILVEIRA, 1 QUADRA X. JORDAO BAIXO. 51250-340 Recife - PE.
26465736;EDUCANDARIO DOCE INFANCIA;-8.07428000;-34.92679000;infantil|fundamental_i;privada;ativa;geral;nao;RUA VEREADOR SERGIO XAVIER, 237 SAN MARTIN. 50761-550 Recife - PE.
26133202;EDUCANDARIO DUARTE;-8.09112000;-34.92776000;fundamental_i|fundamental_ii;privada;ativa;geral;nao;RUA TUPARETAMA, 88 CASA. ESTANCIA. 50771-460 Recife - PE.
26170345;EDUCANDARIO EMANOEL SANTOS;-8.05985100;-34.93438000;;privada;paralisada;geral;nao;RUA ONZE DE FEVEREIRO, 726 TORROES. 50640-345 Recife - PE.
26176467;EDUCANDARIO EVANDRA SANTOS;-8.03114900;-34.97751000;;privada;paralisada;geral;nao;RUA EXPEDICIONARIO AGOSTINHO MONTEIRO, 380 VARZEA. 50970-320 Recife - PE.
26178974;EDUCANDARIO EVANGELICO IDEAL;-8.02488900;-34.90715000;infantil|fundamental_i;privada;ativa;geral;nao;RUA RODRIGUES SETE, 412 CASA AMARELA. 52051-230 Recife - PE.
26176700;EDUCANDARIO FILIPE SANTOS;-8.08748600;-34.97241000;;privada;paralisada;geral;nao;RUA MARUMBI, 64 COQUEIRAL. 50791-350 Recife - PE.
26156784;EDUCANDARIO GENILDA SATIRO;-8.01844900;-34.91863000;infantil|fundamental_i;privada;ativa;geral;nao;RUA NORDESTE, 125 ALTO DA ESPERANCA. VASCO DA GAMA. 52280-630 Recife - PE.
26530740;EDUCANDARIO GENTE INOCENTE;-8.03117900;-34.93582000;infantil|fundamental_i;privada;ativa;geral;nao;RUA GENESIO TEOFILO BEZERRA FILHO, 61 IPUTINGA. 50690-400 Recife - PE.
26218402;EDUCANDARIO INFANCIA FELIZ;-7.98487000;-34.92850000;;privada;paralisada;geral;nao;RUA ALTO DA BICA, 16 PASSARINHO. 52390-020 Recife - PE.
26128047;EDUCANDARIO LEDA MELLO;-8.00663052;-34.90831053;infantil|fundamental_i;privada;ativa;geral;nao;RUA MAMEDE COELHO, 801 DOIS UNIDOS. 52140-180 Recife - PE.
26493721;EDUCANDARIO LIMA;-8.01659800;-34.92435000;infantil|fundamental_i;privada;ativa;geral;nao;SUBIDA DO CAJUEIRO, 26 NOVA DESCOBERTA. 52081-410 Recife - PE.
26176491;EDUCANDARIO MAE RAINHA DO SAGRADO CORACAO;-8.03563600;-34.93102000;infantil|fundamental_i|fundamental_ii;privada;ativa;geral;nao;RUA REZENDE, 159 IPUTINGA. 50680-200 Recife - PE.
26176556;EDUCANDARIO MANOEL FILHO;-8.06107700;-34.93996000;;privada;paralisada;geral;nao;RUA ZUMBI DOS PALMARES, 1350 TORROES. 50660-030 Recife - PE.
26124394;EDUCANDARIO MARCIA CRISTINA;-8.08946500;-34.88582000;infantil|fundamental_i;privada;ativa;geral;nao;AVENIDA ENCANTA MOCA, 136 PINA. 51011-080 Recife - PE.
26148838;EDUCANDARIO MARIA HELENA;-8.04561900;-34.88181000;;privada;paralisada;geral;nao;RUA FREI CASSIMIRO, 511 SANTO AMARO. 50100-260 Recife - PE.
26118424;EDUCANDARIO MARIA IMACULADA;-8.04995600;-34.91963000;infantil|fundamental_i|fundamental_ii;privada;ativa;geral;nao;RUA MAJOR QUINTEIRO, 97 CORDEIRO. 50711-150 Recife - PE.
26143178;EDUCANDARIO MENEZES;-8.01824167;-34.92682833;infantil|fundamental_i|fundamental_ii;privada;ativa;geral;nao;RUA CARNAIBA, 64 NOVA DESCOBERTA. 52090-121 Recife - PE.
26149060;EDUCANDARIO MENEZES II;-8.01301500;-34.92851500;infantil|fundamental_i;privada;ativa;geral;nao;RUA MIRIAN LOPES VERBENA, 27 MACAXEIRA. 52090-700 Recife - PE.
26173140;EDUCANDARIO MONTE HOREBE LTDA;-8.08307400;-34.94777000;infantil|fundamental_i;privada;ativa;geral;nao;RUA ADAMANTINA, 70 JARDIM SAO PAULO. 50920-160 Recife - PE.
26465710;EDUCANDARIO MORANGUINHO DE JESUS;-8.07544000;-34.90832000;;privada;extinta;geral;nao;RUA DOUTOR ADELINO, 150 AFOGADOS. 50820-590 Recife - PE.
26493764;EDUCANDARIO MUNDO DA CRIANCA;-8.02081000;-34.90896833;infantil|fundamental_i;privada;ativa;geral;nao;RUA ESTRELIANA, 307 ALTO JOSE DO PINHO. 52210-331 Recife - PE.
26177870;EDUCANDARIO NOSSA SENHORA APARECIDA;-8.03961700;-34.96587000;;privada;paralisada;geral;nao;RUA DIOGO DE VASCONCELOS, 410 VARZEA. 50980-410 Recife - PE.
26128055;EDUCANDARIO NOSSA SENHORA DA CONCEICAO;-8.01134782;-34.89867899;fundamental_i;privada;ativa;geral;nao;RUA JULIO JOSE DE SOUZA, 347 AGUA FRIA. 52211-280 Recife - PE.
26152959;EDUCANDARIO NOSSA SENHORA DA CONCEICAO;-8.09334800;-34.92476000;infantil|fundamental_i;privada;ativa;geral;nao;RUA PRESIDENTE WEIZMAN, 82 AREIAS. 50860-120 Recife - PE.
26125900;EDUCANDARIO NOSSA SENHORA DA PIEDADE;-7.98862891;-34.93076866;infantil|fundamental_i|fundamental_ii;privada;ativa;geral;nao;RUA NOSSA SENHORA DA PIEDADE, 63 BREJO DA GUABIRABA. 52291-095 Recife - PE.
26173077;EDUCANDARIO NOSSA SENHORA DAS GRACAS;-8.04087200;-34.95905000;infantil|fundamental_i|fundamental_ii;privada;ativa;geral;nao;RUA SITIO DOS COQUEIROS, 47 VARZEA. 50810-330 Recife - PE.
26118327;EDUCANDARIO NOSSA SENHORA DE FATIMA;-8.08714555;-34.94118123;infantil|fundamental_i|fundamental_ii;privada;ativa;geral;nao;RUA ARACAGI, 135 BARRO. 50900-360 Recife - PE.
26166984;EDUCANDARIO NOVA ERA;-7.99360300;-34.91479000;infantil|fundamental_i;privada;ativa;geral;nao;RUA MANOEL LOPES DE ALBUQUERQUE, 301A DOIS UNIDOS. 52160-080 Recife - PE.
26427710;EDUCANDARIO PARAISO;-8.03792400;-34.95230000;infantil|fundamental_i;privada;ativa;geral;nao;RUA HEMETERIO MACIEL, 82 VARZEA. 50740-120 Recife - PE.
26141019;EDUCANDARIO PEDRO HENRIQUE;-8.04649600;-34.88175000;infantil|fundamental_i;privada;ativa;geral;nao;RUA TUPINIQUINS, 97 SANTO AMARO. 50100-240 Recife - PE.
26153955;EDUCANDARIO RAPHAEL MILLER;-8.07655700;-34.94737000;;privada;paralisada;geral;nao;RUA EUZEBIO DE MATOS, 530 JARDIM SAO PAULO. 50790-145 Recife - PE.
26167093;EDUCANDARIO RITA BARBOSA;-8.01022680;-34.89011321;infantil|fundamental_i|fundamental_ii;privada;ativa;geral;nao;RUA BARAO DE OEIRAS, 53 PORTO DA MADEIRA. 52130-151 Recife - PE.
26173409;EDUCANDARIO ROZENTAL;-8.06785100;-34.92108000;;privada;paralisada;geral;nao;RUA JOSE MOREIRA REIS, 705 BONGI. 50751-621 Recife - PE.
26144360;EDUCANDARIO SANTA ROSA;-8.07631300;-34.92186000;infantil|fundamental_i;privada;ativa;geral;nao;RUA JOAO LEITE, 468 MANGUEIRA. 50820-030 Recife - PE.
26176653;EDUCANDARIO SANTA TEREZINHA DO MENINO JESUS;-8.07453581;-34.91662815;fundamental_i;privada;ativa;geral;nao;RUA ERNESTO CAVALCANTI, 67 AFOGADOS. 50760-002 Recife - PE.
26125927;EDUCANDARIO SAO DOMINGOS;-8.01728500;-34.91192000;infantil|fundamental_i;privada;ativa;geral;nao;RUA CORREGO DO EUCLIDES, 209 ALTO JOSE BONIFACIO. 52080-001 Recife - PE.
26176726;EDUCANDARIO SAO JORGE;-8.08866800;-34.96842000;infantil|fundamental_i;privada;ativa;geral;nao;RUA CORIPOS, 29 COQUEIRAL. 50791-130 Recife - PE.
26157454;EDUCANDARIO SHALOM LTDA;-8.01843100;-34.91139000;infantil|fundamental_i;privada;ativa;geral;nao;RUA CORREGO DO EUCLIDES, 91 ALTO JOSE BONIFACIO. 52080-460 Recife - PE.
26149389;EDUCANDARIO SIQUEIRA BRANDAO;-8.00737900;-34.89199000;infantil|fundamental_i;privada;ativa;geral;nao;AVENIDA BEBERIBE, 4149 BEBERIBE. 52130-190 Recife - PE.
26147483;EDUCANDARIO TANIA BEZERRA;-8.06240500;-34.93547000;infantil|fundamental_i|fundamental_ii;privada;ativa;geral;nao;RUA MOSTARDAS, 120 TORROES. 50640-670 Recife - PE.
26530716;EDUCANDARIO TIA NAI;-8.09599800;-34.93411000;infantil|fundamental_i;privada;ativa;geral;nao;AVENIDA IZABEL DE GOES, 941 CASA B. AREIAS. 50870-270 Recife - PE.
26167000;EDUCANDARIO TIA NICE;-8.01809900;-34.95252000;infantil|fundamental_i;privada;ativa;geral;nao;RUA MANUEL DE MEDEIROS, 1388 DOIS IRMAOS. 52171-030 Recife - PE.
26464748;EDUCANDARIO UNIBABY;-8.11423000;-34.93790000;infantil;privada;ativa;geral;nao;RUA RIO PAJEU, 144 IBURA. 51230-360 Recife - PE.
26149443;EDUCANDARIO UNIVERSO INFANTIL;-8.01008000;-34.93562000;infantil|fundamental_i;privada;ativa;geral;nao;RUA ERUNDINA NEGREIROS DE ARAUJO, 188 MACAXEIRA. 52091-055 Recife - PE.
26464713;EDUCANDARIO VOVO JUCA;-8.00132700;-34.92508000;infantil|fundamental_i;privada;ativa;geral;nao;RUA AGACI, 207 BREJO DE BEBERIBE. 52191-041 Recife - PE.
26218003;EDUCANDARIO VOVO MILITA;-8.01200000;-34.91829000;infantil|fundamental_i;privada;ativa;geral;nao;RUA SANTA MARIA GORETTI, 184 VASCO DA GAMA. 52280-640 Recife - PE.
26178265;EDUCANDARIO VOVO RITA;-8.01795800;-34.92439000;infantil|fundamental_i;privada;ativa;geral;nao;RUA TACAIMBO, 59 NOVA DESCOBERTA. 52081-320 Recife - PE.
26142988;EDUCANDARIO WANESSA KARLA;-8.12010000;-34.95504000;infantil|fundamental_i;privada;ativa;geral;nao;AVENIDA SANTAREM, 162 UR - 02 IBURA. COHAB. 51340-530 Recife - PE.
26126370;EMTI ALTO DA GUABIRABA;-7.99168060;-34.93320670;infantil|fundamental_i;municipal;ativa;geral;nao;RUA COSTA E SILVA, S/N BREJO DA GUABIRABA. 52291-230 Recife - PE.
26123541;EMTI ANDRE DE MELO;-8.08389172;-34.93086836;fundamental_i|fundamental_ii;municipal;ativa;geral;nao;RUA MORAIS E SILVA, 180 ESTANCIA. 50865-100 Recife - PE.
26117576;EMTI ANTONIO FARIAS FILHO;-8.07267950;-34.92591030;fundamental_ii;municipal;ativa;geral;nao;RUA VINTE E UM DE ABRIL, S/N SAN MARTIN. 50761-350 Recife - PE.
26128640;EMTI ANTONIO HERACLIO DO REGO;-8.01869103;-34.88899424;fundamental_ii;municipal;ativa;geral;nao;RUA MANOEL SILVA, 134 AGUA FRIA. 52120-140 Recife - PE.
26127369;EMTI ARRAIAL NOVO DO BOM JESUS;-8.05877090;-34.93189030;fundamental_i|fundamental_ii;municipal;ativa;geral;nao;EST FORTE DO ARRAIAL N. DO B. JESUS, 1340 TORROES. 50640-000 Recife - PE.
26124513;EMTI CICERO FRANKLIN CORDEIRO;-8.13619813;-34.95502939;fundamental_i|fundamental_ii;municipal;ativa;geral;nao;RUA FELIPE DOS SANTOS, 111 UR 05. COHAB. 51320-410 Recife - PE.
26119218;EMTI DA IPUTINGA;-8.04149953;-34.92822639;fundamental_i|fundamental_ii;municipal;ativa;geral;nao;RUA FERNANDO FURTADO, 479 IPUTINGA. IPUTINGA. 50731-284 Recife - PE.
26128233;EMTI DA MANGABEIRA;-8.02374440;-34.90043517;fundamental_i|fundamental_ii;municipal;ativa;geral;nao;RUA NICEAS ARCOVERDE GUSMAO, S/N MANGABEIRA. 52110-260 Recife - PE.
26127520;EMTI DIVINO ESPIRITO SANTO;-8.03018500;-34.95420000;fundamental_ii;municipal;ativa;geral;nao;AV CAXANGA, 127 VARZEA. 50800-210 Recife - PE.
26123487;EMTI DOM BOSCO;-8.07942680;-34.94827560;fundamental_ii;municipal;ativa;geral;nao;RUA ALVENOPOLIS, 600 QUADRA. JARDIM SAO PAULO. 50790-200 Recife - PE.
26119927;EMTI LUIZ VAZ DE CAMOES;-8.11017000;-34.92148000;fundamental_ii;municipal;ativa;geral;nao;RUA JACUNDA, 508 IPSEP. 51350-080 Recife - PE.
26124556;EMTI MARIA DE SAMPAIO LUCENA;-8.12092114;-34.94644695;fundamental_ii;municipal;ativa;geral;nao;AV PERNAMBUCO, S/N UR 01. COHAB. 51280-000 Recife - PE.
26122529;EMTI MARIO MELO;-8.02849500;-34.87966000;fundamental_i|fundamental_ii;municipal;ativa;geral;nao;RUA OLIVEIRA FONSECA, 318 CAMPO GRANDE. 52040-250 Recife - PE.
26118734;EMTI MONTEIRO LOBATO;-8.01739670;-34.87440670;fundamental_i|fundamental_ii;municipal;ativa;geral;nao;AV JARDIM BRASILIA, S/N LADO IMPAR. PEIXINHOS. 52040-365 Recife - PE.
26133389;EMTI NADIR COLACO;-8.01705752;-34.92892281;fundamental_ii;municipal;ativa;geral;nao;AV NORTE MIGUEL ARRAES DE ALENCAR, 2173 MACAXEIRA. 52090-260 Recife - PE.
26147300;EMTI NOSSA SENHORA DO PILAR;-8.05796330;-34.86983560;fundamental_i|fundamental_ii;municipal;ativa;geral;nao;RUA BRUM, S/N RECIFE. 50030-260 Recife - PE.
26125510;EMTI OSWALDO LIMA FILHO;-8.09870800;-34.88678000;fundamental_ii;municipal;ativa;geral;nao;AV DOMINGOS FERREIRA, 1040 PINA. 51011-050 Recife - PE.
26128390;EMTI PAULO VI;-8.00774293;-34.90452656;fundamental_ii;municipal;ativa;geral;nao;RUA GUAIRA, 200 LINHA DO TIRO. 52131-210 Recife - PE.
26121468;EMTI PEDRO AUGUSTO;-8.06089305;-34.89011669;fundamental_ii;municipal;ativa;geral;nao;RUA SAO BORJA, 279 BOA VISTA. 50070-315 Recife - PE.
26153386;EMTI PROFESSOR ANTONIO DE BRITO ALVES;-8.07376990;-34.91794620;fundamental_i|fundamental_ii;municipal;ativa;geral;nao;RUA ERNESTO CAVALCANTI, 41 MUSTARDINHA. 50760-002 Recife - PE.
26157845;EMTI PROFESSOR JOAO BATISTA LIPPO NETO;-8.03563220;-34.99017220;fundamental_i;municipal;ativa;geral;nao;RUA CERRO LARGO, S/N VARZEA. 50960-460 Recife - PE.
26121255;EMTI PROFESSOR JOSE DA COSTA PORTO;-8.07192860;-34.90064720;fundamental_i|fundamental_ii;municipal;ativa;geral;nao;1TR CABO EUTROPIO, 660 ILHA JOANA BEZERRA. 50090-590 Recife - PE.
26126524;EMTI PROFESSOR NILO PEREIRA;-8.02724510;-34.92564120;fundamental_ii;municipal;ativa;geral;nao;EST ARRAIAL, 4900 CASA AMARELA. 52070-230 Recife - PE.
26121786;EMTI REITOR JOAO ALFREDO;-8.06505079;-34.89535578;fundamental_ii;municipal;ativa;geral;nao;RUA JOSE HENRIQUE, 160 ILHA DO LEITE. 50070-460 Recife - PE.
26126630;EMTI SAO CRISTOVAO;-7.99328950;-34.93527660;fundamental_ii;municipal;ativa;geral;nao;RUA CASSITERITA, 395 BREJO DA GUABIRABA. 52291-140 Recife - PE.
26124580;EREM ELEANOR ROOSEVELT;-8.10837327;-34.91655612;;estadual;ativa;geral;nao;RUA ARACATUBA, 43 IPSEP. 51350-170 Recife - PE.
26163225;ESC CRISTA BESSONI;-8.07633900;-34.91093000;infantil|fundamental_i;privada;ativa;geral;nao;RUA CABEDELO, 40 AFOGADOS. 50820-610 Recife - PE.
26512726;ESCOLA 1º PASSO;-8.11084500;-34.95228000;infantil;privada;ativa;geral;nao;RUA QUATRO DE FEVEREIRO, 161 COHAB. 51345-175 Recife - PE.
26513714;ESCOLA ABDIAS GOMES DE MOURA;-8.05683300;-34.92357000;infantil|fundamental_i|fundamental_ii;privada;ativa;geral;nao;RUA MANUEL SALVADOR, 280 BARRO. 50900-120 Recife - PE.
26119650;ESCOLA ABELHINHA;-8.10190830;-34.91014876;fundamental_i;privada;ativa;geral;nao;AVENIDA MARECHAL MASCARENHAS DE MORAIS, 2159 IMBIRIBEIRA. 51170-000 Recife - PE.
26489716;ESCOLA ADVENTISTA DE SAN MARTIN;-8.07347500;-34.92984000;infantil|fundamental_i|fundamental_ii;privada;ativa;geral;nao;AV. GENERAL SAN MARTIN, 2442 SAN MARTIN. 50761-000 Recife - PE.
26141000;ESCOLA ALEGRIA DO SABER;-8.01991800;-34.88118000;infantil|fundamental_i;privada;ativa;geral;nao;RUA MARCILIO DIAS, 33 CAMPINA DO BARRETO. 52121-145 Recife - PE.
26146690;ESCOLA AMERICANA DO RECIFE;-8.13611100;-34.90628000;infantil|fundamental_i|fundamental_ii;privada;ativa;geral;nao;RUA SA E SOUZA, 408 BOA VIAGEM. 51030-065 Recife - PE.
26122979;ESCOLA ANA CECILIA;-8.08670100;-34.92829000;infantil|fundamental_i;privada;ativa;geral;nao;RUA SEVERINA SILVA REGO, 86 ESTANCIA. 50771-660 Recife - PE.
26125986;ESCOLA ANA MALTA DA COSTA AZEVEDO;-8.01903310;-34.90994050;fundamental_ii;estadual;ativa;geral;nao;RUA PADRE OLIVEIRA, 684 BOMBA DO HEMETERIO. 52080-130 Recife - PE.
26184877;ESCOLA ANA MARIA;-8.04692300;-34.91767000;infantil|fundamental_i;privada;ativa;geral;nao;RUA GASTON CAMARA, 50 ESCOLA. CORDEIRO. 50620-410 Recife - PE.
26173174;ESCOLA APRENDIZES DA ESPERANCA;-8.11431200;-34.95429000;;privada;paralisada;geral;nao;AVENIDA SANTOS, 140 COHAB. 51340-210 Recife - PE.
26126060;ESCOLA ASSEMBLEIA DE DEUS;-8.02238218;-34.91990346;;privada;paralisada;geral;nao;RUA CONSELHEIRO RIBAS, 20 CASA AMARELA. 52070-400 Recife - PE.
26178206;ESCOLA BEM QUERER LTDA;-8.11797200;-34.89809000;infantil;privada;ativa;geral;nao;RUA FAUSTINO PORTO, 151 ANEXO I. BOA VIAGEM. 51020-270 Recife - PE.
26118645;ESCOLA BEM-ME-QUER - FALCAO CENTRO CULTURAL LTDA;-8.11783000;-34.89817000;fundamental_i|fundamental_ii;privada;ativa;geral;nao;RUA PROFESSOR JULIO FERREIRA DE MELO, 590 BOA VIAGEM. 51020-231 Recife - PE.
26153084;ESCOLA BLUE SCHOOL;-8.06009700;-34.90182000;infantil|fundamental_i|fundamental_ii;privada;ativa;geral;nao;RUA BENFICA, 197 MADALENA. 50720-001 Recife - PE.
26181797;ESCOLA CAMINHANDO COM CRISTO;-8.11545700;-34.95381000;infantil;privada;ativa;geral;nao;RUA MASSAPE, 40 CASA. COHAB. 51340-130 Recife - PE.
26127270;ESCOLA CARLOS ALBERTO GONCALVES DE ALMEIDA;-8.05880370;-34.91248110;;estadual;paralisada;geral;nao;RUA GOMES TABORDA, S/N PRADO. 50720-650 Recife - PE.
26122987;ESCOLA CARMELA DUTRA;-8.07843640;-34.91452380;fundamental_ii;estadual;ativa;geral;nao;RUA GENERAL SOUZA DOCA, S/N AFOGADOS. 50850-060 Recife - PE.
26137810;ESCOLA CASINHA DO SABER LTDA;-8.11125167;-34.91914129;infantil|fundamental_i;privada;ativa;geral;nao;RUA RIO IPOJUCA, 328 IPSEP. 51190-450 Recife - PE.
26148951;ESCOLA CASTELO DO SABER;-8.01630370;-34.89652880;infantil|fundamental_i;privada;ativa;geral;nao;RUA NAZARE, 428 AGUA FRIA. 52111-320 Recife - PE.
26166895;ESCOLA CASTELO ENCANTADO LTDA;-8.02485800;-34.92400000;infantil|fundamental_i;privada;ativa;geral;nao;RUA CLODOMIRO SELVA, 194 CASA. CASA AMARELA. 52070-470 Recife - PE.
26138948;ESCOLA CECILIA MEIRELES;-8.11742833;-34.94089667;infantil|fundamental_i|fundamental_ii;privada;ativa;geral;nao;RUA RIO DOURO, 72 IBURA. 51240-020 Recife - PE.
26173220;ESCOLA CHAVE DO SABER;-8.07526700;-34.91007000;infantil|fundamental_i;privada;ativa;geral;nao;RUA JOSE MIRANDA, 172 AFOGADOS. 50820-600 Recife - PE.
26126559;ESCOLA COMANDANTE LUIZ GOMES;-7.99890833;-34.92417167;fundamental_ii;estadual;ativa;geral;nao;AVENIDA VEREADOR OTACILIO AZEVEDO, 2567 NOVA DESCOBERTA. 52191-000 Recife - PE.
26124530;ESCOLA COMUNITARIA DANIEL VICTOR;-8.12526600;-34.91425000;;privada;extinta;geral;nao;RUA JOAO PEDRO DA SILVA, 182 CASA. IMBIRIBEIRA. 51150-560 Recife - PE.
26156709;ESCOLA COMUNITARIA MARIA ESTEVAO;-8.00085810;-34.90812210;infantil;privada;ativa;geral;sim;RUA MARIA ESTEVAO, 241 SEDE PROPRIA. DOIS UNIDOS. 52140-160 Recife - PE.
26163780;ESCOLA COMUNITARIA TOM E JERRY;-8.00426980;-34.93187850;infantil;privada;ativa;geral;sim;RUA CORREGO DA AREIA, 82 NOVA DESCOBERTA. 52091-220 Recife - PE.
26152894;ESCOLA CONSTRUINDO O SABER;-8.11180000;-34.91660000;infantil|fundamental_i;privada;ativa;geral;nao;RUA RIO COLORADO, 45 CASA. IPSEP. 51190-480 Recife - PE.
26119714;ESCOLA CORACAO DE MARIA;-8.09500200;-34.92433000;infantil|fundamental_i;privada;ativa;geral;nao;RUA HUGO DE CARVALHO, PRADO. 50630-540 Recife - PE.
26156067;ESCOLA CRECHE SEMENTE DE UM NOVO MUNDO;-8.06575160;-34.93530830;infantil;privada;ativa;geral;sim;RUA NOSSA SENHORA DA PENHA, 179 TORROES. 50761-150 Recife - PE.
26118700;ESCOLA CRESCER;-8.11404100;-34.89342000;;privada;extinta;geral;nao;RUA PADRE BERNARDINO PESSOA, BOA VIAGEM. 51020-210 Recife - PE.
26463741;ESCOLA CRIANCA FELIZ LTDA-ME;-8.09304600;-34.94236000;;privada;paralisada;geral;nao;AVENIDA DOUTOR JOSE RUFINO, 2181 BARRO. 50780-300 Recife - PE.
26148943;ESCOLA CRIANCA FUTURO FELIZ;-8.00420100;-34.89880000;infantil|fundamental_i;privada;ativa;geral;nao;RUA TAGUATINGA, 54 BEBERIBE. 52130-260 Recife - PE.
26117541;ESCOLA CRIATIVA;-8.04567800;-34.90608000;infantil|fundamental_i;privada;ativa;geral;nao;RUA CONDE DE IRAJA, 254 236. TORRE. 50710-310 Recife - PE.
26123452;ESCOLA CRISTA DO JARDIM SAO PAULO;-8.08032900;-34.94111000;;privada;extinta;geral;nao;RUA PROFESSORA ZENIA GUERRA, 73. JARDIM SAO PAULO. 50910-210 Recife - PE.
26126702;ESCOLA DA ANINHA;-7.99548030;-34.93483140;;privada;paralisada;geral;nao;CORREGO JOSE IDALINO, 480 BREJO DA GUABIRABA. 52291-070 Recife - PE.
26469715;ESCOLA DA MAGALI;-8.11355100;-34.93812000;;privada;paralisada;geral;nao;RUA RIO NEGRO, 66 IBURA DE BAIXO. 51230-370 Recife - PE.
26173190;ESCOLA DE ENFERMAGEM SAO CAETANO;-8.08598000;-34.90932000;;privada;ativa;geral;nao;RUA ALVARO AMORIM, 219 IMBIRIBEIRA. 51170-060 Recife - PE.
26140810;ESCOLA DE GOVERNO EM SAUDE PUBLICA DE PERNAMBUCO;-8.04332330;-34.89149350;;estadual;ativa;geral;nao;RUA QUARENTA E OITO, 224 DIRETORIA DA ESPPE. ESPINHEIRO. 52020-060 Recife - PE.
26121867;ESCOLA DE REFERENCIA EM ENSINO FUNDAMENTAL CONEGO ROCHAEL DE MEDEIROS;-8.05397336;-34.88128820;fundamental_ii;estadual;ativa;geral;nao;AVENIDA MARIO MELO, SN SANTO AMARO. 50040-010 Recife - PE.
26126052;ESCOLA DE REFERENCIA EM ENSINO FUNDAMENTAL CORONEL OTHON;-8.01598167;-34.92821500;fundamental_ii;estadual;ativa;geral;nao;RUA IDA, 200 MACAXEIRA. 52090-270 Recife - PE.
26123150;ESCOLA DE REFERENCIA EM ENSINO FUNDAMENTAL CREUSA BARRETO DORNELAS;-8.04492360;-34.91737950;fundamental_ii;estadual;ativa;geral;nao;RUA CANTORA CLARA NUNES, SN VL ST LUZIA. TORRE. 50711-550 Recife - PE.
26124572;ESCOLA DE REFERENCIA EM ENSINO FUNDAMENTAL DELMIRO GOUVEIA;-8.09271713;-34.88381923;fundamental_ii;estadual;ativa;geral;nao;AVENIDA CONSELHEIRO AGUIAR, SN - ATE 29/30. PINA. 51110-020 Recife - PE.
26125013;ESCOLA DE REFERENCIA EM ENSINO FUNDAMENTAL E ENSINO MEDIO GERCINO DE PONTES;-8.08616199;-34.91093781;fundamental_ii;estadual;ativa;geral;nao;RUA ALVARO AMORIM, 375 IMBIRIBEIRA. 51170-060 Recife - PE.
26122227;ESCOLA DE REFERENCIA EM ENSINO FUNDAMENTAL E ENSINO MEDIO GOVERNADOR BARBOSA LIMA;-8.05267970;-34.89674850;fundamental_ii;estadual;ativa;geral;nao;RUA JOAQUIM NABUCO, 42 - LADO PAR. GRACAS. 52011-005 Recife - PE.
26120100;ESCOLA DE REFERENCIA EM ENSINO FUNDAMENTAL E ENSINO MEDIO PROFESSORA INALDA SPINELLI;-8.12209100;-34.90824133;fundamental_ii;estadual;ativa;geral;nao;RUA JORGE COUCEIRO DA COSTA EIRAS, 748 BOA VIAGEM. 51021-300 Recife - PE.
26119730;ESCOLA DE REFERENCIA EM ENSINO FUNDAMENTAL E MEDIO APLICACAO DO RECIFE;-8.06101826;-34.90324386;fundamental_ii;estadual;ativa;geral;nao;AVENIDA EPORT CLUB DO RECIFE, 252 BLOCO A. MADALENA. 50720-635 Recife - PE.
26123720;ESCOLA DE REFERENCIA EM ENSINO FUNDAMENTAL E MEDIO BARAO DO BONITO;-8.09535801;-34.93883246;fundamental_ii;estadual;ativa;geral;nao;PRACA QUATRO DE OUTUBRO, S/N AREIAS. 50780-370 Recife - PE.
26127571;ESCOLA DE REFERENCIA EM ENSINO FUNDAMENTAL E MEDIO BARROS CARVALHO;-8.05252840;-34.92128690;fundamental_ii;estadual;ativa;geral;nao;RUA HONORIO CORREIA, 167 VARZEA. CORDEIRO. 50630-050 Recife - PE.
26124475;ESCOLA DE REFERENCIA EM ENSINO FUNDAMENTAL E MEDIO BRIGADEIRO EDUARDO GOMES;-8.13201910;-34.90681319;fundamental_ii;estadual;ativa;geral;nao;RUA BARAO DE SOUZA LEAO, S/N BOA VIAGEM. 51030-300 Recife - PE.
26126010;ESCOLA DE REFERENCIA EM ENSINO FUNDAMENTAL E MEDIO CAIO PEREIRA;-8.01222217;-34.91319781;fundamental_ii;estadual;ativa;geral;nao;RUA ALTO JOSE BONIFACIO, 750 ALTO JOSE BONIFACIO. 52080-010 Recife - PE.
26122855;ESCOLA DE REFERENCIA EM ENSINO FUNDAMENTAL E MEDIO DEBORA FEIJO;-8.08018270;-34.92076600;fundamental_ii;estadual;ativa;geral;nao;RUA JOVELINO SELVA, 71 AFOGADOS. 50850-190 Recife - PE.
26126141;ESCOLA DE REFERENCIA EM ENSINO FUNDAMENTAL E MEDIO DONA MARIA TERESA CORREA;-8.02190085;-34.90734888;fundamental_ii;estadual;ativa;geral;nao;RUA MARAGOGI, S/N ALTO JOSE DO PINHO. 52210-110 Recife - PE.
26126206;ESCOLA DE REFERENCIA EM ENSINO FUNDAMENTAL E MEDIO GILBERTO FREYRE;-8.01290833;-34.92331833;fundamental_ii;estadual;ativa;geral;nao;ALTO TREZE DE MAIO, S/N VASCO DA GAMA. 52081-040 Recife - PE.
26127695;ESCOLA DE REFERENCIA EM ENSINO FUNDAMENTAL E MEDIO JOAQUIM XAVIER DE BRITO;-8.04160380;-34.93143110;fundamental_ii;estadual;ativa;geral;nao;RUA CORDISLANDIA, 1120 VARZEA. IPUTINGA. 50731-270 Recife - PE.
26124645;ESCOLA DE REFERENCIA EM ENSINO FUNDAMENTAL E MEDIO JORNALISTA COSTA PORTO;-8.13375476;-34.93563093;fundamental_ii;estadual;ativa;geral;nao;RUA BAHIA, SN JORDAO BAIXO. 51250-370 Recife - PE.
26120992;ESCOLA DE REFERENCIA EM ENSINO FUNDAMENTAL E MEDIO LICEU DE ARTES E OFICIOS;-8.05617237;-34.88744781;fundamental_ii;estadual;ativa;geral;nao;AVENIDA OLIVEIRA LIMA, 824 BOA VISTA. 50050-906 Recife - PE.
26125650;ESCOLA DE REFERENCIA EM ENSINO FUNDAMENTAL E MEDIO LIONS DE PARNAMIRIM;-8.01844000;-34.95297000;fundamental_ii;estadual;ativa;geral;nao;AV DOM MANOEL DE MEDEIROS, SN DOIS IRMAOS. 52171-030 Recife - PE.
26125358;ESCOLA DE REFERENCIA EM ENSINO FUNDAMENTAL E MEDIO MONTE VERDE;-8.11641384;-34.96033138;fundamental_ii;estadual;ativa;geral;nao;RUA MARIA LIMA DA SILVA, SN JARDIM MONTE VERDE. COHAB. 51335-290 Recife - PE.
26127431;ESCOLA DE REFERENCIA EM ENSINO FUNDAMENTAL E MEDIO PROFESSOR LEAL DE BARROS;-8.05634732;-34.94393421;fundamental_ii;estadual;ativa;geral;nao;RUA ANTONIO BORGES UCHOA, SN ENGENHO DO MEIO. 50730-230 Recife - PE.
26124920;ESCOLA DE REFERENCIA EM ENSINO FUNDAMENTAL E MEDIO SAO FRANCISCO DE ASSIS;-8.10488442;-34.90910615;fundamental_ii;estadual;ativa;geral;nao;RUA SARGENTO SILVIO DELMAR HOLLEMBACH, SN IMBIRIBEIRA. 51150-290 Recife - PE.
26127512;ESCOLA DE REFERENCIA EM ENSINO FUNDAMENTAL E MEDIO SENADOR NOVAES FILHO;-8.04817500;-34.96206833;fundamental_ii;estadual;ativa;geral;nao;RUA DONA MARIA LACERDA, SN VARZEA. VARZEA. 50741-010 Recife - PE.
26122553;ESCOLA DE REFERENCIA EM ENSINO FUNDAMENTAL EMBAIXADOR GILBERTO AMADO;-8.03292620;-34.88756080;fundamental_ii;estadual;ativa;geral;nao;RUA GASPAR REGUEIRA, S/N HIPODROMO. 52041-620 Recife - PE.
26126214;ESCOLA DE REFERENCIA EM ENSINO FUNDAMENTAL GOVERNADOR CARLOS DE LIMA CAVALCANTI;-8.02627390;-34.91067310;fundamental_ii;estadual;ativa;geral;nao;RUA DESEMBARGADOR MOTTA JUNIOR, 120 ESC PUBLICA ESTADUAL. CASA AMARELA. 52051-360 Recife - PE.
26128195;ESCOLA DE REFERENCIA EM ENSINO FUNDAMENTAL JARBAS PERNAMBUCANO;-8.01071080;-34.88335183;fundamental_ii;estadual;ativa;geral;nao;RUA MARQUES DE TAMANDARE, SN CAJUEIRO. 52221-350 Recife - PE.
26121620;ESCOLA DE REFERENCIA EM ENSINO FUNDAMENTAL JOAO BARBALHO;-8.05609333;-34.88302500;fundamental_ii;estadual;ativa;geral;nao;RUA DO HOSPICIO, 737 SANTO AMARO. 50050-050 Recife - PE.
26125080;ESCOLA DE REFERENCIA EM ENSINO FUNDAMENTAL LUIS DE CAMOES;-8.08488294;-34.88266621;fundamental_ii;estadual;ativa;geral;nao;RUA DOUTOR HENRIQUE LINS, SN BRASILIA TEIMOSA. 51010-380 Recife - PE.
26123231;ESCOLA DE REFERENCIA EM ENSINO FUNDAMENTAL MACIEL PINHEIRO;-8.04707760;-34.91360830;fundamental_ii;estadual;ativa;geral;nao;PRACA PROFESSOR BARRETO CAMPELO, 1085 TORRE. 50710-290 Recife - PE.
26123525;ESCOLA DE REFERENCIA EM ENSINO FUNDAMENTAL MARCELINO CHAMPAGNAT;-8.08971410;-34.95249316;fundamental_ii;estadual;ativa;geral;nao;RUA RIVADAVIA GUERRA, 55 TEJIPIO. 50930-080 Recife - PE.
26123240;ESCOLA DE REFERENCIA EM ENSINO FUNDAMENTAL MARIA GORETTI;-8.06487970;-34.90986290;fundamental_ii;estadual;ativa;geral;nao;RUA PADRE TEOFILO TWORZ, 227 PRADO. 50751-315 Recife - PE.
26153491;ESCOLA DE REFERENCIA EM ENSINO FUNDAMENTAL MONSENHOR MANOEL LEONARDO DE BARROS BARRETO;-8.07429950;-34.89189460;fundamental_ii;estadual;ativa;geral;nao;RUA ARARIBA, SN SAO JOSE. 50090-180 Recife - PE.
26125943;ESCOLA DE REFERENCIA EM ENSINO FUNDAMENTAL MONSENHOR MANOEL MARQUES;-8.02247160;-34.90160020;fundamental_ii;estadual;ativa;geral;nao;RUA DESEMBARGADOR HERACLITO CAVALCANTI, S/N MANGABEIRA. 52110-390 Recife - PE.
26124777;ESCOLA DE REFERENCIA EM ENSINO FUNDAMENTAL OTHON BEZERRA DE MELO;-8.10531414;-34.92348777;fundamental_ii;estadual;ativa;geral;nao;RUA VIRGINIA HERACLIO, 899 IPSEP. 51350-250 Recife - PE.
26124831;ESCOLA DE REFERENCIA EM ENSINO FUNDAMENTAL PADRE LEBRET;-8.12002530;-34.95469888;fundamental_ii;estadual;ativa;geral;nao;AV. ANGRA DOS REIS, SN UR 02. IBURA. 51340-590 Recife - PE.
26122880;ESCOLA DE REFERENCIA EM ENSINO FUNDAMENTAL PRESIDENTE ARTHUR DA COSTA E SILVA;-8.07272620;-34.92287240;fundamental_ii;estadual;ativa;geral;nao;RUA TEJUCUPAPO, 536 MUSTARDINHA. 50760-430 Recife - PE.
26127865;ESCOLA DE REFERENCIA EM ENSINO FUNDAMENTAL PROFESSOR CANDIDO DUARTE;-8.04821480;-34.95924280;fundamental_ii;estadual;ativa;geral;nao;PRACA PINTO DAMASIO, SN VARZEA. 50741-000 Recife - PE.
26124424;ESCOLA DE REFERENCIA EM ENSINO FUNDAMENTAL PROFESSOR MARCOS DE BARROS FREIRE;-8.11262013;-34.94786977;fundamental_ii;estadual;ativa;geral;nao;AVENIDA ENGENHO BABILONIA, SN COHAB. 51270-080 Recife - PE.
26122260;ESCOLA DE REFERENCIA EM ENSINO FUNDAMENTAL PROFESSOR MOTTA E ALBUQUERQUE;-8.02958820;-34.90531840;fundamental_ii;estadual;ativa;geral;nao;RUA SOARES MORENO, 117 TAMARINEIRA. 52051-120 Recife - PE.
26128462;ESCOLA DE REFERENCIA EM ENSINO FUNDAMENTAL PROFESSOR PEDRO AUGUSTO CARNEIRO LEAO;-8.01557972;-34.89091046;fundamental_ii;estadual;ativa;geral;nao;AVENIDA BEBERIBE, 2595 FUNDAO. 52130-135 Recife - PE.
26123584;ESCOLA DE REFERENCIA EM ENSINO FUNDAMENTAL PROFESSORA OLINDINA ALVES SEMENTE;-8.08844731;-34.94272501;fundamental_ii;estadual;ativa;geral;nao;RUA PAULO AFONSO, SN BARRO. 50900-390 Recife - PE.
26125293;ESCOLA DE REFERENCIA EM ENSINO FUNDAMENTAL SENADOR ANTONIO FARIAS;-8.12678455;-34.95582378;fundamental_ii;estadual;ativa;geral;nao;RUA IBIRAPUA, 757 COHAB. 51330-220 Recife - PE.
26122952;ESCOLA DE REFERENCIA EM ENSINO FUNDAMENTAL SENADOR NILO DE SOUZA COELHO;-8.09462631;-34.92770513;fundamental_ii;estadual;ativa;geral;nao;AVENIDA RECIFE 4316, S/N CONJ. INES. ESTANCIA. 50860-900 Recife - PE.
26124904;ESCOLA DE REFERENCIA EM ENSINO FUNDAMENTAL VILA DOS MILAGRES;-8.11275972;-34.94564951;fundamental_ii;estadual;ativa;geral;nao;RUA NOSSA SENHORA DO CARMO, 340 IBURA - VILA DOS MILAGRES. 51270-480 Recife - PE.
26126079;ESCOLA DE REFERENCIA EM ENSINO MEDIO AGEU MAGALHAES;-8.02818900;-34.91052000;;estadual;ativa;geral;nao;ESTRADA DO ARRAIAL, 3208 CASA AMARELA. TAMARINEIRA. 52051-380 Recife - PE.
26123479;ESCOLA DE REFERENCIA EM ENSINO MEDIO ALBERTO TORRES;-8.09192581;-34.94990576;;estadual;ativa;geral;nao;AVENIDA DOUTOR JOSE RUFINO, 2993 TEJIPIO. 50930-000 Recife - PE.
26125978;ESCOLA DE REFERENCIA EM ENSINO MEDIO ALVARO LINS;-7.99967270;-34.92255770;;estadual;ativa;geral;nao;AV VEREADOR OTACILIO AZEVEDO, 4538 NOVA DESCOBERTA. 52291-250 Recife - PE.
26122847;ESCOLA DE REFERENCIA EM ENSINO MEDIO AMAURY DE MEDEIROS;-8.08024089;-34.90792279;;estadual;ativa;geral;nao;RUA SAO MIGUEL, S/N AFOGADOS. 50770-720 Recife - PE.
26123703;ESCOLA DE REFERENCIA EM ENSINO MEDIO ANIBAL FALCAO;-8.08749748;-34.95721438;;estadual;ativa;geral;nao;RUA APRIGIO GUIMARAES, 102 TEJIPIO. 50920-592 Recife - PE.
26121859;ESCOLA DE REFERENCIA EM ENSINO MEDIO ANIBAL FERNANDES;-8.04775820;-34.88120870;;estadual;ativa;geral;nao;RUA MARQUES DO POMBAL, 730 SANTO AMARO. 50100-170 Recife - PE.
26124432;ESCOLA DE REFERENCIA EM ENSINO MEDIO APOLONIO SALES;-8.10990869;-34.93292186;;estadual;ativa;geral;nao;RUA PROFESSOR JOSE BRASILEIRO VILA NOVA, 38 IBURA DE BAIXO. 51220-230 Recife - PE.
26124440;ESCOLA DE REFERENCIA EM ENSINO MEDIO ASSIS CHATEAUBRIAND;-8.08660204;-34.88266482;;estadual;ativa;geral;nao;RUA FRANCISCO VALPASSOS, S/N BRASILIA TEIMOSA. 51010-370 Recife - PE.
26126044;ESCOLA DE REFERENCIA EM ENSINO MEDIO CLOTILDE DE OLIVEIRA;-8.01987110;-34.92582350;;estadual;ativa;geral;nao;AVENIDA NORTE, 6760 CASA AMARELA. CASA AMARELA. 52070-660 Recife - PE.
26122510;ESCOLA DE REFERENCIA EM ENSINO MEDIO CLOVIS BEVILAQUA;-8.03265480;-34.88715930;;estadual;ativa;geral;nao;RUA CARLOS FERNANDES, 185 HIPODROMO. 52041-710 Recife - PE.
26128101;ESCOLA DE REFERENCIA EM ENSINO MEDIO DE BEBERIBE;-8.00442577;-34.89944313;;estadual;ativa;geral;nao;RUA URIEL DE HOLANDA, 219 BEBERIBE. 52131-005 Recife - PE.
26127300;ESCOLA DE REFERENCIA EM ENSINO MEDIO DIARIO DE PERNAMBUCO;-8.05452100;-34.94015000;;estadual;ativa;geral;nao;RUA COSTA SEPULVEDA, S/N ENGENHO DO MEIO. 50730-265 Recife - PE.
26124785;ESCOLA DE REFERENCIA EM ENSINO MEDIO DOM SEBASTIAO LEME;-8.11477003;-34.94954461;;estadual;ativa;geral;nao;AVENIDA ENGENHO MURIBARA, S/N COHAB. 51270-260 Recife - PE.
26126133;ESCOLA DE REFERENCIA EM ENSINO MEDIO DOM VITAL;-8.02730452;-34.91837423;;estadual;ativa;geral;nao;ESTRADA DO ARRAIAL, 4051 CASA AMARELA. 52070-230 Recife - PE.
26124602;ESCOLA DE REFERENCIA EM ENSINO MEDIO ENGENHEIRO LAURO DINIZ;-8.11441603;-34.92115333;;estadual;ativa;geral;nao;RUA SATURNINO MEIRELES, 180 IPSEP. 51190-090 Recife - PE.
26172712;ESCOLA DE REFERENCIA EM ENSINO MEDIO GINASIO PERNAMBUCANO - AURORA;-8.05796340;-34.87904313;;estadual;ativa;geral;nao;RUA DA AURORA, 703 BOA VISTA. 50050-000 Recife - PE.
26121247;ESCOLA DE REFERENCIA EM ENSINO MEDIO JOAQUIM NABUCO;-8.07490340;-34.89127390;;estadual;ativa;geral;nao;RUA IMPERIAL, 1102 SAO JOSE. 50090-000 Recife - PE.
26123282;ESCOLA DE REFERENCIA EM ENSINO MEDIO JOAQUIM TAVORA;-8.05544230;-34.90897910;;estadual;ativa;geral;nao;RUA REAL DA TORRE, 150 - ATE 799/800. MADALENA. 50610-000 Recife - PE.
26127334;ESCOLA DE REFERENCIA EM ENSINO MEDIO JORNALISTA TRAJANO CHACON;-8.04812570;-34.92596820;;estadual;ativa;geral;nao;AVENIDA FORTE DO ARRAIAL NOVO DO BOM JESUS, SN CORDEIRO. 50721-110 Recife - PE.
26123517;ESCOLA DE REFERENCIA EM ENSINO MEDIO JOSE MARIANO;-8.08790653;-34.93240398;;estadual;ativa;geral;nao;AVENIDA DOUTOR JOSE RUFINO, 892 ESTANCIA. 50865-000 Recife - PE.
26125641;ESCOLA DE REFERENCIA EM ENSINO MEDIO JOSE VILELA;-8.03253864;-34.91284823;;estadual;ativa;geral;nao;ESTRADA DO ENCANAMENTO, 277 CASA FORTE. 52060-210 Recife - PE.
26124653;ESCOLA DE REFERENCIA EM ENSINO MEDIO LAGOA ENCANTADA;-8.12284977;-34.95063202;;estadual;ativa;geral;nao;RUA DOUTOR MOACIR SALES, SN LAGOA ENCANTADA. COHAB. 51340-520 Recife - PE.
26121344;ESCOLA DE REFERENCIA EM ENSINO MEDIO LUIZ DELGADO;-8.05566331;-34.88292487;;estadual;ativa;geral;nao;RUA DO HOSPICIO, SN BOA VISTA. 50050-050 Recife - PE.
26121310;ESCOLA DE REFERENCIA EM ENSINO MEDIO MANOEL BORBA;-8.13090765;-34.90792654;;estadual;ativa;geral;nao;RUA ALMIRANTE NELSON FERNANDES, SN BOA VIAGEM. 51030-230 Recife - PE.
26124696;ESCOLA DE REFERENCIA EM ENSINO MEDIO MARIA RITA DA SILVA LESSA;-8.13608649;-34.93825348;;estadual;ativa;geral;nao;AVENIDA INDUSTRIAL MENDO SAMPAIO, SN JORDAO. 51260-020 Recife - PE.
26123258;ESCOLA DE REFERENCIA EM ENSINO MEDIO MARTINS JUNIOR;-8.04769940;-34.91314050;;estadual;ativa;geral;nao;RUA PADRE JOSE REGUEIRA, 136 TORRE. 50710-370 Recife - PE.
26179610;ESCOLA DE REFERENCIA EM ENSINO MEDIO NOBREGA;-8.03578296;-34.88903758;;estadual;ativa;geral;nao;ESTRADA DE BELEM, 257 ENCRUZILHADA. 52040-490 Recife - PE.
26127415;ESCOLA DE REFERENCIA EM ENSINO MEDIO OLINTO VICTOR;-8.03253410;-34.95554650;;estadual;ativa;geral;nao;AVENIDA AFONSO OLINDENSE, 153 VARZEA. 50810-000 Recife - PE.
26121654;ESCOLA DE REFERENCIA EM ENSINO MEDIO OLIVEIRA LIMA;-8.06077789;-34.89073845;;estadual;ativa;geral;nao;RUA BARAO DE SAO BORJA, 347 SOLEDADE. 50070-315 Recife - PE.
26122839;ESCOLA DE REFERENCIA EM ENSINO MEDIO OTHON PARAISO;-8.06618390;-34.91694940;;estadual;ativa;geral;nao;AVENIDA MANOEL GONCALVES DA LUZ, 140 BONGI. 50751-200 Recife - PE.
26126109;ESCOLA DE REFERENCIA EM ENSINO MEDIO PADRE MACHADO;-8.02573167;-34.91390333;;estadual;ativa;geral;nao;RUA MAJOR NEREU GUERRA, 92 CASA AMARELA. CASA AMARELA. 52070-300 Recife - PE.
26128403;ESCOLA DE REFERENCIA EM ENSINO MEDIO PADRE NERCIO RODRIGUES;-8.00789238;-34.90776060;;estadual;ativa;geral;nao;RUA URIEL DE HOLANDA, 1300 LINHA DO TIRO. 52131-155 Recife - PE.
26128420;ESCOLA DE REFERENCIA EM ENSINO MEDIO PEDRO CELSO;-8.00795100;-34.90367000;;estadual;ativa;geral;nao;RUA URIEL DE HOLANDA, SN BEBERIBE. 52131-005 Recife - PE.
26121670;ESCOLA DE REFERENCIA EM ENSINO MEDIO POETA MANUEL BANDEIRA;-8.06571654;-34.89389366;;estadual;ativa;geral;nao;RUA ESTADO DE ISRAEL, 21 - ATE 379/380. ILHA DO LEITE. 50070-415 Recife - PE.
26123576;ESCOLA DE REFERENCIA EM ENSINO MEDIO PRESIDENTE HUMBERTO CASTELO BRANCO;-8.09158944;-34.94942850;;estadual;ativa;geral;nao;AVENIDA DOUTOR JOSE RUFINO, 2993 TEJIPIO. 50930-000 Recife - PE.
26125757;ESCOLA DE REFERENCIA EM ENSINO MEDIO PROFESSOR CANDIDO DUARTE;-8.02086400;-34.93885720;;estadual;ativa;geral;nao;AV DOIS IRMAOS, SN DOIS IRMAOS. 52171-010 Recife - PE.
26125250;ESCOLA DE REFERENCIA EM ENSINO MEDIO PROFESSOR FERNANDO MOTA;-8.13607743;-34.91434680;;estadual;ativa;geral;nao;RUA COPACABANA, SN BOA VIAGEM. 51030-590 Recife - PE.
26186241;ESCOLA DE REFERENCIA EM ENSINO MEDIO PROFESSOR JORDAO EMERENCIANO;-8.11946826;-34.95562477;;estadual;ativa;geral;nao;AVENIDA SANTAREM, S/N UR - 2 IBURA. COHAB. 51340-530 Recife - PE.
26128721;ESCOLA DE REFERENCIA EM ENSINO MEDIO PROFESSOR MARDONIO DE ANDRADE LIMA COELHO;-8.02107000;-34.90394500;;estadual;ativa;geral;nao;RUA CHA DE ALEGRIA, 117 BOMBA DO HEMETERIO. 52211-130 Recife - PE.
26123592;ESCOLA DE REFERENCIA EM ENSINO MEDIO PROFESSOR TRAJANO DE MENDONCA;-8.07864668;-34.94166807;;estadual;ativa;geral;nao;RUA CAPETINGA, SN JARDIM SAO PAULO. 50910-240 Recife - PE.
26127741;ESCOLA DE REFERENCIA EM ENSINO MEDIO PROFESSORA HELENA PUGO;-8.06799400;-34.93186000;;estadual;ativa;geral;nao;RUA QUINZE DE MARCO, SN SAN MARTIN. 50761-275 Recife - PE.
26122278;ESCOLA DE REFERENCIA EM ENSINO MEDIO REGUEIRA COSTA;-8.03410331;-34.89857979;;estadual;ativa;geral;nao;RUA REGUEIRA COSTA, SN ROSARINHO. 52041-050 Recife - PE.
26126613;ESCOLA DE REFERENCIA EM ENSINO MEDIO ROSA DE MAGALHAES MELO;-8.01056400;-34.90134130;;estadual;ativa;geral;nao;AV ANIBAL BENEVOLO, 1378 ALTO DO DEODATO. BEBERIBE. 52130-220 Recife - PE.
26126621;ESCOLA DE REFERENCIA EM ENSINO MEDIO ROTARY DE NOVA DESCOBERTA;-7.99914377;-34.92409215;;estadual;ativa;geral;nao;AV OTACILIO DE AZEVEDO, SN NOVA DESCOBERTA. 52081-550 Recife - PE.
26122677;ESCOLA DE REFERENCIA EM ENSINO MEDIO SANTA PAULA FRASSINETTI;-8.04068008;-34.88859267;;estadual;ativa;geral;nao;RUA GOMES PACHECO, SN ESPINHEIRO. 52021-060 Recife - PE.
26124190;ESCOLA DE REFERENCIA EM ENSINO MEDIO SANTOS DUMONT;-8.13202484;-34.90699934;;estadual;ativa;geral;nao;RUA BARAO DE SOUZA LEAO, 792 BOA VIAGEM. 51030-300 Recife - PE.
26118742;ESCOLA DE REFERENCIA EM ENSINO MEDIO SENADOR PAULO PESSOA GUERRA;-8.09279000;-34.94985167;;estadual;ativa;geral;nao;AVENIDA DOUTOR JOSE RUFINO, 2993 TEJIPIO. 50930-000 Recife - PE.
26125781;ESCOLA DE REFERENCIA EM ENSINO MEDIO SILVA JARDIM;-8.02804146;-34.92836505;;estadual;ativa;geral;nao;PRACA DO MONTEIRO, 2727 MONTEIRO. 52071-535 Recife - PE.
26121921;ESCOLA DE REFERENCIA EM ENSINO MEDIO SIZENANDO SILVEIRA;-8.05442202;-34.88159655;;estadual;ativa;geral;nao;AVENIDA JORNALISTA MARIO MELO, SN CENTRO. SANTO AMARO. 50040-010 Recife - PE.
26121948;ESCOLA DE REFERENCIA EM ENSINO MEDIO SYLVIO RABELLO;-8.05506351;-34.88090270;;estadual;ativa;geral;nao;AVENIDA JORNALISTA MARIO MELO, SN SANTO AMARO. 50040-010 Recife - PE.
26122960;ESCOLA DE REFERENCIA EM ENSINO MEDIO VIDAL DE NEGREIROS;-8.07714880;-34.91361440;;estadual;ativa;geral;nao;RUA BEZERRA DA PALMA, SN AFOGADOS. 50770-690 Recife - PE.
26474727;ESCOLA DESPERTAR - UNIDADE I;-8.04219100;-34.91050000;infantil;privada;ativa;geral;nao;RUA REAL DA TORRE, 1645 TORRE. 50710-100 Recife - PE.
26181258;ESCOLA DESPERTAR - UNIDADE II;-8.04464600;-34.90960000;fundamental_i;privada;ativa;geral;nao;RUA REAL DA TORRE, 1633 TORRE. 50710-100 Recife - PE.
26133482;ESCOLA DINAMICA;-8.06931400;-34.91867000;infantil|fundamental_i|fundamental_ii;privada;ativa;geral;nao;RUA JOAO TRAJANO DA SILVA, 164 BONGI. 50760-025 Recife - PE.
26140047;ESCOLA DIVINO SABER;-8.07318300;-34.92758000;;privada;paralisada;geral;nao;RUA DOUTOR PLACIDO DE OLIVEIRA, 181 SAN MARTIN. 50761-540 Recife - PE.
26122545;ESCOLA DOM CARLOS COELHO - RECIFE;-8.03599520;-34.88333050;fundamental_ii;estadual;ativa;geral;nao;RUA MARECHAL DEODORO, 626 - DE 533/534 AO FIM. CAMPO GRANDE. 52031-440 Recife - PE.
26173271;ESCOLA DOS ANJOS;-8.07393400;-34.92676000;infantil;privada;ativa;geral;nao;RUA MINEIROLANDIA, 287A SAN MARTIN. 50761-620 Recife - PE.
26128160;ESCOLA DOUTOR FABIO CORREA;-8.00503809;-34.89842408;fundamental_ii;estadual;ativa;geral;nao;AV. ADALBERTO ELIAS DA COSTA, SN BEBERIBE. BEBERIBE. 52131-031 Recife - PE.
26128179;ESCOLA DOUTOR FRANCISCO PESSOA DE QUEIROZ;-7.99459790;-34.91139660;fundamental_ii;estadual;ativa;geral;nao;AVENIDA HILDEBRANDO DE VASCONCELOS, S/N DOIS UNIDOS. 52140-000 Recife - PE.
26121611;ESCOLA E CURSO BANDEIRA;-8.06109000;-34.88646667;infantil|fundamental_i|fundamental_ii;privada;ativa;geral;nao;RUA DA CONCEICAO, 132 BOA VISTA. 50060-130 Recife - PE.
26128187;ESCOLA EDUCACIONAL CECILIA MEIRELLES;-8.00508500;-34.89963000;infantil|fundamental_i;privada;ativa;geral;nao;RUA URIEL DE HOLANDA, 371 LINHA DO TIRO. 52131-155 Recife - PE.
26123509;ESCOLA EDWIGES DE SA PEREIRA;-8.08988989;-34.95258871;fundamental_ii;estadual;ativa;geral;nao;RUA RIVADAVIA GUERRA, 50 TEJIPIO. 50930-080 Recife - PE.
26191857;ESCOLA ELEVA;-8.11646455;-34.90773413;infantil|fundamental_i|fundamental_ii;privada;ativa;geral;nao;RUA ALAMEDA DAS HORTENCIAS, 312 IMBIRIBEIRA. 51160-400 Recife - PE.
26124599;ESCOLA ENEIDA RABELLO;-8.13424088;-34.94129798;fundamental_ii;estadual;ativa;geral;nao;AVENIDA DONA CARENTINA, S/N JORDAO ALTO. 51260-040 Recife - PE.
26126150;ESCOLA ERUNDINA NEGREIROS DE ARAUJO;-8.00696530;-34.93624060;fundamental_ii;estadual;ativa;geral;nao;RUA ERUNDINA NEGREIROS DE ARAUJO, SN CORREGO DO JENIPAPO. 52091-078 Recife - PE.
26147378;ESCOLA ESPACO ALEGRE LTDA;-8.05934000;-34.91167000;infantil|fundamental_i;privada;ativa;geral;nao;RUA MANOEL DE ARRUDA CAMARA, 54 PRADO. 50720-140 Recife - PE.
26139189;ESCOLA ESPACO CRIATIVO;-8.01665700;-34.95374000;infantil|fundamental_i;privada;ativa;geral;nao;AVENIDA LUIS ANTONIO DE ARAUJO, 209 SITIO DOS PINTOS. 52171-130 Recife - PE.
26143143;ESCOLA ESPACO DINAMICO;-8.03279600;-34.87680000;infantil|fundamental_i|fundamental_ii;privada;ativa;geral;nao;RUA CATULO DA PAIXAO CEARENSE, 95 CAMPO GRANDE. 52031-030 Recife - PE.
26182629;ESCOLA ESTADUAL NOSSA SENHORA DAS GRACAS - RECIFE;-8.08167878;-34.96318676;;estadual;ativa;geral;nao;RUA ORFEU CARNAVAL, S/N SANCHO. 50920-690 Recife - PE.
26493829;ESCOLA EVANGELICA GIDEAO;-8.04669400;-34.92158000;infantil|fundamental_i|fundamental_ii;privada;ativa;geral;nao;RUA MANOEL ARIOSTO, 145 CORDEIRO. 50711-270 Recife - PE.
26309610;ESCOLA FELIZ SABER;-8.05683300;-34.92357000;infantil|fundamental_i;privada;ativa;geral;nao;RUA SECUNDINO CARNEIRO, PRADO. 50630-580 Recife - PE.
26127857;ESCOLA FERNANDES VIEIRA;-8.04111480;-34.93807760;fundamental_ii;estadual;ativa;geral;nao;AVENIDA CAXANGA, 3595 IPUTINGA. 50670-000 Recife - PE.
26176637;ESCOLA FLORENCIO DE SANTANA;-8.07440400;-34.91397000;;privada;paralisada;geral;nao;RUA ERNESTO CAVALCANTI, 150 AFOGADOS. 50760-002 Recife - PE.
26176807;ESCOLA FRATERNAL MARIA DE NAZARE;-8.09959900;-34.93025000;infantil|fundamental_i;privada;ativa;geral;nao;RUA GUARACI, 76 CACOTE. 50870-440 Recife - PE.
26161036;ESCOLA FUTURO CIDADAO;-8.13540200;-34.95364000;infantil|fundamental_i|fundamental_ii;privada;ativa;geral;nao;RUA MARECHAL TAUMATURGO, 23 COHAB. 51320-000 Recife - PE.
26126192;ESCOLA GABRIELA MISTRAL;-8.01400150;-34.90373120;fundamental_ii;estadual;ativa;geral;nao;RUA LADEIRA DE PEDRA, SN ALTO DO PASCOAL. AGUA FRIA. 52111-430 Recife - PE.
26172739;ESCOLA GERACAO ATUAL;-8.02644200;-34.91523000;infantil|fundamental_i|fundamental_ii;privada;ativa;geral;nao;ESTRADA DO ARRAIAL, 4341 CASA AMARELA. 52070-230 Recife - PE.
26483718;ESCOLA GERACAO DO FUTURO;-8.13907700;-34.90881000;;privada;paralisada;geral;nao;RUA ALMIRANTE BATISTA LEAO, 81 BOA VIAGEM. 51030-660 Recife - PE.
26123770;ESCOLA HEROIS DA RESTAURACAO;-8.09769347;-34.93608543;fundamental_ii;estadual;ativa;geral;nao;RUA OITICICA LINS, SN AREIAS. 50870-650 Recife - PE.
26463733;ESCOLA HERONILDA ARAGAO;-8.09026600;-34.90651000;;privada;paralisada;geral;nao;RUA DOUTOR VALDIR PESSOA, 74 IMBIRIBEIRA. 51150-070 Recife - PE.
26507730;ESCOLA INFANTIL CONVIVER;-8.00466500;-34.91199980;infantil|fundamental_i;privada;ativa;geral;nao;RUA URIEL DE, 1015 LINHA DO TIRO. 52131-155 Recife - PE.
26185067;ESCOLA INFANTIL CRIATIVA;-8.04599100;-34.90622000;infantil;privada;ativa;geral;nao;RUA CONDE DE IRAJA, 275 TORRE. 50710-310 Recife - PE.
26179989;ESCOLA INTERNACIONAL ABA;-8.03809200;-34.89995000;infantil|fundamental_i|fundamental_ii;privada;ativa;geral;nao;AVENIDA CONSELHEIRO ROSA E SILVA, 1510 AFLITOS. 52020-220 Recife - PE.
26126230;ESCOLA IRMA MAGNA;-8.00481450;-34.91635790;fundamental_ii;estadual;ativa;geral;nao;AV VEREADOR OTACILIO AZEVEDO, 288 NOVA DESCOBERTA. CASA AMARELA. 52081-550 Recife - PE.
26146622;ESCOLA JARDIM DO EDEN;-8.10782228;-34.92016031;infantil|fundamental_i;privada;ativa;geral;nao;RUA BLUMENAU, 280 IPSEP. 51350-190 Recife - PE.
26144107;ESCOLA JOANA DARC;-8.00735700;-34.89499000;infantil|fundamental_i;privada;ativa;geral;nao;AVENIDA ANIBAL BENEVOLO, 568 BEBERIBE. 52130-255 Recife - PE.
26123800;ESCOLA JOAO VERISSIMO;-8.09465600;-34.93318000;infantil|fundamental_i;privada;ativa;geral;nao;RUA CAPITAO AMADOR RODRIGUES, 23 CAAS. AREIAS. 50870-235 Recife - PE.
26121891;ESCOLA JOSE MARIA;-8.04794707;-34.88081226;fundamental_ii;estadual;ativa;geral;nao;RUA TREZE DE MAIO, SN SANTO AMARO. 50100-160 Recife - PE.
26125072;ESCOLA LANDELINO ROCHA;-8.09277333;-34.88369482;fundamental_ii;estadual;ativa;geral;nao;RUA CAPITAO REBELINHO, SN PINA. 51011-010 Recife - PE.
26156806;ESCOLA LAPIS NA MAO;-8.05624900;-34.91916000;infantil|fundamental_i;privada;ativa;geral;nao;RUA FREI TEOFILO DE VIRGOLETTA, 480 CASA. ZUMBI. 50720-660 Recife - PE.
26143135;ESCOLA LEONARDA ALVES;-8.00908200;-34.92676000;infantil|fundamental_i;privada;ativa;geral;nao;RUA ANTONIO CARNEIRO, 129 NOVA DESCOBERTA. 52090-052 Recife - PE.
26118963;ESCOLA LUIS ALVES;-8.05043000;-34.91898000;infantil|fundamental_i;privada;ativa;geral;nao;TRAVESSA RIBEIRO ROMA, 429 CASA B. ZUMBI. 50711-071 Recife - PE.
26125099;ESCOLA LUZ E SABER;-8.12869600;-34.90438000;infantil|fundamental_i;privada;ativa;geral;nao;RUA MARQUES DE VALENCA, 162 BOA VIAGEM. 51021-500 Recife - PE.
26119935;ESCOLA MADRE DE DEUS;-8.13348261;-34.90725230;infantil|fundamental_i;privada;ativa;geral;nao;RUA BELMONTE, 199 BOA VIAGEM. 51030-490 Recife - PE.
26176424;ESCOLA MARAVILHA;-8.04797900;-34.91621000;infantil|fundamental_i;privada;ativa;geral;nao;RUA DIOGO ALVARES, 159 TERREO. ZUMBI. 50711-112 Recife - PE.
26126290;ESCOLA MARIA AMALIA;-8.01401084;-34.93133023;;estadual;ativa;geral;nao;AVENIDA NORTE, 7750 MACAXEIRA. 52090-260 Recife - PE.
26119943;ESCOLA MARIA AUXILIADORA;-8.11780300;-34.95397000;infantil|fundamental_i|fundamental_ii;privada;ativa;geral;nao;RUA JAGUARIAIVA, 124 UR -02 IBURA. COHAB. 51340-250 Recife - PE.
26139642;ESCOLA MARIA DE FATIMA;-8.09047800;-34.88979000;infantil|fundamental_i;privada;ativa;geral;nao;RUA SAO BENEDITO, 59 PINA. 51011-650 Recife - PE.
26173107;ESCOLA MARIA DE FATIMA FERREIRA LTDA;-8.04608700;-34.93172000;infantil|fundamental_i;privada;ativa;geral;nao;AVENIDA MARIO ALVARES PEREIRA DE LIRA, 198 CORDEIRO. 50721-430 Recife - PE.
26153998;ESCOLA MARIA LUCENA LTDA;-8.04425400;-34.92693000;fundamental_i|fundamental_ii;privada;ativa;geral;nao;RUA DOUTOR GASTAO DA SILVEIRA, 63 CORDEIRO. 50731-125 Recife - PE.
26126753;ESCOLA MARIA LUIZA;-8.01878100;-34.92726000;infantil|fundamental_i;privada;ativa;geral;nao;RUA CARNAIBA, 29 NOVA DESCOBERTA. 52090-121 Recife - PE.
26126311;ESCOLA MATIAS DE ALBUQUERQUE;-8.02391370;-34.91360990;fundamental_ii;estadual;ativa;geral;nao;R. FERNANDO DE SOUSA CAETE, SN CASA AMARELA. CASA AMARELA. 52031-216 Recife - PE.
26181428;ESCOLA MEU CAMINHAR BOA VIAGEM;-8.12627100;-34.90411000;infantil;privada;ativa;geral;nao;RUA DOUTOR JOAO GUILHERME DE PONTES SOBRINHO, 516 BOA VIAGEM. 51021-090 Recife - PE.
26124874;ESCOLA MISSIONARIO SAO BENTO;-8.13164030;-34.94771050;fundamental_ii;estadual;ativa;geral;nao;RUA CAPITAO VICENTE CURADO, 350 COHAB. 51300-010 Recife - PE.
26119978;ESCOLA MODELADA PARA CRIANCA;-8.08448700;-34.95223000;;privada;paralisada;geral;nao;RUA PIRATININGA, 180 JARDIM SAO PAULO. 50790-340 Recife - PE.
26147416;ESCOLA MODELO DE EDUCACAO PROFISSIONAL DE PE;-8.04874000;-34.91562000;;privada;paralisada;geral;nao;RUA TOMAZ GONZAGA, ZUMBI. 50711-092 Recife - PE.
26529718;ESCOLA MODERNA GERACAO 2000;-8.08012100;-34.96430000;;privada;paralisada;geral;nao;RUA SARAPUI, 09 TOTO. 50940-350 Recife - PE.
26119986;ESCOLA MODERNA NOSSA SENHORA DO LORETO;-8.10035667;-34.88631500;fundamental_i|fundamental_ii;privada;ativa;geral;nao;RUA AMAZONAS, 360 BOA VIAGEM. 51011-065 Recife - PE.
26123533;ESCOLA MONSENHOR ALVARO NEGROMONTE;-8.08096913;-34.96858804;fundamental_ii;estadual;ativa;geral;nao;RUA ONZE DE AGOSTO, S/N TOTO. 50791-465 Recife - PE.
26121638;ESCOLA MONSENHOR FRANCISCO SALLES;-8.05656362;-34.88917884;fundamental_ii;estadual;ativa;geral;nao;AV OLIVEIRA LIMA, 1029 BOA VISTA. 50050-390 Recife - PE.
26128250;ESCOLA MONSENHOR VIANA LTDA;-8.00589571;-34.90388641;fundamental_i|fundamental_ii;privada;ativa;geral;nao;RUA MAMEDE COELHO, 374 DOIS UNIDOS. 52140-180 Recife - PE.
26125056;ESCOLA MUNDO;-8.09970024;-34.91548152;infantil|fundamental_i|fundamental_ii;privada;ativa;geral;nao;RUA VARSOVIA, 520 IMBIRIBEIRA. 51180-070 Recife - PE.
26156857;ESCOLA MUNDO DA CULTURA;-8.09519300;-34.92494000;infantil|fundamental_i;privada;ativa;geral;nao;RUA JACQUES MARITAIN, 83 VILA TAMANDARE. AREIAS. 50860-170 Recife - PE.
26288605;ESCOLA MUNDO INFANTIL;-8.11754100;-34.94701000;infantil|fundamental_i;privada;ativa;geral;nao;AVENIDA MANAUS, 137 COHAB. 51280-020 Recife - PE.
26124173;ESCOLA MUNICIPAL 14 BIS;-8.13189810;-34.90818830;infantil;municipal;ativa;geral;nao;RUA NELSON FERNANDES, SN BOA VIAGEM. 51030-230 Recife - PE.
26154846;ESCOLA MUNICIPAL 27 DE NOVEMBRO;-8.11155940;-34.95377430;infantil|fundamental_i;municipal;ativa;geral;nao;AV DOZE DE JUNHO, 1120 IBURA. COHAB. 51345-003 Recife - PE.
26124092;ESCOLA MUNICIPAL ABILIO GOMES;-8.12101830;-34.90692500;fundamental_i;municipal;ativa;geral;nao;RUA BRUNO VELOSO, S/N BOA VIAGEM. 51021-280 Recife - PE.
26128110;ESCOLA MUNICIPAL ALDA ROMEU;-8.01234600;-34.90308690;infantil|fundamental_i;municipal;ativa;geral;nao;RUA CORREGO DO DEODATO, 685 AGUA FRIA. 52211-250 Recife - PE.
26120658;ESCOLA MUNICIPAL ALMIRANTE SOARES DUTRA;-8.07899800;-34.89526000;infantil|fundamental_i;municipal;ativa;geral;nao;RUA CAMUTANGA, 180 CABANGA. 50090-380 Recife - PE.
26123380;ESCOLA MUNICIPAL ALTO DA BELA VISTA;-8.08474200;-34.96879000;fundamental_i;municipal;ativa;geral;nao;RUA ALTO DA BELA VISTA, 338 COQUEIRAL. 50791-180 Recife - PE.
26136300;ESCOLA MUNICIPAL ALTO DO MARACANA;-8.00250659;-34.90911096;infantil|fundamental_i;municipal;ativa;geral;nao;RUA VILA FLOR, 356 DOIS UNIDOS. 52150-141 Recife - PE.
26166593;ESCOLA MUNICIPAL ALTO DO PASCOAL;-8.01419134;-34.90341567;infantil|fundamental_i|fundamental_ii;municipal;ativa;geral;nao;RUA LADEIRA DE PEDRA, 1265 AGUA FRIA. 52111-430 Recife - PE.
26149370;ESCOLA MUNICIPAL ALTO DO REFUGIO IVAN NEVES;-7.99985460;-34.92523840;fundamental_i;municipal;ativa;geral;nao;RUA ALTO DO REFUGIO, 250 BREJO DE BEBERIBE. 52191-000 Recife - PE.
26125854;ESCOLA MUNICIPAL ALTO JARDIM PROGRESSO;-8.00467810;-34.92596990;infantil|fundamental_i;municipal;ativa;geral;nao;RUA ALTO JARDIM PROGRESSO, 300 NOVA DESCOBERTA. 52190-510 Recife - PE.
26139723;ESCOLA MUNICIPAL ALTO SANTA TEREZINHA;-8.00987998;-34.90295056;infantil|fundamental_i|fundamental_ii;municipal;ativa;geral;nao;AV ANIBAL BENEVOLO, SN BEBERIBE. 52130-255 Recife - PE.
26128764;ESCOLA MUNICIPAL ANA MAURICIA WANDERLEY;-8.01804300;-34.89611190;fundamental_i;municipal;ativa;geral;nao;RUA JOAO UZEDA LUNA, 813 AGUA FRIA. 52111-310 Recife - PE.
26128926;ESCOLA MUNICIPAL ANITA PAES BARRETO;-8.01482700;-34.88737000;infantil|fundamental_i;municipal;ativa;geral;nao;RUA GERONCIO FALCAO, 198 FUNDAO. 52221-010 Recife - PE.
26128659;ESCOLA MUNICIPAL ANTONIO LUIZ;-8.01787833;-34.88511000;fundamental_i;municipal;ativa;geral;nao;RUA JOAO BATISTA, 134 AGUA FRIA. 52121-080 Recife - PE.
26128772;ESCOLA MUNICIPAL ANTONIO TIBURCIO;-8.01822000;-34.90535000;fundamental_i;municipal;ativa;geral;nao;RUA TAMBOARA, 356 ALTO SANTA TEREZINHA. 52211-005 Recife - PE.
26125994;ESCOLA MUNICIPAL ARQUITETO ALEXANDRE MUNIZ DE OLIVEIRA;-7.99777160;-34.93608640;fundamental_ii;municipal;ativa;geral;nao;RUA ALTO DO VENACIO, 120 CORREGO DO JENIPAPO. 52291-023 Recife - PE.
26171716;ESCOLA MUNICIPAL ARTISTA PLASTICO CICERO DIAS;-8.13227830;-34.94969830;infantil|fundamental_i|fundamental_ii;municipal;ativa;geral;nao;RUA VALE DO CARIRI, 290 UR 05. COHAB. 51300-000 Recife - PE.
26170639;ESCOLA MUNICIPAL ASA BRANCA;-8.12407530;-34.94931210;infantil|fundamental_i;municipal;ativa;geral;nao;RUA MARIA ADELAIDE CASTELO BRANCO, 55 COHAB. COHAB. 51290-610 Recife - PE.
26120682;ESCOLA MUNICIPAL BALBINA MENELAU;-8.08313560;-34.94966110;infantil|fundamental_i;municipal;ativa;geral;nao;RUA JOAO DE ANDRADE, 82 JARDIM SAO PAULO. 50790-070 Recife - PE.
26124467;ESCOLA MUNICIPAL BEATO EUGENIO MAZENOD;-8.10183780;-34.91333450;fundamental_i;municipal;ativa;geral;nao;AV LUXEMBURGO, 303 IMBIRIBEIRA. 51180-260 Recife - PE.
26126869;ESCOLA MUNICIPAL BOA ESPERANCA;-8.01855500;-34.91967830;infantil|fundamental_i;municipal;ativa;geral;nao;RUA PEDRA BONITA, 80 VASCO DA GAMA. 52280-524 Recife - PE.
26491710;ESCOLA MUNICIPAL BOLA NA REDE;-7.96534600;-34.92318390;fundamental_i|fundamental_ii;municipal;ativa;geral;nao;RUA ARTUR ORLANDO DE ANDRADE BEZERRA, 100 GUABIRABA. 52490-220 Recife - PE.
26166623;ESCOLA MUNICIPAL CAMPINA DO BARRETO;-8.00939200;-34.88661000;infantil|fundamental_i;municipal;ativa;geral;nao;RUA VIRGILIO DE MELO FRANCO, 28 CAJUEIRO. 52221-280 Recife - PE.
26124483;ESCOLA MUNICIPAL CAPELA SANTO ANTONIO;-8.08696071;-34.90233724;fundamental_i;municipal;ativa;geral;nao;RUA SANDALO, S/N ILHA DEUS. IMBIRIBEIRA. 51150-192 Recife - PE.
26171767;ESCOLA MUNICIPAL CARLUCIO DE SOUZA CASTANHA JUNIOR;-8.12139140;-34.94645970;infantil|fundamental_i;municipal;ativa;geral;nao;AV PERNAMBUCO, S/N UR 1. COHAB. 51280-000 Recife - PE.
26123444;ESCOLA MUNICIPAL CASA DOS FERROVIARIOS;-8.09050850;-34.96574990;infantil|fundamental_i;municipal;ativa;geral;nao;RUA JOSE CORNELIO, 84 COQUEIRAL. 50791-010 Recife - PE.
26127016;ESCOLA MUNICIPAL CASARAO DO BARBALHO;-8.02885540;-34.93469680;infantil|fundamental_i;municipal;ativa;geral;nao;EST BARBALHO, 1595 IPUTINGA. 50800-290 Recife - PE.
26175363;ESCOLA MUNICIPAL CECILIA MEIRELLES;-8.01522170;-34.92941000;fundamental_i;municipal;ativa;geral;nao;RUA LINCH, 189 MADRE. MACAXEIRA. 52090-300 Recife - PE.
26127024;ESCOLA MUNICIPAL CELIA ARRAES;-8.03920830;-34.95868500;fundamental_i;municipal;ativa;geral;nao;RUA JOSE NOYA, 131 VARZEA. 50810-360 Recife - PE.
26170779;ESCOLA MUNICIPAL CHICO MENDES;-8.10326770;-34.93261870;fundamental_i;municipal;ativa;geral;nao;TRV CAMPO, S/N CACOTE. 50875-251 Recife - PE.
26419734;ESCOLA MUNICIPAL CHICO SCIENCE;-8.01323167;-34.92065667;infantil;municipal;ativa;geral;nao;RUA CATIGUA, 112 VASCO DA GAMA. 52081-110 Recife - PE.
26121972;ESCOLA MUNICIPAL CIDADAO HERBERT DE SOUZA;-8.04577600;-34.88715000;fundamental_i;municipal;ativa;geral;nao;RUA ARNOBIO MARQUES, 310 CAMPUS UPE. SANTO AMARO. 50100-130 Recife - PE.
26190079;ESCOLA MUNICIPAL CLARICE LISPECTOR;-8.10381347;-34.92570975;infantil|fundamental_i;municipal;ativa;geral;nao;RUA ERVAL, S/N IPSEP. 51350-380 Recife - PE.
26212200;ESCOLA MUNICIPAL COMPOSITOR CAPIBA;-8.03753100;-34.88403000;fundamental_i;municipal;ativa;geral;nao;RUA OTHON PARAISO, 375 TORREAO. 52030-252 Recife - PE.
26128780;ESCOLA MUNICIPAL COMPOSITOR LEVINO FERREIRA;-8.01420450;-34.90954840;infantil|fundamental_i;municipal;ativa;geral;nao;RUA CORREGO JOSE GRANDE, 1441 TERMINAL. ALTO JOSE BONIFACIO. 52080-040 Recife - PE.
26126680;ESCOLA MUNICIPAL CORREGO DA AREIA;-8.00314970;-34.93184070;fundamental_i;municipal;ativa;geral;nao;RUA CORREGO DA AREIA, 5449 NOVA DESCOBERTA. 52091-220 Recife - PE.
26126362;ESCOLA MUNICIPAL CORREGO DA BICA;-7.98525500;-34.92832000;fundamental_i;municipal;ativa;geral;nao;RUA CORREGO DA BICA, SN PASSARINHO. 52390-030 Recife - PE.
26158752;ESCOLA MUNICIPAL CORREGO DO EUCLIDES;-8.01476772;-34.91455803;infantil|fundamental_i;municipal;ativa;geral;nao;RUA TIBIRICA, 48 MORRO DA CONCEICAO. 52280-410 Recife - PE.
26171724;ESCOLA MUNICIPAL CRECHE ESCOLA MUNICIPAL JOAO AMAZONAS;-8.00221790;-34.90607680;infantil;municipal;ativa;geral;nao;RUA BELA VISTA, 284 DOIS UNIDOS. 52140-340 Recife - PE.
26127008;ESCOLA MUNICIPAL CREUSA DE FREITAS CAVALCANTI;-8.06141390;-34.93578170;fundamental_i;municipal;ativa;geral;nao;RUA EPAMINONDAS CRISTOVAO DE OLIVEIRA, S/N TORROES. 50640-520 Recife - PE.
26133837;ESCOLA MUNICIPAL CRISTIANO CORDEIRO;-8.11497450;-34.95389240;infantil|fundamental_i;municipal;ativa;geral;nao;AV SANTOS, S/N UR2. COHAB. 51340-210 Recife - PE.
26171740;ESCOLA MUNICIPAL DA GUABIRABA;-7.99341000;-34.93525220;infantil|fundamental_i;municipal;ativa;geral;nao;RUA CASSITERITA, 395 A. BREJO DA GUABIRABA. 52291-140 Recife - PE.
26153424;ESCOLA MUNICIPAL DARCY RIBEIRO;-8.04572950;-34.92074810;infantil|fundamental_i|fundamental_ii;municipal;ativa;geral;nao;RUA ODETE MONTEIRO, 450 CORDEIRO. 50711-440 Recife - PE.
26166640;ESCOLA MUNICIPAL DE AGUA FRIA;-8.01285300;-34.88086000;infantil|fundamental_i;municipal;ativa;geral;nao;RUA CRAVEIROS, 500 CAMPINA DO BARRETO. 52121-370 Recife - PE.
26166607;ESCOLA MUNICIPAL DE BEBERIBE;-8.00330850;-34.89899900;fundamental_i;municipal;ativa;geral;nao;RUA MELANIO DE BARROS CORREIA, 25 BEBERIBE. 52131-542 Recife - PE.
26166658;ESCOLA MUNICIPAL DE CASA AMARELA;-8.00080000;-34.92603000;fundamental_i;municipal;ativa;geral;nao;RUA CORREGO DA AREIA, 287 MACAXEIRA. 52191-040 Recife - PE.
26119129;ESCOLA MUNICIPAL DE DOIS RIOS;-8.12699000;-34.94486670;infantil|fundamental_i;municipal;ativa;geral;nao;RUA MARIA EVANGELISTA, 83 COHAB. 51030-330 Recife - PE.
26123550;ESCOLA MUNICIPAL DE TEJIPIO;-8.09210600;-34.96448640;fundamental_i|fundamental_ii;municipal;ativa;geral;nao;RUA TUTOIA, 165 COQUEIRAL. 50930-095 Recife - PE.
26175371;ESCOLA MUNICIPAL DEOCLECIANO OLIVEIRA DE LIMA;-7.99973333;-34.92734333;infantil;municipal;ativa;geral;nao;RUA CORREGO DA AREIA, 568 MACAXEIRA. 52091-220 Recife - PE.
26158329;ESCOLA MUNICIPAL DEPUTADO EDSON CANTARELLI;-8.12985420;-34.93874150;infantil|fundamental_i;municipal;ativa;geral;nao;RUA RUBINEIA, 49 IBURA. 51240-320 Recife - PE.
26132267;ESCOLA MUNICIPAL DEPUTADO FERNANDO SAMPAIO;-8.01141460;-34.92613120;infantil|fundamental_i;municipal;ativa;geral;nao;RUA ALTO ANTONIO FELIX, 105 NOVA DESCOBERTA. 52090-255 Recife - PE.
26128888;ESCOLA MUNICIPAL DEUS E AMOR;-8.01820970;-34.89854830;fundamental_i;municipal;ativa;geral;nao;RUA LADEIRA DE PEDRA, 395 AGUA FRIA. 52111-430 Recife - PE.
26170647;ESCOLA MUNICIPAL DIACONO ABEL GUEIROS;-8.01451187;-34.93118039;infantil|fundamental_i;municipal;ativa;geral;nao;AV NORTE MIGUEL ARRAES DE ALENCAR, 7696 MACAXEIRA. 52090-260 Recife - PE.
26155850;ESCOLA MUNICIPAL DINA DE OLIVEIRA;-8.03041910;-34.93473660;fundamental_i|fundamental_ii;municipal;ativa;geral;nao;RUA MATEUS, S/N IPUTINGA. 50731-370 Recife - PE.
26168073;ESCOLA MUNICIPAL DO BARRO;-8.08888730;-34.94241590;fundamental_i;municipal;ativa;geral;nao;RUA GUIRAGIBE, 117 BARRO. 50900-395 Recife - PE.
26122898;ESCOLA MUNICIPAL DO COQUE;-8.07158691;-34.89998646;fundamental_i;municipal;ativa;geral;nao;RUA MIRANDOPOLIS, 35 COQUE. ILHA JOANA BEZERRA. 50080-320 Recife - PE.
26120402;ESCOLA MUNICIPAL DO DOM;-8.04791110;-34.95892560;infantil|fundamental_i;municipal;ativa;geral;nao;RUA PACHECO, 115 VARZEA. 50741-120 Recife - PE.
26120704;ESCOLA MUNICIPAL DO JORDAO;-8.13904900;-34.92896000;infantil|fundamental_i;municipal;ativa;geral;nao;RUA SILVA JARDIM, 175 JORDAO. 51250-102 Recife - PE.
26120712;ESCOLA MUNICIPAL DO LEAO;-8.12151833;-34.89865833;infantil|fundamental_i;municipal;ativa;geral;nao;RUA BRUNO VELOSO, 300 BOA VIAGEM. 51021-280 Recife - PE.
26168111;ESCOLA MUNICIPAL DO PANTANAL;-8.10632250;-34.95877430;infantil|fundamental_i;municipal;ativa;geral;nao;RUA DIOGO, 240 BARRO. 51345-820 Recife - PE.
26168120;ESCOLA MUNICIPAL DO SANCHO;-8.08739500;-34.95998000;infantil|fundamental_i|fundamental_ii;municipal;ativa;geral;nao;RUA JOAO FERREIRA, 427 SANCHO. 50920-650 Recife - PE.
26122570;ESCOLA MUNICIPAL DOM HELDER CAMARA;-8.04104890;-34.88833410;infantil|fundamental_i;municipal;ativa;geral;nao;RUA PARANA, 320 ESPINHEIRO. 52021-050 Recife - PE.
26126818;ESCOLA MUNICIPAL DOM JOSE LAMARTINE SOARES;-8.00830980;-34.91945760;infantil|fundamental_i;municipal;ativa;geral;nao;RUA ALTO DO EUCALIPTO, S/N VASCO DA GAMA. 52081-070 Recife - PE.
26181940;ESCOLA MUNICIPAL DONA LUCI SILVA LIMA;-8.09873060;-34.91676840;infantil;municipal;ativa;geral;nao;AV MONACO, 1138 IMBIRIBEIRA. 51180-180 Recife - PE.
26118670;ESCOLA MUNICIPAL DOS COELHOS;-8.06872740;-34.89094110;infantil|fundamental_i|fundamental_ii;municipal;ativa;geral;nao;RUA COELHOS, 591 BOA VISTA. COELHOS. 50070-555 Recife - PE.
26119145;ESCOLA MUNICIPAL DOS REMEDIOS;-8.06884050;-34.90920470;infantil|fundamental_i;municipal;ativa;geral;nao;TRV ESTRADA DO BONGI, 91 PRADO. 50830-260 Recife - PE.
26127083;ESCOLA MUNICIPAL DOS TORROES;-8.06706280;-34.93406000;infantil|fundamental_i;municipal;ativa;geral;nao;RUA ANTONIO CORREA DE OLIVEIRA, 110 TORROES. 50761-110 Recife - PE.
26123495;ESCOLA MUNICIPAL DOUTOR ANTONIO CORREIA;-8.08886440;-34.94274250;infantil|fundamental_i;municipal;ativa;geral;nao;RUA MANUEL SALVADOR, 360 BARRO. 50900-120 Recife - PE.
26126389;ESCOLA MUNICIPAL DOUTOR CAETE;-8.00138500;-34.92770000;infantil|fundamental_i;municipal;ativa;geral;nao;RUA ALVARAES, 222 NOVA DESCOBERTA. 52190-210 Recife - PE.
26127644;ESCOLA MUNICIPAL DOUTOR EBENEZER GUEIROS;-8.03683880;-34.93300610;infantil|fundamental_i;municipal;ativa;geral;nao;RUA ALUISIO BALTAR, 69 IPUTINGA. 50680-170 Recife - PE.
26119641;ESCOLA MUNICIPAL DOUTOR RODOLFO AURELIANO;-8.04226690;-34.95628740;fundamental_ii;municipal;ativa;geral;nao;RUA JOSE AVELAR, 211 VARZEA. 50810-220 Recife - PE.
26127547;ESCOLA MUNICIPAL DOUTOR SAMUEL GONCALVES;-8.05879278;-34.91910719;fundamental_i;municipal;ativa;geral;nao;RUA AUSTRO COSTA, 227 PRADO. 50630-360 Recife - PE.
26120720;ESCOLA MUNICIPAL DRAOMIRO CHAVES AGUIAR;-8.02656400;-34.92445000;infantil|fundamental_i;municipal;ativa;geral;nao;RUA IZABEL, 655 CASA AMARELA. 52070-245 Recife - PE.
26123088;ESCOLA MUNICIPAL EDITE BRAGA;-8.07909800;-34.90509810;infantil|fundamental_i|fundamental_ii;municipal;ativa;geral;nao;RUA NICOLAU PEREIRA, 85 AFOGADOS. 50770-080 Recife - PE.
26148161;ESCOLA MUNICIPAL EDUCADOR PAULO FREIRE;-8.11037750;-34.92385750;fundamental_i|fundamental_ii;municipal;ativa;geral;nao;AV BENTO DA GAMA, 301 IPSEP. 51350-450 Recife - PE.
26166631;ESCOLA MUNICIPAL ENGENHEIRO EDINALDO MIRANDA DE OLIVEIRA;-8.03461490;-34.89258700;infantil|fundamental_i;municipal;ativa;geral;nao;RUA INACIO GALVAO DOS SANTOS, 304 ENCRUZILHADA. 52041-210 Recife - PE.
26155869;ESCOLA MUNICIPAL ENGENHEIRO HENOCH COUTINHO DE MELO;-8.08491110;-34.88376150;fundamental_i;municipal;ativa;geral;nao;RUA IVONETE FERREIRA DA SILVA, 12 PINA. 51011-685 Recife - PE.
26120674;ESCOLA MUNICIPAL ENGENHEIRO UMBERTO GONDIM;-8.08471080;-34.88420380;fundamental_i;municipal;ativa;geral;nao;RUA IVONETE FERREIRA DA SILVA, 13 PINA. 51011-685 Recife - PE.
26127377;ESCOLA MUNICIPAL ENGENHO DO MEIO;-8.05017833;-34.93948667;fundamental_i|fundamental_ii;municipal;ativa;geral;nao;RUA BOM PASTOR, 1406 ENGENHO DO MEIO. 50670-260 Recife - PE.
26190915;ESCOLA MUNICIPAL ESCOLA SANTA LUZIA;-8.08544833;-34.92828000;fundamental_i|fundamental_ii;municipal;ativa;geral;nao;RUA CALDAS FILHO, 186 ESTANCIA. 50771-335 Recife - PE.
26124955;ESCOLA MUNICIPAL ESCRITOR JOSUE DE CASTRO;-8.08442600;-34.88214000;fundamental_i;municipal;ativa;geral;nao;RUA CARAPEBA, S/N BRASILIA TEIMOSA. 51010-420 Recife - PE.
26132643;ESCOLA MUNICIPAL FERNANDO SANTA CRUZ;-8.13723170;-34.94122430;fundamental_i;municipal;ativa;geral;nao;RUA BOANERGES PEREIRA, 437 JORDAO. 51260-000 Recife - PE.
26139090;ESCOLA MUNICIPAL FLORESTAN FERNANDES;-8.11568523;-34.94248102;fundamental_ii;municipal;ativa;geral;nao;RUA RIO NOVO DO SUL, 541 IBURA. 51230-050 Recife - PE.
26124610;ESCOLA MUNICIPAL FUTURO FELIZ;-8.12644290;-34.95549230;infantil|fundamental_i;municipal;ativa;geral;nao;RUA IBIRAJA, 440 IBURA. 51330-200 Recife - PE.
26121980;ESCOLA MUNICIPAL GENERAL EMIDIO DANTAS BARRETO;-8.05096856;-34.88339068;infantil|fundamental_i;municipal;ativa;geral;nao;AV SAUDADE, 303 SANTO AMARO. 50100-200 Recife - PE.
26119617;ESCOLA MUNICIPAL GENERAL SAN MARTIN;-8.06734140;-34.92802010;fundamental_i;municipal;ativa;geral;nao;AV SAN MARTIN, 1864 SAN MARTIN. 50761-000 Recife - PE.
26177951;ESCOLA MUNICIPAL GOVERNADOR MIGUEL ARRAES DE ALENCAR;-8.09233260;-34.92559080;fundamental_i;municipal;ativa;geral;nao;AV TAPAJOS, 419 ESTANCIA. 50860-015 Recife - PE.
26127873;ESCOLA MUNICIPAL HENFIL;-8.04536480;-34.95361030;fundamental_i|fundamental_ii;municipal;ativa;geral;nao;RUA SEIS DE MARCO, 10 VARZEA. 50741-180 Recife - PE.
26145227;ESCOLA MUNICIPAL HISTORIADOR FLAVIO GUERRA;-7.98532254;-34.92994422;infantil|fundamental_i;municipal;ativa;geral;nao;RUA ALTO DA TELHA, 320 PASSARINHO. 52390-040 Recife - PE.
26120810;ESCOLA MUNICIPAL HUGO GERDAU;-8.06955800;-34.93645000;fundamental_ii;municipal;ativa;geral;nao;RUA MIZAEL DE MENDONCA, S/N SAN MARTIN. 50670-260 Recife - PE.
26168227;ESCOLA MUNICIPAL IBURA DE BAIXO;-8.11481100;-34.94291000;fundamental_i|fundamental_ii;municipal;ativa;geral;nao;RUA RIO NOVO DO SUL, 498 IBURA. 51230-050 Recife - PE.
26134010;ESCOLA MUNICIPAL INES SOARES DE LIMA;-8.12083287;-34.91245950;infantil|fundamental_i;municipal;ativa;geral;nao;RUA 14 DE NOVEMBRO, S/N IMBIRIBEIRA. 51150-380 Recife - PE.
26128950;ESCOLA MUNICIPAL IRMA TEREZINHA BATISTA PROJ NOVO VIVER;-8.01551890;-34.88239230;infantil|fundamental_i;municipal;ativa;geral;nao;RUA IGUATU, S/N CAMPINA DO BARRETO. 52121-030 Recife - PE.
26158310;ESCOLA MUNICIPAL ISAAC PEREIRA DA SILVA;-8.09339052;-34.93477118;fundamental_i;municipal;ativa;geral;nao;RUA OITICICA LINS, 211 AREIAS. 50870-650 Recife - PE.
26171732;ESCOLA MUNICIPAL JADER FIGUEIREDO DE ANDRADE SILVA;-8.04973900;-34.94194000;fundamental_i;municipal;ativa;geral;nao;AV MUCIO UCHOA CAVALCANTI, 283 ENGENHO DO MEIO. 50730-665 Recife - PE.
26125480;ESCOLA MUNICIPAL JARDIM MAURICEIA;-8.08942380;-34.91489190;fundamental_i;municipal;ativa;geral;nao;PTE DA AVENIDA NICOLAU COPERNICO, 1107 IMBIRIBEIRA. 51180-130 Recife - PE.
26170663;ESCOLA MUNICIPAL JARDIM MONTE VERDE;-8.12002397;-34.96000605;infantil|fundamental_i;municipal;ativa;geral;nao;AV CHAPADA DO ARARIPE, 51 MONT VERDE. COHAB. 51340-255 Recife - PE.
26158280;ESCOLA MUNICIPAL JARDIM UCHOA;-8.09493600;-34.93690610;fundamental_i;municipal;ativa;geral;nao;RUA JUPIATA, 211 AREIAS. AREIAS. 50780-270 Recife - PE.
26127784;ESCOLA MUNICIPAL JOAO PESSOA GUERRA;-8.05604210;-34.95831140;fundamental_i;municipal;ativa;geral;nao;RUA ISAAC BURIL, 107 VARZEA. 50741-485 Recife - PE.
26119897;ESCOLA MUNICIPAL JOAO XXIII;-8.04160190;-34.93072990;fundamental_i|fundamental_ii;municipal;ativa;geral;nao;EST CAIARA, 350 IPUTINGA. 50731-360 Recife - PE.
26132635;ESCOLA MUNICIPAL JORDAO BAIXO;-8.13082900;-34.93821000;infantil|fundamental_i;municipal;ativa;geral;nao;AV ROBERTO SILVEIRA, 51 JORDAO. 51260-340 Recife - PE.
26164361;ESCOLA MUNICIPAL JOSE MUCIO MONTEIRO;-8.12748699;-34.95292576;infantil|fundamental_i;municipal;ativa;geral;nao;AV JOAO RIO BRANCO DE LIMA, 125 COHAB. 51320-540 Recife - PE.
26126770;ESCOLA MUNICIPAL JOSEFINA MARINHO;-8.01689333;-34.91026000;infantil|fundamental_i;municipal;ativa;geral;nao;RUA CORREGO JOSE GRANDE, 1316 ALTO JOSE DO PINHO. 52080-040 Recife - PE.
26118955;ESCOLA MUNICIPAL JULIO VICENTE ALVES DE ARAUJO;-8.01914410;-34.91490650;infantil|fundamental_i;municipal;ativa;geral;nao;PRC CONCEICAO, 468 MORRO DA CONCEICAO. 52280-255 Recife - PE.
26134002;ESCOLA MUNICIPAL KARLA PATRICIA;-8.10917840;-34.89597210;infantil|fundamental_i|fundamental_ii;municipal;ativa;geral;nao;RUA EDUARDO WANDERLEY FILHO, 700 BOA VIAGEM. 51020-170 Recife - PE.
26170744;ESCOLA MUNICIPAL LADJANE BANDEIRA;-8.01438358;-34.90200497;infantil;municipal;ativa;geral;nao;RUA SEVERINO CARNEIRO, 135 ALTPASCOAL. AGUA FRIA. 52211-260 Recife - PE.
26124114;ESCOLA MUNICIPAL LAGOA ENCANTADA;-8.11991760;-34.95032140;infantil|fundamental_i|fundamental_ii;municipal;ativa;geral;nao;RUA BENIGNO JORDAO DE VASCONCELOS, S/N LAGOA ENC.. COHAB. 51280-400 Recife - PE.
26128268;ESCOLA MUNICIPAL LUIZ LUA GONZAGA;-8.05425424;-34.90985700;fundamental_i;municipal;ativa;geral;nao;RUA AURILANDIA, 54 BOMBA DO HEMETERIO. 52111-622 Recife - PE.
26121913;ESCOLA MUNICIPAL LUTADORES DO BEM;-8.04386333;-34.87724167;fundamental_i;municipal;ativa;geral;nao;RUA VIRGILIO DE MEDEIROS, 269 SANTO AMARO. 50110-400 Recife - PE.
26170671;ESCOLA MUNICIPAL MAESTRO NELSON FERREIRA;-8.12534118;-34.93589724;infantil|fundamental_i;municipal;ativa;geral;nao;RUA AVELINO CHAVES, 176 IBURA. 51240-230 Recife - PE.
26120763;ESCOLA MUNICIPAL MAGALHAES BASTOS;-8.04876100;-34.95759000;fundamental_i|fundamental_ii;municipal;ativa;geral;nao;RUA FRANCISCO LACERDA, S/N VARZEA. 50740-150 Recife - PE.
26126826;ESCOLA MUNICIPAL MANOEL ANTONIO DE FREITAS;-8.01757400;-34.90921000;infantil|fundamental_i;municipal;ativa;geral;nao;RUA JERONIMO, 147 ALTO SANTA TEREZINHA. 52080-097 Recife - PE.
26134057;ESCOLA MUNICIPAL MANOEL ROLIM;-8.08781160;-34.94828820;infantil|fundamental_i;municipal;ativa;geral;nao;1TR PAJUSSARA, 157 TEJIPIO. 50920-120 Recife - PE.
26123630;ESCOLA MUNICIPAL MARECHAL RONDON;-8.09075207;-34.95197212;fundamental_ii;municipal;ativa;geral;nao;AVJOSERUFINO, 3305 TEJIPIO. 50710-390 Recife - PE.
26126281;ESCOLA MUNICIPAL MARGARIDA DE SIQUEIRA PESSOA;-8.01789667;-34.91031500;infantil|fundamental_i;municipal;ativa;geral;nao;RUA CORREGO JOSE GRANDE, 1307 ALTO JOSE BONIFACIO. 52080-040 Recife - PE.
26124700;ESCOLA MUNICIPAL MARGARIDA SERPA COSSART;-8.11997440;-34.95555770;infantil|fundamental_i;municipal;ativa;geral;nao;RUA MECEJANA, 09 UR 2. COHAB. 51340-610 Recife - PE.
26124688;ESCOLA MUNICIPAL MARIA ADELAIDE DE BARROS;-8.13737500;-34.94875000;infantil|fundamental_i;municipal;ativa;geral;nao;RUA ALTO ERVAL NOVO, S/N COHAB UR10. COHAB. 51310-090 Recife - PE.
26153556;ESCOLA MUNICIPAL MARLUCE SANTIAGO DA SILVA;-7.98045960;-34.91775730;infantil|fundamental_i;municipal;ativa;geral;nao;AV CONCRIS, S/N PASSARINHO. 52170-010 Recife - PE.
26126672;ESCOLA MUNICIPAL MAURICIO DE NASSAU;-8.02287167;-34.92594667;fundamental_i;municipal;ativa;geral;nao;AV EURICO CHAVES, 677 ALTO DO MANDU. 52071-225 Recife - PE.
26124840;ESCOLA MUNICIPAL MENINO JESUS;-8.10027333;-34.88693333;fundamental_i;municipal;ativa;geral;nao;REF DA AV ENG DOMINGOS FERREIRA, S/N PINA. 51011-051 Recife - PE.
26175398;ESCOLA MUNICIPAL MERCIA DE ALBUQUERQUE FERREIRA;-8.06551500;-34.90622170;infantil|fundamental_i;municipal;ativa;geral;nao;RUA TABAIARES, 182 ILHA DO RETIRO. 50750-230 Recife - PE.
26419726;ESCOLA MUNICIPAL MILTON ALMEIDA DOS SANTOS;-8.11006670;-34.90979500;infantil;municipal;ativa;geral;nao;RUA ITAUBA, 227 IMBIRIBEIRA. 51150-370 Recife - PE.
26128705;ESCOLA MUNICIPAL MONSENHOR VIANA;-8.00503300;-34.89694000;fundamental_i|fundamental_ii;municipal;ativa;geral;nao;RUA TAGUATINGA, S/N BEBERIBE. 52130-260 Recife - PE.
26125706;ESCOLA MUNICIPAL MUNDO ESPERANCA;-8.01399980;-34.95661020;infantil|fundamental_i;municipal;ativa;geral;nao;EST PINTOS, 900 SITIO DOS PINTOS. 52171-050 Recife - PE.
26134049;ESCOLA MUNICIPAL NOSSA SENHORA DA PENHA;-8.12978170;-34.90485740;infantil|fundamental_i;municipal;ativa;geral;nao;RUA FRANCISCO DE BARROS BARRETO, 109 BOA VIAGEM. 51021-550 Recife - PE.
26128314;ESCOLA MUNICIPAL NOVA AURORA;-8.01800600;-34.90291000;infantil|fundamental_i;municipal;ativa;geral;nao;RUA ANTONIO MEIRA, 169 AGUA FRIA. 52111-620 Recife - PE.
26133622;ESCOLA MUNICIPAL NOVA DESCOBERTA;-7.98750910;-34.92985280;fundamental_i;municipal;ativa;geral;nao;RUA WALDETE AGRA, 100 PASSARINHO. 52390-000 Recife - PE.
26177978;ESCOLA MUNICIPAL NOVA MORADA;-8.02573167;-34.95244000;fundamental_i;municipal;ativa;geral;nao;RUA ELIANE FRAGOSO DO NASCIMENTO, 24 CAXANGA. 50980-495 Recife - PE.
26128322;ESCOLA MUNICIPAL NOVO HORIZONTE;-8.01029026;-34.89826133;infantil|fundamental_i;municipal;ativa;geral;nao;AV ANIBAL BENEVOLO, 1045 AGUA FRIA. 52130-220 Recife - PE.
26158400;ESCOLA MUNICIPAL NOVO MANGUE;-8.07519800;-34.90351000;fundamental_i;municipal;ativa;geral;nao;AV CENTRAL, 511 ILHA JOANA BEZERRA. 50080-705 Recife - PE.
26119994;ESCOLA MUNICIPAL NOVO PINA;-8.09152690;-34.88815940;infantil|fundamental_i|fundamental_ii;municipal;ativa;geral;nao;RUA EURICO VITRUVIO, 236 PINA. 51011-140 Recife - PE.
26126087;ESCOLA MUNICIPAL OCTAVIO DE MEIRA LINS;-8.01027800;-34.91641000;infantil|fundamental_i|fundamental_ii;municipal;ativa;geral;nao;RUA JOSE REBOUCAS, 141 VASCO DA GAMA. 52081-520 Recife - PE.
26128934;ESCOLA MUNICIPAL OLINDINA MONTEIRO DE OLIVEIRA FRANCA;-8.00269300;-34.90626000;fundamental_i|fundamental_ii;municipal;ativa;geral;nao;RUA BELA VISTA, 115 DOIS UNIDOS. 52140-340 Recife - PE.
26121662;ESCOLA MUNICIPAL PADRE ANTONIO HENRIQUE;-8.06154360;-34.89991840;infantil|fundamental_i|fundamental_ii;municipal;ativa;geral;nao;RUA LIVRAMENTO, 290 DERBY. 52010-065 Recife - PE.
26134350;ESCOLA MUNICIPAL PADRE DONINO;-8.03417170;-34.91958302;fundamental_i;municipal;ativa;geral;nao;PRC CASA FORTE, 442 CASA FORTE. 52061-420 Recife - PE.
26119331;ESCOLA MUNICIPAL PADRE JOSE DE ANCHIETA;-8.07333100;-34.91785860;fundamental_i|fundamental_ii;municipal;ativa;geral;nao;RUA ADOLFO TAQUIS, S/N MUSTARDINHA. 50760-080 Recife - PE.
26120780;ESCOLA MUNICIPAL PADRE JOSE MATHIAS DELGADO;-8.07904566;-34.93998580;infantil|fundamental_i;municipal;ativa;geral;nao;RUA DEVALDO BORGES, S/N JARDIM SAO PAULO. 50910-390 Recife - PE.
26125528;ESCOLA MUNICIPAL PAIS E FILHOS;-8.10380149;-34.91792756;fundamental_i;municipal;ativa;geral;nao;RUA DANCING DAYS, 21 IMBIRIBEIRA. 51180-340 Recife - PE.
26127458;ESCOLA MUNICIPAL PAPA JOAO XXIII;-8.05668667;-34.94505833;infantil|fundamental_i;municipal;ativa;geral;nao;RUA GIRUA, S/N V REDENCAO. ENGENHO DO MEIO. 50730-540 Recife - PE.
26123266;ESCOLA MUNICIPAL PAROQUIAL CRISTO REI;-8.04783570;-34.91259010;fundamental_i;municipal;ativa;geral;nao;RUA MANOEL DA COSTA, S/N TORRE. 50610-340 Recife - PE.
26157888;ESCOLA MUNICIPAL PASTOR JOSE MUNGUBA SOBRINHO;-8.13954410;-34.92879850;infantil|fundamental_i;municipal;ativa;geral;nao;RUA SILVA JARDIM, 145 JORDAO. 50750-080 Recife - PE.
26126427;ESCOLA MUNICIPAL PASTOR PAULO LEIVAS MACALAO;-8.01241800;-34.90870000;infantil|fundamental_i;municipal;ativa;geral;nao;RUA ALTEROSAS, 27 LINHA DO TIRO. 52131-410 Recife - PE.
26187957;ESCOLA MUNICIPAL PAZ E AMOR;-8.11521695;-34.92987374;infantil;municipal;ativa;geral;nao;RUA EDSON REGIS, 216 IBURA. 51220-000 Recife - PE.
26126966;ESCOLA MUNICIPAL PEDRINHO;-8.00540500;-34.92501000;infantil;municipal;ativa;geral;nao;COR ARCANJO, 118 NOVA DESCOBERTA. 52190-050 Recife - PE.
26175380;ESCOLA MUNICIPAL PEDRO ALCANTARA;-8.00255130;-34.93763120;infantil|fundamental_i;municipal;ativa;geral;nao;RUA TRES MORROS, 43 CORREGO DO JENIPAPO. 52091-190 Recife - PE.
26132249;ESCOLA MUNICIPAL PINTOR LULA CARDOSO AYRES;-8.13145830;-34.93784830;infantil|fundamental_i;municipal;ativa;geral;nao;RUA ALVARO FERRAZ, 594 QUADRA P. JORDAO. 51250-350 Recife - PE.
26170795;ESCOLA MUNICIPAL POETA CARLOS PENA FILHO;-8.08091850;-34.95504650;fundamental_i;municipal;ativa;geral;nao;AV LIBERDADE, 461 JARDIM SAO PAULO. 50920-410 Recife - PE.
26168138;ESCOLA MUNICIPAL POETA JOAO CABRAL DE MELO NETO;-8.09157100;-34.88592000;infantil|fundamental_i;municipal;ativa;geral;nao;AV ENCANTA MOCA, 377 PINA. 51011-080 Recife - PE.
26126494;ESCOLA MUNICIPAL POETA JOAQUIM CARDOSO;-8.00141800;-34.93090000;fundamental_ii;municipal;ativa;geral;nao;RUA CORREGO DA AREIA, 950 NOVA DESCOBERTA. 52091-220 Recife - PE.
26122634;ESCOLA MUNICIPAL POETA JONATAS BRAGA;-8.03700755;-34.87841722;fundamental_ii;municipal;ativa;geral;nao;RUA CAETANO, 545 CAMPO GRANDE. 52031-070 Recife - PE.
26125544;ESCOLA MUNICIPAL POETA PAULO BANDEIRA DA CRUZ;-8.12201980;-34.95545460;infantil|fundamental_i;municipal;ativa;geral;nao;RUA PANELAS, 28 UR2. COHAB. 51340-600 Recife - PE.
26177960;ESCOLA MUNICIPAL POETA SOLANO TRINDADE;-8.01873250;-34.88913270;infantil|fundamental_i;municipal;ativa;geral;nao;RUA MANOEL SILVA, 134 AGUA FRIA. 52120-520 Recife - PE.
26126419;ESCOLA MUNICIPAL PRESBITERO JOSE BEZERRA;-8.01482660;-34.93111430;infantil|fundamental_i;municipal;ativa;geral;nao;AV NORTE MIGUEL ARRAES DE ALENCAR, 7636 MACAXEIRA. 52090-260 Recife - PE.
26121050;ESCOLA MUNICIPAL PROF ELIZABETH SALES COUTINHO BARROS;-8.06740230;-34.93389770;fundamental_i;municipal;ativa;geral;nao;RUA AVERTANO ROCHA, 386 TORROES. 50760-440 Recife - PE.
26155818;ESCOLA MUNICIPAL PROF JANDIRA BOTELHO PEREIRA DA COSTA;-8.02406500;-34.87787000;infantil|fundamental_i|fundamental_ii;municipal;ativa;geral;nao;RUA FARIAS NEVES, SN CAMPO GRANDE. 52040-320 Recife - PE.
26125560;ESCOLA MUNICIPAL PROF JOSE LOURENCO DE LIMA;-8.12111900;-34.94047000;infantil|fundamental_i;municipal;ativa;geral;nao;RUA NOVA AMERICA, 168 A BELA VIS. IBURA. 51240-380 Recife - PE.
26125552;ESCOLA MUNICIPAL PROFESSOR ADAUTO PONTES;-8.13529491;-34.94487922;infantil|fundamental_i;municipal;ativa;geral;nao;RUA SERTANIA, 35 ALTO. JORDAO. 51260-390 Recife - PE.
26126516;ESCOLA MUNICIPAL PROFESSOR ADERBAL GALVAO;-8.01733010;-34.92137210;fundamental_ii;municipal;ativa;geral;nao;RUA VASCO DA GAMA, 399 VASCO DA GAMA. 52081-030 Recife - PE.
26153297;ESCOLA MUNICIPAL PROFESSOR ENALDO MANOEL DE SOUZA;-8.13480300;-34.94002000;infantil|fundamental_i|fundamental_ii;municipal;ativa;geral;nao;RUA JORACI CAMARGO, S/N ALTO. JORDAO. 51260-170 Recife - PE.
26158302;ESCOLA MUNICIPAL PROFESSOR JOAO FRANCISCO DE SOUZA;-8.03705530;-34.97340060;infantil|fundamental_i;municipal;ativa;geral;nao;RUA JORGE DA COSTA LIMA, 31 UR07. VARZEA. 50970-250 Recife - PE.
26166666;ESCOLA MUNICIPAL PROFESSOR JOSE SOARES DA SILVA;-8.00683840;-34.92327850;fundamental_i|fundamental_ii;municipal;ativa;geral;nao;RUA BOTOVI, 5785 NOVA DESCOBERTA. 52090-080 Recife - PE.
26167891;ESCOLA MUNICIPAL PROFESSOR JOSUE DE CASTRO;-8.06955466;-34.89908697;infantil;municipal;ativa;geral;nao;AV MARTIN LUTHER KING, 368 COQUE. ILHA JOANA BEZERRA. 50080-090 Recife - PE.
26158299;ESCOLA MUNICIPAL PROFESSOR JULIO DE OLIVEIRA;-8.09930210;-34.90854810;infantil|fundamental_i;municipal;ativa;geral;nao;RUA CAFESOPOLIS, S/N RUA 16. IMBIRIBEIRA. 51150-230 Recife - PE.
26124661;ESCOLA MUNICIPAL PROFESSOR MANOEL TORRES;-8.12822900;-34.91124000;fundamental_i|fundamental_ii;municipal;ativa;geral;nao;RUA JOAQUIM PINHEIRO, 225 IMBIRIBEIRA. 51030-771 Recife - PE.
26126788;ESCOLA MUNICIPAL PROFESSOR MAURO MOTA;-8.00026030;-34.93107390;infantil|fundamental_i;municipal;ativa;geral;nao;RUA ALTO DA BRASILEIRA, S/N NOVA DESCOBERTA. 52091-260 Recife - PE.
26120771;ESCOLA MUNICIPAL PROFESSOR MOACYR DE ALBUQUERQUE;-8.00151333;-34.92525167;fundamental_i;municipal;ativa;geral;nao;RUA CORREGO DA AREIA, S/N NOVA DESCOBERTA. 52191-040 Recife - PE.
26158370;ESCOLA MUNICIPAL PROFESSOR ORLANDO PARAHYM;-8.12755380;-34.94734030;infantil|fundamental_i;municipal;ativa;geral;nao;RUA VIRGILIO LUCIO, 104 UR4 1 TV.. COHAB. 51300-160 Recife - PE.
26154137;ESCOLA MUNICIPAL PROFESSOR POTIGUAR MATOS;-8.07249486;-34.92564859;infantil|fundamental_i;municipal;ativa;geral;nao;RUA VINTE E UM DE ABRIL, 2191 SAN MARTIN. 50761-350 Recife - PE.
26153599;ESCOLA MUNICIPAL PROFESSOR RICARDO GAMA;-8.00719750;-34.90430570;infantil|fundamental_i|fundamental_ii;municipal;ativa;geral;nao;RUA GUAIRA, 160 LINHA DO TIRO. 52131-210 Recife - PE.
26124815;ESCOLA MUNICIPAL PROFESSOR SIMOES BARBOSA;-8.11510690;-34.93996160;fundamental_i|fundamental_ii;municipal;ativa;geral;nao;AV DOIS RIOS, S/N IBURA. 51230-000 Recife - PE.
26154820;ESCOLA MUNICIPAL PROFESSOR SOLANO MAGALHAES;-8.08775470;-34.89334890;infantil|fundamental_i;municipal;ativa;geral;nao;AV JEMIL ASFORA, S/N PINA. 51110-200 Recife - PE.
26126117;ESCOLA MUNICIPAL PROFESSORA ALMERINDA UMBELINO DE BARROS;-8.00998300;-34.92105090;fundamental_i|fundamental_ii;municipal;ativa;geral;nao;RUA VASCO DA GAMA, S/N VASCO DA GAMA. 52081-030 Recife - PE.
26175355;ESCOLA MUNICIPAL PROFESSORA HELIA MARIA PEREIRA;-8.03685670;-34.88037330;infantil;municipal;ativa;geral;nao;RUA ALICE GOMES, 37 CAMPO GRANDE. 52031-212 Recife - PE.
26120569;ESCOLA MUNICIPAL PROFESSORA MARIA DA PAZ BRANDAO ALVES;-8.08235641;-34.96127711;infantil|fundamental_i|fundamental_ii;municipal;ativa;geral;nao;RUA FELICIDADE, 51 SANCHO. 50920-592 Recife - PE.
26123649;ESCOLA MUNICIPAL PROFESSORA PRIMITIVA DE BARROS SILVA;-8.08358160;-34.93816230;fundamental_i|fundamental_ii;municipal;ativa;geral;nao;RUA ELPIDIO CAMARA, 122 JARDIM SAO PAULO. 50781-600 Recife - PE.
26120585;ESCOLA MUNICIPAL PROFESSORA SONIA MARIA DE ARAUJO SOUZA;-8.13703151;-34.94267281;infantil|fundamental_i;municipal;ativa;geral;nao;RUA BODOCO, 2526 BAIXO. JORDAO. 51260-090 Recife - PE.
26212404;ESCOLA MUNICIPAL ROZEMAR DE MACEDO LIMA;-8.02310490;-34.91339290;infantil|fundamental_i;municipal;ativa;geral;nao;AV NORTE MIGUEL ARRAES DE ALENCAR, 5400 CASA AMARELA. 52280-680 Recife - PE.
26122600;ESCOLA MUNICIPAL SANTA CECILIA;-8.03682648;-34.88053961;fundamental_i;municipal;ativa;geral;nao;RUA ALICE GOMES, 49 CAMPO GRANDE. 52031-212 Recife - PE.
26123100;ESCOLA MUNICIPAL SANTA EDWIGES;-8.06995060;-34.90727320;fundamental_i;municipal;ativa;geral;nao;RUA JURITI, 41 AFOGADOS. 50750-590 Recife - PE.
26121077;ESCOLA MUNICIPAL SANTA MARIA;-8.02200000;-34.90865330;infantil|fundamental_i;municipal;ativa;geral;nao;RUA ACAIACA, 70 ALTO JOSE DO PINHO. 52210-240 Recife - PE.
26126583;ESCOLA MUNICIPAL SANTA MARIA GORETTI;-8.01132610;-34.91834770;infantil|fundamental_i;municipal;ativa;geral;nao;RUA MARIA GORETTI, 300 VASCO DA GAMA. 52280-640 Recife - PE.
26134379;ESCOLA MUNICIPAL SANTO AMARO SEVERINO GOMES BRIA;-8.04654750;-34.87780490;infantil|fundamental_i;municipal;ativa;geral;nao;AV NORTE MIGUEL ARRAES DE ALENCAR, 570 SANTO AMARO. 50100-000 Recife - PE.
26123673;ESCOLA MUNICIPAL SANTO ANTONIO DO CACOTE;-8.10028333;-34.92991500;infantil|fundamental_i;municipal;ativa;geral;nao;RUA GUARACI, 16 CACOTE. 50870-440 Recife - PE.
26127792;ESCOLA MUNICIPAL SAO DOMINGOS;-8.03841550;-34.93572200;fundamental_i;municipal;ativa;geral;nao;RUA MATEUS, 364 IPUTINGA. 50680-000 Recife - PE.
26125579;ESCOLA MUNICIPAL SAO FRANCISCO DE ASSIS;-8.14513631;-34.91287274;infantil|fundamental_i;municipal;ativa;geral;nao;RUA COSMORAMA, 900 BOA VIAGEM. 51030-640 Recife - PE.
26128748;ESCOLA MUNICIPAL SAO JOAO BATISTA;-8.01186000;-34.90457167;fundamental_i;municipal;ativa;geral;nao;AV ANIBAL BENEVOLO, 1800 FUNDAO. LINHA DO TIRO. 52130-220 Recife - PE.
26122014;ESCOLA MUNICIPAL SEDE DA SABEDORIA;-8.03949500;-34.87656000;infantil|fundamental_i;municipal;ativa;geral;nao;RUA ARTEMIS, 30 SANTO AMARO. 50110-470 Recife - PE.
26119170;ESCOLA MUNICIPAL SENADOR JOSE ERMIRIO DE MORAES;-8.03602150;-34.97928730;infantil|fundamental_i;municipal;ativa;geral;nao;RUA RORAIMA, 30 UR07. VARZEA. 50960-120 Recife - PE.
26167808;ESCOLA MUNICIPAL SERRA DA PRATA;-8.13136332;-34.95470963;infantil|fundamental_i;municipal;ativa;geral;nao;RUA PESSEGUEIROS, 20 UR 05. COHAB. 51330-530 Recife - PE.
26122464;ESCOLA MUNICIPAL SERVICO SOCIAL DE BELEM;-8.03260700;-34.89432970;fundamental_i;municipal;ativa;geral;nao;RUA RODOLFO DE HOLANDA, 248 ENCRUZILHADA. 52041-260 Recife - PE.
26134067;ESCOLA MUNICIPAL SEVERINA BERNADETE TEIXEIRA;-8.12465060;-34.95668850;infantil|fundamental_i;municipal;ativa;geral;nao;RUA IBICARE, 120 3 CARNEIRO. COHAB. 51330-110 Recife - PE.
26122308;ESCOLA MUNICIPAL SEVERINA LIRA;-8.02861000;-34.90041560;infantil|fundamental_i;municipal;ativa;geral;nao;RUA BOA VONTADE, 110 TAMARINEIRA. 52110-070 Recife - PE.
26170710;ESCOLA MUNICIPAL SITIO DO BERARDO;-8.05584690;-34.91409400;fundamental_i;municipal;ativa;geral;nao;RUA QUATRO DE OUTUBRO, S/N MADALENA. 50610-260 Recife - PE.
26136269;ESCOLA MUNICIPAL SITIO DO CEU;-8.04142340;-34.88048520;infantil|fundamental_i;municipal;ativa;geral;nao;RUA ANCHIETA, 85 SANTO AMARO. 50110-150 Recife - PE.
26125692;ESCOLA MUNICIPAL SOCIOLOGO GILBERTO FREYRE;-8.01084533;-34.95245068;fundamental_i|fundamental_ii;municipal;ativa;geral;nao;TRV ALTO SAO JOSE, 350 DOIS IRMAOS. 52171-269 Recife - PE.
26123304;ESCOLA MUNICIPAL SOLDADO JOSE ANTONIO DO NASCIMENTO BOA VISTA;-8.06004450;-34.90130360;infantil|fundamental_i;municipal;ativa;geral;nao;RUA CARLOS PORTO CARREIRO, 86 BOA VISTA. 50070-090 Recife - PE.
26119196;ESCOLA MUNICIPAL TRES CARNEIROS;-8.12545373;-34.95987203;infantil|fundamental_i;municipal;ativa;geral;nao;RUA IBIRAJA, 12 TRES CARNE. COHAB. 51330-190 Recife - PE.
26167840;ESCOLA MUNICIPAL UR 05;-8.13362440;-34.95027080;fundamental_i;municipal;ativa;geral;nao;RUA BARBARA HELIODORA, 48 UR 05. COHAB. 51300-441 Recife - PE.
26120283;ESCOLA MUNICIPAL VILA OPERARIA DO RECIFE;-8.12415780;-34.93636550;infantil|fundamental_i|fundamental_ii;municipal;ativa;geral;nao;1TR EMILIO MONTEIRO FONSECA, 1530 IBURA. 51240-490 Recife - PE.
26153475;ESCOLA MUNICIPAL VILA SANTA LUZIA;-8.04955667;-34.92101167;infantil|fundamental_i|fundamental_ii;municipal;ativa;geral;nao;RUA ELIZEU CAVALCANTI, 52 CORDEIRO. 50711-180 Recife - PE.
26123126;ESCOLA MUNICIPAL VILA SAO MIGUEL;-8.04964000;-34.92105690;fundamental_i;municipal;ativa;geral;nao;RUA RUBIACEA, 147 AFOGADOS. 50770-790 Recife - PE.
26121158;ESCOLA MUNICIPAL VILA SESAMO;-8.13366870;-34.95004690;fundamental_ii;municipal;ativa;geral;nao;RUA VALE DO ITAJAI, 65 UR 05. COHAB. 51320-180 Recife - PE.
26125811;ESCOLA MUNICIPAL VIRGEM PODEROSA;-8.03608000;-34.90832330;fundamental_i;municipal;ativa;geral;nao;RUA LEONARDO BEZERRA CAVALCANTI, 116 PARNAMIRIM. 52060-035 Recife - PE.
26124076;ESCOLA MUNICIPAL WALDEMAR VALENTE;-8.07604020;-34.94742570;infantil|fundamental_i;municipal;ativa;geral;nao;RUA GASTAO DE CARVALHO, 360 JARDIM SAO PAULO. 50790-355 Recife - PE.
26119200;ESCOLA MUNICIPAL ZUMBI DOS PALMARES;-8.04087980;-34.95184260;infantil|fundamental_i;municipal;ativa;geral;nao;RUA VASCONCELOS BITTENCOURT, 35 VARZEA. 50740-000 Recife - PE.
26124858;ESCOLA NOSSA SENHORA DA CONCEICAO;-8.09202834;-34.88887974;;estadual;extinta;geral;nao;RUA ARTUR LICIO, 221 PINA. 51011-150 Recife - PE.
26176548;ESCOLA NOSSA SENHORA DA PIEDADE;-8.06828800;-34.92668000;infantil|fundamental_i;privada;ativa;geral;nao;RUA DUARTE FILHO, 10 SAN MARTIN. 50761-280 Recife - PE.
26126435;ESCOLA NOSSA SENHORA DAS DORES;-8.01877400;-34.91068000;infantil|fundamental_i|fundamental_ii;privada;ativa;geral;nao;RUA PADRE OLIVEIRA, 724 ALTO JOSE DO PINHO. 52080-130 Recife - PE.
26197600;ESCOLA NOSSA SENHORA DAS GRACAS;-8.04071833;-34.91560167;infantil|fundamental_i;privada;ativa;geral;nao;RUA DE SANT ANA, 383 SANTANA. 52060-460 Recife - PE.
26457776;ESCOLA NOSSA SENHORA DAS GRACAS;-8.05750200;-34.94270000;infantil|fundamental_i|fundamental_ii;privada;ativa;geral;nao;RUA MANOEL ALVES DEUS DARA, 227 ENGENHO DO MEIO. 50730-000 Recife - PE.
26155834;ESCOLA NOSSA SENHORA DE GUADALUPE;-8.00724000;-34.93220000;infantil|fundamental_i;privada;ativa;geral;nao;RUA ANITA, 174 MACAXEIRA. 52090-371 Recife - PE.
26168170;ESCOLA NOSSO ESPACO;-8.08641300;-34.93348000;infantil|fundamental_i;privada;ativa;geral;nao;RUA MANUEL RODRIGUES PORTO, AREIAS. 50781-430 Recife - PE.
26143100;ESCOLA NOVA GERACAO;-8.03225900;-34.88844000;infantil|fundamental_i;privada;ativa;geral;nao;RUA JOAO DE CARVALHO, 175 HIPODROMO. 52041-590 Recife - PE.
26173301;ESCOLA NOVO CONTATO;-8.07048900;-34.93208000;infantil|fundamental_i|fundamental_ii;privada;ativa;geral;nao;RUA DOM EXPEDITO MOURA, 95 CS. SAN MARTIN. 50761-430 Recife - PE.
26152606;ESCOLA NOVO HORIZONTE;-8.04769200;-34.93399000;infantil|fundamental_i;privada;ativa;geral;nao;RUA VISCONDE DE ITABORAI, 555 IPUTINGA. 50721-370 Recife - PE.
26495767;ESCOLA NOVO MUNDO MAGICO;-8.11538200;-34.94803000;infantil|fundamental_i|fundamental_ii;privada;ativa;geral;nao;RUA RIO URUGUAI, 64 UR 1 IBURA. COHAB. 51280-300 Recife - PE.
26126451;ESCOLA O MUNDO DO ABC;-8.00503300;-34.93723000;;privada;extinta;geral;nao;RUA FERNANDINHO, 76 CORREGO DO JENIPAPO. 52091-615 Recife - PE.
26137992;ESCOLA O PEQUENO APRENDIZ;-8.11857000;-34.95115000;infantil|fundamental_i;privada;ativa;geral;nao;RUA DOUTOR BENIGNO JORDAO VASCONCELOS, 786 COHAB. 51280-400 Recife - PE.
26119242;ESCOLA O PEQUENOTE;-8.13057500;-34.91262000;infantil|fundamental_i;privada;ativa;geral;nao;RUA DOUTOR LUIZ CORREA DE OLIVEIRA, 455 BOA VIAGEM. 51030-205 Recife - PE.
26176742;ESCOLA OPCAO;-8.11186000;-34.94167000;infantil|fundamental_i;privada;ativa;geral;nao;RUA RIBEIRAO DO PINHAL, 212A IBURA. 51230-040 Recife - PE.
26127474;ESCOLA PADRE DEHON;-8.04132110;-34.93750410;;estadual;ativa;geral;nao;AVENIDA CAXANGA, 3560 IPUTINGA. 50731-005 Recife - PE.
26126575;ESCOLA PADRE JOAO BARBOSA;-8.01892207;-34.91616909;fundamental_ii;estadual;ativa;geral;nao;RUA DA CONCEICAO, MORRO DA CONCEICAO. 52280-041 Recife - PE.
26126460;ESCOLA PARTICULAR NOSSA SENHORA DA CONCEICAO;-8.00688200;-34.93705000;fundamental_i|fundamental_ii;privada;ativa;geral;nao;RUA DA DEMOCRACIA, 76 CORREGO DO JENIPAPO. 52091-025 Recife - PE.
26119293;ESCOLA PASTOR MUNGUBA SOBRINHO;-8.05486800;-34.93506000;;privada;paralisada;geral;nao;AVENIDA AVENIDA INACIO MONTEIRO, 1601 CORDEIRO. 50721-275 Recife - PE.
26470713;ESCOLA PATRIA UNIDA;-8.07883500;-34.92155000;infantil|fundamental_i;privada;ativa;geral;nao;RUA BONITO, 315 MANGUEIRA. 50820-020 Recife - PE.
26125218;ESCOLA PAULO FREIRE;-8.13294300;-34.93881000;infantil|fundamental_i|fundamental_ii;privada;ativa;geral;nao;RUA SUDOESTE, 35 JORDAO. 51260-130 Recife - PE.
26143720;ESCOLA PEDRO LEANDRO;-8.02232300;-34.92505000;infantil|fundamental_i;privada;ativa;geral;nao;RUA CAROLINA, 426 CASA AMARELA. 52070-480 Recife - PE.
26176564;ESCOLA PENA AZUL;-8.08216200;-34.87852000;infantil|fundamental_i;privada;ativa;geral;nao;RUA ESTRELA DO MAR, 28 CASA. BRASILIA TEIMOSA. 51010-050 Recife - PE.
26122618;ESCOLA PENSAR E CRIAR;-8.03841100;-34.89415000;infantil|fundamental_i;privada;ativa;geral;nao;RUA QUARENTA E OITO, 1013 ENCRUZILHADA. 52050-380 Recife - PE.
26173255;ESCOLA PEQUENO APRENDIZ;-8.05581100;-34.92527000;infantil|fundamental_i;privada;ativa;geral;nao;RUA WALFRIDO DE MEDEIROS, 113 CASA. CORDEIRO. 50630-600 Recife - PE.
26162822;ESCOLA PEQUENO PRINCIPE;-8.13942300;-34.92891000;;privada;paralisada;geral;nao;RUA SILVA JARDIM, CEP 50250-100, 89 JORDAO. 51250-090 Recife - PE.
26126486;ESCOLA PERALTA;-8.02900400;-34.90862000;infantil|fundamental_i;privada;ativa;geral;nao;ESTRADA DO ARRAIAL, 2926 CASA AMARELA. 52051-380 Recife - PE.
26486717;ESCOLA PINGO DE GENTE;-8.08204800;-34.94917000;infantil|fundamental_i;privada;ativa;geral;nao;AVENIDA TRINTA DE OUTUBRO, 755 JARDIM SAO PAULO. 50790-130 Recife - PE.
26528720;ESCOLA PLANETA CRIANCA;-8.06144100;-34.93016000;;privada;paralisada;geral;nao;AVENIDA ENGENHEIRO ABDIAS DE CARVALHO, 2840 CORDEIRO. 50720-635 Recife - PE.
26492741;ESCOLA PLANETA KIDS;-8.02862220;-34.91402240;infantil;privada;ativa;geral;nao;RUA DA HARMONIA, 553 CASA AMARELA. 52051-395 Recife - PE.
26475715;ESCOLA PLANO DE DEUS;-8.12696500;-34.94035000;infantil;privada;ativa;geral;nao;RUA PARAUNA, 211 IBURA. 51240-560 Recife - PE.
26182831;ESCOLA POLITEC I E II;-8.05575740;-34.89429760;;privada;paralisada;geral;nao;AVENIDA CONDE DA BOA VISTA, 1546 SOLEDADE. 50060-003 Recife - PE.
26177714;ESCOLA POLITECNICA DE SAUDE DO IMIP;-8.06675930;-34.89150910;;privada;paralisada;geral;nao;RUA DOS COELHOS, 300 BOA VISTA. COELHOS. 50070-555 Recife - PE.
26125242;ESCOLA PRIMEIRO PASSO;-8.14151495;-34.91292224;infantil;privada;ativa;geral;nao;RUA PROFESSOR AURELIO DE CASTRO CAVALCANTI, 511 BOA VIAGEM. 51130-280 Recife - PE.
26122715;ESCOLA PROF QUITERIA SENA;-8.02603876;-34.88420371;infantil|fundamental_i;privada;ativa;geral;nao;RUA MARQUES DE BAIPENDI, 463 CAMPO GRANDE. 52040-080 Recife - PE.
26134180;ESCOLA PROFESSOR JOEL PONTES;-8.08169377;-34.96319554;;estadual;ativa;geral;nao;AVENIDA LIBERDADE, S/N, S/N SANCHO. 50940-900 Recife - PE.
26128454;ESCOLA PROFESSOR JOSE DOS ANJOS;-7.98911300;-34.91674770;fundamental_ii;estadual;ativa;geral;nao;AV HILDEBRANDO DE VASCONCELOS, SN BEBERIBE. DOIS UNIDOS. 52140-000 Recife - PE.
26124807;ESCOLA PROFESSOR JOSE VICENTE BARBOSA;-8.11275680;-34.92458760;fundamental_ii;estadual;ativa;geral;nao;PRACA ALEIXO DE OLIVEIRA, SN IPSEP. 51350-440 Recife - PE.
26482711;ESCOLA PROFESSORA MARIA CRISTINA VIEIRA LTDA;-8.08386700;-34.96872000;infantil|fundamental_i;privada;ativa;geral;nao;RUA ESCADA, 25A COQUEIRAL. 50791-405 Recife - PE.
26173328;ESCOLA PROFESSORES ELANIE E CARPINTERO;-8.09847200;-34.93214000;infantil|fundamental_i|fundamental_ii;privada;ativa;geral;nao;RUA FRANCISCO DO REGO, 163 AREIAS. 50870-400 Recife - PE.
26173212;ESCOLA PROFISSIONALIZANTE ANA NERI;-8.07546000;-34.91643000;;privada;ativa;geral;nao;RUA VINTE E UM DE ABRIL, 1042 TERREO. AFOGADOS. 50820-000 Recife - PE.
26176572;ESCOLA PROFISSIONALIZANTE DE TECNICO DE ENFERMAGEM VITORIA;-8.04948200;-34.92460000;;privada;ativa;geral;nao;RUA FRANCISCO VITA, 92 CASA. CORDEIRO. 50630-190 Recife - PE.
26127237;ESCOLA REALISMO;-8.04524000;-34.92968000;;privada;paralisada;geral;nao;AVENIDA NOSSA SENHORA DA SAUDE, 56 IPUTINGA. 50731-020 Recife - PE.
26166909;ESCOLA RECANTO FELIZ;-8.02596700;-34.91924000;infantil|fundamental_i;privada;ativa;geral;nao;LARGO JOAO PESSOA, 33 CASA AMARELA. 52070-642 Recife - PE.
26123924;ESCOLA RECREIO DA TIA MARTA;-8.08355400;-34.95505000;infantil|fundamental_i;privada;ativa;geral;nao;RUA ITAPETININGA, 209 A. CURADO. 50790-410 Recife - PE.
26162865;ESCOLA REINO DO SABER;-8.09412500;-34.92400000;;privada;paralisada;geral;nao;RUA VISCONDE DE MAUA, 18 AREIAS. 50860-150 Recife - PE.
26119471;ESCOLA RELUZIR;-8.12832600;-34.93805000;;privada;extinta;geral;nao;RUA CORONEL GERALDO GOMES DE MATOS, 96 IBURA. 51240-540 Recife - PE.
26124912;ESCOLA ROBERTO SILVEIRA;-8.13659372;-34.93670363;fundamental_ii;estadual;ativa;geral;nao;AVENIDA GOVERNADOR ROBERTO SILVEIRA, 30 JORDAO BAIXO. 51250-340 Recife - PE.
26128527;ESCOLA ROTARY DO ALTO DO PASCOAL;-8.01539178;-34.90210788;fundamental_ii;estadual;ativa;geral;nao;RUA LADEIRA DE PEDRA, SN AGUA FRIA. 52111-430 Recife - PE.
26120267;ESCOLA SABER CRESCER;-8.05053700;-34.92784000;;privada;extinta;geral;nao;RUA ALAIDE, 383 CORDEIRO. 50721-080 Recife - PE.
26122669;ESCOLA SABER VIVER;-8.04182700;-34.89202000;fundamental_i;privada;ativa;geral;nao;RUA DO ESPINHEIRO, 865 ESPINHEIRO. 52020-025 Recife - PE.
26167085;ESCOLA SABOR DA INFANCIA;-7.99995300;-34.92694000;infantil|fundamental_i|fundamental_ii;privada;ativa;geral;nao;RUA CORREGO DA AREIA, 390 NOVA DESCOBERTA. 52191-040 Recife - PE.
26120151;ESCOLA SAGRADO CORACAO;-8.11816400;-34.94236000;infantil|fundamental_i|fundamental_ii;privada;ativa;geral;nao;AVENIDA DOIS RIOS, 1326 IBURA. 51230-000 Recife - PE.
26170493;ESCOLA SANTA BERNADETE;-8.01926900;-34.88157000;fundamental_i;privada;ativa;geral;nao;RUA GERINALDO ALVES, 139 CAMPINA DO BARRETO. 52121-020 Recife - PE.
26123932;ESCOLA SANTA SOFIA;-8.09649900;-34.93829000;;privada;extinta;geral;nao;RUA FERNANDO GRIZ, 143 AREIAS. 50780-350 Recife - PE.
26189020;ESCOLA SANTA TEREZINHA;-8.07444294;-34.91661759;fundamental_ii;privada;ativa;geral;nao;RUA ERNESTO CAVALCANTI, 5767 AFOGADOS. 50760-002 Recife - PE.
26128560;ESCOLA SAO FRANCISCO DE ASSIS - RN;-8.02366440;-34.89535660;fundamental_ii;estadual;ativa;geral;nao;RUA SAO BENTO, SN - LADO IMPAR. ARRUDA. 52120-080 Recife - PE.
26120208;ESCOLA SAO JORGE;-8.08696100;-34.96386000;infantil|fundamental_i|fundamental_ii;privada;ativa;geral;nao;RUA APRIGIO GUIMARAES, 840 SANCHO. 50920-722 Recife - PE.
26128586;ESCOLA SAO JUDAS TADEU;-8.02082876;-34.88093676;fundamental_ii;estadual;ativa;geral;nao;RUA MARCILIO DIAS, 591 CAMPINA DO BARRETO. 52121-155 Recife - PE.
26252600;ESCOLA SAO VICENTE DE PAULO;-8.00863500;-34.89607000;infantil|fundamental_i;privada;ativa;geral;nao;RUA FLORESTOPOLIS, 300 AGUA FRIA. 52130-360 Recife - PE.
26124939;ESCOLA SARGENTO CAMARGO;-8.11662951;-34.89401094;fundamental_ii;estadual;ativa;geral;nao;RUA ANTONIO FALCAO, 136 BOA VIAGEM. 51020-240 Recife - PE.
26445727;ESCOLA SILVA OLIVEIRA;-8.01918700;-34.91130000;fundamental_i|fundamental_ii;privada;ativa;geral;nao;LADEIRA DO BARTOLOMEU, 12 PROXIMO A AVE E TAL. MORRO DA CONCEICAO. 52280-060 Recife - PE.
26464764;ESCOLA SONHO DA MAMAE;-8.07761500;-34.93964000;;privada;paralisada;geral;nao;RUA JOAO ALVES CARNEIRO, 189 JARDIM SAO PAULO. 50910-300 Recife - PE.
26120224;ESCOLA SOUZA VERAS;-8.05136700;-34.94293000;fundamental_ii;privada;ativa;geral;nao;RUA GOVERNADOR LOPO GARRO, 875 ENGENHO DO MEIO. 50730-285 Recife - PE.
26181150;ESCOLA SOUZA VERAS ANEXO I;-8.05109300;-34.94278000;infantil|fundamental_i;privada;ativa;geral;nao;RUA GOVERNADOR LOPO GARRO, 309 ENGENHO DO MEIO. 50730-285 Recife - PE.
26191415;ESCOLA STUDIO DA CRIANCA;-8.09882520;-34.88878118;infantil|fundamental_i;privada;ativa;geral;nao;R ANTONIO PEDRO DE FIGUEIREDO, 172 BOA VIAGEM. 51011-510 Recife - PE.
26491761;ESCOLA SUA MAJESTADE;-8.05447000;-34.92638000;infantil|fundamental_i;privada;ativa;geral;nao;RUA PAES CABRAL, 710 CORDEIRO. 50630-170 Recife - PE.
26121816;ESCOLA TECNICA ESTADUAL ALMIRANTE SOARES DUTRA;-8.04722140;-34.87559990;;estadual;ativa;geral;nao;PRACA GENERAL ABREU E LIMA, 110 SANTO AMARO. 50040-210 Recife - PE.
26178230;ESCOLA TECNICA ESTADUAL CICERO DIAS;-8.12851437;-34.90761320;;estadual;ativa;geral;nao;RUA MARQUES DE VALENCA, 470 BOA VIAGEM. 51021-500 Recife - PE.
26157985;ESCOLA TECNICA ESTADUAL DE CRIATIVIDADE MUSICAL;-8.06012985;-34.88044048;;estadual;ativa;geral;nao;RUA DA AURORA, 439 BOA VISTA. 50050-000 Recife - PE.
26126125;ESCOLA TECNICA ESTADUAL DOM BOSCO - RECIFE;-8.02829833;-34.91101500;;estadual;ativa;geral;nao;ESTRADA DO ARRAIAL, 3208 - ATE 3514/3515. CASA AMARELA. 52051-380 Recife - PE.
26121751;ESCOLA TECNICA ESTADUAL GINASIO PERNAMBUCANO;-8.05176544;-34.88031180;;estadual;ativa;geral;nao;AVENIDA CRUZ CABUGA, 269 SANTO AMARO. 50040-000 Recife - PE.
26125048;ESCOLA TECNICA ESTADUAL JOAO BEZERRA;-8.08606747;-34.88288848;;estadual;ativa;geral;nao;RUA FRANCISCO VALPASSOS, SN BRASILIA TEIMOSA. 51010-370 Recife - PE.
26123819;ESCOLA TECNICA ESTADUAL MARIANO TEIXEIRA;-8.09552908;-34.93076362;;estadual;ativa;geral;nao;AVENIDA CAPITAO FELIPE FERREIRA, 171 VILA CARDEAL. AREIAS. 50870-190 Recife - PE.
26183021;ESCOLA TECNICA ESTADUAL MIGUEL BATISTA;-8.01395800;-34.93182280;;estadual;ativa;geral;nao;AVENIDA NORTE MIGUEL ARRAES DE ALENCAR, 7487 APIPUCOS. 52071-470 Recife - PE.
26179857;ESCOLA TECNICA ESTADUAL PORTO DIGITAL;-8.06259860;-34.87318990;;estadual;ativa;geral;nao;AV. RIO BRANCO, 193 BAIRRO DO RECIFE. 50030-320 Recife - PE.
26122685;ESCOLA TECNICA ESTADUAL PROFESSOR AGAMENON MAGALHAES - ETEPAM;-8.03896240;-34.89238030;;estadual;ativa;geral;nao;AVENIDA JOAO DE BARROS, 1769 ESPINHEIRO. 52021-180 Recife - PE.
26128497;ESCOLA TECNICA ESTADUAL PROFESSOR ALFREDO FREYRE;-8.02112419;-34.89260876;;estadual;ativa;geral;nao;RUA ZEFERINO AGRA, 193 AGUA FRIA. 52120-183 Recife - PE.
26188040;ESCOLA TECNICA ESTADUAL PROFESSOR ANTONIO CARLOS GOMES DA COSTA;-8.04786810;-34.88149853;;estadual;ativa;geral;nao;RUA MARQUES DO POMBAL, 702 SANTO AMARO. 50100-170 Recife - PE.
26176238;ESCOLA TECNICA ESTADUAL PROFESSOR LUCILO AVILA PESSOA;-8.04251080;-34.93576950;;estadual;ativa;geral;nao;AVENIDA CAXANGA, 3345 IPUTINGA. 50670-000 Recife - PE.
26133857;ESCOLA TECNICA LEIAUT CARIELE;-8.05593600;-34.89652000;;privada;paralisada;geral;nao;AVENIDA GOVERNADOR CARLOS DE LIMA CAVALCANTI, 168 CASA. BOA VISTA. 50070-110 Recife - PE.
26162199;ESCOLA TECNICA LEIAUT CARIELO;-8.05299920;-34.89105940;;privada;ativa;geral;nao;RUA JOAQUIM FELIPE, 119 SOLEDADE. 50050-345 Recife - PE.
26117711;ESCOLA TECNICA SENAI SANTO AMARO;-8.04727200;-34.87769000;;privada;ativa;geral;sim;AVENIDA NORTE MIGUEL ARRAES DE ALENCAR, 539 SANTO AMARO. 50100-000 Recife - PE.
26178060;ESCOLA TEMPO DE CRESCER;-8.11059000;-34.95046000;infantil|fundamental_i;privada;ativa;geral;nao;RUA ENGENHO DUAS BARRAS, 15 COHAB. 51270-590 Recife - PE.
26178150;ESCOLA TEREZA GALDINO;-8.08276600;-34.91579000;infantil|fundamental_i|fundamental_ii;privada;ativa;geral;nao;RUA TURIACU, 572 AFOGADOS. 50770-650 Recife - PE.
26154242;ESCOLA TOCA DO COELHINHO;-8.08414400;-34.95964000;;privada;paralisada;geral;nao;AVENIDA GAROTA DE IPANEMA, 1 SANCHO. 50920-680 Recife - PE.
26128616;ESCOLA TOM E JERRY;-8.01556600;-34.89228000;fundamental_i;privada;ativa;geral;nao;RUA FERNANDO DA VEIGA PESSOA, 123 FUNDAO. 52130-030 Recife - PE.
26126605;ESCOLA TOME GIBSON;-7.99229590;-34.93530760;fundamental_ii;estadual;ativa;geral;nao;AV. VEREADOR OTACILIO DE AZEVEDO, SN GUABIRABA. GUABIRABA. 52081-550 Recife - PE.
26167034;ESCOLA UNIAO COMUNITARIA;-7.99712445;-34.95639500;fundamental_i;privada;ativa;geral;nao;ESTRADA DOS MACACOS, 34 SITIO DOS MACACOS. GUABIRABA. 52291-690 Recife - PE.
26189445;ESCOLA UNIDADE;-8.04833530;-34.90804687;infantil|fundamental_i;privada;ativa;geral;nao;RUA DAVINO PONTUAL, 59 MADALENA. 50710-345 Recife - PE.
26189453;ESCOLA UNIDADE - BERCARIO;-8.04830757;-34.90799513;;privada;extinta;geral;nao;RUA COSTA GOMES, 98 MADALENA. 50710-510 Recife - PE.
26181142;ESCOLA UNIVERSO DA CRIANCA LTDA;-8.05683300;-34.92357000;infantil|fundamental_i;privada;ativa;geral;nao;RUA TEIXEIRA DE FREITAS, 63 VARZEA. 50741-170 Recife - PE.
26125277;ESCOLA UNIVERSO INFANTIL;-8.11331700;-34.94962000;infantil|fundamental_i;privada;ativa;geral;nao;RUA ENGENHO CANA BRAVA, 21 COHAB. 51270-702 Recife - PE.
26146703;ESCOLA VIANA;-8.06217500;-34.93548000;infantil|fundamental_i;privada;ativa;geral;nao;RUA JORDAO, 123 TORROES. 50640-800 Recife - PE.
26140870;ESCOLA VILA SEZAMO;-8.02117900;-34.92809000;infantil|fundamental_i|fundamental_ii;privada;ativa;geral;nao;RUA MURICI, 46 CASA AMARELA. 52071-070 Recife - PE.
26530759;ESCOLA VIRGEM DE FATIMA;-8.06928300;-34.92032000;infantil|fundamental_i;privada;ativa;geral;nao;RUA CELIA, 272 MUSTARDINHA. 50760-080 Recife - PE.
26175940;ESCOLA VISAO ATUAL;-8.00785600;-34.90684000;infantil|fundamental_i;privada;ativa;geral;nao;RUA URIEL DE HOLANDA, 1274 LINHA DO TIRO. 52130-150 Recife - PE.
26128624;ESCOLA VITOR MEIRELES;-8.01670800;-34.88395000;fundamental_i;privada;ativa;geral;nao;RUA DAS MOCAS, 1594 AGUA FRIA. 52121-070 Recife - PE.
26230615;ESCOLA WALDORF RECIFE;-8.03342800;-34.89807000;infantil|fundamental_i|fundamental_ii;privada;ativa;geral;nao;ESTRADA REAL DO POCO, 191 POCO DA PANELA. 52061-200 Recife - PE.
26457741;ESCOLINHA ARTE E MANHA;-8.08896214;-34.94385601;infantil|fundamental_i;privada;ativa;geral;nao;RUA MAGNOLIA, 120 BARRO. 50900-420 Recife - PE.
26468719;ESCOLINHA DA ELBA;-8.09223200;-34.88889000;infantil|fundamental_i;privada;ativa;geral;nao;RUA ARTUR LICIO, 257 PINA. 51011-150 Recife - PE.
26159724;ESCOLINHA MENINA FLOR;-8.01875598;-34.92461607;infantil;privada;ativa;geral;nao;RUA LUIZ CESARIO DE MELO, 362 VASCO DA GAMA. 52081-030 Recife - PE.
26480719;ESCOLINHA SABER LER LTDA;-8.08965200;-34.92267000;;privada;paralisada;geral;nao;RUA SILVEIRANIA, 121 JIQUIA. 50771-160 Recife - PE.
26123061;ESCOLINHA TIA CARMINHA;-8.08389900;-34.92814000;infantil|fundamental_i|fundamental_ii;privada;ativa;geral;nao;VILA NOSSA SENHORA DE LOURDES, 84 JIQUIA. 50865-140 Recife - PE.
26143607;ESPACO CULTURAL ARIANO SUASSUNA CENTRO EDUCACACIONAL;-8.02877600;-34.90785000;fundamental_ii;privada;ativa;geral;nao;RUA RODRIGUES SETE, 15 CASA AMARELA. 52051-230 Recife - PE.
26184290;FACULDADE BOA VIAGEM;-8.10697300;-34.91506000;;privada;extinta;geral;nao;RUA JEAN EMILLE FAVRE, 422 IMBIRIBEIRA. 51200-060 Recife - PE.
26185369;FACULDADE BOA VIAGEM IMBIRIBEIRA;-8.10697300;-34.91506000;;privada;paralisada;geral;nao;RUA JEAN EMILLE FAVRE, 422 IMBIRIBEIRA. 51200-060 Recife - PE.
26118181;GERACAO COLEGIO E CURSO;-8.04497100;-34.94840000;infantil|fundamental_i|fundamental_ii;privada;ativa;geral;nao;RUA DEPUTADO CUNHA RABELO, 1235 VARZEA. 50740-400 Recife - PE.
26152630;GGE VESTIBULARES;-8.05911800;-34.90194000;fundamental_i|fundamental_ii;privada;ativa;geral;nao;RUA BENFICA, 286/314 MADALENA. 50720-001 Recife - PE.
26164698;GRUPAO DO ALTO JORDAO;-7.99078800;-34.93066000;;privada;paralisada;geral;nao;RUA ATALAIA, 40 JORDAO ALTO. 51260-310 Recife - PE.
26176599;GRUPO COMUNITARIO DO COQUE;-8.07128500;-34.89988000;;privada;paralisada;geral;nao;RUA MIRANDOPOLIS, 113 ILHA JOANA BEZERRA. 50080-320 Recife - PE.
26153521;GRUPO DE MAES DO IPSEP - CRECHE BRASIL;-8.10572240;-34.92202140;infantil;privada;ativa;geral;sim;RUA BLUMENAU, 623 CASA A. IPSEP. 51350-190 Recife - PE.
26152819;GRUPO EDUC DO RECIFE ANGLO LIDER;-8.05294400;-34.92863000;fundamental_ii;privada;ativa;geral;nao;RUA CAMILO COLIER, 136 CORDEIRO. 50721-220 Recife - PE.
26172860;GRUPO GENESE DE ENSINO LTDA;-8.06197300;-34.89869000;;privada;paralisada;geral;nao;RUA DO PAISSANDU, 632 PAISSANDU. 52010-000 Recife - PE.
26120801;GRUPO UNIVERSITARIO REABILITACAO INFANTIL;-8.08151349;-34.90717077;;privada;ativa;sem_escolarizacao;nao;RUA BOM GOSTO, 36 AFOGADOS. 50770-170 Recife - PE.
26127563;IFPE - CAMPUS RECIFE;-8.05913962;-34.95026603;;federal;ativa;geral;nao;AVENIDA PROFESSOR LUIZ FREIRE, 500 CURADO. 50740-545 Recife - PE.
26438720;IGRA-INSTITUTO GRADUAL DE EDUCACAO PROFISSIONAL LTDA;-8.06314200;-34.87950000;;privada;paralisada;geral;nao;AVENIDA GUARARAPES, 111 ED. SULACAP. SANTO ANTONIO. 50010-000 Recife - PE.
26163900;IGREJA EVANGELICA BATISTA REMIDOS DO SENHOR;-8.12243700;-34.94432000;;privada;paralisada;geral;nao;RUA RAUL SOARES, 142 COHAB. 51290-470 Recife - PE.
26170400;INST ESP SEMEAD DA FE CRECHE MORADA DA FELICIDADE;-8.04836040;-34.94288270;infantil;privada;ativa;geral;sim;RUA REGO MONTEIRO, 90 IPUTINGA. 50670-560 Recife - PE.
26519712;INSTITUTO ALCANCE;-8.12857700;-34.94154000;infantil|fundamental_i;privada;ativa;geral;nao;RUA ROSARIO DO OESTE, IBURA. 51240-725 Recife - PE.
26435713;INSTITUTO AYLLTON SANTOS;-8.00301900;-34.89716000;infantil|fundamental_i|fundamental_ii;privada;ativa;geral;nao;AVENIDA BEBERIBE, 4628 BEBERIBE. AGUA FRIA. 52130-000 Recife - PE.
26122332;INSTITUTO CAPIBARIBE;-8.05035300;-34.90177000;infantil|fundamental_i|fundamental_ii;privada;ativa;geral;nao;RUA DAS GRACAS, 51 GRACAS. 52011-200 Recife - PE.
26139847;INSTITUTO CATARINA ROSA;-8.00097100;-34.90219000;infantil|fundamental_i;privada;ativa;geral;nao;AVENIDA HILDEBRANDO DE VASCONCELOS, 508 CASA B. BEBERIBE. 52140-000 Recife - PE.
26127911;INSTITUTO CINDERELA;-8.06829600;-34.92932000;;privada;paralisada;geral;nao;RUA MOSSORO, 252 SAN MARTIN. 50761-290 Recife - PE.
26506718;INSTITUTO CRISTAO;-8.12818300;-34.93857000;infantil|fundamental_i;privada;ativa;geral;nao;RUA RUBINEIA, 38 IBURA. 51240-320 Recife - PE.
26127938;INSTITUTO EDUCACIONAL ALEXANDRE BARROS;-8.05151300;-34.93586000;infantil|fundamental_i;privada;ativa;geral;nao;RUA SOROCABA, 233 TORROES. 50721-530 Recife - PE.
26120917;INSTITUTO EDUCACIONAL JOAO DE DEUS;-8.07880900;-34.92185000;infantil|fundamental_i|fundamental_ii;privada;ativa;geral;nao;RUA BONITO, 254 CASA. MANGUEIRA. 50820-020 Recife - PE.
26512742;INSTITUTO EDUCACIONAL MARIA DA CONCEICAO;-8.08557000;-34.88071000;infantil;privada;ativa;geral;nao;RUA ALBACORA, 333 BRASILIA TEIMOSA. 51010-120 Recife - PE.
26156741;INSTITUTO EDUCACIONAL NAARA FRANCA;-8.01621000;-34.91397000;infantil|fundamental_i;privada;ativa;geral;nao;RUA CORREGO DO EUCLIDES, 433 ALTO JOSE BONIFACIO. 52080-175 Recife - PE.
26127903;INSTITUTO EDUCACIONAL PEDRO HERMINIO;-8.05331646;-34.93796022;infantil|fundamental_i|fundamental_ii;privada;ativa;geral;nao;RUA OCIDENTAL, 560 CORDEIRO. 50721-610 Recife - PE.
26513722;INSTITUTO EDUCACIONAL SANDRA MEIRY;-7.99450300;-34.90932000;infantil;privada;ativa;geral;nao;RUA PROFESSORA MARIA DOS ANJOS MANTA, 45 DOIS UNIDOS. 52160-810 Recife - PE.
26120925;INSTITUTO EDUCACIONAL SAO SEBASTIAO;-8.06952200;-34.93263000;;privada;paralisada;geral;nao;RUA MANOEL VIEIRA, 53 CASA. SAN MARTIN. 50761-410 Recife - PE.
26173336;INSTITUTO ESCOLAR EDITE MARIA;-8.06080500;-34.93950000;infantil|fundamental_i;privada;ativa;geral;nao;RUA PROFESSOR JOSE JOAQUIM DE ALMEIDA, 30 TORROES. 50660-240 Recife - PE.
26134608;INSTITUTO ESCOLAR MARLENE ALMEIDA;-8.05512900;-34.93925000;;privada;paralisada;geral;nao;RUA LUIZ DA CAMARA CASCUDO, 294 TORROES. 50650-420 Recife - PE.
26170531;INSTITUTO ESPACO CRIATIVO;-8.00844630;-34.89173940;infantil|fundamental_i;privada;ativa;geral;nao;RUA CONSELHEIRO BARROS BARRETO, 192 PORTO DA MADEIRA. 52130-170 Recife - PE.
26178311;INSTITUTO EVANGELICO RENASCER;-8.00245600;-34.91944000;infantil|fundamental_i;privada;ativa;geral;nao;AVENIDA VEREADOR OTACILIO AZEVEDO, 1115 EM FRENTE A UPA ND. VASCO DA GAMA. 52081-550 Recife - PE.
26218208;INSTITUTO GENESIS;-8.00502400;-34.91478000;infantil|fundamental_i;privada;ativa;geral;nao;AVENIDA VEREADOR OTACILIO AZEVEDO, 366 VASCO DA GAMA. 52081-550 Recife - PE.
26127890;INSTITUTO HELENA LUBIENSKA;-8.04964800;-34.91739000;infantil|fundamental_i|fundamental_ii;privada;ativa;geral;nao;RUA PARAGUASSU, 255 ZUMBI. 50711-020 Recife - PE.
26482720;INSTITUTO INFANTIL LAPIS NA MAO;-7.98616000;-34.92590000;infantil|fundamental_i;privada;ativa;geral;nao;RUA SANTA TEREZA, 15 BREJO DA GUABIRABA. 52291-480 Recife - PE.
26125447;INSTITUTO IVONE VANDERLEY;-8.08896600;-34.88132000;fundamental_i|fundamental_ii;privada;ativa;geral;nao;RUA BRAZOPOLIS, 122 BRASILIA TEIMOSA. 51010-220 Recife - PE.
26128870;INSTITUTO JESUS DE NAZARE;-7.98112813;-34.91690726;infantil|fundamental_i;privada;ativa;geral;nao;RUA SABIA, 67 PASSARINHO. 52170-370 Recife - PE.
26133652;INSTITUTO JOANA DE OLIVEIRA;-8.08983700;-34.88663000;infantil|fundamental_i;privada;ativa;geral;nao;RUA DOZE DE JULHO, 150 PINA. 51011-100 Recife - PE.
26124033;INSTITUTO JOAO BATISTA;-8.09882800;-34.93081000;infantil|fundamental_i;privada;ativa;geral;nao;RUA GUARACI, 149 CASA. CACOTE. 50870-440 Recife - PE.
26494736;INSTITUTO KAYROS;-8.02150700;-34.90659000;infantil|fundamental_i;privada;ativa;geral;nao;RUA HORACIO SILVA, 263 CASA. ALTO JOSE DO PINHO. 52210-061 Recife - PE.
26157543;INSTITUTO MARCOS PAULO;-7.99387400;-34.93376000;infantil|fundamental_i;privada;ativa;geral;nao;RUA ITANHANDU, 56 BREJO DA GUABIRABA. 52291-090 Recife - PE.
26148986;INSTITUTO MARIA FERNANDES;-7.98951100;-34.91707000;infantil|fundamental_i;privada;ativa;geral;nao;RUA EXPEDICIONARIO JOAO MARIA, 33 DOIS UNIDOS. 52160-270 Recife - PE.
26139782;INSTITUTO NOSSA SENHORA DE FATIMA;-8.02538900;-34.88241000;;privada;paralisada;geral;nao;RUA MARQUES DE BAIPENDI, 674 CAMPO GRANDE. 52040-080 Recife - PE.
26128837;INSTITUTO NOSSA SENHORA DE LOURDES;-8.01090878;-34.88432522;infantil|fundamental_i;privada;ativa;geral;nao;AVENIDA SEBASTIAO SALAZAR, 561 CAJUEIRO. 52221-175 Recife - PE.
26124017;INSTITUTO NOSSA SENHORA DO CARMO;-8.08374500;-34.94263000;infantil|fundamental_i;privada;ativa;geral;nao;RUA ITALACY, 86 JARDIM SAO PAULO. 50910-070 Recife - PE.
26157640;INSTITUTO PAULA EMILIA LTDA ME;-8.08221700;-34.93635000;;privada;paralisada;geral;nao;RUA NOSSA SENHORA DE FATIMA, 190 JARDIM SAO PAULO. 50781-725 Recife - PE.
26139685;INSTITUTO RAQUEL DE QUEIROZ;-8.02155100;-34.92831000;infantil|fundamental_i|fundamental_ii;privada;ativa;geral;nao;RUA MANDACARU, 316 ALTO DO MANDU. 52071-115 Recife - PE.
26166690;INSTITUTO RENASCER;-8.01204300;-34.90453000;infantil|fundamental_i;privada;ativa;geral;nao;AVENIDA ANIBAL BENEVOLO, 1876 AGUA FRIA. 52130-005 Recife - PE.
26125820;INSTITUTO SANTA CRUZ;-8.03278500;-34.92014000;fundamental_i;privada;ativa;geral;nao;ESTRADA DAS UBAIAS, 596 CASA FORTE. 52061-080 Recife - PE.
26120879;INSTITUTO SANTA RITA DE CASSIA;-8.11596500;-34.93928000;infantil|fundamental_i|fundamental_ii;privada;ativa;geral;nao;RUA RIO CHUY, 115 IBURA. 51230-320 Recife - PE.
26173166;INSTITUTO SANTA RITA DE CASSIA-EXTENSAO;-8.11764700;-34.93984000;;privada;paralisada;geral;nao;RUA SANTA LEOPOLDINA, 714 IBURA. 51230-420 Recife - PE.
26121182;INSTITUTO SANTA TEREZINHA;-8.03890700;-34.93211000;infantil|fundamental_i|fundamental_ii;privada;ativa;geral;nao;RUA PEREIRA COUTINHO FILHO, 751 IPUTINGA. 50680-180 Recife - PE.
26127970;INSTITUTO SAO JOAO BATISTA;-8.07251500;-34.93206000;infantil|fundamental_i;privada;ativa;geral;nao;RUA EQUADOR, 301 SAN MARTIN. 50761-440 Recife - PE.
26139820;INSTITUTO SAO MARCOS;-8.01234400;-34.90513000;infantil|fundamental_i|fundamental_ii;privada;ativa;geral;nao;RUA SODRELANDIA, 1093 ALTO SANTA TEREZINHA. 52211-852 Recife - PE.
26172852;INVEST CENTRO EDUCACIONAL;-8.00741500;-34.89073000;fundamental_ii;privada;ativa;geral;nao;AVENIDA BEBERIBE, 3607 PORTO DA MADEIRA. 52130-547 Recife - PE.
26181703;INVEST EDUCACAO INFANTIL;-8.00809800;-34.88949000;infantil|fundamental_i;privada;ativa;geral;nao;AVENIDA BEBERIBE, 3494 PORTO DA MADEIRA. 52130-000 Recife - PE.
26147165;LAR FABIANO DE CRISTO;-8.04795950;-34.95978760;;privada;paralisada;geral;nao;AVENIDA AFONSO OLINDENSE, 1946 VARZEA. 50810-000 Recife - PE.
26156202;MD EDUCACIONAL- COLEGIO MADRE DE DEUS UNIDADE II;-8.14137097;-34.91082293;fundamental_ii;privada;ativa;geral;nao;RUA JOAO CARDOSO AIRES, 705 BOA VIAGEM. 51130-300 Recife - PE.
26170469;NIP - ESCOLA DE EDUCACAO APLICADA;-8.09578271;-34.93848676;fundamental_i|fundamental_ii;privada;ativa;geral;nao;RUA FERNANDO GRIZ, S/N AREIAS. 50780-350 Recife - PE.
26179318;NOSSO PEQUENO MUNDO;-8.09957200;-34.93063000;;privada;paralisada;geral;nao;RUA SAO BARNABE, 30 CACOTE. 50870-470 Recife - PE.
26152711;POLIEDRO COLEGIO E CURSO;-8.04819500;-34.95734000;;privada;paralisada;geral;nao;RUA FRANCISCO LACERDA, 176 VARZEA. 50741-150 Recife - PE.
26176521;PROJETO NOVO CORDEIRO;-8.05442600;-34.92507590;;privada;paralisada;geral;nao;RUA MANDIORE, 63 CORDEIRO. 50630-260 Recife - PE.
26179628;SABERES CENTRO EDUCACIONAL LTDA;-8.05233700;-34.88566000;;privada;paralisada;geral;nao;AVENIDA VISCONDE DE SUASSUNA, 475 SANTO AMARO. 50050-540 Recife - PE.
26154030;SANTOS E LOPES ENSINO FUNDAMENTAL - EIRELI;-8.04568400;-34.94205000;infantil|fundamental_i|fundamental_ii;privada;ativa;geral;nao;RUA MAURICEIA, 222 IPUTINGA. 50670-480 Recife - PE.
26160340;SENAI CENTRO DE FORMACAO PROFISSIONAL JOSEPH TURTON JUNIOR;-8.08978000;-34.93349000;;privada;ativa;geral;sim;AVENIDA DOUTOR JOSE RUFINO, 1099 AREIAS. 50870-015 Recife - PE.
26122030;SERVICO NACIONAL DE APRENDIZAGEM COMERCIAL;-8.05261738;-34.88606572;;privada;ativa;geral;nao;AVENIDA VISCONDE DE SUASSUNA, 500 SANTO AMARO. 50050-540 Recife - PE.
26162075;SERVICO SOCIAL DO COMERCIO SESC SANTO AMARO;-8.04884500;-34.88120000;fundamental_i;privada;ativa;geral;nao;RUA TREZE DE MAIO, 455 AO LADO DO CEMITERIO. SANTO AMARO. 50100-160 Recife - PE.
26167115;SESI VASCO DA GAMA;-8.01913578;-34.92156183;fundamental_ii;privada;ativa;geral;nao;RUA VASCO DA GAMA, 145 VASCO DA GAMA. 52081-005 Recife - PE.
26168014;SOC BENEFICENTE MISTA 12 DE OUTUBRO;-8.10032770;-34.93531260;infantil;privada;ativa;geral;sim;RUA ABEL MANUEL DO NASCIMENTO, 63 AREIAS. 50870-610 Recife - PE.
26122367;SOCIEDADE DE ORIENTACAO PSICOPEDAGOGICA;-8.04246925;-34.90022934;infantil|fundamental_i;privada;ativa;geral;nao;RUA ABELARDO, 131 GRACAS. 52050-310 Recife - PE.
26184958;UNIVERSIDADE SALGADO DE OLIVEIRA - CAMPUS RECIFE;-8.10207200;-34.91060000;;privada;paralisada;geral;nao;AVENIDA MARECHAL MASCARENHAS DE MORAIS, 2169 IMBIRIBEIRA. 51150-001 Recife - PE.
26125587;UPI - UNIDADE PEDAGOGICA INFANTIL LTDA;-8.12469900;-34.90760000;;privada;paralisada;geral;nao;RUA JONATHAS DE VASCONCELOS, 55 BOA VIAGEM. 51021-140 Recife - PE.
26122200;W D CENTRO EDUCACIONAL LTDA;-8.04868100;-34.90003000;infantil|fundamental_i;privada;ativa;geral;nao;RUA GERVASIO FIORAVANTE, 123 GRACAS. 52011-030 Recife - PE.
