codigo_inep;nome;latitude;longitude;ciclo;rede;situacao;atendimento;conveniada;endereco
21013837;AEVSLM COLEGIO SAO VICENTE DE PAULO;-2.54550261;-44.27135437;infantil|fundamental_i|fundamental_ii;privada;ativa;geral;nao;AVENIDA JOAO PESSOA, 204 JOAO PAULO. 65040-000 São Luís - MA.
21281840;C A S BALLUZ SERVICOS EDUCACIONAIS EIRELI;-2.50865364;-44.26129750;fundamental_i;privada;ativa;geral;nao;ALAMEDA D, 05 QUITANDINHA. 65070-630 São Luís - MA.
21017271;CC DR MARIO DINZ - JI ELEFANTINHO FELIZ;-2.55529138;-44.25724675;infantil|fundamental_i;privada;ativa;geral;nao;RUA DO MANDACARU, 8 AVENIDA. COHEB DO SACAVEM. 65043-370 São Luís - MA.
21022445;CE AMERICA DO NORTE;-2.57248152;-44.30468375;fundamental_ii;municipal;ativa;geral;nao;RUA 32 Q 45, 11 COMPLEMENTO. VILA EMBRATEL. 65081-395 São Luís - MA.
21239835;CE COM CRISTO REDENTOR;-2.56719880;-44.22742942;infantil;privada;ativa;geral;sim;RUA ELIZABETH KERTH, 6 QUADRA 94. JARDIM SAO CRISTOVAO. 65055-020 São Luís - MA.
21267413;CE COMUNITARIO CASTELINHO DO SABER;-2.52905300;-44.28593000;infantil|fundamental_i|fundamental_ii;privada;ativa;geral;sim;RUA PADRE MANOEL DE JESUS, 12 PROXIMO A DELEGACIA. LIBERDADE. 65035-400 São Luís - MA.
21265330;CE COMUNITARIO SONHO MEU;-2.57216280;-44.26523040;infantil|fundamental_i;privada;ativa;geral;sim;RUA NAPOLEAO, 11-A VILA SAO SEBASTIAO. COROADINHO. 65044-740 São Luís - MA.
21253226;CE NOSSO FUTURO;-2.59878134;-44.23229728;infantil|fundamental_i;privada;ativa;geral;sim;RUA ONZE, 13 AVENIDA TIBIRI QD 27. SAO RAIMUNDO. 65057-755 São Luís - MA.
21009929;CE PROFISSIONAL DO COROADINHO;-2.56735833;-44.26815500;infantil|fundamental_i|fundamental_ii;privada;ativa;geral;sim;RUA DA MANGUEIRA, 222 COROADINHO. 65040-820 São Luís - MA.
21263639;CE SAO FRANCISCO DE ASSIS;-2.59569500;-44.21755000;infantil|fundamental_i;privada;ativa;geral;sim;AVENIDA DA SAUDADE, 40 VILA CASCAVEL. 65057-659 São Luís - MA.
21218390;CE SAO MARCOS;-2.50906900;-44.30924000;infantil;privada;ativa;geral;sim;AVENIDA LITORANEA, 17 SAO FRANCISCO. 65076-170 São Luís - MA.
21197148;CENTRO COMUNITARIO OLHAR DE MARIA;-2.53009423;-44.28607490;infantil;privada;ativa;geral;sim;RUA PADRE MANOEL DE JESUS, 06 LIBERDADE. 65035-400 São Luís - MA.
21017085;CENTRO CULTURAL E EDUCACIONAL DA VILA EMBRATEL;-2.57013530;-44.31055590;infantil|fundamental_i|fundamental_ii;privada;ativa;geral;sim;1ª TRAVESSA SANTA TEREZA, 2 VILA EMBRATEL. 65081-407 São Luís - MA.
21019738;CENTRO DE APOIO A PRIMEIRA CRIANCA E CRECHE PRE ESCOLA VOVO ANITA;-2.56953071;-44.19404885;infantil|fundamental_i;privada;ativa;geral;sim;RUA 120, 29 UNIDADE 101. CIDADE OPERARIA. 65058-043 São Luís - MA.
21284385;CENTRO DE APRENDIZAGEM CONCEICAO DE MARIA;-2.56854167;-44.19814500;fundamental_ii;privada;ativa;geral;nao;AVENIDA 101 RUA 101, 02 CIDADE OPERARIA. 65058-021 São Luís - MA.
21018995;CENTRO DE ATENDIMENTO EDUCACIONAL ESPECIALIZADO ESCOLA ENEY SANTANA - APAE DE SAO LUIS;-2.55013566;-44.25650013;;privada;ativa;sem_escolarizacao;sim;RUA GRANJA BARRETO, 01 BARRETO. OUTEIRO DA CRUZ. 65040-620 São Luís - MA.
21395209;CENTRO DE EDUCACAO ESPECIAL NUCLEO DE ATIVIDADES DE ALTAS HABILIDADES E SUPERDOTACAO JOAOSINHO TRINT;-2.53893345;-44.22142894;;estadual;ativa;sem_escolarizacao;nao;AVENIDA JERONIMO DE ALBUQUERQUE, S/N COHAB ANIL III. 65066-690 São Luís - MA.
21240884;CENTRO DE EDUCACAO ESPECIAL PADRE JOAO MOHANA;-2.51328517;-44.25239144;fundamental_i|fundamental_ii;estadual;ativa;exclusivo_deficiencia;nao;RUA CENTO E CINCO, S/Nº VINHAIS. 65071-213 São Luís - MA.
21248443;CENTRO DE EDUCACAO ESPECIAL PROFESSORA ANA MARIA PATELLO SALDANHA;-2.52972540;-44.25200870;;estadual;ativa;sem_escolarizacao;nao;AV. B QD. 13, S/N MARANHAO NOVO. 65061-250 São Luís - MA.
21261318;CENTRO DE EDUCACAO ESPECIAL PROFESSORA MARIA DA GLORIA COSTA ARCANGELI;-2.53911410;-44.26877850;;estadual;ativa;sem_escolarizacao;nao;RUA CARLOS MACIEIRA, S/N ALEMANHA. 65036-140 São Luís - MA.
21009783;CENTRO DE ENSINO ANJO DA GUARDA;-2.56464843;-44.33585533;;estadual;ativa;geral;nao;RUA PALESTINA, SN QUADRA E. ANJO DA GUARDA. 65085-235 São Luís - MA.
21020698;CENTRO DE ENSINO ANTONIO RIBEIRO DA SILVA;-2.55859410;-44.30689840;fundamental_i|fundamental_ii;estadual;ativa;geral;nao;AV DE CONTORNO, S/N SA VIANA. 65080-030 São Luís - MA.
21016925;CENTRO DE ENSINO BARBOSA DE GODOIS;-2.53333281;-44.28059500;fundamental_ii;estadual;ativa;geral;nao;AVENIDA NEWTON BELLO, S/N MONTE CASTELO. 65035-430 São Luís - MA.
21009805;CENTRO DE ENSINO BERNARDO COELHO DE ALMEIDA;-2.52961100;-44.29293000;;estadual;ativa;geral;nao;RUA DOS REMEDIOS, 145 CENTRO. 65020-490 São Luís - MA.
21017115;CENTRO DE ENSINO CIDADE OPERARIA I;-2.57575041;-44.19833153;;estadual;ativa;geral;nao;AVENIDA ARTERIAL ESTE INTERNA, S/N UNIDADE 203. CIDADE OPERARIA. 65058-171 São Luís - MA.
21022453;CENTRO DE ENSINO COELHO NETO - TURU;-2.51573180;-44.22175940;;estadual;ativa;geral;nao;RUA GENERAL ARTUR CARVALHO, 100 TURU. 65066-320 São Luís - MA.
21022330;CENTRO DE ENSINO CONEGO RIBAMAR CARVALHO;-2.54759030;-44.22204970;fundamental_ii;estadual;ativa;geral;nao;AVENIDA AQUILES LISBOA, SN RUA 47. COHAB ANIL III. 65050-270 São Luís - MA.
21196297;CENTRO DE ENSINO CRUZEIRO DE SANTA BARBARA;-2.59500990;-44.21230929;fundamental_ii;estadual;ativa;geral;nao;RUA SAO JERONIMO, 29 CRUZEIRO DE SANTA BARBARA. 65059-820 São Luís - MA.
21219460;CENTRO DE ENSINO DE EDUCACAO DE JOVENS E ADULTOS;-2.53108680;-44.28676370;;estadual;ativa;geral;nao;AVENIDA CAMBOA, S/N CAMBOA. 65020-260 São Luís - MA.
21016356;CENTRO DE ENSINO DR ANTONIO JORGE DINO;-2.57168113;-44.22292423;;estadual;ativa;geral;nao;RUA DEZ, 15 QUADRA 115. JARDIM SAO CRISTOVAO II. 65055-376 São Luís - MA.
21196283;CENTRO DE ENSINO DR CLARINDO SANTIAGO;-2.48314336;-44.22829002;fundamental_ii;estadual;ativa;geral;nao;AVENIDA MATOS CARVALHO, SN OLHO DAGUA. 65055-340 São Luís - MA.
21022356;CENTRO DE ENSINO DR GERALDO MELO;-2.53947280;-44.21584640;fundamental_ii;estadual;ativa;geral;nao;RUA GAMA LOBO, S/N COHAB. COHAB IV. 65051-030 São Luís - MA.
21021961;CENTRO DE ENSINO ESTADO DO MATO GROSSO;-2.55281026;-44.21515256;fundamental_ii;estadual;ativa;geral;nao;ESTRADA DA MAIOBA, S/N S/N. FORQUILHA. 65054-040 São Luís - MA.
21016070;CENTRO DE ENSINO ESTADO DO RIO GRANDE DO NORTE;-2.54550060;-44.25005930;fundamental_ii;estadual;ativa;geral;nao;RUA P, S/N CONJUNTO. RADIONAL. 65047-620 São Luís - MA.
21225672;CENTRO DE ENSINO FERNANDO PERDIGAO;-2.53345300;-44.28427000;;estadual;ativa;geral;nao;AVENIDA GETULIO VARGAS, 2321 PREDIO. MONTE CASTELO. 65030-000 São Luís - MA.
21016682;CENTRO DE ENSINO GENERAL ARTUR CARVALHO;-2.54173412;-44.28030589;;estadual;ativa;geral;nao;RUA ARMANDO VIEIRA DA SILVA, 128 FATIMA. 65030-130 São Luís - MA.
21021589;CENTRO DE ENSINO GOVERNADOR ARCHER;-2.55317050;-44.26282770;;estadual;ativa;geral;nao;AVENIDA JOAO PESSOA, S/N FILIPINHO. 65042-815 São Luís - MA.
21280282;CENTRO DE ENSINO GRAU TECNICO;-2.53358200;-44.28519000;;privada;paralisada;geral;nao;AVENIDA PRINCIPAL, 22 COHAB ANIL III. 65050-005 São Luís - MA.
21022399;CENTRO DE ENSINO HAYDEE CHAVES;-2.55236800;-44.24405150;fundamental_ii;estadual;ativa;geral;nao;AVENIDA QUATRO, SN ANGELIM. 65062-530 São Luís - MA.
21016690;CENTRO DE ENSINO HUMBERTO DE CAMPOS;-2.54174158;-44.28131242;fundamental_ii;estadual;ativa;geral;nao;AVENIDA KENNEDY, SN FATIMA. 65030-002 São Luís - MA.
21016763;CENTRO DE ENSINO JACKSON LAGO;-2.54596918;-44.26999826;fundamental_ii;estadual;ativa;geral;nao;RUA SAO JOSE, S N JOAO PAULO. 65041-440 São Luís - MA.
21016704;CENTRO DE ENSINO JAPIACU;-2.56194656;-44.33081483;fundamental_ii;estadual;ativa;geral;nao;RUA LUXEMBURGO, S/N QUADRA 2. ANJO DA GUARDA. 65085-803 São Luís - MA.
21021708;CENTRO DE ENSINO JOAO EVANGELISTA SERRA DOS SANTOS;-2.50901370;-44.30783600;fundamental_ii;estadual;ativa;geral;nao;RUA 11, SN SAO FRANCISCO. 65076-735 São Luís - MA.
21018260;CENTRO DE ENSINO JOAO FRANCISCO LISBOA;-2.51047275;-44.23804745;infantil|fundamental_i;privada;ativa;geral;nao;RUA IMACULADA CONCEICAO, 53 VILA VICENTE FIALHO. 65073-500 São Luís - MA.
21194483;CENTRO DE ENSINO JOAO PAULO II;-2.50157980;-44.22381320;fundamental_ii;estadual;ativa;geral;nao;AVENIDA CINCO, S/N CONJUNTO HAB TURU. TURU. 65066-230 São Luís - MA.
21016720;CENTRO DE ENSINO JOSE GIORCELLI COSTA;-2.54037790;-44.29782580;fundamental_ii;estadual;ativa;geral;nao;AVENIDA RIBAMAR PINHEIRO, 784 MADRE DEUS. CENTRO. 65015-410 São Luís - MA.
21022089;CENTRO DE ENSINO JOSE JUSTINO PEREIRA;-2.57393950;-44.19612660;;estadual;ativa;geral;nao;AVENIDA 103 UNIDADE 103, 1349 CIDADE OPERARIA. 65058-094 São Luís - MA.
21022100;CENTRO DE ENSINO JOSUE MONTELLO;-2.55565000;-44.25627500;fundamental_ii;estadual;ativa;geral;nao;RUA DOMINGOS SALES, 40 SACAVEM. 65040-510 São Luís - MA.
21022135;CENTRO DE ENSINO JUVENCIO MATOS;-2.61410496;-44.24802133;fundamental_ii;estadual;ativa;geral;nao;RUA PRINCIPAL, S/N ESCOLA. TIBIRI. 65095-300 São Luís - MA.
21248451;CENTRO DE ENSINO LARA RIBAS;-2.55706570;-44.24744140;fundamental_ii;estadual;ativa;geral;nao;TRAVESSA SANTO ANTONIO, SN SANTO ANTONIO. 65046-590 São Luís - MA.
21009848;CENTRO DE ENSINO LICEU MARANHENSE;-2.52958670;-44.29418780;;estadual;ativa;geral;nao;PARQUE URBANO SANTOS, S/N CENTRO. 65020-180 São Luís - MA.
21022526;CENTRO DE ENSINO LUCIA CHAVES;-2.61467490;-44.26053370;fundamental_ii;estadual;ativa;geral;nao;RUA SAO RAIMUNDO, S/N VILA ESPERANCA. 65095-570 São Luís - MA.
21021848;CENTRO DE ENSINO MARIA FIRMINA DOS REIS;-2.51235040;-44.24953570;fundamental_ii;estadual;ativa;geral;nao;RUA PROFESSORA ARLETE LAGO SERRA, SN RUA 24. COHAMA. 65073-830 São Luís - MA.
21290083;CENTRO DE ENSINO MEDIO PROFISSIONALIZANTE DO MARANHAO;-2.52810407;-44.29593997;;privada;ativa;geral;nao;RUA RIO BRANCO, 323 CENTRO. 65020-490 São Luís - MA.
21010129;CENTRO DE ENSINO NERVAL LEBRE SANTIAGO;-2.52512580;-44.29117710;;estadual;ativa;geral;nao;AVENIDA 09 LOTE 2, 114 VILA COQUILHO. AREA RURAL DE SAO LUIS. 65109-899 São Luís - MA.
21017018;CENTRO DE ENSINO ODYLO COSTA FILHO;-2.55870750;-44.23407191;;estadual;ativa;geral;nao;RUA DOM LUIS REI DE FRANCA, 29 JOAO DE DEUS. 65057-400 São Luís - MA.
21248478;CENTRO DE ENSINO PARALELO LTDA;-2.51489080;-44.26047167;infantil|fundamental_i|fundamental_ii;privada;ativa;geral;nao;RUA MARJOR COLARES MOREIRA, 441 PARQUE URBANO. CENTRO. 65010-690 São Luís - MA.
21017212;CENTRO DE ENSINO PAULO FREIRE;-2.50209667;-44.22347167;;estadual;ativa;geral;nao;AVENIDA SEIS, SN CONJUNTO HABITACIONAL TURU. 65066-730 São Luís - MA.
21022186;CENTRO DE ENSINO PEDRO ALVARES CABRAL;-2.58441010;-44.19780460;;estadual;ativa;geral;nao;AVENIDA 1, S/N JARDIM AMERICA. 65058-284 São Luís - MA.
21020825;CENTRO DE ENSINO PROFESSOR EZELBERTO MARTINS;-2.63072948;-44.26713229;fundamental_ii;estadual;ativa;geral;nao;RUA EUGENIO GARCIA, 13 VILA SARNEY-MARACANA. 65090-701 São Luís - MA.
21021597;CENTRO DE ENSINO PROFESSOR JOAO PEREIRA MARTINS NETO;-2.57413020;-44.19559910;fundamental_ii;estadual;ativa;geral;nao;UNIDADE 103 AV 103, SN CIDADE OPERARIA. 65058-080 São Luís - MA.
21021600;CENTRO DE ENSINO PROFESSOR JOSE DO NASCIMENTO MORAES;-2.51336828;-44.25166635;fundamental_ii;estadual;ativa;geral;nao;AVENIDA TRES, S/N VINHAIS. 65071-020 São Luís - MA.
21022232;CENTRO DE ENSINO PROFESSOR RUBEM ALMEIDA;-2.52768296;-44.24555437;fundamental_i;estadual;ativa;geral;nao;RUA TRINTA E SEIS, SN 46. BEQUIMAO. 65062-320 São Luís - MA.
21016631;CENTRO DE ENSINO PROFESSORA JANILDE SILVA DE AQUINO;-2.53518513;-44.26998014;fundamental_ii;estadual;ativa;geral;nao;RUA LUIS DE CARVALHO, S/Nº ALEMANHA. 65036-420 São Luís - MA.
21021171;CENTRO DE ENSINO PROFESSORA MARIA DO SOCORRO ALMEIDA;-2.57569686;-44.23539642;;estadual;ativa;geral;nao;RUA DO ARAME, S/N SAO CRISTOVAO. 65055-030 São Luís - MA.
21020981;CENTRO DE ENSINO PROFESSORA MARIA DO SOCORRO ALMEIDA - ANEXO I - QUEBRA-POTE;-2.69609703;-44.21802619;;estadual;ativa;geral;nao;AV PRINCIPAL, 27 QUEBRA POTE. 65095-020 São Luís - MA.
21240744;CENTRO DE ENSINO PROFESSORA MARIA HELENA ROCHA;-2.67742400;-44.27678430;;estadual;ativa;geral;nao;RUA PRINCIPAL, MARACANA. ITAPERA. 65092-115 São Luís - MA.
21225656;CENTRO DE ENSINO PROFESSORA ROSA CASTRO;-2.59106130;-44.22661380;;estadual;ativa;geral;nao;RUA DO MURO, S/N PONTAL DA ILHA. SAO RAIMUNDO. 65057-642 São Luís - MA.
21240930;CENTRO DE ENSINO PROFISSIONALIZANTE DE ARTES CENICAS DO MARANHAO;-2.52653150;-44.30151960;;estadual;ativa;geral;nao;AVENIDA DOM JOSE DELGADO, S/N CARATATIUA. 65036-810 São Luís - MA.
21022585;CENTRO DE ENSINO RENASCENCA;-2.50818990;-44.29453450;fundamental_ii;estadual;ativa;geral;nao;RUA DAS LARANJEIRAS, S/N JARDIM RENASCENCA. 65075-250 São Luís - MA.
21017239;CENTRO DE ENSINO RENATO ARCHER;-2.62924800;-44.28753130;;estadual;ativa;geral;nao;RUA PRINCIPAL, S/N MARACANA. 65090-872 São Luís - MA.
21022607;CENTRO DE ENSINO SALIM BRAID;-2.75765130;-44.35128440;;estadual;ativa;geral;nao;RUA DO POSTO MEDICO, 2002 BR 135 KM 23. ESTIVA. 65093-330 São Luís - MA.
21021252;CENTRO DE ENSINO SANTA BARBARA;-2.61346580;-44.21651390;fundamental_ii;estadual;ativa;geral;nao;RUA 13 DE MAIO, 10 SANTA BARBARA. 65059-835 São Luís - MA.
21021716;CENTRO DE ENSINO SANTA TERESA;-2.57795700;-44.20550820;fundamental_ii;estadual;ativa;geral;nao;RUA 205 NO, 23 UNIDADE 205. CIDADE OPERARIA. 65058-150 São Luís - MA.
21017123;CENTRO DE ENSINO SAO CRISTOVAO;-2.57726550;-44.24062560;;estadual;ativa;geral;nao;AVENIDA GUAJAJARAS, 90 SAO CRISTOVAO. 65055-285 São Luís - MA.
21258880;CENTRO DE ENSINO SAO CRISTOVAO - ANEXO III - SAO BERNARDO;-2.56056410;-44.22009970;;estadual;ativa;geral;nao;RUA SAO FRANCISCO, 28 SAO BERNARDO. 65056-220 São Luís - MA.
21017140;CENTRO DE ENSINO SAO JOSE OPERARIO;-2.57361810;-44.19809480;;estadual;ativa;geral;nao;AVENIDA DIVINA PROVIDENCIA, 100 UNIDADE 203,. CIDADE OPERARIA. 65058-172 São Luís - MA.
21016887;CENTRO DE ENSINO SOTERO DOS REIS;-2.53557064;-44.29785619;fundamental_ii;estadual;ativa;geral;nao;RUA SAO PANTALEAO, S/N EM FRENTE A IGREJA. CENTRO. 65015-460 São Luís - MA.
21017190;CENTRO DE ENSINO VICENTE MAIA;-2.56327178;-44.33295356;;estadual;ativa;geral;nao;RUA ESTADOS UNIDOS, 01 ANJO DA GUARDA. 65085-250 São Luís - MA.
21225630;CENTRO DE ENSINO VINICIUS DE MORAES;-2.49086275;-44.22650922;;estadual;ativa;geral;nao;TRAVESSA BOA ESPERANCA, SN OLHO DAGUA. 65067-410 São Luís - MA.
21022437;CENTRO DE ENSINO VIRIATO CORREA;-2.53821230;-44.23487860;fundamental_ii;estadual;ativa;geral;nao;RUA DO PIQUIZEIRO, S/N CRUZEIRO DO ANIL. 65060-480 São Luís - MA.
21240965;CENTRO DE FORMACAO DE ENFERMAGEM ANA NERY LTDA;-2.52503700;-44.29585299;;privada;ativa;geral;nao;RUA RIO BRANCO, 14 CENTRO. 65020-490 São Luís - MA.
21279420;CENTRO DE MAES SAGRADO CORACAO DE JESUS;-2.57354041;-44.22838186;infantil;privada;ativa;geral;sim;RUA SAO CRISTOVAO, 9 RUA FE EM DEUS. JARDIM SAO CRISTOVAO. 65055-570 São Luís - MA.
21017093;CENTRO EDUCA MAIS ALMIRANTE TAMANDARE;-2.54659070;-44.21402640;;estadual;ativa;geral;nao;RUA RUBEM TAVARES, COHAB ANIL IV. 65051-000 São Luís - MA.
21016933;CENTRO EDUCA MAIS BENEDITO LEITE;-2.52659310;-44.29985620;;estadual;ativa;geral;nao;PRACA ANTONIO LOBO, S/N CENTRO. 65010-050 São Luís - MA.
21010102;CENTRO EDUCA MAIS CIDADE OPERARIA II;-2.56853090;-44.20598690;;estadual;ativa;geral;nao;RUA 201, 03 UNIDADE 201 SO. CIDADE OPERARIA. 65058-221 São Luís - MA.
21009864;CENTRO EDUCA MAIS COELHO NETO;-2.54412310;-44.26575980;;estadual;ativa;geral;nao;RUA JORGE DAMOUS, S/N IVAR SALDANHA. 65040-770 São Luís - MA.
21021929;CENTRO EDUCA MAIS CRUZEIRO DO SUL;-2.54887997;-44.32987819;;estadual;ativa;geral;nao;ESTRADA DA VILA NOVA, SN VILA NOVA. 65085-470 São Luís - MA.
21228353;CENTRO EDUCA MAIS DAYSE GALVAO DE SOUSA;-2.56473060;-44.31081562;;estadual;ativa;geral;nao;AV DO CONTORNO, SN VILA EMBRATEL. 65085-470 São Luís - MA.
21022364;CENTRO EDUCA MAIS DESEMBARGADOR EMESIO DARIO DE ARAUJO;-2.48827690;-44.21563930;;estadual;ativa;geral;nao;AVENIDA SOL NASCENTE, SN SOL E MAR. 65068-212 São Luís - MA.
21213640;CENTRO EDUCA MAIS DORILENE SILVA CASTRO;-2.56571900;-44.26721190;;estadual;ativa;geral;nao;RUA DOM PEDRO II, 0 ALTO BELA VISTA. COROADINHO. 65044-420 São Luís - MA.
21016640;CENTRO EDUCA MAIS ESTADO DO AMAZONAS;-2.54679800;-44.28366000;;estadual;ativa;geral;nao;RUA DOUTOR NEWTON BELLO, S/N FATIMA. 65030-500 São Luís - MA.
21017107;CENTRO EDUCA MAIS ESTEFANIA ROSA DA SILVA;-2.50082460;-44.22314040;;estadual;ativa;geral;nao;RUA DEZOITO, S/N CONJUNTO HABITACIONAL TURU. 65066-820 São Luís - MA.
21011133;CENTRO EDUCA MAIS JOAO FRANCISCO LISBOA;-2.53358867;-44.29159337;;estadual;ativa;geral;nao;RUA OSWALDO CRUZ, S/N CENTRO. 65020-251 São Luís - MA.
21020949;CENTRO EDUCA MAIS JOAQUIM GOMES DE SOUSA;-2.54215050;-44.21945580;fundamental_ii;estadual;ativa;geral;nao;RUA CORREIA FRIAS, S/N COHAB ANIL III. 65050-600 São Luís - MA.
21022127;CENTRO EDUCA MAIS JULIO DE MESQUITA FILHO;-2.53606740;-44.22143310;;estadual;ativa;geral;nao;AVENIDA ALUIZIO AZEVEDO, S/N 1º CONJUNTO. COHAB ANIL I. 65050-140 São Luís - MA.
21021058;CENTRO EDUCA MAIS MARIA JOSE ARAGAO;-2.58317760;-44.19968520;;estadual;ativa;geral;nao;RUA 205 SE, SN UNIDADE 205. CIDADE OPERARIA. 65058-004 São Luís - MA.
21021643;CENTRO EDUCA MAIS MENINO JESUS DE PRAGA;-2.57683570;-44.20506040;;estadual;ativa;geral;nao;RUA 203 NO, 50 UNIDADE 203. CIDADE OPERARIA. 65058-205 São Luís - MA.
21016283;CENTRO EDUCA MAIS PADRE JOSE BRAULIO SOUSA AYRES;-2.60263176;-44.18305424;;estadual;ativa;geral;nao;RUA NOVE, S/N QD 100 BLC B. CIDADE OLIMPICA. 65058-526 São Luís - MA.
21257582;CENTRO EDUCA MAIS PAULO VI;-2.57471330;-44.20649130;;estadual;ativa;geral;nao;AVENIDA OESTE EXTERNA, UND. 203, S/N CAMPUS DA UEMA. CIDADE OPERARIA. 65058-172 São Luís - MA.
21213593;CENTRO EDUCA MAIS PROFESSOR IGNACIO RANGEL;-2.56516270;-44.20181600;;estadual;ativa;geral;nao;AVENIDA ARTERIAL NORTE EXTERNA, S/Nº CIDADE OPERARIA. 65058-010 São Luís - MA.
21016950;CENTRO EDUCA MAIS PROFESSOR LUIZ ALVES FERREIRA;-2.52919180;-44.28452650;;estadual;ativa;geral;nao;RUA MANGUE SECO, 300 LIBERDADE. 65035-033 São Luís - MA.
21015023;CENTRO EDUCA MAIS PROFESSORA MARGARIDA PIRES LEAL;-2.53860029;-44.26876681;;estadual;ativa;geral;nao;AVENIDA DOS FRANCESES, S/N ALEMANHA. 65036-281 São Luís - MA.
21021198;CENTRO EDUCA MAIS PROFESSORA MARIA PINHO;-2.54078333;-44.20710167;;estadual;ativa;geral;nao;RUA O, S/N QUADRA 12. COHATRAC I. 65053-700 São Luís - MA.
21022623;CENTRO EDUCA MAIS Y BACANGA;-2.56123250;-44.33651621;;estadual;ativa;geral;nao;RUA IRAQUE, S/N QUADRA H. ANJO DA GUARDA. 65085-250 São Luís - MA.
21290989;CENTRO EDUCACIIONAL OS LEVITAS;-2.57822070;-44.19074762;infantil|fundamental_i;privada;ativa;geral;nao;AVENIDA CARCARA, S/N RECANTO DOS PASSAROS. 65058-778 São Luís - MA.
21248486;CENTRO EDUCACIONAL COMUNITARIO EDUCAR;-2.59796213;-44.20182866;infantil|fundamental_i;privada;ativa;geral;sim;RUA SAO RAIMUNDO, 16 QD 04. SANTA CLARA. 65058-656 São Luís - MA.
21254605;CENTRO EDUCACIONAL COMUNITARIO SANTO ANTONIO;-2.55990947;-44.24550994;infantil|fundamental_i;privada;ativa;geral;sim;RUA SANTA ISABEL, 10 QUADRA A LOT 10. PIRAPORA. 65048-570 São Luís - MA.
21287724;CENTRO EDUCACIONAL CONSTRUINDO SONHOS;-2.60614748;-44.19572253;infantil|fundamental_ii;privada;ativa;geral;nao;RUA PRIMEIRO DE OUTUBRO, 11 RESIDENCIAL TIRADENTES. 65058-359 São Luís - MA.
21293007;CENTRO EDUCACIONAL CUIDANDO DA VIDA;-2.49144828;-44.21085583;infantil|fundamental_i;privada;ativa;geral;sim;RUA SANTO ANTONIO, 15 VILA LUIZAO. 65068-611 São Luís - MA.
21261440;CENTRO EDUCACIONAL DE CRIANCAS CARENTE JARDIM DE INFANCIA PRINCIPIO DA SABEDORIA;-2.52627619;-44.28579924;infantil|fundamental_i|fundamental_ii;privada;ativa;geral;sim;2ª TRAVESSA AUGUSTO DE LIMA, 02 LIBERDADE. 65035-032 São Luís - MA.
21261067;CENTRO EDUCACIONAL DEUS CRIOU;-2.55043833;-44.32680333;infantil|fundamental_i;privada;ativa;geral;sim;RUA DOIS, 10 SAO RAIMUNDO. SAO RAIMUNDO-ANJO DA GUARDA. 65082-209 São Luís - MA.
21017166;CENTRO EDUCACIONAL DOM ORIONI;-2.50781150;-44.24923490;infantil|fundamental_i|fundamental_ii;privada;ativa;geral;nao;RUA UM, 08 QD D. COHASERMA. 65072-230 São Luís - MA.
21261229;CENTRO EDUCACIONAL E ASSISTENCIAL ALIANCA;-2.57046833;-44.19955000;infantil|fundamental_i|fundamental_ii;privada;ativa;geral;sim;RUA 201 SE, 08 CIDADE OPERARIA. 65058-222 São Luís - MA.
21014060;CENTRO EDUCACIONAL E COMUNITARIO ESCOLA DO ABC;-2.49294450;-44.30384830;infantil|fundamental_i;privada;ativa;geral;sim;TRAVESSA FREI ANTONIO, 8 PONTA DAREIA. 65077-600 São Luís - MA.
21277826;CENTRO EDUCACIONAL E DE ASSISTENCIA NOSSO COMECO;-2.53072271;-44.27841067;infantil|fundamental_i;privada;ativa;geral;nao;TRAVESSA DA VITORIA, 11 MONTE CASTELO. 65035-000 São Luís - MA.
21265321;CENTRO EDUCACIONAL E PEDAGOGICO PEQUENO APRENDIZ;-2.49360584;-44.21866061;;privada;paralisada;geral;nao;AVENIDA URUGUAI, 116 OLHO DAGUA. 65065-510 São Luís - MA.
21290377;CENTRO EDUCACIONAL ESPACO DA CRIANCA;-2.49081778;-44.21640078;infantil;privada;ativa;geral;sim;RUA PERU, 26 OLHO DAGUA. 65068-067 São Luís - MA.
21281386;CENTRO EDUCACIONAL EXPEDITO CAMILO;-2.57070162;-44.23897629;infantil|fundamental_i;privada;ativa;geral;nao;RUA DO CODOZINHO, 334 SAO CRISTOVAO. 65055-120 São Luís - MA.
21285039;CENTRO EDUCACIONAL EXPOENTE;-2.56807821;-44.20118419;infantil|fundamental_i|fundamental_ii;privada;ativa;geral;nao;RUA 5, 32 UNIDADE 201. CIDADE OPERARIA. 65058-233 São Luís - MA.
21282110;CENTRO EDUCACIONAL FILOS DO SABER;-2.57250903;-44.29543358;fundamental_i;privada;ativa;geral;nao;AVENIDA PARAISO, 8 RESIDENCIAL PARAISO. 65081-700 São Luís - MA.
21571660;CENTRO EDUCACIONAL GENIR MANTENEDORA DO JARDIM DE INFANCIA E CRECHE QUERO CRESCER;-2.58251167;-44.18611500;infantil|fundamental_i;privada;ativa;geral;sim;RUA RIO PARNAIBA, 6 GENIPARANA. 65058-758 São Luís - MA.
21197580;CENTRO EDUCACIONAL HORA DE APRENDER;-2.57469553;-44.24039981;fundamental_i;privada;ativa;geral;nao;RUA FLAVIO BEZERRA, 641 TIRIRICAL. 65055-210 São Luís - MA.
21284296;CENTRO EDUCACIONAL INFANIL - CEI;-2.50101630;-44.23352518;infantil|fundamental_i;privada;ativa;geral;nao;AVENIDA MARIO ANDREAZZA, 10 OLHO D AGUA. 65068-500 São Luís - MA.
21278377;CENTRO EDUCACIONAL JERUSALEM;-2.55717333;-44.24275167;infantil;privada;ativa;geral;sim;RUA DOS SALMOS, 16 PIRAPORA. 65045-271 São Luís - MA.
21282706;CENTRO EDUCACIONAL MAKTUB;-2.54870670;-44.21310517;;privada;paralisada;geral;nao;AV.07 QUADRA 43, 27 COHAB ANIL IV. 65050-650 São Luís - MA.
21284342;CENTRO EDUCACIONAL MINHA VIDA;-2.53201333;-44.20072000;infantil|fundamental_i;privada;ativa;geral;nao;RUA 27, 67 COHATRAC IV. 65054-770 São Luís - MA.
21009902;CENTRO EDUCACIONAL MONTESSORIANO REINO INFANTIL;-2.50546588;-44.28899186;infantil|fundamental_i|fundamental_ii;privada;ativa;geral;nao;RUA DOS SAPOTIS, 01 QUADRA 113. JARDIM RENASCENCA. 65075-350 São Luís - MA.
21285241;CENTRO EDUCACIONAL NAZARE II;-2.54344070;-44.20906912;fundamental_ii;privada;ativa;geral;nao;AV. C LESTE, 01 Q 12. PARQUE AURORA. 65051-872 São Luís - MA.
21227608;CENTRO EDUCACIONAL NOSSA SENHORA DE NAZARE - CENAZA;-2.54317474;-44.20904607;infantil|fundamental_i;privada;ativa;geral;nao;AVENIDA CONTORNO LESTE, 04 QUADRA 13. COHATRAC I. 65053-570 São Luís - MA.
21274614;CENTRO EDUCACIONAL NOVO HORIZONTE;-2.54416500;-44.25027000;infantil|fundamental_i;privada;ativa;geral;nao;RUA HAROLDO TAVARES, 20 VILA PALMEIRA. 65045-570 São Luís - MA.
21280169;CENTRO EDUCACIONAL PARAISO DA CRIANCA;-2.57306000;-44.29532833;infantil|fundamental_i;privada;ativa;geral;nao;RUA PRESIDENCIAL, 14A RESIDENCIAL PARAISO. VILA EMBRATEL. 65080-000 São Luís - MA.
21274150;CENTRO EDUCACIONAL PARAISO INFANTIL;-2.59514954;-44.24792862;infantil|fundamental_i;privada;ativa;geral;nao;RUA TRES, 21 VILA ITAMAR II. 65090-048 São Luís - MA.
21283729;CENTRO EDUCACIONAL PASSO A PASSO;-2.48947822;-44.21429448;infantil|fundamental_i|fundamental_ii;privada;ativa;geral;nao;AVENIDA JOAO ALBERTO, 37 VILA LUIZAO. 65068-621 São Luís - MA.
21285110;CENTRO EDUCACIONAL PORTAL DO SABER;-2.55620500;-44.31294667;infantil|fundamental_i;privada;ativa;geral;nao;RUA SANTA MARGARIDA, 10 VILA BACANGA. 65080-850 São Luís - MA.
21285535;CENTRO EDUCACIONAL PRIMEIRA OPCAO;-2.53684167;-44.19630167;;privada;paralisada;geral;nao;RUA QUINZE, 8 QUADRA 32. COHATRAC III. 65054-706 São Luís - MA.
21286078;CENTRO EDUCACIONAL RECANTO DA CRIANCA;-2.56201405;-44.27406266;infantil|fundamental_i|fundamental_ii;privada;ativa;geral;nao;RUA FESTA DE NAGOR, 22 QUADRA B. CONJUNTO DOM SEBASTIAO. 65042-425 São Luís - MA.
21265216;CENTRO EDUCACIONAL RENASCER;-2.57102963;-44.22283295;infantil|fundamental_i|fundamental_ii;privada;ativa;geral;nao;RUA ELIZABETH KERTH, 9 QUADRA 99. JARDIM SAO CRISTOVAO. 65055-020 São Luís - MA.
21280002;CENTRO EDUCACIONAL SAGRADOS CORACOES;-2.62799474;-44.29628307;infantil|fundamental_i|fundamental_ii;privada;ativa;geral;sim;RUA MENINO JESUS, 600 MARACANA. 65090-832 São Luís - MA.
21279772;CENTRO EDUCACIONAL SANTA MARIA LTDA;-2.50807405;-44.30291983;;privada;paralisada;geral;nao;RUA INACIO XAVIER DE CARVALHO, 831 A. SAO FRANCISCO. 65076-360 São Luís - MA.
21274487;CENTRO EDUCACIONAL SONHO DE CRIANCA;-2.65678790;-44.18325140;infantil;privada;ativa;geral;sim;AVENIDA PRINCIPAL, 165 TAJIPURU. 65109-899 São Luís - MA.
21283109;CENTRO EDUCACIONAL UNIVERSIDADE INFANTIL;-2.59006833;-44.30813000;infantil|fundamental_i;privada;ativa;geral;nao;RUA IVAN SARNEY, GAPARA. CIDADE NOVA. 65083-402 São Luís - MA.
21192626;CENTRO EDUCACIONAL VITORIA E JI VOVO BEBE;-2.59335333;-44.24603000;fundamental_i;privada;ativa;geral;nao;RUA DA VITORIA, 2 VILA ITAMAR II. 65090-083 São Luís - MA.
21253617;CENTRO EDUCACIONAL WAMBERTO CAMPOS;-2.53425973;-44.26950844;infantil|fundamental_i;privada;ativa;geral;sim;RUA LUIS DE CARVALHO, 126 ALEMANHA. 65036-420 São Luís - MA.
21285934;CENTRO INTEGRADO LIRIO DOS VALES;-2.49405361;-44.21332130;infantil|fundamental_i|fundamental_ii;privada;ativa;geral;nao;RUA VINTE E UM DE JUNHO, 15 VILA LUIZAO. 65068-607 São Luís - MA.
21249008;CENTRO SOCIAL COMUNITARIO VOVO ANALIA;-2.57474800;-44.19054000;infantil|fundamental_i|fundamental_ii;privada;ativa;geral;sim;AVENIDA JOAO ALBERTO, 13 SANTA EFIGENIA. 65058-738 São Luís - MA.
21288259;CLUBE DE MAES NOSSA SENHORA DA VITORIA;-2.55653133;-44.30146514;infantil|fundamental_i;privada;ativa;geral;nao;RUA CONEGO RIBAMAR CARVALHO, 206 SA VIANA. 65080-110 São Luís - MA.
21199930;COL ARIANE MARIA;-2.57126861;-44.30828581;infantil|fundamental_i|fundamental_ii;privada;ativa;geral;nao;RUA DEZENOVE, 04 VILA EMBRATEL. 65081-360 São Luís - MA.
21010684;COL BATISTA LUDOVICENSE;-2.53691440;-44.29300460;infantil|fundamental_i|fundamental_ii;privada;ativa;geral;nao;AVENIDA GUAXENDUBA, 300, 300 CENTRO. APICUM. 65025-001 São Luís - MA.
21013128;COL BOM JESUS DOS AFLITOS;-2.56451000;-44.30981000;infantil|fundamental_i;privada;ativa;geral;sim;AVENIDA PERIMETRAL DE CONTORNO DA UFMA, 01 VILA EMBRATEL. 65080-146 São Luís - MA.
21199221;COL EXITUS;-2.53137642;-44.29245642;fundamental_i|fundamental_ii;privada;ativa;geral;nao;RUA OSWALDO CRUZ, 1215 CENTRO. 65020-251 São Luís - MA.
21195480;COL ROSA DE SARON;-2.58303589;-44.19533738;fundamental_i|fundamental_ii;privada;ativa;geral;nao;RUA 12, 25 UNIDADE 105. CIDADE OPERARIA. 65058-466 São Luís - MA.
21195516;COL VINICIUS DE MORAES E JI BALAO MAGICO;-2.50289833;-44.22355000;infantil|fundamental_i|fundamental_ii;privada;ativa;geral;nao;RUA DOZE, 04 QD 13. CONJUNTO HABITACIONAL TURU. 65066-760 São Luís - MA.
21261121;COLEGIO ADVENTISTA DA COHAB;-2.54288770;-44.21862640;infantil|fundamental_i|fundamental_ii;privada;ativa;geral;nao;AVENIDA ISAAC MARTINS, 12 COHAB ANIL III. 65051-150 São Luís - MA.
21010200;COLEGIO ADVENTISTA DE SAO LUIS;-2.52440184;-44.25006242;infantil|fundamental_i|fundamental_ii;privada;ativa;geral;nao;AVENIDA DANIEL DE LA TOUCHE, 51 MARANHAO NOVO. 65061-021 São Luís - MA.
21199053;COLEGIO APRENDER COHATRAC CAC;-2.53293129;-44.19682720;infantil|fundamental_i|fundamental_ii;privada;ativa;geral;nao;AV. CONTORNO LESTE, 07 - QUADRA C, 07 PONTO FINAL. COHATRAC IV. 65054-690 São Luís - MA.
21010250;COLEGIO BATISTA DANIEL DE LA TOUCHE;-2.54613357;-44.26972748;infantil|fundamental_i|fundamental_ii;privada;ativa;geral;nao;AVENIDA JOAO PESSOA, 214 B. JOAO PAULO. 65040-000 São Luís - MA.
21286175;COLEGIO BATISTA MARANHENSE;-2.51178167;-44.24454333;infantil|fundamental_i|fundamental_ii;privada;ativa;geral;nao;AV DANIEL DE LA TOUCHE, 90 COHAMA. 65074-115 São Luís - MA.
21290695;COLEGIO BATISTA MARANHENSE CALHAU;-2.49270053;-44.28727847;infantil|fundamental_i|fundamental_ii;privada;ativa;geral;nao;RUA DA PRAIA ARARAJUBAS, 84 SAO MARCOS. 65077-380 São Luís - MA.
21283958;COLEGIO BRASILEIRO DE ESTUDOS AVANCADOS FUNDAMENTAL E MEDIO EIRELI;-2.53300300;-44.22686000;;privada;paralisada;geral;nao;AV. SAO LUIS REI DE FRANCA, 25 TURU. 65065-470 São Luís - MA.
21275947;COLEGIO CIENCIAS;-2.49590167;-44.24836667;infantil|fundamental_i|fundamental_ii;privada;ativa;geral;nao;AVENIDA DOIS, 33 ALTEROSA. 65073-139 São Luís - MA.
21284300;COLEGIO COEDUCAR;-2.50661489;-44.22088552;infantil|fundamental_i|fundamental_ii;privada;ativa;geral;nao;RUA PARAIBA, 52 CHACARA BRASIL - TURU. 65066-870 São Luís - MA.
21612668;COLEGIO CONEXAO MARANHENSE;-2.55262588;-44.25828648;fundamental_i|fundamental_ii;privada;ativa;geral;nao;AVENIDA JOAO PESSOA, 26O A OUTEIRO DA CRUZ. 65040-003 São Luís - MA.
21274819;COLEGIO CRISTO REI LTDA ME;-2.56636076;-44.22446013;infantil|fundamental_i|fundamental_ii;privada;ativa;geral;nao;RUA D, 19 SAO CRISTOVAO. COHAPAM. 65055-322 São Luís - MA.
21010331;COLEGIO DOM BOSCO LTDA;-2.49940203;-44.28717818;infantil|fundamental_i|fundamental_ii;privada;ativa;geral;nao;AVENIDA CORONEL COLARES MOREIRA, 443 JARDIM RENASCENCA. 65075-441 São Luís - MA.
21199090;COLEGIO EDUCALLIS;-2.55104938;-44.24675376;infantil|fundamental_i|fundamental_ii;privada;ativa;geral;nao;RUA ANTONIO RAPOSO, 437 CUTIM ANIL. 65045-215 São Luís - MA.
21283800;COLEGIO FILANTROPICO SAO FRANCISCO;-2.50897658;-44.23938013;infantil|fundamental_i|fundamental_ii;privada;ativa;geral;sim;RUA DOM PEDRO I, VILA VICENTE FIALHO. 65070-240 São Luís - MA.
21318433;COLEGIO IMPERIAL;-2.53161836;-44.29212590;fundamental_i|fundamental_ii;privada;ativa;geral;nao;RUA OSWALDO CRUZ, CENTRO. 65020-250 São Luís - MA.
21199809;COLEGIO LITERATO;-2.50102310;-44.23336644;fundamental_i|fundamental_ii;privada;ativa;geral;nao;AVENIDA MARIO ANDREAZZA, 10 OLHO DAGUA. 65068-500 São Luís - MA.
21288496;COLEGIO MAGNIFICAT - UNIDADE PADRE JOAO DIAS;-2.48846992;-44.26549751;infantil|fundamental_i|fundamental_ii;privada;ativa;geral;nao;AVENIDA AVICENIA, 2 CALHAU. 65071-370 São Luís - MA.
21021678;COLEGIO MILITAR 2 DE JULHO;-2.54645727;-44.25388908;fundamental_ii;estadual;ativa;geral;nao;AVENIDA DOS FRANCESES, S/N VILA PALMEIRA. 65036-283 São Luís - MA.
21016798;COLEGIO MILITAR 2 DE JULHO - ANEXO PIO XII;-2.54778254;-44.25370450;fundamental_ii;estadual;ativa;geral;nao;AVENIDA DOS FRANCESES, S/N VILA PALMEIRA. 65036-283 São Luís - MA.
21021953;COLEGIO MILITAR TIRADENTES I - SAO LUIS;-2.54486357;-44.25362027;fundamental_ii;estadual;ativa;geral;nao;RUA GABRIELA MISTRAL, S/N VILA PALMEIRA. 65045-070 São Luís - MA.
21010935;COLEGIO NOSSA SENHORA DA GLORIA;-2.56611203;-44.21753542;infantil|fundamental_i;privada;ativa;geral;nao;AVENIDA UM C, 12 QUADRA 63. JARDIM SAO CRISTOVAO II. 65055-359 São Luís - MA.
21195293;COLEGIO NOVO ORIENTE;-2.56936900;-44.22126300;infantil|fundamental_i|fundamental_ii;privada;ativa;geral;nao;RUA SETE, 13 QD 41. IPEM SAO CRISTOVAO. 65055-282 São Luís - MA.
21287660;COLEGIO O BOM BASTOR CALHAU;-2.48673453;-44.24881851;infantil|fundamental_i|fundamental_ii;privada;ativa;geral;nao;AV. PRESIDENTE JUSCELINO KUBITSCHEK, 18 QUADRA 16 LOTE 18. QUINTAS DO CALHAU. 65072-000 São Luís - MA.
21279810;COLEGIO O BOM PASTOR;-2.53697700;-44.20544200;fundamental_i|fundamental_ii;privada;ativa;geral;nao;RUA 06, 48 LOTE 47 COMPLEMENTO. COHATRAC II. 65054-320 São Luís - MA.
21298602;COLEGIO PADRE ROGERIO DUBOIS;-2.52578236;-44.29686629;;privada;ativa;geral;nao;RUA DE SANTANINHA, 32 CENTRO. 65010-580 São Luís - MA.
21527679;COLEGIO PALADIUM;-2.52709077;-44.29679264;;privada;ativa;geral;nao;RUA DE SANTANINHA, 170 CENTRO. 65010-580 São Luís - MA.
21283796;COLEGIO SAGRADO CORACAO DE JESUS LTDA;-2.53635084;-44.20372549;infantil|fundamental_i|fundamental_ii;privada;ativa;geral;nao;RUA DOIS, 51 QUADRA 36. COHATRAC II. 65054-260 São Luís - MA.
21017506;COLEGIO SANTA FE;-2.55156333;-44.24725833;fundamental_i|fundamental_ii;privada;ativa;geral;nao;AVENIDA JOAO PESSOA, 300 CUTIM ANIL. OUTEIRO DA CRUZ. 65040-003 São Luís - MA.
21011052;COLEGIO SANTA TERESA;-2.52621391;-44.30272303;infantil|fundamental_i|fundamental_ii;privada;ativa;geral;nao;RUA DO EGITO, 71 CENTRO. 65010-190 São Luís - MA.
21010552;COLEGIO SAO PAULO;-2.53166780;-44.24452500;infantil|fundamental_i|fundamental_ii;privada;ativa;geral;nao;RUA DEZOITO, 12 QUADRA 34. BEQUIMAO. 65061-780 São Luís - MA.
21278962;COLEGIO SOL;-2.50350734;-44.22246415;infantil|fundamental_i|fundamental_ii;privada;ativa;geral;nao;RUA PIAUI, 236 CHACARA BRASIL. 65066-873 São Luís - MA.
21199329;COOP DE TRABALHADORES EM EDUCACAO SAO MARCOS;-2.49072335;-44.25741436;;privada;paralisada;geral;nao;AVENIDA DOS HOLANDESES, 22 QUADRA 31. QUINTAS DO CALHAU. 65071-380 São Luís - MA.
21228140;CRECHE - ESCOLA COMUNITARIA CANTINHO DA CRIANCA;-2.54514132;-44.25121317;infantil;privada;ativa;geral;sim;RUA N, 50 PROXIMO AO 3DISTRITO. RADIONAL. 65047-590 São Luís - MA.
21257710;CRECHE E ESCOLA TIA NANAN;-2.57405800;-44.26756000;infantil|fundamental_i;privada;ativa;geral;sim;RUA DO SOL, 06 ANJO DA GUARDA. VILA SAO LUIS. 65082-545 São Luís - MA.
21248125;CRECHE ESC CLUBE DE MAES DO TURU;-2.51723500;-44.23081500;infantil;privada;ativa;geral;sim;RUA CORONEL EURIPEDES BEZERRA, 226 TURU. 65066-260 São Luís - MA.
21290580;CRECHE ESCOLA CANAA;-2.55873485;-44.21624250;infantil|fundamental_i|fundamental_ii;privada;ativa;geral;nao;RUA 04 QUADRA 10 PARQUE DOS SABIAS, 2 PREDIO. SAO BERNARDO. 65055-710 São Luís - MA.
21287252;CRECHE ESCOLA CARLOS SALOMAO CHAIB;-2.50619000;-44.21827000;infantil;municipal;ativa;geral;nao;AVENIDA GOIAS SN, 1 COMPLEMENTO. CHACARA BRASIL /TURU. 65067-490 São Luís - MA.
21274142;CRECHE ESCOLA CEDAC;-2.54001418;-44.24426330;infantil|fundamental_i;privada;ativa;geral;sim;RUA 02, 340 PAO DE ACUCAR. 65046-190 São Luís - MA.
21267359;CRECHE ESCOLA COMUNITARIA ESTRELA DO SABER;-2.60694810;-44.23846190;infantil;privada;ativa;geral;sim;RUA DO CAMPO, 18 TIBIRI. 65095-080 São Luís - MA.
21285543;CRECHE ESCOLA COMUNITARIA FABRICA DE SONHOS;-2.53654378;-44.28482501;infantil|fundamental_i;privada;ativa;geral;sim;RUA CASTRO ALVES, 606 RETIRO NATAL. 65031-115 São Luís - MA.
21018189;CRECHE ESCOLA COMUNITARIA IDEAL;-2.49397207;-44.22432981;infantil;privada;ativa;geral;sim;RUA SAO JOSE, 800 DIVINEIA. 65068-054 São Luís - MA.
21581665;CRECHE ESCOLA COMUNITARIA RENASCER;-2.54629247;-44.33607716;infantil;privada;ativa;geral;sim;RUA DO SOL, 131 ANJO DA GUARDA. VILA SAO LUIS. 65085-215 São Luís - MA.
21284202;CRECHE ESCOLA CONSTRUIR;-2.51142101;-44.22512974;infantil|fundamental_i;privada;ativa;geral;nao;AVENIDA SAO LUIS REI DE FRANCA, 38 JARDIM ELDORADO. TURU. 65065-470 São Luís - MA.
21015686;CRECHE ESCOLA DIVINO MESTRE;-2.54532214;-44.24257630;infantil;privada;ativa;geral;sim;RUA DA MATANCA, 106 ANIL. 65045-000 São Luís - MA.
21261180;CRECHE ESCOLA ESTRELA DO ORIENTE;-2.51879115;-44.26900771;infantil;privada;ativa;geral;sim;RUA JERICO, S/N RECANTO DOS VINHAIS. 65070-614 São Luís - MA.
21012644;CRECHE ESCOLA JOAO E MARIA;-2.54461771;-44.27325354;infantil|fundamental_i|fundamental_ii;privada;ativa;geral;sim;RUA AGOSTINHO TORRES, JOAO PAULO. 65040-150 São Luís - MA.
21302405;CRECHE ESCOLA MARIA DE JESUS CARVALHO;-2.52887949;-44.28853719;infantil;municipal;ativa;geral;nao;AVENIDA CAMBOA, 2008 COMPLEMENTO. CAMBOA. 65020-260 São Luís - MA.
21287732;CRECHE ESCOLA MUNDIAL;-2.60480674;-44.19446219;infantil|fundamental_i;privada;ativa;geral;sim;RUA 12 DE SETEMBRO, 15 QUADRA 4. RESIDENCIAL TIRADENTES. 65058-359 São Luís - MA.
21010161;CRECHE ESCOLA SAGRADA FAMILIA;-2.56985344;-44.30874613;infantil|fundamental_i;privada;ativa;geral;sim;RUA DEZESSEIS, 02 VILA EMBRATEL. 65081-351 São Luís - MA.
21196311;CRECHE ESCOLA SEMENTINHA;-2.49967073;-44.26831264;infantil|fundamental_i;privada;ativa;geral;nao;AVENIDA JERONIMO DE ALBUQUERQUE MARANHAO, S/N COHAFUMA. 65071-750 São Luís - MA.
21248990;CRECHE ESCOLA SONHO DE CRIANCA;-2.52067505;-44.20682571;infantil;privada;ativa;geral;sim;AV. NOSSA SENHORA DA VITORIA/RUA O QUADRA 19, 01 RES. TERRA LIVRE. ITAPIRACO /TURU. 65068-380 São Luís - MA.
21277842;CRECHE ESCOLA SONHO DE CRIANCA;-2.60538965;-44.18988031;infantil|fundamental_i|fundamental_ii;privada;ativa;geral;sim;RUA FORTALEZA, 1 CIDADE OLIMPICA. CONJUNTO RESIDENCIAL MARIA JOSE ARAGAO. 65057-887 São Luís - MA.
21241511;CRECHE ESCOLA TIA JULIA;-2.55230000;-44.25961000;infantil;privada;ativa;geral;sim;AVENIDA DO CONTORNO CASTELAO, OUTEIRO DA CRUZ. 65042-450 São Luís - MA.
21285080;CRECHE ESCOLA TRAVESSURAS DE CRIANCA;-2.52892986;-44.29793793;infantil|fundamental_i;privada;ativa;geral;nao;RUA DO SOL, 598 CENTRO. 65010-590 São Luís - MA.
21283648;CRECHE ESCOLA VOVO BATISTA;-2.56120833;-44.27315667;infantil;privada;ativa;geral;sim;RUA CINCO, 13 PARQUE TIMBIRAS. 65042-050 São Luís - MA.
21280517;CRECHE ESCOLA VOVO FRANCA;-2.60289667;-44.19377500;infantil|fundamental_i;privada;ativa;geral;sim;RUA DA SECRETARIA, 100 RESIDENCIAL TIRADENTES. 65058-359 São Luís - MA.
21287236;CRECHE ESTACAO KIDS;-2.56812196;-44.20372144;infantil;privada;ativa;geral;sim;RUA 17, 1 CIDADE OPERARIA. 65058-226 São Luís - MA.
21448205;CRECHE NOSSA SENHORA DA ESPERANCA;-2.56617418;-44.31757880;infantil;privada;ativa;geral;sim;RUA SAO PEDRO, S/N VILA EMBRATEL. 65081-270 São Luís - MA.
21018510;CRECHE PARAISO DA CRIANCA;-2.56833881;-44.20512836;infantil;privada;ativa;geral;sim;UNIDADE 201, RUA 201, 155 CIDADE OPERARIA. 65058-221 São Luís - MA.
21274231;D PEDRO II EMPREENDIMENTOS EDUCACIONAIS LTDA;-2.51136602;-44.24714872;;privada;ativa;geral;nao;RUA EUCLIDES FARIAS, 59 COHAMA. 65074-080 São Luís - MA.
21253714;EC BATISTA KERYGMA;-2.56034174;-44.30479481;infantil|fundamental_i;privada;ativa;geral;sim;1ª TRAVESSA ALBERTO SALES, 355/A SA VIANA. 65080-010 São Luís - MA.
21248621;EC BOM PASTOR;-2.56180183;-44.33165539;infantil|fundamental_i|fundamental_ii;privada;ativa;geral;sim;AVENIDA ODILO COSTA FILHO- AVENIDA MOCAMQUE, QUADRA 56, Nº 04, 04 QUADRA 56, Nº 04. ANJO DA GUARDA. 65085-790 São Luís - MA.
21200696;EC CAIANE MATEUS;-2.49127835;-44.22318221;infantil;privada;ativa;geral;sim;RUA JAU, 25 OLHO DAGUA. 65065-200 São Luís - MA.
21267391;EC CANAA JARDIM DE INFANCIA FUTURO DOUTORES;-2.59567143;-44.17943322;infantil|fundamental_i;privada;ativa;geral;sim;RUA DEZOITO QUADRA141 BLOCO C, 26 ESCOLA. CIDADE OLIMPICA. 65058-535 São Luís - MA.
21017697;EC CASTRO ALVES;-2.56856000;-44.24252000;;privada;paralisada;geral;sim;ESTRADA DA VITORIA, 316 TIRIRICAL. 65056-330 São Luís - MA.
21019193;EC CHAPEUZINHO VERMELHO;-2.55979530;-44.23345375;infantil;privada;ativa;geral;sim;AVENIDA TALES NETO, 87-A JOAO DE DEUS. 65057-470 São Luís - MA.
21019401;EC COMUNITARIA SAO CAMILO;-2.55552187;-44.23051571;infantil;privada;ativa;geral;sim;RUA SAO CAMILO, 160 JOAO DE DEUS. 65057-360 São Luís - MA.
21011974;EC CRIAMOR;-2.56189664;-44.32868131;infantil|fundamental_i|fundamental_ii;privada;ativa;geral;nao;RUA ESPANHA, 07 QUADRA 15. ANJO DA GUARDA. 65085-412 São Luís - MA.
21256829;EC CRIANCA FELIZ;-2.55474722;-44.25848898;infantil|fundamental_i;privada;ativa;geral;sim;RUA DO CANAVIAL, 47 SACAVEM. 65040-400 São Luís - MA.
21199906;EC CRISTO REI;-2.56245357;-44.30112030;infantil|fundamental_i;privada;ativa;geral;nao;RUA MARIA DA PAZ MELO, 322 SA VIANA. 65080-240 São Luís - MA.
21192103;EC DR EDISON LOBAO FILHO;-2.53685167;-44.23046500;infantil|fundamental_i|fundamental_ii;privada;ativa;geral;sim;RUA FORTALEZA, 39 NOVO ANGELIM. 65063-580 São Luís - MA.
21201528;EC E CULTURAL ALEGRIA DAS CRIANCAS;-2.56671222;-44.31526320;infantil;privada;ativa;geral;sim;RUA VINTE E CINCO DE MAIO, 5 VILA EMBRATEL. 65081-295 São Luís - MA.
21019231;EC EVANDRO F DE ARAUJO COSTA;-2.52952833;-44.28336667;infantil|fundamental_i;privada;ativa;geral;nao;RUA TOME DE SOUSA, 310 LIBERDADE. 65035-750 São Luís - MA.
21012040;EC FORCA DE APRENDER;-2.54954298;-44.32456433;infantil;privada;ativa;geral;nao;RUA SAO RAIMUNDO, 09 SITIO DE SALDANHA. ALTO DA ESPERANCA. 65086-300 São Luís - MA.
21241031;EC FRANCISCO CANDIDO XAVIER;-2.50575667;-44.30172333;;privada;paralisada;geral;sim;RUA VIRGILIO DOMINGUES, 1236 RUA 02. SAO FRANCISCO. 65076-340 São Luís - MA.
21195552;EC GETSEMANI;-2.60046730;-44.18134320;infantil|fundamental_i;privada;ativa;geral;sim;RUA TREZE, QUADRA 98, 11 BLOCO-C. CIDADE OLIMPICA. 65058-531 São Luís - MA.
21268479;EC IRMA MARIA DO SOCORRO;-2.56344300;-44.26301000;infantil|fundamental_i|fundamental_ii;privada;ativa;geral;sim;RUA ESTRELA, 46 COROADINHO. 65044-110 São Luís - MA.
21018251;EC JOAO DE DEUS;-2.56087330;-44.22886818;infantil|fundamental_i|fundamental_ii;privada;ativa;geral;nao;AVENIDA TALES NETO, 207 JOAO DE DEUS. 65057-470 São Luís - MA.
21248958;EC LAR DO SABER;-2.59263170;-44.22144930;infantil|fundamental_i;privada;ativa;geral;sim;RUA SAO JOSE, 37 VILA CASCAVEL. 65057-658 São Luís - MA.
21261679;EC LINDALVA LIRA;-2.54158848;-44.32955767;infantil|fundamental_i;privada;ativa;geral;sim;AVENIDA JOSE SARNEY, 214 VILA NOVA. 65085-470 São Luís - MA.
21261113;EC MADALENA SILVEIRA;-2.60065584;-44.20052369;infantil|fundamental_i;privada;ativa;geral;sim;RUA NOSSA SENHORA DA CONCEICAO, 32 SANTA CLARA. 65058-641 São Luís - MA.
21017891;EC MARIANA;-2.53837000;-44.32642333;infantil|fundamental_i;privada;ativa;geral;sim;1ª TRAVESSA BELA VISTA, 28-A VILA NOVA. 65082-698 São Luís - MA.
21240388;EC ME AJUDA A VIVER;-2.56268333;-44.30700333;infantil;privada;ativa;geral;sim;RUA CRUZEIRO DO SUL, 01 SA VIANA. 65080-440 São Luís - MA.
21012121;EC MENINO JESUS;-2.56794470;-44.31036930;infantil|fundamental_i;privada;ativa;geral;sim;AVENIDA SARNEY FILHO, VILA EMBRATEL. 65081-400 São Luís - MA.
21018413;EC NICE LOBAO;-2.60640214;-44.20098653;infantil;privada;ativa;geral;sim;RUA SAO JERONIMO, 23 CRUZEIRO DE SANTA BARBARA. 65059-820 São Luís - MA.
21011664;EC NOSSA SENHORA DA CONCEICAO;-2.55272602;-44.32846355;infantil|fundamental_i;privada;ativa;geral;sim;RUA SAO RAIMUNDO, 521 SAO RAIMUNDO ANJO DA GUARDA. 65082-255 São Luís - MA.
21252939;EC NS DAS GRACAS;-2.50725833;-44.30571000;infantil|fundamental_i;privada;ativa;geral;sim;RUA 07, 205 SAO FRANCISCO. 65076-460 São Luís - MA.
21200904;EC OITO DE DEZEMBRO;-2.54018651;-44.25059097;infantil|fundamental_i;privada;ativa;geral;sim;AVENIDA SARNEY FILHO, 100 VILA PALMEIRA. 65045-425 São Luís - MA.
21013543;EC PETER PAN;-2.55665000;-44.24133500;infantil;privada;ativa;geral;sim;RUA DOIS, PIRAPORA. 65049-260 São Luís - MA.
21017867;EC PINOQUIO;-2.55991793;-44.33507737;infantil|fundamental_i;privada;ativa;geral;sim;AVENIDA VATICANO, S/N ANJO DA GUARDA. 65085-255 São Luís - MA.
21217084;EC PROGRESSO;-2.55903326;-44.32959535;infantil|fundamental_i;privada;ativa;geral;sim;RUA INGLATERRA, QUADRA 10. ANJO DA GUARDA. 65085-230 São Luís - MA.
21263647;EC REI DAVI;-2.49465421;-44.21792007;;privada;paralisada;geral;nao;TRAVESSA MARIA ALICE, 51 DIVINEIA. 65068-096 São Luís - MA.
21240922;EC ROSA DE SAHRON;-2.56229000;-44.25863333;infantil;privada;ativa;geral;sim;RUA DO FIO, 13-A SALINA DO SACAVEM. 65043-777 São Luís - MA.
21261296;EC ROSA DE SAROM E JI TIA ANA;-2.60686497;-44.20398784;infantil|fundamental_i|fundamental_ii;privada;ativa;geral;nao;RUA DO ARAME, 01 VILA MAGRIL. 65059-876 São Luís - MA.
21018626;EC ROSEANA SARNEY;-2.56800833;-44.21722167;;privada;paralisada;geral;nao;RUA QUARENTA E CINCO, 20 JARDIM SAO CRISTOVAO II. 65055-365 São Luís - MA.
21019380;EC SAGRADA FAMILIA;-2.55064567;-44.25952978;infantil|fundamental_i;privada;ativa;geral;sim;AVENIDA CONTORNO CASTELAO, 17 BARRETO. 65042-450 São Luís - MA.
21018669;EC SAO BERNARDO;-2.55839900;-44.22018000;fundamental_i|fundamental_ii;privada;ativa;geral;nao;RUA SAO FRANCISCO, 28 SAO BERNARDO. 65056-220 São Luís - MA.
21017808;EC SAO FRANCISCO DAS CHAGAS E JI TRENZINHO DO ABC;-2.56972928;-44.24208594;infantil;privada;ativa;geral;sim;RUA DO CODOZINHO, 06 TIRIRICAL. 65055-120 São Luís - MA.
21254257;EC SAO FRANCISCO DE ASSIS;-2.55874874;-44.24612719;infantil;privada;ativa;geral;nao;RUA EXODO, PIRAPORA. 65048-420 São Luís - MA.
21195451;EC SAO LAZARO;-2.60110380;-44.20125560;infantil|fundamental_i;privada;ativa;geral;sim;RUA NOSSA SENHORA DA CONCEICAO, 20 SANTA CLARA. 65058-641 São Luís - MA.
21011753;EC SAO RAIMUNDO;-2.56248000;-44.25856833;infantil;privada;ativa;geral;sim;RUA JOSEMAR PINHEIRO, 50 A. SAO BERNARDO. 65055-780 São Luís - MA.
21020280;EC SARNEY NETO;-2.53598120;-44.24911988;infantil;privada;ativa;geral;sim;RUA QUINZE, 23 RIO ANIL. 65061-750 São Luís - MA.
21253170;EC SOLDADINHO DE CRISTO;-2.56411811;-44.27399837;infantil;privada;ativa;geral;sim;RUA NOSSA SENHORA DA GUIA, 40 BOM JESUS. 65044-080 São Luís - MA.
21201943;EC TIA VALDECIRA;-2.58058910;-44.22010100;infantil|fundamental_i;privada;ativa;geral;sim;RUA JOSE SARNEY, 708 JARDIM SAO CRISTOVAO 2. 65055-300 São Luís - MA.
21200645;EC UNIDOS EM CRISTO;-2.56693700;-44.21532000;infantil|fundamental_i;privada;ativa;geral;sim;RUA QUARENTA E SETE, 16 QUADRA 73. JARDIM SAO CRISTOVAO II. 65055-363 São Luís - MA.
21192954;EC VALDENIR CASTRO;-2.55464501;-44.32718002;infantil;privada;ativa;geral;sim;TRAVESSA BOM JESUS, 88 ANJO DA GUARDA. 65085-070 São Luís - MA.
21470200;EDUCANDARIO AGAPE;-2.58534211;-44.19720445;infantil|fundamental_i|fundamental_ii;privada;ativa;geral;nao;RUA 11, QD 10, 20 JARDIM AMERICA. 65058-303 São Luís - MA.
21261261;EDUCANDARIO MANOEL DA CONCEICAO PINHEIRO SOBRINHO;-2.54335541;-44.28339547;infantil|fundamental_i;privada;ativa;geral;sim;RUA PAULO FRONTIN, 17 DE FATIMA. 65031-370 São Luís - MA.
21248583;EDUCANDARIO SANTO ANTONIO;-2.55428232;-44.24962875;infantil;privada;ativa;geral;sim;AVENIDA EDSON BRANDAO, 14 CUTIM ANIL. 65045-380 São Luís - MA.
21199274;EDUCATOR FUNDAMENTAL E ENSINO MEDIO INVICTUS - CALHAU;-2.49010373;-44.25710056;infantil|fundamental_i|fundamental_ii;privada;ativa;geral;nao;RUA DUQUE BACELAR, 25 QUADRA 31, LOTE 25. QUINTAS DO CALHAU. 65072-023 São Luís - MA.
21240647;ESC ALEGRIA DO SABER;-2.49372653;-44.21503402;infantil;privada;ativa;geral;sim;RUA 06, 07 QUADRA 44. SOL E MAR. 65068-168 São Luís - MA.
21261210;ESC CREC COM LUIS INACIO LULA DA SILVA E JARD INF;-2.59060790;-44.18038390;infantil|fundamental_i;privada;ativa;geral;nao;RUA 16 QUADRA 35 LOTE 10 BLOCO C, 02 CIDADE OLIMPICA. 65058-536 São Luís - MA.
21018944;ESC DE CEGOS DO MARANHAO- ESCEMA;-2.52357060;-44.24600230;fundamental_i|fundamental_ii;privada;ativa;geral;nao;TRAVESSA BEQUIMAO, 25 BEQUIMAO. 65060-490 São Luís - MA.
21013250;ESC DOMINGOS PERDIGAO LAR DE JOSE;-2.55335600;-44.24632000;fundamental_i;privada;ativa;geral;nao;AVENIDA EDSON BRANDAO, 500 CUTIM ANIL. 65045-380 São Luís - MA.
21013276;ESC E JI SAO FRANCISCO DE ASSIS;-2.50888800;-44.30695000;infantil|fundamental_i|fundamental_ii;privada;ativa;geral;nao;RUA ONZE, 36 SAO FRANCISCO. 65076-530 São Luís - MA.
21239967;ESC ESPECIALIZADA LIZA MARIA;-2.54832630;-44.28197476;fundamental_i;privada;ativa;exclusivo_deficiencia;nao;RUA DEPUTADO JOAO HENRIQUE, 284 FATIMA. 65030-400 São Luís - MA.
21261458;ESC MARIA SUSANA ROSA SILVA;-2.62704440;-44.26999470;infantil;privada;ativa;geral;sim;RUA SAO JOAO, S/N VILA PRIMAVERA MARACANA. 65090-812 São Luís - MA.
21263450;ESC NOVO HORIZONTE E JD NOVO HORIZONTE;-2.60471970;-44.23823931;infantil|fundamental_i;privada;ativa;geral;sim;RUA JACAMIM, LOTEAMENTO DO VALEAN. 65057-854 São Luís - MA.
21248982;ESC NSA SRA DA CONCEICAO;-2.59494100;-44.18406150;infantil|fundamental_i;privada;ativa;geral;sim;RUA OITO, 21 QUADRA 44 BLOCO B. CIDADE OLIMPICA. 65058-512 São Luís - MA.
21013748;ESC SAO JOSE;-2.53448313;-44.28516330;infantil|fundamental_i|fundamental_ii;privada;ativa;geral;nao;RUA SILVIO ROMERO, 85 RETIRO NATAL. 65031-650 São Luís - MA.
21019533;ESC TIA ANNA;-2.58121291;-44.19988590;infantil|fundamental_i|fundamental_ii;privada;ativa;geral;nao;RUA 205 SE, CIDADE OPERARIA. 65058-004 São Luís - MA.
21197040;ESCOLA ADVENTISTA DA CIDADE OPERARIA;-2.57470460;-44.19686470;infantil|fundamental_i|fundamental_ii;privada;ativa;geral;nao;AVENIDA ESTE, 01 UNIDADE 103. CIDADE OPERARIA. 65058-239 São Luís - MA.
21014965;ESCOLA ADVENTISTA MONTE CASTELO;-2.53786700;-44.27818000;infantil|fundamental_i|fundamental_ii;privada;ativa;geral;nao;R. SEROA DA MOTA, 198 MONTE CASTELO. 65031-630 São Luís - MA.
21261202;ESCOLA ALEGRIA DO SABER;-2.58629333;-44.18096833;infantil|fundamental_ii;privada;ativa;geral;sim;RUA QUINZE, 03 QUADRA 31 BLOCO C. CIDADE OLIMPICA. 65058-533 São Luís - MA.
21279861;ESCOLA ANA NERI EDUCACAO PROFISSIONAL COHAB;-2.53960342;-44.22032995;;privada;ativa;geral;nao;AVENIDA JERONIMO DE ALBUQUERQUE MARANHAO, 9 ESPACO ODONTO. COHAB ANIL I. 65051-210 São Luís - MA.
21277893;ESCOLA BALANCANDO SONHOS;-2.50567490;-44.30882880;infantil|fundamental_i;privada;ativa;geral;nao;TRAVESSA NOVE, 13 A. SAO FRANCISCO. 65076-690 São Luís - MA.
21197571;ESCOLA BATISTA RECANTO DO APRENDIZ - EBRA;-2.53378918;-44.28279563;infantil|fundamental_i;privada;ativa;geral;nao;RUA PAULINO DE SOUSA, 118 PROX. HOSP. MARANHEN. MONTE CASTELO. 65035-480 São Luís - MA.
21248974;ESCOLA C RENASCER - JARDIM DE INFANCIA TIA JOANA;-2.58280200;-44.20086000;;privada;paralisada;geral;nao;RUA 05, UNIDADE 205, 30 CIDADE OPERARIA. 65058-005 São Luís - MA.
21276625;ESCOLA CANTINHO MAGICO;-2.54334552;-44.25332486;infantil|fundamental_i;privada;ativa;geral;sim;RUA GUSTAVO BARROSO, 187 VILA PALMEIRA. 65045-580 São Luís - MA.
21252475;ESCOLA CASA FAMILIAR RURAL;-2.70344410;-44.23992330;;municipal;ativa;geral;nao;AVENIDA PRINCIPAL, 1000 COMPLEMENTO. SANTA HELENA. 65092-316 São Luís - MA.
21275890;ESCOLA CHAVE DO SABER;-2.53138153;-44.24557465;infantil|fundamental_i|fundamental_ii;privada;ativa;geral;nao;RUA TRINTA E UM, QUADRA 26, 11 CONJUNTO BEQUIMAO. 65062-270 São Luís - MA.
21018502;ESCOLA COM CASULO;-2.55419900;-44.23324000;infantil|fundamental_i;privada;ativa;geral;sim;RUA TRES CORACOES, 14 JOAO DE DEUS. 65059-040 São Luís - MA.
21018499;ESCOLA COM ORLANDO ARAUJO;-2.49150500;-44.22308167;infantil|fundamental_i|fundamental_ii;privada;ativa;geral;sim;RUA JAU, 48 DIVINEIA. OLHO DAGUA. 65065-200 São Luís - MA.
21018677;ESCOLA COM SAO CAMILO DE LELLIS;-2.50856080;-44.23978470;infantil|fundamental_i;privada;ativa;geral;sim;RUA DOM PEDRO I, 23 VILA VICENTE FIALHO. 65070-240 São Luís - MA.
21195225;ESCOLA COMUNITARIA AYRTON SENNA;-2.54027687;-44.25973160;infantil;privada;ativa;geral;sim;RUA DO RIBEIRAO, 235 VILA PALMEIRA. 65046-370 São Luís - MA.
21280231;ESCOLA COMUNITARIA CELYS FREIRE E JARDIM DE INFANCIA APRENDER;-2.58698000;-44.19746833;infantil|fundamental_i;privada;ativa;geral;sim;RUA 11, 01 QUADRA 24. JARDIM AMERICA. 65058-297 São Luís - MA.
21013136;ESCOLA COMUNITARIA CRIANCA FELIZ;-2.56540141;-44.26505277;infantil|fundamental_i;privada;ativa;geral;sim;RUA PRIMEIRO DE MAIO, 01 ALTO SAO FRANCISCO. COROADINHO. 65041-220 São Luís - MA.
21239762;ESCOLA COMUNITARIA CRIANCA FELIZ;-2.57327709;-44.23948562;infantil;privada;ativa;geral;sim;RUA FLAVIO BEZERRA, 495 TIRIRICAL. 65055-210 São Luís - MA.
21014507;ESCOLA COMUNITARIA EMILIA FERREIRA;-2.53475164;-44.28060832;infantil|fundamental_i;privada;ativa;geral;nao;RUA RAIMUNDO CORREIA, 46 MONTE CASTELO. 65031-510 São Luís - MA.
21240515;ESCOLA COMUNITARIA EVANGELICA AMIGUINHOS DE JESUS;-2.54927580;-44.33315682;infantil;privada;ativa;geral;sim;RUA SEIS DE SETEMBRO, 47 QUADRA 19. VILA SAO LUIS. 65082-575 São Luís - MA.
21020884;ESCOLA COMUNITARIA IVAR SALDANHA;-2.59509880;-44.21233590;infantil|fundamental_i;privada;ativa;geral;sim;AVENIDA PRINCIPAL, 01 BOA VISTA. 65052-840 São Luís - MA.
21247480;ESCOLA COMUNITARIA JANE CINARA;-2.57005472;-44.19709477;infantil|fundamental_i;privada;ativa;geral;sim;RUA PROJETADA III, 05 QD 6I UNID 101. CIDADE OPERARIA. 65058-064 São Luís - MA.
21285950;ESCOLA COMUNITARIA KEZIA RAQUEL;-2.60062389;-44.19957854;infantil|fundamental_i;privada;ativa;geral;sim;RUA SAO FRANCISCO, 13 B SANTA CLARA. 65058-652 São Luís - MA.
21019290;ESCOLA COMUNITARIA LAR EDUCACIONAL;-2.55701425;-44.23357555;infantil;privada;ativa;geral;sim;RUA BOM JESUS, 77 JOAO DE DEUS. 65057-030 São Luís - MA.
21240221;ESCOLA COMUNITARIA LUZ E VIDA;-2.60415207;-44.18739705;infantil|fundamental_i;privada;ativa;geral;sim;RUA DA VITORIA, 06 QUADRA 126. CIDADE OLIMPICA. 65058-525 São Luís - MA.
21011958;ESCOLA COMUNITARIA MAGICA DO SABER;-2.60563217;-44.21322754;infantil;privada;ativa;geral;sim;RUA NOVA, 34 VILA SAO DOMINGOS. CRUZEIRO DE SANTA BARBARA. 65059-823 São Luís - MA.
21013411;ESCOLA COMUNITARIA NOSSA SENHORA DA CONCEICAO;-2.54651577;-44.22236617;infantil;privada;ativa;geral;sim;AVENIDA 14,, 06 RUA 35. COHAB ANIL III. 65051-420 São Luís - MA.
21252564;ESCOLA COMUNITARIA ORGULHO DO SABER;-2.60545340;-44.18608532;infantil|fundamental_i|fundamental_ii;privada;ativa;geral;sim;RUA TRES, 9 CIDADE OLIMPICA. 65058-484 São Luís - MA.
21018553;ESCOLA COMUNITARIA PRIMAVERA;-2.55414690;-44.23388730;infantil|fundamental_i;privada;ativa;geral;sim;TRAVESSA DO PROGRESSO, 540 JOAO DE DEUS. 65059-630 São Luís - MA.
21253099;ESCOLA COMUNITARIA RAIO DE LUZ E CRECHE BRINCANDO COM JESUS;-2.60061440;-44.18129730;infantil|fundamental_i;privada;ativa;geral;sim;RUA DOZE, 10 QUADRA 98, BLOCO C. CIDADE OLIMPICA. 65058-529 São Luís - MA.
21021457;ESCOLA COMUNITARIA ROSA SENA E CRECHE ESCOLA VOVO ROSINHA;-2.55913700;-44.23528000;infantil|fundamental_i;privada;ativa;geral;sim;RUA SAO JOSE, 01 JOAO DE DEUS. 65057-390 São Luís - MA.
21195056;ESCOLA COMUNITARIA RUBEM CESAR SOARES;-2.54525833;-44.22221500;infantil;privada;ativa;geral;sim;AV. ALMEIDA DE OLIVEIRA, 100 III CONJUNTO. COHAB ANIL. 65060-867 São Luís - MA.
21269947;ESCOLA COMUNITARIA SAO RAIMUNDO CRECHE ESCOLA OS TRES PATINHOS;-2.55057500;-44.32918833;infantil;privada;ativa;geral;sim;RUA SAO RAIMUNDO, SN SAO RAIMUNDO ANJO DA GUARDA. 65082-255 São Luís - MA.
21281823;ESCOLA COMUNITARIA TIA POLIANA;-2.54880281;-44.23175204;infantil|fundamental_i;privada;ativa;geral;nao;RUA FREI HERMENEGILDO, 55 AURORA. 65060-190 São Luís - MA.
21576750;ESCOLA COMUNITARIA VAMOS APRENDER;-2.54308167;-44.33505500;infantil|fundamental_i|fundamental_ii;privada;ativa;geral;sim;RUA COSTA MOREIRA, 14 VILA MAURO FECURY I. 65082-637 São Luís - MA.
21276633;ESCOLA COMUNITARIA VIDA NOVA;-2.57041113;-44.20585001;infantil|fundamental_i;privada;ativa;geral;nao;RUA 201 SO, 01 B UNIDADE 201. CIDADE OPERARIA. 65058-236 São Luís - MA.
21279144;ESCOLA CRECHE IDADE DE OURO;-2.67144791;-44.28172430;infantil;privada;ativa;geral;sim;RUA SAO BENEDITO, 1 MATA DE ITAPERA. 65092-158 São Luís - MA.
21195534;ESCOLA CRESCIMENTO;-2.49753840;-44.28636280;infantil|fundamental_i|fundamental_ii;privada;ativa;geral;nao;MITRA, 21 RENASCENCA II. 65075-770 São Luís - MA.
21279446;ESCOLA CRESCIMENTO;-2.49378780;-44.24630820;infantil|fundamental_i|fundamental_ii;privada;ativa;geral;nao;OITO, 08 ALTEROSA LOTE 08 Q/P. CALHAU. 65071-670 São Luís - MA.
21018936;ESCOLA D PEDRO II LTDA;-2.51135931;-44.24729443;fundamental_i|fundamental_ii;privada;ativa;geral;nao;RUA EUCLIDES FARIAS, 55 COHAMA. 65074-080 São Luís - MA.
21014833;ESCOLA DE EDUCACAO BASICA E PROFISSIONAL FUNDACAO BRADESCO;-2.55824546;-44.26611683;infantil|fundamental_i|fundamental_ii;privada;ativa;geral;nao;AVENIDA DOS AFRICANOS, 10 COROADINHO. 65044-295 São Luís - MA.
21013179;ESCOLA DIVINA PROVIDENCIA;-2.53203475;-44.29125632;;privada;extinta;geral;nao;RUA OSWALDO CRUZ, 1451 AO LADO DA FACULDADE. CENTRO. 65020-251 São Luís - MA.
21304203;ESCOLA DOM GIOVANNI MARIA SANNA;-2.59741300;-44.21285000;infantil|fundamental_i;privada;ativa;geral;sim;RUA BRASILIA, 02 CRUZEIRO DE SANTA BARBARA. 65059-817 São Luís - MA.
21277850;ESCOLA E JARDIM DE INFANCIA O CAMINHO DO SABER;-2.50618188;-44.30872123;infantil|fundamental_i;privada;ativa;geral;sim;TRAVESSA NOVE, 42 ILHINHA. SAO FRANCISCO. 65076-690 São Luís - MA.
21280789;ESCOLA EDUCANDO II;-2.54833150;-44.21387160;infantil|fundamental_i|fundamental_ii;privada;ativa;geral;nao;RUA SATIRO DE FARIAS, 25 COHAB ANIL IV. 65053-050 São Luís - MA.
21013187;ESCOLA GURILANDIA EIRELI;-2.53322299;-44.28888478;infantil|fundamental_i;privada;ativa;geral;nao;RUA DEZOITO DE NOVEMBRO, 321 FABRIL. 65020-190 São Luís - MA.
21452210;ESCOLA HORA DE APRENDER TIA MARY;-2.60441990;-44.20268284;infantil;privada;ativa;geral;sim;RUA DA GOIABA, 20 VILA VITORIA. 65059-879 São Luís - MA.
21197016;ESCOLA LIRIO DO CAMPO;-2.53556971;-44.23561235;infantil|fundamental_i|fundamental_ii;privada;ativa;geral;nao;AVENIDA DOIS, 10 ANGELIM. 65063-020 São Luís - MA.
21274134;ESCOLA LUZ DO SABER;-2.55023473;-44.26734302;infantil|fundamental_i;privada;ativa;geral;nao;RUA PROJETADA, 10 QUADRA A. JORDOA. 65042-500 São Luís - MA.
21018812;ESCOLA MENTES BRILHANTES;-2.50155070;-44.21478072;infantil|fundamental_i;privada;ativa;geral;sim;RUA SANTA ROSA, 81 SANTA ROSA. 65068-420 São Luís - MA.
21285527;ESCOLA MUNDO MAGICO;-2.54795978;-44.24645176;infantil|fundamental_i;privada;ativa;geral;nao;RUA DA FLORESTA, 34 SANTA CRUZ. 65047-820 São Luís - MA.
21580693;ESCOLA MUNDO MAGICO POLO I LTDA;-2.59967879;-44.22345062;infantil|fundamental_i|fundamental_ii;privada;ativa;geral;nao;RUA TRINTA E SEIS, 14 QD 110. CONJUNTO SAO RAIMUNDO. 65052-230 São Luís - MA.
21240809;ESCOLA NOSSA SENHORA DA CONCEICAO;-2.56274270;-44.25765230;infantil|fundamental_i;privada;ativa;geral;sim;RUA DAS FLORES, VILA CONCEICAO. 65057-699 São Luís - MA.
21018456;ESCOLA NOSSA SENHORA DA GUIA;-2.57011333;-44.30772833;infantil|fundamental_i|fundamental_ii;privada;ativa;geral;sim;RUA DEZOITO, 13 QUADRA 31. VILA EMBRATEL. 65081-355 São Luís - MA.
21201749;ESCOLA NOSSA SENHORA DE FATIMA;-2.56246720;-44.22507970;infantil|fundamental_i;privada;ativa;geral;sim;RUA VINTE E UM DE ABRIL, 9 H. SAO BERNARDO. 65056-320 São Luís - MA.
21013497;ESCOLA NOSSA SENHORA DE NAZARE;-2.61826025;-44.24218870;infantil;privada;ativa;geral;sim;RUA PRINCIPAL, 84 A TIBIRIZINHO. 65095-820 São Luís - MA.
21519676;ESCOLA NOSSO MUNDO;-2.52747500;-44.24595000;infantil|fundamental_i|fundamental_ii;privada;ativa;geral;nao;RUA CINQUENTA E UM, 21 BEQUIMAO. 65062-470 São Luís - MA.
21013527;ESCOLA PAROQUIAL FREI ALBERTO;-2.55930000;-44.26447167;fundamental_i|fundamental_ii;privada;ativa;geral;nao;AVENIDA DOS AFRICANOS, 11 COROADINHO. 65044-295 São Luís - MA.
21280959;ESCOLA PINHEIROS;-2.52109115;-44.24145989;infantil|fundamental_i|fundamental_ii;privada;ativa;geral;nao;AVENIDA A, 8 CONJ. MANOEL BECKMAN. CONJUNTO MANOEL BECKMAN. 65060-622 São Luís - MA.
21455201;ESCOLA PORTAL DO SABER;-2.50180540;-44.24372880;infantil|fundamental_i|fundamental_ii;privada;ativa;geral;nao;RUA OITO, 14 COHAJAP. 65072-595 São Luís - MA.
21240477;ESCOLA RAIO DE LUZ I EIRELI;-2.49693500;-44.21845333;infantil|fundamental_i|fundamental_ii;privada;ativa;geral;nao;AVENIDA URUGUAI, 59 VILA LITORANEA. OLHO DAGUA. 65065-510 São Luís - MA.
21239843;ESCOLA RAIO DE SOL;-2.55770404;-44.22589707;infantil|fundamental_i|fundamental_ii;privada;ativa;geral;nao;CONJUNTO PLANALTO PINGAO RUA 3 QD 17 Nº 04, 04 PLANALTO. 65060-290 São Luís - MA.
21281807;ESCOLA SABER MAIS;-2.55924210;-44.23018036;infantil|fundamental_i;privada;ativa;geral;nao;RUA GARDENIA RIBEIRO GONCALVES, 14 PROX QDª DE SPORTE. JOAO DE DEUS. 65059-680 São Luís - MA.
21013667;ESCOLA SANTO ANTONIO;-2.53080188;-44.28895704;infantil;privada;ativa;geral;sim;RUA NOVA, DIAMANTE. 65020-410 São Luís - MA.
21201889;ESCOLA SANTO ANTONIO;-2.65284788;-44.31721503;infantil|fundamental_i;privada;ativa;geral;sim;RUA PRINCIPAL, SN RIO DOS CACHORROS. 65091-606 São Luís - MA.
21016437;ESCOLA SESI SAO LUIS;-2.53695595;-44.26973758;infantil|fundamental_i|fundamental_ii;privada;ativa;geral;nao;AVENIDA DOM JOSE DELGADO, SN ALEMANHA. 65036-810 São Luís - MA.
21279640;ESCOLA SONHO DE CRIANCA E COLEGIO ALFA;-2.55675050;-44.23097730;;privada;paralisada;geral;nao;SAO PEDRO, 310 JOAO DE DEUS. 65057-430 São Luís - MA.
21363200;GINASIO ESCOLA NORMAL HENRIQUE DE LA ROCQUE LTDA;-2.53217990;-44.29597880;;privada;paralisada;geral;nao;RUA DO PASSEIO, 249 CENTRO. 65015-370 São Luís - MA.
21267499;GRUPO COM SEMENTE DA ESPERANCA;-2.57364300;-44.26907298;infantil;privada;ativa;geral;sim;TRAVESSA NOSSA SENHORA APARECIDA, 13 VILA DOS FRADES. 65040-882 São Luís - MA.
21014876;GRUPO DA CRECHE COMUNITARIA ALEGRIA DE VIVER;-2.56274420;-44.25765210;infantil;privada;ativa;geral;sim;RUA NOSSA SENHORA DO CARMO, 57 COROADINHO. 65041-120 São Luís - MA.
21387206;IEMA - INSTITUTO ESTADUAL DE EDUCACAO CIENCIA E TECNOLOGIA DO MA - UNIDADE VOCACIONAL ESTALEIRO ESCO;-2.54131950;-44.31202350;;estadual;ativa;geral;nao;RUA DA MANGUEIRA SITIO DO TAMANCAO, S/N ALTO ESPERANCA. 65086-300 São Luís - MA.
21281149;IEMA - INSTITUTO ESTADUAL DE EDUCACAO CIENCIA E TECNOLOGIA DO MA - UNIDADE VOCACIONAL SAO LUIS PRAIA;-2.52905700;-44.30655750;;estadual;ativa;sem_escolarizacao;nao;RUA PORTUGAL, 199 PRAIA GRANDE. CENTRO. 65010-480 São Luís - MA.
21288844;IEMA INSTITUTO ESTADUAL DE EDUCACAO CIENCIA E TECNOLOGIA DO MA UNIDADE VOCACIONAL DICA FERREIRA;-2.55849568;-44.26383387;;estadual;ativa;sem_escolarizacao;nao;RUA MACAU, S/N PROX. AV. AFRICANOS. SITIO LEAL. 65042-686 São Luís - MA.
21436215;IFMA - CAMPUS SAO LUIS CENTRO HISTORICO;-2.53203900;-44.30376000;;federal;ativa;geral;nao;RUA AFONSO PENA, 174 CENTRO. 65010-030 São Luís - MA.
21017638;IFMA - CAMPUS SAO LUIS MARACANA;-2.60863100;-44.26771000;;federal;ativa;geral;nao;AVENIDA DOS CURIOS, S/N VILA ESPERANCA. 65095-460 São Luís - MA.
21199582;IFMA - CAMPUS SAO LUIS MONTE CASTELO;-2.53595796;-44.27826606;;federal;ativa;geral;nao;AVENIDA GETULIO VARGAS, 04 MONTE CASTELO. 65030-005 São Luís - MA.
21283486;IMPERIAL BABY;-2.53136401;-44.29296467;infantil;privada;ativa;geral;nao;RUA OSWALDO CRUZ 1396, CENTRO. 65020-910 São Luís - MA.
21019835;INST DE EDUC E CRECHE MAURICIO JOSE;-2.55927500;-44.23567970;infantil|fundamental_i;privada;ativa;geral;sim;RUA SAO JOSE, JOAO DE DEUS. 65057-390 São Luís - MA.
21019720;INST DIVINA PASTORA;-2.54980692;-44.23910714;infantil|fundamental_i|fundamental_ii;privada;ativa;geral;nao;AVENIDA SANTOS DUMONT, 03 TIRIRICAL. 65046-660 São Luís - MA.
21518661;INST EDUC CONSTRUINDO O SABER;-2.59956900;-44.18499000;infantil|fundamental_i|fundamental_ii;privada;ativa;geral;nao;AVENIDA JAILSON SOUSA VIANA, 04 BLOCO B QD 76. CIDADE OLIMPICA. 65058-483 São Luís - MA.
21018979;INST EDUC MAANAIM;-2.56494833;-44.19603000;infantil|fundamental_i|fundamental_ii;privada;ativa;geral;sim;RUA 11, 38 UNIDADE 101. CIDADE OPERARIA. 65058-025 São Luís - MA.
21253420;INST EDUCACIONAL MENINO JESUS;-2.56131667;-44.33322333;infantil|fundamental_i|fundamental_ii;privada;ativa;geral;nao;RUA SUECIA, 66 QD 11. ANJO DA GUARDA. 65086-287 São Luís - MA.
21015090;INST SENHOR DO BOMFIM;-2.53801167;-44.22051167;infantil|fundamental_i;privada;ativa;geral;sim;AV ALUIZIO AZEVEDO, 01 COHAB ANIL I. 65050-800 São Luís - MA.
21265313;INSTITUTO DE EDUCACAO JUJU E CACAIA TU ES UMA BENCAO;-2.58472833;-44.18575667;infantil|fundamental_i;privada;ativa;geral;sim;AVENIDA JAILSON SOUSA VIANA, 06 QD-B BL-1. CIDADE OLIMPICA. 65058-483 São Luís - MA.
21278245;INSTITUTO DE ENFERMAGEM FLORENCE NIGHTINGALE;-2.52647833;-44.29650667;;privada;paralisada;geral;nao;RUA DOS REMEDIOS, 216 CENTRO. 65020-490 São Luís - MA.
21285357;INSTITUTO DE ENSINO EDUCAR;-2.53807595;-44.19733110;infantil|fundamental_i;privada;ativa;geral;nao;RUA NOVE, 19 COHATRAC. RESIDENCIAL PRIMAVERA. 65052-855 São Luís - MA.
21287333;INSTITUTO DE ENSINO VIVENDO EM CRISTO;-2.50887344;-44.30207874;infantil|fundamental_i|fundamental_ii;privada;ativa;geral;nao;RUA VIRGILIO DOMINGUES, 754 SAO FRANCISCO. 65076-340 São Luís - MA.
21241813;INSTITUTO EDUCACIONAL BENEFICENTE DO ALTO DA VITORIA;-2.56158000;-44.32811000;infantil;privada;ativa;geral;sim;RUA COSTA RICA, 10A QUADRA 16. ANJO DA GUARDA. 65085-115 São Luís - MA.
21017964;INSTITUTO EDUCACIONAL BRANCA DE NEVE;-2.56127167;-44.33533000;infantil;privada;ativa;geral;sim;AVENIDA VATICANO, 57 FUMACE. 65086-789 São Luís - MA.
21018987;INSTITUTO EDUCACIONAL CAMINHO DO CONHECIMENTO;-2.57240000;-44.30775167;infantil|fundamental_i;privada;ativa;geral;nao;RUA VINTE E DOIS, 13 QUADRA 37. VILA EMBRATEL. 65081-367 São Luís - MA.
21288500;INSTITUTO EDUCACIONAL CRECHE FREITAS MARTINS;-2.54755395;-44.32988305;infantil|fundamental_i;privada;ativa;geral;nao;AVENIDA JOSE SARNEY, 15 VILA SAO LUIS. 65082-516 São Luís - MA.
21240507;INSTITUTO EDUCACIONAL E ASSISTENCIAL NOSSA SENHORA APARECIDA;-2.58590558;-44.19003305;;privada;paralisada;geral;nao;RUA BOM JESUS, 20 QUADRA 50. VILA JANAINA. 65058-870 São Luís - MA.
21288135;INSTITUTO EDUCACIONAL E SOCIAL CRIANCAS DE JESUS;-2.60671167;-44.19128667;infantil|fundamental_i;privada;ativa;geral;nao;AVENIDA AMARAL CARVALHO RUA 9 QUADRA I, 04 RES TIRADENTES. CIDADE OLIMPICA. 65058-481 São Luís - MA.
21280797;INSTITUTO EDUCACIONAL E SOCIAL DEUS E AMOR;-2.52961373;-44.32566599;infantil;privada;ativa;geral;sim;RUA DA PAZ SOL NASCENTE, 20 ANJO DA GARDA. VILA NOVA. 65082-779 São Luís - MA.
21287953;INSTITUTO EDUCACIONAL EDUCART;-2.51723091;-44.25554601;infantil|fundamental_i;privada;ativa;geral;nao;RUA TREZE, 15 QUADRA 08. VINHAIS. 65071-330 São Luís - MA.
21282889;INSTITUTO EDUCACIONAL EVANGELICO ALEGRIA DE SABER;-2.56368695;-44.32098702;infantil|fundamental_i;privada;ativa;geral;sim;AVENIDA JAIRZINHO, 25 VILA ISABEL ANJO DA GUARDA. 65080-748 São Luís - MA.
21275920;INSTITUTO EDUCACIONAL GENESIS;-2.56262930;-44.32727660;infantil|fundamental_i;privada;ativa;geral;nao;RUA DINAMARCA QD 18 A, 07 ANJO DA GUARDA. 65085-808 São Luís - MA.
21317402;INSTITUTO EDUCACIONAL MAGNOLIA;-2.54479907;-44.20910658;infantil|fundamental_i|fundamental_ii;privada;ativa;geral;nao;RUA PROJETADA, 10 FORQUILHA. 65054-000 São Luís - MA.
21282048;INSTITUTO EDUCACIONAL MAX KIDS;-2.53476563;-44.22379794;infantil;privada;ativa;geral;sim;RUA UM, 23 JARDIM DE FATIMA. 65053-362 São Luís - MA.
21253587;INSTITUTO EDUCACIONAL MEUS SONHOS;-2.56601700;-44.27519000;infantil|fundamental_i;privada;ativa;geral;sim;AVENIDA BRASIL, 06 QUADRA 4 A. COROADINHO. 65044-370 São Luís - MA.
21263787;INSTITUTO EDUCACIONAL NOVO HORIZONTE;-2.61155531;-44.24186717;infantil|fundamental_i;privada;ativa;geral;sim;RUA EVANDRO BESSA, TIBIRI. 65095-375 São Luís - MA.
21538662;INSTITUTO EDUCACIONAL PACEIRO DE DEUS;-2.56951890;-44.31058310;infantil|fundamental_i|fundamental_ii;privada;ativa;geral;nao;RUA TREZE, 10 QD26. VILA EMBRATEL. 65081-345 São Luís - MA.
21013314;INSTITUTO EDUCACIONAL ROSA DE SAROM;-2.56463840;-44.31020190;infantil;privada;ativa;geral;sim;AVENIDA PERIMETRAL CONTORNO DA UFMA, 02 VILA EMBRATEL. 65081-309 São Luís - MA.
21287210;INSTITUTO EDUCACIONAL SEMEANDO;-2.59797593;-44.22389712;infantil|fundamental_i;privada;ativa;geral;sim;AVENIDA ALPHAVILLE, 25 PONTAL DA ILHA. 65057-661 São Luís - MA.
21018340;INSTITUTO EDUCACIONAL TIA CELINA;-2.57031689;-44.21763307;infantil|fundamental_i|fundamental_ii;privada;ativa;geral;nao;RUA QUARENTA E DOIS, 28 QUADRA 57. JARDIM SAO CRISTOVAO II. 65055-367 São Luís - MA.
21284822;INSTITUTO EDUCACIONAL VOVO EUGENIA;-2.57443707;-44.29379141;infantil;privada;ativa;geral;sim;AVENIDA PARAISO, 11A PONTO FINAL ONIBUS. RESIDENCIAL PARAISO. 65081-700 São Luís - MA.
21022313;INSTITUTO ESTADUAL DE EDUC CIENCIA E TEC DO MA - IEMA UNIDADE VOCACIONAL INTEGRADA DO CAMPO VILA MA;-2.62107963;-44.31688629;;estadual;ativa;geral;nao;RUA DA IGREJA, SN VILA MARANHAO. 65091-130 São Luís - MA.
21022372;INSTITUTO ESTADUAL DE EDUC CIENCIA E TECNOLOGIA DO MA - IEMA UNIDADE VOCACIONAL ESTADO DO CEARA;-2.55779098;-44.25330260;;estadual;ativa;geral;nao;RUA 25, SN COHEB SACAVEM. 65040-000 São Luís - MA.
21021015;INSTITUTO ESTADUAL DE EDUCACAO CIENCIA E TECNOLOGIA DO MA - IEMA PLENO SAO LUIS - MANOEL BECKMAN;-2.52842283;-44.24658943;;estadual;ativa;geral;nao;RUA CINQUENTA E UM, S/N BEQUIMAO. 65062-470 São Luís - MA.
21013926;INSTITUTO ESTADUAL DE EDUCACAO CIENCIA E TECNOLOGIA DO MA - IEMA PLENO SAO LUIS BACELAR PORTELA;-2.54255500;-44.26538930;;estadual;ativa;geral;nao;RUA JORGE DAMOUS, SN PROXIMO AO CORREIO. VILA IVAR SALDANHA. 65040-770 São Luís - MA.
21009872;INSTITUTO ESTADUAL DE EDUCACAO CIENCIA E TECNOLOGIA DO MA - IEMA PLENO SAO LUIS GONCALVES DIAS;-2.54133433;-44.27970752;;estadual;ativa;geral;nao;RUA ARMANDO VIEIRA DA SILVA, S/Nº FATIMA. 65030-130 São Luís - MA.
21283885;INSTITUTO ESTADUAL DE EDUCACAO CIENCIA E TECNOLOGIA DO MA - IEMA PLENO SAO LUIS ITAQUI BACANGA;-2.56752728;-44.31818536;;estadual;ativa;geral;nao;RUA DA ESTRELA, SN VILA EMBRATEL. 65081-291 São Luís - MA.
21019649;INSTITUTO ESTADUAL DE EDUCACAO CIENCIA E TECNOLOGIA DO MA - IEMA PLENO SAO LUIS RIO ANIL;-2.54563239;-44.23734308;;estadual;ativa;geral;nao;RUA DA COMPANHIA, 01 ANIL. 65045-230 São Luís - MA.
21288755;INSTITUTO ESTADUAL DE EDUCACAO CIENCIA E TECNOLOGIA DO MA - IEMA PLENO SAO LUIS TAMANCAO;-2.54107766;-44.31233852;;estadual;ativa;geral;nao;RUA DO APICUM, 6-198 ALTO DA ESPERANCA. 65082-195 São Luís - MA.
21021554;INSTITUTO ESTADUAL DE EDUCACAO CIENCIA E TECNOLOGIA DO MA - IEMA PLENO SAO LUS - JARDIM AMERICA;-2.58757075;-44.20008937;;estadual;ativa;geral;nao;AVENIDA 2 QD.07 LOTES 1 E 2, S/N JARDIM AMERICA. 65058-297 São Luís - MA.
21017042;INSTITUTO ESTADUAL DE EDUCACAO CIENCIA E TECNOLOGIA DO MA -IEMA UNIDADAE PLENA -SAO LUIS SOUSANDRADE;-2.54048583;-44.29347819;;estadual;ativa;geral;nao;PRACA SAO ROQUE, 001 LIRA. 65026-240 São Luís - MA.
21021872;INSTITUTO ESTADUAL DE EDUCACAO CIENCIA E TECNOLOGIA DO MA IEMA PLENO SAO LUIS - MARIA MONICA VALE;-2.51687590;-44.25522370;;estadual;ativa;geral;nao;RUA TREZE, S/Nº VINHAIS. 65071-330 São Luís - MA.
21011125;INSTITUTO ESTADUAL DE EDUCACAO CIENCIA E TECNOLOGIA DO MA- IEMA PLENO SAO LUIS-NEWTON BARJONAS LOBAO;-2.53650300;-44.19972680;;estadual;ativa;geral;nao;RUA OITO, S/N COHATRAC III. 65054-583 São Luís - MA.
21021805;INSTITUTO ESTADUAL DE EDUCACAO CIENCIA E TECNOLOGIA DO MARANHAO - IEMA BILINGUE E INTEGRAL;-2.53437318;-44.24719434;fundamental_i|fundamental_ii;estadual;ativa;geral;nao;AVENIDA CONTORNO, S/N RIO ANIL. 65061-670 São Luís - MA.
21021910;INSTITUTO ESTADUAL DE EDUCACAO CIENCIA E TECNOLOGIA DO MARANHAO-IEMA PLENO SAO LUIS COHAB;-2.54849800;-44.21550541;;estadual;ativa;geral;nao;RUA FRANCISCO GUIMARAES, COHAB ANIL I. 65050-000 São Luís - MA.
21261563;INSTITUTO ESTADUAL DE EDUCAO CINCIA E TECNOLOGIA DO MA - IEMA PLENO SAO LUIS MARIO MARTINS MEIRELES;-2.70119500;-44.30567830;;estadual;ativa;geral;nao;RUA SEIS, SN KM 15, BR 135. MANGUE SECO. 65092-509 São Luís - MA.
21014930;INSTITUTO FARINA DO BRASIL;-2.55326500;-44.26699833;infantil|fundamental_i|fundamental_ii;privada;ativa;geral;sim;RUA JOSE BARRETO, 05 FILIPINHO. 65042-010 São Luís - MA.
21201013;INSTITUTO FILADELFIA;-2.57180897;-44.18795275;infantil|fundamental_i|fundamental_ii;privada;ativa;geral;sim;ALAMEDA CAXIAS, 17 JARDIM TROPICAL. 65058-150 São Luís - MA.
21483205;INSTITUTO FILANTROPICO EDUCACIONAL DAYSE DANIELE;-2.55264575;-44.33081970;infantil|fundamental_i;privada;ativa;geral;sim;RUA VINTE E SEIS, 25 QUADRA 49. VILA MAURO FECURY II. 65082-493 São Luís - MA.
21287198;INSTITUTO REI DAVI;-2.57177912;-44.26261028;infantil|fundamental_i;privada;ativa;geral;nao;RUA SAO JOSE, 10 VILA SAO SEBASTIAO. COROADINHO. 65040-470 São Luís - MA.
21283451;INSTITUTO SOCIAL RENASCER;-2.55941049;-44.27478726;infantil|fundamental_i;privada;ativa;geral;sim;RUA ALBERTO FRANCO, 15 VILA DOS NOBRES. 65044-782 São Luís - MA.
21240272;INSTITUTO SOCIO EDUCACIONAL BETEL ESCOLA BETEL;-2.54779594;-44.27273747;infantil|fundamental_i|fundamental_ii;privada;ativa;geral;sim;RUA SIMEAO COSTA, 173 JOAO PAULO. 65041-590 São Luís - MA.
21253200;INSTITUTO SOCIO EDUCACIONAL CRESCER MUNDO DAS LETRAS;-2.48986568;-44.21808200;;privada;paralisada;geral;nao;RUA SANTA LUZIA, 04 A DIVINEIA OLHO D AGUA. 65068-070 São Luís - MA.
21240825;INSTITUTO SOCIOASSISTENCIAL EDUCANDO ESCOLA EDUCANDO;-2.59958720;-44.18185990;infantil|fundamental_i|fundamental_ii;privada;ativa;geral;sim;AVENIDA DOIS, 04 QUADRA 85 BLOCO C. CIDADE OLIMPICA. 65058-538 São Luís - MA.
21278148;INSTITUTO TECNICO DE ENSINO PROFISSIONALIZANTE 11 ELO;-2.56916525;-44.23262256;;privada;ativa;geral;nao;AVENIDA GUAJAJARAS, 380 1 ANDAR. SAO CRISTOVAO. 65055-285 São Luís - MA.
21281203;INSTITUTO VALDIMIRO SOARES - EC NOSSA SENHORA DA CONCEICAO;-2.49367087;-44.25597076;infantil|fundamental_i;privada;ativa;geral;sim;RUA XAVIER CHAVES, 112 VILA CONCEICAO CALHAU. 65071-842 São Luís - MA.
21285888;INTITUTO PROJETAR E EDUCACIONAL DO MARANHAO;-2.50717811;-44.24075950;;privada;paralisada;geral;nao;RUA DA ASSEMBLEIA, SN VICENTE FIALHO. 65066-620 São Luís - MA.
21018154;JARDIM DE INFANCIA FREI OSVALDO;-2.56901006;-44.27172132;infantil|fundamental_i|fundamental_ii;privada;ativa;geral;sim;RUA FREI OSVALDO, 44 COROADINHO. 65042-520 São Luís - MA.
21240736;JARDIM DE INFANCIA MORANGUINHO;-2.53629345;-44.27048361;infantil;privada;ativa;geral;sim;RUA LUIS DE CARVALHO, 25 QUADRA C. ALEMANHA. 65036-420 São Luís - MA.
21281084;JARDIM DE INFANCIA TIN-TIN LTDA-ME;-2.51166728;-44.24660982;infantil;privada;ativa;geral;nao;RUA EUCLIDES FARIAS, 49 COHAMA. 65074-080 São Luís - MA.
21257736;JD CRIANCA FUTURO DO AMANHA;-2.57248333;-44.26836000;infantil|fundamental_i|fundamental_ii;privada;ativa;geral;sim;RUA EPITACIO CAFETEIRA I, 19 COROADINHO-VILA DOS FRADES. 65040-710 São Luís - MA.
21261172;JI PARAISO INFANTIL;-2.66082710;-44.29420340;infantil;privada;ativa;geral;nao;RUA TRES NASCENTES, 10 BR-135 KM 10. RIO GRANDE. 65091-808 São Luís - MA.
21617660;JI ROSA MENINA E COLEGIO SANTO EXPEDITO;-2.54179121;-44.20399570;infantil|fundamental_i|fundamental_ii;privada;ativa;geral;nao;RUA E, 56 QUADRA 27. COHATRAC I. 65053-620 São Luís - MA.
21012660;JI SENADOR JOAO CASTELO;-2.54727333;-44.29144667;infantil;privada;ativa;geral;nao;RUA TRINTA, 12 QUADRA 63. AREINHA. 65032-140 São Luís - MA.
21015260;JIC MAE ANDREZA;-2.53843921;-44.29758939;infantil;privada;ativa;geral;nao;RUA SAO PANTALEAO, 857 CENTRO. 65015-460 São Luís - MA.
21020019;JIC ROSA DE MAIO;-2.53967073;-44.27049093;infantil;privada;ativa;geral;sim;RUA ANTONIO BAYMA, CARATATIUA. 65036-050 São Luís - MA.
21289999;LABORO COLEGIO;-2.58500904;-44.20435362;fundamental_i|fundamental_ii;privada;ativa;geral;nao;AV 01 QUADRA 01 APACO, 7 APACO. 65058-284 São Luís - MA.
21273456;MAPLE BEAR SAO LUIS;-2.49742280;-44.28715860;infantil|fundamental_i|fundamental_ii;privada;ativa;geral;nao;VALE, 23 RENASCENCA II. 65075-770 São Luís - MA.
21278938;NETCOM TREINAMENTO E SOLUCOES TECNOLOGICAS LTDA;-2.54266143;-44.21550575;;privada;paralisada;geral;nao;RUA PADRE ANTONIO VIEIRA, 37 COHAB ANIL IV. 65051-670 São Luís - MA.
21426201;RENASCER PARA O FUTURO ESCOLA CRECHE;-2.63583833;-44.25159500;infantil;privada;ativa;geral;sim;RUA RIO TURIACU, 08 RIBEIRA. 65094-041 São Luís - MA.
21278180;SAPECA DO SABER;-2.52752500;-44.28515333;infantil|fundamental_i;privada;ativa;geral;nao;RUA GREGORIO DE MATOS, 243 ESQUINA BOB MARLEY. LIBERDADE. 65035-280 São Luís - MA.
21248494;SENAI - CENTRO DE EDUCACAO PROFISSIONAL E TECNOLOGICO RAIMUNDO FRANCO TEIXEIRA;-2.53505277;-44.27864623;;privada;ativa;geral;nao;AVENIDA GETULIO VARGAS, 2888 MONTE CASTELO. 65030-005 São Luís - MA.
21282749;SENAI- CENTRO DE EDUCACAO PROFISSIONAL E TECNOLOGICA DISTRITO INDUSTRIAL;-2.62204380;-44.25973240;;privada;ativa;geral;nao;BR 135 KM 5, SN DISTRITO INDUSTRIAL TIBIRI. 65095-602 São Luís - MA.
21021880;UE 1º DE MAIO;-2.57996667;-44.18918000;fundamental_ii;municipal;ativa;geral;nao;AVENIDA TANCREDO NEVES, 100 COMPLEMENTO. SANTA EFIGENIA. 65058-733 São Luís - MA.
21021945;UE DR AQUILES LISBOA;-2.53741220;-44.32581630;fundamental_i|fundamental_ii;municipal;ativa;geral;nao;RUA BOM JESUS, 10 COMPLEMENTO. VILA NOVA. 65082-708 São Luís - MA.
21240426;UEB ALBERTO PINHEIRO;-2.52906879;-44.29300021;infantil;municipal;ativa;geral;nao;PARQUE URBANO SANTOS, 465 COMPLEMENTO. CENTRO. 65020-610 São Luís - MA.
21015635;UEB ANTONIO LOPES;-2.53270820;-44.30281410;infantil;municipal;ativa;geral;nao;RUA DA SAUDE, 244 COMPLEMENTO. CENTRO. 65010-620 São Luís - MA.
21015295;UEB ARARIPINA DE ALENCAR FECURY;-2.54918667;-44.28154000;infantil;municipal;ativa;geral;nao;RUA DEP JOAO HENRIQUE, 100 COMPLEMENTO. BAIRRO DE FATIMA. 65030-400 São Luís - MA.
21020086;UEB BEIJA FLOR;-2.69775000;-44.38262833;infantil;municipal;ativa;geral;nao;RUA PRINCIPAL, 21 COMPLEMENTO. JACAMIM. 65040-000 São Luís - MA.
21015163;UEB BERNARDINA SPINDOLA;-2.52676348;-44.29310968;infantil;municipal;ativa;geral;nao;RUA CELSO MAGALHAES, 100 COMPLEMENTO. CENTRO. 65020-130 São Luís - MA.
21269084;UEB CECILIA MEIRELES;-2.59215419;-44.18593285;infantil;municipal;ativa;geral;nao;RUA 06, 5 COMPLEMENTO. CIDADE OLIMPICA. 65058-500 São Luís - MA.
21020132;UEB CHAPEUZINHO VERMELHO;-2.55811565;-44.20754386;infantil;municipal;ativa;geral;nao;RUA JOAO DAMAZIO PINHEIRO, 200 COMPLEMENTO. MAIOBINHA. 65052-140 São Luís - MA.
21241481;UEB CLEONICE LOPES;-2.67776900;-44.27665000;infantil;municipal;ativa;geral;nao;RUA PRINCIPAL, 19 COMPLEMENTO. ITAPERA. 65092-115 São Luís - MA.
21257493;UEB DARCY RIBEIRO;-2.55782410;-44.26251880;infantil;municipal;ativa;geral;nao;RUA DARCY RIBEIRO, 100 COMPLEMENTO. SACAVEM. 65043-763 São Luís - MA.
21021341;UEB DESEMBARGADOR THALES RIBEIRO GONCALVES;-2.57478300;-44.23897000;infantil;municipal;ativa;geral;nao;TRAVESSA CAMPO ESTRELA, 100 TIRIRICAL. SAO CRISTOVAO. 65010-000 São Luís - MA.
21015198;UEB DILSON RAMOS BESSA;-2.61303058;-44.26670277;infantil;municipal;ativa;geral;nao;ESTRADA DA VITORIA, 115 COMPLEMENTO. VILA ESPERANCA. 65095-450 São Luís - MA.
21015201;UEB DR CARLOS MACIEIRA;-2.54586757;-44.28299442;infantil;municipal;ativa;geral;nao;AVENIDA KENNEDY, 1486 COMPLEMENTO. BAIRRO DE FATIMA. 65031-040 São Luís - MA.
21241520;UEB DR OLIVEIRA ROMA;-2.52014104;-44.26949625;infantil;municipal;ativa;geral;nao;RUA GRANDE, SN COMPLEMENTO. RECANTO DOS VINHAIS. 65070-260 São Luís - MA.
21019991;UEB ELIZABETH FECURY;-2.56374091;-44.32033243;infantil;municipal;ativa;geral;nao;RUA DO COMERCIO, 12 COMPLEMENTO. VILA ISABEL. 65080-100 São Luís - MA.
21015210;UEB EMIR JUSTINO RIBEIRO;-2.56414800;-44.21808000;infantil;municipal;ativa;geral;nao;RUA SAO BENEDITO, 185 COMPLEMENTO. SAO BERNARDO. 65056-200 São Luís - MA.
21272913;UEB ENS FUND 21 DE ABRIL;-2.63129681;-44.28349587;fundamental_i;municipal;ativa;geral;nao;RUA 02 QD I, 100 COMPLEMENTO. MARACANA. 65090-850 São Luís - MA.
21200807;UEB ENS FUND AGOSTINHO VASCONCELOS;-2.54046410;-44.24390260;fundamental_i|fundamental_ii;municipal;ativa;geral;nao;RUA 03, 200 COMPLEMENTO. ANIL. 65047-340 São Luís - MA.
21016909;UEB ENS FUND ALBERICO SILVA;-2.53695833;-44.27411500;fundamental_i|fundamental_ii;municipal;ativa;geral;nao;RUA VIVEIROS DE CASTRO, 100 COMPLEMENTO. ALEMANHA. 65036-710 São Luís - MA.
21016453;UEB ENS FUND ALBERTO PINHEIRO;-2.52902198;-44.29322906;fundamental_i|fundamental_ii;municipal;ativa;geral;nao;PARQUE URBANO SANTOS, 465 COMPLEMENTO. CENTRO. 65020-610 São Luís - MA.
21021899;UEB ENS FUND ANA LUCIA CHAVES FECURY;-2.56150600;-44.21888000;fundamental_i|fundamental_ii;municipal;ativa;geral;nao;RUA SANTO ANTONIO, 200 COMPLEMENTO. SAO BERNARDO. 65056-190 São Luís - MA.
21020663;UEB ENS FUND ANJO DA GUARDA;-2.55801114;-44.33308427;fundamental_i;municipal;ativa;geral;nao;RUA GUADALUPE, SN COMPLEMENTO. ANJO DA GUARDA. 65085-308 São Luís - MA.
21021333;UEB ENS FUND ANTONINHO BALDEZ;-2.75453333;-44.31648667;fundamental_ii;municipal;ativa;geral;nao;RUA DAS HORTAS, 120 COMPLEMENTO. IGARAU. 65010-000 São Luís - MA.
21021546;UEB ENS FUND ANTONIO VIEIRA;-2.57023300;-44.22396000;fundamental_i|fundamental_ii;municipal;ativa;geral;nao;RUA CONEGO RIBAMAR CARVALHO, 0 COMPLEMENTO. JARDIM SAO CRISTOVAO. 65055-140 São Luís - MA.
21275360;UEB ENS FUND ARTUR NABANTINO GONCALVES DE AZEVEDO;-2.68719833;-44.29701000;fundamental_i|fundamental_ii;municipal;ativa;geral;nao;TRAVESSA 13 DE MAIO, 58 COMPLEMENTO. PEDRINHAS. 65095-603 São Luís - MA.
21016445;UEB ENS FUND BANDEIRA TRIBUZZI;-2.52334693;-44.29497030;fundamental_i|fundamental_ii;municipal;ativa;geral;nao;RUA DAS HORTAS, 256 COMPLEMENTO. CENTRO. 65010-270 São Luís - MA.
21016550;UEB ENS FUND CAMELIA COSTA VIVEIROS;-2.55277305;-44.27069773;fundamental_i|fundamental_ii;municipal;ativa;geral;nao;RUA DO ARROZ, 110 COMPLEMENTO. COROADO. 65042-140 São Luís - MA.
21287279;UEB ENS FUND CONEGO SIDNEY CASTELO BRANCO FURTADO;-2.54849333;-44.32977167;fundamental_i|fundamental_ii;municipal;ativa;geral;nao;AVENIDA JOSE SARNEY, 120 COMPLEMENTO. VILA ARIRI. 65085-470 São Luís - MA.
21252483;UEB ENS FUND DARCY RIBEIRO;-2.55820510;-44.26114290;fundamental_i|fundamental_ii;municipal;ativa;geral;nao;AVENIDA DOS AFRICANOS, 1500 COMPLEMENTO. SACAVEM. 65040-515 São Luís - MA.
21252521;UEB ENS FUND DES THALES RIBEIRO GONCALVES;-2.57453785;-44.23983781;fundamental_i;municipal;ativa;geral;nao;TRAVESSA CAMPO ESTRELA, 100 COMPLEMENTO. SAO CRISTOVAO. 65055-070 São Luís - MA.
21261539;UEB ENS FUND DOM JOSE MEDEIROS DELGADO;-2.59696841;-44.22085994;fundamental_i|fundamental_ii;municipal;ativa;geral;nao;RUA DA ARVORE, 2 COMPLEMENTO. VILA CASCAVEL. 65053-600 São Luís - MA.
21020752;UEB ENS FUND DR NETO GUTERRES;-2.53035833;-44.23840000;fundamental_i|fundamental_ii;municipal;ativa;geral;nao;RUA TARQUINIO LOPES, 110 COMPLEMENTO. ANGELIM. 65063-470 São Luís - MA.
21194553;UEB ENS FUND DR OLIVEIRA ROMA;-2.52027034;-44.26955286;fundamental_i;municipal;ativa;geral;nao;RUA GRANDE, 200 COMPLEMENTO. RECANTO DOS VINHAIS. 65070-260 São Luís - MA.
21021368;UEB ENS FUND DRA MARIA ALICE COUTINHO;-2.52289963;-44.22623391;fundamental_i|fundamental_ii;municipal;ativa;geral;nao;AVENIDA SAO LUIS REI DE FRANCA, 150 COMPLEMENTO. TURU. 65065-470 São Luís - MA.
21021988;UEB ENS FUND ELZUILA ABREU;-2.52043290;-44.22611270;fundamental_i;municipal;ativa;geral;nao;AVENIDA SAO LUIS REI DE FRANCA, 100 COMPLEMENTO. TURU. 65065-470 São Luís - MA.
21272905;UEB ENS FUND ESTUDANTE EDSON LUIZ DE LIMA SOUTO;-2.55281744;-44.31950327;fundamental_i|fundamental_ii;municipal;ativa;geral;nao;RUA 04, 300 COMPLEMENTO. ANJO DA GUARDA. 65090-074 São Luís - MA.
21021376;UEB ENS FUND EVANDRO BESSA - ESTIVA;-2.75824731;-44.35393587;infantil|fundamental_i|fundamental_ii;municipal;ativa;geral;nao;RUA BENEDITO LEITE, 100 COMPLEMENTO. ESTIVA. 65045-000 São Luís - MA.
21016097;UEB ENS FUND EVANDRO BESSA - STA BARBARA;-2.60358978;-44.21184747;fundamental_i|fundamental_ii;municipal;ativa;geral;nao;AV.PRINCIPAL, 300 COMPLEMENTO. SANTA BARBARA. 65060-080 São Luís - MA.
21277346;UEB ENS FUND GALILEU CLEMENTINO RAMOS SANTOS;-2.60254108;-44.20348593;fundamental_i|fundamental_ii;municipal;ativa;geral;nao;AVENIDA SAO JERONIMO, 7297 COMPLEMENTO. CRUZEIRO DE SANTA BARBARA. 65059-820 São Luís - MA.
21022020;UEB ENS FUND GOMES DE SOUSA;-2.62084758;-44.31787568;fundamental_i|fundamental_ii;municipal;ativa;geral;nao;RUA DA IGREJA, 100 PROXIMO A IGREJA. VILA MARANHAO. 65091-130 São Luís - MA.
21277133;UEB ENS FUND GOVERNADOR JACKSON KEPLER LAGO;-2.56514000;-44.19440500;fundamental_i|fundamental_ii;municipal;ativa;geral;nao;AVENIDA CONTORNO LESTE, 400 COMPLEMENTO. CIDADE OPERARIA. 65058-427 São Luís - MA.
21268967;UEB ENS FUND GOVERNADOR LEONEL BRIZOLA;-2.49522900;-44.20968410;fundamental_i|fundamental_ii;municipal;ativa;geral;nao;RUA DO CANAVIAL, 100 COMPLEMENTO. VILA LUIZAO. 65068-653 São Luís - MA.
21022046;UEB ENS FUND HAYDEE CHAVES;-2.61560167;-44.25581333;fundamental_i|fundamental_ii;municipal;ativa;geral;nao;RUA NOSSA SENHORA DA CONCEICAO, 100 COMPLEMENTO. VILA ESPERANCA. 65040-000 São Luís - MA.
21020850;UEB ENS FUND HENRIQUE DE LA ROQUE ALMEIDA;-2.56753715;-44.31140370;fundamental_i|fundamental_ii;municipal;ativa;geral;nao;AVENIDA PRINCIPAL, 1 COMPLEMENTO. VILA EMBRATEL. 65081-400 São Luís - MA.
21022054;UEB ENS FUND HORTENCIA PINHO;-2.72835583;-44.35906386;fundamental_i|fundamental_ii;municipal;ativa;geral;nao;RUA NOSSA SENHORA DA VITORIA, 22 COMPLEMENTO. COQUEIRO. 65093-212 São Luís - MA.
21218935;UEB ENS FUND JOAO DO VALE;-2.59130833;-44.31126500;fundamental_i|fundamental_ii;municipal;ativa;geral;nao;AVENIDA PRINCIPAL, 200 COMPLEMENTO. ITAQUI BACANGA. 65083-430 São Luís - MA.
21261504;UEB ENS FUND JOAO LIMA SOBRINHO;-2.56348900;-44.27399720;fundamental_i|fundamental_ii;municipal;ativa;geral;nao;AVENIDA TAMBOR DE CRIOULAS, SN COMPLEMENTO. PARQUE TIMBIRA. 65042-427 São Luís - MA.
21278393;UEB ENS FUND JORNALISTA NEIVA MOREIRA;-2.52804429;-44.24907573;infantil|fundamental_i|fundamental_ii;municipal;ativa;geral;nao;AVENIDA 01, 100 COMPLEMENTO. BEQUIMAO. 65062-190 São Luís - MA.
21016968;UEB ENS FUND JOSE ASSUB;-2.55014100;-44.24771000;fundamental_i|fundamental_ii;municipal;ativa;geral;nao;RUA SANTA LAURA, 120 COMPLEMENTO. SANTA CRUZ. 65046-440 São Luís - MA.
21016712;UEB ENS FUND JOSE CUPERTINO;-2.54437500;-44.26934333;fundamental_i;municipal;ativa;geral;nao;RUA GETULIO VARGAS, 30 COMPLEMENTO. JOAO PAULO. 65040-020 São Luís - MA.
21269203;UEB ENS FUND JOSE RIBAMAR BOGEA;-2.60106630;-44.18288290;fundamental_i|fundamental_ii;municipal;ativa;geral;nao;RUA 10 TRAVESSA N, 60 COMPLEMENTO. CIDADE OLIMPICA. 65058-527 São Luís - MA.
21020957;UEB ENS FUND JOSEFINA SERRAO;-2.66002500;-44.35496000;fundamental_i|fundamental_ii;municipal;ativa;geral;nao;RUA PRINCIPAL, 110 COMPLEMENTO. PORTO GRANDE. 65091-100 São Luís - MA.
21022119;UEB ENS FUND JOSUE MONTELLO;-2.55774322;-44.25452816;fundamental_i|fundamental_ii;municipal;ativa;geral;nao;RUA 23, 150 COMPLEMENTO. SACAVEM. 65043-550 São Luís - MA.
21016747;UEB ENS FUND JUSTO JANSEN;-2.53364322;-44.29913007;fundamental_i|fundamental_ii;municipal;ativa;geral;nao;RUA CANDIDO RIBEIRO, 336 COMPLEMENTO. CENTRO. 65015-090 São Luís - MA.
21021481;UEB ENS FUND LINDALVA TEOTONIA NUNES;-2.56432100;-44.31950000;fundamental_i|fundamental_ii;municipal;ativa;geral;nao;RUA SENADOR POMPEU, 400 COMPLEMENTO. VILA ISABEL. 65080-000 São Luís - MA.
21016755;UEB ENS FUND LUIS SERRA;-2.53280000;-44.30264330;fundamental_i;municipal;ativa;geral;nao;RUA DA SAUDE, 244 COMPLEMENTO. CENTRO. 65010-620 São Luís - MA.
21016976;UEB ENS FUND LUIS VIANA;-2.53638256;-44.26942348;fundamental_ii;municipal;ativa;geral;nao;AVENIDA DOM JOSE DELGADO, SN COMPLEMENTO. ALEMANHA. 65036-810 São Luís - MA.
21021627;UEB ENS FUND MAJOR JOSE AUGUSTO MOCHEL;-2.62882300;-44.28976000;fundamental_i|fundamental_ii;municipal;ativa;geral;nao;RUA PRINCIPAL, 2000 COMPLEMENTO. MARACANA. 65090-842 São Luís - MA.
21021023;UEB ENS FUND MANUELA VARELA;-2.61948258;-44.35172282;fundamental_i;municipal;ativa;geral;nao;RUA PARNAUACU, 289 VILA MARANHAO. CAJUEIRO. 65091-003 São Luís - MA.
21021490;UEB ENS FUND MARIA JOSE VAZ DOS SANTOS;-2.55941900;-44.23017000;fundamental_i|fundamental_ii;municipal;ativa;geral;nao;TRAVESSA PE.VIEIRA, 50 COMPLEMENTO. PARQUE UNIVERSITARIO. 65056-070 São Luís - MA.
21016496;UEB ENS FUND MARIA ROCHA;-2.55121167;-44.29045667;fundamental_i|fundamental_ii;municipal;ativa;geral;nao;AVENIDA DOS AFRICANOS, 2100 COMPLEMENTO. AREINHA. 65032-075 São Luís - MA.
21200475;UEB ENS FUND MARIANA PAVAO;-2.53556153;-44.24613511;fundamental_i;municipal;ativa;geral;nao;AVENIDA CONTORNO, 100 COMPLEMENTO. RIO ANIL. 65061-670 São Luís - MA.
21021074;UEB ENS FUND MARIO PEREIRA;-2.63423695;-44.26876732;fundamental_i;municipal;ativa;geral;nao;RUA DO RIBEIRAO, 5 COMPLEMENTO. VILA SARNEY. 65090-659 São Luís - MA.
21194653;UEB ENS FUND MENINO JESUS DE PRAGA;-2.50476157;-44.25212813;fundamental_i|fundamental_ii;municipal;ativa;geral;nao;RUA 02, 50 COMPLEMENTO. PLANALTO VINHAIS II. 65074-870 São Luís - MA.
21021414;UEB ENS FUND MINISTRO CARLOS MADEIRA;-2.56416500;-44.33135167;fundamental_i|fundamental_ii;municipal;ativa;geral;nao;PRACA TAGUATUR, 100 COMPLEMENTO. ANJO DA GUARDA. 65070-000 São Luís - MA.
21016984;UEB ENS FUND MINISTRO MARIO ANDREAZZA;-2.52897538;-44.28458068;fundamental_i|fundamental_ii;municipal;ativa;geral;nao;RUA MACHADO DE ASSIS, 16 COMPLEMENTO. LIBERDADE. 65035-380 São Luís - MA.
21022410;UEB ENS FUND MONSENHOR FREDERICO CHAVES;-2.51432000;-44.30714000;fundamental_i|fundamental_ii;municipal;ativa;geral;nao;RUA PRESIDENTE DUTRA, 200 COMPLEMENTO. SAO FRANCISCO. 65076-060 São Luís - MA.
21022151;UEB ENS FUND NEWTON NEVES;-2.54411259;-44.25557703;fundamental_i|fundamental_ii;municipal;ativa;geral;nao;AVENIDA PRINCIPAL, 100 COMPLEMENTO. VILA PALMEIRA. 65040-000 São Luís - MA.
21021139;UEB ENS FUND NOSSA SENHORA DAS MERCES;-2.69776167;-44.38260000;fundamental_i|fundamental_ii;municipal;ativa;geral;nao;RUA PRINCIPAL, 21 COMPLEMENTO. JACAMIM. 65093-202 São Luís - MA.
21022542;UEB ENS FUND ODYLO COSTA FILHO;-2.54871229;-44.31615933;fundamental_i|fundamental_ii;municipal;ativa;geral;nao;RUA RAINHA ELIZABETH, 20 COMPLEMENTO. ALTO DA ESPERANCA. 65082-141 São Luís - MA.
21021759;UEB ENS FUND OLINDA DESTERRO;-2.50896052;-44.24113349;fundamental_i|fundamental_ii;municipal;ativa;geral;nao;AVENIDA BRASIL, 100 COMPLEMENTO. VICENTE FIALHO. 65070-130 São Luís - MA.
21287260;UEB ENS FUND PIANCO;-2.56964833;-44.29487500;fundamental_i;municipal;ativa;geral;nao;AVENIDA PIANCO, COMPLEMENTO. VILA EMBRATEL. 65010-620 São Luís - MA.
21021686;UEB ENS FUND PRIMAVERA;-2.53944000;-44.19862000;fundamental_i|fundamental_ii;municipal;ativa;geral;nao;RUA 9, 10 COMPLEMENTO. COHATRAC. 65052-855 São Luís - MA.
21303800;UEB ENS FUND PROF JOAO DE SOUZA GUIMARAES;-2.49147625;-44.21749675;fundamental_i|fundamental_ii;municipal;ativa;geral;nao;RUA ARGENTINA, 94 COMPLEMENTO. DIVINEIA. 65046-440 São Luís - MA.
21266905;UEB ENS FUND PROF JOSE DA SILVA ROSA;-2.56116100;-44.22225000;fundamental_i|fundamental_ii;municipal;ativa;geral;nao;RUA ELIEZER SILVA, 400 COMPLEMENTO. SAO BERNARDO. 65056-040 São Luís - MA.
21021619;UEB ENS FUND PROF JOSE GONCALVES DO AMARAL RAPOSO;-2.69339383;-44.30690420;fundamental_i|fundamental_ii;municipal;ativa;geral;nao;RUA DA ESTACAO, 10 COMPLEMENTO. PEDRINHAS. 65092-676 São Luís - MA.
21021163;UEB ENS FUND PROF LUIS REGO;-2.59808952;-44.24880105;fundamental_i|fundamental_ii;municipal;ativa;geral;nao;RUA TREZE DE MAIO, 100 COMPLEMENTO. VILA ITAMAR II. 65090-074 São Luís - MA.
21016380;UEB ENS FUND PROF LUZENIR MATA ROMA;-2.64555960;-44.27706770;fundamental_i|fundamental_ii;municipal;ativa;geral;nao;RUA DA PEDREIRA, 100 COMPLEMENTO. VILA NOVA REPUBLICA. 65090-539 São Luís - MA.
21287937;UEB ENS FUND PROF MARIA THEREZA CABRAL;-2.65316925;-44.29210456;fundamental_i|fundamental_ii;municipal;ativa;geral;nao;RUA BOM JARDIM, 10 COMPLEMENTO. RIO GRANDE. 65091-775 São Luís - MA.
21252505;UEB ENS FUND PROF MATA ROMA;-2.58223000;-44.19875850;fundamental_i|fundamental_ii;municipal;ativa;geral;nao;AVENIDA ESTE INTERNA UNIDADE 205, 100 COMPLEMENTO. CIDADE OPERARIA. 65058-600 São Luís - MA.
21021503;UEB ENS FUND PROF NASCIMENTO DE MORAES;-2.58113300;-44.19808000;fundamental_i|fundamental_ii;municipal;ativa;geral;nao;AVENIDA 105, 100 COMPLEMENTO. CIDADE OPERARIA. 65058-150 São Luís - MA.
21252513;UEB ENS FUND PROF RONALD DA SILVA CARVALHO;-2.49893120;-44.21956046;fundamental_i|fundamental_ii;municipal;ativa;geral;nao;AVENIDA BRASIL, 200 COMPLEMENTO. DIVINEIA. 65065-450 São Luís - MA.
21269092;UEB ENS FUND PROF ROSALIA FREIRE;-2.56578345;-44.32097797;fundamental_i|fundamental_ii;municipal;ativa;geral;nao;AVENIDA DOS PORTUGUESES, 1000 COMPLEMENTO. VILA ISABEL. 65010-000 São Luís - MA.
21016399;UEB ENS FUND PROF ROSILDA CORDEIRO;-2.69627804;-44.21776157;fundamental_i|fundamental_ii;municipal;ativa;geral;nao;TRAVESSA DO PASSEIO, 100 QUEBRA POTE. 65092-292 São Luís - MA.
21016810;UEB ENS FUND PROF RUBEM ALMEIDA;-2.56532833;-44.26542333;fundamental_i|fundamental_ii;municipal;ativa;geral;nao;RUA DA MANGUEIRA, 400 COMPLEMENTO. COROADINHO. 65040-820 São Luís - MA.
21261520;UEB ENS FUND PROF RUBEM TEIXEIRA GOULART;-2.55064570;-44.21955650;fundamental_i|fundamental_ii;municipal;ativa;geral;nao;RUA 06, 5 CONJUNTO CENTAUROS. COHAB ANIL III. 65053-155 São Luís - MA.
21021783;UEB ENS FUND PROF SA VALLE;-2.54480217;-44.23913810;fundamental_i|fundamental_ii;municipal;ativa;geral;nao;RUA DA COMPANHIA, 100 COMPLEMENTO. ANIL. 65045-230 São Luís - MA.
21021201;UEB ENS FUND PROTECAO DE JESUS;-2.67193667;-44.18467000;fundamental_i|fundamental_ii;municipal;ativa;geral;nao;RUA PRINCIPAL, 100 COMPLEMENTO. MATO GROSSO. 65061-020 São Luís - MA.
21016291;UEB ENS FUND RAIMUNDO CHAVES;-2.55731325;-44.31292955;fundamental_i;municipal;ativa;geral;nao;RUA UNIAO BELO, 04 VILA BACANGA. 65080-590 São Luís - MA.
21017034;UEB ENS FUND RIVANDA BERENICE BRAGA;-2.54518667;-44.26207333;fundamental_i|fundamental_ii;municipal;ativa;geral;nao;PRACA DO BARRETO, 6 COMPLEMENTO. BARRETO. 65040-500 São Luís - MA.
21021228;UEB ENS FUND ROSA DE SARON;-2.65002500;-44.21077833;fundamental_i;municipal;ativa;geral;nao;RUA PRINCIPAL, 100 COMPLEMENTO. CAJUPARY. 65059-820 São Luís - MA.
21016828;UEB ENS FUND ROSARIO NINA;-2.55040793;-44.28245137;fundamental_i|fundamental_ii;municipal;ativa;geral;nao;RUA EDUARDO VIANA PEREIRA, 28 COMPLEMENTO. FATIMA. 65030-520 São Luís - MA.
21269076;UEB ENS FUND ROSENO DE JESUS MENDES;-2.59232800;-44.18922000;fundamental_i|fundamental_ii;municipal;ativa;geral;nao;AVENIDA JOSE RIBAMAR DE OLIVEIRA, 130 COMPLEMENTO. VILA JANAINA. 65058-797 São Luís - MA.
21274606;UEB ENS FUND RUBENS FERREIRA ROSA;-2.75431690;-44.32166540;fundamental_i|fundamental_ii;municipal;ativa;geral;nao;TRAVESSA FE EM DEUS II, 100 COMPLEMENTO. NOVA REPUBLICA. 65099-990 São Luís - MA.
21022240;UEB ENS FUND SALOMAO FIQUENE;-2.61357636;-44.24138436;fundamental_i|fundamental_ii;municipal;ativa;geral;nao;RUA SANTO ANTONIO, 100 COMPLEMENTO. TIBIRI. 65095-330 São Luís - MA.
21239371;UEB ENS FUND SANTA CLARA;-2.59802000;-44.19898000;fundamental_i|fundamental_ii;municipal;ativa;geral;nao;RUA TRES AMIGOS, 1000 COMPLEMENTO. SANTA CLARA. 65058-660 São Luís - MA.
21022283;UEB ENS FUND SANTO ANTONIO;-2.59426470;-44.21392526;fundamental_i;municipal;ativa;geral;nao;AVENIDA INDEPENDENCIA, 29 COMPLEMENTO. CRUZEIRO DE SANTA BARBARA. 65059-812 São Luís - MA.
21022267;UEB ENS FUND SAO JOSE;-2.50476016;-44.20695585;fundamental_i|fundamental_ii;municipal;ativa;geral;nao;RUA GENERAL ARTUR CARVALHO, 4 COMPLEMENTO. TURU. 65066-320 São Luís - MA.
21021511;UEB ENS FUND SAO JOSE ITAPERA;-2.67570667;-44.27195333;fundamental_i|fundamental_ii;municipal;ativa;geral;nao;RUA GRANDE, 120 COMPLEMENTO. ITAPERA. 65092-100 São Luís - MA.
21016402;UEB ENS FUND SAO RAIMUNDO;-2.59715100;-44.22948000;fundamental_i|fundamental_ii;municipal;ativa;geral;nao;RUA 15, 200 COMPLEMENTO. CONJUNTO SAO RAIMUNDO. 65057-770 São Luís - MA.
21194561;UEB ENS FUND SAO SEBASTIAO;-2.54426800;-44.28195000;fundamental_i;municipal;ativa;geral;nao;AVENIDA KENNEDY 1458 2 ANDAR, 58 COMPLEMENTO. FATIMA. 65030-001 São Luís - MA.
21021287;UEB ENS FUND SARAIVA FILHO;-2.60790776;-44.22124497;fundamental_i|fundamental_ii;municipal;ativa;geral;nao;RUA PRINCIPAL, 12 COMPLEMENTO. CAJUPE. 65090-074 São Luís - MA.
21017000;UEB ENS FUND SENADOR MIGUEL LINS;-2.53724456;-44.26981891;fundamental_i|fundamental_ii;municipal;ativa;geral;nao;AVENIDA DOM JOSE DELGADO, 120 COMPLEMENTO. ALEMANHA. 65036-810 São Luís - MA.
21016348;UEB ENS FUND TANCREDO NEVES;-2.56725790;-44.19963860;fundamental_i|fundamental_ii;municipal;ativa;geral;nao;AV.ESTE, 500 UNIDADE 201. CIDADE OPERARIA. 65058-001 São Luís - MA.
21194543;UEB ENS FUND THOMAZ DE AQUINO ANDRADE;-2.56298554;-44.24270234;fundamental_i|fundamental_ii;municipal;ativa;geral;nao;RUA JURANDIR FILHO, 40 COMPLEMENTO. VILA LOBAO. 65045-861 São Luís - MA.
21022615;UEB ENS FUND URUATI;-2.66332626;-44.28481512;fundamental_i|fundamental_ii;municipal;ativa;geral;nao;ENTRADA DO QUEBRA POTE, 135 COMPLEMENTO. ANANANDIBA. 65095-603 São Luís - MA.
21022321;UEB ENS FUND ZEBINA EUGENIA COSTA;-2.61916600;-44.24194000;fundamental_i;municipal;ativa;geral;nao;RUA DO CAMPO, 10 COMPLEMENTO. TIBIRIZINHO. 65095-090 São Luís - MA.
21021317;UEB ENS FUND ZULEIDE ANDRADE;-2.64414188;-44.27149951;fundamental_i|fundamental_ii;municipal;ativa;geral;nao;ESTRADA DO MARACUJA, 13 COMPLEMENTO. MARACANA. 65090-300 São Luís - MA.
21020418;UEB EVANDRO BESSA - COQUEIRO;-2.72846667;-44.35865667;infantil;municipal;ativa;geral;nao;TRAVESSA NOSSA SENHORA DA VITORIA, 1 COMPLEMENTO. COQUEIRO. 65093-218 São Luís - MA.
21243980;UEB EVANDRO BESSA ESTIVA;-2.75825266;-44.35427855;infantil;municipal;ativa;geral;nao;RUA BENEDITO LEITE, 100 COMPLEMENTO. ESTIVA. 65045-000 São Luís - MA.
21015708;UEB GARDENIA RIBEIRO GONCALVES;-2.54353676;-44.29808535;infantil;municipal;ativa;geral;nao;RUA SAO PEDRO, 100 COMPLEMENTO. MADRE DEUS. 65015-090 São Luís - MA.
21244006;UEB HONORIO ODORICO FERREIRA;-2.65344615;-44.17771490;infantil;municipal;ativa;geral;nao;RUA DA UNIAO, 36 COMPLEMENTO. TAJIPURU. 65055-480 São Luís - MA.
21257507;UEB JAIRO RODRIGUES;-2.59353930;-44.17954930;infantil;municipal;ativa;geral;nao;TRAVESSA H, 100 COMPLEMENTO. CIDADE OLIMPICA. 65054-560 São Luís - MA.
21261490;UEB JEAN NORBERTO COELHO;-2.60144333;-44.18310833;infantil;municipal;ativa;geral;nao;AVENIDA 29 DE DEZEMBRO, 100 COMPLEMENTO. CIDADE OLIMPICA. 65010-000 São Luís - MA.
21240418;UEB JOAQUIM PINTO;-2.64430880;-44.27154480;infantil;municipal;ativa;geral;nao;ESTRADA DO MARACUJA, 15 COMPLEMENTO. VILA MARACUJA. 65090-300 São Luís - MA.
21240361;UEB JOSE GONCALVES DO AMARAL RAPOSO;-2.69277034;-44.30724568;infantil;municipal;ativa;geral;nao;RUA DA ESTACAO, 110 COMPLEMENTO. PEDRINHAS. 65090-560 São Luís - MA.
21240353;UEB JOSEFINA SERRAO;-2.66007900;-44.35489000;infantil;municipal;ativa;geral;nao;RUA PRINCIPAL, 110 COMPLEMENTO. PORTO GRANDE. 65091-100 São Luís - MA.
21257485;UEB LUIS AUGUSTO MONIER ALVES;-2.55467689;-44.32282649;infantil;municipal;ativa;geral;nao;RUA 2, S/N GANCHARIA. 65085-808 São Luís - MA.
21015430;UEB LUIS MARTINS;-2.53983791;-44.28095500;infantil;municipal;ativa;geral;nao;TRAVESSA DA FORTUNA, SN COMPLEMENTO. BOM MILAGRE. 65030-620 São Luís - MA.
21015171;UEB LUZENIR MATA ROMA;-2.64217710;-44.27622950;infantil;municipal;ativa;geral;nao;AVENIDA TRANCREDO NEVES, 25 COMPLEMENTO. VILA NOVA. 65048-590 São Luís - MA.
21240469;UEB MANUELA VARELA;-2.61954134;-44.35173486;infantil;municipal;ativa;geral;nao;RUA PARNAUACU, 289 COMPLEMENTO. CAJUEIRO. 65091-003 São Luís - MA.
21020175;UEB MARIA AMELIA PROFETA;-2.56307703;-44.26546273;infantil;municipal;ativa;geral;nao;RUA DA JUCARA, 100 COMPLEMENTO. COROADINHO. 65044-210 São Luís - MA.
21020183;UEB MARIA ANTONIETA BITTENCOURT ARAUJO;-2.52486451;-44.24671405;;municipal;paralisada;geral;nao;RUA 48, 06 ESQUINA COM A RUA 42. BEQUIMAO. 65062-208 São Luís - MA.
21020442;UEB MARIA DE JESUS CARVALHO;-2.54134602;-44.25657422;infantil;municipal;ativa;geral;nao;RUA DOM PEDRO I, 100 COMPLEMENTO. VILA PALMEIRA. 65045-310 São Luís - MA.
21257469;UEB MARIA JOSE ARAGAO;-2.59703076;-44.22962322;infantil;municipal;ativa;geral;nao;RUA 15, S/N COMPLEMENTO. SAO RAIMUNDO. 65057-770 São Luís - MA.
21015457;UEB MARIA JOSE SERRAO;-2.52260346;-44.22220356;infantil;municipal;ativa;geral;nao;RUA NOVA, 1700 COMPLEMENTO. TURU. 65066-350 São Luís - MA.
21240450;UEB MARIO PEREIRA;-2.62963450;-44.26707210;infantil;municipal;ativa;geral;nao;RUA EUGENIO GARCIA, 29 VILA SARNEY. MARACANA. 65090-701 São Luís - MA.
21020477;UEB MARY SERRAO EWERTON;-2.69260080;-44.30024210;infantil;municipal;ativa;geral;nao;RUA DOMINGOS DO LAGO, 51 COMPLEMENTO. PEDRINHAS. 65092-702 São Luís - MA.
21015244;UEB MEUS AMIGUINHOS;-2.55270417;-44.21505807;infantil;municipal;ativa;geral;nao;ESTRADA DA MAIOBA, 2 FORQUILHA. 65054-030 São Luís - MA.
21020485;UEB MINDINHO;-2.62947333;-44.28992333;infantil;municipal;ativa;geral;nao;RUA PRINCIPAL, 2000 COMPLEMENTO. MARACANA. 65090-872 São Luís - MA.
21241457;UEB MINISTRO CARLOS MADEIRA;-2.55627333;-44.33575667;infantil;municipal;ativa;geral;nao;RUA EUCALIPTO, 126 COMPLEMENTO. ANJO DA GUARDA. 65085-304 São Luís - MA.
21240337;UEB MONSENHOR FREDERICO CHAVES;-2.51425793;-44.30764876;infantil;municipal;ativa;geral;nao;RUA ANTONIO REGO, 100 COMPLEMENTO. SAO FRANCISCO. 65076-060 São Luís - MA.
21269068;UEB MONTEIRO LOBATO;-2.59221500;-44.19309000;infantil;municipal;ativa;geral;nao;RUA ADERSON LAGO, 36 COMPLEMENTO. VILA JANAINA. 65058-864 São Luís - MA.
21015465;UEB MORANGUINHO;-2.53304643;-44.28100177;infantil;municipal;ativa;geral;nao;1º DE MAIO, 251 COMPLEMENTO. MONTE CASTELO. 65035-520 São Luís - MA.
21015473;UEB NIELZA LIMA DE MATOS;-2.54416500;-44.27331167;infantil;municipal;ativa;geral;nao;PRACA IVAR SALDANHA, 100 COMPLEMENTO. JOAO PAULO. 65040-720 São Luís - MA.
21020213;UEB NOSSOS AMIGUINHOS TIBIRI;-2.61263333;-44.24770167;infantil;municipal;ativa;geral;nao;RUA DO MERCADO, 1 COMPLEMENTO. TIBIRIZINHO. 65095-820 São Luís - MA.
21241465;UEB ODYLO COSTA FILHO;-2.54806779;-44.31618699;infantil;municipal;ativa;geral;nao;AVENIDA VALE DO RIO DOCE, 120 COMPLEMENTO. ALTO DA ESPERANCA. 65082-130 São Luís - MA.
21244014;UEB OLINDA DESTERRO;-2.50697220;-44.23752480;infantil;municipal;ativa;geral;nao;RUA PROJETADA, S/N COMPLEMENTO. COHAJOLI. 65073-215 São Luís - MA.
21020507;UEB OLIVIO CASTELO BRANCO;-2.54478041;-44.23821125;infantil;municipal;ativa;geral;nao;LARGO DA FABRICA, 100 COMPLEMENTO. ANIL. 65010-000 São Luís - MA.
21020515;UEB ORQUIDEA SANTOS;-2.56820243;-44.31096607;infantil;municipal;ativa;geral;nao;AVENIDA PRINCIPAL, 100 COMPLEMENTO. VILA EMBRATEL. 65080-370 São Luís - MA.
21257477;UEB PASTOR ESTEVAM ANGELO DE SOUZA;-2.56718400;-44.19933000;infantil;municipal;ativa;geral;nao;AVENIDA ESTE, 1000 COMPLEMENTO. CIDADE OPERARIA. 65058-441 São Luís - MA.
21015546;UEB PAULO FREIRE;-2.52981221;-44.28405848;infantil;municipal;ativa;geral;nao;TRAVESSA TABAJARA, 100 COMPLEMENTO. LIBERDADE. 65035-380 São Luís - MA.
21241473;UEB PRIMAVERA;-2.53899730;-44.19919330;infantil;municipal;ativa;geral;nao;RUA 08, 100 COMPLEMENTO. RESIDENCIAL PRIMAVERA. 65052-855 São Luís - MA.
21020264;UEB PRIMAVERA - TIBIRI;-2.61293539;-44.24308072;infantil;municipal;ativa;geral;nao;RUA SANTO ANTONIO, 140 COMPLEMENTO. TIBIRI. 65095-330 São Luís - MA.
21020469;UEB PROF ELPIDIO HERMES DE CARVALHO;-2.53049500;-44.23876000;infantil;municipal;ativa;geral;nao;RUA TARQUINIO LOPES, 110 COMPLEMENTO. ANGELIM VELHO. 65063-310 São Luís - MA.
21281548;UEB PROFESSORA SILVIA STELLA FONSECA FURTADO;-2.65561410;-44.26967220;;municipal;paralisada;geral;nao;AV TUPINAMBA, 15 COMPLEMENTO. MARACUJA. 65090-324 São Luís - MA.
21240345;UEB PROTECAO DE JESUS;-2.67199835;-44.18477492;infantil;municipal;ativa;geral;nao;RUA PRINCIPAL, 100 AREA RURAL DE SAO LUIS. 65109-899 São Luís - MA.
21266891;UEB RECANTO DOS PASSAROS;-2.58228206;-44.19368505;infantil;municipal;ativa;geral;nao;RUA 35, 35 COMPLEMENTO. JARDIM AMERICA. 65058-323 São Luís - MA.
21261512;UEB RESIDENCIAL PARAISO;-2.57434536;-44.29430981;infantil;municipal;ativa;geral;nao;AVENIDA PRINCIPAL, 100 COMPLEMENTO. RESIDENCIAL PARAISO. 65081-700 São Luís - MA.
21243999;UEB RIVANDA BERENICE BRAGA;-2.54705667;-44.26389000;infantil;municipal;ativa;geral;nao;RUA FREI CANECA, 6 COMPLEMENTO. JORDOA. 65045-290 São Luís - MA.
21257515;UEB ROSA DE SARON;-2.64997833;-44.21085667;infantil;municipal;ativa;geral;nao;RUA PRINCIPAL, 100 COMPLEMENTO. CAJUPARI. 65059-820 São Luís - MA.
21015783;UEB ROSA MOCHEL;-2.55329270;-44.26918390;infantil;municipal;ativa;geral;nao;RUA DA MINERVA, 17 COMPLEMENTO. COROADO. 65041-555 São Luís - MA.
21240400;UEB SARAIVA FILHO;-2.60783228;-44.22098324;infantil;municipal;ativa;geral;nao;CAIXA POSTAL COMUNITARIA RUA PRINCIPAL, 12 - CAJUPE, CAJUPE. 65057-990 São Luís - MA.
21241732;UEB SENADOR MIGUEL LINS;-2.53591900;-44.27001000;infantil;municipal;ativa;geral;nao;RUA DOUTOR LUIS DE CARVALHO, 1 COMPLEMENTO. ALEMANHA. 65036-810 São Luís - MA.
21015856;UEB SOFIA SILVA;-2.53911120;-44.28681320;infantil;municipal;ativa;geral;nao;AVENIDA VITORINO FREIRE, 10 COMPLEMENTO. VILA PASSOS. 65025-225 São Luís - MA.
21020574;UEB TOM E JERRY;-2.50484600;-44.25191000;infantil;municipal;ativa;geral;nao;RUA 01, 120 COMPLEMENTO. PLANALTO VINHAIS II. 65071-456 São Luís - MA.
21020329;UEB VERA MACIEIRA;-2.55226566;-44.25981888;infantil;municipal;ativa;geral;nao;RUA DO CAMPO, 135 COMPLEMENTO. TUNEL DO SACAVEM. 65043-230 São Luís - MA.
21270600;UEB VILA TIRADENTES;-2.63061886;-44.31945954;infantil;municipal;ativa;geral;nao;RUA SAO JOSE, 20 COMPLEMENTO. VILA MARANHAO. 65040-000 São Luís - MA.
21020353;UEB ZULEIDE BOGEA;-2.54576009;-44.24495142;infantil;municipal;ativa;geral;nao;RUA JOSE DE ALENCAR, 120 COMPLEMENTO. VERA CRUZ. 65045-690 São Luís - MA.
21017484;UFMA - COLEGIO UNIVERSITARIO;-2.55800513;-44.31119651;fundamental_i|fundamental_ii;federal;ativa;geral;nao;AVENIDA DOS PORTUGUESES, 1966 VILA BACANGA. 65080-805 São Luís - MA.
21020701;UI ARIMATEA CISNE;-2.75856782;-44.35537383;fundamental_ii;municipal;ativa;geral;nao;RUA DO MEIO, 987138037 COMPLEMENTO. ESTIVA. 65093-328 São Luís - MA.
21215545;UI ARTUR AZEVEDO;-2.55851635;-44.27761137;fundamental_i|fundamental_ii;municipal;ativa;geral;nao;TRAVESSA PIRAPEMAS, 15 COMPLEMENTO. PARQUE PINDORAMA. 65041-179 São Luís - MA.
21016585;UI DUQUE DE CAXIAS;-2.54231087;-44.27385051;fundamental_ii;municipal;ativa;geral;nao;PRACA DUQUE DE CAXIAS, SN COMPLEMENTO. JOAO PAULO. 65036-200 São Luís - MA.
21022470;UI FELIPE CONDURU;-2.57287388;-44.23540338;fundamental_i|fundamental_ii;municipal;ativa;geral;nao;AVENIDA GUAJAJARAS, 115 COMPLEMENTO. SAO CRISTOVAO. 65055-285 São Luís - MA.
21016461;UI GOV MATOS CARVALHO;-2.53973067;-44.28125324;fundamental_ii;municipal;ativa;geral;nao;RUA RAIMUNDO CORREA, SN COMPLEMENTO. MONTE CASTELO. 65031-510 São Luís - MA.
21022550;UI PADRE NEWTON PEREIRA;-2.53917700;-44.20348000;fundamental_i|fundamental_ii;municipal;ativa;geral;nao;AVENIDA LESTE OESTE, S/N COMPLEMENTO. COHATRAC I. 65053-770 São Luís - MA.
21022178;UI PE ANTONIO VIEIRA;-2.54631000;-44.24065000;fundamental_i;municipal;ativa;geral;nao;RUA SAO GERALDO, 1 COMPLEMENTO. ANIL. 65046-740 São Luís - MA.
21213631;UI PROF CARLOS CUNHA;-2.57171864;-44.23093918;fundamental_i|fundamental_ii;municipal;ativa;geral;nao;TRAVESSA IVAR SALDANHA, 20 COMPLEMENTO. SAO CRISTOVAO. 65055-270 São Luís - MA.
21022224;UI RIO GRANDE;-2.65938670;-44.29213400;fundamental_i|fundamental_ii;municipal;ativa;geral;nao;BR 135 KM RUA TRES NASCENTE, 6 COMPLEMENTO. RIO GRANDE. 65091-817 São Luís - MA.
21021236;UI ROSA MOCHEL MARTINS;-2.56770167;-44.31110500;fundamental_i;municipal;ativa;geral;nao;TRAVESSA DA RUA NOVE, COMPLEMENTO. VILA EMBRATEL. 65081-324 São Luís - MA.
21202192;UI SEVERIANO DE SOUSA LIMA;-2.55834237;-44.33870147;fundamental_i|fundamental_ii;municipal;ativa;geral;nao;AVENIDA POLINESIA, SN COMPLEMENTO. FUMACE. 65086-795 São Luís - MA.
21022429;UI VILA EMBRATEL;-2.56778833;-44.31070833;fundamental_i|fundamental_ii;municipal;ativa;geral;nao;AVENIDA SARNEY FILHO, S/N VILA EMBRATEL. 65081-400 São Luís - MA.
21287910;UNIDADE DE EDUCACAO BASICA BILINGUE LIBRAS E LINGUA PORTUGUESA ESCRITA;-2.52507057;-44.29139295;infantil|fundamental_i|fundamental_ii;municipal;ativa;geral;nao;RUA BARAO DE ITAPARY, 10 COMPLEMENTO. CAMBOA. 65020-070 São Luís - MA.
21016917;UNIDADE DE EDUCACAO INTEGRADA ALUISIO AZEVEDO;-2.56576016;-44.23557506;fundamental_i|fundamental_ii;municipal;ativa;geral;nao;TRAVESSA 14 DO ENGENHO, 13 COMPLEMENTO. SAO CRISTOVAO. 65055-624 São Luís - MA.
21016054;UNIDADE ESCOLAR ENOC VIEIRA;-2.53869285;-44.32842673;infantil|fundamental_i;privada;ativa;geral;sim;AVENIDA JOSE SARNEY, 11 VILA NOVA. 65085-470 São Luís - MA.
21194351;UNIDADE ESCOLAR JOAO PEREIRA MARTINS;-2.50602800;-44.30717000;fundamental_i;municipal;ativa;geral;nao;RUA 13 DE MAIO, 100 SAO FRANCISCO. 65076-674 São Luís - MA.
21016615;UNIDADE INTEGRADA ESTADO DE SAO PAULO;-2.54715879;-44.26714959;fundamental_ii;estadual;ativa;geral;nao;RUA MUNIZ BARREIROS, S/N JORDOA. 65041-020 São Luís - MA.
21021090;UNIDADE INTEGRADA FRANCISCO DE ASSIS SOUSA;-2.61905360;-44.24240860;fundamental_ii;estadual;ativa;geral;nao;RUA PRINCIPAL, 59 TIBIRIZINHO. 65095-820 São Luís - MA.
21022496;UNIDADE INTEGRADA GOVERNADOR JOSE MURAD;-2.50959070;-44.26964450;fundamental_i|fundamental_ii;estadual;ativa;geral;nao;AVENIDA DA HISTORIA, SN COHAFUMA. 65074-795 São Luís - MA.
21009830;UNIDADE INTEGRADA HELENA ANTIPOFF;-2.49382514;-44.21773038;fundamental_ii;estadual;ativa;exclusivo_deficiencia;nao;RUA DOMINGOS OLIMPIO, SN QUADRA S. IPASE. 65061-120 São Luís - MA.
21019002;UNIVERSIDADE DA CRIANCA-UNICA;-2.58632817;-44.19207640;infantil;privada;ativa;geral;sim;AVENIDA PAVAO FILHO, 36 VILA JANAINA. 65058-874 São Luís - MA.
21261253;UNIVERSIDADE INFANTIL RIVANDA BERENICE LTDA;-2.51751931;-44.26092986;infantil|fundamental_i|fundamental_ii;privada;ativa;geral;nao;RUA CANOPUS, 120 PORTAL. RECANTO DOS VINHAIS. 65070-150 São Luís - MA.
21274282;UPAON EDUCACAO INFANTIL EIRELI;-2.50860280;-44.26131348;infantil;privada;ativa;geral;nao;ALAMEDA D, SALA 01. QUITANDINHA. 65070-630 São Luís - MA.
21010064;UPAON EDUCACIONAL LTDA;-2.50863529;-44.26124203;fundamental_ii;privada;ativa;geral;nao;ALAMEDA D, 05 QUITANDINHA. 65070-630 São Luís - MA.
21274274;UPAON ENSINO FUNDAMENTAL EIRELI;-2.50862369;-44.26129803;fundamental_i;privada;ativa;geral;nao;ALAMEDA D, 05 SALA 2. QUITANDINHA. 65070-630 São Luís - MA.
