codigo_inep;nome;latitude;longitude;ciclo;rede;situacao;atendimento;conveniada;endereco
13093037;ASSOCIACAO COMUNITARIA DE EDUCACAO;-3.07778390;-60.04370108;infantil|fundamental_i;privada;ativa;geral;nao;RUA DONA HYLMA THURY, 144 ALVORADA. 69043-160 Manaus - AM.
13026372;CBN COLEGIO BRIGIDO NOGUEIRA;-3.05112520;-60.03737750;infantil|fundamental_i|fundamental_ii;privada;ativa;geral;nao;RUA CROTON BRAVO, 147 RUA 09. REDENCAO. 69049-250 Manaus - AM.
13073885;CEBACH - CENTRO EDUCACIONAL BATISTA DA CHAPADA;-3.09278271;-60.02644289;infantil|fundamental_i|fundamental_ii;privada;ativa;geral;nao;AVENIDA CONSTANTINO NERY, 2016 CHAPADA. 69050-001 Manaus - AM.
13025104;CEJA PROF AGENOR FERREIRA LIMA;-3.10463400;-60.00567440;;estadual;ativa;geral;nao;AV ANDRE ARAUJO, 99 ALEIXO. 69060-000 Manaus - AM.
13096605;CEJA PROFESSOR PAULO FREIRE;-3.11771940;-60.02637550;;estadual;ativa;geral;nao;AV. WALDEMAR PEDROSA, 60 CENTRO. 69025-000 Manaus - AM.
13083708;CEJA PROFESSORA JACIRA CABOCLO;-3.12054850;-60.02709390;;estadual;ativa;geral;nao;AV CONSTANTINO NERY, 1271 SAO GERALDO. 69010-000 Manaus - AM.
13074105;CEKAM - CENTRO EDUCACIONAL KATIA MOURAO;-3.01749968;-59.97124217;infantil|fundamental_i;privada;ativa;geral;nao;AVENIDA ITABERABA, 24 SERGIO PESSOA NETO. CIDADE NOVA. 69097-760 Manaus - AM.
13087746;CEMEJA PROF SAMUEL BENCHIMOL;-3.06289500;-59.94945000;;municipal;ativa;geral;nao;R. EDMUNDO SOARES, 749 ETAPA B. SAO JOSE OPERARIO. 69086-274 Manaus - AM.
13026038;CENTRO DE EDUCACAO ANCHIETA;-3.12400619;-60.00316586;infantil|fundamental_i|fundamental_ii;privada;ativa;geral;nao;AVENIDA ITACOATIARA, 545 CACHOEIRINHA. 69065-090 Manaus - AM.
13103784;CENTRO DE EDUCACAO INDIGENA MANAUS;-3.10748630;-60.02627390;;estadual;paralisada;geral;nao;COMUNIDADE NOVA ESPERANCA, S/N MARGEM ESQ RIO NEGRO. NOVA ESPERANCA. 69023-450 Manaus - AM.
13026658;CENTRO DE EDUCACAO INTEGRADA SAINT EXUPERY;-3.06767992;-60.04857322;infantil|fundamental_i|fundamental_ii;privada;ativa;geral;nao;AVENIDA GENEBRA, 10 QUADRA 29- A. PLANALTO. 69045-380 Manaus - AM.
13098284;CENTRO DE EDUCACAO INTEGRAL CHRIST MASTER;-3.06989570;-59.99639873;infantil|fundamental_i|fundamental_ii;privada;ativa;geral;nao;RUA MOZART GUARNIERI, 06 PARQUE 10 DE NOVEMBRO. 69054-733 Manaus - AM.
13099124;CENTRO DE EDUCACAO MEU CAMINHO;-3.12070179;-60.02356960;fundamental_i;privada;ativa;geral;nao;RUA COMENDADOR CLEMENTINO, 300 CENTRO. 69025-000 Manaus - AM.
13025279;CENTRO DE EDUCACAO PARAISO INFANTIL;-3.09191300;-60.01329970;infantil|fundamental_i;privada;ativa;geral;nao;AVENIDA EPHIGENIO SALLES, 54 ADRIANOPOLIS. 69057-050 Manaus - AM.
13081101;CENTRO DE EDUCACAO PROFISSIONAL LTDA - CENTRO DE ENSINO LITERATUS;-3.10830500;-60.02205600;;privada;ativa;geral;nao;RUA RIO ICA, 165 NOSSA SENHORA DAS GRACAS. 69053-100 Manaus - AM.
13098276;CENTRO DE EDUCACAO RECANTO DO SABER;-3.06212843;-60.01390941;infantil|fundamental_i;privada;ativa;geral;nao;RUA PARTENON, 5 FLORES. 69058-340 Manaus - AM.
13032127;CENTRO DE EDUCACAO SESC JOSE ROBERTO TADROS;-3.06734120;-60.04598480;infantil|fundamental_i|fundamental_ii;privada;ativa;geral;nao;AVENIDA CONSTANTINOPLA, 288 BALNEARIO DO SESC. ALVORADA. 69046-005 Manaus - AM.
13105485;CENTRO DE ENSINO ALBERTO CONCEICAO;-3.02998230;-59.92459030;infantil|fundamental_i;privada;ativa;geral;nao;RUA CASSIA BAIANA, 36 B IGREJA BATISTA. JORGE TEIXEIRA. 69088-474 Manaus - AM.
13031457;CENTRO DE ENSINO ALPHA DELTA;-3.11472500;-60.01202020;infantil|fundamental_i|fundamental_ii;privada;ativa;geral;nao;RUA MARCIANO ARMOND, 520 LADO HOTEL INTERCITY. ADRIANOPOLIS. 69057-030 Manaus - AM.
13104357;CENTRO DE ENSINO GIULIA MONTEIRO;-3.02953920;-59.93706620;infantil|fundamental_i;privada;ativa;geral;nao;RUA SANHACU, 225 BRAGA MENDES. CIDADE DE DEUS. 69099-194 Manaus - AM.
13101498;CENTRO DE ENSINO MARIA BRASIL;-3.03219640;-59.93184250;infantil|fundamental_i;privada;ativa;geral;nao;RUA CRAVINHO, 17 JORGE TEIXEIRA. 69088-028 Manaus - AM.
13098322;CENTRO DE ENSINO SEMENTINHA DO FUTURO;-3.02041540;-59.98433760;infantil|fundamental_i;privada;ativa;geral;nao;RUA ANTONIA CARNEIRO, 17 CJ RIBEIRO JUNIOR. NOVA CIDADE. 69095-540 Manaus - AM.
13101510;CENTRO DE FORMACAO PROFISSIONAL FERNANDO ALFREDO PEQUENO FRANCO - SENAC;-3.13300620;-60.02263670;;privada;ativa;geral;nao;RUA SALDANHA MARINHO, 410 CENTRO. 69010-040 Manaus - AM.
13101730;CENTRO DE FORMACAO PROFISSIONAL JOSE TADROS;-3.03667930;-59.99029060;;privada;ativa;geral;nao;RUA VISCONDE DE ITANHAEM, 863 SENAC. CIDADE NOVA. 69090-295 Manaus - AM.
13101749;CENTRO DE INFORMATICA MANOEL CATHARINO DOS SANTOS GOMES;-3.09336840;-60.02462530;;privada;ativa;geral;nao;AVENIDA DARCY VARGAS, 288 CHAPADA. 69050-020 Manaus - AM.
13025287;CENTRO EDUC 12 DE OUTUBRO;-3.06701063;-60.05105616;infantil|fundamental_i|fundamental_ii;privada;ativa;geral;nao;RUA DAMASCO, 17 QUADRA 23 CAMPOS ELI. PLANALTO. 69045-070 Manaus - AM.
13074156;CENTRO EDUC ATENIENSE;-3.12082350;-59.98841769;infantil|fundamental_i;privada;ativa;geral;nao;RUA AFONSO DE ALBUQUERQUE, 209 ESCOLA ATENIENSE. JAPIIM. 69078-450 Manaus - AM.
13073710;CENTRO EDUC Mª EDNA CANTUARIA DOS REIS;-3.05197461;-60.03619868;infantil|fundamental_i|fundamental_ii;privada;ativa;geral;nao;RUA DOUTOR NILSON VASCONCELOS, 51 CONJUNTO HILEIA I. REDENCAO. 69049-300 Manaus - AM.
13031961;CENTRO EDUCACIONAL ADALBERTO VALLE;-3.12785100;-60.02248940;infantil|fundamental_i|fundamental_ii;privada;ativa;geral;nao;RUA DARCY MICHILES, 200 CENTRO. 69025-140 Manaus - AM.
13168207;CENTRO EDUCACIONAL ADALBERTO VALLE - UNIDADE I;-3.09115531;-59.99854026;infantil|fundamental_i|fundamental_ii;privada;ativa;geral;nao;AVENIDA VIA LACTEA, 835 CONJ. MORADA DO SOL. ALEIXO. 69060-085 Manaus - AM.
13026020;CENTRO EDUCACIONAL AMAZONIA;-3.11720600;-60.03946800;infantil|fundamental_i|fundamental_ii;privada;ativa;geral;nao;RUA MIGUEL RIBAS, 330 SANTO ANTONIO. 69029-070 Manaus - AM.
13025767;CENTRO EDUCACIONAL ARTHUR VIRGILIO FILHO;-2.98662330;-60.00981210;;estadual;ativa;geral;nao;RUA NOSSA SENHORA DE FATIMA, 69 SANTA ETELVINA. 69059-420 Manaus - AM.
13059505;CENTRO EDUCACIONAL AYTON MELLO;-3.03910250;-59.99850050;infantil|fundamental_i;privada;ativa;geral;nao;RUA DOUTOR AUGUSTO LINHARES, 07 CONJUNTO MUNDO NOVO. CIDADE NOVA. 69090-410 Manaus - AM.
13026070;CENTRO EDUCACIONAL BATISTA CANAA;-3.07133245;-59.94815686;infantil|fundamental_i|fundamental_ii;privada;ativa;geral;nao;RUA ROSARINHO, 86 SAO JOSE OPERARIO. 69085-070 Manaus - AM.
13103083;CENTRO EDUCACIONAL BETANIA;-3.13492410;-59.99715040;infantil|fundamental_i;privada;ativa;geral;nao;RUA NEBRASKA, 418 PROX A FERIA. BETANIA. 69073-310 Manaus - AM.
13092162;CENTRO EDUCACIONAL CANTINHO DO SABER;-3.07425004;-60.06880417;infantil;privada;ativa;geral;nao;RUA PARANAPANEMA, 51 QD/41. LIRIO DO VALE II. 69038-200 Manaus - AM.
13026089;CENTRO EDUCACIONAL CASIMIRO DE ABREU;-3.03155470;-59.99105433;infantil|fundamental_i|fundamental_ii;privada;ativa;geral;nao;RUA INAJA, 12 QUADRA 17. CIDADE NOVA. 69095-120 Manaus - AM.
13073923;CENTRO EDUCACIONAL COLIBRI;-3.08728140;-59.98439423;infantil|fundamental_i;privada;ativa;geral;nao;RUA OURO PRETO, 193 PX. AO ROBERTAO. COROADO II. 69080-430 Manaus - AM.
13026100;CENTRO EDUCACIONAL COLOMBO LADISLAU;-3.01929500;-59.98360833;infantil|fundamental_i|fundamental_ii;privada;ativa;geral;nao;RUA MARIA DAS DORES DE LIMA, 46 CONJ RIBEIRO JUNIOR. NOVA CIDADE. 69095-550 Manaus - AM.
13101587;CENTRO EDUCACIONAL CORDEIRO;-3.05176896;-59.94652801;infantil|fundamental_i;privada;ativa;geral;nao;RUA JOAO SO, 460 TANCREDO NEVES. 69087-210 Manaus - AM.
13090119;CENTRO EDUCACIONAL CRESCENDO COM CRISTO;-3.09250685;-59.97903868;infantil;privada;ativa;geral;nao;RUA 31 DE MARCO, 09 COROADO. 69082-330 Manaus - AM.
13097032;CENTRO EDUCACIONAL DIRLENE NASCIMENTO;-3.01621172;-59.97836063;infantil|fundamental_i;privada;ativa;geral;nao;RUA HORIZONTE, 33 CJ. OSVALDO FROTA I. CIDADE NOVA. 69095-507 Manaus - AM.
13101331;CENTRO EDUCACIONAL DOCE COMECO CONCEPT INTEGRADO;-2.98355450;-60.01671290;infantil|fundamental_i|fundamental_ii;privada;ativa;geral;nao;RUA SANTA ETELVINA, 301 PROXDAFRA MOTOS. SANTA ETELVINA. 69059-510 Manaus - AM.
13090100;CENTRO EDUCACIONAL DRIHELLY BARBOSA;-3.08910600;-59.98420180;infantil|fundamental_i|fundamental_ii;privada;ativa;geral;nao;RUA TREZE DE MAIO, 241 COROADO. 69080-440 Manaus - AM.
13101455;CENTRO EDUCACIONAL DRIHELLY BARBOSA II;-3.08981760;-59.98070970;infantil|fundamental_i;privada;ativa;geral;nao;AVENIDA BEIRA RIO, 133 SPA DO COROADO. COROADO III. 69082-660 Manaus - AM.
13098179;CENTRO EDUCACIONAL EDITH BRANDAO;-3.11584110;-59.99061220;infantil|fundamental_i|fundamental_ii;privada;ativa;geral;nao;RUA BEATRIZ PORTINARI, 697 JAPIIM. 69078-520 Manaus - AM.
13103814;CENTRO EDUCACIONAL EMANUEL;-3.03724560;-59.95456780;infantil|fundamental_i;privada;ativa;geral;nao;BECO IORUBA, 21 NOVO ALEIXO. 69099-359 Manaus - AM.
13104527;CENTRO EDUCACIONAL ESTRELA DA MANHA;-3.04253450;-59.93775790;infantil|fundamental_i;privada;ativa;geral;nao;RUA DAS ORQUIDEAS, 17 JORGE TEIXEIRA. 69088-320 Manaus - AM.
13132806;CENTRO EDUCACIONAL ESTRELA DO AMANHA;-3.05860319;-59.95688309;infantil|fundamental_i;privada;ativa;geral;nao;RUA RIO BUAFANA, 18 SAO JOSE OPERARIO. 69086-220 Manaus - AM.
13093053;CENTRO EDUCACIONAL ESTRELA GUIA;-3.10445141;-60.03195689;fundamental_i;privada;ativa;geral;nao;RUA FRANCISCO CARRETTI, 251 SAO JORGE. 69033-180 Manaus - AM.
13100882;CENTRO EDUCACIONAL ESTRELAS DO AMANHA;-3.06893167;-59.92464333;infantil|fundamental_i|fundamental_ii;privada;ativa;geral;nao;RUA LIMAO DOCE, 468 PROX. BARATAO DA CA.. GILBERTO MESTRINHO. 69086-665 Manaus - AM.
13092294;CENTRO EDUCACIONAL EXCELENTE;-3.05318370;-59.95722180;fundamental_i|fundamental_ii;privada;ativa;geral;nao;RUA RIO BIJOGO, 29 PROX A ACADEMIA TOP. NOVO ALEIXO. 69098-187 Manaus - AM.
13104330;CENTRO EDUCACIONAL GENESIS;-3.06506590;-59.94071490;infantil|fundamental_i;privada;ativa;geral;nao;RUA ARAGUACEMA, 91 QUADRA 52. SAO JOSE OPERARIO. 69086-089 Manaus - AM.
13105973;CENTRO EDUCACIONAL GENESIS;-2.96884619;-59.98909603;infantil|fundamental_i;privada;ativa;geral;nao;RUA RIO MADEIRA, 233 LAGO AZUL. 69018-567 Manaus - AM.
13101080;CENTRO EDUCACIONAL HERANCA DO SENHOR;-3.08443390;-59.98038910;infantil|fundamental_i|fundamental_ii;privada;ativa;geral;nao;AVENIDA COSME FERREIRA, 1366 COROADO. ALEIXO. 69083-000 Manaus - AM.
13090186;CENTRO EDUCACIONAL IMPERIAL;-3.01503707;-59.93950795;infantil|fundamental_i|fundamental_ii;privada;ativa;geral;nao;RUA SANTO ANTONIO, 377 CIDADE DE DEUS. 69099-267 Manaus - AM.
13103962;CENTRO EDUCACIONAL IMPERIAL BABY;-3.01561560;-59.94000700;infantil;privada;ativa;geral;nao;RUA IMACULADA CONCEICAO, 318 CIDADE DE DEUS. 69099-267 Manaus - AM.
13102524;CENTRO EDUCACIONAL INOCENCIA LIMA;-3.07530010;-59.92945610;infantil|fundamental_i;privada;ativa;geral;nao;RUA DAS LACRES, 16 CARUARU-CID LESTE. GILBERTO MESTRINHO. 69086-493 Manaus - AM.
13087754;CENTRO EDUCACIONAL INTELIGENTE;-3.06651670;-59.94446060;infantil|fundamental_i|fundamental_ii;privada;ativa;geral;nao;RUA BARREIRINHA, 2038 SAO JOSE OPERARIO. 69086-390 Manaus - AM.
13026194;CENTRO EDUCACIONAL LA SALLE;-3.08799170;-60.03996670;infantil|fundamental_i|fundamental_ii;privada;ativa;geral;nao;AVENIDA DOM PEDRO I, 151 DOM PEDRO I. 69040-040 Manaus - AM.
13025872;CENTRO EDUCACIONAL LATO SENSU;-3.09384526;-60.00449996;infantil|fundamental_i|fundamental_ii;privada;ativa;geral;nao;RUA JOSE DE ARIMATEIA, 320 PQ.RES.ADRIANOPOLIS. ADRIANOPOLIS. 69057-084 Manaus - AM.
13080970;CENTRO EDUCACIONAL MARIA ANDRADE;-3.04904000;-59.97608833;infantil|fundamental_i|fundamental_ii;privada;ativa;geral;nao;RUA CAPIVARI, 47 QUADRA 325. CIDADE NOVA 3. 69098-050 Manaus - AM.
13161202;CENTRO EDUCACIONAL MARIA DA FE;-3.03882001;-59.97476056;infantil;privada;ativa;geral;nao;RUA TUKANO, 01 NUCLEO 12. CIDADE NOVA. 69096-340 Manaus - AM.
13103504;CENTRO EDUCACIONAL MARIA HELENA;-3.04296620;-59.97507150;infantil|fundamental_i|fundamental_ii;privada;ativa;geral;nao;RUA EDGAR CAYCE, 14 RUA 69 NUCLEO 04. CIDADE NOVA. 69094-510 Manaus - AM.
13106511;CENTRO EDUCACIONAL MEYRE DE FREITAS;-3.08742602;-59.89082316;infantil|fundamental_i;privada;ativa;geral;nao;RUA FRANCISCO DE ABREU, 139 IGREJA RAIZ DE DAVI. COLONIA ANTONIO ALEIXO. 69008-220 Manaus - AM.
13097288;CENTRO EDUCACIONAL NADIR SOARES;-2.98542806;-60.00616455;fundamental_i|fundamental_ii;privada;ativa;geral;nao;RUA JABAL, 65 SANTA ETELVINA. 69059-622 Manaus - AM.
13103342;CENTRO EDUCACIONAL PALAVRAS DO SABER;-3.05901930;-59.95685020;infantil|fundamental_i;privada;ativa;geral;nao;RUA RIO BUAFANA, 38 SAO JOSE OPERARIO. 69086-220 Manaus - AM.
13025651;CENTRO EDUCACIONAL PARQUE DAS HORTENSIAS;-3.02960070;-59.96321070;infantil|fundamental_i|fundamental_ii;privada;ativa;geral;nao;RUA 151, 04 NC 09. CIDADE NOVA. 69097-440 Manaus - AM.
13081241;CENTRO EDUCACIONAL PARQUE DAS MARAVILHAS;-3.05736180;-60.03172630;infantil|fundamental_i;privada;ativa;geral;nao;RUA DOS PALMARES, 30 PAZ. 69048-200 Manaus - AM.
13105779;CENTRO EDUCACIONAL PEDACINHO DO CEU;-3.13909260;-60.00640480;infantil|fundamental_i;privada;ativa;geral;nao;RUA SAO JORGE, 70 SANTA LUZIA. 69074-490 Manaus - AM.
13084488;CENTRO EDUCACIONAL PROF ANA CLEIDE;-3.04501437;-59.96471314;infantil|fundamental_i|fundamental_ii;privada;ativa;geral;nao;RUA CATALAO, 200 QUADRA 384 NUCLEO 16. NOVO ALEIXO. 69098-380 Manaus - AM.
13074873;CENTRO EDUCACIONAL PROFª HELENA ROMERO;-3.06693276;-60.02280127;infantil|fundamental_i;privada;ativa;geral;nao;RUA CAMPINA VERDE, 55 CONJ DUQUE DE CAXIAS. FLORES. 69058-840 Manaus - AM.
13025694;CENTRO EDUCACIONAL RAIMUNDO BELO FERREIRA;-3.03255990;-59.99195240;fundamental_i|fundamental_ii;privada;ativa;geral;nao;AVENIDA MAX TEIXEIRA, 4132 CIDADE NOVA. 69090-002 Manaus - AM.
13122606;CENTRO EDUCACIONAL RAIO DE LUZ;-3.09824890;-60.06809050;infantil|fundamental_i;privada;ativa;geral;nao;RUA VIRGILHO RAMOS, 42 CONJ VILA MARINHO. COMPENSA 3. 69035-812 Manaus - AM.
13026321;CENTRO EDUCACIONAL RECANTO DA CRIANCA E INTERATIVO;-3.03850113;-59.95959884;infantil|fundamental_i|fundamental_ii;privada;ativa;geral;nao;RUA CIRIACO, 12 NOVO ALEIXO. NOVO ALEIXO. 69096-700 Manaus - AM.
13239201;CENTRO EDUCACIONAL RECANTO DO SENHOR;-3.07985356;-60.04039745;infantil|fundamental_i;privada;ativa;geral;nao;RUA MAYORUNA, 68 ALVORADA I. 69043-110 Manaus - AM.
13075365;CENTRO EDUCACIONAL ROSA MISTICA;-3.12690737;-60.03989902;fundamental_i;privada;ativa;geral;nao;RUA 5 DE SETEMBRO, 508 PROX A SEDE CLUBE. SAO RAIMUNDO. 69027-010 Manaus - AM.
13179209;CENTRO EDUCACIONAL ROSAS DE CASSIA;-3.04348876;-59.93443153;infantil|fundamental_i|fundamental_ii;privada;ativa;geral;nao;RUA DAS PETALAS, 85 JORGE TEIXEIRA. 69088-560 Manaus - AM.
13025724;CENTRO EDUCACIONAL SANTA TERESINHA;-3.13461699;-60.01179343;infantil|fundamental_i|fundamental_ii;privada;ativa;geral;nao;AVENIDA 7 DE SETEMBRO, 2107 CENTRO. 69020-120 Manaus - AM.
13101765;CENTRO EDUCACIONAL SECULO;-3.07594050;-60.08107853;infantil|fundamental_i|fundamental_ii;privada;ativa;geral;nao;AVENIDA CORONEL TEIXEIRA, 4371 PONTA NEGRA. 69037-000 Manaus - AM.
13099876;CENTRO EDUCACIONAL SEMENTE DE SABEDORIA DO AMAZONAS;-3.07183720;-59.92929080;infantil|fundamental_i|fundamental_ii;privada;ativa;geral;nao;RUA SOBRAL, 1048 CONJUNTO CASTANHEIRA. GILBERTO MESTRINHO. 69086-550 Manaus - AM.
13098489;CENTRO EDUCACIONAL SHALOM;-3.10383639;-60.06521020;fundamental_i;privada;ativa;geral;nao;RUA T 5, 43 COMPENSA. 69035-365 Manaus - AM.
13098225;CENTRO EDUCACIONAL SHEKINAH;-3.04407910;-59.97756510;infantil|fundamental_i|fundamental_ii;privada;ativa;geral;nao;RUA CORONEL TABORDA DE MIRANDA, 558 NC 3 PROX MIX,POSTO. CIDADE NOVA. 69094-270 Manaus - AM.
13026356;CENTRO EDUCACIONAL SILVIA GUERRA;-3.12013093;-60.00497808;infantil|fundamental_i|fundamental_ii;privada;ativa;geral;nao;AVENIDA CODAJAS, 570 ALFREDO DA MATA. CACHOEIRINHA. 69065-130 Manaus - AM.
13184202;CENTRO EDUCACIONAL SOLDADINHO DE JESUS;-3.05238500;-60.04676200;infantil|fundamental_i;privada;ativa;geral;nao;RUA CAMPINAS, 207 PROX. A POLICLINICA. REDENCAO. 69047-440 Manaus - AM.
13101293;CENTRO EDUCACIONAL SOLDADOS DE CRISTO;-3.02671408;-59.95127193;infantil|fundamental_i;privada;ativa;geral;nao;RUA DOS MIUAIZ, 98 N S FATIMA II. CIDADE DE DEUS. 69099-404 Manaus - AM.
13104519;CENTRO EDUCACIONAL SONHO DE CRIANCA;-3.07037819;-59.95178429;infantil;privada;ativa;geral;nao;RUA ROSA BRANCA, 37 SAO JOSE OPERARIO. 69085-230 Manaus - AM.
13116207;CENTRO EDUCACIONAL SONHO DOURADO;-3.01038133;-59.97157373;infantil|fundamental_i|fundamental_ii;privada;ativa;geral;nao;RUA GUARACAI, 12 QD. 03. CIDADE NOVA. 69097-770 Manaus - AM.
13090402;CENTRO EDUCACIONAL TABERNACULO;-3.07197429;-60.06647661;infantil|fundamental_i|fundamental_ii;privada;ativa;geral;nao;RUA UTINGA, ANTIGA RUA 15, 422 AO LADO DO DANTAS. LIRIO DO VALE 2. 69038-286 Manaus - AM.
13098438;CENTRO EDUCACIONAL TANCREDO NEVES;-3.04618636;-59.94109293;infantil|fundamental_i|fundamental_ii;privada;ativa;geral;nao;RUA NOVA ERECHIM, 03 TANCREDO NEVES. 69087-380 Manaus - AM.
13073877;CENTRO EDUCACIONAL TAVARES FERREIRA;-3.02080268;-59.99345150;infantil|fundamental_i;privada;ativa;geral;nao;RUA DOM ROMUALDO A. DE SOUZA, 15 CONJUNTO MANOA. MONTE DAS OLIVEIRAS. 69093-742 Manaus - AM.
13105345;CENTRO INTEGRADO DE EDUCACAO APRENDER - CIEA;-3.08785900;-59.98241900;infantil|fundamental_i|fundamental_ii;privada;ativa;geral;nao;RUA PAULO LOPES, 55 ANTIGA RUA AMAZONAS. COROADO. 69080-340 Manaus - AM.
13103474;CENTRO INTEGRADO DE EDUCACAO E CIDADANIA - CIEC;-3.04379330;-60.00182360;fundamental_i|fundamental_ii;privada;ativa;geral;nao;RUA ANGOLA-Q 23, 21 PARQUE DAS NACOES. FLORES. 69028-000 Manaus - AM.
13073737;CENTRO INTEGRADO MILTON PONGITORY;-3.01579068;-59.96991731;infantil|fundamental_i|fundamental_ii;privada;ativa;geral;nao;RUA ITAGUAJE, 06 QD 68 OSVALDO FROTA. CIDADE NOVA. 69097-788 Manaus - AM.
13080911;CENTRO METROPOLITANO DE ENSINO LTDA;-3.09473150;-60.02635690;infantil|fundamental_i|fundamental_ii;privada;ativa;geral;nao;RUA 2, 100 CJ BEVERLY HILLS. CHAPADA. 69050-580 Manaus - AM.
13099914;CENTRO POSITIVIANO DE ENSINO;-3.02925510;-59.92791640;infantil|fundamental_i|fundamental_ii;privada;ativa;geral;nao;TRAVESSA CARABUCU, 297 QD 11. JORGE TEIXEIRA. 69088-044 Manaus - AM.
13258206;CENTRO RURAL DE ENSINO COM MEDIACAO TECNOLOGICA DE MANAUS;-3.10749600;-60.02628350;;estadual;ativa;geral;nao;KM 23, S/N RODOVIARIO. 69068-000 Manaus - AM.
13107127;CIME DRA VIVIANE ESTRELA MARQUES RODELLA;-2.97373190;-60.00790550;infantil|fundamental_i;municipal;ativa;geral;nao;AV COMENDADOR JOSE CRUZ, S/N LAGO AZUL. 69018-150 Manaus - AM.
13107135;CIME JOSEFINA ROSA DE MATTOS PEREIRA DE CASTRO;-3.02174084;-59.92036352;infantil|fundamental_i|fundamental_ii;municipal;ativa;geral;nao;RUA SAO PAULO, S/N JORGE TEIXEIRA. 69088-067 Manaus - AM.
13107143;CIME SENADOR ARTUR VIRGILIO DO CARMO RIBEIRO FILHO;-3.07631965;-59.92899272;infantil|fundamental_i|fundamental_ii;municipal;ativa;geral;nao;RUA DOS ACAIZEIROS, S/N GILBERTO MESTRINHO. 69086-666 Manaus - AM.
13032046;CMEI ABELHINHA;-3.09083333;-59.98409333;infantil;municipal;ativa;geral;nao;R. DOM BOSCO, 996 COROADO. 69080-370 Manaus - AM.
13089188;CMEI AILTON ROTH;-3.01407667;-59.95442167;infantil;municipal;ativa;geral;nao;R. SANTA MARIA DA PAZ, 988 ANTIGA AV MARCOS CAV. CIDADE NOVA. 69099-644 Manaus - AM.
13102842;CMEI ANA MARIA GONCALVES DOS SANTOS;-3.02665388;-59.95248325;;municipal;paralisada;geral;nao;R. FRANCISCA MENDES, 1950 CIDADE DE DEUS. 69099-345 Manaus - AM.
13097830;CMEI ANTONIO ANASTACIO CAVALCANTE;-3.07108083;-59.93626666;infantil;municipal;ativa;geral;nao;R. G, QD. R, 1 LOTEAMENTO CASTANHEI. SAO JOSE OPERARIO. 69086-360 Manaus - AM.
13081578;CMEI ARGENTINA BARROS;-3.01366403;-59.97008028;infantil;municipal;ativa;geral;nao;R. 34, S/N CONJ. FRANCISCA MEND. CIDADE NOVA. 69097-777 Manaus - AM.
13081675;CMEI BALBINA MESTRINHO;-3.06696500;-59.94640500;infantil;municipal;ativa;geral;nao;R. J, S/N ETAPA B. SAO JOSE OPERARIO. 69085-630 Manaus - AM.
13081683;CMEI BEATRIZ SVERNER;-3.05314384;-59.93395130;infantil;municipal;ativa;geral;nao;R. TOPAZIO, 52 COM. NOVA FLORESTA,. JORGE TEIXEIRA. 69087-058 Manaus - AM.
13081462;CMEI BLANDINO JOSE RIBEIRO;-3.09902170;-60.05976500;infantil;municipal;ativa;geral;nao;R. TEOFILO DIAS, 410 COMPENSA. 69036-100 Manaus - AM.
13081403;CMEI CECILIA CABRAL;-3.10844329;-59.99476107;infantil;municipal;ativa;geral;nao;R. THOMAS MEIRELES, S/N PETROPOLIS. 69067-090 Manaus - AM.
13058410;CMEI CORACAO DE JESUS;-3.13946350;-60.00080050;infantil;municipal;ativa;geral;nao;RUA WALTER ORION, S/N MORRO DA LIBERDADE. 69074-762 Manaus - AM.
13092693;CMEI CRISTO REI;-3.06120730;-59.95218610;;municipal;paralisada;geral;nao;R. PENETRACAO II, 50 SAO JOSE OPERARIO. 69086-010 Manaus - AM.
13088998;CMEI DALVA MARIA COSTA E SILVA;-3.10771667;-59.99911667;infantil;municipal;ativa;geral;nao;R. RIO AMAZONAS, 12A SAO FRANCISCO. PETROPOLIS. 69063-000 Manaus - AM.
13099221;CMEI DENIVAL LEITE DE OLIVEIRA JUNIOR;-3.02305601;-60.00383500;infantil;municipal;ativa;geral;nao;R. TARAGUA, 3 COLONIA TERRA NOVA. 69093-057 Manaus - AM.
13026739;CMEI DILSEN SILVA ALVES;-3.09360667;-59.97902500;infantil;municipal;ativa;geral;nao;R. DA PAZ, S/N COROADO. 69080-240 Manaus - AM.
13081640;CMEI DOM BOSCO;-3.09848025;-60.05087123;infantil;municipal;ativa;geral;nao;RUA CANDIDO MENDES, CONJUNTO IPASE. COMPENSA 1. 69036-615 Manaus - AM.
13026445;CMEI DOUTOR FERNANDO TRIGUEIRO;-3.11527856;-59.97658475;infantil;municipal;ativa;geral;nao;R. C - 21, 1843-B CJ. 31 DE MARCO. JAPIIM II. 69076-810 Manaus - AM.
13309226;CMEI DR MANUEL BASTOS LIRA;-3.00406528;-60.02888517;;municipal;paralisada;geral;nao;R. RIO EUFRATES, 77 COM. JESUS ME DEU. COLONIA TERRA NOVA. 69015-403 Manaus - AM.
13092430;CMEI ESCRITOR ALCIDES WERK;-2.99725338;-60.01456579;infantil;municipal;ativa;geral;nao;RUA AURORA, S/N COLONIA TERRA NOVA. 69015-695 Manaus - AM.
13092448;CMEI ESCRITOR JOSE BENTO MONTEIRO LOBATO;-3.03162500;-60.00623000;infantil;municipal;ativa;geral;nao;RUA BOTELHO DE MAGALHAES, 133 COLONIA SANTO ANTONIO. 69093-230 Manaus - AM.
13092537;CMEI ESCRITOR RAUL DAVILA POMPEIA;-2.97600117;-60.02967611;infantil;municipal;ativa;geral;nao;AVENIDA PEIXE CAVALO, S/N UNIAO DA VITORIA. TARUMA. 69023-000 Manaus - AM.
13089072;CMEI EVA GOMES DO NASCIMENTO;-3.03150427;-60.01143085;infantil;municipal;ativa;geral;nao;R. ESTRELA DE DAVI, 61 NOVO ISRAEL. 69039-733 Manaus - AM.
13100483;CMEI FATIMA MACIEL DA COSTA;-3.11435984;-59.93227064;infantil;municipal;ativa;geral;nao;R. 17, 259 COMUNIDADE JARDIM MA. MAUAZINHO. 69075-740 Manaus - AM.
13073311;CMEI FLAVIO EMANUEL ESPIRITO SANTO JUNIOR;-3.08073467;-59.96964085;infantil;municipal;ativa;geral;nao;R. ATILA PEDRACA, 24 OURO VERDE - COROADO. COROADO. 69082-440 Manaus - AM.
13089137;CMEI FRANCISCO PEREIRA DA SILVA;-3.12149626;-60.00350098;infantil;municipal;ativa;geral;nao;AV. JAPURA, 2581 CACHOEIRINHA. 69065-150 Manaus - AM.
13089161;CMEI GRACILIANO RAMOS;-3.06805680;-60.03499340;;municipal;paralisada;geral;nao;AV. PROFESSORA CACILDA PEDROSA, 600 ALVORADA. 69043-340 Manaus - AM.
13026747;CMEI GRAZIELA RIBEIRO;-3.07886334;-60.05046440;infantil;municipal;ativa;geral;nao;R. PROFESSOR ABILIO ALENCAR, 371 ALVORADA. 69042-010 Manaus - AM.
13026836;CMEI GUSTAVO CAPANEMA;-3.14830077;-60.00575592;infantil;municipal;ativa;geral;nao;R. FELISMINO SOARES, 215 COLONIA OLIVEIRA MACHADO. 69070-620 Manaus - AM.
13093509;CMEI HELIODORO BALBI;-2.98452226;-60.01280121;infantil;municipal;ativa;geral;nao;R. DAS SAMAMBAIAS, 864 SANTA ETELVINA. 69059-500 Manaus - AM.
13071866;CMEI HERMANN GMEINER;-3.07788500;-60.03566500;infantil;municipal;ativa;geral;nao;RUA VIVALDO LIMA, 405 ALVORADA. 69043-660 Manaus - AM.
13025120;CMEI HUMBERTO DE ALENCAR CASTELO BRANCO;-3.08199856;-60.00994214;infantil;municipal;ativa;geral;nao;R. 22, S/N CONJUNTO CASTELO BRA. PARQUE 10 DE NOVEMBRO. 69055-400 Manaus - AM.
13097857;CMEI IRMA EVELINA TRINDADE;-3.01856000;-60.01538500;infantil;municipal;ativa;geral;nao;RUA ALZIRA MAGALHAES, 10C COLONIA TERRA NOVA. 69015-220 Manaus - AM.
13082930;CMEI IRMAO CIRO R M FONSECA;-2.99627205;-59.99844544;infantil;municipal;ativa;geral;nao;R. MACURA, S/N VITORIA REGIA - AREA. MONTE DAS OLIVEIRAS. 69093-000 Manaus - AM.
13093690;CMEI ISMAIL AZIZ;-2.96584099;-60.02557012;infantil;municipal;ativa;geral;nao;ROD. BR 174, KM 2,5 ANT. E.M. ISMAIL AZI. RODOVIARIO. 69035-000 Manaus - AM.
13099213;CMEI JAUARY GUIMARAES DE SOUZA;-3.00721815;-59.99029646;infantil;municipal;ativa;geral;nao;R. CAINITO, 198 ANTIGA RUA DOS ABU. MONTE DAS OLIVEIRAS. 69001-009 Manaus - AM.
13081446;CMEI JEAN PIAGET;-3.11625589;-60.04302687;infantil;municipal;ativa;geral;nao;R. LAURO BITTENCOURT, SN SANTO ANTONIO. 69029-060 Manaus - AM.
13058592;CMEI JOAO BARBOSA;-3.11363986;-59.98541887;infantil;municipal;ativa;geral;nao;R. 26, S/N CONJ. 31 DE MARCO. JAPIIM. 69077-270 Manaus - AM.
13028715;CMEI JULIA BARJONA LABRE;-3.07232584;-59.94986937;infantil;municipal;ativa;geral;nao;R. JANUACA, S/N SAO JOSE OPERARIO. 69085-145 Manaus - AM.
13081411;CMEI JURACY FREITAS MACIEL;-3.10808903;-59.98596072;infantil;municipal;ativa;geral;nao;R. ARTHUR CRUZ, S/N JAPIIM. 69078-190 Manaus - AM.
13082965;CMEI MADRE ANA ROSA GATTORNO;-3.08913500;-59.94186333;infantil;municipal;ativa;geral;nao;RUA RIO XANXERE, S/N ARMANDO MENDES. 69089-140 Manaus - AM.
13058339;CMEI MADRE ELISIA;-3.12730000;-60.03751833;infantil;municipal;ativa;geral;nao;R. 05 DE SETEMBRO, S/N SAO RAIMUNDO. 69027-010 Manaus - AM.
13026763;CMEI MAESTRO DIRSON COSTA;-3.11583240;-59.99743651;infantil;municipal;ativa;geral;nao;R. CORONEL FERREIRA DE ARAUJO, 123 PETROPOLIS. 69063-000 Manaus - AM.
13058401;CMEI MARCIO SOUZA;-3.12755671;-60.00445459;infantil;municipal;ativa;geral;nao;AV. BORBA, S/N CACHOEIRINHA. 69065-030 Manaus - AM.
13089013;CMEI MARIA CLARA MACHADO;-3.10433667;-59.98784667;infantil;municipal;ativa;geral;nao;R. 12, 75 CONJ. JARDIM PETROPO. PETROPOLIS. 69078-030 Manaus - AM.
13096826;CMEI MARIA DA FE XEREZ ANZOATEGUI;-3.02805716;-59.96626513;infantil;municipal;ativa;geral;nao;R. 16 DE AGOSTO, S/N RIACHO DOCE 3 - CIDA. CIDADE NOVA. 69095-235 Manaus - AM.
13265245;CMEI MARIA DE LOURDES BRAGA;-3.01110077;-60.01570646;infantil;municipal;ativa;geral;nao;R. SANTA RITA, 335 COMUNIDADE SAO LUIZ. COLONIA TERRA NOVA. 69015-200 Manaus - AM.
13089145;CMEI MARIA DE MATTIAS;-3.11314258;-60.03069017;infantil;municipal;ativa;geral;nao;R. SANTO AFONSO, 234 SAO GERALDO. 69053-240 Manaus - AM.
13026755;CMEI MARIA DO CEU VAZ DOLIVEIRA;-3.06459624;-60.04416347;infantil;municipal;ativa;geral;nao;R. A- 12, S/N CONJUNTO AJURICABA. PLANALTO. 69046-140 Manaus - AM.
13081667;CMEI MARIA EMILIA MESTRINHO;-3.09404302;-59.89533470;infantil;municipal;ativa;geral;nao;RUA JOSE MARIA N 02, 02 COLONIA ANTONIO ALEIXO. 69008-431 Manaus - AM.
13116800;CMEI MARIA GRACINEIDE CHAGAS DE NEGREIROS;-3.00698829;-60.02687836;infantil|fundamental_i;municipal;ativa;geral;nao;RUA SAO FRANCISCO, 20 COMUNIDADE JESUS ME. COLONIA TERRA NOVA. 69093-532 Manaus - AM.
13102834;CMEI MARIETE CARNEIRO DA SILVA;-3.05528329;-59.92252526;infantil;municipal;ativa;geral;nao;RUA JATUBU, 6211 PISTA DA RAQUETE. JORGE TEIXEIRA. 69088-000 Manaus - AM.
13100424;CMEI MARY ASSAYAG HANNAN;-2.99917680;-60.03487380;infantil;municipal;ativa;geral;nao;R. DO COMERCIO, S/N COM. PARQUE SAO PEDR. TARUMA. 69021-100 Manaus - AM.
13081764;CMEI MOACIR ANDRADE;-3.05896880;-59.95303918;infantil;municipal;ativa;geral;nao;RUA RIO JARAREDE, 39 SAO JOSE OPERARIO. 69086-083 Manaus - AM.
13081500;CMEI NILZA DOS SANTOS ALENCAR;-3.10409380;-60.06284010;infantil;municipal;ativa;geral;nao;R. DA ESTANAVE, S/N COMPENSA. 69035-360 Manaus - AM.
13089048;CMEI NILZA GODOY;-3.11271058;-60.04047063;infantil;municipal;ativa;geral;nao;R. SENADOR CUNHA MELO, 163 JARDIM DOS BARES. SAO JORGE. 69033-340 Manaus - AM.
13081454;CMEI NOSSA SENHORA DA BOA ESPERANCA;-3.08798039;-60.05659334;infantil;municipal;ativa;geral;nao;R. GAMA FARIAS, S/N NOVA ESPERANCA. 69037-480 Manaus - AM.
13092669;CMEI NOSSA SENHORA DA CONCEICAO;-3.04899000;-59.94307333;;municipal;paralisada;geral;nao;RUA OPALA, 31 TANCREDO NEVES. 69087-260 Manaus - AM.
13068032;CMEI NOSSA SENHORA DA PAZ;-3.06064398;-60.03222995;infantil;municipal;ativa;geral;nao;R. JUREMA, S/N DA PAZ. 69048-190 Manaus - AM.
13098683;CMEI OLAVO BILAC;-3.05065951;-60.00308205;infantil;municipal;ativa;geral;nao;AV. ARGENTINA, S/N FLORES. FLORES. 69028-230 Manaus - AM.
13118803;CMEI ONIAS BENTO DA SILVA FILHO;-3.00828641;-59.96059372;infantil;municipal;ativa;geral;nao;R. BENJAMIM, S/N COM. ALIANCA C/ DEUS. CIDADE DE DEUS. 69099-815 Manaus - AM.
13081560;CMEI PADRE CLAUDIO DALBON;-3.04390710;-59.95807760;infantil;municipal;ativa;geral;nao;R. 89, 10 CONJ AMAZ MENDES. NOVO ALEIXO. 69099-775 Manaus - AM.
13081772;CMEI PADRE LUIS RUAS;-3.12687167;-59.93732167;infantil;municipal;ativa;geral;nao;R. ENCONTRO DAS AGUAS, S/N MAUAZINHO. 69075-300 Manaus - AM.
13097067;CMEI PAULO HERBAN JACOB;-3.01062321;-60.00327438;infantil;municipal;ativa;geral;nao;R. SAO JUDAS TADEU, S/N COLONIA TERRA NOVA. 69093-481 Manaus - AM.
13081594;CMEI PHELIPPE DAOU;-3.07532422;-60.01581378;infantil;municipal;ativa;geral;nao;R. SANTA BARBARA, S/N PQ. 10 DE NOVEMBRO. PARQUE 10 DE NOVEMBRO. 69054-580 Manaus - AM.
13092499;CMEI POETA ALVARES DE AZEVEDO;-2.98215766;-60.00614085;infantil;municipal;ativa;geral;nao;R. JABAL, QD. K, 2 LOTEAMENTO SANTA TER. SANTA ETELVINA. 69059-140 Manaus - AM.
13092677;CMEI POETA ANTONIO GONCALVES DIAS;-3.09238740;-59.94567810;infantil;municipal;ativa;geral;nao;R. I, S/N QUADRA 22. ARMANDO MENDES. 69089-131 Manaus - AM.
13092650;CMEI POETA MANUEL BANDEIRA;-3.07322833;-59.93608833;infantil;municipal;ativa;geral;nao;RUA NELSON MANDELA, S/N CONJUNTO CASTANHEIRA. ZUMBI DOS PALMARES. 69086-550 Manaus - AM.
13092634;CMEI PROF ARIETE GAIO DE SOUZA OLIVEIRA;-3.06992650;-60.05521713;infantil;municipal;ativa;geral;nao;R. DR.ORLANDO FALCONE, QD.16-A, 57 JD BELVEDE. PLANALTO. 69044-370 Manaus - AM.
13101692;CMEI PROF CAIO CARLOS FROTA DE MEDEIROS;-2.96551821;-59.99517462;infantil;municipal;ativa;geral;nao;AV. A, S/N ARTERIAL COM A RUA F. LAGO AZUL. 69018-442 Manaus - AM.
13092421;CMEI PROF CALIXTO PEREIRA CAVALCANTE;-3.03112830;-59.95308060;infantil;municipal;ativa;geral;nao;AV. CAMAPUA, 1649 CIDADE DE DEUS. CIDADE NOVA. 69097-720 Manaus - AM.
13081497;CMEI PROF DIEDRES GAMA MACHADO;-3.07388510;-60.06700500;infantil;municipal;ativa;geral;nao;R. 16, 02 LIRIO DO VALE. 69038-287 Manaus - AM.
13097636;CMEI PROF DR FELIX VALOIS COELHO;-3.00456155;-59.97735405;infantil;municipal;ativa;geral;nao;AV. MARGARITA, S/N NOVA CIDADE. 69097-305 Manaus - AM.
13092367;CMEI PROF ELZA DAMASCENO DA SILVA;-3.11277324;-60.04493274;infantil;municipal;ativa;geral;nao;RUA MONICA BINDA, 647 SANTO ANTONIO. 69029-100 Manaus - AM.
13093568;CMEI PROF ESCRITOR PAULINHO DE BRITO;-3.04777186;-60.01545652;infantil;municipal;ativa;geral;nao;RUA BOM PASTOR, 09 FLORES. 69028-340 Manaus - AM.
13081438;CMEI PROF JOSE ERICO PEREIRA DE SOUZA;-3.14322000;-60.01491500;infantil;municipal;ativa;geral;nao;R. BOULEVARD RIO NEGRO, S/N EDUCANDOS. 69070-130 Manaus - AM.
13097229;CMEI PROF MARIA DE FATIMA MARQUES CAMPOS;-3.00247561;-60.04578259;infantil;municipal;ativa;geral;nao;R. PRAIA DO PORTO SEGURO, S/N COM. CAMPOS SALES. TARUMA. 69041-385 Manaus - AM.
13092626;CMEI PROF MARIA DO SOCORRO CARDOSO SILVA;-3.08368580;-60.05789950;infantil;municipal;ativa;geral;nao;RUA 5 DE SETEMBRO, 118 NOVA ESPERANCA. 69037-520 Manaus - AM.
13158210;CMEI PROF NAIDE SOARES DE OLIVEIRA;-3.08922798;-60.05442738;infantil;municipal;ativa;geral;nao;R. DA PROSPERIDADE, 21 ATRAS DO SUPERMERCAD. NOVA ESPERANCA. 69037-581 Manaus - AM.
13089021;CMEI PROF ODETE DE ARAUJO PUGA BARBOSA;-3.12006500;-59.99506667;infantil;municipal;ativa;geral;nao;R. ALMIR PEDREIRAS, 188 PETROPOLIS. 69063-330 Manaus - AM.
13271261;CMEI PROF RAIMUNDO FIGUEIREDO DE SOUZA;-3.05573124;-60.04059848;infantil;municipal;ativa;geral;nao;R. BAGE, 2071 REDENCAO. 69047-390 Manaus - AM.
13100467;CMEI PROF RITA FONSECA VELOSO;-3.01188213;-59.94669136;infantil;municipal;ativa;geral;nao;R. BOTAFOGO, 347 CIDADE DE DEUS. 69099-319 Manaus - AM.
13087738;CMEI PROF ROSIRA DOS SANTOS MONTEIRO;-3.01943500;-59.97371167;infantil;municipal;ativa;geral;nao;R. KIRUNA, S/N CAMPO DOURADO. CIDADE NOVA. 69095-626 Manaus - AM.
13093487;CMEI PROF ROZENDO NETO DE LIMA;-3.03970724;-59.98549059;infantil;municipal;ativa;geral;nao;R. 2, S/N ESQ. COM R.5 - CONJ.. CIDADE NOVA. 69058-730 Manaus - AM.
13087690;CMEI PROF SAFIRA BARBOSA DA SILVA;-3.12835253;-59.99146361;infantil;municipal;ativa;geral;nao;R. BOA ESPERANCA, S/N ATERRO DO QUARENTA. CRESPO. 69073-150 Manaus - AM.
13087720;CMEI PROF SANTINA CASTRO PEREIRA;-3.05160833;-59.95348167;infantil;municipal;ativa;geral;nao;R. PARANATININGA, S/N COMUNIDADE CAMPO DO. NOVO ALEIXO. 69098-293 Manaus - AM.
13067001;CMEI PROF SULAMITA PEREIRA GONCALVES;-3.01684738;-59.93993118;infantil;municipal;ativa;geral;nao;R. SANTA ETELVINA, 324 CIDADE DE DEUS. 69099-264 Manaus - AM.
13081616;CMEI PROF WILSON MOTA DOS REIS;-3.05603980;-60.04107710;;municipal;paralisada;geral;nao;R. BAGE, 2020 REDENCAO. 69047-390 Manaus - AM.
13081535;CMEI PROFA ROSSANA DA SILVA GADELHA;-3.04309726;-59.95035887;infantil;municipal;ativa;geral;nao;RUA 39, 9A QUADRA 153. NOVO ALEIXO. 69099-180 Manaus - AM.
13092375;CMEI PROFESSORA ELZA CRUZ DE OLIVEIRA;-3.10346320;-60.05081010;;municipal;paralisada;geral;nao;R. TOBIAS BARRETO, 514 ANTIGA RUA BRASIL. COMPENSA. 69030-020 Manaus - AM.
13081608;CMEI PROFESSORA JOELMA SILVA DE OLIVEIRA;-3.11056970;-60.02169206;infantil;municipal;ativa;geral;nao;R. LIBERTADOR, 55 BECO DO MACEDO. NOSSA SENHORA DAS GRACAS. 69053-090 Manaus - AM.
13307258;CMEI PROFª ADELAIDE BESSA WANDERLEY;-3.03022897;-59.92091120;infantil;municipal;ativa;geral;nao;R. MIRRA, S/N JOAO PAULO II - JORG. JORGE TEIXEIRA. 69088-000 Manaus - AM.
13097091;CMEI PROFª ANALIA FRANCO;-3.02647968;-59.99623764;infantil;municipal;ativa;geral;nao;R. 23, 133 VALE DO SINAI. CIDADE NOVA. 69090-718 Manaus - AM.
13097490;CMEI PROFª ANGELA MARIA HONORATO DA COSTA;-3.03593237;-59.93857400;;municipal;paralisada;geral;nao;R. VISCONDE DE ITABORAI, 14 COM. BAIRRO NOVO. JORGE TEIXEIRA. 69058-720 Manaus - AM.
13092952;CMEI PROFª CACILDA PINTO DE LIMA;-3.02661563;-59.92622503;infantil;municipal;ativa;geral;nao;RUA JACKSON CABRAL, 901 JORGE TEIXEIRA. 69088-056 Manaus - AM.
13083007;CMEI PROFª DULCINEIA TINOCO;-3.06409188;-59.92578920;infantil;municipal;ativa;geral;nao;R. VITORIA REGIA, S/N COM. GRANDE VITORIA. GILBERTO MESTRINHO. 69086-650 Manaus - AM.
13089080;CMEI PROFª EUNICE SERRANO;-3.03543000;-60.00205833;;municipal;paralisada;geral;nao;R. SANTO ANTONIO, 06 COLONIA SANTO ANTONIO. 69029-230 Manaus - AM.
13099701;CMEI PROFª MARIA AMELIA TAVARES LOPES;-3.07821278;-59.88331974;infantil;municipal;ativa;geral;nao;R. HILARIO CALHEIRO, LT. 15, 15 BELA VISTA. PURAQUEQUARA. 69009-235 Manaus - AM.
13089110;CMEI PROFª MARIA BRAZ VIEGAS;-2.99665800;-59.97326720;infantil;municipal;ativa;geral;nao;R. 56, QD 110, 03 CJ. NOVA CIDADE. NOVA CIDADE. 69097-372 Manaus - AM.
13305220;CMEI PROFª MARIA RAIMUNDA;-3.01031388;-60.01914279;infantil;municipal;ativa;geral;nao;R. INGARANA, 140 COM. SANTA MARTA. COLONIA TERRA NOVA. 69015-280 Manaus - AM.
13131818;CMEI PROFª RENATA HOLANDA DE SGONCALVES;-3.03359520;-59.93680530;infantil;municipal;ativa;geral;nao;R. H/I, S/N COM. BAIRRO NOVO. JORGE TEIXEIRA. 69089-120 Manaus - AM.
13093479;CMEI PROFª RITA ETELVINA CASSIA GMOURAO;-3.02056407;-59.99494775;infantil;municipal;ativa;geral;nao;R. PARAISO DO TOCANTINS, S/N MANOA. CIDADE NOVA. 69090-807 Manaus - AM.
13089005;CMEI PROFª SOFIA SOEIRO DO NASCIMENTO;-2.97014189;-59.99582179;infantil|fundamental_i;municipal;ativa;geral;nao;AV. RIO PARU, 107 CONJUNTO VIVER MELHO. LAGO AZUL. 69018-550 Manaus - AM.
13307240;CMEI PROFª SUELY CRUZ DE PINHO POMPEU;-2.97340100;-59.99122140;infantil;municipal;ativa;geral;nao;RAMAL DO ACARA, S/N COMUNIDADE PARAISO V. LAGO AZUL. 69018-550 Manaus - AM.
13089030;CMEI RAIMUNDO NONATO DE AGUIAR;-3.11916174;-60.03827259;infantil;municipal;ativa;geral;nao;RUA SOLIMOES, 125 SAO RAIMUNDO. 69029-190 Manaus - AM.
13089153;CMEI RAQUEL DE QUEIROZ;-3.05843535;-60.03172528;infantil;municipal;ativa;geral;nao;R. 27 DE OUTUBRO, 15 DA PAZ. 69048-310 Manaus - AM.
13081624;CMEI ROMUALDO RUBIM;-3.05819960;-60.03793890;;municipal;paralisada;geral;nao;R. 15 DE OUTUBRO, S/N REDENCAO. 69047-000 Manaus - AM.
13092707;CMEI SANTA IZABEL;-3.05711520;-59.96180630;infantil;municipal;ativa;geral;nao;RUA MADALENA FROTA, 11 NOVO ALEIXO. 69098-196 Manaus - AM.
13120409;CMEI SANTA TEREZINHA DO MENINO JESUS;-3.06099833;-59.93415500;;municipal;paralisada;geral;nao;R. BARCELOS, 89 NOVA CONQUISTA. TANCREDO NEVES. 69087-668 Manaus - AM.
13092960;CMEI SAO JUDAS TADEU;-3.01504470;-59.95818810;infantil;municipal;ativa;geral;nao;R. 62, 1459 COM. ALFREDO NASCIME. CIDADE NOVA. 69099-462 Manaus - AM.
13092405;CMEI SENADOR ALVARO BOTELHO MAIA;-3.10031666;-60.06668831;infantil;municipal;ativa;geral;nao;R. 04, 40 VILA MARINHO. COMPENSA. 69035-794 Manaus - AM.
13026801;CMEI TANCREDO NEVES;-3.08602010;-59.88835110;infantil;municipal;ativa;geral;nao;R. NOVA ESPERANCA, S/N COLONIA ANTONIO ALEIXO. 69087-380 Manaus - AM.
13071661;CMEI TENENTE ROXANA PEREIRA BONESSI;-3.03651333;-59.94274667;infantil;municipal;ativa;geral;nao;R. AURELIO PINHEIRO, S/N CONJ AMAZONINO MENDE. NOVO ALEIXO. 69099-069 Manaus - AM.
13082973;CMEI UMBERTO CALDERARO;-3.07517530;-59.94384830;infantil;municipal;ativa;geral;nao;R. SAO CRISTOVAO, S/N ZUMBI DOS PALMARES. 69084-580 Manaus - AM.
13088912;CMEI VIOLETA BRANCA M DE OLIVEIRA;-3.11370304;-59.99097987;infantil;municipal;ativa;geral;nao;R. MONTE CASTELO, 161 JAPIIM. 69078-500 Manaus - AM.
13026585;COL DOM BOSCO;-3.13205780;-60.02717630;infantil|fundamental_i|fundamental_ii;privada;ativa;geral;nao;AVENIDA EPAMINONDAS, 57 CENTRO. 69010-090 Manaus - AM.
13025295;COLEGIO ADVENTISTA DA CIDADE NOVA;-3.03197854;-59.98808197;infantil|fundamental_i|fundamental_ii;privada;ativa;geral;nao;AVENIDA NOEL NUTELS, 371 PROX. TERMINAL 03. CIDADE NOVA. 69096-000 Manaus - AM.
13025325;COLEGIO ADVENTISTA DA RAIZ;-3.12458750;-59.99836830;;privada;paralisada;geral;nao;RUA FURNAS, 484 RAIZ. 69068-580 Manaus - AM.
13025333;COLEGIO ADVENTISTA DE MANAUS;-3.13453590;-60.01430950;infantil|fundamental_i|fundamental_ii;privada;ativa;geral;nao;AVENIDA 7 DE SETEMBRO, 1887 CENTRO. 69020-120 Manaus - AM.
13064215;COLEGIO ADVENTISTA PAUL BERNARD;-3.07182350;-59.94699480;infantil|fundamental_i|fundamental_ii;privada;ativa;geral;nao;AVENIDA COSME FERREIRA, 5879 SAO JOSE OPERARIO. 69085-015 Manaus - AM.
13026470;COLEGIO AMAZONENSE DOM PEDRO II;-3.13411167;-60.02138500;;estadual;ativa;geral;nao;AVENIDA SETE DE SETEMBRO, S/N CENTRO. 69005-141 Manaus - AM.
13026550;COLEGIO BRASILEIRO PEDRO SILVESTRE;-3.12963584;-60.01982123;fundamental_ii;estadual;ativa;geral;nao;RUA 10 DE JULHO, 843 CENTRO. 69010-060 Manaus - AM.
13098519;COLEGIO DOM BOSCO LESTE;-3.07778050;-59.95221060;infantil|fundamental_i|fundamental_ii;privada;ativa;geral;nao;AVENIDA COSME FERREIRA, 5122 ZUMBI DOS PALMARES. 69084-425 Manaus - AM.
13055038;COLEGIO ESPIRITA MARILIA BARBOSA;-3.07005380;-60.04966250;fundamental_i;privada;ativa;geral;sim;RUA MONTE CARLO, 9 CONJ CAMPOS ELISEOS. PLANALTO. 69045-170 Manaus - AM.
13104071;COLEGIO GENESIS MANAUS;-3.04291273;-59.95377827;infantil|fundamental_i;privada;ativa;geral;nao;RUA IMBITUBA, 34 QD 77. NOVO ALEIXO. 69099-220 Manaus - AM.
13093126;COLEGIO MARIA ANGELIM;-3.03309290;-59.98126360;infantil|fundamental_i|fundamental_ii;privada;ativa;geral;nao;RUA FAGUNDES, 10 CIDADE NOVA. 69095-100 Manaus - AM.
13026577;COLEGIO MILITAR DA POLICIA MILITAR DO AMAZONAS;-3.11908340;-60.00009640;fundamental_i|fundamental_ii;estadual;ativa;geral;nao;AVENIDA MARQUES DA SILVEIRA, S/N PETROPOLIS. 69063-393 Manaus - AM.
13026488;COLEGIO MILITAR DE MANAUS;-3.13061480;-60.02644540;fundamental_ii;federal;ativa;geral;nao;RUA JOSE CLEMENTE, 157 CENTRO. 69010-070 Manaus - AM.
13098268;COLEGIO NAZARENO;-3.06768710;-60.01569660;infantil|fundamental_i|fundamental_ii;privada;ativa;geral;nao;RUA BARAO DE INDAIA, 42 PQ DAS LARANJEIRAS. FLORES. 69058-448 Manaus - AM.
13026496;COLEGIO NOSSA SENHORA AUXILIADORA;-3.12035510;-60.02198540;fundamental_i|fundamental_ii;privada;ativa;geral;nao;RUA SILVA RAMOS, 833 CENTRO. 69025-030 Manaus - AM.
13026640;COLEGIO PRECIOSISSIMO SANGUE;-3.10967230;-60.02639350;infantil|fundamental_i|fundamental_ii;privada;ativa;geral;nao;AVENIDA CONSTANTINO NERY, 1751 SAO GERALDO. 69050-000 Manaus - AM.
13026500;COLEGIO SANTA DOROTEIA;-3.13243800;-60.01973110;infantil|fundamental_i|fundamental_ii;privada;ativa;geral;nao;AVENIDA JOAQUIM NABUCO, 1097 CENTRO. 69020-030 Manaus - AM.
13105493;CONNEXUS ENSINO FUNDAMENTAL E MEDIO LTDA;-3.10878610;-60.00765940;fundamental_i|fundamental_ii;privada;ativa;geral;nao;RUA FRANCO DE SA, 230 ANEXO DA BEBE BOMBOM. SAO FRANCISCO. 69079-210 Manaus - AM.
13098292;CRECHE E APARECE ED INFANTIL E BERCARIO LTDA;-3.07663070;-60.00647422;infantil;privada;ativa;geral;nao;RUA PRINCESA ISABEL, 12 CONJUNTO VILA DO REY. PARQUE 10 DE NOVEMBRO. 69054-110 Manaus - AM.
13189204;CRECHE ESCOLA LAPIS CRIATIVO;-3.11581854;-60.02945683;infantil;privada;ativa;geral;nao;AVENIDA ALVARO MAIA, 362 EM FRENTE A PEMAZA. PRESIDENTE VARGAS. 69025-360 Manaus - AM.
13106724;CRECHE MARIA DA ANUNCIACAO NORONHA;-3.01463236;-59.97023852;infantil;municipal;ativa;geral;nao;AVENIDA IREANEOPOLIS, 655 CONJ. AMERICO MEDEIR. CIDADE NOVA. 69097-740 Manaus - AM.
13100416;CRECHE MUL MAGDALENA ARCE DAOU;-3.13813167;-60.00719333;infantil;municipal;ativa;geral;nao;RUA PROF CARLOS MESQUITA, S/N SANTA LUZIA. 69074-350 Manaus - AM.
13098977;CRECHE MUL MANUEL OCTAVIO RODRIGUES SOUZA;-3.11570740;-59.93435600;infantil;municipal;ativa;geral;nao;AV SOLIMOES, SN COMUNIDADE JARDIM MA. MAUAZINHO. 69075-200 Manaus - AM.
13104454;CRECHE MUL MARIA LUIZA DA CONCEICAO SILVA;-3.03996039;-59.93415337;infantil;municipal;ativa;geral;nao;AV. ITAUBA, S/N JORGE TEIXEIRA. 69088-240 Manaus - AM.
13092502;CRECHE MUL PROF DALVINA DO NASCIMENTO MARTINS;-3.02086833;-59.96345000;infantil;municipal;ativa;geral;nao;RUA LAGOA DA PEDRA, S/N CONJUNTO CANARANAS. CIDADE NOVA. 69097-119 Manaus - AM.
13156209;CRECHE MUL PROF ELIANA DE FREITAS MORAES;-3.02791160;-59.96569977;infantil;municipal;ativa;geral;nao;RUA 16 DE AGOSTO S/N RIACHO DOCE III, S/N CIDADE NOVA. 69095-237 Manaus - AM.
13100491;CRECHE MUL PROFª VIRGINIA MARILIA MELLO DE ARAUJO;-3.07664833;-59.93405833;infantil;municipal;ativa;geral;nao;RUA DAS CARAPANAUBAS, GILBERTO MESTRINHO. 69086-488 Manaus - AM.
13101595;CRECHE MUNICIPAL ANA LOPES PEREIRA;-3.09726024;-60.05305887;infantil;municipal;ativa;geral;nao;RUA ALVARES AZEVEDO, S/N CONJUNTO ARUANA. COMPENSA. 69036-410 Manaus - AM.
13106635;CRECHE MUNICIPAL DALILA BENTES DUARTE;-2.98460121;-60.00208549;infantil;municipal;ativa;geral;nao;RUA DOM MARCOS DE NORONHA, 146 SANTA ETELVINA. 69059-632 Manaus - AM.
13305239;CRECHE MUNICIPAL EDITH MONTEIRO PORTO;-3.01659515;-59.97993493;infantil;municipal;ativa;geral;nao;RUA IBIRAPITINGA, S/N CONJ. OSWALDO FROTA. CIDADE NOVA. 69095-512 Manaus - AM.
13102591;CRECHE MUNICIPAL GABRIEL CORREA PEDROSA;-3.09755048;-60.06127331;infantil;municipal;ativa;geral;nao;RUA SEBASTIAO ROMAM, S/N CONJ RIO XINGU. COMPENSA. 69036-220 Manaus - AM.
13107151;CRECHE MUNICIPAL MAGNOLIA PESSOA FIGUEIREDO;-3.00402290;-60.03786488;infantil;municipal;ativa;geral;nao;R. GUSTAVO CAPANEMA, S/N COM. PARQUE SAO PEDR. TARUMA. 69021-310 Manaus - AM.
13105418;CRECHE MUNICIPAL MARIA APARECIDA SILVA DANTAS;-3.08548167;-59.95101333;infantil;municipal;ativa;geral;nao;AV.AUTAZ MIRIM, S/N ARMANDO MENDES. 69007-000 Manaus - AM.
13105426;CRECHE MUNICIPAL MARIA DO PERPETUO SOCORRO TRINDADE PSENA;-3.06143590;-59.97516790;infantil;municipal;ativa;geral;nao;AV.RAIMUNDO SALGADO, S/N CONJ.AGUAS CLARAS. NOVO ALEIXO. 69098-025 Manaus - AM.
13101641;CRECHE MUNICIPAL NEIDE TOMAZ AVELINO;-3.02086833;-59.92178000;infantil;municipal;ativa;geral;nao;RUA MUTUM-ETE, S/N CIDADE ALTA. JORGE TEIXEIRA. 69088-146 Manaus - AM.
13106236;CRECHE MUNICIPAL PROF ELIAS LIMA DE SOUZA;-3.07660833;-59.94993667;infantil;municipal;ativa;geral;nao;RUA PIRATINI, S/N ZUMBI DOS PALMARES. 69084-050 Manaus - AM.
13106643;CRECHE MUNICIPAL PROF MARISTELA MARTINS REBOUCAS;-3.04654115;-59.97972617;infantil;municipal;ativa;geral;nao;RUA CORONEL GUERREIRO ANTONY, 25 NUCLEO 3. CIDADE NOVA. 69094-340 Manaus - AM.
13104446;CRECHE MUNICIPAL PROFESSORA LUZENIR FARIAS LOPES;-3.10901833;-59.99896167;infantil;municipal;ativa;geral;nao;RUA RIO AMAZONAS, S/N PETROPOLIS. 69067-580 Manaus - AM.
13107160;CRECHE MUNICIPAL TUDE MOUTINHO DA COSTA;-3.01111833;-59.95339667;infantil;municipal;ativa;geral;nao;R. ESPIGAO, S/N ALFREDO NASCIMENTO. CIDADE DE DEUS. 69099-547 Manaus - AM.
13158201;CRECHE ZEZE PIO DE SOUZA;-3.05500808;-60.04152635;infantil;municipal;ativa;geral;nao;RUA ESTRELA RAJADA, 1.170 REDENCAO. 69047-820 Manaus - AM.
13077430;E E PROFESSOR FRANCISCO DAS CHAGAS DE SOUZA ALBUQUERQUE;-3.13176600;-60.01931430;;estadual;ativa;geral;nao;AV. JOAQUIM NABUCO, 1159 CENTRO. 69020-031 Manaus - AM.
13107178;E M ANNA RAYMUNDA DE MATTOS PEREIRA GADELHA;-2.97496167;-60.00775333;fundamental_ii;municipal;ativa;geral;nao;RUA NESTOR NASCIMENTO, S/N LOTEAMENTO BEM VIVER. LAGO AZUL. 69059-690 Manaus - AM.
13031236;E M LUIZ JORGE DA SILVA;-2.92993219;-60.46654024;infantil|fundamental_ii;municipal;ativa;geral;nao;RIO NEGRO - ANAVILHANAS, S/N COMUNIDADE SANTA MAR. RIBEIRINHA. 69001-019 Manaus - AM.
13081551;E M MAGNOLIA FROTA;-3.02415000;-59.98876667;infantil|fundamental_i|fundamental_ii;municipal;ativa;geral;nao;TRAVESSA PINTASSILGO, S/N CONJ. RENATO SOUZA P. CIDADE NOVA. 69090-601 Manaus - AM.
13058975;E M MARIO JORGE DO COUTO LOPES;-3.03634625;-59.98570438;fundamental_i;municipal;ativa;geral;nao;AV. TIMBIRAS, 177 CIDADE NOVA. 69090-010 Manaus - AM.
13118200;E M PROF ERICK VICENTE DE SOUZA;-3.04454436;-59.93481028;infantil|fundamental_i;municipal;ativa;geral;nao;R. LACO DO AMOR, 16 JORGE TEIXEIRA. 69088-190 Manaus - AM.
13089242;E M PROF FERNANDO TIMOTEO DA SILVA;-3.02339167;-59.99573000;fundamental_i;municipal;ativa;geral;nao;RUA CAPITAO BRAULE PINTO, 662 CONJUNTO MANOA. CIDADE NOVA. 69090-796 Manaus - AM.
13093959;EDUCANDARIO ESPIRITA SANTO AGOSTINHO;-3.08237084;-59.89583479;fundamental_i;privada;ativa;geral;nao;RUA NOVA REPUBLICA, 108 COLONIA ANTONIO ALEIXO. 69008-030 Manaus - AM.
13031031;EE PROFª BERNARDETE DO SOCORRO TRINDADE DA ROCHA;-3.06522030;-59.93991120;fundamental_i|fundamental_ii;estadual;ativa;geral;nao;RUA 12 A, 100 SAO JOSE OPERARIO. 69086-131 Manaus - AM.
13102320;EETI AUREA PINHEIRO BRAGA;-3.09310470;-60.05998510;fundamental_ii;estadual;ativa;geral;nao;AV BRASIL, S/N SANTO AGOSTINHO. 69036-595 Manaus - AM.
13304267;EETI DRA ZILDA ARNS NEUMANN;-3.00281359;-60.02277439;fundamental_ii;estadual;ativa;geral;nao;RUA SANTA MARTA, S/N COMUNIDADE JESUS ME. COLONIA TERRA NOVA. 69015-410 Manaus - AM.
13096575;EETI ELISA BESSA FREIRE;-3.03727853;-59.93834686;fundamental_ii;estadual;ativa;geral;nao;RUA ITAUBA, S/N JORGE TEIXEIRA. 69088-240 Manaus - AM.
13099884;EETI ENGENHEIRO PROFESSOR SERGIO ALFREDO PESSOA FIGUEIREDO;-3.00671271;-59.93095301;fundamental_ii;estadual;ativa;geral;nao;AVENIDA MARGARITA, 1532 N. 1532. CIDADE DE DEUS. 69099-285 Manaus - AM.
13027328;EETI ESTELITA TAPAJOS;-3.14233650;-60.01494440;fundamental_ii;estadual;ativa;geral;nao;RUA MANOEL URBANO, S/N EDUCANDOS. 69070-120 Manaus - AM.
13098497;EETI GILBERTO MESTRINHO DE MEDEIROS RAPOSO;-3.13685260;-60.00928080;fundamental_ii;estadual;ativa;geral;nao;AV LEOPOLDO PERES, S/N AO LADO DO PAC. EDUCANDOS. 69070-250 Manaus - AM.
13313215;EETI JOAO DOS SANTOS BRAGA;-2.98711050;-59.98973280;fundamental_ii;estadual;ativa;geral;nao;RUA CURACAO, S/N EM FRENTE AO CONJUNT. NOVA CIDADE. 69097-235 Manaus - AM.
13304224;EETI MARCANTONIO VILACA II;-3.03844640;-60.00389470;fundamental_ii;estadual;ativa;geral;nao;AVENIDA MAX TEIXEIRA, S/N CIDADE NOVA. 69090-001 Manaus - AM.
13304259;EETI PROFESSOR GARCITYLZO DO LAGO E SILVA;-3.01407420;-60.04143430;fundamental_i|fundamental_ii;estadual;ativa;geral;nao;RUA RAINHA MARGARIDA, S/N PARQUE RIACHUELO. TARUMA. 69041-185 Manaus - AM.
13096591;EETI PROFESSORA CINTHIA REGIA GOMES DO LIVRAMENTO;-3.05522510;-59.92104060;fundamental_i|fundamental_ii;estadual;ativa;geral;nao;RUA DA RAQUETE, S/N SAO JOSE OPERARIO. 69006-661 Manaus - AM.
13104411;EETI PROFESSORA LECITA FONSECA RAMOS;-3.00311648;-60.00472791;;estadual;ativa;geral;nao;RUA IMBURANA, 89 MONTE DAS OLIVEIRAS. 69093-855 Manaus - AM.
13258214;EETI RAFAIEL HENRIQUE PINHEIRO DOS SANTOS;-3.00364606;-60.02444040;fundamental_i;estadual;ativa;geral;nao;RUA SANTA MARTA, S/N COM. JESUS ME DEU. COMUNIDADE JESUS ME DEU / COLONIA TERRA NOVA. 69015-410 Manaus - AM.
13031414;EIM KUNYATA PUTIRA;-2.77467500;-60.56923000;infantil|fundamental_ii;municipal;ativa;geral;nao;PARANA DO SAMAUMA, S/N RIO NEGRO. RIBEIRINHA. 69001-019 Manaus - AM.
13028200;EM ABILIO ALENCAR;-2.85900667;-59.94080333;fundamental_ii;municipal;ativa;geral;nao;ROD. AM 010, KM 35 MANAUS - ITACOATIARA. RODOVIARIO. 69059-070 Manaus - AM.
13028219;EM ABILIO NERY;-3.06787731;-60.02574932;fundamental_ii;municipal;ativa;geral;nao;AV. TORQUATO TAPAJOS, 5199 KM 5. DA PAZ. 69058-830 Manaus - AM.
13271237;EM ALAN KARDEC;-3.09078870;-59.94226800;fundamental_i;municipal;ativa;geral;nao;RUA L, QUADRA 48, S/N ARMANDO MENDES. 69089-246 Manaus - AM.
13028243;EM ALBERICO ANTUNES DE OLIVEIRA;-3.06975550;-59.93914720;fundamental_i;municipal;ativa;geral;nao;R. 11, 09 CONJUNTO MEU PREFEIT. SAO JOSE OPERARIO. 69086-120 Manaus - AM.
13029096;EM ALFREDO LINHARES;-3.07263729;-59.94862610;fundamental_ii;municipal;ativa;geral;nao;R. ROSARINHO, S/N SAO JOSE. SAO JOSE OPERARIO. 69085-070 Manaus - AM.
13157213;EM ALMERON CAMINHA MONTEIRO;-3.02003000;-59.95016000;infantil|fundamental_i;municipal;ativa;geral;nao;R. 27, S/N COM. ALFREDO NASCIME. CIDADE NOVA. 69099-556 Manaus - AM.
13058525;EM ALTERNATIVA PADRE MAURO FANCELLO;-3.11220100;-60.00320650;fundamental_i;municipal;ativa;geral;nao;R. DONA RAQUEL SOUZA, 017 PETROPOLIS. 69063-590 Manaus - AM.
13093681;EM AMBIENTALISTA CHICO MENDES;-2.95442681;-60.02612455;;municipal;paralisada;geral;nao;ROD. AM 10, KM 19, 1181 NOME ANTERIOR- 23 DE. RODOVIARIO. 69019-440 Manaus - AM.
13092979;EM AMERICO GOSZTONYI;-3.05600353;-59.85081753;infantil|fundamental_i;municipal;ativa;geral;nao;R. LAGO DO REY, S/N COM.DO GIRO. PURAQUEQUARA. 69009-075 Manaus - AM.
13029312;EM AMINE DAOU LINDOSO;-3.11817833;-59.99169833;fundamental_i;municipal;ativa;geral;nao;R. ALUIZIO BRASIL, 10 JAPIINLANDIA. JAPIIM. 69063-480 Manaus - AM.
13028286;EM ANA MARIA DE SOUZA BARROS;-3.12316610;-59.93915180;fundamental_ii;municipal;ativa;geral;nao;R. BOM JESUS, S/N MAUAZINHO. 69075-280 Manaus - AM.
13058550;EM ANA MOTA BRAGA;-3.10779667;-59.99872000;fundamental_ii;municipal;ativa;geral;nao;R. RIO AMAZONAS, 12-A SAO SEBATIAO. PETROPOLIS. 69067-580 Manaus - AM.
13081586;EM ANA SENA RODRIGUES;-3.01233667;-60.00957667;fundamental_i|fundamental_ii;municipal;ativa;geral;nao;R. 13 DE MAIO, S/N COLONIA TERRA NOVA. NOVO ISRAEL. 69039-382 Manaus - AM.
13029428;EM ANASTACIO ASSUNCAO;-3.13827217;-59.99443673;fundamental_i|fundamental_ii;municipal;ativa;geral;nao;R. EPITACIO PESSOA, 67 SAO LAZARO. 69073-510 Manaus - AM.
13117203;EM ANITA GARIBALDI;-3.07895500;-59.93737500;fundamental_i;municipal;ativa;geral;nao;RUA MAURICIO LOPES, S/N ZUMBI DOS PALMARES. 69084-622 Manaus - AM.
13081705;EM ANTISTHENES DE OLIVEIRA PINTO;-3.01441000;-59.95265667;fundamental_ii;municipal;ativa;geral;nao;R. 09, 101 COM. ALFREDO NASCIME. CIDADE NOVA. 69099-005 Manaus - AM.
13028308;EM ANTONIA ALEXANDRINA;-3.03668671;-59.96908956;fundamental_i;municipal;ativa;geral;nao;R. ROGERIO MAGALHAES, QD. 2, 23 NUCLEO 13. CIDADE NOVA. 69094-600 Manaus - AM.
13081292;EM ANTONIA MEDEIROS DA SILVA;-2.97629337;-60.02886810;fundamental_ii;municipal;ativa;geral;nao;R. AIRTON SENNA, 80 UNIAO DA VITORIA. TARUMA. 69023-000 Manaus - AM.
13028316;EM ANTONINA BORGES DE SA;-3.06048550;-59.95418250;fundamental_ii;municipal;ativa;geral;nao;EDMUNDO SOARES, 313 SAO JOSE. SAO JOSE OPERARIO. 69086-011 Manaus - AM.
13028324;EM ANTONIO MATIAS FERNANDES;-3.07816356;-60.02065377;fundamental_ii;municipal;ativa;geral;nao;R. 2 DE AGOSTO, 79 FLORES. PARQUE 10 DE NOVEMBRO. 69058-813 Manaus - AM.
13075519;EM ANTONIO MORAES;-3.01599838;-59.99702879;fundamental_i|fundamental_ii;municipal;ativa;geral;nao;R. ITAPEMIRIM, S/N MONTE DAS OLIVEIRAS. 69093-098 Manaus - AM.
13308220;EM ARACYLIA OLIVEIRA DA SILVA COSTA;-3.00999310;-60.00093763;fundamental_i;municipal;ativa;geral;nao;R. NOSSA SENHORA DAS GRACAS, 18 COLONIA TERRA NOVA. 69093-483 Manaus - AM.
13116606;EM ARISTOPHANES BEZERRA DE CASTRO;-3.00788612;-59.96045671;fundamental_i|fundamental_ii;municipal;ativa;geral;nao;R. BENJAMIM, S/N COM. ALIANCA COM DEU. CIDADE DE DEUS. 69099-815 Manaus - AM.
13131869;EM ARISTOTELES COMTE DE ALENCAR;-3.09303400;-59.94609310;fundamental_i|fundamental_ii;municipal;ativa;geral;nao;R. I, 75 QD. 35. ARMANDO MENDES. 69089-130 Manaus - AM.
13028340;EM ARMANDO DE SOUZA MENDES;-3.06725330;-59.94469920;fundamental_ii;municipal;ativa;geral;nao;R. J, 100 SAO JOSE. SAO JOSE OPERARIO. 69086-390 Manaus - AM.
13273213;EM ARQUITETA ANGELICA MARIA VIEIRA DA CRUZ;-3.00744833;-60.01957167;fundamental_i;municipal;ativa;geral;nao;R. ABIURANA, 09 COM. SANTA MARTA. COLONIA TERRA NOVA. 69015-280 Manaus - AM.
13028359;EM ARTE E CULTURA;-3.09157189;-59.98497209;fundamental_i;municipal;ativa;geral;nao;R. PAPIRO, 980 COROADO. COROADO. 69080-610 Manaus - AM.
13093533;EM ARTHUR CEZAR FERREIRA REIS;-3.07593167;-60.00240500;fundamental_i;municipal;ativa;geral;nao;R. 01, QD 02, 02 CONJ NOVO HORIZONTE. PARQUE 10 DE NOVEMBRO. 69054-639 Manaus - AM.
13071769;EM ARTHUR ENGRACIO DA SILVA;-3.05093500;-59.93431167;fundamental_ii;municipal;ativa;geral;nao;R. DAS ESMERALDAS, S/N COM. NOVA FLORESTA,. JORGE TEIXEIRA. 69088-000 Manaus - AM.
13031295;EM ARTHUR VIRGILIO FILHO;-2.87057962;-60.09475730;infantil|fundamental_i|fundamental_ii;municipal;ativa;geral;nao;ROD. BR-174, KM 15 RAMAL ARTHUR VIRGILIO FILHO, KM 15 COMUNIDADE ARTHUR VI. RODOVIARIO. 69048-992 Manaus - AM.
13089250;EM AUREO NONATO;-3.01389501;-59.95130800;fundamental_i|fundamental_ii;municipal;ativa;geral;nao;R. 15, 4 COM. ALFREDO NASCIME. CIDADE NOVA. 69099-305 Manaus - AM.
13028367;EM BEM-TE-VI;-3.09017689;-59.97960821;fundamental_i;municipal;ativa;geral;nao;R. HUGO DE ABREU, 49 COROADO. COROADO. 69082-110 Manaus - AM.
13101684;EM BENJAMIM MATIAS FERNANDES;-2.96505173;-59.99489252;fundamental_i;municipal;ativa;geral;nao;AV. A, S/N ARTERIAL COM A RUA F. LAGO AZUL. 69018-442 Manaus - AM.
13092774;EM BIOLOGO ADOLPHO DUCKE;-3.01887423;-59.93976687;fundamental_i|fundamental_ii;municipal;ativa;geral;nao;R. SAO MARCOS, S/N CIDADE DE DEUS. 69099-645 Manaus - AM.
13031597;EM BOA ESPERANCA;-3.06170446;-59.95662728;fundamental_i;municipal;ativa;geral;nao;RUA RIO PACAVI, 130 SAO JOSE OPERARIO. 69058-574 Manaus - AM.
13028383;EM BOM JESUS;-2.66911657;-60.60895024;infantil|fundamental_i|fundamental_ii;municipal;ativa;geral;nao;LAGO DO MIPINDIAU, S/N RIO NEGRO. RIBEIRINHA. 69001-019 Manaus - AM.
13028421;EM CANAA I;-3.14689333;-59.30231333;fundamental_ii;municipal;ativa;geral;nao;RIO AMAZONAS, S/N COMUNIDADE PARANA DA. RIBEIRINHA. 69001-009 Manaus - AM.
13028413;EM CANAA II;-3.00723681;-60.20594059;infantil|fundamental_i|fundamental_ii;municipal;ativa;geral;nao;TARUMAZINHO - COMUNIDADE JULIAO, S/N RIO NEGRO. RIBEIRINHA. 69049-992 Manaus - AM.
13098675;EM CARLOS ANTONIO CARDOSO;-2.61705103;-60.03838422;infantil|fundamental_i;municipal;ativa;geral;nao;ROD. BR 174, KM 41 COMUNIDADE NOVA CANA. RODOVIARIO. 69048-990 Manaus - AM.
13028430;EM CARLOS GOMES;-3.09668640;-60.05054400;fundamental_i|fundamental_ii;municipal;ativa;geral;nao;AVENIDA SAO JORGE, S/N SAO JORGE. 69033-001 Manaus - AM.
13028456;EM CARLOS SANTOS;-2.91500871;-59.99395986;infantil|fundamental_i|fundamental_ii;municipal;ativa;geral;nao;ROD. AM 010, KM 20 MANAUS/ITACOATIARA. RODOVIARIO. 69068-000 Manaus - AM.
13030060;EM CARMEM GUIMARAES HAGGE;-3.01096010;-60.00087374;fundamental_i;municipal;ativa;geral;nao;R. NOSSA SENHORA DAS GRACAS, S/N COLONIA TERRA NOVA. 69093-483 Manaus - AM.
13031260;EM CAROLINA PEROLINA RAIMUNDA ALMEIDA;-3.06946275;-59.95284311;fundamental_ii;municipal;ativa;geral;nao;R. BARREIRINHA, 156 SAO JOSE. SAO JOSE OPERARIO. 69085-180 Manaus - AM.
13273221;EM CATARINA PAZ DA COSTA;-3.07247203;-59.94979184;infantil|fundamental_i|fundamental_ii;municipal;ativa;geral;nao;RUA VILAR FIUZA, 130 SAO JOSE OPERARIO. 69085-020 Manaus - AM.
13305212;EM CESAR AUGUSTO BEZERRA GALVAO;-3.01521500;-59.94754667;fundamental_i|fundamental_ii;municipal;ativa;geral;nao;R. CRICIUMA, 1016 COM. ALFREDO NASCIME. CIDADE DE DEUS. 69099-322 Manaus - AM.
13031678;EM CHAPEUZINHO DE PALHA;-3.09000822;-59.98483390;fundamental_i;municipal;ativa;geral;nao;R. SANTO ANTONIO, 266 COROADO. 69080-271 Manaus - AM.
13059068;EM CLEONICE DE MENESES FERNANDES;-3.03226332;-59.92337391;fundamental_i|fundamental_ii;municipal;ativa;geral;nao;R. CAPIM SANTO, S/N COM. JOAO PAULO II,. JORGE TEIXEIRA. 69088-467 Manaus - AM.
13029320;EM COMUNITARIA SAGRADO CORACAO DE JESUS;-3.11324783;-60.03144538;infantil|fundamental_i;municipal;ativa;geral;nao;R. FERREIRA PENA, 1285 CENTRO. 69025-010 Manaus - AM.
13058460;EM CORONEL JORGE TEIXEIRA DE OLIVEIRA;-3.06417333;-59.92571500;fundamental_i;municipal;ativa;geral;nao;R. VITORIA REGIA, 490 COM. GRANDE VITORIA,. SAO JOSE OPERARIO. 69086-485 Manaus - AM.
13058924;EM DEPUTADO FEDERAL ULISSES GUIMARAES;-3.04576924;-59.94981120;fundamental_i|fundamental_ii;municipal;ativa;geral;nao;R. 27, QD. 124, S/N CONJ AMAZONINO MENDE. NOVO ALEIXO. 69099-110 Manaus - AM.
13026828;EM DESEMBARGADOR CANDIDO HONORIO FERREIRA;-3.07875667;-60.05107000;fundamental_i;municipal;ativa;geral;nao;R. ABILIO ALENCAR, 371 ALVORADA. 69042-010 Manaus - AM.
13028472;EM DESEMBARGADOR FELISMINO FRANCISCO SOARES;-3.11765000;-60.02220333;infantil|fundamental_i|fundamental_ii;municipal;ativa;geral;nao;AV. AYRAO, 482 CENTRO. 69025-050 Manaus - AM.
13307231;EM DESEMBARGADOR OYAMA ITUASSU;-2.99103833;-60.00200333;fundamental_i|fundamental_ii;municipal;ativa;geral;nao;RUA DEUS TUPA, 30 PROX. AO SAMU DO SAN. SANTA ETELVINA. 69059-193 Manaus - AM.
13031309;EM DIVINO ESPIRITO SANTO;-2.99283360;-60.40805548;infantil|fundamental_i|fundamental_ii;municipal;ativa;geral;nao;RIO NEGRO - IGARAPE DO JARAQUI, S/N COMUNIDADE BELA VIST. RIBEIRINHA. 69001-019 Manaus - AM.
13081713;EM DIVINO PIMENTA FALEIROS;-3.04799667;-59.93038167;infantil|fundamental_i|fundamental_ii;municipal;ativa;geral;nao;R. ANGELIM, 129 COM. NOVA FLORESTA -. JORGE TEIXEIRA. 69078-000 Manaus - AM.
13081420;EM DJALMA PASSOS;-3.01747245;-59.97728436;fundamental_i;municipal;ativa;geral;nao;R. CRATO, 101 CAMPO DOURADO. CIDADE NOVA. 69095-621 Manaus - AM.
13089226;EM DOM ADALBERTO MARZI;-3.06292780;-59.92533010;;municipal;paralisada;geral;nao;R. MARINGA, 254 GILBERTO MESTRINHO. SAO JOSE OPERARIO. 69087-970 Manaus - AM.
13071750;EM DOM JACSON DAMASCENO RODRIGUES;-3.02021197;-59.92851344;fundamental_ii;municipal;ativa;geral;nao;R. VERBACO, S/N COM. VAL PARAISO. JORGE TEIXEIRA. 69088-740 Manaus - AM.
13058894;EM DOM MILTON CORREA PEREIRA;-3.00027214;-59.99534386;fundamental_i;municipal;ativa;geral;nao;AV ARQUIT. JOSE HENRIQUE BENTO RODRIGUES, S/N MONTE DAS OLIVEIRAS. 69093-149 Manaus - AM.
13028499;EM DOMINGOS SAVIO;-3.07832478;-60.05487932;infantil|fundamental_i;municipal;ativa;geral;nao;RUA 05, S/N ALVORADA. 69043-334 Manaus - AM.
13097113;EM DOUTOR ADERSON PEREIRA DUTRA;-3.03886500;-59.94807167;fundamental_i|fundamental_ii;municipal;ativa;geral;nao;R. 29, QD 139, 17 CONJ. AMAZONINO MEND. NOVO ALEIXO. 69099-120 Manaus - AM.
13088955;EM DOUTOR GERALDO PINHEIRO;-3.12433232;-59.98745584;infantil|fundamental_i;municipal;ativa;geral;nao;AV. TEFE, 347 JAPIIM. 69078-000 Manaus - AM.
13093525;EM DOUTOR JOAO QUEIROZ;-3.03420270;-59.97533980;fundamental_i|fundamental_ii;municipal;ativa;geral;nao;R. SANTOS DIAS, S/N COM. NOSSA SR. DO PE. CIDADE NOVA. 69095-168 Manaus - AM.
13071793;EM DOUTOR OLAVO DAS NEVES;-3.05673167;-59.93942333;fundamental_i|fundamental_ii;municipal;ativa;geral;nao;AV. BATRUM, S/N TANCREDO NEVES. TANCREDO NEVES. 69087-646 Manaus - AM.
13071785;EM DOUTOR PAULO PINTO NERY;-3.03613437;-59.93196446;fundamental_i|fundamental_ii;municipal;ativa;geral;nao;R. ACARI, 10 JORGE TEIXEIRA. 69088-240 Manaus - AM.
13082949;EM DOUTOR RAYMUNDO NONATO DE MAGALHAES CORDEIRO;-3.03658120;-59.94244540;fundamental_i|fundamental_ii;municipal;ativa;geral;nao;R. AURELIO PINHEIRO, S/N CONJ AMAZONINO MENDE. NOVO ALEIXO. 69099-069 Manaus - AM.
13028529;EM EBENEZER;-2.99383373;-60.18646619;infantil|fundamental_i|fundamental_ii;municipal;ativa;geral;nao;RIO TARUMAZINHO - RIO NEGRO, S/N IGARAPE JACARE TINGA. RIBEIRINHA. 69001-019 Manaus - AM.
13117602;EM EDUC ESPECIAL ANDRE VIDAL DE ARAUJO;-3.09555404;-60.01524521;fundamental_i;municipal;ativa;exclusivo_deficiencia;nao;R. DA PENETRACAO, S/N VILA AMAZONAS - PARQ. NOSSA SENHORA DAS GRACAS. 69057-101 Manaus - AM.
13075896;EM ELIANA LUCIA MONTEIRO DA SILVA;-3.09143957;-60.06061196;fundamental_i|fundamental_ii;municipal;ativa;geral;nao;R. TIRADENTES, S/N SANTO AGOSTINHO. 69036-780 Manaus - AM.
13028537;EM ELINEA FOLHADELA;-3.07842610;-60.04172338;fundamental_i|fundamental_ii;municipal;ativa;geral;nao;AV. F, S/N ALVORADA. 69043-090 Manaus - AM.
13028553;EM ELVIRA BORGES;-3.10535948;-60.06209831;fundamental_ii;municipal;ativa;geral;nao;R. TEOTONIO VILELA, 70 COMPENSA. 69035-550 Manaus - AM.
13073338;EM ENGENHEIRO ANTONIO NELSON DE OLIVEIRA NETO;-3.09174882;-59.94208954;fundamental_i;municipal;ativa;geral;nao;R. RIO SERVINE, 480 ARMANDO MENDES. 69089-170 Manaus - AM.
13087711;EM ENGENHEIRO JOAO ALBERTO MENEZES BRAGA;-3.03417295;-59.99915324;fundamental_i|fundamental_ii;municipal;ativa;geral;nao;R. A, S/N VALE DO SINAI. CIDADE NOVA. 69097-281 Manaus - AM.
13096567;EM EPITACIO NUNES DA FONSECA;-2.73300333;-60.20018667;infantil|fundamental_i|fundamental_ii;municipal;ativa;geral;nao;ROD. BR 174, KM 21 RAMAL BOM DESTINO -. RODOVIARIO. 69023-165 Manaus - AM.
13092596;EM ERASMO AUGUSTO DE ARAUJO;-3.05665500;-60.03811000;fundamental_i|fundamental_ii;municipal;ativa;geral;nao;R. MIRASSELVA, 2371 REDENCAO. 69047-430 Manaus - AM.
13097539;EM ESCRITOR ANISIO TEIXEIRA;-3.11463833;-59.93214667;fundamental_i;municipal;ativa;geral;nao;R. 17, QD. 21, 259 JARDIM MAUA. MAUAZINHO. 69075-200 Manaus - AM.
13093541;EM ESCRITOR ERASMO DO AMARAL LINHARES;-3.05122473;-60.00241706;fundamental_i|fundamental_ii;municipal;ativa;geral;nao;AV. ARGENTINA, SN FLORES. FLORES. 69020-011 Manaus - AM.
13092456;EM ESCRITOR ERICO VERISSIMO;-3.04201436;-59.96413688;infantil|fundamental_i;municipal;ativa;geral;nao;R. CAPITAO POCO, 39 NUCLEO 24 - NOVO ALE. CIDADE NOVA. 69098-430 Manaus - AM.
13093452;EM ESCRITOR LIMA BARRETO;-3.01433000;-60.04792500;fundamental_i;municipal;ativa;geral;nao;R. SAIA BRANCA, 100 COM. PARQUE RIACHUEL. TARUMA. 69041-235 Manaus - AM.
13092545;EM ESCRITORA NISIA FLORESTA BRASILEIRA AUGUSTA;-3.05741901;-60.01622215;fundamental_i;municipal;ativa;geral;nao;R. CELSO MACHADO, 455 COM. SANTA CRUZ. FLORES. 69028-320 Manaus - AM.
13275232;EM ESCRITORA ZELIA GATTAI;-3.06490181;-59.92062818;fundamental_i|fundamental_ii;municipal;ativa;geral;nao;TRAVESSA CRICIUMA, S/N GILBERTO MESTRINHO. 69086-647 Manaus - AM.
13271253;EM ESMERALDA SOARES MENDES;-2.97640000;-60.03031167;fundamental_i;municipal;ativa;geral;nao;R. 22, S/N C/ RUA AIRTON SENA -. TARUMA. 69023-000 Manaus - AM.
13092804;EM ESMERALDO SANTOS BESSA;-3.04385333;-59.93225500;fundamental_i;municipal;ativa;geral;nao;R. MIRATINGA, 01 JORGE TEIXEIRA. 69088-501 Manaus - AM.
13058789;EM ESTER;-2.90725687;-60.03798267;infantil|fundamental_i|fundamental_ii;municipal;ativa;geral;nao;ROD. BR 174, KM 8 EST. MANAUS - CARACA. RODOVIARIO. 69035-000 Manaus - AM.
13028081;EM ESTRELA DA MANHA;-2.64143500;-60.65625333;infantil|fundamental_i|fundamental_ii;municipal;ativa;geral;nao;RIO NEGRO, S/N COMUNIDADE NOVA CANA. RIBEIRINHA. 69001-019 Manaus - AM.
13058371;EM ETELVINA PEREIRA BRAGA;-3.08235167;-59.96870667;fundamental_ii;municipal;ativa;geral;nao;R. WOLFANG NOGUEIRA, S/N CONJ. OURO VERDE - C. COROADO. 69082-551 Manaus - AM.
13093622;EM FIGUEIREDO PIMENTEL;-2.65284888;-60.60966052;infantil|fundamental_i|fundamental_ii;municipal;ativa;geral;nao;IGARAPE DO MULATO, S/N COM. LINDO AMANHECER. RIBEIRINHA. 69001-019 Manaus - AM.
13028570;EM FIRME NA FE;-3.07551773;-60.05368072;fundamental_i|fundamental_ii;municipal;ativa;geral;nao;RUA OVIDIO GOMES MONTEIRO, 440 ALVORADA. 69042-120 Manaus - AM.
13309242;EM FRANCINETE ROCHA BRASIL;-3.04545895;-59.92953345;infantil|fundamental_i|fundamental_ii;municipal;ativa;geral;nao;R. ANGELIM, 206 COM. NOVA FLORESTA,. JORGE TEIXEIRA. 69088-031 Manaus - AM.
13025180;EM FRANCISCA GOMES MENDES;-3.09767148;-60.06158925;fundamental_i;municipal;ativa;geral;nao;RUA TEOFILO DIAS, 1000 COMPENSA. 69036-100 Manaus - AM.
13028588;EM FRANCISCA MENDES;-3.06763270;-59.94534710;fundamental_i;municipal;ativa;geral;nao;R. J, S/N ETAPA B. SAO JOSE OPERARIO. 69086-390 Manaus - AM.
13274228;EM FRANCISCA SOARES;-3.07148500;-59.93600667;fundamental_i;municipal;ativa;geral;nao;R. CARMEM GUIMARAES HAGGE, 17 LOT. CASTANHEIRA GIL. SAO JOSE OPERARIO. 69086-417 Manaus - AM.
13028600;EM FRANCISCO COELHO;-3.03632783;-59.80654880;infantil|fundamental_i|fundamental_ii;municipal;ativa;geral;nao;LAGO PURAQUEQUARA S FRANCISCO, S/N RIO AMAZONAS. RIBEIRINHA. 69086-000 Manaus - AM.
13028103;EM FRANCISCO DIOGO DE MELO;-2.51913333;-60.78056500;infantil|fundamental_ii;municipal;ativa;geral;nao;RIO APUAU - NOVA ESPERANCA, S/N RIO NEGRO. RIBEIRINHA. 69001-019 Manaus - AM.
13031325;EM FRANCISCO GUEDES DE QUEIROZ;-3.04783450;-59.94325020;fundamental_ii;municipal;ativa;geral;nao;R. BERNARDO CABRAL, 175 TANCREDO NEVES. 69087-290 Manaus - AM.
13089277;EM FRANCISCO MAIA DE AMORIM;-3.03802667;-59.92262333;fundamental_i;municipal;ativa;geral;nao;AVENIDA MIRRA, 964 COM. JOAO PAULO. JORGE TEIXEIRA. 69088-415 Manaus - AM.
13092880;EM FRANCISCO NUNES DA SILVA;-3.07749802;-59.88433035;fundamental_i|fundamental_ii;municipal;ativa;geral;nao;R. PRINCESA DAYANA, S/N COMUNIDADE BELA VIST. PURAQUEQUARA. 69009-205 Manaus - AM.
13093614;EM FRANCISCO ORELLANA;-3.11689000;-59.32272333;infantil|fundamental_i|fundamental_ii;municipal;ativa;geral;nao;IGARAPE DO CEMITERIO, S/N NOME ANTERIOR- NOVA. RIBEIRINHA. 69001-009 Manaus - AM.
13058398;EM FRANCISCO PINHEIRO DE LIMA;-3.03437166;-60.00580131;fundamental_i;municipal;ativa;geral;nao;AV. CAPITAO ALBUQUERQUE LIMA, 18 COLONIA SANTO ANTONIO. 69093-173 Manaus - AM.
13092812;EM FREI MARIO MONACELLI DE GRELLO;-3.08448308;-59.89168136;fundamental_i|fundamental_ii;municipal;ativa;geral;nao;RUA NILOPOLIS, COLONIA ANTONIO ALEIXO. 69008-390 Manaus - AM.
13028260;EM GENERAL ARISTIDES BARRETO;-3.11355000;-60.05204333;fundamental_i;municipal;ativa;geral;nao;R. ALFREDO MOREIRA, 125 SANTO ANTONIO. 69029-550 Manaus - AM.
13272233;EM GILBERTO RODRIGUES DOS SANTOS;-2.96431500;-59.98254000;fundamental_i|fundamental_ii;municipal;ativa;geral;nao;RUA RAIO DE LUZ, S/N RESIDENCIAL VIVER ME. LAGO AZUL. 69018-688 Manaus - AM.
13082957;EM GOVERNADOR DANILO DE MATOS AREOSA;-3.07212354;-59.92607399;fundamental_i;municipal;ativa;geral;nao;R. LABREA, S/N COM. GRANDE VITORIA,. SAO JOSE OPERARIO. 69086-665 Manaus - AM.
13089234;EM GOVERNADOR EDUARDO RIBEIRO;-3.02291146;-59.94519881;fundamental_i;municipal;ativa;geral;nao;R. SANTO EXPEDITO, 71 CIDADE DE DEUS. 69097-400 Manaus - AM.
13081659;EM GOVERNADOR GILBERTO MESTRINHO;-3.09244424;-59.94615669;fundamental_i;municipal;ativa;geral;nao;RUA I, S/N, S/N QUADRA 35. ARMANDO MENDES. 69089-131 Manaus - AM.
13083015;EM GOVERNADOR PLINIO RAMOS COELHO;-3.06317040;-59.93374663;fundamental_ii;municipal;ativa;geral;nao;R. MONTE ALEGRE, S/N TANCREDO NEVES. 69035-260 Manaus - AM.
13028626;EM GRAZIELA RIBEIRO;-3.13828709;-59.98956703;fundamental_i|fundamental_ii;municipal;ativa;geral;nao;AV. RODRIGO OTAVIO, S/N CRESPO. 69068-000 Manaus - AM.
13093436;EM GUILHERME BARBOSA BAKER;-3.11923333;-60.04693667;fundamental_ii;municipal;ativa;geral;nao;RUA COMENDADOR VICENTE CRUZ, S/Nº SANTO ANTONIO. 69029-075 Manaus - AM.
13092553;EM HAHNEMANN BACELAR;-3.04892167;-60.00261667;fundamental_i;municipal;ativa;geral;nao;AV. ARGENTINA, 468 FLORES. FLORES. 69028-230 Manaus - AM.
13058665;EM HELENA AUGUSTA WALCOTT;-3.04488667;-59.92506167;fundamental_ii;municipal;ativa;geral;nao;AV. ITAUBA, S/N COM. JOAO PAULO II,. JORGE TEIXEIRA. 69088-240 Manaus - AM.
13028642;EM HEMETERIO CABRINHA;-3.09090489;-59.97787286;fundamental_i;municipal;ativa;geral;nao;R. ITATIAIA, 492 COROADO. COROADO. 69082-260 Manaus - AM.
13093584;EM HIRAN DE LIMA CAMINHA;-3.03796661;-59.93993055;infantil|fundamental_i;municipal;ativa;geral;nao;R. AUTAZ MIRIM, S/N JORGE TEIXEIRA. 69088-000 Manaus - AM.
13092570;EM HISTORIADOR MARIO YPIRANGA MONTEIRO;-3.05308434;-59.98718049;infantil|fundamental_i;municipal;ativa;geral;nao;AV. VISCONDE DE JEQUITINHONHA, 5 FLORES. FLORES. 69058-740 Manaus - AM.
13029118;EM HONORINA DE AZEVEDO VASCONCELOS;-3.06080810;-59.95348720;fundamental_i;municipal;ativa;geral;nao;R. RIO JARARETE, 394 SAO JOSE. SAO JOSE OPERARIO. 69086-080 Manaus - AM.
13025562;EM IMACULADA CONCEICAO;-3.06408593;-60.04188773;fundamental_i;municipal;ativa;geral;nao;R. A-10, S/N CONJ. AJURICABA. ALVORADA. 69046-120 Manaus - AM.
13275216;EM INANEIDE CUNHA MARQUES COSTA;-3.07247030;-59.94985800;infantil|fundamental_i;municipal;ativa;geral;nao;R. CAMBIXE, 87 SAO JOSE I. SAO JOSE OPERARIO. 69085-050 Manaus - AM.
13030078;EM IRMA DULCE;-3.10787914;-59.99829539;fundamental_i;municipal;ativa;geral;nao;R. RIO AMAZONAS, S/N SAO FRANCISCO. PETROPOLIS. 69067-480 Manaus - AM.
13031317;EM IRMA EDELVIRA ESMERALDA DE SOUTO CABRAL;-3.14079500;-60.00050500;fundamental_i;municipal;ativa;geral;nao;R. SAO BENEDITO, S/N MORRO DA LIBERDADE. 69074-760 Manaus - AM.
13087703;EM IRMA SERAFINA CINQUE;-2.98513644;-60.05085111;infantil|fundamental_i;municipal;ativa;geral;nao;R. 06, S/N COMUNIDADE SAO FRANC. TARUMA. 69049-000 Manaus - AM.
13081519;EM IRMA ZENIR DE CASTRO ALVES;-3.04738480;-59.97683570;infantil|fundamental_i;municipal;ativa;geral;nao;R. 173 - QD 132, 17 NUCLEO 15. NOVO ALEIXO. 69098-040 Manaus - AM.
13093703;EM IVAN JUNIOR SARAIVA DE BARROS;-2.85419793;-60.09033502;infantil|fundamental_i;municipal;ativa;geral;nao;ROD. BR 174, KM 15 COM. PRODUTORES DO C. RODOVIARIO. 69048-000 Manaus - AM.
13028650;EM IZABEL ANGARITA;-3.11115065;-59.97321435;fundamental_i;municipal;ativa;geral;nao;R. CANUMA, S/N CONJ ATILIO ANDREAZZ. JAPIIM. 69077-650 Manaus - AM.
13028677;EM JOAO ALFREDO;-3.06212730;-60.03064250;fundamental_ii;municipal;ativa;geral;nao;BECO CIPRESTE, 76 DA PAZ. 69048-000 Manaus - AM.
13307266;EM JOAO APARECIDO ALVES DOS SANTOS;-3.00051600;-60.03756980;fundamental_i|fundamental_ii;municipal;ativa;geral;nao;R. GOIANIA, 2280 COM. PARQUE SAO PEDR. TARUMA. 69021-185 Manaus - AM.
13071777;EM JOAO CHRYSOSTOMO DE OLIVEIRA;-3.05667630;-59.95202383;infantil|fundamental_i|fundamental_ii;municipal;ativa;geral;nao;R. CURICA, 50 SAO JOSE II. SAO JOSE OPERARIO. 69086-182 Manaus - AM.
13059165;EM JOAO DOS SANTOS PEREIRA BRAGA;-3.07465956;-59.94389192;fundamental_i;municipal;ativa;geral;nao;R. SAO CRISTOVAO, 15 ZUMBI DOS PALMARES. 69084-580 Manaus - AM.
13058746;EM JOAO PAULO II;-3.04744167;-59.89369833;infantil|fundamental_i|fundamental_ii;municipal;ativa;geral;nao;EST. DO PURAQUEQUARA, KM 05 RAMAL CHICO MENDES -. RODOVIARIO. 69089-000 Manaus - AM.
13032089;EM JOAO VALENTE;-3.13079049;-59.99422564;fundamental_i;municipal;ativa;geral;nao;R. COMANDANTE FERRAZ, 654 BETANIA. 69073-060 Manaus - AM.
13028685;EM JOAQUIM DA SILVA PINTO;-3.12845260;-59.99199380;fundamental_i|fundamental_ii;municipal;ativa;geral;nao;R. BOA ESPERANCA, S/N ATERRO DO 40. CRESPO. 69073-150 Manaus - AM.
13089293;EM JORGE AMADO;-3.05624820;-59.93258260;fundamental_i;municipal;ativa;geral;nao;R. ONIX, 683 COM. NOVA FLORESTA,. JORGE TEIXEIRA. 69087-642 Manaus - AM.
13071718;EM JORGE DE REZENDE SOBRINHO;-3.05594584;-59.94600414;fundamental_ii;municipal;ativa;geral;nao;R. NOVA ESPERANCA, 5 TANCREDO NEVES. 69087-380 Manaus - AM.
13092529;EM JORNALISTA SABA RAPOSO;-3.02014264;-59.99436953;fundamental_i|fundamental_ii;municipal;ativa;geral;nao;R. SANTA MONICA, S/N MANOA FLORESTAL. MONTE DAS OLIVEIRAS. 69093-469 Manaus - AM.
13309234;EM JOSE AUGUSTO ROQUE DA CUNHA;-3.00502549;-59.99736213;fundamental_i|fundamental_ii;municipal;ativa;geral;nao;R. YARAPE, 423 MONTE DAS OLIVEIRAS. 69093-112 Manaus - AM.
13025570;EM JOSE CARLOS MARTINS MESTRINHO;-3.09966500;-60.01721833;infantil|fundamental_i;municipal;ativa;geral;nao;R. DR. THOMAS, S/N N S DAS GRACAS. NOSSA SENHORA DAS GRACAS. 69053-035 Manaus - AM.
13306235;EM JOSE EUCLIDES COSTA DE AZEVEDO;-2.91431859;-60.19948673;infantil|fundamental_i|fundamental_ii;municipal;ativa;geral;nao;COM TRES GALHOS, S/N RAMAL DA COOPERATIVA. RODOVIARIO. 69023-165 Manaus - AM.
13089269;EM JOSE GARCIA RODRIGUES;-3.05299726;-59.92129538;fundamental_i|fundamental_ii;municipal;ativa;geral;nao;R. Q, 362 COM. SANTA INES, JOR. JORGE TEIXEIRA. 69088-000 Manaus - AM.
13029266;EM JOSE MARQUES DE ALMEIDA;-2.95451585;-59.98407385;infantil|fundamental_i;municipal;ativa;geral;nao;ROD. AM 010, KM 13 RAMAL DO ACARA. RODOVIARIO. 69019-400 Manaus - AM.
13029657;EM JOSE SOBREIRA DO NASCIMENTO;-3.02091000;-60.16490167;infantil|fundamental_i|fundamental_ii;municipal;ativa;geral;nao;TARUMAZINHO - COM. N. SRA. DE FATIMA, S/N RIO NEGRO. RIBEIRINHA. 69049-992 Manaus - AM.
13058487;EM JOSE TAVARES DE MACEDO;-3.14024457;-60.00287477;infantil|fundamental_i;municipal;ativa;geral;nao;R. GUANABARA, S/N SANTA LUZIA. 69074-520 Manaus - AM.
13028723;EM LAGO E SILVA;-2.94233615;-60.01163265;infantil|fundamental_i;municipal;ativa;geral;nao;RODOVIA AM 010, KM 21, S/N MANAUS/ITACOATIARA. AREA RURAL DE MANAUS. 69099-899 Manaus - AM.
13028758;EM LEONOR UCHOA DE AMORIM;-3.07050333;-59.95244167;infantil|fundamental_i;municipal;ativa;geral;nao;R. XIBORENA, S/N SAO JOSE OPERARIO. 69085-200 Manaus - AM.
13030035;EM LILI BENCHIMOL;-3.08726893;-59.88349065;fundamental_i;municipal;ativa;geral;nao;R. PADRE MARIO, 26 11 DE MAIO. COLONIA ANTONIO ALEIXO. 69008-120 Manaus - AM.
13028774;EM LIRIO DO VALE;-3.07788694;-60.06775087;fundamental_i;municipal;ativa;geral;nao;R. SANTO SUDARIO, 106 LIRIO DO VALE 1. 69038-170 Manaus - AM.
13067249;EM LORIS CORDOVIL;-3.12427683;-60.01106900;fundamental_i;municipal;ativa;geral;nao;AV. TEFE, 1223 PRACA 14 DE JANEIRO. 69020-090 Manaus - AM.
13028782;EM LUCILA FREITAS;-3.04078167;-60.01450000;fundamental_i|fundamental_ii;municipal;ativa;geral;nao;R. LUCINDA MOTA, 200 COLONIA SANTO ANTONIO. 69008-160 Manaus - AM.
13271245;EM LUCILENE DE SENA GUIMARAES;-3.05616812;-59.93761820;infantil|fundamental_i|fundamental_ii;municipal;ativa;geral;nao;R. TONANTINS, 39 NOVO REINO - TANCRED. TANCREDO NEVES. 69087-641 Manaus - AM.
13093606;EM LUIS ALBERTO CASTELO;-3.06911164;-59.38781571;infantil|fundamental_ii;municipal;ativa;geral;nao;COMUNIDADE SAO FRANCISCO DO CARAMURI, S/N RIO AMAZONAS - ANTIG. RIBEIRINHA. 69001-009 Manaus - AM.
13028936;EM LUIS FREIRE DE OLIVEIRA;-2.82149167;-60.03588667;infantil|fundamental_i;municipal;ativa;geral;nao;ROD. BR-174, KM 18 MANAUS - CARACARAI. RODOVIARIO. 69068-000 Manaus - AM.
13028804;EM MADALENA DOS SANTOS COSTA;-3.02729207;-60.01704916;fundamental_i;municipal;ativa;geral;nao;R. TUDY MOUTINHO, S/N NOVO ISRAEL. 69039-110 Manaus - AM.
13071807;EM MADRE TEREZA DE CALCUTA;-3.05575395;-59.93408513;fundamental_ii;municipal;ativa;geral;nao;R. ONIX, S/N COM. NOVA FLORESTA,. JORGE TEIXEIRA. 69087-042 Manaus - AM.
13028812;EM MANOEL ADRIANO;-2.80286509;-59.88166214;infantil|fundamental_i|fundamental_ii;municipal;ativa;geral;nao;ROD. AM 010, KM 42 RAMAL SAO FRANCISCO. RODOVIARIO. 69099-899 Manaus - AM.
13028391;EM MANOEL CHAGAS;-3.13146508;-59.43246099;infantil|fundamental_ii;municipal;ativa;geral;nao;COSTA DO TABOCAL - BONSUCESSO, S/N RIO AMAZONAS. RIBEIRINHA. 69001-009 Manaus - AM.
13099710;EM MANOEL FRANCISCO GARCIA MARQUES;-3.06217500;-59.92657000;fundamental_i|fundamental_ii;municipal;ativa;geral;nao;R. PAULICEIA, QD 11, 81 COM. GRANDE VITORIA. SAO JOSE OPERARIO. 69086-661 Manaus - AM.
13028820;EM MARECHAL CANDIDO RONDON;-2.98551750;-60.05180990;;municipal;paralisada;geral;nao;AV. DO TURISMO, KM 04 TARUMA PONTAL. TARUMA. 69041-010 Manaus - AM.
13031600;EM MARIA DO CARMO REBELLO DE SOUZA;-3.06306705;-59.94942332;infantil|fundamental_i|fundamental_ii;municipal;ativa;geral;nao;R. BARREIRINHA, 255 ETAPA B. SAO JOSE OPERARIO. 69086-390 Manaus - AM.
13026437;EM MARIA FERNANDES;-3.10465763;-60.06173402;fundamental_i;municipal;ativa;geral;nao;R. DA PROSPERIDADE, S/N COMPENSA II. 69035-640 Manaus - AM.
13089196;EM MARIA FERREIRA DA SILVA;-3.03768679;-59.93979231;infantil|fundamental_i|fundamental_ii;municipal;ativa;geral;nao;AV. AUTAZ MIRIM, 9018 JORGE TEIXEIRA. 69088-000 Manaus - AM.
13092472;EM MARIA LENA DE SOUZA ALCANTARA;-3.02422042;-59.96333708;fundamental_i;municipal;ativa;geral;nao;R. 12 - QD 09, 32 CONJ. VILA REAL. CIDADE NOVA. 69097-153 Manaus - AM.
13081489;EM MARIA MADALENA CORREA;-3.10491092;-60.04792018;fundamental_i;municipal;ativa;geral;nao;TRAV. PARAGUACU, 21 VILA DA PRATA. 69030-540 Manaus - AM.
13274210;EM MARIA PEREIRA CAMPOS;-3.03190500;-60.00594833;fundamental_i;municipal;ativa;geral;nao;R. SAO BENEDITO, 73 COLONIA SANTO ANTONIO. 69093-132 Manaus - AM.
13028839;EM MARIA RUFINA DE ALMEIDA;-3.07481497;-60.04283490;fundamental_i|fundamental_ii;municipal;ativa;geral;nao;R. OVIDIO GOMES MONTEIRO, 1922 ALVORADA. 69043-720 Manaus - AM.
13089064;EM MARIO DE ANDRADE;-3.03752861;-59.94395229;fundamental_i;municipal;ativa;geral;nao;R. HERCULANO DE SOUZA, 238 CONJ AMAZONINO MENDE. NOVO ALEIXO. 69093-077 Manaus - AM.
13089056;EM MARIO LAGO;-3.01449210;-59.97498750;fundamental_i|fundamental_ii;municipal;ativa;geral;nao;AV. G, 53 CONJ. AMERICO MEDEIR. CIDADE NOVA. 69097-740 Manaus - AM.
13028189;EM MARIO PALMERIO;-2.89673356;-60.45415845;infantil|fundamental_ii;municipal;ativa;geral;nao;IGARAPE DO CHITA, S/N RIO NEGRO. RIBEIRINHA. 69001-019 Manaus - AM.
13093495;EM MIGUEL ARRAES DE ALENCAR;-3.03342870;-59.95500941;infantil|fundamental_i;municipal;ativa;geral;nao;R. 248 , QD 437, 52 NUCLEO 23. CIDADE NOVA. 69097-500 Manaus - AM.
13028863;EM MINISTRO MARIO ANDREAZZA;-3.10700465;-60.05519018;fundamental_i;municipal;ativa;geral;nao;R. OSCAR BOREL, S/N COMPENSA. 69035-210 Manaus - AM.
13096710;EM MOACIR ELIAS DE ARAUJO;-3.02243333;-59.92762333;fundamental_i;municipal;ativa;geral;nao;R. BELFORD ROXO, S/N COM. VAL PARAISO, JO. JORGE TEIXEIRA. 69088-327 Manaus - AM.
13076450;EM MONSENHOR FRANCISCO DA SILVEIRA PINTO;-3.11056006;-60.05471483;infantil|fundamental_i;municipal;ativa;geral;nao;R. DO PLATOR, 185 COMPENSA. 69035-220 Manaus - AM.
13071599;EM MONTE HOREBE;-3.06016315;-59.87717020;infantil|fundamental_i;municipal;ativa;geral;nao;EST. DO PURAQUEQUARA, S/N RAMAL DO 09. RODOVIARIO. 69009-000 Manaus - AM.
13058444;EM NAZIRA CHAMMA DAOU;-3.14245505;-60.01012685;fundamental_i|fundamental_ii;municipal;ativa;geral;nao;R. INACIO GUIMARAES, S/N EDUCANDOS. 69070-210 Manaus - AM.
13093444;EM NESTOR JOSE SOEIRO DO NASCIMENTO;-3.00375247;-60.03316557;fundamental_i;municipal;ativa;geral;nao;R. SAO PEDRO, S/N COM. SAO PEDRO. TARUMA. 69021-215 Manaus - AM.
13089129;EM NINA DE ARAUJO COSTA LINS;-3.01568520;-59.99366480;fundamental_i|fundamental_ii;municipal;ativa;geral;nao;R. BEM TE VI, S/N COM. MONTE PASCOAL. MONTE DAS OLIVEIRAS. 69093-000 Manaus - AM.
13092928;EM NOSSA SENHORA APARECIDA;-3.04813000;-59.93067833;infantil|fundamental_i;municipal;ativa;geral;nao;R. PEDRA MINEIRA, 31 JORGE TEIXEIRA. 69095-000 Manaus - AM.
13031422;EM NOSSA SENHORA DA PAZ- URBANA;-3.06281464;-60.03074755;fundamental_i|fundamental_ii;municipal;ativa;geral;nao;R. JOAO ALFREDO, S/N DA PAZ. 69048-310 Manaus - AM.
13028960;EM NOSSA SENHORA DAS GRACAS;-3.08688833;-59.88309500;fundamental_ii;municipal;ativa;geral;nao;R. PADRE MARIO, 211 COLONIA ANTONIO ALEIXO. 69008-120 Manaus - AM.
13068024;EM NOSSA SENHORA DE FATIMA;-3.08895616;-60.05439108;fundamental_i;municipal;ativa;geral;nao;RUA DA PAZ, 21 COM.NOVA JERUSALEM. NOVA ESPERANCA. 69037-581 Manaus - AM.
13089307;EM NOSSA SENHORA DE NAZARE;-3.11145500;-59.52247333;infantil|fundamental_i|fundamental_ii;municipal;ativa;geral;nao;COSTA DO TABOCAL, N/S RIO AMAZONAS - ASSEN. RIBEIRINHA. 69001-009 Manaus - AM.
13031252;EM NOSSA SENHORA DO CARMO;-3.14474248;-59.34560747;infantil|fundamental_i|fundamental_ii;municipal;ativa;geral;nao;PARANA DA EVA, S/N RIO AMAZONAS. RIBEIRINHA. 69001-009 Manaus - AM.
13092910;EM NOSSA SENHORA DO ROSARIO;-3.02154415;-59.92780934;fundamental_i|fundamental_ii;municipal;ativa;geral;nao;R. SUMARE, 20 COM. VAL PARAISO, JO. JORGE TEIXEIRA. 69088-301 Manaus - AM.
13028987;EM NOVA VIDA;-3.12395010;-59.94682890;fundamental_i|fundamental_ii;municipal;ativa;geral;nao;R. JERUSALEM, S/N MAUAZINHO. 69075-320 Manaus - AM.
13305247;EM OLGA FIGUEIREDO;-3.01324553;-59.95563090;fundamental_ii;municipal;ativa;geral;nao;R. ONDAS, 231 COM. ALFREDO NASCIME. CIDADE DE DEUS. 69099-558 Manaus - AM.
13092510;EM OLGA GUTMANN BENARIO;-3.00821257;-60.02673359;fundamental_i|fundamental_ii;municipal;ativa;geral;nao;R. ABRAAO, 199 JESUS ME DEU. COLONIA TERRA NOVA. 69015-325 Manaus - AM.
13030086;EM OSVALDO SOBREIRA;-3.07698667;-60.01462000;fundamental_i;municipal;ativa;geral;nao;R. VISTA ALEGRE, S/N PQ 10 DE NOVEMBRO. PARQUE 10 DE NOVEMBRO. 69054-630 Manaus - AM.
13029002;EM OUVIDOR SAMPAIO;-2.81465833;-59.93548667;infantil|fundamental_i;municipal;ativa;geral;nao;ROD. TORQUATO TAPAJOS, KM 41 AM-010. RODOVIARIO. 69048-000 Manaus - AM.
13029010;EM PADRE CALLERI;-2.86668833;-60.03437333;fundamental_i;municipal;ativa;geral;nao;ROD. BR 174, KM 14 EST. MANAUS - CARACA. RODOVIARIO. 69068-000 Manaus - AM.
13081721;EM PADRE JOAO DVRIES;-3.08405267;-59.89568146;fundamental_i;municipal;ativa;geral;nao;R. NOVA REPUBLICA, 13 COLONIA ANTONIO ALEIXO. 69008-030 Manaus - AM.
13029037;EM PADRE JOSE DE ANCHIETA;-3.13717122;-59.99820446;fundamental_i;municipal;ativa;geral;nao;AV. ADALBERTO VALE, 58 BECO SALUSTIANO. BETANIA. 69073-440 Manaus - AM.
13093428;EM PADRE PUGA;-3.11255167;-59.98902667;fundamental_i|fundamental_ii;municipal;ativa;geral;nao;R. JOSE MONTEIRO, S/N JAPIINLANDIA. JAPIIM. 69078-400 Manaus - AM.
13081470;EM PADRE RAIMUNDO NONATO PINHEIRO;-3.11621527;-60.04488571;fundamental_i;municipal;ativa;geral;nao;R. LAURO BITTENCOURT, 1143 SANTO ANTONIO. 69029-060 Manaus - AM.
13026925;EM PAULA FRASSINETTI;-3.11968741;-60.03641973;fundamental_i;municipal;ativa;geral;nao;AV. PRESIDENTE DUTRA, S/N GLORIA. 69027-130 Manaus - AM.
13067214;EM PAULO FREIRE;-2.96881388;-60.21038761;infantil|fundamental_i|fundamental_ii;municipal;ativa;geral;nao;TARUMA MIRIM - AGROVILA AMAZONINO MENDES, S/N RIO NEGRO. RIBEIRINHA. 69049-992 Manaus - AM.
13093711;EM PEDRO DIAS SILVA;-2.94374154;-60.16754027;infantil|fundamental_i|fundamental_ii;municipal;ativa;geral;nao;ROD. BR 174, KM 21 MANAUS-CARACARAI - R. RODOVIARIO. 69068-000 Manaus - AM.
13030043;EM PEQUENO PRINCIPE;-3.07350340;-59.95666440;infantil|fundamental_i;municipal;ativa;geral;nao;R. JOAO DO NASCIMENTO MARQUES, 11 SAO JOSE OPERARIO. 69085-130 Manaus - AM.
13092332;EM PINTOR LEONARDO DA VINCI;-3.08810789;-60.05126665;fundamental_i|fundamental_ii;municipal;ativa;geral;nao;R. DA PAZ, 21 COMUNID. NOVA JERUSA. NOVA ESPERANCA. 69042-130 Manaus - AM.
13092944;EM PINTORA TARSILA DO AMARAL;-3.04388123;-59.92553038;infantil|fundamental_i;municipal;ativa;geral;nao;R. DR. ALECRIN, S/N COM.JOAO PAULO II, J. JORGE TEIXEIRA. 69088-094 Manaus - AM.
13093550;EM POETA CARLOS DRUMOND DE ANDRADE;-3.04676350;-60.00519690;;municipal;paralisada;geral;nao;R. HOLANDA, 12-A FLORES. FLORES. 69028-090 Manaus - AM.
13093576;EM POETA JOAO CABRAL DE MELO NETO;-3.12441593;-59.94009716;fundamental_i|fundamental_ii;municipal;ativa;geral;nao;R. BOM JESUS, 02 MAUAZINHO. 69075-280 Manaus - AM.
13093592;EM POETA MARIO DE MIRANDA QUINTANA;-3.02152333;-59.93508500;fundamental_i|fundamental_ii;municipal;ativa;geral;nao;R. SANTA RITA, 137 CIDADE DE DEUS. 69099-235 Manaus - AM.
13117408;EM POETISA CORA CORALINA;-3.02713200;-59.95107927;infantil|fundamental_i|fundamental_ii;municipal;ativa;geral;nao;R. FRANCISCA MENDES, 1950 CIDADE DE DEUS. 69097-400 Manaus - AM.
13026399;EM PRESIDENTE JOAO GOULART;-2.98400833;-60.01245333;infantil|fundamental_i|fundamental_ii;municipal;ativa;geral;nao;R. DAS SAMAMBAIAS, S/N SANTA ETELVINA. 69059-000 Manaus - AM.
13092383;EM PRESIDENTE MANUEL FERRAZ DE CAMPOS SALES;-3.00218793;-60.04257463;fundamental_i|fundamental_ii;municipal;ativa;geral;nao;R. JACAMIN, QD 9, 01 COM. CAMPOS SALES. TARUMA. 69021-530 Manaus - AM.
13029053;EM PRESIDENTE TANCREDO NEVES;-3.05471563;-59.94616266;infantil|fundamental_i;municipal;ativa;geral;nao;R. LIRIO, S/N TANCREDO NEVES. 69087-130 Manaus - AM.
13088971;EM PROF ADELAIDE TAVARES DE MACEDO;-3.09726896;-60.00725404;infantil;municipal;ativa;geral;nao;R. BELO HORIZONTE, 1338 ADRIANOPOLIS. 69057-060 Manaus - AM.
13029061;EM PROF AGENOR FERREIRA LIMA;-3.07691000;-59.94660333;fundamental_i|fundamental_ii;municipal;ativa;geral;nao;R.PADRE MARCELINO CHAMPAGNAT, S/N ZUMBI DOS PALMARES. 69084-430 Manaus - AM.
13029070;EM PROF ALBERTO MAKAREM;-3.10296319;-60.06688173;fundamental_i;municipal;ativa;geral;nao;RUA NELSON RODRIGUES, 100 CONJ VILA MARINHO. COMPENSA. 69035-351 Manaus - AM.
13092839;EM PROF ALVARO CESAR DE CARVALHO;-3.06320850;-59.93769670;fundamental_i|fundamental_ii;municipal;ativa;geral;nao;R. RIO ITUI, S/N ESQUINA COM ITAQUI,. TANCREDO NEVES. 69089-280 Manaus - AM.
13075748;EM PROF ALVARO VALE;-3.03596883;-59.93427606;fundamental_i;municipal;ativa;geral;nao;R. PEIXE AGULHA, S/N JORGE TEIXEIRA. 69088-461 Manaus - AM.
13132229;EM PROF ANA CRISTINA AQUINO DE MELO;-3.00771315;-60.04872022;fundamental_i|fundamental_ii;municipal;ativa;geral;nao;R. DONA OTILIA, S/N COM. PARQUE RIO SOLI. TARUMA. 69041-325 Manaus - AM.
13099230;EM PROF CARLOS FARIAS OURO DE CARVALHO;-3.00624790;-59.98977846;fundamental_i|fundamental_ii;municipal;ativa;geral;nao;R. DENARIO, 24 NOVA CIDADE. MONTE DAS OLIVEIRAS. 69092-235 Manaus - AM.
13089200;EM PROF DAVISON DE ARAUJO PEREIRA;-3.04891212;-59.94324993;infantil|fundamental_i;municipal;ativa;geral;nao;R. OPALA, 31 TANCREDO NEVES. 69087-300 Manaus - AM.
13092600;EM PROF ELCY MESQUITA LIMA;-3.05593854;-60.04271615;infantil|fundamental_i;municipal;ativa;geral;nao;R. BRAGANCA, 1819 REDENCAO. 69047-550 Manaus - AM.
13065580;EM PROF EMANUEL REBELO DA CUNHA;-3.01457470;-59.85747240;infantil|fundamental_i|fundamental_ii;municipal;ativa;geral;nao;EST. DO BRASILEIRINHO, KM 05 PURAQUEQUARA. RODOVIARIO. 69088-000 Manaus - AM.
13100505;EM PROF FRANCISCA LIMA DA ROCHA;-3.01967000;-60.03573333;infantil|fundamental_i;municipal;ativa;geral;nao;R. PROF OPITACIANA DE QUEIROZ, 455 PARQUE RIACHUELO I -. TARUMA. 69041-170 Manaus - AM.
13081632;EM PROF FRANCISCA PEREIRA DE ARAUJO;-3.04309000;-60.00414500;fundamental_ii;municipal;ativa;geral;nao;RUA PADRE MONTEIRO DE NORONHA, 642 FLORES. FLORES. 69090-299 Manaus - AM.
13092588;EM PROF GELCY SENA ABRANTES;-3.06037623;-60.04444728;fundamental_i;municipal;ativa;geral;nao;R. DUQUE DE CAXIAS, 25 REDENCAO. 69047-000 Manaus - AM.
13203207;EM PROF IVOMAR DE LIMA VIEIRA;-3.01113439;-59.92775376;infantil;municipal;ativa;geral;nao;RUA ALARICO FURTADO, S/N VALPARAISO. JORGE TEIXEIRA. 69088-301 Manaus - AM.
13308238;EM PROF IVONE MARIA BARBOSA E SILVA;-3.01417002;-59.93869052;fundamental_i|fundamental_ii;municipal;ativa;geral;nao;AV. NOSSA SENHORA DA CONCEICAO, 1350 JORGE TEIXEIRA. CIDADE DE DEUS. 69099-284 Manaus - AM.
13029126;EM PROF JARLECE DA CONCEICAO ZARANZA;-3.04367500;-59.95814333;fundamental_i|fundamental_ii;municipal;ativa;geral;nao;AV. RAMOS D, S/N CONJ. AMAZONINO MEND. NOVO ALEIXO. 69095-000 Manaus - AM.
13117009;EM PROF JOAO CASTRO FILHO;-3.02577326;-59.93267491;infantil|fundamental_i;municipal;ativa;geral;nao;R. 4, 29 JORGE TEIXEIRA. 69088-235 Manaus - AM.
13029150;EM PROF JOAQUIM GONZAGA PINHEIRO;-3.10910880;-60.04572890;fundamental_i|fundamental_ii;municipal;ativa;geral;nao;R. VOLUNTARIOS DA PATRIA, 294 VILA DA PRATA. 69030-520 Manaus - AM.
13029169;EM PROF JOSE WANDEMBERG RAMOS LEITE;-3.11492833;-59.98585333;fundamental_i;municipal;ativa;geral;nao;RUA ALFREDO CUNHA, 61 JAPIIM. 69076-458 Manaus - AM.
13075870;EM PROF JULIO CESAR DE MORAES PASSOS;-3.02366000;-59.97231500;fundamental_i;municipal;ativa;geral;nao;R. CLAUDINHO LEMOS, S/N CIDADE NOVA I. CIDADE NOVA. 69095-202 Manaus - AM.
13028731;EM PROF LEA ALENCAR ANTONY;-3.03111833;-59.97508000;fundamental_i;municipal;ativa;geral;nao;R. FLORINEA, Q. 73, 19 CIDADE NOVA. 69095-130 Manaus - AM.
13031244;EM PROF MANUEL DA SILVA BAHIA;-2.88622102;-60.47680464;infantil|fundamental_ii;municipal;ativa;geral;nao;PAGODAO RIO NEGRO - PARANA DE ANAVILHANA, S/N RIO NEGRO. RIBEIRINHA. 69001-019 Manaus - AM.
13058614;EM PROF MARIA JOSE NUNES DA LUZ;-3.07711095;-60.01310711;infantil|fundamental_i|fundamental_ii;municipal;ativa;geral;nao;R. DES. GASPAR GUIMARAES, 169 CONJ. CASTELO BRANCO. PARQUE 10 DE NOVEMBRO. 69050-662 Manaus - AM.
13088980;EM PROF MARIA LIRA PEREIRA;-3.10427500;-59.99410667;fundamental_i|fundamental_ii;municipal;ativa;geral;nao;R. DA AMIZADE, 12-A PETROPOLIS. 69063-612 Manaus - AM.
13059114;EM PROF MOISES DE FRANCA VIANA;-3.05363577;-59.94651584;infantil|fundamental_i;municipal;ativa;geral;nao;AVENIDA AUTAZ MIRIM, 7277 TANCREDO NEVES. 69087-215 Manaus - AM.
13073249;EM PROF NEUZA DOS SANTOS RIBEIRO;-2.77782685;-60.13305749;infantil|fundamental_i|fundamental_ii;municipal;ativa;geral;nao;ROD. BR 174, KM 21 RAMAL DO PAU-ROSA. RODOVIARIO. 69068-000 Manaus - AM.
13082981;EM PROF NILTON LINS;-3.03982149;-59.99967364;fundamental_i|fundamental_ii;municipal;ativa;geral;nao;R. GRAO PARA, 19 COMUNIDADE MUNDO NOV. CIDADE NOVA. 69090-343 Manaus - AM.
13097881;EM PROF NOEMIA SANTANA DO NASCIMENTO DA COSTA;-3.06003246;-60.03734133;fundamental_i|fundamental_ii;municipal;ativa;geral;nao;R. 10 DE DEZEMBRO, 110 REDENCAO. 69047-280 Manaus - AM.
13081780;EM PROF PAULO CESAR DA SILVA NONATO;-2.95182859;-60.13625005;infantil|fundamental_i|fundamental_ii;municipal;ativa;geral;nao;MARGEM ESQUERDA DO RIO NEGRO, ZONA RURAL DE MANAUS. MARGEM ESQUERDA DO RIO NEGRO. 69001-019 Manaus - AM.
13092561;EM PROF PAULO GRACA;-3.05064833;-59.98457333;fundamental_i|fundamental_ii;municipal;ativa;geral;nao;R. BARAO DO RIO BRANCO, 01 NOVO ALEIXO. FLORES. 69058-811 Manaus - AM.
13097865;EM PROF PEDRO DIOGO DOS SANTOS ROQUE;-2.98374111;-60.06124048;fundamental_i|fundamental_ii;municipal;ativa;geral;nao;AVENIDA DA VIVENDA VERDE, 1188 TARUMA-ACU. 69022-380 Manaus - AM.
13029240;EM PROF PERCILIA DO NASCIMENTO SOUZA;-3.10705512;-60.05955974;fundamental_i;municipal;ativa;geral;nao;R. RIBEIRO COUTO, S/N COMPENSA. 69035-230 Manaus - AM.
13101676;EM PROF RAIMUNDO ALMEIDA LUCIO;-3.00617657;-60.01507295;fundamental_ii;municipal;ativa;geral;nao;AL. RIO NEGRO, S/N. COLONIA TERRA NOVA. 69015-463 Manaus - AM.
13059130;EM PROF RAIMUNDO GONCALVES NOGUEIRA;-3.07227563;-59.94409396;fundamental_ii;municipal;ativa;geral;nao;R. 1 DE JUNHO, S/N VILA SASSA MUTEMA. ZUMBI DOS PALMARES. 69020-282 Manaus - AM.
13026720;EM PROF RICARDO PEREIRA PARENTE;-3.07230333;-59.94845667;infantil|fundamental_i;municipal;ativa;geral;nao;R. ROSARINHO, S/N SAO JOSE. SAO JOSE OPERARIO. 69085-070 Manaus - AM.
13131842;EM PROF ROBERTO DA SILVA PEIXOTO;-3.03294087;-59.94795451;fundamental_i|fundamental_ii;municipal;ativa;geral;nao;R. DOS PELICANOS, 72 CIDADE DE DEUS. 69099-599 Manaus - AM.
13075730;EM PROF ROBERTO DOS SANTOS VIEIRA;-3.02761387;-59.91751300;fundamental_i|fundamental_ii;municipal;ativa;geral;nao;R. GERGELIM, S/N COM. JOAO PAULO II -. JORGE TEIXEIRA. 69088-000 Manaus - AM.
13092936;EM PROF RUBEM DA SILVA PEIXOTO;-3.02962167;-59.92585667;fundamental_i;municipal;ativa;geral;nao;R. CASSIA BAIAMA 69088-474, 320 JORGE TEIXEIRA. 69088-474 Manaus - AM.
13082922;EM PROF RUTH COSTA;-3.04757269;-59.96799285;infantil|fundamental_i;municipal;ativa;geral;nao;R. 217 TRAVESSA 03, S/N NUCLEO 16. NOVO ALEIXO. 69098-470 Manaus - AM.
13092464;EM PROF SEBASTIAO AUGUSTO LOUREIRO FILHO;-3.01055666;-60.01800000;fundamental_i;municipal;ativa;geral;nao;R. NOSSA SENHORA DE NAZARE, 235 COM. JARDIM SAO LUIZ. COLONIA TERRA NOVA. 69015-240 Manaus - AM.
13097075;EM PROF SERGIO AUGUSTO PARA BITTENCOURT;-3.02524381;-60.00938466;fundamental_i|fundamental_ii;municipal;ativa;geral;nao;R. PROF. MARIA J. BRIGIDO, 34 NOVO ISRAEL. 69093-570 Manaus - AM.
13071700;EM PROF SONIA MARIA DA SILVA BARBOSA;-3.02282310;-59.93321830;fundamental_ii;municipal;ativa;geral;nao;R. MONTE SIAO, S/N JORGE TEIXEIRA. 69099-212 Manaus - AM.
13029690;EM PROF THEMISTOCLES PINHEIRO GADELHA;-3.03923572;-59.93537505;fundamental_ii;municipal;ativa;geral;nao;R. PURUI, S/N JORGE TEIXEIRA. 69088-441 Manaus - AM.
13100432;EM PROFA DALVINA SILVA DE OLIVEIRA;-3.01280894;-60.04493258;fundamental_ii;municipal;ativa;geral;nao;R. LIRIO ROSAS, S/N PARQUE RIACHELO II. TARUMA. 69041-195 Manaus - AM.
13132407;EM PROFA MARIA DAS GRACAS ANDRADE VASCONCELOS;-3.06720333;-60.03497167;fundamental_i;municipal;ativa;geral;nao;R. VIVALDO LIMA, 405 ALVORADA. 69043-660 Manaus - AM.
13096729;EM PROFA MARTINHA CORREA DOS SANTOS;-3.04479678;-59.99765586;fundamental_i;municipal;ativa;geral;nao;R. OSCAR DE LIMA RAYOL, 296 FLORES. 69028-119 Manaus - AM.
13028910;EM PROFESSORA ELIZABETH SIQUEIRA FERREIRA;-3.05157254;-59.67815479;infantil|fundamental_i|fundamental_ii;municipal;ativa;geral;nao;COSTA DO JATUARANA, S/N RIO AMAZONAS. RIBEIRINHA. 69001-009 Manaus - AM.
13082990;EM PROFESSORA MIRIAM SOTERO DA SILVA;-3.06072000;-59.96795500;fundamental_i|fundamental_ii;municipal;ativa;geral;nao;R. LIRIO DAS ANTILHAS, S/N PARQUE DAS GARCAS. NOVO ALEIXO. 69098-364 Manaus - AM.
13029649;EM PROFESSORA PAULA ALIOMAR RIBEIRO BELTRAO;-2.92497752;-60.10954022;infantil|fundamental_i|fundamental_ii;municipal;ativa;geral;nao;TARUMA ACU, S/N RIO NEGRO. RIBEIRINHA. 69022-488 Manaus - AM.
13272225;EM PROFª ALEXANDRINA RODRIGUES BARROS;-3.02380937;-60.00134130;fundamental_i;municipal;ativa;geral;nao;R. GOLD MAYER, 01 CONJ. MANOA. COLONIA SANTO ANTONIO. 69093-100 Manaus - AM.
13263285;EM PROFª ANTONIA PEREIRA DA SILVA;-2.98196507;-60.01041688;fundamental_ii;municipal;ativa;geral;nao;R. DO AREAL, 30 SANTA ETELVINA. 69059-292 Manaus - AM.
13089285;EM PROFª ARIBALDINA DE LIMA BRITO;-3.01076271;-59.92716975;fundamental_i|fundamental_ii;municipal;ativa;geral;nao;R. SUMARE, S/N COLONIA CHICO MENDES. JORGE TEIXEIRA. 69088-303 Manaus - AM.
13098560;EM PROFª DIAN KELLY DO NASCIMENTO MOTA;-3.01578787;-60.15679556;infantil|fundamental_i;municipal;ativa;geral;nao;RIO NEGRO - COMUNIDADE ABELHA, S/N COMUNIDADE ABELHA -. RIBEIRINHA. 69049-992 Manaus - AM.
13097393;EM PROFª DULCENIDES DOS SANTOS DIAS;-3.01067901;-60.00311348;fundamental_i|fundamental_ii;municipal;ativa;geral;nao;RUA PROFESSOR ALCIJARA GADELHA, 60 COLONIA TERRA NOVA. 69093-479 Manaus - AM.
13031368;EM PROFª EDINIR TELLES GUIMARAES;-3.02481970;-59.92425400;fundamental_ii;municipal;ativa;geral;nao;R. 28 DE AGOSTO, S/N JORGE TEIXEIRA. 69088-000 Manaus - AM.
13098110;EM PROFª ELIANA SOCORRO PACHECO BRAGA;-3.04847333;-59.92130000;infantil|fundamental_i;municipal;ativa;geral;nao;R. F, 35 COM. SANTA INES, JOR. JORGE TEIXEIRA. 69088-704 Manaus - AM.
13028510;EM PROFª ELIZABETH BELTRAO;-2.98660000;-60.01657220;fundamental_i|fundamental_ii;municipal;ativa;geral;nao;R. IBITIRAMA, 216 SANTA ETELVINA. 69059-170 Manaus - AM.
13058428;EM PROFª FRANCISCA CAMPOS CORREA;-3.01322832;-60.07681487;infantil|fundamental_i|fundamental_ii;municipal;ativa;geral;nao;AV. DO TURISMO/RAMAL DO CETUR, S/N TARUMA. TARUMA. 69022-234 Manaus - AM.
13029231;EM PROFª FRANCISCA PERGENTINA DA SILVA;-3.07593752;-59.93749089;fundamental_ii;municipal;ativa;geral;nao;R. CHICO MENDES, S/N ZUMBI DOS PALMARES I. ZUMBI DOS PALMARES. 69084-060 Manaus - AM.
13275224;EM PROFª GENILDA MARTINS PEREIRA;-3.06205650;-59.93294688;infantil|fundamental_i;municipal;ativa;geral;nao;R. BELEM, 127 GILBERTO MESTRINHO. TANCREDO NEVES. 69087-677 Manaus - AM.
13092758;EM PROFª GRACIELE FERNANDES ZANY;-3.06406585;-59.95850969;infantil|fundamental_i;municipal;ativa;geral;nao;R RIO NAICI, 61 ANTIGA RUA GARCIA. SAO JOSE OPERARIO. 69086-636 Manaus - AM.
13132601;EM PROFª IGNES DE VASCONCELOS DIAS;-3.03328500;-59.93736550;fundamental_i|fundamental_ii;municipal;ativa;geral;nao;R. H/I, S/N COM. BAIRRO NOVO. JORGE TEIXEIRA. 69088-000 Manaus - AM.
13100440;EM PROFª ISABEL VICTORIA DO CARMO RIBEIRO;-3.00529132;-60.01571450;fundamental_i;municipal;ativa;geral;nao;R. ANDIRA ACU, S/N COM. RIO PIORINI. COLONIA TERRA NOVA. 69015-655 Manaus - AM.
13029134;EM PROFª JOANA VIEIRA;-2.90589716;-59.88714960;infantil|fundamental_i;municipal;ativa;geral;nao;AREA RURAL, RAMAL AGUA BRANCA I. AREA RURAL DE MANAUS RODOVIARIA. 69099-899 Manaus - AM.
13092766;EM PROFª LIGIA MESQUITA FIALHO;-3.08060301;-59.96961788;fundamental_i|fundamental_ii;municipal;ativa;geral;nao;R. PAULO ALVES, 26 COROADO. COROADO. 69082-580 Manaus - AM.
13089099;EM PROFª MARIA AIME BEZERRA DE SOUZA;-3.00843315;-60.00741860;fundamental_i;municipal;ativa;geral;nao;R. EXODO, 59 COLONIA TERRA NOVA. 69093-467 Manaus - AM.
13071726;EM PROFª MARIA AUXILIADORA SANTOS AZEVEDO;-3.03290990;-59.92335864;fundamental_ii;municipal;ativa;geral;nao;R. HORTELA, S/N COM. JOAO PAULO II,. JORGE TEIXEIRA. 69088-465 Manaus - AM.
13101633;EM PROFª MARIA DO SOCORRO AZEVEDO DE OLIVEIRA;-3.03595140;-59.93848837;fundamental_ii;municipal;ativa;geral;nao;R. B, S/N LOTEAMENTO BAIRRO NO. JORGE TEIXEIRA. 69089-242 Manaus - AM.
13073257;EM PROFª MARIA ISABEL CORDEIRO MELGUEIRO;-2.85488000;-60.16750667;infantil|fundamental_i|fundamental_ii;municipal;ativa;geral;nao;ROD. BR 174, KM 21 MANAUS-CARACARAI - R. RODOVIARIO. 69068-000 Manaus - AM.
13081799;EM PROFª MARIA LEIDE AMORIM;-2.94768676;-60.02620196;fundamental_i|fundamental_ii;municipal;ativa;geral;nao;ROD. BR 174, KM 04 EST. MANAUS - CARACA. RODOVIARIO. 69048-990 Manaus - AM.
13105396;EM PROFª MARIA RAIMUNDA MARQUES BRASIL;-3.12634698;-59.94762153;fundamental_i|fundamental_ii;municipal;ativa;geral;nao;RUA LETRA CHINESA, 70 MAUAZINHO. 69075-085 Manaus - AM.
13132210;EM PROFª MARIA RODRIGUES TAPAJOS;-3.08419500;-59.97290667;fundamental_i|fundamental_ii;municipal;ativa;geral;nao;R. LAURA VICUNA, 82 CONDOMINIO IURITA -. COROADO. 69080-292 Manaus - AM.
13066994;EM PROFª MARLY BARBOSA GARGANTA;-3.01903833;-59.99940833;fundamental_i|fundamental_ii;municipal;ativa;geral;nao;R. XAVANTE, S/N MONTE DAS OLIVEIRAS. 69093-074 Manaus - AM.
13093720;EM PROFª OSCARINA FALCAO;-2.87550700;-60.13072820;infantil|fundamental_i|fundamental_ii;municipal;ativa;geral;nao;ROD. BR 174, KM 21 EST MANAUS-CARACARAI. RODOVIARIO. 69068-000 Manaus - AM.
13031376;EM PROFª RAIMUNDA ENEIDA CERQUINHO DA SILVA;-3.03056667;-60.00656500;fundamental_ii;municipal;ativa;geral;nao;R. SAO SEBASTIAO, S/N NOVO ISRAEL. 69093-070 Manaus - AM.
13118404;EM PROFª RAIMUNDA NONATA MACIEL;-3.07593333;-59.92189500;infantil;municipal;ativa;geral;nao;R. GUPIARA, S/N COM. GRANDE VITORIA. SAO JOSE OPERARIO. 69086-678 Manaus - AM.
13092820;EM PROFª RAIMUNDA NONATA SOARES DE DEUS;-3.05630270;-59.94416473;infantil|fundamental_i|fundamental_ii;municipal;ativa;geral;nao;R. NOVA ESPERANCA, 300 NOVO REINO - TANCRED. TANCREDO NEVES. 69087-646 Manaus - AM.
13029177;EM PROFª REGINA VITORIA PIRES MUNIZ;-3.09408000;-59.98509667;fundamental_i;municipal;ativa;geral;nao;R. MARQUESA DE SANTOS, 110 COROADO. 69080-000 Manaus - AM.
13089102;EM PROFª RITA DE CASSIA CASSIANO DA SILVA;-3.02591167;-60.01262833;fundamental_i;municipal;ativa;geral;nao;R. NOVA JERUSALEM, S/N NOVO ISRAEL. 69039-430 Manaus - AM.
13119001;EM PROFª SILVIA HELENA COSTA DE OLIVEIRA BONETTI;-2.97053565;-59.99621838;fundamental_i|fundamental_ii;municipal;ativa;geral;nao;RUA RAMAL DO ACARA, S/N COMUNIDADE VIVER MEL. LAGO AZUL. 69018-442 Manaus - AM.
13058533;EM PROFª TEREZA CORDOVIL GUIMARAES;-2.99302308;-60.07717482;fundamental_i|fundamental_ii;municipal;ativa;geral;nao;EST. DA VIVENDA VERDE, S/N RAMAL DO BANCREVEA -. RODOVIARIO. 69005-330 Manaus - AM.
13100513;EM PROFª TEREZINHA COSTA COELHO;-3.00501437;-60.03319767;;municipal;paralisada;geral;nao;AV. SAO PEDRO, S/N COMUNIDADE SAO PEDRO. TARUMA. 69021-215 Manaus - AM.
13092871;EM PROFª ZENAIRA BENTES MONTEIRO PASTOR;-3.06962540;-59.93545130;fundamental_i|fundamental_ii;municipal;ativa;geral;nao;R. DOS ACAIZEIROS, 03 CIDADE DO LESTE. GILBERTO MESTRINHO. 69086-666 Manaus - AM.
13264281;EM PROFª ZENIR PINTO PEDROSO;-3.03001929;-59.92596211;fundamental_i;municipal;ativa;geral;nao;R. 10, S/N JORGE TEIXEIRA. 69088-039 Manaus - AM.
13096257;EM PROFª ZILDA IRACEMA MELGUEIRO NUNES;-2.43006270;-60.24307080;infantil|fundamental_i|fundamental_ii;municipal;ativa;geral;nao;ROD. BR 174, KM 67 ZF 4 KM 38 - RAMAL R. RODOVIARIO. 69068-000 Manaus - AM.
13071734;EM PROFº HELENO NOGUEIRA DOS SANTOS;-2.99825598;-60.01482385;fundamental_i|fundamental_ii;municipal;ativa;geral;nao;RUA ARQUITETO JOSE HENRIQUE B.RODRIGUES, 2335 VIA NORTE. COLONIA TERRA NOVA. 69015-615 Manaus - AM.
13273230;EM RAIMUNDA BARROSO RAMIRES;-3.08151551;-59.96852865;fundamental_i;municipal;ativa;geral;nao;R. M, QD. M, 03 PQ. SUCUPIRA - CJ. O. COROADO. 69085-000 Manaus - AM.
13160206;EM RAIMUNDA BRASIL;-2.55595924;-60.76167405;infantil|fundamental_i|fundamental_ii;municipal;ativa;geral;nao;PARANA DO ACARIQUARA, S/N COM. SANTA IZABEL -. RIBEIRINHA. 69001-019 Manaus - AM.
13101625;EM RAIMUNDO NONATO DE OLIVEIRA GOMES;-3.07371838;-59.93593182;fundamental_i|fundamental_ii;municipal;ativa;geral;nao;TRAV. SAO MARCOS, S/N CONJ. CASTANHEIRA. ZUMBI DOS PALMARES. 69084-594 Manaus - AM.
13096702;EM RAIMUNDO TEODORO BOTINELLY ASSUMPCAO;-3.02865780;-59.96627100;fundamental_i|fundamental_ii;municipal;ativa;geral;nao;R. 16 DE AGOSTO, S/N RIACHO DOCE 3 - CIDA. CIDADE NOVA. 69090-000 Manaus - AM.
13081730;EM RAUL DE QUEIROZ DE MENEZES VEIGA;-3.00930109;-59.93886419;fundamental_ii;municipal;ativa;geral;nao;R. PIRICACAS, S/N CIDADE DE DEUS. 69099-284 Manaus - AM.
13093665;EM RAUL POMPEIA;-2.89960534;-60.22670577;infantil|fundamental_i|fundamental_ii;municipal;ativa;geral;nao;COMUNIDADE NOVO PARAISO, S/N ANTIGA ESCOLA TARUMA. RIO NEGRO. 69001-019 Manaus - AM.
13031279;EM REPUBLICA DO MEXICO;-3.04788086;-60.01326527;fundamental_i;municipal;ativa;geral;nao;R. JACY, S/N CJ. BEIJA FLOR II. FLORES. 69093-000 Manaus - AM.
13089218;EM ROBERTO RUIZ HERNANDEZ;-3.06345175;-59.96169356;fundamental_i;municipal;ativa;geral;nao;R. 23, QD. 2, S/N SAO JOSE OPERARIO. SAO JOSE OPERARIO. 69086-270 Manaus - AM.
13029290;EM RODOLPHO VALLE;-3.05933912;-60.04544501;fundamental_ii;municipal;ativa;geral;nao;R. ITUIUTABA, 210 REDENCAO. 69047-030 Manaus - AM.
13081756;EM ROSA SVERNER;-3.04325899;-59.93665514;fundamental_i|fundamental_ii;municipal;ativa;geral;nao;R. DAS AZALEIAS, 01 JORGE TEIXEIRA. 69088-050 Manaus - AM.
13081543;EM RUBENS SVERNER;-3.03238908;-60.01045516;fundamental_i;municipal;ativa;geral;nao;R. ESTRELA DE DAVI, S/N NOVO ISRAEL. 69039-733 Manaus - AM.
13071637;EM RUI BARBOSA;-2.78943158;-60.45109056;infantil|fundamental_ii;municipal;ativa;geral;nao;RIO CUIEIRAS COMUNIDADE NOVA CANAA, S/N RIO NEGRO RIO CUIEIR. RIBEIRINHA. 69085-010 Manaus - AM.
13067907;EM RUI BARBOSA LIMA;-3.09039310;-59.94309590;fundamental_i;municipal;ativa;geral;nao;AV. ITACOLOMI, S/N ARMANDO MENDES. 69089-321 Manaus - AM.
13307274;EM RUTH LEIA OLIVEIRA DOS SANTOS;-2.83029833;-60.11469333;infantil|fundamental_i|fundamental_ii;municipal;ativa;geral;nao;ROD. BR 174 - EST. MANAUS-CARACARAI, KM 21 RAMAL DO PAU ROSA- A. RODOVIARIO. 69023-165 Manaus - AM.
13269224;EM SANTA ETELVINA;-2.99067579;-60.01722165;fundamental_i|fundamental_ii;municipal;ativa;geral;nao;R. AMAZONINO MENDES, 64 SANTA ETELVINA. 69059-160 Manaus - AM.
13029592;EM SANTA LUZIA;-3.03657500;-59.82446000;infantil|fundamental_i|fundamental_ii;municipal;ativa;geral;nao;LAGO DO PURAQUEQUARA RIO AMAZONAS, S/N COMUNIDADE SANTA LUZ. RIBEIRINHA. 69001-009 Manaus - AM.
13075861;EM SANTA RITA DE CASSIA;-3.02533697;-59.97917695;fundamental_i|fundamental_ii;municipal;ativa;geral;nao;AV. SANTOS DIAS, S/N CIDADE NOVA I. CIDADE NOVA. 69095-168 Manaus - AM.
13029614;EM SANTA ROSA;-3.14177167;-59.40202500;infantil|fundamental_ii;municipal;ativa;geral;nao;COSTA DO TABOCAL, S/N RIO AMAZONAS. RIBEIRINHA. 69001-009 Manaus - AM.
13029606;EM SANTA ROSA II;-2.98758333;-60.07204833;infantil|fundamental_i|fundamental_ii;municipal;ativa;geral;nao;RUA JURUA COM BARE, S/N PARQUE DAS TRIBOS. RODOVIARIO. 69022-320 Manaus - AM.
13029622;EM SANTO AGOSTINHO;-3.09134775;-60.06300879;infantil|fundamental_i;municipal;ativa;geral;nao;R. PRESEPE, 36 SANTO AGOSTINHO. 69036-610 Manaus - AM.
13058690;EM SANTO ANTONIO;-2.75902833;-59.93721667;infantil|fundamental_i|fundamental_ii;municipal;ativa;geral;nao;ROD. AM 010, KM 47 RAMAL SANTO ANTONIO. RODOVIARIO. 69048-000 Manaus - AM.
13029843;EM SANTO ANTONIO -RIBEIRINHA;-2.73493048;-60.57252093;infantil|fundamental_ii;municipal;ativa;geral;nao;IGARAPE ACU - COMUNIDADE MONTE SINAI, S/N RIO NEGRO. RIBEIRINHA. 69001-019 Manaus - AM.
13059190;EM SAO BENEDITO;-3.01944967;-59.94022893;fundamental_ii;municipal;ativa;geral;nao;AVENIDA NOSSA SENHORA DE FATIMA, S/N CIDADE DE DEUS. 69099-255 Manaus - AM.
13029339;EM SAO DIMAS;-3.10360000;-60.03301820;infantil|fundamental_i;municipal;ativa;geral;nao;R. SAO BENTO, S/N SAO JORGE. 69033-340 Manaus - AM.
13029347;EM SAO FRANCISCO;-3.08775677;-59.56922809;infantil|fundamental_i|fundamental_ii;municipal;ativa;geral;nao;COSTA DO TABOCAL COM SAO FRANCISCO, S/N RIO AMAZONAS. RIBEIRINHA. 69001-009 Manaus - AM.
13031384;EM SAO FRANCISCO DAS CHAGAS;-3.01234343;-60.39909302;infantil|fundamental_ii;municipal;ativa;geral;nao;COSTA DO ARARA, S/N RIO NEGRO. RIBEIRINHA. 69001-019 Manaus - AM.
13029371;EM SAO JOAO;-3.05383833;-60.04646667;fundamental_i;municipal;ativa;geral;nao;RUA ESTRELA RAJADA, 585 REDENCAO. 69047-430 Manaus - AM.
13029355;EM SAO JOAO -RIBEIRINHA;-3.04584330;-60.25406670;infantil|fundamental_i|fundamental_ii;municipal;ativa;geral;nao;LAGO DO TUPE- COMUNIDADE SAO JOAO, S/N RIO NEGRO. RIBEIRINHA. 69001-019 Manaus - AM.
13029401;EM SAO JOSE -RODOVIARIA;-2.73344000;-59.88659167;infantil|fundamental_i;municipal;ativa;geral;nao;ROD. AM 010, KM 53 RODOVIARIO. 69059-000 Manaus - AM.
13029398;EM SAO JOSE DO PARANA DA EVA;-3.17379960;-59.18733512;infantil|fundamental_i;municipal;ativa;geral;nao;PARANA DA EVA, S/N RIO AMAZONAS. RIBEIRINHA. 69001-009 Manaus - AM.
13031392;EM SAO JOSE DO TARUMA;-3.02702372;-60.17895506;infantil|fundamental_i|fundamental_ii;municipal;ativa;geral;nao;TARUMAZINHO -COM. N.SRA. DO LIVRAMENTO, S/N RIO NEGRO. RIBEIRINHA. 69049-992 Manaus - AM.
13029410;EM SAO JUDAS TADEU;-2.87525305;-60.03557861;fundamental_ii;municipal;ativa;geral;nao;ROD. BR 174, KM 12 EST. MANAUS - CARACA. RODOVIARIO. 69098-000 Manaus - AM.
13031406;EM SAO LAZARO;-3.05809833;-59.66198833;infantil|fundamental_ii;municipal;ativa;geral;nao;COSTA DO JATUARANA, S/N RIO AMAZONAS. RIBEIRINHA. 69001-009 Manaus - AM.
13029452;EM SAO LUIS;-3.08458362;-59.88765193;fundamental_i|fundamental_ii;municipal;ativa;geral;nao;R. NOVA ESPERANCA, S/N COLONIA ANTONIO ALEIXO. 69008-110 Manaus - AM.
13029436;EM SAO LUIZ DE GONZAGA;-2.98129939;-59.83506406;infantil|fundamental_i|fundamental_ii;municipal;ativa;geral;nao;LAGO PURAQUEQUARA - IGARAPE DA FLORESTA, S/N RIO AMAZONAS. RIBEIRINHA. 69001-009 Manaus - AM.
13029495;EM SAO PEDRO -RIBEIRINHA;-3.12085249;-59.47095148;infantil|fundamental_ii;municipal;ativa;geral;nao;COMUNIDADE SAO PEDRO - COSTA DO TABOCAL - VISTA ALEGRE, S/N RIO AMAZONAS. RIBEIRINHA. 69001-009 Manaus - AM.
13029479;EM SAO PEDRO-URBANA;-3.10846028;-60.05729329;fundamental_i|fundamental_ii;municipal;ativa;geral;nao;R. MATOS AREOSA, 418 COMPENSA. 69035-100 Manaus - AM.
13059009;EM SAO RAIMUNDO;-3.10132970;-59.55375010;;municipal;paralisada;geral;nao;COSTA DO TABOCAL, S/N RIO AMAZONAS. RIBEIRINHA. 69001-009 Manaus - AM.
13076949;EM SAO SALVADOR;-3.11830667;-59.35697833;infantil|fundamental_i|fundamental_ii;municipal;ativa;geral;nao;BAIXO RIO PRETO DA EVA - MONTE HOREBE, S/N RIO AMAZONAS. RIBEIRINHA. 69001-009 Manaus - AM.
13029525;EM SAO SEBASTIAO -URBANA;-3.06166756;-59.84527328;infantil|fundamental_i|fundamental_ii;municipal;ativa;geral;nao;LAGO DA BOA VISTA, S/N PURAQUEQUARA. 69086-000 Manaus - AM.
13029886;EM SAO SEBASTIAO I;-2.81620170;-60.48572611;infantil|fundamental_i|fundamental_ii;municipal;ativa;geral;nao;FOZ DO RIO CUIEIRAS - COM. SAO SEBASTIAO, S/N RIO NEGRO - NOVO AIR. RIBEIRINHA. 69049-993 Manaus - AM.
13029533;EM SAO SEBASTIAO II DO TARUMAZINHO;-2.97025631;-60.19908951;infantil|fundamental_i|fundamental_ii;municipal;ativa;geral;nao;TARUMAZINHO C/ SAO SEBASTIAO, S/N RIO NEGRO. RIBEIRINHA. 69049-992 Manaus - AM.
13029541;EM SAO VICENTE DE PAULA;-3.10985527;-60.06254766;fundamental_i;municipal;ativa;geral;nao;R. 1 DE JUNHO, S/N COMPENSA. 69035-460 Manaus - AM.
13096737;EM SARA BARROSO CORDEIRO;-2.98547515;-60.01323316;fundamental_i;municipal;ativa;geral;nao;R. DAS SAMAMBAIAS, S/N SANTA ETELVINA. 69059-000 Manaus - AM.
13029185;EM SEBASTIAO NOROES;-3.11054120;-60.06517117;infantil|fundamental_i;municipal;ativa;geral;nao;R. CURUANA, 175 COMPENSA. 69035-341 Manaus - AM.
13092790;EM SENADOR ALVARO BOTELHO MAIA;-3.00835683;-59.93801116;infantil|fundamental_i|fundamental_ii;municipal;ativa;geral;nao;RUA TUCANACU, 512 CIDADE DE DEUS. 69099-295 Manaus - AM.
13071602;EM SENADOR DARCY RIBEIRO;-3.04823500;-59.94691000;fundamental_i;municipal;ativa;geral;nao;R. DO CAMPO, NOVO CANAA, 337 CONJ.AMAZONINO MENDE. NOVO ALEIXO. 69036-660 Manaus - AM.
13029576;EM SENADOR FABIO PEREIRA DE LUCENA BITTENCOURT;-3.07986310;-60.06084561;fundamental_ii;municipal;ativa;geral;nao;R. DA INDEPENDENCIA, 122 NOVA ESPERANCA. 69037-580 Manaus - AM.
13268210;EM SENADOR JOSE JEFFERSON CARPINTEIRO PERES;-3.07612720;-59.94623523;fundamental_i;municipal;ativa;geral;nao;R. BERIMBAU BAIANO, S/N ZUMBI DOS PALMARES. 69084-030 Manaus - AM.
13098691;EM SERGIO ALFREDO PESSOA FIGUEIREDO;-3.11629173;-60.03215619;fundamental_i;municipal;ativa;geral;nao;R. WALTER RAYOL, S/N MATINHA. PRESIDENTE VARGAS. 69025-390 Manaus - AM.
13093630;EM SILVIO ROMERO;-3.02695667;-60.37542333;infantil|fundamental_i|fundamental_ii;municipal;ativa;geral;nao;COMUNIDADE DO BAIXOTE - RIO NEGRO, S/N MARGEM ESQUERDA. RIBEIRINHA. 69001-019 Manaus - AM.
13081527;EM SIRIA MAMED AMED CHAGAS;-2.98883031;-59.99484206;fundamental_i|fundamental_ii;municipal;ativa;geral;nao;R. 22 DE MAIO, S/N VITORIA REGIA - AREA. SANTA ETELVINA. 69093-115 Manaus - AM.
13092480;EM SOCIOLOGO HERBERT JOSE DE SOUZA;-3.05129536;-59.95746707;fundamental_i|fundamental_ii;municipal;ativa;geral;nao;RUA EDSON VIEIRALVES, 12 NOVO ALEIXO. 69098-269 Manaus - AM.
13029584;EM SOLANGE NASCIMENTO;-2.95969690;-60.03284473;fundamental_ii;municipal;ativa;geral;nao;ROD. BR 174, KM 2,5 EST. MANAUS - CARACA. RODOVIARIO. 69048-990 Manaus - AM.
13088947;EM TEREZA ROSA AGUIAR ABTIBOL;-3.11035833;-60.00060333;infantil|fundamental_i;municipal;ativa;geral;nao;R. GIRASSOL, S/N SAO FRANCISCO. 69079-230 Manaus - AM.
13029665;EM TEREZINHA MOURA BRASIL;-3.10027350;-60.06003460;fundamental_i|fundamental_ii;municipal;ativa;geral;nao;R. PONCE DE LEON, 68 COMPENSA. 69036-170 Manaus - AM.
13029193;EM THALES SILVESTRE;-3.13799964;-59.98492174;infantil|fundamental_i;municipal;ativa;geral;nao;R. LAGOA VERDE, 528 CRESPO. 69073-130 Manaus - AM.
13029703;EM THOMAS MEIRELES;-3.10042279;-59.98870859;fundamental_i|fundamental_ii;municipal;ativa;geral;nao;R. BERNARDO MICHILES,, 15 PETROPOLIS. 69067-000 Manaus - AM.
13029720;EM VICENTE CRUZ;-3.01413550;-60.03021700;fundamental_ii;municipal;ativa;geral;nao;AV. TORQUATO TAPAJOS KM 12, S/N KM 12. COLONIA TERRA NOVA. 69093-415 Manaus - AM.
13268228;EM VICENTE MENDONCA JUNIOR;-3.07285500;-59.92587330;fundamental_ii;municipal;ativa;geral;nao;R. AURORA, S/N COM. GRANDE VITORIA,. SAO JOSE OPERARIO. 69086-274 Manaus - AM.
13030051;EM VILA DA FELICIDADE;-3.13359617;-59.94103124;infantil|fundamental_i;municipal;ativa;geral;nao;AV. SOLIMOES, 05 VILA DA FELICIDADE. MAUAZINHO. 69075-715 Manaus - AM.
13029762;EM VILLA LOBOS;-3.11337807;-60.00596125;fundamental_ii;municipal;ativa;geral;nao;R. RAUL ZAGURY, S/N SAO FRANCISCO. 69079-050 Manaus - AM.
13132202;EM VINICIUS DE MORAES;-3.01974888;-60.01736510;fundamental_i;municipal;ativa;geral;nao;R. GALILEIA, 99 COM. CELEBRIDADE - P. COLONIA TERRA NOVA. 69015-040 Manaus - AM.
13029797;EM VIOLETA DE MATTOS AREOSA;-3.08354210;-59.89129410;fundamental_ii;municipal;ativa;geral;nao;R. ALBERTO CAMPAINHA, 02 PRACA TANCREDO NEVES. COLONIA ANTONIO ALEIXO. 69008-000 Manaus - AM.
13029800;EM VISTA ALEGRE;-3.15179333;-59.25758000;infantil|fundamental_i|fundamental_ii;municipal;ativa;geral;nao;PARANA DA EVA, S/N RIO AMAZONAS. RIBEIRINHA. 69001-009 Manaus - AM.
13029223;EM WALDIR GARCIA;-3.11283333;-60.03035000;fundamental_i;municipal;ativa;geral;nao;TRAV. PICO DAS AGUAS, 339 SAO GERALDO. 69053-060 Manaus - AM.
13309218;EM ZILDA ARNS NEUMANN;-3.02854440;-60.01674070;infantil|fundamental_i;municipal;ativa;geral;nao;R. RAIO DE LUZ, S/N RES. VIVER MELHOR ET. LAGO AZUL. 69018-688 Manaus - AM.
13029746;EMVICENTE DE PAULA;-3.11803000;-59.99108333;fundamental_ii;municipal;ativa;geral;nao;R. MARIA MANSUR, 733 JAPIINLANDIA. JAPIIM. 69078-550 Manaus - AM.
13091808;ESC ADVENTISTA DE JAPIIM;-3.11076602;-59.98586021;;privada;paralisada;geral;nao;RUA AFRANIO DE CASTRO, 104 JAPIIM. 69078-350 Manaus - AM.
13075268;ESC AGRICOLA RAINHA DOS APOSTOLOS;-2.78204667;-60.03731500;;privada;ativa;geral;nao;AREA RURAL, S/N BR 174 KM 23. AREA RURAL DE MANAUS. 69099-899 Manaus - AM.
13090003;ESC DE FOR PROF ENFER SANITARISTA FCA SAAVEDRA-CETAM;-3.14660091;-60.00599384;;estadual;ativa;geral;nao;RUA DESEMBARGADOR FELISMINO SOARES, S/N PREDIO. COLONIA OLIVEIRA MACHADO. 69070-620 Manaus - AM.
13093649;ESC INDIG MUL ARU WAIMI;-2.92120773;-60.46707028;infantil|fundamental_ii;municipal;ativa;geral;nao;COMUNIDADE TERRA PRETA, S/N RIO NEGRO. RIBEIRINHA. 69001-019 Manaus - AM.
13093657;ESC INDIG MUL KANATA T-YKUA;-2.82105176;-60.50183044;infantil|fundamental_ii;municipal;ativa;geral;nao;RIO CUIEIRAS-COMU INDIGENA TRES UNIDOS, S/N RIO NEGRO. RIBEIRINHA. 69049-993 Manaus - AM.
13093673;ESC INDIG MUL PURANGA PISASU;-2.74684470;-60.43122280;infantil|fundamental_ii;municipal;ativa;geral;nao;RIO CUIEIRAS, S/N COMUNIDADE NOVA ESPE. RIBEIRINHA. 69049-993 Manaus - AM.
13092855;ESC MUL PINTOR CANDIDO PORTINARI;-3.06426667;-59.92575667;fundamental_i;municipal;ativa;geral;nao;RUA VITORIA REGIA, 474, 474 COM. GRANDE VITORIA,. SAO JOSE OPERARIO. 69086-650 Manaus - AM.
13093517;ESC MUL PROFª ROSINA ARAUJO MOURA;-3.02462000;-59.99858833;;municipal;paralisada;geral;nao;AV. TRAVESSA ARAPIRICA, 143 CONJ MANOA. CIDADE NOVA. 69090-780 Manaus - AM.
13025953;ESC MUL SAO JOSE;-3.10946667;-60.06055167;fundamental_i|fundamental_ii;municipal;ativa;geral;nao;AV. OSCAR BOREL, 575 LOTE 25 QUADRA 93. COMPENSA. 69035-230 Manaus - AM.
13064177;ESC PROFESSORA JOSEPHINA DE MELLO;-3.06992495;-59.98622158;fundamental_i|fundamental_ii;privada;ativa;geral;nao;RUA CACHOEIRA DE SAO GABRIEL, 133 COLONIA JAPONESA. NOVO ALEIXO. 69098-449 Manaus - AM.
13025317;ESCOLA ADVENTISTA DA LIBERDADE;-3.13956110;-59.99904840;infantil|fundamental_i|fundamental_ii;privada;ativa;geral;nao;RUA WALTER ORION, 227 MORRO DA LIBERDADE. 69074-762 Manaus - AM.
13025368;ESCOLA ADVENTISTA DE SAO JORGE;-3.10961962;-60.04015335;fundamental_i|fundamental_ii;privada;ativa;geral;nao;RUA ARTUR VIRGILIO, 614 SAO JORGE. 69030-701 Manaus - AM.
13025350;ESCOLA ADVENTISTA DO SANTO ANTONIO;-3.11953000;-60.04060866;;privada;paralisada;geral;nao;RUA LEOPOLDO NEVES, 563 PX AO MERC SAO TOME. SANTO ANTONIO. 69029-010 Manaus - AM.
13026852;ESCOLA BATISTA ARCA DE NOE;-3.05533017;-60.04003174;infantil|fundamental_i|fundamental_ii;privada;ativa;geral;nao;RUA QUIXERAMOBIM, 132 REDENCAO. 69047-510 Manaus - AM.
13105230;ESCOLA BATISTA SHEKINAH;-3.08931610;-59.94042520;infantil|fundamental_i|fundamental_ii;privada;ativa;geral;nao;RUA RIO SERVINE, 519 ARMANDO MENDES. 69089-170 Manaus - AM.
13092308;ESCOLA CELUS LTDA;-3.02901570;-59.97412100;fundamental_i|fundamental_ii;privada;ativa;geral;nao;RUA DESSANA, 12 QUADRA 71. CIDADE NOVA 1. 69095-200 Manaus - AM.
13026950;ESCOLA DE EDUCACAO BASICA E PROFISSIONAL FUNDACAO BRADESCO;-3.07963483;-60.04738282;infantil|fundamental_i|fundamental_ii;privada;ativa;geral;nao;RUA PROFESSOR ABILIO ALENCAR, 1130 DOM PEDRO I. 69040-035 Manaus - AM.
13081012;ESCOLA DE EDUCACAO INFANTIL PIU PIU;-3.10805440;-60.04172320;infantil;privada;ativa;geral;nao;RUA PADRE SEVERO, 450 SAO JORGE. 69033-680 Manaus - AM.
13030094;ESCOLA DO FUTURO - ADCAM;-3.07035920;-59.93724950;infantil|fundamental_i|fundamental_ii;privada;ativa;geral;nao;RUA LEONORA ARMSTRONG, 321 AO LADO VILLA POUPEX. GILBERTO MESTRINHO. 69086-419 Manaus - AM.
13080849;ESCOLA EDUCACIONAL AMAZONIDA;-3.02843460;-59.92939260;infantil|fundamental_i;privada;ativa;geral;nao;RUA BENTIVO, LOT ARTUR V. FILHO, 510 FRENTE A E. ESTADUAL. JORGE TEIXEIRA IV. 69088-105 Manaus - AM.
13030000;ESCOLA EST TEREZA DE JESUS AZEVEDO DE VASCONCELOS DIAS;-3.05981910;-60.03730500;fundamental_i;estadual;ativa;geral;nao;RUA QUINZE DE OUTUBRO, S/N REDENCAO. 69047-230 Manaus - AM.
13027042;ESCOLA ESTADUAL 1º DE MAIO;-3.11894185;-60.01148944;fundamental_ii;estadual;ativa;geral;nao;RUA DUQUE DE CAXIAS, 1856 PRACA 14 DE JANEIRO. 69020-141 Manaus - AM.
13030132;ESCOLA ESTADUAL ADALBERTO VALE;-3.13705530;-59.99995060;fundamental_ii;estadual;ativa;geral;nao;RUA SAO BENEDITO, S/N MORRO DA LIBERDADE. 69074-760 Manaus - AM.
13030140;ESCOLA ESTADUAL ADERSON DE MENEZES;-3.08058690;-60.01034360;fundamental_i;estadual;ativa;geral;nao;RUA 25 CONJ CASTELO BRANCO, S/N PARQUE 10 DE NOVEMBRO. 69055-430 Manaus - AM.
13030159;ESCOLA ESTADUAL AGNELLO BITTENCOURT;-3.08814895;-60.06563025;fundamental_ii;estadual;ativa;geral;nao;RUA DO CAMPO, S/N SANTO AGOSTINHO. 69036-660 Manaus - AM.
13030175;ESCOLA ESTADUAL ALFREDO CAMPOS;-3.10272290;-59.96417710;fundamental_i|fundamental_ii;estadual;ativa;geral;nao;RUA CARLOS DRUMOND DE ANDRADE, 167 CONJ NOVA REPUBLICA. JAPIIM. 69077-778 Manaus - AM.
13027077;ESCOLA ESTADUAL ALFREDO FERNANDES;-3.07370660;-60.05869300;fundamental_ii;estadual;ativa;geral;nao;RUA ZULMAR, S/N NOVA ESPERANCA. 69037-572 Manaus - AM.
13027093;ESCOLA ESTADUAL ALMIRANTE BARROSO;-3.09742700;-60.01498800;fundamental_i;estadual;ativa;geral;nao;VILA AMAZONAS, S/N NOSSA SENHORA DAS GRACAS. 69055-240 Manaus - AM.
13030183;ESCOLA ESTADUAL ALMIRANTE ERNESTO MELLO BAPTISTA;-3.13615760;-59.94952640;fundamental_i|fundamental_ii;estadual;ativa;geral;nao;RUA SALDANHA DA GAMA, S/N VILA MILITAR. VILA BURITI. 69072-095 Manaus - AM.
13027107;ESCOLA ESTADUAL ALTAIR SEVERIANO NUNES;-3.09061224;-60.01778016;fundamental_ii;estadual;ativa;geral;nao;RUA ALTAIR S NUNES CJ ELDORADO, S/N PARQUE 10 DE NOVEMBRO. 69050-550 Manaus - AM.
13030981;ESCOLA ESTADUAL AMELIA BITTENCOURT CARDINALE;-3.10803333;-60.06403000;fundamental_i;estadual;ativa;geral;nao;RUA 24 DE MAIO, S/N COMPENSA. 69035-580 Manaus - AM.
13304232;ESCOLA ESTADUAL ANA NEIRE MARQUES DA SILVA;-3.01441720;-59.98876250;fundamental_i|fundamental_ii;estadual;ativa;geral;nao;AV. MARGINAL ESQUERDA - QUADRA 29, S/N CONJUNTO GALILEIA II. CIDADE NOVA. 69092-000 Manaus - AM.
13027131;ESCOLA ESTADUAL ANGELO RAMAZZOTTI;-3.11066720;-60.01265820;;estadual;ativa;geral;nao;PRACA NOSSA SENHORA DE NAZARE, S/N ADRIANOPOLIS. 69057-450 Manaus - AM.
13082175;ESCOLA ESTADUAL ANTOGILDO PASCOAL VIANA;-3.03114420;-60.01581550;fundamental_ii;estadual;ativa;geral;nao;TV JERUSALEM,221, 221 NOVO ISRAEL. 69039-431 Manaus - AM.
13030990;ESCOLA ESTADUAL ANTONIO BITTENCOURT;-3.12294030;-60.03651210;fundamental_ii;estadual;ativa;geral;nao;RUA ANTONIO BITTENCOURT, 72 GLORIA. 69027-110 Manaus - AM.
13027158;ESCOLA ESTADUAL ANTONIO DA ENCARNACAO FILHO;-3.07546950;-60.06452530;;estadual;ativa;geral;nao;AV DESEMB JOAO MACHADO, 211 LIRIO DO VALE. 69037-000 Manaus - AM.
13031007;ESCOLA ESTADUAL ANTONIO DE LUCENA BITTENCOURT;-3.13626180;-59.99884420;;estadual;ativa;geral;nao;AV ADALBERTO VALE, 1000 MORRO DA LIBERDADE. 69073-040 Manaus - AM.
13082183;ESCOLA ESTADUAL ANTONIO NUNEZ JIMENEZ;-3.07795830;-59.93742580;;estadual;ativa;geral;nao;RUA ANTENOR CAVALCANTE, S/N ZUMBI DOS PALMARES. 69084-021 Manaus - AM.
13031023;ESCOLA ESTADUAL ANTONIO TELES DE SOUZA;-3.11895333;-60.02881833;fundamental_ii;estadual;ativa;geral;nao;SANTA QUITERIA, 805 PRESIDENTE VARGAS. 69025-080 Manaus - AM.
13055194;ESCOLA ESTADUAL ARLINDO VIEIRA DOS SANTOS;-3.02008160;-60.00791590;fundamental_i|fundamental_ii;estadual;ativa;geral;nao;AVENIDA CHICO MENDES, 825 NOVO ISRAEL. 69068-240 Manaus - AM.
13030205;ESCOLA ESTADUAL ARTHUR ARAUJO;-3.11403859;-60.02351068;fundamental_ii;estadual;ativa;geral;nao;AVENIDA DJALMA BATISTA, 160 NOSSA SENHORA DAS GRACAS. 69053-000 Manaus - AM.
13027174;ESCOLA ESTADUAL AUGUSTO CARNEIRO DOS SANTOS;-3.13679416;-60.01544922;fundamental_i|fundamental_ii;estadual;ativa;exclusivo_deficiencia;nao;AV JOAQUIM NABUCO, 2274 PRACA 14 DE JANEIRO. 69020-031 Manaus - AM.
13246208;ESCOLA ESTADUAL AUREA PINHEIRO BRAGA;-3.07519962;-59.92753093;fundamental_i|fundamental_ii;estadual;ativa;geral;nao;AVENIDA DOS ACAIZEIROS, S/N SAO JOSE OPERARIO. 69086-485 Manaus - AM.
13260200;ESCOLA ESTADUAL AYRTON SENNA;-2.98664150;-59.98871820;fundamental_i|fundamental_ii;estadual;ativa;geral;nao;RUA PRINCIPAL 2, S/N NOVA CIDADE. CIDADE NOVA. 69097-387 Manaus - AM.
13027182;ESCOLA ESTADUAL BALBINA MESTRINHO;-3.12752070;-60.00295430;fundamental_i;estadual;ativa;geral;nao;AVENIDA MANICORE, 700 CACHOEIRINHA. 69065-100 Manaus - AM.
13030213;ESCOLA ESTADUAL BARAO DO RIO BRANCO;-3.13146264;-60.01880382;fundamental_i;estadual;ativa;geral;nao;AV JOAQUIM NABUCO, 1152 CENTRO. 69020-030 Manaus - AM.
13083724;ESCOLA ESTADUAL BELARMINO MARREIRO;-3.05035440;-59.96357180;fundamental_ii;estadual;ativa;geral;nao;RUA JUNQUEIRA CONJ ARCO IRIS, S/N NUCLEO 16 CIDADE NOV. CIDADE NOVA. 69095-000 Manaus - AM.
13030019;ESCOLA ESTADUAL BENEDITO ALMEIDA;-3.12716970;-59.93681160;;estadual;ativa;geral;nao;RUA ENCONTROS DAS AGUAS, S/N MAUAZINHO. 69075-300 Manaus - AM.
13030221;ESCOLA ESTADUAL BENJAMIN MAGALHAES BRANDAO;-3.09902830;-60.06199170;fundamental_ii;estadual;ativa;geral;nao;RUA BELO HORIZONTE, S/N BAIRRO COMPENSA 2. COMPENSA. 69036-100 Manaus - AM.
13030230;ESCOLA ESTADUAL BOM PASTOR;-3.13403200;-59.98974460;fundamental_i;estadual;ativa;geral;nao;RUA SAO MARCOS, S/N CRESPO. 69073-821 Manaus - AM.
13029967;ESCOLA ESTADUAL BRIGADEIRO JOAO CAMARAO TELLES RIBEIRO;-3.14018790;-59.99136020;fundamental_i|fundamental_ii;estadual;ativa;geral;nao;RUA DAS AGUIAS, 1000 SAO LAZARO. 69073-140 Manaus - AM.
13030248;ESCOLA ESTADUAL CACILDA BRAULE PINTO;-3.09040310;-59.98283220;fundamental_ii;estadual;ativa;geral;nao;RUA SAO PEDRO, S/N COROADO. 69080-500 Manaus - AM.
13030256;ESCOLA ESTADUAL CARVALHO LEAL;-3.12134538;-60.00413427;fundamental_i|fundamental_ii;estadual;ativa;geral;nao;RUA BORBA, S/N CACHOEIRINHA. 69065-030 Manaus - AM.
13079638;ESCOLA ESTADUAL CID CABRAL DA SILVA;-3.02081350;-59.95996530;;estadual;ativa;geral;nao;RUA ESPIGAO, 167 COMUNIDADE CIDADE DE. CIDADE NOVA. 69099-547 Manaus - AM.
13030264;ESCOLA ESTADUAL CONEGO AZEVEDO;-3.13041667;-60.03085167;fundamental_i;estadual;ativa;geral;nao;RUA XAVIER DE MENDONCA, 155 NOSSA SENHORA APARECIDA. 69010-430 Manaus - AM.
13103385;ESCOLA ESTADUAL CORONEL PEDRO CAMARA;-3.10432620;-60.06351810;fundamental_i|fundamental_ii;estadual;ativa;geral;nao;RUA T8, S/N COMPENSA. 69035-350 Manaus - AM.
13027255;ESCOLA ESTADUAL D MILTON CORREA PEREIRA;-3.03550440;-59.96799290;fundamental_ii;estadual;ativa;geral;nao;RUA ROGERIO MAGALHAES, S/N NOVO ALEIXO. 69094-000 Manaus - AM.
13211200;ESCOLA ESTADUAL DE ATENDIMENTO ESPECIFICO MAYARA REDMAN ABDEL AZIZ;-3.09620566;-60.00986643;;estadual;ativa;sem_escolarizacao;nao;AVENIDA JORNALISTA UMBERTO CALDERARO FILHO, 903B PROX COSAMA. ADRIANOPOLIS. 69057-021 Manaus - AM.
13031058;ESCOLA ESTADUAL DEP JOSUE CLAUDIO DE SOUZA;-3.09483310;-59.98148030;;estadual;ativa;geral;nao;AVENIDA BEIRA RIO, S/N COROADO. 69082-660 Manaus - AM.
13027123;ESCOLA ESTADUAL DESEMBARGADOR ANDRE VIDAL DE ARAUJO;-3.03313987;-59.98686357;;estadual;ativa;geral;nao;AV TIMBIRAS, S/N CIDADE NOVA. 69090-010 Manaus - AM.
13027271;ESCOLA ESTADUAL DIOFANTO VIEIRA MONTEIRO;-3.13701825;-60.01525195;;estadual;ativa;exclusivo_deficiencia;nao;RUA LOURENCO DA SILVA BRAGA, 155 CENTRO. 69020-301 Manaus - AM.
13076841;ESCOLA ESTADUAL DOM JACSON DAMASCENO RODRIGUES;-3.06304070;-59.96113080;fundamental_ii;estadual;ativa;geral;nao;RUA RIO PIRATUCU, S/N QUADRA H CONJUNTO CO. SAO JOSE OPERARIO. 69085-293 Manaus - AM.
13027247;ESCOLA ESTADUAL DOM JOAO DE SOUZA LIMA;-3.03972160;-59.98188580;fundamental_i|fundamental_ii;estadual;ativa;geral;nao;AV TIMBIRAS, 1154 CIDADE NOVA. 69094-000 Manaus - AM.
13030272;ESCOLA ESTADUAL DORVAL PORTO;-3.13220480;-59.99132630;;estadual;ativa;geral;nao;RUA MAGALHAES BARATA, S/N CRESPO. 69073-280 Manaus - AM.
13031066;ESCOLA ESTADUAL DR ISAAC SVERNER;-3.06590540;-59.94656060;;estadual;ativa;geral;nao;RUA J, 79 ETAPA B. SAO JOSE OPERARIO. 69086-390 Manaus - AM.
13027280;ESCOLA ESTADUAL DR JOSE MILTON BANDEIRA;-3.02997570;-59.99906730;;estadual;ativa;geral;nao;DUARTINA, S/N CIDADE NOVA. 69090-747 Manaus - AM.
13304240;ESCOLA ESTADUAL DRA ZILDA ARNS NEUMANN;-2.99123416;-59.98416057;fundamental_i|fundamental_ii;estadual;ativa;geral;nao;RUA 212 QUADRA 310 CJ CIDADAO 5, S/N CONJUNTO CIDADAO 5. NOVA CIDADE. 69097-514 Manaus - AM.
13030280;ESCOLA ESTADUAL DUQUE DE CAXIAS;-3.10743620;-60.05003140;fundamental_i;estadual;ativa;geral;nao;RUA BELEM, 219 COMPENSA. 69035-000 Manaus - AM.
13101048;ESCOLA ESTADUAL ELIANA SOCORRO PACHECO BRAGA;-2.96816020;-59.99590840;fundamental_ii;estadual;ativa;geral;nao;RUA ARINO, S/N CONJUNTO VIVER MELHO. SANTA ETELVINA. 69018-558 Manaus - AM.
13066846;ESCOLA ESTADUAL ELIRA PINHEIRO;-3.03417880;-59.94341780;fundamental_i;estadual;ativa;geral;nao;RUA DOS BEM-TE-VIS, S/N CIDADE DE DEUS. 69099-336 Manaus - AM.
13027310;ESCOLA ESTADUAL ENGº ARTHUR AMORIM;-3.04672960;-59.97164320;fundamental_ii;estadual;ativa;geral;nao;RUA CARIRE, 60 NUCLEO 16. CIDADE NOVA. 69049-140 Manaus - AM.
13078615;ESCOLA ESTADUAL ERNESTO PENAFORT;-3.05722150;-59.95336850;;estadual;ativa;geral;nao;RUA RIO CAJUBIM, S/N PX AO CAMPO WALDIR M. SAO JOSE OPERARIO. 69086-003 Manaus - AM.
13083694;ESCOLA ESTADUAL ERNESTO PINHO FILHO;-2.98758460;-59.99419310;fundamental_ii;estadual;ativa;geral;nao;AVENIDA SAMAUMA, S/N MONTE DAS OLIVEIRAS. 69093-132 Manaus - AM.
13027336;ESCOLA ESTADUAL EUCLYDES DA CUNHA;-3.13142601;-60.00656918;fundamental_i;estadual;ativa;geral;nao;AV CARVALHO LEAL, S/N CACHOEIRINHA. 69065-000 Manaus - AM.
13027344;ESCOLA ESTADUAL FARIAS BRITTO;-3.13010221;-60.01206612;fundamental_ii;estadual;ativa;geral;nao;RUA SANTA IZABEL, S/N CENTRO. 69020-150 Manaus - AM.
13030302;ESCOLA ESTADUAL FRANCELINA DANTAS;-3.07913841;-60.05129408;fundamental_ii;estadual;ativa;geral;nao;AV M, 375 ALVORADA. 69042-230 Manaus - AM.
13031074;ESCOLA ESTADUAL FRANCISCA BOTINELLY CUNHA E SILVA;-3.08625346;-60.03540301;fundamental_ii;estadual;ativa;geral;nao;AV PEDRO TEXEIRA, S/N VILA OLIMPICA. DOM PEDRO. 69040-000 Manaus - AM.
13031082;ESCOLA ESTADUAL FRANCISCA DE PAULA DE JESUS IZABEL;-3.01243250;-59.96987370;fundamental_ii;estadual;ativa;geral;nao;RUA 51 QD 67, S/N CIDADE NOVA. 69097-788 Manaus - AM.
13245201;ESCOLA ESTADUAL FREI MARIO MONACELLI;-3.01024810;-59.95375030;;estadual;ativa;geral;nao;AV. GRANDE CIRCULAR TRECHO 2, S/N CIDADE NOVA. 69099-000 Manaus - AM.
13030310;ESCOLA ESTADUAL FREI SILVIO VAGHEGGI;-3.12714971;-60.02301294;;estadual;ativa;geral;nao;RUA TAPAJOS, 345 CENTRO. 69025-140 Manaus - AM.
13030329;ESCOLA ESTADUAL FUETH PAULO MOURAO;-3.10930790;-60.03962410;fundamental_ii;estadual;ativa;geral;nao;RUA DR.DALMIR CAMARA, 100 SAO JORGE. 69033-070 Manaus - AM.
13030337;ESCOLA ESTADUAL GENERAL SAMPAIO;-3.11006250;-60.03885280;fundamental_i;estadual;ativa;geral;nao;RUA BENJAMIN LIMA, S/N SAO JORGE. 69030-680 Manaus - AM.
13030345;ESCOLA ESTADUAL GETULIO VARGAS;-3.11612167;-60.00719000;fundamental_i|fundamental_ii;estadual;ativa;geral;nao;RUA MARCIANO ARMOND, S/N CACHOEIRINHA. 69057-030 Manaus - AM.
13030353;ESCOLA ESTADUAL GILBERTO MESTRINHO;-3.08651500;-59.89069167;;estadual;ativa;geral;nao;RUA PAULO PINTO NERY, S/N COLONIA ANTONIO ALEIXO. 69008-090 Manaus - AM.
13030361;ESCOLA ESTADUAL GONCALVES DIAS;-3.08682951;-60.04038521;fundamental_i;estadual;ativa;geral;nao;AV. DOM PEDRO I S/N, S/N AO LADO DA TELEMAR. DOM PEDRO. 69040-040 Manaus - AM.
13030604;ESCOLA ESTADUAL GOVERNADOR MELO POVOAS;-3.11790090;-60.03756260;;estadual;ativa;geral;nao;RUA COM MATOS AREOSA, S/N SANTO ANTONIO. 69029-200 Manaus - AM.
13030370;ESCOLA ESTADUAL HELENA ARAUJO;-3.11190640;-60.00711900;fundamental_i;estadual;ativa;geral;nao;RUA CARVALHO P DE ANDRADE, S/N SAO FRANCISCO. 69079-270 Manaus - AM.
13030388;ESCOLA ESTADUAL HERBERT PALHANO;-3.11395297;-60.02160204;fundamental_i;estadual;ativa;geral;nao;RUA BELEM, 215 NOSSA SENHORA DAS GRACAS. 69053-380 Manaus - AM.
13030396;ESCOLA ESTADUAL HERMENEGILDO DE CAMPOS;-3.13635340;-60.01372320;fundamental_i;estadual;ativa;geral;nao;RUA DA LEGIAO PRESIDENTE VARGAS, S/N PRESIDENTE VARGAS. 69025-170 Manaus - AM.
13030400;ESCOLA ESTADUAL HOMERO DE MIRANDA LEAO;-3.01972780;-59.98854320;;estadual;ativa;geral;nao;AV ATROARIS, S/N CONJ. RENATO SOUZA P. CIDADE NOVA. 69020-220 Manaus - AM.
13030418;ESCOLA ESTADUAL HUMBERTO DE CAMPOS;-3.07992430;-60.03474000;fundamental_i;estadual;ativa;geral;nao;AVENIDA LORIS CORDOVIL, S/N ALVORADA. 69043-660 Manaus - AM.
13030426;ESCOLA ESTADUAL INSPETORA DULCINEIA VARELA MOURA;-3.02494350;-60.00711730;;estadual;ativa;geral;nao;RUA DO AYMORE, 220 NOVO ISRAEL. 69093-575 Manaus - AM.
13071840;ESCOLA ESTADUAL IRMA ADONAI POLITI;-3.11065841;-60.04694554;fundamental_i;estadual;ativa;geral;nao;RUA PARAGUACU, 68 VILA DA PRATA. 69030-540 Manaus - AM.
13314211;ESCOLA ESTADUAL IRMA GABRIELLE COGELS;-3.05913400;-59.84547830;fundamental_ii;estadual;ativa;geral;nao;RUA BARROSO, S/N PURAQUEQUARA. 69009-325 Manaus - AM.
13031090;ESCOLA ESTADUAL ISAAC BENAYON SABBA;-3.11315735;-60.04034849;fundamental_i;estadual;ativa;geral;nao;RUA SENADOR CUNHA MELO, 77 SAO JORGE. 69033-610 Manaus - AM.
13027425;ESCOLA ESTADUAL ISAAC BENZECRY;-3.14598680;-60.00469460;fundamental_ii;estadual;ativa;geral;nao;RUA VIRIATO CORREIA, 500 COLONIA OLIVEIRA MACHADO. 69070-780 Manaus - AM.
13030442;ESCOLA ESTADUAL ITACYARA NOGUEIRA PINHO;-3.07322009;-60.06113379;fundamental_i;estadual;ativa;geral;nao;RUA 3 QUADRA 10, S/N CONJUNTO VISTA BELA. PLANALTO. 69044-500 Manaus - AM.
13030434;ESCOLA ESTADUAL IZABEL BARRONCAS;-3.11416323;-60.00344021;fundamental_i;estadual;ativa;geral;nao;RUA BARAO DE MARACAJU, 115 SAO FRANCISCO. SAO FRANCISCO. 69079-410 Manaus - AM.
13072102;ESCOLA ESTADUAL J G ARAUJO;-3.14094355;-60.00504167;fundamental_i;estadual;ativa;geral;nao;RUA SANTA RITA, S/N SANTA LUZIA. 69074-470 Manaus - AM.
13093177;ESCOLA ESTADUAL JAIRO DA SILVA ROCHA;-3.06689170;-59.93621830;fundamental_ii;estadual;ativa;geral;nao;RUA RAUL PAVON, S/N SAO JOSE OPERARIO. 69086-129 Manaus - AM.
13031503;ESCOLA ESTADUAL JOANNA RODRIGUES VIEIRA;-3.12274040;-60.03694130;infantil|fundamental_i;estadual;ativa;exclusivo_deficiencia;nao;RUA LOURIVAL MUNIZ, 514 PROXIMO A PRACA DE A. GLORIA. 69027-640 Manaus - AM.
13030450;ESCOLA ESTADUAL JOAO BOSCO PANTOJA EVANGELISTA;-3.10263167;-60.05024833;;estadual;ativa;geral;nao;RUA PE AGOSTINHO, S/N PROX CONJ IPASE. COMPENSA. 69035-090 Manaus - AM.
13027484;ESCOLA ESTADUAL JOSE BENTES MONTEIRO;-3.10197040;-60.00000140;fundamental_ii;estadual;ativa;geral;nao;RUA 7, S/N CONJ. HUASCAR ANGELI. ALEIXO. 69060-180 Manaus - AM.
13031040;ESCOLA ESTADUAL JOSE CARLOS MESTRINHO;-3.12857880;-59.98664140;fundamental_i|fundamental_ii;estadual;ativa;geral;nao;RUA DA PAZ, 31A CRESPO. 69073-121 Manaus - AM.
13082167;ESCOLA ESTADUAL JOSEPHINA DE MELO;-3.07524090;-60.02964680;fundamental_ii;estadual;ativa;geral;nao;AV DES JOAO MACHADO, S/N AO LADO DO BALNEARIO. ALVORADA. 69044-000 Manaus - AM.
13030485;ESCOLA ESTADUAL JULIA BITTENCOURT;-3.10879586;-60.05174707;fundamental_ii;estadual;ativa;geral;nao;AV BRASIL, 2845 COMPENSA. 69036-110 Manaus - AM.
13030507;ESCOLA ESTADUAL LEOPOLDO NEVES;-3.13665960;-60.00528270;fundamental_ii;estadual;ativa;geral;nao;AV LEOPOLDO NEVES, 39 SANTA LUZIA. 69074-510 Manaus - AM.
13081381;ESCOLA ESTADUAL LETICIO DE CAMPOS DANTAS;-3.02512980;-59.95639260;fundamental_ii;estadual;ativa;geral;nao;RUA COLHEREIRAS, S/N CJ CANARANAS COM FAZ. CIDADE NOVA. 69099-414 Manaus - AM.
13027514;ESCOLA ESTADUAL LIBERALINA WEILL;-3.11679430;-60.03849280;fundamental_ii;estadual;ativa;geral;nao;RUA COMENDADOR J G ARAUJO, 657 SANTO ANTONIO. 69029-130 Manaus - AM.
13030523;ESCOLA ESTADUAL LUCINDA FELIX DE AZEVEDO;-3.11059630;-59.98668660;fundamental_i;estadual;ativa;geral;nao;RUA 52, S/N CONJUNTO 31 DE MARCO. JAPIIM. 69077-530 Manaus - AM.
13030531;ESCOLA ESTADUAL LUIS DE CAMOES;-3.11553260;-59.98366380;fundamental_ii;estadual;ativa;geral;nao;RUA 19, S/N CONJ. 31 DE MARCO. JAPIIM. 69077-200 Manaus - AM.
13027549;ESCOLA ESTADUAL LUIZINHA NASCIMENTO;-3.12308520;-60.01541797;;estadual;ativa;geral;nao;AV TARUMA, S/N PRACA 14 DE JANEIRO. 69020-440 Manaus - AM.
13030540;ESCOLA ESTADUAL MACHADO DE ASSIS;-3.14255640;-60.01546270;fundamental_i;estadual;ativa;geral;nao;RUA AMANCIO DE MIRANDA, S/N EDUCANDOS. 69070-000 Manaus - AM.
13066838;ESCOLA ESTADUAL MADRE TEREZA DE CALCUTA;-3.13580430;-60.00181960;fundamental_i;estadual;ativa;geral;nao;AVENIDA TOBIAS BARBOSA, 102 PROXIMO AO MERCADINH. MORRO DA LIBERDADE. 69074-000 Manaus - AM.
13030558;ESCOLA ESTADUAL MAJOR SILVA COUTINHO;-3.11989060;-59.99321040;fundamental_i;estadual;ativa;geral;nao;RUA CORONEL FERREIRA DE ARAUJO, S/N PETROPOLIS. 69063-000 Manaus - AM.
13057871;ESCOLA ESTADUAL MANOEL MARCAL DE ARAUJO;-3.12261200;-60.00173990;fundamental_i;estadual;ativa;exclusivo_deficiencia;nao;AVENIDA PARINTINS, 832 ENTRE A URUCARA E A. CACHOEIRINHA. 69065-050 Manaus - AM.
13071670;ESCOLA ESTADUAL MANUEL ANTONIO DE SOUZA;-3.09289630;-59.89681290;fundamental_i|fundamental_ii;estadual;ativa;geral;nao;TRAVESSA GETULIO VARGAS, S/N KM 13 ANTIGA ESCOLA. COLONIA ANTONIO ALEIXO. 69008-001 Manaus - AM.
13084445;ESCOLA ESTADUAL MANUEL RODRIGUES DE SOUZA;-3.09471250;-59.93677100;fundamental_ii;estadual;ativa;geral;nao;AVENIDA ITACOLOMY, S/N PROXIMO GARAGEM TCA. ARMANDO MENDES. 69089-321 Manaus - AM.
13080563;ESCOLA ESTADUAL MARCANTONIO VILACA;-3.03694830;-60.00165910;;estadual;ativa;geral;nao;AV MAX TEIXEIRA, 1950 CIDADE NOVA. 69090-000 Manaus - AM.
13027573;ESCOLA ESTADUAL MARCIO NERY;-3.11615006;-60.00699034;;estadual;ativa;geral;nao;RUA MARCIANO ARMOND, S/N SAO FRANCISCO. 69079-130 Manaus - AM.
13027590;ESCOLA ESTADUAL MARECHAL HERMES;-3.08677240;-60.05840050;fundamental_ii;estadual;ativa;geral;nao;AV VALE DO PO, S/N COOPHASA. NOVA ESPERANCA. 69037-460 Manaus - AM.
13030566;ESCOLA ESTADUAL MARIA AMELIA DO ESPIRITO SANTO;-3.09209010;-60.03934696;;estadual;ativa;geral;nao;RUA DAS JUREMAS, S/N CONJUNTO KISSIA. DOM PEDRO. 69040-290 Manaus - AM.
13031112;ESCOLA ESTADUAL MARIA DA LUZ CALDERARO;-3.05130900;-60.03900110;;estadual;ativa;geral;nao;RUA 18, S/N CONJUNTO HILEIA I. REDENCAO. 69049-340 Manaus - AM.
13030582;ESCOLA ESTADUAL MARIA DE LOURDES RODRIGUES ARRUDA;-3.08305280;-60.05310260;fundamental_ii;estadual;ativa;geral;nao;RUA THOMAZ ANTONIO GONZAGA, S/N ALVORADA. 69042-560 Manaus - AM.
13030590;ESCOLA ESTADUAL MARIA DO CEU VAZ DOLIVEIRA;-3.02420270;-60.00064490;;estadual;ativa;geral;nao;RUA ARAGARCA ANTIGA RUA 05, S/N CONJ MANOA I. CIDADE NOVA. 69090-772 Manaus - AM.
13027620;ESCOLA ESTADUAL MARIA MADALENA SANTANA DE LIMA;-3.08933580;-59.94261320;fundamental_ii;estadual;ativa;geral;nao;RUA J 1, S/N QUADRA 33. ARMANDO MENDES. 69089-140 Manaus - AM.
13027638;ESCOLA ESTADUAL MARIA RODRIGUES TAPAJOS;-3.06105610;-60.04656410;;estadual;ativa;geral;nao;RUA GOIANIA, 701 REDENCAO. 69046-300 Manaus - AM.
13031163;ESCOLA ESTADUAL MARIA TEIXEIRA GOES;-3.08190070;-59.94464390;fundamental_ii;estadual;ativa;geral;nao;RUA DOUTORA DIDIA, S/N ZUMBI DOS PALMARES. 69084-160 Manaus - AM.
13027646;ESCOLA ESTADUAL MARQUEZ DE SANTA CRUZ;-3.12816745;-60.03762893;fundamental_ii;estadual;ativa;geral;nao;RUA VIRGILIO RAMOS, S/N SAO RAIMUNDO. 69027-060 Manaus - AM.
13030612;ESCOLA ESTADUAL MENINO JESUS DE PRAGA;-3.09014970;-60.02559770;fundamental_i;estadual;ativa;geral;nao;RUA EDUARDO RIBEIRO, 16 CHAPADA. 69050-060 Manaus - AM.
13027654;ESCOLA ESTADUAL MESTRE OTILIO;-3.14684350;-59.99940510;fundamental_i;estadual;ativa;geral;nao;TRAVESSA AFONSO QUARESMA, S/N COLONIA OLIVEIRA MACHADO. 69070-770 Manaus - AM.
13029991;ESCOLA ESTADUAL MILBURGES ARAUJO;-3.12294340;-59.99531510;fundamental_ii;estadual;ativa;geral;nao;RUA COUTO VALE, S/N RAIZ. 69068-030 Manaus - AM.
13030620;ESCOLA ESTADUAL MONTEIRO DE SOUZA;-3.13835690;-60.00790850;fundamental_i;estadual;ativa;geral;nao;AV LEOPOLDO PERES, S/N PROXIMO A PONTE DE E. EDUCANDOS. 69070-250 Manaus - AM.
13030680;ESCOLA ESTADUAL NATHALIA UCHOA;-3.11230590;-59.97520470;fundamental_ii;estadual;ativa;geral;nao;AV WALDOMIRO LUSTOSA, S/N JAPIIM. 69076-830 Manaus - AM.
13031120;ESCOLA ESTADUAL NOSSA SENHORA APARECIDA;-3.12910458;-60.02999266;;estadual;ativa;geral;nao;RUA COM ALEXANDRE AMORIM, 325 CENTRO. NOSSA SENHORA APARECIDA. 69010-300 Manaus - AM.
13030655;ESCOLA ESTADUAL NOSSA SENHORA DA DIVINA PROVIDENCIA;-3.13500410;-59.99565580;fundamental_i;estadual;ativa;geral;nao;RUA DO CRUZEIRO, 04 BETANIA. 69073-020 Manaus - AM.
13030663;ESCOLA ESTADUAL NOSSA SENHORA DAS GRACAS;-3.10989970;-60.02112860;fundamental_i;estadual;ativa;geral;nao;RUA LIBERTADOR, 55 NOSSA SENHORA DAS GRACAS. 69053-090 Manaus - AM.
13030671;ESCOLA ESTADUAL Nª Sª DA GLORIA;-3.12174037;-60.03681189;fundamental_i;estadual;ativa;geral;nao;RUA LOURIVAL MUNIZ, 370 GLORIA. 69027-640 Manaus - AM.
13030701;ESCOLA ESTADUAL OLAVO BILAC;-3.12710690;-60.03511910;fundamental_i;estadual;ativa;geral;nao;RUA 5 DE SETEMBRO, 82 SAO RAIMUNDO. 69027-010 Manaus - AM.
13030710;ESCOLA ESTADUAL OLGA FALCONE;-3.05548633;-60.03068377;fundamental_ii;estadual;ativa;geral;nao;RUA THEOFILO MATOS, 70 CONJUNTO SANTOS DUMO. DA PAZ. 69049-140 Manaus - AM.
13030728;ESCOLA ESTADUAL OSMAR PEDROSA;-3.03522730;-59.95444530;fundamental_i|fundamental_ii;estadual;ativa;geral;nao;RUA CONQUISTA QUADRA 432 NUCLEO 23, S/N CIDADE NOVA. 69097-550 Manaus - AM.
13030752;ESCOLA ESTADUAL PADRE AGOSTINHO MARTIN;-3.11279583;-60.00288099;fundamental_i|fundamental_ii;estadual;ativa;geral;nao;RUA ALFREDO PAES BARRETO, 1100 SAO FRANCISCO. 69063-290 Manaus - AM.
13080539;ESCOLA ESTADUAL PADRE LUIS RUAS;-3.08074481;-59.94942346;fundamental_ii;estadual;ativa;geral;nao;RUA BOM JESUS, 7630 ZUMBI DOS PALMARES. 69089-331 Manaus - AM.
13030744;ESCOLA ESTADUAL PAULA ANGELA FRASSINETTI;-3.13738120;-60.00151890;fundamental_ii;estadual;ativa;geral;nao;RUA SAO PEDRO, 820 MORRO DA LIBERDADE. 69074-730 Manaus - AM.
13030736;ESCOLA ESTADUAL PE PEDRO GISLANDY;-3.10266012;-60.05589657;;estadual;ativa;geral;nao;RUA TEOFILO DIAS, S/N COMPENSA. 69036-100 Manaus - AM.
13027751;ESCOLA ESTADUAL PEDRO SILVESTRE;-3.12723910;-60.04030310;fundamental_ii;estadual;ativa;geral;nao;RUA RIO BRANCO, S/N SAO RAIMUNDO. 69027-034 Manaus - AM.
13030760;ESCOLA ESTADUAL PLACIDO SERRANO;-3.12078480;-60.01501520;fundamental_i|fundamental_ii;estadual;ativa;geral;nao;RUA EMILIO MOREIRA, 1330 PRACA 14 DE JANEIRO. 69020-040 Manaus - AM.
13027786;ESCOLA ESTADUAL PRESIDENTE CASTELO BRANCO;-3.10669160;-60.03366270;;estadual;ativa;geral;nao;TRAV ADERSON DE MENEZES, S/N SAO JORGE. 69033-110 Manaus - AM.
13030779;ESCOLA ESTADUAL PRINCESA ISABEL;-3.12768693;-60.02453344;fundamental_i;estadual;ativa;geral;nao;RUA RAMOS FERREIRA, 819 CENTRO. 69010-120 Manaus - AM.
13031139;ESCOLA ESTADUAL PROF ANTONIO MAURITY MONTEIRO COELHO;-3.07781050;-59.97214177;fundamental_ii;estadual;ativa;geral;nao;RUA A, S/N CONJUNTO OURO VERDE. COROADO. 69082-440 Manaus - AM.
13030191;ESCOLA ESTADUAL PROF ARISTOTELES COMTE DE ALENCAR;-3.09319229;-59.98095938;fundamental_i|fundamental_ii;estadual;ativa;geral;nao;RUA MARQUESA DE SANTOS, 500 ANTIGA PRESIDENTE ME. COROADO. 69080-000 Manaus - AM.
13095099;ESCOLA ESTADUAL PROF DEMOSTENES BELDUQUE ARAUJO TRAVESSA;-3.02976730;-59.92559690;fundamental_ii;estadual;ativa;geral;nao;RUA BELFORD ROXO C/ RUA PAPUCAIA, S/N JORGE TEIXEIRA. 69088-139 Manaus - AM.
13103415;ESCOLA ESTADUAL PROF ELIANA DE FREITAS MORAIS;-3.02796140;-59.99300750;fundamental_i|fundamental_ii;estadual;ativa;geral;nao;RUA CAQUETA, S/N COMUNIDADE LAGO AZUL. SANTA ETELVINA. 69018-582 Manaus - AM.
13074369;ESCOLA ESTADUAL PROF JORGE KARAM NETO;-3.05558970;-59.94849620;;estadual;ativa;geral;nao;RUA TUCANO, 364 TANCREDO NEVES. 69087-073 Manaus - AM.
13030469;ESCOLA ESTADUAL PROF JOSE BERNARDINO LINDOSO;-3.03741650;-59.95619650;fundamental_ii;estadual;ativa;geral;nao;AV CORONEL SAVIO BELOTA, 600 NOVO ALEIXO. 69098-270 Manaus - AM.
13030477;ESCOLA ESTADUAL PROF JOSE RIBAMAR DA COSTA;-3.06779414;-60.06944520;fundamental_i|fundamental_ii;estadual;ativa;geral;nao;RUA 6 QUADRA 6, S/N CONJUNTO AUGUSTO MON. LIRIO DO VALE. 69038-330 Manaus - AM.
13030795;ESCOLA ESTADUAL PROF NELSON ALVES FERREIRA;-3.13122640;-59.99467250;fundamental_ii;estadual;ativa;geral;nao;RUA 5 DE FEVEREIRO, S/N BETANIA. 69073-300 Manaus - AM.
13027905;ESCOLA ESTADUAL PROF REINALDO THOMPSON;-3.09284870;-59.98240640;fundamental_ii;estadual;ativa;geral;nao;RUA MARQUESA DE SANTOS, S/N ANTIGA PRESIDENTE ME. COROADO. 69082-800 Manaus - AM.
13257218;ESCOLA ESTADUAL PROFA ANA LUCIA DE MORAES COSTA E SILVA;-3.01543140;-60.01185670;fundamental_i|fundamental_ii;estadual;ativa;geral;nao;RUA PARINTINS, S/N COLONIA TERRA NOVA. 69015-140 Manaus - AM.
13103423;ESCOLA ESTADUAL PROFA KARLA PATRICIA BARROS DE AZEVEDO;-3.01733167;-60.04061167;fundamental_i|fundamental_ii;estadual;ativa;geral;nao;RUA PARANA DO CAREIRO QD 10, S/N CONJUNTO CIDADAO X. TARUMA. 69041-497 Manaus - AM.
13030493;ESCOLA ESTADUAL PROFA LEONILIA MARINHO;-3.08643510;-60.01501973;fundamental_ii;estadual;ativa;geral;nao;RUA 7 CONJ CASTELO BRANCO, S/N PARQUE 10 DE NOVEMBRO. 69055-250 Manaus - AM.
13030825;ESCOLA ESTADUAL PROFA LEONOR SANTIAGO MOURAO;-3.10197730;-60.01805270;fundamental_ii;estadual;ativa;geral;nao;RUA RIO JAUARI QUADRA F, S/N CONJ MANAUENSE. NOSSA SENHORA DAS GRACAS. 69053-660 Manaus - AM.
13030574;ESCOLA ESTADUAL PROFA MARIA ARMINDA GUIMARAES DE ANDRADE;-3.08711830;-59.97763440;fundamental_i;estadual;ativa;geral;nao;RUA PEDRO TEIXEIRA, 500 COROADO. 69082-740 Manaus - AM.
13030647;ESCOLA ESTADUAL PROFA MYRTHES MARQUES TRIGUEIRO;-3.08843080;-59.98116040;fundamental_i|fundamental_ii;estadual;ativa;geral;nao;AVENIDA BEIRA MAR, 82 COROADO. 69080-030 Manaus - AM.
13031147;ESCOLA ESTADUAL PROFESSOR ANTENOR SARMENTO;-3.12382588;-60.00328626;fundamental_ii;estadual;ativa;geral;nao;RUA TAPAJOS, S/N CENTRO. 69010-150 Manaus - AM.
13027794;ESCOLA ESTADUAL PROFESSOR BENICIO LEAO;-3.10792290;-59.98422780;fundamental_i;estadual;ativa;geral;nao;AVENIDA JORGE BIVAQUA, S/N JAPIIM. 69078-100 Manaus - AM.
13080580;ESCOLA ESTADUAL PROFESSOR CLEOMENES DO CARMO CHAVES;-3.02864790;-59.92991660;;estadual;ativa;geral;nao;RUA BENTIVO- ANTIGA 10 C/H.MARTINS, S/N CONJ ARTHUR VIRGILIO. JORGE TEIXEIRA. 69088-105 Manaus - AM.
13027816;ESCOLA ESTADUAL PROFESSOR DJALMA DA CUNHA BATISTA;-3.10107190;-59.98390770;fundamental_ii;estadual;ativa;geral;nao;AVENIDA GENERAL RODRIGO OTAVIO, 1600 1600. JAPIIM. 69077-000 Manaus - AM.
13078143;ESCOLA ESTADUAL PROFESSOR DORVAL VARELA MOURA;-3.01069850;-59.97529130;fundamental_i|fundamental_ii;estadual;ativa;geral;nao;AV CURACAO, S/N QD 33 S/N. NOVA CIDADE. 69097-235 Manaus - AM.
13095633;ESCOLA ESTADUAL PROFESSOR ERNANE NASCIMENTO SIMAO;-3.07553766;-59.92843106;fundamental_i;estadual;ativa;geral;nao;RUA DOS ACAIZEIROS, S/N ENTRADA DA ESCOLA AG. GILBERTO MESTRINHO. 69086-666 Manaus - AM.
13080571;ESCOLA ESTADUAL PROFESSOR JULIO CESAR DE MORAES PASSOS;-3.03576910;-59.99686640;fundamental_ii;estadual;ativa;geral;nao;AV MAX TEIXEIRA, 1041 CIDADE NOVA. 69093-770 Manaus - AM.
13075098;ESCOLA ESTADUAL PROFESSOR JURACY BATISTA GOMES;-3.04547600;-59.95099930;fundamental_i|fundamental_ii;estadual;ativa;geral;nao;RUA 40, QUADRA 133, S/N NOVO ALEIXO. 69097-000 Manaus - AM.
13084232;ESCOLA ESTADUAL PROFESSOR OCTAVIO MOURAO;-2.98160990;-60.01593250;;estadual;ativa;geral;nao;RUA 17 DE MARCO, S/N SANTA ETELVINA. 69059-160 Manaus - AM.
13087835;ESCOLA ESTADUAL PROFESSOR ROBERTO DOS SANTOS VIEIRA;-3.00516650;-59.97913780;fundamental_ii;estadual;ativa;geral;nao;AV MARGARITA QD 160 CJ NOVA CIDADE, S/N NOVA CIDADE. 69097-000 Manaus - AM.
13084402;ESCOLA ESTADUAL PROFESSOR RUY ALENCAR;-3.00718408;-59.97420925;;estadual;ativa;geral;nao;AV MARGARITA, S/N QD 160, NOVA CIDADE. NOVA CIDADE. 69097-305 Manaus - AM.
13083295;ESCOLA ESTADUAL PROFESSOR SAMUEL BENCHIMOL;-3.00343730;-59.98744290;fundamental_i|fundamental_ii;estadual;ativa;geral;nao;RUA SECUNDARIA 8 NOVA CIDADE, S/N PROXIMO A DELEGACIA. NOVA CIDADE. 69092-405 Manaus - AM.
13095722;ESCOLA ESTADUAL PROFESSOR SEBASTIAO AUGUSTO LOUREIRO FILHO;-2.98750090;-59.98892380;fundamental_ii;estadual;ativa;geral;nao;AVENIDA PRINCIPAL, S/N CONJUNTO JOAO PAULO. SANTA ETELVINA. 69059-000 Manaus - AM.
13075390;ESCOLA ESTADUAL PROFESSOR WALDOCKE FRICKE DE LYRA;-3.00350640;-60.03388300;fundamental_ii;estadual;ativa;geral;nao;RUA SANTA HELENA, S/N ANTIGO CARLINHOS DA. TARUMA. 69090-001 Manaus - AM.
13055216;ESCOLA ESTADUAL PROFESSORA ALICE SALERNO GOMES DE LIMA;-3.05845990;-60.00360730;;estadual;ativa;geral;nao;RUA 7 CONJ CASTELO BRANCO, 12 PARQUE DEZ. PARQUE 10 DE NOVEMBRO. 69055-250 Manaus - AM.
13096583;ESCOLA ESTADUAL PROFESSORA CECILIA FERREIRA DA SILVA;-3.03260980;-59.92275230;;estadual;ativa;geral;nao;RUA HORTELA, S/N JORGE TEIXEIRA. 69088-465 Manaus - AM.
13030809;ESCOLA ESTADUAL PROFESSORA DIANA PINHEIRO;-3.14121200;-60.00502100;fundamental_ii;estadual;ativa;geral;nao;AV PRESIDENTE KENNEDY, S/N EDUCANDOS. 69074-000 Manaus - AM.
13259202;ESCOLA ESTADUAL PROFESSORA HAYDEE CABRAL LYRA;-2.99301118;-59.98075526;fundamental_i;estadual;ativa;geral;nao;AV CURACAO QD 298A LOTE 4, S/N NOVA CIDADE. NOVA CIDADE. 69097-235 Manaus - AM.
13030817;ESCOLA ESTADUAL PROFESSORA HILDA DE AZEVEDO TRIBUZY;-3.03033470;-59.98196500;fundamental_i|fundamental_ii;estadual;ativa;geral;nao;AV NOEL NUTELS, S/N AO LADO DO PAC. CIDADE NOVA. 69095-000 Manaus - AM.
13089315;ESCOLA ESTADUAL PROFESSORA ROXANA PEREIRA BONESSI;-3.14608820;-60.00553050;fundamental_i;estadual;ativa;geral;nao;RUA ENZO FERRARI, S/N PROXIMO AO CETAM. COLONIA OLIVEIRA MACHADO. 69070-840 Manaus - AM.
13080598;ESCOLA ESTADUAL PROFESSORA SEBASTIANA BRAGA;-3.04017210;-59.98202840;;estadual;ativa;geral;nao;AV TIMBIRAS, S/N CIDADE NOVA. 69090-010 Manaus - AM.
13131206;ESCOLA ESTADUAL PROFESSORA TEREZA SIQUEIRA TUPINAMBA;-2.99923810;-59.97161350;fundamental_ii;estadual;ativa;geral;nao;AV.NEPAL QD 98, S/N CONJ.NOVA CIDADE. NOVA CIDADE. 69097-315 Manaus - AM.
13095641;ESCOLA ESTADUAL PROFESSORA WILMA VITORIANO GEBER;-3.01395310;-59.95253830;fundamental_i;estadual;ativa;geral;nao;RUA SANTA MARIA DA PAZ, 121 CIDADE DE DEUS. 69099-644 Manaus - AM.
13087843;ESCOLA ESTADUAL PROFª ADELAIDE TAVARES DE MACEDO;-3.07314259;-60.03471221;;estadual;ativa;geral;nao;RUA MINDURI, S/N CJ CANAA. ALVORADA. 69048-610 Manaus - AM.
13030167;ESCOLA ESTADUAL PROFª ALDA BARATA;-3.07956945;-60.02732999;fundamental_ii;estadual;ativa;geral;nao;RUA BARAO DE LADARIO, S/N CONJUNTO DE FLORES. FLORES. 69043-460 Manaus - AM.
13030299;ESCOLA ESTADUAL PROFª EUNICE SERRANO TELLES DE SOUZA;-3.12884396;-60.02644361;fundamental_ii;estadual;ativa;geral;nao;RUA MONSENHOR COUTINHO, 301 CENTRO. 69010-110 Manaus - AM.
13031104;ESCOLA ESTADUAL PROFª LENINA FERRARO DA SILVA;-3.02148920;-59.95990260;fundamental_i;estadual;ativa;geral;nao;RUA K Q 30 CANARANAS II, S/N CIDADE NOVA. 69097-280 Manaus - AM.
13027727;ESCOLA ESTADUAL PROFª ONDINA DE PAULA RIBEIRO;-3.10864250;-59.98468980;;estadual;ativa;geral;nao;AV. JORGE BIVAQUA, S/N JAPIIM. 69078-100 Manaus - AM.
13084860;ESCOLA ESTADUAL PROFª RUTH PRESTES GONCALVES;-3.02928740;-59.97928840;;estadual;ativa;geral;nao;NOEL NUTLES, 51 CIDADE NOVA. 69090-000 Manaus - AM.
13027832;ESCOLA ESTADUAL PROFº WALDIR GARCIA;-3.07744052;-60.04938218;fundamental_i|fundamental_ii;estadual;ativa;geral;nao;AV JOAO PAULO, S/N ALVORADA. 69042-210 Manaus - AM.
13090232;ESCOLA ESTADUAL RAIMUNDA HOLANDA DE SOUZA;-3.03888870;-59.94246430;;estadual;ativa;geral;nao;RUA ARAUJO LIMA, S/N CDADE NOVA 5. NOVO ALEIXO. 69099-067 Manaus - AM.
13030833;ESCOLA ESTADUAL RAIMUNDO GOMES NOGUEIRA;-3.06246333;-60.03941333;fundamental_ii;estadual;ativa;geral;nao;RUA B28, S/N CONJUNTO AJURICABA. ALVORADA. 69048-600 Manaus - AM.
13241281;ESCOLA ESTADUAL RAIO DE SOL;-3.01049750;-59.97117090;fundamental_i;estadual;ativa;geral;nao;RUA ILHAS MALDIVAS QD 533 LOTE 1A, S/N 3. NOVA CIDADE. 69097-272 Manaus - AM.
13030841;ESCOLA ESTADUAL RIBEIRO DA CUNHA;-3.12362080;-60.02399610;fundamental_i;estadual;ativa;geral;nao;RUA SILVA RAMOS, 215 CENTRO. 69010-180 Manaus - AM.
13031511;ESCOLA ESTADUAL RILTON LEAL FILHO;-3.08915125;-59.94187128;fundamental_i|fundamental_ii;estadual;ativa;geral;nao;RUA J, 100 QUADRA 33. ARMANDO MENDES. 69089-140 Manaus - AM.
13080547;ESCOLA ESTADUAL RODERICK DE CASTELLO BRANCO;-3.06447390;-59.93940570;;estadual;ativa;geral;nao;RUA 12A, S/N SAO JOSE OPERARIO. 69086-131 Manaus - AM.
13031171;ESCOLA ESTADUAL ROSINA FERREIRA DA SILVA;-3.07200610;-60.04512910;fundamental_ii;estadual;ativa;geral;nao;AV DES DOR JOAO MACHADO, S/N ALVORADA. 69038-010 Manaus - AM.
13027930;ESCOLA ESTADUAL RUY ARAUJO;-3.12775670;-60.00650160;fundamental_ii;estadual;ativa;geral;nao;AVENIDA CARVALHO LEAL, 931 CACHOEIRINHA. 69020-120 Manaus - AM.
13098527;ESCOLA ESTADUAL SAMSUNG AMAZONAS;-3.11229620;-60.03993510;fundamental_ii;estadual;ativa;geral;nao;COMUNIDADE TRES UNIDOS, S/N AREA DE PROTECAO AMB. ZONA RURAL. 69049-993 Manaus - AM.
13027956;ESCOLA ESTADUAL SANT ANA;-3.09818260;-59.99280900;;estadual;ativa;geral;nao;AV ANDRE ARAUJO, 2290 PROXIMO A REDE AMAZO. ALEIXO. 69060-000 Manaus - AM.
13030868;ESCOLA ESTADUAL SANTA LUZIA;-3.12805480;-60.01468160;fundamental_i;estadual;ativa;geral;nao;RUA RAMOS FERREIRA, 1925 PRACA 14 DE JANEIRO. 69020-080 Manaus - AM.
13027948;ESCOLA ESTADUAL SANTA TEREZINHA;-3.08886010;-60.00515510;fundamental_i;estadual;ativa;geral;nao;BC SANTO ANTONIO- AV.EFIGENIO SALES, S/N PROXIMO AO DB DO V8. PARQUE 10 DE NOVEMBRO. 69060-020 Manaus - AM.
13030876;ESCOLA ESTADUAL SANTO ANTONIO;-3.11626490;-60.04207780;fundamental_i|fundamental_ii;estadual;ativa;geral;nao;RUA DR LAURO BITTENCOURT, S/N SANTO ANTONIO. 69090-060 Manaus - AM.
13030884;ESCOLA ESTADUAL SAO LUIZ DE GONZAGA;-3.12727106;-60.03776528;fundamental_i|fundamental_ii;estadual;ativa;geral;nao;RUA 5 DE SETEMBRO, S/N SAO RAIMUNDO. 69027-010 Manaus - AM.
13030892;ESCOLA ESTADUAL SEBASTIAO NOROES;-3.01941447;-59.98123077;fundamental_ii;estadual;ativa;geral;nao;RUA Q QD 20, S/N CONJUNTO RIBEIRO JUN. CIDADE NOVA. 69095-040 Manaus - AM.
13030906;ESCOLA ESTADUAL SENADOR ANTOVILA MOURAO VIEIRA;-3.13868340;-59.99309440;fundamental_ii;estadual;ativa;geral;nao;RUA SAO VICENTE, S/N PROX AO 7 CICOM-DIST. SAO LAZARO. 69073-010 Manaus - AM.
13030922;ESCOLA ESTADUAL SENADOR CUNHA MELO;-3.12951480;-59.99984310;fundamental_i|fundamental_ii;estadual;ativa;geral;nao;AV COSTA E SILVA, S/N RAIZ. 69068-100 Manaus - AM.
13103393;ESCOLA ESTADUAL SENADOR EVANDRO DAS NEVES CARREIRA;-2.96555650;-59.99651180;fundamental_ii;estadual;ativa;geral;nao;AV. DA FELICIDADE, S/N LAGO AZUL. 69018-552 Manaus - AM.
13031180;ESCOLA ESTADUAL SENADOR FLAVIO DA COSTA BRITO;-3.09836506;-60.05957672;fundamental_i;estadual;ativa;geral;nao;RUA ARMANDO CUNHA, S/N CONJ. RIO XINGU. COMPENSA. 69036-220 Manaus - AM.
13257226;ESCOLA ESTADUAL SENADOR JEFFERSON CARPINTEIRO PERES;-2.99552500;-59.97369167;fundamental_i;estadual;ativa;geral;nao;RUA SECUNDARIA 3, S/N CJ.NOVA CIDADE. NOVA CIDADE. 69090-000 Manaus - AM.
13030914;ESCOLA ESTADUAL SENADOR JOAO BOSCO RAMOS DE LIMA;-3.02934570;-59.97882720;;estadual;ativa;geral;nao;AV NOEL NUTELS, 1601 CIDADE NOVA. 69095-000 Manaus - AM.
13031198;ESCOLA ESTADUAL SENADOR MANUEL SEVERIANO NUNES;-3.07907090;-60.04923150;;estadual;ativa;geral;nao;AV JOAO PAULO II, 12 AVORADA 2. ALVORADA. 69042-400 Manaus - AM.
13027972;ESCOLA ESTADUAL SENADOR PETRONIO PORTELLA;-3.08416894;-60.04624489;;estadual;ativa;geral;nao;AV BARTOLOMEU BUENO DA SILVA, S/N DOM PEDRO. 69040-070 Manaus - AM.
13027522;ESCOLA ESTADUAL SIMON BOLIVAR;-3.09753510;-60.00638840;fundamental_i;estadual;ativa;geral;nao;RUA BELO HORIZONTE, 1449 CONJ. ICA PARAIBA. ADRIANOPOLIS. 69057-060 Manaus - AM.
13028006;ESCOLA ESTADUAL SOLON DE LUCENA;-3.10465667;-60.02731000;;estadual;ativa;geral;nao;AV. CONSTANTINO NERY, S/N N.S. DAS GRACAS. SAO GERALDO. 69010-160 Manaus - AM.
13103377;ESCOLA ESTADUAL TEN CORONEL CANDIDO JOSE MARIANO;-3.05852870;-60.00378530;fundamental_i|fundamental_ii;estadual;ativa;geral;nao;RUA PROF. NILTON LINS BLOCO I, S/N FLORES. 69058-030 Manaus - AM.
13030949;ESCOLA ESTADUAL THOME DE MEDEIROS RAPOSO;-3.05036120;-60.03723580;fundamental_i;estadual;ativa;geral;nao;RUA ALFREDO VALOIS, S/N CONJUNTO HILEIA I. REDENCAO. 69049-190 Manaus - AM.
13028057;ESCOLA ESTADUAL TIRADENTES;-3.11622950;-59.99731140;fundamental_ii;estadual;ativa;geral;nao;RUA CORONEL FERREIRA DE ARAUJO, S/N PETROPOLIS. 69063-000 Manaus - AM.
13030027;ESCOLA ESTADUAL VASCO VASQUES;-3.02933887;-59.92683196;;estadual;ativa;geral;nao;RUA CASSIA BAIANA S/N, S/N JORGE TEIXEIRA. 69088-474 Manaus - AM.
13030957;ESCOLA ESTADUAL VICENTE SCHETTINI;-3.12863000;-60.02993167;fundamental_ii;estadual;ativa;geral;nao;RUA COM ALEXANDRE AMORIM, 325 NOSSA SENHORA APARECIDA. 69010-300 Manaus - AM.
13028073;ESCOLA ESTADUAL VICENTE TELLES;-3.10759308;-60.02612595;;estadual;ativa;geral;nao;AV CONSTANTINO NERY, S/N SAO GERALDO. 69010-160 Manaus - AM.
13030965;ESCOLA ESTADUAL WALDEMIRO PERES LUSTOZA;-3.10433840;-60.06546620;fundamental_ii;estadual;ativa;geral;nao;RUA ALBERTO RANGEL, 33 COMPENSA. 69035-366 Manaus - AM.
13030973;ESCOLA ESTADUAL ZULMIRA BITTENCOURT;-3.11233304;-60.03338590;fundamental_ii;estadual;ativa;geral;nao;RUA PROFESSOR IGNACIO BELTRAO, S/N ANTIGA RUA SAO CRIST. SAO JORGE. 69033-420 Manaus - AM.
13084500;ESCOLA EVANGELICA BETEL;-3.13074740;-59.99132950;infantil|fundamental_i|fundamental_ii;privada;ativa;geral;nao;AVENIDA SILVES, 1852 CRESPO. RAIZ. 69068-010 Manaus - AM.
13100750;ESCOLA INTERNACIONAL DO AMAZONAS LTDA;-3.02851833;-60.09799667;fundamental_i|fundamental_ii;privada;ativa;geral;nao;RUA DOS IGARAPES, 20 COND. PORTO MARINA T. PONTA NEGRA. 69037-178 Manaus - AM.
13109030;ESCOLA LUMINOVA;-3.05338035;-59.94670672;infantil|fundamental_i|fundamental_ii;privada;ativa;geral;nao;AVENIDA AUTAZ MIRIM, 7174 TANCREDO NEVES. 69087-215 Manaus - AM.
13157221;ESCOLA MAMAE MARGARIDA;-3.06000970;-59.95561820;infantil|fundamental_i;municipal;ativa;geral;nao;RUA EDMUNDO SOARES, 27 SAO JOSE. SAO JOSE OPERARIO. 69086-011 Manaus - AM.
13105337;ESCOLA NILTON LINS JAPIIM;-3.12573700;-59.98887280;fundamental_i|fundamental_ii;privada;ativa;geral;nao;AVENIDA TEFE, 700 JAPIIM. 69078-000 Manaus - AM.
13080733;ESCOLA NOSSA SENHORA DA ESPERANCA;-3.08014620;-60.05985760;infantil|fundamental_i|fundamental_ii;privada;ativa;geral;nao;RUA JOSE FURTUOSO, 14 PROX ESC FABIO LUCEN. NOVA ESPERANCA. 69037-580 Manaus - AM.
13159216;ESCOLA RAINHA DOS APOSTOLOS DOIS;-2.78219833;-60.03740667;infantil|fundamental_i|fundamental_ii;municipal;ativa;geral;nao;ROD. BR 174, KM 23 EST. MANAUS - CARACA. RODOVIARIO. 69089-000 Manaus - AM.
13073826;ESCOLA RENASCER;-3.10357980;-59.98916640;infantil|fundamental_i|fundamental_ii;privada;ativa;geral;nao;RUA DOUTOR CASTRO E COSTA, 207 PETROPOLIS. 69067-140 Manaus - AM.
13030930;ESCOLA SANTA MARIA MAZZARELLO;-3.07693000;-60.03705667;fundamental_i|fundamental_ii;privada;ativa;geral;nao;RUA PROFESSORA LEA ALENCAR, 2481 ALVORADA. 69043-170 Manaus - AM.
13101250;ESCOLA SENAI ANTONIO SIMOES;-3.13440167;-59.98507000;;privada;ativa;geral;nao;GENERAL RODRIGO OTAVIO, 2394 BOLA DA SUFRAMA. DISTRITO INDUSTRIAL. 69075-830 Manaus - AM.
13101269;ESCOLA SENAI DEMOSTENES TRAVESSA;-3.12877876;-59.98570910;;privada;ativa;geral;nao;GENERAL RODRIGO OTAVIO, 2829 DISTRITO INDUSTRIAL. 69075-005 Manaus - AM.
13101277;ESCOLA SENAI WALDEMIRO LUSTOZA;-3.13060260;-60.00674860;;privada;ativa;geral;nao;CARVALHO LEAL, 555 CACHOEIRINHA. 69065-000 Manaus - AM.
13071432;ESCOLA SESI DR FRANCISCO GARCIA;-3.13612843;-59.97632928;infantil|fundamental_i;privada;ativa;geral;nao;AVENIDA GOVERNADOR DANILO AREOSA, 1531 ENF. RECEITA FEDERAL. DISTRITO INDUSTRIAL I. 69075-351 Manaus - AM.
13025139;ESCOLA SESI DRA EMINA BARBOSA MUSTAFA;-3.07829900;-60.03497780;;privada;ativa;geral;nao;AVENIDA COSME FERREIRA, 3295 SAO JOSE OPERARIO. 69085-015 Manaus - AM.
13025228;ESCOLA SESI DRA EMINA BARBOSA MUSTUFA;-3.07322606;-59.96958510;fundamental_i|fundamental_ii;privada;ativa;geral;nao;AVENIDA COSME FERREIRA, 3295 SAO JOSE OPERARIO. 69085-015 Manaus - AM.
13026402;ESCOLAS IDAAM;-3.09957972;-60.02424150;infantil|fundamental_i|fundamental_ii;privada;ativa;geral;nao;AVENIDA DJALMA BATISTA, 1767 CHAPADA. 69050-010 Manaus - AM.
13071459;ESCOLAS IDAAM;-3.08139560;-60.01402253;infantil|fundamental_i;privada;ativa;geral;nao;RUA 11, 29 PARQUE 10 DE NOVEMBRO. 69055-000 Manaus - AM.
13081365;ESCOLAS IDAAM;-3.12203899;-60.00297837;fundamental_i|fundamental_ii;privada;ativa;geral;nao;AVENIDA URUCARA, 1360 CACHOEIRINHA. 69065-180 Manaus - AM.
13107380;ESCOLAS IDAAM;-3.00426931;-60.03246741;infantil|fundamental_i|fundamental_ii;privada;ativa;geral;nao;AVENIDA TORQUATO TAPAJOS, 8611 TARUMA. 69041-025 Manaus - AM.
13108727;ESCOLAS IDAAM;-3.09489235;-59.99360304;infantil|fundamental_i|fundamental_ii;privada;ativa;geral;nao;RUA PLANETA NETUNO, 43 ALEIXO. 69060-063 Manaus - AM.
13313231;ESCOLAS IDAAM;-3.02974803;-59.97437362;fundamental_i|fundamental_ii;privada;ativa;geral;nao;RUA FRIBURGO, 26 QUADRA 71. CIDADE NOVA. 69095-200 Manaus - AM.
13031660;ESCOLAS NILTON LINS;-3.05954564;-60.00233984;infantil|fundamental_i|fundamental_ii;privada;ativa;geral;nao;RUA MARQUES DE MONTE ALEGRE, 3259 PQ DAS LARANJEIRAS. FLORES. 69058-040 Manaus - AM.
13031724;ESCOLINHA MARIA IMACULADA;-3.11129798;-60.01325788;infantil|fundamental_i;privada;ativa;geral;nao;PRACA NOSSA SENHORA DE NAZARE, 500 ADRIANOPOLIS. 69057-450 Manaus - AM.
13031732;ESCOLINHA PEIXINHO DOURADO;-3.13461613;-60.00715560;infantil|fundamental_i;privada;ativa;geral;nao;RUA HUMAITA, 325 CACHOEIRINHA. 69065-040 Manaus - AM.
13031759;ESCOLINHA SONHO INFANTIL LTDA;-3.11269550;-60.01616420;infantil|fundamental_i|fundamental_ii;privada;ativa;geral;nao;RUA MACEIO, 62 ADRIANOPOLIS. 69057-010 Manaus - AM.
13031767;FUNDACAO MATIAS MACHLINE;-3.13426344;-59.97945643;;privada;ativa;geral;nao;AVENIDA MINISTRO MARIO ANDREAZZA, 916 DISTRITO INDUSTRIAL I. 69075-830 Manaus - AM.
13029916;IFAM - CAMPUS MANAUS CENTRO;-3.13428150;-60.01276730;;federal;ativa;geral;nao;AV. SETE DE SETEMBRO, 1975 CENTRO. 69020-120 Manaus - AM.
13092197;IFAM - CAMPUS MANAUS DISTRITO INDUSTRIAL;-3.13557217;-59.97452858;;federal;ativa;geral;nao;AVENIDA GOVERNADOR DANILO AREOSA, 1672 DISTRITO INDUSTRIAL I. 69075-351 Manaus - AM.
13026844;IFAM - CAMPUS MANAUS ZONA LESTE;-3.07998431;-59.93390095;;federal;ativa;geral;nao;AVENIDA COSME FERREIRA, 8045 SAO JOSE OPERARIO. 69083-000 Manaus - AM.
13025082;INSTITUICOES EDUCACIONAIS NELLY FALCO DE SOUZA - LTDA;-3.10924810;-60.01318730;fundamental_i|fundamental_ii;privada;ativa;geral;nao;RUA SALVADOR, 455 ADRIANOPOLIS. 69057-040 Manaus - AM.
13031783;INSTITUTO ADVENTISTA DE MANAUS;-3.11685020;-60.00614140;infantil|fundamental_i|fundamental_ii;privada;ativa;geral;nao;RUA PROFESSOR MARCIANO ARMOND, 1805 CACHOEIRINHA. 69065-120 Manaus - AM.
13099990;INSTITUTO APERFEICOAMENTO E ENSINO SUPERIOR DO AMAZONAS - CENTEC - CENTRO DE ENSINO TECNICO;-3.10922110;-60.02365180;;privada;ativa;geral;nao;AVENIDA DJALMA BATISTA, 646 SAO GERALDO. 69053-355 Manaus - AM.
13031872;INSTITUTO BATISTA DO AMAZONAS;-3.11338890;-60.01279330;fundamental_i|fundamental_ii;privada;ativa;geral;nao;RUA SAO LUIZ, 381 ADRIANOPOLIS. 69057-250 Manaus - AM.
13073834;INSTITUTO BATISTA EDUCACIONAL ESTER;-3.11111349;-59.99145078;infantil|fundamental_i|fundamental_ii;privada;ativa;geral;nao;RUA NOVA OLINDA, 700 A. PETROPOLIS. 69067-360 Manaus - AM.
13094149;INSTITUTO BENJAMIN CONSTANT - CETAM;-3.12773688;-60.02327196;;estadual;ativa;geral;nao;AVENIDA RAMOS FERREIRA, 991 CENTRO. 69010-120 Manaus - AM.
13104365;INSTITUTO DE EDUCACAO DA CRIANCA - IEC;-3.06198870;-59.95249420;infantil|fundamental_i;privada;ativa;geral;nao;RUA 4, 60 SAO JOSE OPERARIO. 69086-050 Manaus - AM.
13031899;INSTITUTO DE EDUCACAO DO AMAZONAS;-3.12731573;-60.02385984;fundamental_ii;estadual;ativa;geral;nao;RAMOS FERREIRA, 875 CENTRO. 69010-170 Manaus - AM.
13093070;INSTITUTO DE EDUCACAO EL SHADAY;-3.09920167;-60.06866902;infantil|fundamental_i|fundamental_ii;privada;ativa;geral;nao;RUA JOSE MAURICIO GARCIA, 30 CONJ. VILA MARINHO. COMPENSA 3. 69035-803 Manaus - AM.
13068253;INSTITUTO DE EDUCACAO JOIAS DE CRISTO;-3.11466823;-59.98194217;infantil|fundamental_i|fundamental_ii;privada;ativa;geral;nao;RUA JOSE MARIA PINTO, 1070 CONJ. 31 DE MARCO. JAPIIM II. 69076-050 Manaus - AM.
13071653;INSTITUTO DE EDUCACAO LEAO DE JUDA;-3.03627770;-59.93393390;infantil|fundamental_i|fundamental_ii;privada;ativa;geral;nao;RUA PIRARUCU, 35 PREDIO. JORGE TEIXEIRA 3. 69088-765 Manaus - AM.
13104675;INSTITUTO DE EDUCACAO PLANTIUM TECNICA LTDA;-3.06451770;-59.95202910;;privada;ativa;geral;nao;RUA RIO NAPUIAU, 38 SAO JOSE OPERARIO. 69086-020 Manaus - AM.
13194208;INSTITUTO DE EDUCACAO PROF GUADALUPE SANTOS;-3.00356480;-59.98252060;infantil|fundamental_i;privada;ativa;geral;nao;RUA LA CORUNA, 543 QD 224. NOVA CIDADE. 69097-229 Manaus - AM.
13098411;INSTITUTO EDUCACIONAL RUBENS RIBEIRO;-3.04816300;-59.96605780;infantil|fundamental_i;privada;ativa;geral;nao;RUA CARLOTA AREAS, 79 NC 16 CID. NOVA ET4. NOVO ALEIXO. 69098-261 Manaus - AM.
13098306;INSTITUTO ENSINO THIAGO BRANDAO DE OLIVEIRA;-3.02241600;-60.00842800;infantil|fundamental_i|fundamental_ii;privada;ativa;geral;nao;AVENIDA CRISTA, 31 NOVO ISRAEL. 69039-530 Manaus - AM.
13031821;INSTITUTO FILIPPO SMALDONE;-3.06918050;-60.05172690;infantil|fundamental_i|fundamental_ii;privada;ativa;geral;sim;AVENIDA TOKIO, 100 CONJ.CAMPOS ELISEOS. PLANALTO. 69045-200 Manaus - AM.
13025210;INSTITUTO HILDA FERREIRA;-3.02781833;-59.95020167;infantil|fundamental_i|fundamental_ii;privada;ativa;geral;nao;RUA CARABUCU, 67 PROX. AO CRUZEIRO CN. NOVO ALEIXO. 69098-080 Manaus - AM.
13071580;JARDIM DA INFANCIA CASA DA CRIANCA;-3.12799377;-60.01975866;infantil;privada;ativa;geral;sim;RUA RAMOS FERREIRA, 1345, 1345 CENTRO. 69020-080 Manaus - AM.
13031988;JARDIM DA INFANCIA PALHOCA DO POPEYE;-3.08771631;-60.03942270;infantil;privada;ativa;geral;nao;RUA WHASHINGTON LUIZ, 19 DOM PEDRO I. 69040-040 Manaus - AM.
13099965;MAPLE BEAR CANADIAN SCHOOL MANAUS;-3.05906233;-60.00236993;infantil|fundamental_i|fundamental_ii;privada;ativa;geral;nao;AVENIDA PROFESSOR NILTON LINS, 3259 FLORES. 69058-030 Manaus - AM.
13032038;PINOCCHIO CENTRO EDUCACIONAL LTDA;-3.10945000;-60.01357333;infantil;privada;ativa;geral;nao;AVENIDA MARIO YPIRANGA, 679 ADRIANOPOLIS. 69057-001 Manaus - AM.
13093410;PRE-ESCOLAR INFANTE TIRADENTES PETROPOLIS;-3.11420645;-59.99548697;infantil;municipal;ativa;geral;nao;RUA DR ARISTIDES ROCHA, SN PETROPOLIS. 69063-000 Manaus - AM.
13159208;PRE-ESCOLAR MARILIA BARBOSA;-3.07017940;-60.04983260;infantil;municipal;ativa;geral;nao;RUA MONTE CARLOS, 09 CJ CAMPOS ELISEOS. PLANALTO. 69045-570 Manaus - AM.
13092731;PRE-ESCOLAR NOSSA SENHORA DA LUZ;-3.08366066;-59.94834293;;municipal;paralisada;geral;nao;R. NOVA LUZ, 24 ZUMBI DOS PALMARES. 69084-121 Manaus - AM.
13092740;PRE-ESCOLAR NOSSA SENHORA DO BRASIL;-3.06805120;-59.94050816;;municipal;paralisada;geral;nao;RUA 12 - A, 160 SAO JOSE OPERARIO. 69086-131 Manaus - AM.
13026682;SOCIEDADE DE ASSISTENCIA MATERNO INFANTIL BEBE BOMBOM LTDA;-3.10880860;-60.00758420;infantil;privada;ativa;geral;nao;RUA FRANCO DE SA, 238 ADRIANOPOLIS. 69079-010 Manaus - AM.
13098357;VIDA EDUCAR;-3.09195040;-60.00732367;infantil;privada;ativa;geral;nao;RUA MARSILIO FICINO, 30 ANTIGO NUMERO 06. ADRIANOPOLIS. 69057-087 Manaus - AM.
