codigo_inep;nome;latitude;longitude;ciclo;rede;situacao;atendimento;conveniada;endereco
41126882;29 DE MARCO EEF MOD ED ESP;-25.40395833;-49.21611167;fundamental_i;privada;ativa;exclusivo_deficiencia;sim;RUA LARANJEIRAS, 72 BAIRRO ALTO. 82840-100 Curitiba - PR.
41356217;ABAETE C M E I;-25.37965051;-49.24627514;infantil;municipal;ativa;geral;nao;RUA MAL ANOR TEIXEIRA DOS SANTOS, 680 BOA VISTA. 82650-120 Curitiba - PR.
41356683;ACACIAS C E I;-25.49836837;-49.26187322;infantil;privada;ativa;geral;sim;RUA VER OSWALDO NASCIMENTO BITTENCOURT, 415 XAXIM. 81710-240 Curitiba - PR.
41151283;ADA PIRES DE OLIVEIRA C M E I PROFA;-25.38782904;-49.28631292;infantil;municipal;ativa;geral;nao;RUA ODILON SANTANA GOMES, 269 PILARZINHO. 82110-360 Curitiba - PR.
41126980;ADRIANO G C ROBINE E M PROF CEIEI EF;-25.48011279;-49.33131376;infantil|fundamental_i;municipal;ativa;geral;nao;RUA VER ELIAS KARAM, 480 FAZENDINHA. 81330-300 Curitiba - PR.
41149297;AFFONSO A DE CAMARGO NETTO C M E I SEN;-25.45083102;-49.22018301;infantil;municipal;ativa;geral;nao;RUA MIGUEL CALUF, 1405 CAJURU. 81940-110 Curitiba - PR.
41388798;AGAPE C E I;-25.49620000;-49.24960000;infantil;privada;ativa;geral;sim;RUA PADRE DEHON, 2471 BOQUEIRAO. 81670-100 Curitiba - PR.
41163400;AGAPE UNIDADE I C E I;-25.49633126;-49.24932186;infantil;privada;ativa;geral;sim;RUA TENENTE FRANCISCO FERREIRA DE SOUZA, 1690 HAUER. 81630-010 Curitiba - PR.
41127013;ALBERT SCHWEITZER E MEF;-25.50381406;-49.32376917;fundamental_i|fundamental_ii;municipal;ativa;geral;nao;RUA DECIO BARRETO, 153 CIC. 81305-490 Curitiba - PR.
41357191;ALCINDO FANAYA JR C E PSURDOSEI EF M;-25.46370547;-49.29667690;infantil|fundamental_i|fundamental_ii;estadual;ativa;exclusivo_deficiencia;nao;RUA VITAL BRASIL, 447 VL IZABEL. 80320-120 Curitiba - PR.
41127021;ALCYONE M C VELLOZO C E PROFEF M PROFI;-25.51281051;-49.32434660;fundamental_ii;estadual;ativa;geral;nao;AV GOVERNADOR CARLOS LACERDA SN, CIC. 81170-460 Curitiba - PR.
41148983;ALEGRIA DE APRENDER - C E I;-25.37723084;-49.27940128;infantil;privada;ativa;geral;nao;RUA CECILIA MIKOSZ, 182 TABOAO. 82130-492 Curitiba - PR.
41601955;ALEGRIA DE SER C E I;-25.42008859;-49.28873178;;privada;extinta;geral;sim;RUA DESEMB VIEIRA CAVALCANTE, 1021 MERCES. 80510-090 Curitiba - PR.
41162145;ALEGRIA DE SER CRIANCA BABY CEI;-25.47632270;-49.20365327;infantil;privada;ativa;geral;sim;RUA HAROLD DRUMMOND DE CARVALHO, 11 CAJURU. 82970-340 Curitiba - PR.
41162102;ALEGRIA DE SER CRIANCA C E I;-25.47694883;-49.20301591;infantil;privada;ativa;geral;sim;RUA HAROLD DRUMMOND DE CARVALHO, 108 CAJURU. 82970-340 Curitiba - PR.
41356527;ALEGRIA DE SERBOQUEIRAO C E I;-25.51939776;-49.22484851;infantil;privada;ativa;geral;sim;RUA CARLOS DE LAET, 6600 BOQUEIRAO. 81730-030 Curitiba - PR.
41161270;ALEMAO C E I;-25.40398029;-49.28139859;infantil;privada;ativa;geral;nao;RUA DEPUTADO OLIVIO BELICH, 46 BOM RETIRO. 80520-500 Curitiba - PR.
41127048;ALFREDO PARODI C EEF M PROFIS;-25.49393247;-49.20988966;fundamental_ii;estadual;ativa;geral;nao;RUA ESPIRIDIAO KALLUF, 125 UBERABA. 81560-560 Curitiba - PR.
41127056;ALGACYR M MAEDER C E PROFEF M PROFIS;-25.40432627;-49.20653466;fundamental_ii;estadual;ativa;geral;nao;RUA SEBASTIAO ALVES FERREIRA, 1164 BAIRRO ALTO. 82840-160 Curitiba - PR.
41127064;ALI BARK E MEI EF MOD ED ESP;-25.44447948;-49.31266562;fundamental_i;municipal;ativa;exclusivo_deficiencia;nao;RUA VICENTE PONTAROLLA, 91 SEMINARIO. 80740-200 Curitiba - PR.
41127072;ALINE PICHETH E EEF;-25.40417728;-49.26569470;fundamental_ii;estadual;ativa;geral;nao;RUA EURIPEDES GARCES DO NASCIMENTO, 921 AHU DE BAIXO. 80540-280 Curitiba - PR.
41127080;ALTERNATIVA EEI EF MOD ED ESP;-25.40837183;-49.26907713;fundamental_i;privada;ativa;exclusivo_deficiencia;sim;RUA VIEIRA SANTOS, 45 CENTRO CIVICO. 80540-310 Curitiba - PR.
41602056;ALTO PADRAO COLEGIO ED INF E ENS FUND E MED;-25.44320261;-49.23188431;infantil|fundamental_i|fundamental_ii;privada;ativa;geral;nao;RUA SANTO ANDRE, 121 CAJURU. 82900-300 Curitiba - PR.
41378750;ALVARO BORGES E MEI EF;-25.54506957;-49.33946718;infantil|fundamental_i;municipal;ativa;geral;nao;RUA OSWALDO BAGGIO, 300 CIC. 81460-347 Curitiba - PR.
41159047;ALVO DO SABER C E I;-25.39060619;-49.23745045;infantil;privada;ativa;geral;nao;AVENIDA PARANA, 2890 BOA VISTA. 82510-000 Curitiba - PR.
41127102;AMANCIO MORO C E EF M;-25.41947476;-49.23019063;;estadual;paralisada;geral;nao;RUA PRES WASHINGTON LUIS, 620 JD SOCIAL. 82520-520 Curitiba - PR.
41360370;AMAR C E I;-25.38638000;-49.25893000;infantil;privada;ativa;geral;sim;RUA CAPISTRANO DE ABREU, 395 BOA VISTA. 82540-320 Curitiba - PR.
41372964;AMAR NOVOS CAMINHOS C E I;-25.37694306;-49.23855595;infantil;privada;ativa;geral;sim;RUA JOAO MEQUETTI, 301 SANTA CANDIDA. 82640-360 Curitiba - PR.
41127129;AMERICA DA COSTA SABOIA E M PROFAEI EF;-25.53109000;-49.33483000;infantil|fundamental_i;municipal;ativa;geral;nao;RUA EMILIO ROMANI, 316 CIC. 81450-020 Curitiba - PR.
41156137;AMIGOS DAS LETRAS C E I;-25.45926696;-49.30829731;infantil;privada;ativa;geral;nao;RUA DA DIVINA PROVIDENCIA, 550 CASA. SANTA QUITERIA. 80310-010 Curitiba - PR.
41127145;ANA HELLA E MEI EF;-25.39944253;-49.29771865;infantil|fundamental_i;municipal;ativa;geral;nao;RUA JOSE HELLA, 93 VISTA ALEGRE. 82100-140 Curitiba - PR.
41158270;ANA MARIA POPPOVIC C M A E E;-25.44996577;-49.35211432;;municipal;ativa;sem_escolarizacao;nao;RUA EDUARDO SPRADA, 5065 CIC. 81210-370 Curitiba - PR.
41360362;ANA PROVELLER C M E I;-25.48826667;-49.20244500;infantil;municipal;ativa;geral;nao;RUA CABO CORNELIO DE SOUZA MARTINS, 51 UBERABA. 81590-400 Curitiba - PR.
41127161;ANCHIETA COMPLEXO EDUC SC LTDA;-25.42934000;-49.27035000;;privada;paralisada;geral;nao;TRAVESSA TOBIAS DE MACEDO, 50 CENTRO. 80020-210 Curitiba - PR.
41127170;ANCHIETA CTRO EDUC - LTDA;-25.51145850;-49.32780780;infantil|fundamental_i|fundamental_ii;privada;ativa;geral;nao;RUA PEDRO GUSSO, 4.150 COLEGIO. CIDADE INDUSTRIAL. 81315-000 Curitiba - PR.
41356675;ANGELA DELLATTRELAPIS DE COR C M E I;-25.39081833;-49.21383833;infantil;municipal;ativa;geral;nao;RUA CEL BENEDITO TERTULIANO CORDEIRO, 319 TINGUI. 82600-190 Curitiba - PR.
41149424;ANGELICAL C E I;-25.41483871;-49.32794218;infantil;privada;ativa;geral;sim;AV CANDIDO HARTMANN, 5054 SANTO INACIO. 82015-100 Curitiba - PR.
41127196;ANGELO GUSSO C EEF M PROFIS;-25.38850667;-49.25971667;fundamental_ii;estadual;ativa;geral;nao;RUA JULIO PEDROSO DE MORAES, 10 BOA VISTA. 82540-330 Curitiba - PR.
41127200;ANGELO TREVISAN C EEF M PROFIS;-25.41502979;-49.31625803;fundamental_ii;estadual;ativa;geral;nao;RUA CARLOS RAZERA, 445 VISTA ALEGRE. 80810-310 Curitiba - PR.
41127218;ANGELO VOLPATO C EEF M;-25.39755200;-49.31867251;fundamental_ii;estadual;ativa;geral;nao;RUA JOAO VALLE, 23 SANTA FELICIDADE. 82030-210 Curitiba - PR.
41361989;ANIBAL KHURY NETO C EEF M PROFIS;-25.48520404;-49.20374564;fundamental_ii;estadual;ativa;geral;nao;RUA AVELINO MANTOVANI, 430 UBERABA. 81590-370 Curitiba - PR.
41388828;ANISIO JOSE PEDRUSSI CENTRO DE EDUCACAO PROFISSIONAL;-25.48965997;-49.24282072;;privada;ativa;geral;nao;AVENIDA MARECHAL FLORIANO PEIXOTO, 7135 BOQUEIRAO. 81650-000 Curitiba - PR.
41127226;ANISIO TEIXEIRA E MEI EF;-25.38426833;-49.20123000;infantil|fundamental_i;municipal;ativa;geral;nao;RUA JOAO BATISTA SCUCATO, 80 ATUBA. 82860-130 Curitiba - PR.
41127234;ANITA M GAERTNER E MEI EF;-25.43687155;-49.36113489;infantil|fundamental_i;municipal;ativa;geral;nao;RUA PE ESTANISLAU PIASECKI, 1017 CIC. 81280-040 Curitiba - PR.
41127250;ANNETTE MACEDO C E I;-25.43562833;-49.28222667;infantil;privada;ativa;geral;sim;AV VICENTE MACHADO, 599 CENTRO. 80420-010 Curitiba - PR.
41127269;ANTONIA E M MADRE EI EF;-25.42584000;-49.21484000;fundamental_i;municipal;ativa;geral;nao;RUA KONRAD ADENAUER, 508 TARUMA. 82821-020 Curitiba - PR.
41127277;ANTONIO LACERDA BRAGA COL ENS FUND ENS MEDIO;-25.48985000;-49.24352000;;privada;paralisada;geral;nao;AVENIDA MARECHAL FLORIANO PEIXOTO, 7114 BOQUEIRAO. 81670-000 Curitiba - PR.
41127285;ANTONIO PIETRUZA E M C E I PROF EI EF;-25.55078167;-49.29462148;infantil|fundamental_i;municipal;ativa;geral;nao;RUA JOAO AMADEU PEDRO BOM, 200 TATUQUARA. 81940-080 Curitiba - PR.
41359518;APRENDENDO COM AMOR C E I;-25.48258000;-49.20364333;infantil;privada;ativa;geral;sim;RUA FRANCISCO LICNERSKI, 383 UBERABA. 81590-250 Curitiba - PR.
41387503;AQUARELA E CIA C E I;-25.45885305;-49.20850723;infantil;privada;ativa;geral;sim;RUA MACEIO, 1569 CAJURU. 82930-190 Curitiba - PR.
41147707;AQUARELA LA SALLE C E I;-25.53171333;-49.29135167;infantil;privada;ativa;geral;sim;RUA JOSE DUDEK, 34 PINHEIRINHO. 81870-110 Curitiba - PR.
41157885;AQUARELA MAGICA CENTRO DE EDUCACAO INFANTIL;-25.47031600;-49.32021020;infantil;privada;ativa;geral;nao;RUA DIONIRA MOLETTA KLEMTZ, 180 FAZENDINHA. 81330-090 Curitiba - PR.
41127315;ARAPONGAS E MEI EF;-25.48320939;-49.28741440;infantil|fundamental_i;municipal;ativa;geral;nao;RUA JOSE CASEMIRO STENZOWSKI, 111 NOVO MUNDO. 81010-370 Curitiba - PR.
41127323;ARAUCARIA E MEI EF;-25.40393336;-49.20712623;infantil|fundamental_i;municipal;ativa;geral;nao;RUA RIO IRIRI, 504 BAIRRO ALTO. 82840-310 Curitiba - PR.
41158326;ARLETE PROCOTTE C M A E E PROFA;-25.38906664;-49.22554086;;municipal;ativa;sem_escolarizacao;nao;RUA GUILHERME IHLENFELDT, 51 BACACHERI. 82620-035 Curitiba - PR.
41127340;ARLINDO C DE AMORIM C E CMEF M PROFIS;-25.49560690;-49.33828242;fundamental_ii;estadual;ativa;geral;nao;RUA DESEMB CID CAMPELO, 6301 CIC. 81170-350 Curitiba - PR.
41149319;ARNALDO AGENOR BERTONE C M E I;-25.53964606;-49.25090491;infantil;municipal;ativa;geral;nao;R FRANCISCO KOCHINSKI, 680 SITIO CERCADO. 81920-530 Curitiba - PR.
41387163;ARNALDO ALVES DA CRUZ E M JORNEI EF;-25.53705316;-49.23273881;infantil|fundamental_i;municipal;ativa;geral;nao;RUA MARIA MARQUES DE CAMARGO, 240 ALTO BOQUEIRAO. 81770-790 Curitiba - PR.
41410629;ARNALDO CARNASCIALI C M E I DR;-25.54176408;-49.26523386;infantil;municipal;ativa;geral;nao;R SAO JOSE DOS PINHAIS, 900 SITIO CERCADO. 81920-250 Curitiba - PR.
41133307;ARQUIDIOCESANO DE CURITIBA C - EF M;-25.43210934;-49.35656073;fundamental_ii;privada;ativa;geral;nao;RUA MONSENHOR BOLESLAU FALARZ, 4505 CIDADE INDUSTRIAL. 81280-230 Curitiba - PR.
41149521;ART E MANHA C E I;-25.50631380;-49.27969533;infantil;privada;ativa;geral;sim;RUA ARTHUR EUCLIDES DE MOURA, 372 XAXIM. 81810-310 Curitiba - PR.
41127358;ARTHUR R DE MACEDO E EEF;-25.45022896;-49.31372702;fundamental_ii;estadual;ativa;geral;nao;AV NOSSA SENHORA APARECIDA, 1743 SEMINARIO. 80310-100 Curitiba - PR.
41150082;ASA DELTA C E I;-25.51899114;-49.27857672;infantil;privada;ativa;geral;sim;RUA CARLOS GUSSO, 143 PINHEIRINHO. 81820-450 Curitiba - PR.
41131657;ASSEIJ COLEGIO NOSSA SENHORA DO ROSARIO;-25.39083506;-49.23457776;infantil|fundamental_i|fundamental_ii;privada;ativa;geral;nao;RUA EDUARDO GERONASSO, 1266 BACACHERI. 82510-280 Curitiba - PR.
41387619;ASSISBAN;-25.47471333;-49.20291407;infantil|fundamental_i;privada;ativa;geral;nao;RUA TENENTE JOSE RIBAS KENDRICK, 03 CAJURU. 82970-310 Curitiba - PR.
41127382;ATTICO EUSEBIO DA ROCHA C E DEF M PROF;-25.47715859;-49.28166314;fundamental_ii;estadual;ativa;geral;nao;AV PRESIDENTE WENCESLAU BRAZ, 2779 VL LINDOIA. 81010-001 Curitiba - PR.
41356306;ATUBA C M E I;-25.39560063;-49.20373175;infantil;municipal;ativa;geral;nao;RUA RIO JARI, 445 BAIRRO ALTO. 82840-210 Curitiba - PR.
41127404;AUGUSTA G RIBAS E M PROFAEI EF;-25.53507136;-49.26813959;infantil|fundamental_i;municipal;ativa;geral;nao;RUA IZAAC FERREIRA DA CRUZ, 3560 SITIO CERCADO. 81910-000 Curitiba - PR.
41127412;AUGUSTO C SANDINO E M CEIEI EF;-25.36399925;-49.23246799;infantil|fundamental_i;municipal;ativa;geral;nao;RUA MOBRAL, 413 SANTA CANDIDA. 82720-270 Curitiba - PR.
41149017;AURORA - C E I;-25.42174868;-49.27971284;infantil;privada;ativa;geral;nao;RUA DESEMBARGADOR VIEIRA CAVALCANTI, 146 SAO FRANCISCO. 80510-090 Curitiba - PR.
41384512;AUTODROMO C M E I;-25.46154732;-49.19635550;infantil;municipal;ativa;geral;nao;RUA LEONARDO NOVICKI, 995 CAJURU. 82930-548 Curitiba - PR.
41127420;AVELINO ANTONIO VIEIRA C EEF M PROFIS;-25.48647393;-49.32723332;fundamental_ii;estadual;ativa;geral;nao;RUA JULIO MESQUITA, 400 FAZENDINHA. 81330-430 Curitiba - PR.
41127447;AYRTON S DA SILVA E MEI EF;-25.47088200;-49.19196944;infantil|fundamental_i;municipal;ativa;geral;nao;RUA ANTONIO MOREIRA LOPES, 1283 CAJURU. 82980-100 Curitiba - PR.
41127463;B NOVO CAIC-GUILHERME L B SOBRINHO E M-EI EF;-25.54251061;-49.26172814;infantil|fundamental_i|fundamental_ii;municipal;ativa;geral;nao;RUA PASTOR WALDOMIRO BILESKI, 71 SITIO CERCADO. 81920-300 Curitiba - PR.
41356284;BAIRRO ALTOTARUMA C M E I;-25.41144540;-49.20147368;infantil;municipal;ativa;geral;nao;RUA ALBERICO FLORES BUENO, 2173 BAIRRO ALTO. 82820-070 Curitiba - PR.
41370392;BAIRRO NOVO C M E I;-25.54755591;-49.26843824;infantil;municipal;ativa;geral;nao;R NOVA AURORA, 1041 SITIO CERCADO. 81925-300 Curitiba - PR.
41162552;BAIRRO NOVO IV C M E I;-25.55555833;-49.28377500;infantil;municipal;ativa;geral;nao;RUA DR MANOEL ABILHOA, 654 UMBARA. 81930-000 Curitiba - PR.
41127544;BANDEIRANTES EEI EF;-25.45476596;-49.20989297;infantil|fundamental_i|fundamental_ii;privada;ativa;geral;nao;RUA CUIABA, 1284 VL OFICINAS. 82930-010 Curitiba - PR.
41356004;BARIGUI C M E I;-25.49565919;-49.33534765;infantil;municipal;ativa;geral;nao;RUA ARTHUR MARTINS FRANCO, 5561 FAZENDINHA. 81330-580 Curitiba - PR.
41149378;BATEL E MEI EF;-25.43635863;-49.28177579;fundamental_i;municipal;ativa;geral;nao;RUA DESEMBARGADOR MOTTA, 2082 CENTRO. 80420-190 Curitiba - PR.
41388771;BATISTA SHALON EEI EF;-25.51235186;-49.28283823;infantil|fundamental_i|fundamental_ii;privada;ativa;geral;nao;RUA ALFERES PEDRO MAGNO DE BARROS, 333 XAXIM. 81810-210 Curitiba - PR.
41148967;BE-A-BA DA DIVERSAO - C E I;-25.39177649;-49.22644052;infantil;privada;ativa;geral;nao;RUA ACHILLES STENGHEL, 165 BACACHERI. 82515-390 Curitiba - PR.
41127609;BEATRIZ FARIA ANSAY C E CMEFMP;-25.56559064;-49.31274366;fundamental_ii;estadual;ativa;geral;nao;RUA FRANCISCO XAVIER DE OLIVEIRA, 315 TATUQUARA. 81480-070 Curitiba - PR.
41161394;BEIJA FLOR C E I;-25.43697451;-49.33579316;infantil;privada;ativa;geral;nao;RUA JOSE NICCO, 731 MOSSUNGUE. 81200-300 Curitiba - PR.
41127617;BELA VISTA DO PARAISO E M C E I EI EF;-25.36640431;-49.21073975;infantil|fundamental_i;municipal;ativa;geral;nao;RUA ANTONIO ANTONIACOMI, 580 SANTA CANDIDA. 82630-420 Curitiba - PR.
41127625;BELMIRO CESAR E M CEIEI EF;-25.47996504;-49.27107168;infantil|fundamental_i;municipal;ativa;geral;nao;RUA PE MANUEL DA NOBREGA, 327 FANNY. 81030-330 Curitiba - PR.
41127650;BENEDICTO J CORDEIRO C EEF M N PROFIS;-25.54229189;-49.27280305;fundamental_ii;estadual;ativa;geral;nao;RUA EURICO ZYKIEVITZ, 143 SITIO CERCADO. 81900-180 Curitiba - PR.
41127668;BENTO M DA ROCHA NETO C EEF M PROFIS;-25.39674317;-49.28941836;fundamental_ii;estadual;ativa;geral;nao;RUA ELVIRA B POLAK, 67 PILARZINHO. 82100-380 Curitiba - PR.
41127676;BENTO MOSSURUNGA E M CEI MTOEF;-25.53780659;-49.23853933;fundamental_i;municipal;ativa;geral;nao;RUA CAP ROBERTO LOPES QUINTAS, 198 ALTO BOQUEIRAO. 81860-090 Curitiba - PR.
41127293;BILINGUE PARA SURDOS DA APASEEF MOD EE;-25.42040227;-49.24602242;;privada;ativa;exclusivo_deficiencia;sim;RUA SIMAO BOLIVAR, 1398 HUGO LANGE. 80040-140 Curitiba - PR.
41127692;BILUSCO ESC ED INF E ENS FUND;-25.40680693;-49.20723142;infantil|fundamental_i;privada;ativa;geral;nao;AVENIDA DA INTEGRACAO, 1530 BAIRRO ALTO. 82840-290 Curitiba - PR.
41540891;BOA VISTA C M E I;-25.38318710;-49.19725048;infantil;municipal;ativa;geral;nao;RUA CIRENEO DE MORAES, 70 ATUBA. 82860-230 Curitiba - PR.
41127714;BOLESLAU FALARZ E M MONSEI EF;-25.42114700;-49.35588422;infantil|fundamental_i;municipal;ativa;geral;nao;RUA LUIZ HOMANN, 290 SAO BRAZ. 82310-100 Curitiba - PR.
41352866;BOM JESUS DIVINA PROVIDENCIA COL EDUC INF ENS FUND E MEDIO;-25.40101000;-49.26722000;infantil|fundamental_i|fundamental_ii;privada;ativa;geral;nao;LEONIDAS VICENTE DE CASTRO, 81 AHU. 80540-350 Curitiba - PR.
41601963;BOM JESUS ESCOLA INF E ENS FUND SUBSEDE AGUA VERDE II;-25.45719000;-49.27215000;infantil;privada;ativa;geral;nao;RUA JACINTO ANTUNES DA SILVA, 346 AGUA VERDE. 80620-420 Curitiba - PR.
41131789;BOM JESUS SEMINARIO;-25.44800085;-49.31216283;infantil|fundamental_i|fundamental_ii;privada;ativa;geral;nao;NOSSA SENHORA APARECIDA, 1468 SEMINARIO. 80310-100 Curitiba - PR.
41127730;BOM PASTOR C E EF M;-25.41151495;-49.29323473;;estadual;paralisada;geral;nao;RUA CARLOS RAZERA, 445 MERCES. 80810-310 Curitiba - PR.
41156382;BOM PASTOR C E I;-25.50987831;-49.22774739;infantil;privada;ativa;geral;sim;RUA BARTOLOMEU LOURENCO GUSMAO, 4711 BOQUEIRAO. 81730-040 Curitiba - PR.
41162536;BOQUEIRAO C M E I;-25.51901333;-49.24413167;infantil;municipal;ativa;geral;nao;RUA CASCAVEL, 2180 BOQUEIRAO. 81750-090 Curitiba - PR.
41127765;BOSCO E M DEI EF;-25.49621021;-49.31552951;infantil|fundamental_i;municipal;ativa;geral;nao;RUA NOSSA SENHORA DA CABECA, 1961 CIC. 81310-010 Curitiba - PR.
41355571;BRACATINGA C M E I;-25.37925182;-49.29964577;infantil;municipal;ativa;geral;nao;RUA JOSE RIBEIRO DE CRISTO, 789 PILARZINHO. 82115-090 Curitiba - PR.
41161130;BRANCA CASAGRANDE SABBAG C M A E E;-25.57531557;-49.33202399;;municipal;ativa;sem_escolarizacao;nao;RUA OLIVARDO KONOROSKI BUENO SN, 81470-475 Curitiba - PR.
41127790;BRANCA DO N MIRANDA C E DONAE F M P;-25.39220667;-49.22003500;fundamental_ii;estadual;ativa;geral;nao;RUA JORGE BONN, 460 VL TINGUI. 82600-290 Curitiba - PR.
41537904;BRANDAO E M PROFEI EF;-25.41777301;-49.26337726;infantil|fundamental_i;municipal;ativa;geral;nao;AV JOAO GUALBERTO, 953 ALTO DA GLORIA. 80030-000 Curitiba - PR.
41127820;BRASILIO V DE CASTRO C E PROFEF M PROF;-25.51163743;-49.31981888;fundamental_ii;estadual;ativa;geral;nao;RUA SANTA ANGELA DE FOLIGNO, 45 CIC. 81170-110 Curitiba - PR.
41387600;BRINCAR DE APRENDER C E I;-25.42993259;-49.27850614;infantil;privada;ativa;geral;sim;RUA AUGUSTO STELLFELD, 457 CENTRO. 80410-140 Curitiba - PR.
41386752;BUTIATUVINHA C M E I;-25.39296240;-49.35252477;infantil;municipal;ativa;geral;nao;RUA JOSE CULPI, 159 BUTIATUVINHA. 82400-370 Curitiba - PR.
41127706;C A E E BOA VISTA;-25.39729275;-49.24883094;;privada;ativa;sem_escolarizacao;sim;RUA HOLANDA, 881 BOA VISTA. 82540-040 Curitiba - PR.
41129113;C A E E EPHETA AREA SURDEZ E DEFIC AUDIT;-25.44677000;-49.28342000;;privada;paralisada;geral;nao;RUA BENTO VIANA, 765 AGUA VERDE. 80240-110 Curitiba - PR.
41151801;C A E E HERMANN GORGEN;-25.43220000;-49.26630000;;privada;paralisada;geral;nao;RUA PEDRO IVO, 755 CENTRO. 80010-020 Curitiba - PR.
41130650;C A E E LOUIS BRAILLE;-25.45642340;-49.28428461;;privada;ativa;sem_escolarizacao;sim;RUA SAMUEL CEZAR, 406 AGUA VERDE. 80620-220 Curitiba - PR.
41146557;C A E E PROF ALTAYR DOS SANTOS CAVALI;-25.44718490;-49.29492633;;privada;ativa;sem_escolarizacao;sim;RUA GONCALVES DIAS, 417 BATEL. 80240-000 Curitiba - PR.
41609891;C E I PRIMEIRA INFANCIA;-25.43303382;-49.24048486;infantil;privada;ativa;geral;nao;RUA HUMBERTO MORONA, 196 CASA. CRISTO REI. 80050-420 Curitiba - PR.
41355962;CAIUA I C M E I;-25.48557253;-49.34980798;infantil;municipal;ativa;geral;nao;RUA LODOVICO KAMINSKI, 3640 CIC. 81260-282 Curitiba - PR.
41356020;CAIUA II C M E I;-25.48397924;-49.35320570;infantil;municipal;ativa;geral;nao;RUA ARNALD FERREIRA VELLOSO, 620 CIC. 81260-120 Curitiba - PR.
41355946;CAIUA ILHEUS C M E I;-25.48693000;-49.35326000;infantil;municipal;ativa;geral;nao;RUA TUNEIRAS DO OESTE, 209 CIC. 81260-200 Curitiba - PR.
41386744;CAJUEIRO C M E I;-25.58020500;-49.32082833;infantil;municipal;ativa;geral;nao;RUA JOAO LASKA, 124 CAMPO DE SANTANA. 81490-032 Curitiba - PR.
41355814;CAJURU C M E I;-25.44805167;-49.22573500;infantil;municipal;ativa;geral;nao;RUA SAO VICENTE PALOTTI, 400 CAJURU. 82900-350 Curitiba - PR.
41360257;CAMINHO DO FUTURO C E I;-25.45284059;-49.35325707;infantil;privada;ativa;geral;sim;RUA IGNES COLLE MUNHOZ, 300 CIC. 81270-070 Curitiba - PR.
41149564;CAMINHO PARA O FUTURO - C E I;-25.51304225;-49.24009013;infantil;privada;ativa;geral;nao;RUA DESEMBARGADOR ANTONIO DE PAULA, 2406 BOQUEIRAO. 81750-450 Curitiba - PR.
41147197;CAMINHOS DO SABER E EI EF;-25.40605109;-49.26599921;infantil|fundamental_i;privada;ativa;geral;nao;RUA EURIPEDES GARCEZ DO NASCIMENTO, 715 AHU. 80540-280 Curitiba - PR.
41356730;CAMPO ALEGRE C M E I;-25.49870871;-49.31458826;infantil;municipal;ativa;geral;nao;RUA REYNALDO BONAT, 2 CIC. 81310-190 Curitiba - PR.
41356276;CAMPO ALTO C M E I;-25.38268506;-49.19864350;infantil;municipal;ativa;geral;nao;RUA REPUBLICA GUARANI, 331 ATUBA. 82860-020 Curitiba - PR.
41127889;CAMPO MOURAO E MEI EF;-25.45967194;-49.29896020;fundamental_i;municipal;ativa;geral;nao;RUA ACYR SANTOS, 22 VL IZABEL. 80320-080 Curitiba - PR.
41355601;CANDIDO PORTINARI C M E I DO CAIC;-25.49614071;-49.34900073;infantil;municipal;ativa;geral;nao;RUA ANTONIO GEROSLAU FERREIRA, 391 CIC. 81450-250 Curitiba - PR.
41129180;CANDIDO PORTINARI E M DO CAICEI EF;-25.49637553;-49.34975613;infantil|fundamental_i|fundamental_ii;municipal;ativa;geral;nao;RUA ANTONIO GEROSLAU FERREIRA, 497 CIC. 81450-250 Curitiba - PR.
41127897;CANDIDO RONDON C E CM MALEF M PROFIS;-25.47469953;-49.31113923;fundamental_ii;estadual;ativa;geral;nao;RUA RICARDO NEGRAO FILHO, 287 PORTAO. 81320-300 Curitiba - PR.
41149513;CANTINHO DA ABELHINHA C E I;-25.52151544;-49.26996600;infantil;privada;ativa;geral;sim;RUA LAUDELINO AFONSO DA ROCHA, 343 XAXIM. 81820-360 Curitiba - PR.
41361962;CANTINHO DA CRIANCA C E I;-25.52573213;-49.27388509;infantil;privada;ativa;geral;sim;RUA MONTE SIAO, 345 PINHEIRINHO. 81825-210 Curitiba - PR.
41127919;CANTINHO DE SOL C E I;-25.45445645;-49.21943030;infantil;privada;ativa;geral;sim;RUA CEL CARLOS BARDELLI, 482 VL OFICINAS. 82940-340 Curitiba - PR.
41623932;CANTINHO DO CEU CENTRO DE EDUCACAO INFANTIL;-25.44698000;-49.28284000;;privada;paralisada;geral;nao;TRAVESSA LANGE, 200 AGUA VERDE. 80240-170 Curitiba - PR.
41359577;CANTINHO DO PARQUE C E I;-25.38986140;-49.22655414;infantil;privada;ativa;geral;sim;RUA RODRIGO DE FREITAS, 580 BACACHERI. 82515-350 Curitiba - PR.
41356411;CANTINHO DO SOL C M E I;-25.36465990;-49.23075007;infantil;municipal;ativa;geral;nao;RUA FRANCIS BACON, 180 SANTA CANDIDA. 82720-240 Curitiba - PR.
41353676;CANTINHO FELIZ DA IR CLEMENTINA C E I;-25.41248915;-49.21767916;infantil;privada;ativa;geral;sim;RUA PAULO FRIEBE, 13 BAIRRO ALTO. 82820-420 Curitiba - PR.
41157729;CANTINHO FELIZ SMILLI CENTRO DE EDUCACAO INFANTIL;-25.50925833;-49.24889000;;privada;paralisada;geral;nao;RUA CASCAVEL, 1020 BOQUEIRAO. 81750-090 Curitiba - PR.
41355806;CARAMURU C M E I;-25.47649575;-49.23899724;infantil;municipal;ativa;geral;nao;RUA GUIROKU GASTAO AYABE, 248 UBERABA. 81570-092 Curitiba - PR.
41127978;CARAMURU E MEI EF;-25.39803557;-49.25537672;infantil|fundamental_i;municipal;ativa;geral;nao;TRAV RODOLPHO ROSENAU, 157 CABRAL. 80035-235 Curitiba - PR.
41149874;CARI BAMBINI - C E I;-25.42260493;-49.35048971;infantil;privada;ativa;geral;nao;RUA ANGELO CARON, 610 SAO BRAZ. 82300-470 Curitiba - PR.
41127986;CARINHO DA MAMAE C E I;-25.46155957;-49.28908169;infantil;privada;ativa;geral;nao;TRAV FERREIRA DO AMARAL, 82 AGUA VERDE. 80620-090 Curitiba - PR.
41605934;CARLOS A PEREIRA DE OLIVEIRA C M E I;-25.47130055;-49.27104220;infantil;municipal;ativa;geral;nao;RUA MINAS GERAIS, 1140 GUAIRA. 80630-220 Curitiba - PR.
41128010;CARLOS D DE ANDRADE E M C E I EI EF;-25.55466140;-49.25286376;infantil|fundamental_i;municipal;ativa;geral;nao;RUA JANDAIA DO SUL, 50 SITIO CERCADO. 81935-060 Curitiba - PR.
41157028;CARLOS R A DOS SANTOS C M E I PROF DR;-25.55306726;-49.29067492;infantil;municipal;ativa;geral;nao;R CEL GUILHERME THEODORO BUEST, 610 UMBARA. 81930-800 Curitiba - PR.
41128036;CARMEN SALOMAO TEIXEIRA E M PROFAEI EF;-25.57233770;-49.25963667;infantil|fundamental_i;municipal;ativa;geral;nao;RUA PEDRINA ACCORDES COSTA, 124 GANCHINHO. 81935-420 Curitiba - PR.
41128044;CAROLA E E DONAEF;-25.41919681;-49.27999364;fundamental_ii;estadual;ativa;geral;nao;RUA SOLIMOES, 290 SAO FRANCISCO. 80510-140 Curitiba - PR.
41128052;CARRAO C E CONSEF M;-25.49736610;-49.21850351;fundamental_ii;estadual;ativa;geral;nao;RUA DR SIMAO KOSSOBUDSKI, 151 UBERABA. 81580-250 Curitiba - PR.
41387201;CARROSSEL DOURADO INTEGRACAO E EI EF;-25.49204000;-49.21021000;;privada;paralisada;geral;nao;RUA EURIDES MACIEL DE ALMEIDA, 483 UBERABA. 81560-460 Curitiba - PR.
41161297;CASA DA ARVORE C E I;-25.41510893;-49.25445415;infantil;privada;ativa;geral;nao;RUA PARAGUASSU, 809 ALTO DA GLORIA. 80030-270 Curitiba - PR.
41356640;CASA DA CRIANCA SAO JOSE C E I;-25.45278167;-49.21702167;infantil;privada;ativa;geral;sim;RUA RAUL DE OLIVEIRA, 223 CAJURU. 82950-190 Curitiba - PR.
41128079;CASA DE BRINQUEDO PRE ESC;-25.41153968;-49.25299380;infantil;privada;ativa;geral;nao;RUA RECIFE, 72 CABRAL. 80035-110 Curitiba - PR.
41356977;CASA DE NAZARE C E I;-25.56376725;-49.31129116;infantil;privada;ativa;geral;sim;RUA LUIZ BURDA, 250 TATUQUARA. 81480-050 Curitiba - PR.
41128109;CASINHA FELIZ EDUCACAO INFANTIL;-25.43768264;-49.29060883;infantil;privada;ativa;geral;nao;ALAMEDA DOUTOR CARLOS DE CARVALHO, 1677 BATEL. 80730-200 Curitiba - PR.
41356241;CASSIOPEIA C M E I;-25.38683972;-49.23900837;infantil;municipal;ativa;geral;nao;RUA ALBERTO POTIER, 250 BOA VISTA. 82560-480 Curitiba - PR.
41411030;CASTELINHO DO SABER C E I;-25.42826667;-49.25991667;infantil;privada;ativa;geral;sim;RUA BENJAMIN CONSTANT, 531 CENTRO. 80060-020 Curitiba - PR.
41128125;CASTRO E MEI EF;-25.52502667;-49.25629500;infantil|fundamental_i;municipal;ativa;geral;nao;RUA AYRTON PIZZATTO GUSI, 241 XAXIM. 81830-320 Curitiba - PR.
41357620;CEAD POLO POTTY LAZAROTTOEF M;-25.42819500;-49.26910000;;estadual;ativa;geral;nao;RUA PRES FARIA, 625 CENTRO. 80020-190 Curitiba - PR.
41607902;CEBEC EEI EF;-25.38996098;-49.27171685;infantil|fundamental_i;privada;ativa;geral;nao;RUA NILO PECANHA, 3500 SAO LOURENCO. 82120-440 Curitiba - PR.
41128168;CECILIA CROS C MDEEI EF M;-25.38412076;-49.25594974;infantil|fundamental_i|fundamental_ii;privada;ativa;geral;nao;RUA BENVENUTO GUSSO, 1634 BOA VISTA. 82540-080 Curitiba - PR.
41384482;CECILIA M WESTPHALEN E M PROFAEI EF;-25.55637319;-49.26222408;infantil|fundamental_i;municipal;ativa;geral;nao;RUA GERALDO MICHELETTO PELLANDA, 150 SITIO CERCADO. 81935-301 Curitiba - PR.
41128176;CECILIA MEIRELES C EEF M PROFIS;-25.42495000;-49.20360000;fundamental_ii;estadual;ativa;geral;nao;RUA PEDRO ELOY DE SOUZA, 1700 TARUMA. 82820-130 Curitiba - PR.
41146220;CEEBJA BARIGUIEF M;-25.44397000;-49.34343000;;estadual;ativa;geral;nao;AL PRINCESA IZABEL, 3191 81210-370 Curitiba - PR.
41357329;CEEBJA DR FRANCISCO RIB AZEV MACEDOEF M;-25.48841745;-49.29315806;;estadual;ativa;geral;nao;TRAV AUGUSTO MARACH, 224 NOVO MUNDO. 81020-220 Curitiba - PR.
41357604;CEEBJA PAULO FREIREEF M;-25.44231823;-49.27596432;;estadual;ativa;geral;nao;RUA BRIGADEIRO FRANCO, 2532 REBOUCAS. 80250-030 Curitiba - PR.
41390032;CEEBJA PROFA LAIS MIQUELOTTOEF M;-25.47976145;-49.33647933;;estadual;ativa;geral;nao;RUA CIDADE GAUCHA, 120 CIC. 81250-250 Curitiba - PR.
41146212;CEEBJA PROFA MARIA DEON DE LIRAEF M;-25.49950353;-49.23479665;;estadual;ativa;geral;nao;RUA CARLOS DE LAET, 4272 BOQUEIRAO. 81650-040 Curitiba - PR.
41162285;CEETEA CMAEE;-25.42005501;-49.26643369;;municipal;ativa;sem_escolarizacao;nao;AV JOAO GUALBERTO, 623 ALTO DA GLORIA. 80030-000 Curitiba - PR.
41151941;CEI CECI BABY;-25.46012964;-49.29972371;infantil;privada;ativa;geral;nao;RUA PROFESSOR ULISSES VIEIRA, 966 VILA IZABEL. 80320-090 Curitiba - PR.
41153863;CEI FUTURO IDEAL;-25.46981147;-49.28992834;infantil;privada;ativa;geral;nao;AVENIDA DOS ESTADOS, 1322 AGUA VERDE. 80610-040 Curitiba - PR.
41161980;CEI GERACAO KIDS;-25.48452672;-49.32453088;infantil;privada;ativa;geral;nao;RUA VIRIATO CORREA, 185 FAZENDINHA. 81330-370 Curitiba - PR.
41159870;CEI JOAO E MARIA;-25.45680762;-49.23978388;infantil;privada;ativa;geral;nao;RUA PROFESSOR LEO KESSLER, 35 JARDIM DAS AMERICAS. 81520-070 Curitiba - PR.
41161360;CEI MEU MUNDO ENCANTADO;-25.50514000;-49.27235500;infantil;privada;ativa;geral;nao;RUA CONSTANTINO JOSE DE ALMEIDA, 320 XAXIM. 81830-080 Curitiba - PR.
41149491;CEI MINHA DOCE INFANCIA;-25.36512535;-49.25875246;infantil;privada;ativa;geral;nao;RUA THEODORO MAKIOLKA, 4426 BARREIRINHA. 82710-000 Curitiba - PR.
41153472;CENA HUM - CENTRO DE EDUCACAO PROFISSIONAL;-25.42094283;-49.27303373;;privada;ativa;geral;nao;RUA SENADOR XAVIER DA SILVA, 166 SAO FRANCISCO. 80530-060 Curitiba - PR.
41132025;CENTRO ATEND EDUC ESP PF OSNY M SALDANHA;-25.44121299;-49.28093414;;privada;ativa;sem_escolarizacao;sim;AV VISCONDE DE GUARAPUAVA, 4146 BATEL. 80250-220 Curitiba - PR.
41356039;CENTRO CIVICO C M E I;-25.41308016;-49.27061126;infantil;municipal;ativa;geral;nao;RUA PROF BENEDITO NICOLAU DOS SANTOS, 500 CENTRO CIVICO. 80530-150 Curitiba - PR.
41130707;CENTRO DE APRENDIZAGEM LULUZINHA;-25.46061289;-49.30524604;infantil|fundamental_i|fundamental_ii;privada;ativa;geral;nao;RUA PROF. ULISSES VIEIRA, 1516 SANTA QUITERIA. 80310-120 Curitiba - PR.
41148347;CENTRO DE EDUCACAO BASICA PARA JOVENS E ADULTOS A DISTANCIA MATHISA - EF E EM;-25.38415609;-49.33522845;;privada;ativa;geral;nao;RUA RENASCENCA, 30 SANTA FELICIDADE. 82410-110 Curitiba - PR.
41387406;CENTRO DE EDUCACAO BASICA PARA JOVENS E ADULTOS SESC ENSINO FUNDAMENTAL E MEDIO;-25.43037691;-49.28073054;;privada;paralisada;geral;nao;RUA VISCONDE DO RIO BRANCO, 969 2º ANDAR. MERCES. 80410-001 Curitiba - PR.
41381700;CENTRO DE EDUCACAO INFANTIL ALFABETO MAGICO;-25.45498900;-49.21779907;infantil;privada;ativa;geral;nao;RUA LUIZ FRANCA, 2006 CAJURU. 82940-090 Curitiba - PR.
41149548;CENTRO DE EDUCACAO INFANTIL AQUARELA LTDA;-25.37474660;-49.26294050;infantil;privada;ativa;geral;nao;AVENIDA ANITA GARIBALDI, 4374 SAO LOURENCO. 82210-000 Curitiba - PR.
41390083;CENTRO DE EDUCACAO INFANTIL ARCO-IRIS E CIA;-25.39842871;-49.25512000;infantil;privada;ativa;geral;nao;TRAVESSA RODOLPHO ROSENAU, 156 CABRAL. 80035-235 Curitiba - PR.
41153979;CENTRO DE EDUCACAO INFANTIL BIDUZINHO CONCEPT;-25.42998835;-49.28470188;infantil;privada;ativa;geral;nao;RUA RECIFE, 216 CABRAL. 80035-110 Curitiba - PR.
41617924;CENTRO DE EDUCACAO INFANTIL CAMINHOS DO SOL;-25.43620654;-49.22468447;infantil;privada;ativa;geral;nao;RUA NICOLAU GULBINO, 170 CAPAO DA IMBUIA. 82800-340 Curitiba - PR.
41157451;CENTRO DE EDUCACAO INFANTIL CANTO DOS ENCANTOS;-25.41362343;-49.24445344;infantil;privada;ativa;geral;nao;RUA JAIME BALAO, 921 HUGO LANGE. 80040-340 Curitiba - PR.
41131843;CENTRO DE EDUCACAO INFANTIL CATAVENTO;-25.45737796;-49.22609680;infantil;privada;ativa;geral;nao;RUA SINKE FERREIRA, 121 JARDIM DAS AMERICAS. 81530-340 Curitiba - PR.
41387309;CENTRO DE EDUCACAO INFANTIL CECILIA MARQUES;-25.42158000;-49.28570000;infantil;privada;ativa;geral;nao;AVENIDA MANOEL RIBAS, 433 SAO FRANCISCO. 80510-020 Curitiba - PR.
41616928;CENTRO DE EDUCACAO INFANTIL CIRANDA LTDA;-25.43542505;-49.29740185;infantil;privada;ativa;geral;nao;ALAMEDA PRINCESA IZABEL, 2090 BIGORRILHO. 80730-080 Curitiba - PR.
41161874;CENTRO DE EDUCACAO INFANTIL COMECANDO FELIZ;-25.39490605;-49.33514915;infantil;privada;ativa;geral;nao;RUA SATURNINO MIRANDA, 630 SANTA FELICIDADE. 82030-320 Curitiba - PR.
41381190;CENTRO DE EDUCACAO INFANTIL COR E VIDA;-25.49207000;-49.30748000;infantil;privada;ativa;geral;nao;RUA MAGDALENA TABORDA RIBAS, 535 ESCOLA. NOVO MUNDO. 81050-350 Curitiba - PR.
41614925;CENTRO DE EDUCACAO INFANTIL CRIANCA E CIA;-25.41520763;-49.25794016;infantil;privada;ativa;geral;nao;RUA BARAO DE GUARAUNA, 539 JUVEVE. 80030-310 Curitiba - PR.
41544897;CENTRO DE EDUCACAO INFANTIL DO HOSPITAL PEQUENO PRINCIPE;-25.44422425;-49.27543438;infantil;privada;ativa;geral;nao;AVENIDA IGUACU, 1438 CASA. AGUA VERDE. 80240-030 Curitiba - PR.
41604903;CENTRO DE EDUCACAO INFANTIL DOCE NINHO;-25.46839860;-49.22877544;infantil;privada;ativa;geral;nao;RUA MARECHAL CARDOSO JUNIOR, 901 JARDIM DAS AMERICAS. 81530-420 Curitiba - PR.
41376986;CENTRO DE EDUCACAO INFANTIL DOM BOSCO AHU;-25.40822632;-49.26285398;infantil;privada;ativa;geral;nao;RUA RICARDO LEMOS, 326 AHU. 80540-030 Curitiba - PR.
41377087;CENTRO DE EDUCACAO INFANTIL E ENSINO FUNDAMENTAL PICHON;-25.38737000;-49.20980000;infantil|fundamental_i|fundamental_ii;privada;ativa;geral;nao;AV. MARECHAL MASCARENHAS DE MORAES, 2217 PREDIO. ATUBA. 82620-300 Curitiba - PR.
41153880;CENTRO DE EDUCACAO INFANTIL EVANGELICO BABY;-25.48062488;-49.33914444;infantil;privada;ativa;geral;nao;RUA VICENTE ALBERTINO MARCHALEK, 140 CIDADE INDUSTRIAL. 81250-690 Curitiba - PR.
41154363;CENTRO DE EDUCACAO INFANTIL EVEREST INTERNACIONAL - ECOVILLE;-25.44293000;-49.32028000;infantil;privada;ativa;geral;nao;RUA JOSE CAROLO, 630 PREDIO. MOSSUNGUE. 81210-030 Curitiba - PR.
41387422;CENTRO DE EDUCACAO INFANTIL GENIAL LTDA;-25.44376185;-49.21891980;;privada;paralisada;geral;nao;RUA DOUTOR ESTEVAM RIBEIRO DE SOUZA NETTO, 1062 CAJURU. 82900-060 Curitiba - PR.
41613945;CENTRO DE EDUCACAO INFANTIL JARDIM FELIZ;-25.42735357;-49.35745070;infantil;privada;ativa;geral;nao;RUA BERNARDINO IATAURO, 393 ORLEANS. 82310-380 Curitiba - PR.
41372948;CENTRO DE EDUCACAO INFANTIL MADRE CARMELA DE JESUS;-25.45476541;-49.29856881;;privada;paralisada;geral;nao;RUA ESTADO DE ISRAEL, 190 VILA IZABEL. 80240-480 Curitiba - PR.
41356969;CENTRO DE EDUCACAO INFANTIL MENINO DE NAZARE;-25.48038164;-49.30212705;infantil;privada;ativa;geral;nao;RUA ANTONIO FERREIRA, 112 PORTAO. 81070-320 Curitiba - PR.
41388968;CENTRO DE EDUCACAO INFANTIL PADRE SIGISMUNDO GORAZDOWSKI;-25.47715855;-49.30980882;infantil;privada;ativa;geral;nao;RUA JOAO BETTEGA, 1654 PREDIO. PORTAO. 81070-001 Curitiba - PR.
41352971;CENTRO DE EDUCACAO INFANTIL PATYLIS LTDA;-25.48280000;-49.27103000;infantil;privada;ativa;geral;nao;AVENIDA SANTA BERNADETHE, 1953 CASA. FANNY. 81030-270 Curitiba - PR.
41387511;CENTRO DE EDUCACAO INFANTIL PEQUENO GENIO;-25.43034000;-49.23647000;infantil;privada;ativa;geral;nao;RUA FREI ORLANDO, 1009 ESCOLA. JARDIM SOCIAL. 82530-040 Curitiba - PR.
41147243;CENTRO DE EDUCACAO INFANTIL PRINCIPIUS DA VIDA;-25.37277000;-49.21831000;infantil;privada;ativa;geral;nao;ESTRADA DE SANTA CANDIDA, 332 SANTA CANDIDA. 82630-490 Curitiba - PR.
41160096;CENTRO DE EDUCACAO INFANTIL PROJETO 21 MOSSUNGUE;-25.43461920;-49.32692410;infantil;privada;ativa;geral;nao;RUA DOMINGOS IMBRONIZIO, 329 MOSSUNGUE. 81200-070 Curitiba - PR.
41616952;CENTRO DE EDUCACAO INFANTIL RAIZES;-25.41819000;-49.34384000;infantil;privada;ativa;geral;nao;RUA CARLOS CHAGAS, 113 SAO BRAZ. 82015-420 Curitiba - PR.
41159020;CENTRO DE EDUCACAO INFANTIL SESI CRESCER NA INDUSTRIA;-25.53327455;-49.32722825;infantil;privada;ativa;geral;nao;JUSCELINO KUBITSCHEK DE OLIVEIRA, 1800 CIDADE INDUSTRIAL. 81460-900 Curitiba - PR.
41146352;CENTRO DE EDUCACAO INFANTIL TOP KIDS LTDA;-25.49105000;-49.31002000;infantil;privada;ativa;geral;nao;RUA FIORAVANTE SLAVIERO, 811 NOVO MUNDO. 81050-400 Curitiba - PR.
41149459;CENTRO DE EDUCACAO INFANTIL TURMINHA AMAI;-25.49392737;-49.25943718;infantil;privada;ativa;geral;nao;RUA ANTONIO REBELATTO, 1212 BOQUEIRAO. 81670-230 Curitiba - PR.
41387350;CENTRO DE EDUCACAO INFANTIL VILA SOFIA;-25.40914000;-49.24098000;infantil;privada;ativa;geral;nao;AVENIDA NOSSA SENHORA DA LUZ, 673 ESQUINA. BACACHERI. 82510-020 Curitiba - PR.
41377060;CENTRO DE EDUCACAO PROFISSIONAL DE DESIGN ARTES E PROFISSOES;-25.39522000;-49.25785000;;privada;paralisada;geral;nao;AVENIDA ANITA GARIBALDI, 1993 AHU. 82200-530 Curitiba - PR.
41152530;CENTRO DE EDUCACAO PROFISSIONAL DO SINELTEPAR;-25.47403595;-49.26398173;;privada;paralisada;geral;nao;RUA CORONEL IZALTINO PINHO, 437 FANNY. 81030-160 Curitiba - PR.
41156560;CENTRO DE EDUCACAO PROFISSIONAL EXITUM;-25.44192333;-49.26928000;;privada;ativa;geral;nao;RUA ITUPAVA, 90 ALTO DA RUA XV. 80045-140 Curitiba - PR.
41388917;CENTRO DE EDUCACAO PROFISSIONAL HERRERO;-25.47436000;-49.29120833;;privada;ativa;geral;nao;RUA ALVARO ANDRADE, 345 PORTAO. 80610-240 Curitiba - PR.
41128133;CENTRO DE EDUCACAO PROFISSIONAL POSITIVO CATARINA LABOURE;-25.43440627;-49.28827914;;privada;paralisada;geral;nao;ALFERES ANGELO SAMPAIO, 2300 BIGORRILHO. 80710-460 Curitiba - PR.
41388178;CENTRO DE EDUCACAO PROFISSIONAL RUI BARBOSA;-25.43218364;-49.27458571;;privada;ativa;geral;nao;AVENIDA LUIZ XAVIER, 75 PREDIO EDIFICIO CURI. CENTRO. 80020-020 Curitiba - PR.
41382293;CENTRO DE EDUCACAO PROFISSIONAL SEDUC;-25.47361000;-49.29405000;;privada;paralisada;geral;nao;AVENIDA REPUBLICA ARGENTINA, 3109 PORTAO. 80610-260 Curitiba - PR.
41154533;CENTRO DE EDUCACAO PROFISSIONAL UNITEC;-25.43673000;-49.26472000;;privada;ativa;geral;nao;AVENIDA SETE DE SETEMBRO, 2654 CENTRO. 80230-010 Curitiba - PR.
41381050;CENTRO DE EDUCACAO TECNOLOGICA TUPY;-25.56514000;-49.30863000;;privada;paralisada;geral;nao;RODOVIA BR-116, 18805 KM 106,5. PINHEIRINHO. 81690-300 Curitiba - PR.
41157800;CENTRO DE ENSINO GRAU TECNICO CURITIBA;-25.43933374;-49.27134829;;privada;ativa;geral;nao;AVENIDA SETE DE SETEMBRO, 3293 REBOUCAS. 80230-010 Curitiba - PR.
41607937;CENTRO EDUC PROFIS IBREPPR;-25.43264396;-49.27731978;;privada;ativa;geral;nao;AV. SETE DE SETEMBRO, 4682 15 ANDAR. BATEL. 80240-000 Curitiba - PR.
41150430;CENTRO EDUC PROFIS MACHADO DE ASSIS - FAMA;-25.38089000;-49.22814000;;privada;ativa;geral;nao;FLAVIO DALLEGRAVE, 4390 BACACHERI. 80045-250 Curitiba - PR.
41156552;CENTRO EDUCACIONAL DEMOCRATA;-25.42821000;-49.27889000;;privada;ativa;geral;nao;RUA ANDRE DE BARROS, 626 2 ANDAR. CENTRO. 80010-080 Curitiba - PR.
41395670;CENTRO EDUCACIONAL EVANGELICO;-25.48250325;-49.33886092;fundamental_i|fundamental_ii;privada;ativa;geral;nao;RUA SAO SIDONIO APOLINARIO, 329 CIDADE INDUSTRIAL. 81250-490 Curitiba - PR.
41130391;CENTRO EDUCACIONAL KAMBALHOTA LTDA;-25.45160374;-49.29864464;infantil;privada;ativa;geral;nao;AVENIDA SILVA JARDIM, 4063 AGUA VERDE. 80240-021 Curitiba - PR.
41129857;CENTRO EST EDUC PROFIS DE CURITIBA;-25.49602443;-49.24265140;;estadual;ativa;geral;nao;RUA FREDERICO MAURER, 3015 BOQUEIRAO. 81670-020 Curitiba - PR.
41387449;CENTRO PARANAENSE DE FORMACAO TECNICA LTDA;-25.42975000;-49.26209000;;privada;paralisada;geral;nao;RUA BENJAMIN CONSTANT, 272 ESQ. RUA FCO TORRES. CENTRO. 80060-020 Curitiba - PR.
41154207;CENTRO UNIVERSITARIO CAMPOS DE ANDRADE - UNIANDRADE;-25.45464000;-49.31566000;;privada;paralisada;geral;nao;RUA MARUMBY, 283 UNIANDRADE. CAMPO COMPRIDO. 81220-090 Curitiba - PR.
41154304;CENTRO UNIVERSITARIO TUPY CURITIBA POLO CURITIBA;-25.56514000;-49.30863000;;privada;paralisada;geral;nao;RODOVIA BR116, 18805 KM 106,5. PINHEIRINHO. 81690-300 Curitiba - PR.
41128273;CENTRO VOC LEG DE CRISTO EEF;-25.40383000;-49.36985000;fundamental_ii;privada;ativa;geral;nao;RUA BRASILIO CUMAN, 1757 BUTIATUVINHA. 82315-010 Curitiba - PR.
41128281;CERRO AZUL E MEI EF;-25.39076950;-49.21662613;infantil|fundamental_i;municipal;ativa;geral;nao;RUA CEL BENEDITO TERTULIANO CORDEIRO, 53 TINGUI. 82600-190 Curitiba - PR.
41128290;CEU AZUL C E I;-25.40105724;-49.22910274;infantil;privada;ativa;geral;sim;RUA SARGENTO ALPENDRE, 42 BACACHERI. 82515-120 Curitiba - PR.
41156200;CIEBJA UNINTER EF M P;-25.42858651;-49.27378933;;privada;ativa;geral;nao;RUA DO ROSARIO, 147 CENTRO. 80020-110 Curitiba - PR.
41352815;CINDERELA C M E I;-25.38950488;-49.28393346;infantil;municipal;ativa;geral;nao;RUA DAVID HUME, 26 PILARZINHO. 82110-290 Curitiba - PR.
41410823;CIRO FRARE C M E I;-25.55712085;-49.25213213;infantil;municipal;ativa;geral;nao;R MARIA CLARA DE JESUS, 215 GANCHINHO. 81935-386 Curitiba - PR.
41149343;CLARICE ROCHA DA ROSA C M E I PROFA;-25.54346911;-49.24422977;infantil;municipal;ativa;geral;nao;RUA ALM DONADELLO, 242 ALTO BOQUEIRAO. 81850-600 Curitiba - PR.
41128354;CLAUDIO ABRAMO E M JORN CEIEI EF;-25.50834191;-49.30173574;infantil|fundamental_i;municipal;ativa;geral;nao;RUA OURO VERDE, 655 CAPAO RASO. 81130-130 Curitiba - PR.
41128362;CLAUDIO MORELLI C E PEEF M;-25.56911010;-49.28539166;fundamental_ii;estadual;ativa;geral;nao;RUA LUIZ NICHELE, 8 UMBARA. 81940-290 Curitiba - PR.
41128389;CLETO C E PROFEF M PROFIS;-25.42777439;-49.28062982;fundamental_ii;estadual;ativa;geral;nao;RUA VISCONDE DE NACAR, 544 CENTRO. 80410-200 Curitiba - PR.
41371755;COL CATOLICA DE CURITIBA ED INF ENS FUND MEDIO;-25.40627921;-49.27629204;infantil|fundamental_i|fundamental_ii;privada;ativa;geral;nao;RUA NILO PECANHA, 1635 SAO FRANCISCO. 80520-000 Curitiba - PR.
41128699;COL CURITIBANO ADVENTISTA BOM RETIRO - EIEFM;-25.41559209;-49.27465327;infantil|fundamental_i|fundamental_ii;privada;ativa;geral;nao;RUA NILO PECANHA, 501 SAO FRANCISCO. 80520-000 Curitiba - PR.
41131959;COL OPET ENSINO MEDIO E PROFISSIONAL;-25.44223000;-49.26901000;;privada;paralisada;geral;nao;AVENIDA IGUACU, 755 REBOUCAS. 80230-020 Curitiba - PR.
41128427;COLBACCHINI E E PEEF;-25.39204833;-49.34783167;fundamental_ii;estadual;ativa;geral;nao;RUA CAETANO ALESSI, 30 BUTIATUVINHA. 82400-290 Curitiba - PR.
41385853;COLEGIO ACESSO ANDRE DE BARROS - ENSINO MEDIO;-25.43383902;-49.26613184;;privada;paralisada;geral;nao;RUA ANDRE DE BARROS, 678. CENTRO. 80010-080 Curitiba - PR.
41129407;COLEGIO ADVENTISTA ALTO BOQUEIRAO - EIEFM;-25.52346745;-49.24895496;infantil|fundamental_i|fundamental_ii;privada;ativa;geral;nao;RUA BOM PASTOR, 606 ALTO BOQUEIRAO. 81720-310 Curitiba - PR.
41129393;COLEGIO ADVENTISTA BOQUEIRAO - EIEFEM;-25.48884000;-49.24522000;infantil|fundamental_i|fundamental_ii;privada;ativa;geral;nao;RUA CLETO DA SILVA, 2260 BOQUEIRAO. 81670-450 Curitiba - PR.
41374010;COLEGIO ADVENTISTA CENTENARIO - EIEFM;-25.46643922;-49.21089928;infantil|fundamental_i|fundamental_ii;privada;ativa;geral;nao;RUA ARGELIA, 85 CAJURU. 82960-200 Curitiba - PR.
41133005;COLEGIO ADVENTISTA PORTAO - EIEFM;-25.48218252;-49.29827912;infantil|fundamental_i|fundamental_ii;privada;ativa;geral;nao;RUA FREI GASPAR DA MADRE DE DEUS, 707 PORTAO. 81070-090 Curitiba - PR.
41152425;COLEGIO AMPLACAO ED INFANTIL ENSINO FUNDAMENTAL E MEDIO LTDA;-25.51961000;-49.30450000;infantil|fundamental_i|fundamental_ii;privada;ativa;geral;nao;RUA BRAZILIO DE ARAUJO, 799 CIDADE INDUSTRIAL. 81312-050 Curitiba - PR.
41127552;COLEGIO BASTOS MAIA - ENS PRE ESCOLAR DE PRIMEIRO GRAU;-25.51737936;-49.24406938;infantil|fundamental_i|fundamental_ii;privada;ativa;geral;nao;RUA DIOGO MUGIATTI, 3057 COLEGIO. BOQUEIRAO. 81750-440 Curitiba - PR.
41128648;COLEGIO BATISTA MARANATA;-25.40714831;-49.20992254;infantil|fundamental_i|fundamental_ii;privada;ativa;geral;nao;AVENIDA DA INTEGRACAO, 1283 BAIRRO ALTO. 82840-290 Curitiba - PR.
41127722;COLEGIO BOM JESUS ED INFANTIL ENSINO FUNDAMENTAL E MEDIO SEDE;-25.43786945;-49.27350823;fundamental_i|fundamental_ii;privada;ativa;geral;nao;RUA 24 DE MAIO, 135 ESCOLA. CENTRO. 80230-080 Curitiba - PR.
41131673;COLEGIO BOM JESUS NOSSA SENHORA DE LOURDES ED INF ENS FUND E MEDIO;-25.43487765;-49.24723650;infantil|fundamental_i|fundamental_ii;privada;ativa;geral;nao;FIORAVANTE DALLA STELLA, 90 COLEGIO. CRISTO REI. 80050-150 Curitiba - PR.
41148177;COLEGIO CRISTAO DE CURITIBA - EDUC INF ENS FUND I E II E ENS MEDIO;-25.35417000;-49.26112000;infantil|fundamental_i|fundamental_ii;privada;ativa;geral;nao;RUA DAVID BODZIAK, 207 CACHOEIRA. 82710-260 Curitiba - PR.
41377460;COLEGIO DE EDUCACAO CRISTA ACADEMICA- EDUCACAO INFANTIL ENSINO FUNDAMENTAL E ENSINO MEDIO;-25.49078575;-49.27433685;infantil|fundamental_i|fundamental_ii;privada;ativa;geral;nao;RUA MAJOR VICENTE DE CASTRO, 2575 FANNY. 81030-020 Curitiba - PR.
41128770;COLEGIO DECISIVO CRISTO REI EDUCACAO INFANTIL ENSINO FUNDAMENTAL E MEDIO;-25.43263878;-49.24888470;infantil|fundamental_i|fundamental_ii;privada;ativa;geral;nao;RUA DO HERVAL, 801 CRISTO REI. 80050-205 Curitiba - PR.
41148142;COLEGIO DO BOSQUE MANANCIAIS;-25.39262037;-49.26741378;infantil|fundamental_i|fundamental_ii;privada;ativa;geral;nao;RUA JOSE KORMANN, 940 SAO LOURENCO. 82200-440 Curitiba - PR.
41377168;COLEGIO DOM BOSCO BATEL;-25.44718788;-49.29377155;infantil|fundamental_i|fundamental_ii;privada;ativa;geral;nao;AV VISCONDE DE GUARAPUAVA, 5581 BATEL. 80240-010 Curitiba - PR.
41146476;COLEGIO DOM BOSCO MERCES EDUCACAO INFANTIL ENSINO FUNDAMENTAL E MEDIO;-25.41773000;-49.29504000;infantil|fundamental_i|fundamental_ii;privada;ativa;geral;nao;RUA PAULO MARTINS, 314 MERCES. 80710-010 Curitiba - PR.
41160150;COLEGIO DOM BOSCO SETE DE SETEMBRO;-25.44735367;-49.29357156;;privada;paralisada;geral;nao;AV SETE DE SETEMBRO, 5760 BATEL. 80240-001 Curitiba - PR.
41127781;COLEGIO DOM BOSCO UNIDADE AHU;-25.40690320;-49.26116184;fundamental_i|fundamental_ii;privada;ativa;geral;nao;RUA FRANCISCO DE PAULA GUIMARAES, 610 AHU. 80540-040 Curitiba - PR.
41377540;COLEGIO DYNAMICO;-25.42796000;-49.27185000;;privada;ativa;geral;nao;LARGO CORONEL ENEAS, 14 SAO FRANCISCO. 80020-150 Curitiba - PR.
41150120;COLEGIO E CURSO ACESSO;-25.41021977;-49.34611262;fundamental_i|fundamental_ii;privada;ativa;geral;nao;AV VEREADOR TOALDO TULIO, 1930 SANTA FELICIDADE. 82320-010 Curitiba - PR.
41602919;COLEGIO E CURSO ACESSO;-25.49520072;-49.24133755;infantil|fundamental_i|fundamental_ii;privada;ativa;geral;nao;AV MAL FLORIANO PEIXOTO, 7780 BOQUEIRAO. 81650-000 Curitiba - PR.
41390024;COLEGIO E CURSO ELITE CURITIBA;-25.43608833;-49.27720333;;privada;ativa;geral;nao;EMILIANO PERNETA, 566 CENTRO. 80420-080 Curitiba - PR.
41127480;COLEGIO ELITE CONTEMPORANEO EI EF M;-25.49078000;-49.31182000;infantil|fundamental_i|fundamental_ii;privada;ativa;geral;nao;RUA PROFESSORA DONA LULU, 414 NOVO MUNDO. 81050-370 Curitiba - PR.
41377508;COLEGIO ENERGIA ATIVA - EDUCACAO INFANTIL ENSINO FUNDAMENTAL E MEDIO;-25.53583000;-49.28355000;infantil|fundamental_i|fundamental_ii;privada;ativa;geral;nao;RUA IZAAC FERREIRA DA CRUZ, 1905 SITIO CERCADO. 81900-000 Curitiba - PR.
41376846;COLEGIO ENSITEC - ENSINO FUNDAMENTAL MEDIO E PROFISSIONAL;-25.46746553;-49.29190833;fundamental_i|fundamental_ii;privada;ativa;geral;nao;RUA ANTONIO PIETRUZA, 45 PORTAO. 80610-320 Curitiba - PR.
41129148;COLEGIO ERASTO GAERTNER;-25.50808352;-49.25216129;infantil|fundamental_i|fundamental_ii;privada;ativa;geral;nao;RUA PASTOR DAVID KOOP, 189 BOQUEIRAO. 81670-340 Curitiba - PR.
41159136;COLEGIO ESIC - ENSINO MEDIO;-25.48331540;-49.25650910;fundamental_i|fundamental_ii;privada;ativa;geral;nao;RUA PADRE DEHON, 814 HAUER. 81630-090 Curitiba - PR.
41387392;COLEGIO EVEREST INTERNACIONAL - EFM;-25.40325000;-49.36998000;fundamental_i|fundamental_ii;privada;ativa;geral;nao;RUA BRASILIO CUMAN, 2500 PREDIO. SAO BRAZ. 82315-010 Curitiba - PR.
41129830;COLEGIO IMACULADA CONCEICAO;-25.40182250;-49.33090640;infantil|fundamental_i|fundamental_ii;privada;ativa;geral;nao;AVENIDA MANOEL RIBAS, 6318 SANTA FELICIDADE. 82400-000 Curitiba - PR.
41387414;COLEGIO INTEGRAL SIEN - ENSINO MEDIO E PROFISSIONAL;-25.44076000;-49.26739000;;privada;paralisada;geral;nao;AVENIDA MARECHAL FLORIANO PEIXOTO, 1226 REBOUCAS. 80230-110 Curitiba - PR.
41129890;COLEGIO INTERNACIONAL DE CURITIBA - EDUCACAO INFANTIL ENSINO FUNDAMENTAL E MEDIO;-25.36923000;-49.32696000;infantil|fundamental_i|fundamental_ii;privada;ativa;geral;nao;AVENIDA DOUTOR EUGENIO BERTOLLI, 3900 SANTA FELICIDADE. 82410-530 Curitiba - PR.
41387384;COLEGIO IRMAO MARIO CRISTOVAO - TECPUC - ENSINO MEDIO E PROFISSIONAL;-25.44900667;-49.24983833;;privada;paralisada;geral;nao;RUA IMACULADA CONCEICAO, 1155 PRADO VELHO. 80215-901 Curitiba - PR.
41127242;COLEGIO MARISTA ANJO DA GUARDA EI EF EM;-25.40373727;-49.30899460;infantil|fundamental_i|fundamental_ii;privada;ativa;geral;nao;RUA JOSE VALLE, 751 SANTA FELICIDADE. 82020-250 Curitiba - PR.
41132130;COLEGIO MARISTA PARANAENSE EI EF EM;-25.44752000;-49.29755000;infantil|fundamental_i|fundamental_ii;privada;ativa;geral;nao;RUA BISPO DOM JOSE, 2674 SEMINARIO. 80440-080 Curitiba - PR.
41133153;COLEGIO MARISTA SANTA MARIA EI EF EM;-25.38854360;-49.26883296;infantil|fundamental_i|fundamental_ii;privada;ativa;geral;nao;RUA PROFESSOR JOAQUIM DE MATOS BARRETO, 98 SAO LOURENCO. 82200-210 Curitiba - PR.
41131215;COLEGIO MILITAR DE CURITIBA;-25.42729000;-49.22669000;fundamental_ii;federal;ativa;geral;nao;PRACA CONSELHEIRO TOMAS COELHO, 01 TARUMA. 82800-030 Curitiba - PR.
41131304;COLEGIO MODELO DO PARANA - C-EI EF M;-25.47093000;-49.21177000;infantil|fundamental_i|fundamental_ii;privada;ativa;geral;nao;RUA ENGENHEIRO BENEDITO MARIO DA SILVA, 95, CAJURU. 82970-000 Curitiba - PR.
41131630;COLEGIO NOSSA SENHORA DE SION - EDUCACAO INFANTIL ENSINO FUNDAMENTAL E MEDIO;-25.43689500;-49.28409167;infantil|fundamental_i|fundamental_ii;privada;ativa;geral;nao;ALAMEDA PRESIDENTE TAUNAY, 260 BATEL. 80420-180 Curitiba - PR.
41130227;COLEGIO NOSSA SENHORA DE SION-SOLITUDE- EIEFEM;-25.47621729;-49.20477246;infantil|fundamental_i|fundamental_ii;privada;ativa;geral;nao;RODOVIA BR-277 CURITIBA-PARANAGUA, 4761 CAJURU. 82970-025 Curitiba - PR.
41131711;COLEGIO NOSSA SENHORA DO SAGRADO CORACAO;-25.53455128;-49.29513659;infantil|fundamental_i|fundamental_ii;privada;ativa;geral;nao;RUA NICOLA PELLANDA, 699 PINHEIRINHO. 81880-000 Curitiba - PR.
41131690;COLEGIO NOSSA SENHORA MEDIANEIRA;-25.45353830;-49.24733195;infantil|fundamental_i|fundamental_ii;privada;ativa;geral;nao;JOSE RICHA, 10.546 PRADO VELHO. 81690-100 Curitiba - PR.
41131703;COLEGIO PASSIONISTA NOSSA SENHORA MENINA;-25.41506000;-49.25119000;infantil|fundamental_i|fundamental_ii;privada;ativa;geral;nao;R. BOM JESUS, 881 80035-010 Curitiba - PR.
41129318;COLEGIO POSITIVO AGUA VERDE - EDUCACAO INFANTIL ENSINO FUNDAMENTAL E MEDIO;-25.44989976;-49.27459007;infantil|fundamental_i|fundamental_ii;privada;ativa;geral;nao;RUA DR PEDRO AUGUSTO MENNA BARRETO MON, 457 AGUA VERDE. 80250-040 Curitiba - PR.
41132599;COLEGIO POSITIVO ANGELO SAMPAIO - ENSINO MEDIO;-25.43444198;-49.28810153;;privada;ativa;geral;nao;RUA ALFERES ANGELO SAMPAIO, 2300 BIGORRILHO. 80730-460 Curitiba - PR.
41129326;COLEGIO POSITIVO BOA VISTA - EDUCACAO INFANTIL ENSINO FUNDAMENTAL E MEDIO;-25.39189246;-49.24269978;infantil|fundamental_i|fundamental_ii;privada;ativa;geral;nao;RUA CARLOS DE CAMPOS, 1090 BOA VISTA. 82560-430 Curitiba - PR.
41158750;COLEGIO POSITIVO HAUER - ENSINO MEDIO;-25.48304269;-49.24503322;;privada;ativa;geral;nao;RUA ANNE FRANK, 1919 HAUER. 81610-020 Curitiba - PR.
41152484;COLEGIO POSITIVO INTERNATIONAL SCHOOL - EDUCACAO INFANTIL ENSINO FUNDAMENTAL E MEDIO;-25.44506923;-49.36064213;infantil|fundamental_i|fundamental_ii;privada;ativa;geral;nao;RUA PROFESSOR PEDRO VIRIATO PARIGOT DE SOUZA, 5300 CAMPO COMPRIDO. 81280-330 Curitiba - PR.
41376943;COLEGIO POSITIVO JARDIM AMBIENTAL EDUCACAO INFANTIL ENSINO FUNDAMENTAL E MEDIO;-25.42213546;-49.25127790;infantil|fundamental_i|fundamental_ii;privada;ativa;geral;nao;RUA ITUPAVA, 985 HUGO LANGE. 80040-455 Curitiba - PR.
41352998;COLEGIO POSITIVO SETE DE SETEMBRO ENSINO MEDIO;-25.44246145;-49.27949105;;privada;paralisada;geral;nao;SETE DE SETEMBRO, 4228 CENTRO. 80250-210 Curitiba - PR.
41355644;COLEGIO POSITIVO VICENTE MACHADO - ENSINO MEDIO;-25.43449617;-49.27964310;;privada;ativa;geral;nao;AV VICENTE MACHADO, 317 CENTRO. 80420-010 Curitiba - PR.
41155254;COLEGIO SABER - EM;-25.43543000;-49.26664000;;privada;ativa;geral;nao;RUA ALFERES POLI, 1982 REBOUCAS. 80220-050 Curitiba - PR.
41133048;COLEGIO SAGRADO CORACAO DE JESUS;-25.44445379;-49.27691739;infantil|fundamental_i|fundamental_ii;privada;ativa;geral;nao;AVENIDA IGUACU, 1550 REBOUCAS. 80250-190 Curitiba - PR.
41133072;COLEGIO SAINT GERMAIN LTDA;-25.40938000;-49.22725000;;privada;paralisada;geral;nao;RUA DOUTOR LUIZ FERNANDO VAN DER BROOCKE, 176 BACACHERI. 82520-730 Curitiba - PR.
41155815;COLEGIO SANTO ANJO BARIGUI ENS FUNDAMENTAL E ENS MEDIO;-25.43250270;-49.32461151;fundamental_i|fundamental_ii;privada;ativa;geral;nao;ROD CURITIBA PONTA GROSSA, 1115 MOSSUNGUE. 82305-100 Curitiba - PR.
41133463;COLEGIO SENHORA DE FATIMA ED INF ENSINO FUND MEDIO SC LTDA;-25.50650267;-49.27394274;infantil|fundamental_i|fundamental_ii;privada;ativa;geral;nao;RUA GABRIEL FRECCEIRO DE MIRANDA, 2230 XAXIM. 81810-480 Curitiba - PR.
41133480;COLEGIO SESI BOQUEIRAO EDUCACAO INFANTIL E ENSINO MEDIO;-25.51447185;-49.23422718;infantil;privada;ativa;geral;nao;RUA DOTOR HELENO DA SILVEIRA, 343 BOQUEIRAO. 81750-340 Curitiba - PR.
41133501;COLEGIO SESI CIC ENSINO FUNDAMENTAL E MEDIO;-25.49715422;-49.30914730;;privada;ativa;geral;nao;AVENIDA SENADOR ACCIOLY FILHO, 250 CIC. 81310-000 Curitiba - PR.
41618947;COLEGIO SESI FESP ENSINO MEDIO;-25.42476063;-49.26277653;;privada;paralisada;geral;nao;DOUTOR FAIVRE, 141 ALTO DA GLORIA. 80060-140 Curitiba - PR.
41154231;COLEGIO SESI INTERNACIONAL DE CURITIBA ENSINO FUNDAMENTAL E MEDIO;-25.44747266;-49.24543731;fundamental_ii;privada;ativa;geral;nao;AVENIDA COMENDADOR FRANCO, 1341 JARDIM BOTANICO. 80215-090 Curitiba - PR.
41133528;COLEGIO SESI PORTAO EDUCACAO INFANTIL ENSINO FUNDAMENTAL E MEDIO;-25.46863567;-49.30011374;infantil|fundamental_i;privada;ativa;geral;nao;RUA PADRE LEONARDO NUNES, 180 PMC. PORTAO. 80330-320 Curitiba - PR.
41128370;COLEGIO SOCIAL MADRE CLELIA;-25.50516974;-49.29693270;infantil|fundamental_i;privada;ativa;geral;nao;RUA PROF WALDIR DE JESUS, 90 CAPAO RASO. 81130-110 Curitiba - PR.
41387791;COLEGIO SPEI - ENSINO MEDIO E EDUCACAO PROFISSIONAL;-25.43138000;-49.27791000;;privada;paralisada;geral;nao;RUA CRUZ MACHADO, 525 CENTRO. 80410-170 Curitiba - PR.
41133692;COLEGIO STELLA MARIS;-25.41264895;-49.26122555;infantil|fundamental_i|fundamental_ii;privada;ativa;geral;nao;RUA ROCHA POMBO, 792 JUVEVE. 80530-290 Curitiba - PR.
41381149;COLEGIO STELLA MARIS;-25.50430000;-49.27025333;infantil;privada;ativa;geral;nao;RUA JOSE CAMPANELI, 43 XAXIM. 81810-610 Curitiba - PR.
41387538;COLEGIO STELLA MARIS;-25.50387167;-49.26980833;fundamental_i|fundamental_ii;privada;ativa;geral;nao;RUA PROFESSOR NARCISO MENDES, 484 XAXIM. 81810-520 Curitiba - PR.
41381882;COLEGIO TECNICO DE CURITIBA - ENSINO MEDIO E PROFISSIONAL;-25.47909000;-49.29663000;;privada;paralisada;geral;nao;RUA ITACOLOMI, 450 PORTAO. 81070-150 Curitiba - PR.
41133285;COLEGIO VICENTINO SAO JOSE;-25.38252950;-49.27282914;infantil|fundamental_i|fundamental_ii;privada;ativa;geral;nao;RUA PADRE JOSE JOAQUIM GORAL, 182 ABRANCHES. 82130-210 Curitiba - PR.
41159551;COLEGIO VILA MILITAR LTDA;-25.44719195;-49.26558204;fundamental_ii;privada;ativa;geral;nao;RUA ALMIRANTE GONCALVES, 1423 REBOUCAS. 80230-060 Curitiba - PR.
41128443;COLMEIAS C E I;-25.48184952;-49.25358406;infantil;privada;ativa;geral;sim;RUA DR JULIO CESAR RIBEIRO DE SOUZA, 1332 VL HAUER. 81630-200 Curitiba - PR.
41128451;COLOMBO E MEI EF;-25.53750763;-49.27773295;infantil|fundamental_i;municipal;ativa;geral;nao;RUA IZAAC FERREIRA DA CRUZ, 2591 SITIO CERCADO. 81900-000 Curitiba - PR.
41355636;COLOMBO I C M E I;-25.48947500;-49.33184833;infantil;municipal;ativa;geral;nao;RUA JOAO ANTONIO BRAGA CORTES, 754 FAZENDINHA. 81330-020 Curitiba - PR.
41128460;COLONIA AUGUSTA E MEI EF;-25.47875471;-49.35979446;fundamental_i;municipal;ativa;geral;nao;RUA STANISLAU FELIBRANTE, 80 AUGUSTA. 81265-340 Curitiba - PR.
41353633;COMECO DE VIDA C E I;-25.51090167;-49.27250667;infantil;privada;ativa;geral;sim;RUA DANTE HONORIO, 900 XAXIM. 81830-095 Curitiba - PR.
41381165;COMO VIVER ESC EDUC INF ENS FUND;-25.45018371;-49.34355733;;privada;paralisada;geral;nao;RUA JUVINO RANSOLIM, 501 CAMPO COMPRIDO. 81270-480 Curitiba - PR.
41355784;CONJUNTO ARAGUAIA C M E I;-25.43750129;-49.20575688;infantil;municipal;ativa;geral;nao;RUA PROFA ANTONIA REGINATO VIANNA, 1250 CAPAO DA IMBUIA. 82810-300 Curitiba - PR.
41353846;CONJUNTO ARAUCARIA C M E I;-25.50976118;-49.26290600;infantil;municipal;ativa;geral;nao;RUA ROBERTO BARBOSA DE ALMEIDA, 152 ALTO BOQUEIRAO. 81850-720 Curitiba - PR.
41356330;CONJUNTO ATENAS II C M E I;-25.45452029;-49.35396141;infantil;municipal;ativa;geral;nao;RUA CIDADE DE CORONEL FREITAS, 260 CAMPO COMPRIDO. 81270-240 Curitiba - PR.
41356314;CONJUNTO CAMPONESA C M E I;-25.43576248;-49.35037522;infantil;municipal;ativa;geral;nao;RUA JOSE TISSI, 146 CIC. 81280-070 Curitiba - PR.
41355938;CONJUNTO CANANEIA C M E I;-25.47662767;-49.33927037;infantil;municipal;ativa;geral;nao;RUA CIDADE DE VARGEAO, 69 CIC. 81240-190 Curitiba - PR.
41356373;CONJUNTO ILHA BELA C M E I;-25.46503000;-49.34216000;infantil;municipal;ativa;geral;nao;RUA ARARANGUA, 381 CIC. 81230-090 Curitiba - PR.
41353927;CONJUNTO IRACEMA C M E I;-25.44208620;-49.20478927;infantil;municipal;ativa;geral;nao;RUA JORGE LUIS DELLA COLETTA, 65 CAPAO DA IMBUIA. 82810-590 Curitiba - PR.
41355903;CONJUNTO ITATIAIA C M E I;-25.47523315;-49.34748709;infantil;municipal;ativa;geral;nao;RUA NICOLAU VOROBI, 265 CIC. 81250-210 Curitiba - PR.
41355890;CONJUNTO MERCURIO C M E I;-25.46783502;-49.19818701;infantil;municipal;ativa;geral;nao;RUA LAISLAU MIKOCZ, 133 CAJURU. 82970-170 Curitiba - PR.
41356420;CONJUNTO MONTEVERDI C M E I;-25.48628064;-49.34872425;infantil;municipal;ativa;geral;nao;RUA TRES CORACOES, 179 SANTA FELICIDADE. 82410-480 Curitiba - PR.
41356667;CONJUNTO NOSSA SRA DA LUZ II C M E I;-25.50425368;-49.32100125;infantil;municipal;ativa;geral;nao;RUA HUMBERTO CALIXTO FRUET, 321 CIC. 81315-670 Curitiba - PR.
41355865;CONJUNTO PAQUETA I E II C M E I;-25.47311000;-49.34404000;infantil;municipal;ativa;geral;nao;RUA SAO MIGUEL DO OESTE, 25 CIC. 81240-260 Curitiba - PR.
41356462;CONJUNTO PIQUIRI C M E I;-25.43618701;-49.34133634;infantil;municipal;ativa;geral;nao;RUA PROF HUGO HOHMANN, 70 CAMPO COMPRIDO. 81200-530 Curitiba - PR.
41356721;COQUEIROS C M E I;-25.53360756;-49.25818702;infantil;municipal;ativa;geral;nao;RUA DAVID TOWS, 2350 SITIO CERCADO. 81910-440 Curitiba - PR.
41160010;CORINA FERREIRA FERRAZ C M E I;-25.49206598;-49.19851794;infantil;municipal;ativa;geral;nao;RUA WALDOMIRO DALDIGAN, 1421 UBERABA. 81590-040 Curitiba - PR.
41128575;COSMOS ESC - EDUC INF ENS FUND;-25.43230648;-49.25832507;infantil|fundamental_i|fundamental_ii;privada;ativa;geral;nao;RUA GENERAL CARNEIRO, 1149 CENTRO. 80060-150 Curitiba - PR.
41156110;CREATIVITA C E I;-25.44020628;-49.28930121;infantil;privada;ativa;geral;nao;RUA ILDEFONSO BORBA CORDEIRO, 60 BATEL. 80420-140 Curitiba - PR.
41128591;CRESCENDO FELIZ PRE ESC;-25.46607365;-49.28519159;infantil;privada;ativa;geral;nao;AVENIDA DOS ESTADOS, 709 AGUA VERDE. 80610-040 Curitiba - PR.
41163311;CRIANCA EM FOCO CEI;-25.43212845;-49.28597647;infantil;privada;ativa;geral;nao;ALAMEDA AUGUSTO STELFELD, 1262 BIGORRILHO. 80430-140 Curitiba - PR.
41157737;CRIANDO E BRINCANDO C E I;-25.39011533;-49.23284124;infantil;privada;ativa;geral;sim;RUA HILDEBRANDO DULCIO, 470 BACACHERI. 82510-390 Curitiba - PR.
41380517;CRIAR JARDIM SOCIAL C E I;-25.41163204;-49.23452522;infantil;privada;ativa;geral;nao;RUA ADELAIDE STRESSER SCHELEDER, 01 CASA. JARDIM SOCIAL. 82520-200 Curitiba - PR.
41147030;CRISTA APRENDER E VIVER EEI EF;-25.49401498;-49.20728107;infantil|fundamental_i|fundamental_ii;privada;ativa;geral;nao;RUA CAPITAO LEONIDAS MARQUES, 3649 UBERABA. 81550-000 Curitiba - PR.
41147332;CRISTA HELEN LETICIA PIERCE ESCOLA;-25.39098881;-49.26500919;;privada;paralisada;geral;nao;RUA JOAO GUARIZA, 442 SAO LOURENCO. 82210-010 Curitiba - PR.
41133722;CRISTA MONTE SIAO E EI EF;-25.44095000;-49.23196000;infantil|fundamental_i|fundamental_ii;privada;ativa;geral;nao;RUA ANTONIO OLIVIO RODRIGUES, 78 CAJURU. 82800-260 Curitiba - PR.
41160070;CRISTAO ESPACO COLORIDO C E I;-25.42348239;-49.34971372;infantil;privada;ativa;geral;nao;RUA ANGELO CARON, 486 SAO BRAZ. 82300-470 Curitiba - PR.
41128664;CRUZEIRO DO SUL C E CMEF M P;-25.36717325;-49.21071200;fundamental_ii;estadual;ativa;geral;nao;RUA DO BUDA, 8 SANTA CANDIDA. 82630-370 Curitiba - PR.
41128672;CURITIBA ANO E M CEIEF;-25.41447323;-49.20646096;infantil|fundamental_i;municipal;ativa;geral;nao;RUA JORNALISTA ALCEU CHICHORRO, 160 BAIRRO ALTO. 82820-290 Curitiba - PR.
41356063;CURITIBA C M E I;-25.44852379;-49.27107831;infantil;municipal;ativa;geral;nao;RUA LAMENHA LINS, 1443 CENTRO. 80250-020 Curitiba - PR.
41378717;DALAGASSA C M E I;-25.55944000;-49.31739000;infantil;municipal;ativa;geral;nao;RUA MATHEUS LUIZ DALAGASSA, 200 TATUQUARA. 81480-330 Curitiba - PR.
41358864;DARCY RIBEIRO E M PROFEI EF;-25.56028318;-49.33948173;infantil|fundamental_i;municipal;ativa;geral;nao;RUA ENETTE DUBARD, 90 TATUQUARA. 81470-075 Curitiba - PR.
41128737;DARIO P C VELLOZO E M PROFEI EF;-25.50933000;-49.33483000;infantil|fundamental_i;municipal;ativa;geral;nao;RUA DESEMBARGADOR CID CAMPELO, 4630 CIC. 81350-260 Curitiba - PR.
41128745;DAVID CARNEIRO E M CEIEI EF;-25.52328326;-49.26659176;infantil|fundamental_i;municipal;ativa;geral;nao;RUA JOAO BATISTA ZAGONEL PASSOS, 1197 XAXIM. 81830-290 Curitiba - PR.
41149475;DEHON - C E I PE;-25.49486000;-49.25068000;infantil;privada;ativa;geral;nao;RUA PADRE DEHON, 2290 BOQUEIRAO. 81670-100 Curitiba - PR.
41353820;DEMAWE C M E I;-25.50979299;-49.26776134;infantil;municipal;ativa;geral;nao;RUA CONSTANTINO JOSE DE ALMEIDA, 311 XAXIM. 81830-080 Curitiba - PR.
41370341;DESAFIO DO SABER C E I;-25.56490693;-49.33243090;infantil;privada;ativa;geral;sim;AV PERO VAZ DE CAMINHA, 1290 TATUQUARA. 81470-096 Curitiba - PR.
41353862;DINALVA TULIO C M E I;-25.39225264;-49.34658056;infantil;municipal;ativa;geral;nao;RUA FIRENZE, 277 FIM DA RUA SEM SAIDA. BUTIATUVINHA. 82400-180 Curitiba - PR.
41128885;DIRCE C DO AMARAL C E PROFAEF M PROFIS;-25.50600043;-49.32046314;fundamental_ii;estadual;ativa;geral;nao;RUA PAULO CESAR DE ARAUJO KALIL, 151 CIC. 81310-300 Curitiba - PR.
41128893;DITMAR BREPOHL E MEI EF;-25.47310000;-49.34795000;infantil|fundamental_i;municipal;ativa;geral;nao;RUA CLEMENTE RITZ, 420 CIC. 81250-020 Curitiba - PR.
41147340;DOCE MOMENTO BERCARIO E CEI SS;-25.49676000;-49.29166000;infantil;privada;ativa;geral;nao;RUA VEREADOR ADEODATO VOLPI, 420 CAPAO RASO. 81110-050 Curitiba - PR.
41128915;DOMINGOS ZANLORENZI C EEF M PROFIS;-25.44118500;-49.35526167;fundamental_ii;estadual;ativa;geral;nao;RUA PADRE PAULO WARKOCZ, 670 JD GABINETO. 81280-220 Curitiba - PR.
41384547;DONA BERTHA C M E I;-25.58519906;-49.33644922;infantil;municipal;ativa;geral;nao;RUA PIA LAZZARI BERTOLDI, 160 CAMPO DE SANTANA. 81490-422 Curitiba - PR.
41158369;DONA FRANCISCA WILSEK C M E I;-25.47954951;-49.35781580;infantil;municipal;ativa;geral;nao;RUA ANTONIO PAVELSKI, 217 AUGUSTA. 81265-360 Curitiba - PR.
41128958;DONATILA C DOS ANJOS E M PROFAEI EF;-25.47885817;-49.23930414;infantil|fundamental_i;municipal;ativa;geral;nao;RUA ALVORADA, 520 GUABIROTUBA. 81510-640 Curitiba - PR.
41128966;DORACY CEZARINO E EEF;-25.46211777;-49.26334641;fundamental_ii;estadual;ativa;geral;nao;RUA EUGENIO PAROLIN, 588 VL PAROLIN. 80220-340 Curitiba - PR.
41389069;DOROTHY MAE STANG C M E I IRMA;-25.42246735;-49.20781936;infantil;municipal;ativa;geral;nao;RUA MERCEDES STRESSER, 155 BAIRRO ALTO. 82820-240 Curitiba - PR.
41128974;DOUTEL DE ANDRADE E M C E IEI EF;-25.37922925;-49.24554443;fundamental_i;municipal;ativa;geral;nao;RUA DEL MIGUEL ZACARIAS, 350 BOA VISTA. 82650-090 Curitiba - PR.
41128982;DUILIO CALDERARI E MEI EF;-25.38653882;-49.26221889;infantil|fundamental_i;municipal;ativa;geral;nao;RUA JOSE SPERANCETTA, 66 SAO LOURENCO. 82210-130 Curitiba - PR.
41359569;DULCE C M E I IRMA;-25.40011063;-49.20921768;infantil;municipal;ativa;geral;nao;RUA EPAMINONDAS SANTOS, 399 BAIRRO ALTO. 82840-150 Curitiba - PR.
41148495;DUNAMYS ESCOLA;-25.40095000;-49.20138000;infantil|fundamental_i|fundamental_ii;privada;ativa;geral;nao;RUA RIO JARI, 1085 ENTRADA NA RUA LATER. BAIRRO ALTO. 82840-210 Curitiba - PR.
41146174;DURIVAL BRITTO E SILVA E M CELEF;-25.44838938;-49.21589621;fundamental_i|fundamental_ii;municipal;ativa;geral;nao;RUA EMILIO BERTOLINI, 44 CAJURU. 82920-030 Curitiba - PR.
41597893;ECOLOGICA EEI EF;-25.45001000;-49.32401000;infantil|fundamental_i;privada;ativa;geral;nao;RUA MARIA BIZINELLI, 250 CAMPO COMPRIDO. 80230-010 Curitiba - PR.
41129008;ECUMENICA EEF MOD ED ESP;-25.44393377;-49.23721324;fundamental_i;privada;ativa;exclusivo_deficiencia;sim;AV PREF LOTHARIO MEISSNER, 836 JD BOTANICO. 80210-170 Curitiba - PR.
41370635;ECUMENICA JURIL CARNASCIALLI EEF M E E;-25.44427131;-49.23708307;;privada;ativa;exclusivo_deficiencia;sim;AV PREFEITO LOTHARIO MEISSNER, 836 JD BOTANICO. 80210-170 Curitiba - PR.
41382080;EDITORA COMPROMISSO LTDA EPP;-25.46244000;-49.27843000;;privada;paralisada;geral;nao;RUA PARA, 186 CASA. AGUA VERDE. 80610-020 Curitiba - PR.
41149289;EDMUNDO LEMANSKI C M E I;-25.52430910;-49.26619174;infantil;municipal;ativa;geral;nao;RUA ABRAO JAK DUCK, 515 XAXIM. 81830-310 Curitiba - PR.
41151879;EDUCACAO INFANTIL COMECAR BEM;-25.39766919;-49.32021528;infantil;privada;ativa;geral;nao;RUA NOSSA SENHORA CONSOLADA, 05 SANTA FELICIDADE. 82030-190 Curitiba - PR.
41162153;EDUCAR COM AMOR C E I;-25.55433667;-49.25300000;infantil;privada;ativa;geral;sim;RUA JUNDIAI DO SUL, 434 SITIO CERCADO. 81935-040 Curitiba - PR.
41147014;EFETIVO COLEGIO EDUCACAO INFANTIL E ENS FUND E MEDIO;-25.46167000;-49.32518000;infantil|fundamental_i|fundamental_ii;privada;ativa;geral;nao;RUA JOAO ALENCAR GUIMARAES, 2435 CAMPO COMPRIDO. 81220-190 Curitiba - PR.
41129849;EGREGORA EEF MOD ED ESP;-25.44110798;-49.35542741;fundamental_i;privada;ativa;exclusivo_deficiencia;sim;RUA BRIGADEIRO FRANCO, 2532 AGUA VERDE. 81280-220 Curitiba - PR.
41129040;ELEVIR DIONISIO E MEI EF;-25.48373669;-49.27323622;infantil|fundamental_i;municipal;ativa;geral;nao;RUA CAP JOSE MARIA SOBRINHO, 1336 FANNY. 81030-300 Curitiba - PR.
41161122;ELIANA DA COSTA MARQUES C M E I PROFA;-25.54443833;-49.25295667;infantil;municipal;ativa;geral;nao;RUA ANTONIO SCHWARTZ, 23 SITIO CERCADO. 81920-140 Curitiba - PR.
41128656;ELIAS ABRAHAO C E PROFEF M PROFIS;-25.43149113;-49.24557041;fundamental_ii;estadual;ativa;geral;nao;AV SENADOR SOUZA NAVES, 1221 PREDIO. CRISTO REI. 80050-152 Curitiba - PR.
41373588;ELIAS JOSE C M E I ESCR;-25.53159705;-49.23413167;infantil;municipal;ativa;geral;nao;RUA ITAUNA DO SUL, 330 ALTO BOQUEIRAO. 81770-440 Curitiba - PR.
41129059;ELYSIO VIANNA C E PROF EF PROFIS;-25.46323497;-49.24631573;;estadual;paralisada;geral;nao;AV SENADOR SALGADO FILHO, 1320 GUABIROTUBA. 81510-000 Curitiba - PR.
41129067;ELZA LERNER E MEI EF;-25.46212849;-49.21461611;infantil|fundamental_i;municipal;ativa;geral;nao;RUA LUIZ FRANCA, 2873 CAJURU. 82940-090 Curitiba - PR.
41129075;EMILIANO PERNETA C E EF M;-25.38892641;-49.29440641;;estadual;paralisada;geral;nao;RUA JORNALISTA GERALDO RUSSE, 275 PILARZINHO. 82110-220 Curitiba - PR.
41129083;EMILIO DE MENEZES C EEF M PROFIS;-25.50126320;-49.30142530;fundamental_ii;estadual;ativa;geral;nao;RUA JOSE ZALESKI, 450 CAPAO RASO. 81130-060 Curitiba - PR.
41389875;ENEAS FARIA E M SENEI EF;-25.45444000;-49.19691000;infantil|fundamental_i;municipal;ativa;geral;nao;RUA LEONARDO NOVICKI, 155 CAJURU. 82930-548 Curitiba - PR.
41129091;ENEAS MARQUES DOS SANTOS E MPROF EI EF;-25.43410058;-49.21892421;infantil|fundamental_i;municipal;ativa;geral;nao;RUA OSMARIO DE LIMA, 150 CAPAO DA IMBUIA. 82810-260 Curitiba - PR.
41613937;ENGENHEIROS DO SABER CENTRO DE EDUCACAO INFANTIL;-25.41506000;-49.28570000;;privada;extinta;geral;nao;RUA DOUTOR ROBERTO BARROZO, 1720 MERCES. 80810-090 Curitiba - PR.
41149858;ENSINANDO COM PRINCIPIOS - ESCOLA;-25.47666667;-49.24664667;infantil;privada;ativa;geral;nao;RUA SAO BENTO, 391 HAUER. 81610-140 Curitiba - PR.
41129105;ENY CALDEIRA E MEI EF;-25.38864000;-49.22583000;infantil|fundamental_i;municipal;ativa;geral;nao;RUA GUILHERME IHLENFELDET, 245 BACACHERI. 82515-382 Curitiba - PR.
41151305;EONIDES TEREZINHA FERREIRA C M E I;-25.42281385;-49.33848836;infantil;municipal;ativa;geral;nao;EST DA MINA DE OURO, 955 SANTO INACIO. 82010-510 Curitiba - PR.
41592891;EQUIPE CENTRO DE EDUCACAO BASICA PARA JOVENS E ADULTOS A DISTANCIA ENS FUN E MEDIO;-25.43867000;-49.27613000;;privada;ativa;geral;nao;RUA LAMENHA LINS, 225 CENTRO. 80250-020 Curitiba - PR.
41147758;ERALDO KUSTER C M E I DR;-25.52214667;-49.30526833;infantil;municipal;ativa;geral;nao;RUA LEONARDO PIANOWSKI, 911 PINHEIRINHO. 81150-330 Curitiba - PR.
41129121;ERASMO PILOTTO E M PROFEI EF;-25.39530784;-49.20332663;infantil|fundamental_i|fundamental_ii;municipal;ativa;geral;nao;RUA RIO JAPURA, 648 BAIRRO ALTO. 82840-220 Curitiba - PR.
41379900;ERICA P MLYNARCZYK E M PROFAEI EF;-25.56071500;-49.31300833;infantil|fundamental_i;municipal;ativa;geral;nao;RUA JAIME JOSE VOJCIECHOVSKI, 194 TATUQUARA. 81480-160 Curitiba - PR.
41353838;ERICO VERISSIMO C M E I;-25.53190000;-49.25489000;infantil;municipal;ativa;geral;nao;RUA CAMPINA DA LAGOA, 418 ALTO BOQUEIRAO. 81850-025 Curitiba - PR.
41129156;ERICO VERISSIMO E M CEIEI EF;-25.53145000;-49.25508000;infantil|fundamental_i;municipal;ativa;geral;nao;RUA CAMPINA DA LAGOA, 418 ALTO BOQUEIRAO. 81850-025 Curitiba - PR.
41129164;ERMELINO DE LEAO C E CMEF M PROFIS;-25.39221039;-49.24752600;fundamental_ii;estadual;ativa;geral;nao;AV NOSSA SENHORA DE NAZARE, 900 BOA VISTA. 82540-130 Curitiba - PR.
41129172;ERNANI VIDAL C EEF M PROFIS;-25.39825909;-49.27158867;fundamental_ii;estadual;ativa;geral;nao;RUA MATEUS LEME, 3291 SAO LOURENCO. 82200-000 Curitiba - PR.
41412621;ERONDY SILVERIO C M E I;-25.57751228;-49.33218558;infantil;municipal;ativa;geral;nao;RUA PRES JOAO GOULART, 1605 TATUQUARA. 81470-470 Curitiba - PR.
41129199;ESCADA DO TEMPO C E I;-25.43057000;-49.24339000;;privada;paralisada;geral;nao;AV MARECHAL DEODORO, 1634 CRISTO REI. 80050-435 Curitiba - PR.
41402421;ESCOLA ADVENTISTA SANTA EFIGENIA - EIEF;-25.37735003;-49.25530658;;privada;paralisada;geral;nao;RUA PROFESSOR GUILHERME BUTLER, 792 ESCOLA. BARREIRINHA. 82700-000 Curitiba - PR.
41134303;ESCOLA ADVENTISTA VISTA ALEGRE - EIEF;-25.40855724;-49.29723596;infantil|fundamental_i|fundamental_ii;privada;ativa;geral;nao;RUA DEPUTADO JOAO FERREIRA NEVES, 281 VISTA ALEGRE. 80820-380 Curitiba - PR.
41127030;ESCOLA ALDEIA BETANIA;-25.38662805;-49.21512037;infantil|fundamental_i;privada;ativa;geral;nao;AV MONTEIRO TOURINHO, 1335 TINGUI. 82600-000 Curitiba - PR.
41148185;ESCOLA ALEMA DE CURITIBA - ENSINO FUNDAMENTAL;-25.40244666;-49.28365110;fundamental_i|fundamental_ii;privada;ativa;geral;nao;AVENIDA DESEMBARGADOR HUGO SIMAS, 2001 BOM RETIRO. 80520-250 Curitiba - PR.
41386345;ESCOLA ATUACAO BOQUEIRAO;-25.50416922;-49.24896318;infantil|fundamental_i|fundamental_ii;privada;ativa;geral;nao;RUA PAULO SETUBAL, 3120, BOQUEIRAO. 81670-130 Curitiba - PR.
41127390;ESCOLA ATUACAO EDUCACAO INFANTIL E ENSINO FUNDAMENTAL;-25.46446506;-49.31713316;infantil|fundamental_i|fundamental_ii;privada;ativa;geral;nao;RUA PROFESSOR ULISSES VIEIRA, 2809, SANTA QUITERIA. 80310-120 Curitiba - PR.
41381068;ESCOLA BAMBINATAEDUCACAO INFANTIL E ENSINO FUNDAM;-25.39798657;-49.32068710;infantil|fundamental_i|fundamental_ii;privada;ativa;geral;nao;RUA DOUTOR LEAO MOCELLIN, 328 SANTA FELICIDADE. 82030-230 Curitiba - PR.
41352912;ESCOLA BOM JESUSENSINO FUNDAMENTAL SUBSEDE AGUA VERDE I;-25.45696988;-49.27232601;fundamental_i|fundamental_ii;privada;ativa;geral;nao;RUA NESTOR VICTOR, 910 AGUA VERDE. 80620-400 Curitiba - PR.
41160592;ESCOLA CEC;-25.50607243;-49.29717394;infantil|fundamental_i|fundamental_ii;privada;ativa;geral;nao;RUA PROFESSOR WALDIR DE JESUS, 99 CAPAO RASO. 81130-110 Curitiba - PR.
41533909;ESCOLA CRISTA DE CURITIBA E- EI EF;-25.45635626;-49.34725875;infantil|fundamental_i|fundamental_ii;privada;ativa;geral;nao;RUA JOAO DEMBINSKI, 921 CAMPO COMPRIDO. 81270-330 Curitiba - PR.
41128613;ESCOLA DE EDUCACAO INFANTIL E ENSINO FUNDAMENTAL CRESCER E SABER;-25.43842000;-49.24973000;infantil|fundamental_i;privada;ativa;geral;nao;RUA ENGENHEIROS REBOUCAS, 341 JARDIM BOTANICO. 80210-040 Curitiba - PR.
41616936;ESCOLA DE EDUCACAO INFANTIL SEMEADOR DO SABER;-25.41402667;-49.24534833;infantil;privada;ativa;geral;nao;RUA FERNANDES DE BARROS, 1891 HUGO LANGE. 80040-450 Curitiba - PR.
41146468;ESCOLA ESTRELINHA MAGICA;-25.48182415;-49.26928450;infantil;privada;ativa;geral;nao;RUA MAESTRO FRANCISCO ANTONELLO, 1311 FANNY. 81030-100 Curitiba - PR.
41160827;ESCOLA GRACE E - EI EF;-25.49457497;-49.29301492;infantil|fundamental_i|fundamental_ii;privada;ativa;geral;nao;RUA PEDRO BONAT, 103 NOVO MUNDO. 81110-040 Curitiba - PR.
41133080;ESCOLA ISRAELITA SALOMAO GUELMANN;-25.41457402;-49.27312424;infantil|fundamental_i|fundamental_ii;privada;ativa;geral;nao;RUA CORONEL AGOSTINHO MACEDO, 248 CENTRO CIVICO. 80520-100 Curitiba - PR.
41127153;ESCOLA MADRE ANATOLIA - EDUCACAO INFANTIL E ENSINO FUNDAMENTAL;-25.42812666;-49.28291419;infantil|fundamental_i|fundamental_ii;privada;ativa;geral;nao;RUA MARTIM AFONSO, 575 SAO FRANCISCO. 80410-060 Curitiba - PR.
41132548;ESCOLA NOVA BETEL EDUCACAO INFANTIL ENSINO FUNDAMENTAL;-25.48586000;-49.24133000;infantil|fundamental_i|fundamental_ii;privada;ativa;geral;nao;RUA CARLOS DE LAET, 2602 BOQUEIRAO. 81650-040 Curitiba - PR.
41132602;ESCOLA POSITIVO JUNIOR - EDUCACAO INFANTIL E ENSINO FUNDAMENTAL;-25.42781160;-49.29315037;infantil|fundamental_i|fundamental_ii;privada;ativa;geral;nao;RUA MARCELINO CHAMPAGNAT, 733 MERCES. 80710-250 Curitiba - PR.
41132076;ESCOLA PROJETO 21 EDUCACAO INFANTIL E ENSINO FUNDAMENTAL;-25.44018420;-49.31426660;fundamental_i|fundamental_ii;privada;ativa;geral;nao;RUA HUGO KINZELMANN, 383 CAMPINA DO SIQUEIRA. 80740-100 Curitiba - PR.
41133170;ESCOLA SANTA TERESINHA DO MENINO JESUS;-25.44443456;-49.28640786;infantil|fundamental_i;privada;ativa;geral;nao;AVENIDA SETE DE SETEMBRO, 4926 BATEL. 80240-000 Curitiba - PR.
41380525;ESCOLA SAO CARLOS BORROMEO - EDUCACAO INFANTIL E ENSINO FUNDAMENTAL;-25.45254096;-49.23036153;infantil|fundamental_i|fundamental_ii;privada;ativa;geral;nao;AVENIDA CORONEL FRANCISCO HERACLITO DOS SANTOS, 610 ESCOLA. JARDIM DAS AMERICAS. 81530-000 Curitiba - PR.
41133390;ESCOLA SEBASTIAO PARANA;-25.47619000;-49.25593000;infantil|fundamental_i|fundamental_ii;privada;ativa;geral;nao;RUA MAJOR FABRICIANO DO REGO BARROS, 1152 HAUER. 81630-260 Curitiba - PR.
41133633;ESCOLA SONHO DE CRIANCA;-25.37475000;-49.22246000;;privada;paralisada;geral;nao;RUA PADRE JOAO WISLINSKI, 735 SANTA CANDIDA. 82630-494 Curitiba - PR.
41387287;ESCOLA TECNICA PROFISSIONAL LTDA;-25.44473708;-49.26696729;;privada;ativa;geral;nao;RUA ENGENHEIROS REBOUCAS, 2213 REBOUCAS. 80230-040 Curitiba - PR.
41405420;ESCOLA TERCEIRA DIMENSAO;-25.38311000;-49.23207000;fundamental_i|fundamental_ii;privada;ativa;geral;nao;RUA MARIO BITTENCOURT, 83 ESCOLA. SANTA CANDIDA. 82640-660 Curitiba - PR.
41377516;ESCOLA TRILHAS ENSINO FUNDAMENTAL;-25.42097746;-49.25076200;infantil|fundamental_i|fundamental_ii;privada;ativa;geral;nao;CONSELHEIRO CARRAO, 755 JUVEVE. 80040-130 Curitiba - PR.
41134206;ESCOLA UMBRELLA;-25.45482259;-49.31092413;infantil|fundamental_i|fundamental_ii;privada;ativa;geral;nao;RUA DELEGADO TRINDADE, 278 SANTA QUITERIA. 80310-470 Curitiba - PR.
41134249;ESCOLA URSULA BENINCASA;-25.44650530;-49.34668750;infantil|fundamental_i|fundamental_ii;privada;ativa;geral;nao;RUA EDUARDO SPRADA, 4321 CIDADE INDUSTRIAL. 81270-010 Curitiba - PR.
41131606;ESCOLA VICENTINA NOSSA SENHORA DAS MERCES;-25.42248010;-49.29005320;infantil|fundamental_i|fundamental_ii;privada;ativa;geral;nao;AVENIDA MANOEL RIBAS, 1154 MERCES. 80810-000 Curitiba - PR.
41390075;ESCOLA WALDORF TURMALINA - EDUCACAO INFANTIL E ENSINO FUNDAMENTAL;-25.44412040;-49.33997470;infantil|fundamental_i|fundamental_ii;privada;ativa;geral;nao;RUA EDUARDO SPRADA, 3572 CAMPO COMPRIDO. 81210-370 Curitiba - PR.
41147170;ESPACO DA ESPERANCA C E I;-25.41592524;-49.27210769;infantil;privada;ativa;geral;sim;RUA CEL AGOSTINHO DE MACEDO, 197 BOM RETIRO. 80520-100 Curitiba - PR.
41387473;ESPACO DO SABER CENTRO DE EDUCACAO INFANTIL;-25.49495167;-49.26476833;infantil;privada;ativa;geral;nao;RUA ANTONIO REBELATTO, 646 XAXIM. 81710-120 Curitiba - PR.
41546890;ESPACO INFANTIL CENTRO DE EDUCACAO INFANTIL;-25.45929000;-49.27540000;infantil;privada;ativa;geral;nao;RUA SAMUEL CEZAR, 1354 AGUA VERDE. 80620-220 Curitiba - PR.
41353668;ESPACO VERDE C E I;-25.39097000;-49.30411833;infantil;privada;ativa;geral;sim;RUA ANTENOR MALLIN, 47 PILARZINHO. 82100-650 Curitiba - PR.
41356764;ESTACAO BARIGUI C M E I;-25.51445386;-49.33144537;infantil;municipal;ativa;geral;nao;RUA RAUL MACHADO BERGES, 191 CIC. 81170-320 Curitiba - PR.
41387252;ESTACAO FELICIDADE C E I;-25.43701000;-49.23096000;infantil;privada;ativa;geral;sim;RUA ROBERTO CICHON, 569 CAPAO DA IMBUIA. 82800-210 Curitiba - PR.
41128192;ESTIMULACAO E DESENVCEDAE EEI EF M EE;-25.43990000;-49.28496000;infantil;privada;ativa;exclusivo_deficiencia;sim;RUA ALFERES ANGELO SAMPAIO, 1597 BATEL. 80420-160 Curitiba - PR.
41352793;ESTRELA C M E I;-25.47783962;-49.31735253;infantil;municipal;ativa;geral;nao;RUA PROF ELEVIR DIONYZIO, 434 FAZENDINHA. 81320-090 Curitiba - PR.
41163095;ESTRELA DE DAVI C E I;-25.52189163;-49.29920261;infantil;privada;ativa;geral;sim;RUA TRINTA E UM DE MARCO, 2481 PINHEIRINHO. 81150-280 Curitiba - PR.
41129253;ETELVINA C RIBAS C E CM PROFAEF M P;-25.52769094;-49.27471921;fundamental_ii;estadual;ativa;geral;nao;RUA MIGUEL RAICOSKI SOBRINHO SN, PINHEIRINHO. 81825-300 Curitiba - PR.
41353811;EUCALIPTOS C M E I;-25.52668110;-49.24433668;infantil;municipal;ativa;geral;nao;RUA SALVADOR EVANGELISTA, 157 ALTO BOQUEIRAO. 81770-550 Curitiba - PR.
41377591;EURIDES BRANDAO C EEF M PROFIS;-25.49393266;-49.34941155;fundamental_ii;estadual;ativa;geral;nao;RUA JAIR COELHO, 260 CIC. 81450-480 Curitiba - PR.
41129261;EUZEBIO DA MOTA C EEF M PROF;-25.50325667;-49.25325167;fundamental_ii;estadual;ativa;geral;nao;RUA CLARA TEDESCO, 2773 BOQUEIRAO. 81670-290 Curitiba - PR.
41129270;EVA DA SILVA E M CEIEI EF;-25.44139832;-49.20516011;infantil|fundamental_i;municipal;ativa;geral;nao;RUA FREDERICO STADLER JUNIOR, 1670 CAPAO DA IMBUIA. 82810-230 Curitiba - PR.
41129296;EXPEDICIONARIO E M CEI DOEI EF;-25.48416838;-49.31347791;infantil|fundamental_i;municipal;ativa;geral;nao;RUA BALDUR MAGNUS GRUBBA, 2443 NOVO MUNDO. 81050-610 Curitiba - PR.
41154290;FACULDADE DE TECNOLOGIA TUPY CURITIBA;-25.56514000;-49.30863000;;privada;paralisada;geral;nao;RODOVIA BR116, 18805 KM 106,5. PINHEIRINHO. 81690-300 Curitiba - PR.
41149050;FAMILIA FELIZ II C E I;-25.55861904;-49.28515739;infantil;privada;ativa;geral;sim;RUA NICOLA PELLANDA, 4480 UMBARA. 81940-285 Curitiba - PR.
41147740;FANI LERNER C M E I;-25.56990236;-49.33863462;infantil;municipal;ativa;geral;nao;RUA ENETTE DUBARD, 1180 TATUQUARA. 81470-252 Curitiba - PR.
41148312;FAVO DE MEL CENTRO DE EDUCACAO INFANTIL;-25.41234662;-49.22924852;infantil;privada;ativa;geral;nao;RUA PAULO ILDEFONSO ASSUMPCAO, 210 BACACHERI. 82520-700 Curitiba - PR.
41129342;FAZ DE CONTA CENTRO DE EDUCACAO INFANTIL;-25.42295249;-49.25803759;infantil;privada;ativa;geral;nao;RUA FLORIANO ESSENFELDER, 236 ALTO DA GLORIA. 80060-270 Curitiba - PR.
41353803;FAZENDA BOQUEIRAO C M E I;-25.48949013;-49.23834438;infantil;municipal;ativa;geral;nao;RUA BARTOLOMEU LOURENCO DE GUSMAO, 2250 BOQUEIRAO. 81650-050 Curitiba - PR.
41355792;FAZENDINHA C M E I;-25.47962777;-49.32770829;infantil;municipal;ativa;geral;nao;RUA ELOI MICHELET0, 36 FAZENDINHA. 81330-660 Curitiba - PR.
41377257;FELIZ SENHORA DA LUZ C E I;-25.50011042;-49.32185403;infantil;privada;ativa;geral;sim;RUA SANTO INACIO, 50 CID INDUS CURITIBA. 81310-330 Curitiba - PR.
41129350;FENIX CEF M;-25.39742638;-49.24880401;fundamental_i|fundamental_ii;privada;ativa;geral;nao;RUA HOLANDA, 881 BOA VISTA. 82540-040 Curitiba - PR.
41373758;FENIX EEF MOD ED ESP;-25.46832437;-49.30240897;fundamental_i;privada;ativa;exclusivo_deficiencia;sim;RUA CAPIBERIBE, 1546 PORTAO. 80330-020 Curitiba - PR.
41377613;FLAVIO F DA LUZ C EEF M PROFIS;-25.54527667;-49.27135667;fundamental_ii;estadual;ativa;geral;nao;RUA JOAO CISLINSKI SN, SITIO CERCADO. 81925-189 Curitiba - PR.
41156498;FLOR CRIANCA C E I;-25.49087378;-49.28158856;infantil;privada;ativa;geral;nao;RUA SANTA MARIA, 769 NOVO MUNDO. 81030-410 Curitiba - PR.
41161432;FLOR CRIANCA KIDS C E I;-25.49071824;-49.28189002;infantil;privada;ativa;geral;nao;RUA SANTA MARIA, 774 NOVO MUNDO. 81030-410 Curitiba - PR.
41382200;FLOR DA ALICE CEI;-25.41639000;-49.35778000;infantil;privada;ativa;geral;nao;RUA JOSE VEIGA, 268 ESCOLA. SAO BRAZ. 82315-220 Curitiba - PR.
41157419;FLORA MUNHOZ DA ROCHA C M E I;-25.55941733;-49.33364199;infantil;municipal;ativa;geral;nao;RUA ERNESTO GERMANO FRANCISCO HANNEMANN, 592 TATUQUARA. 81480-196 Curitiba - PR.
41566904;FORREST GUMP EEF MOD ED ESP;-25.37874616;-49.24296012;fundamental_i;privada;ativa;exclusivo_deficiencia;sim;RUA GAL ANOR PINHO, 318 BOA VISTA. 82540-060 Curitiba - PR.
41129431;FOZ DO IGUACU E MEI EF;-25.38104352;-49.33394065;infantil|fundamental_i;municipal;ativa;geral;nao;RUA JOAO REFFO, 1304 SANTA FELICIDADE. 82410-000 Curitiba - PR.
41150236;FRALDINHAS C E I - SEDE;-25.41490000;-49.26192000;infantil;privada;ativa;geral;nao;RUA CONSTANTINO MAROCHI, 764 ALTO DA GLORIA. 80030-360 Curitiba - PR.
41128400;FRANCISCO A MACEDO C E DR EF M;-25.48870233;-49.29290100;;estadual;paralisada;geral;nao;TRAV AUGUSTO MARACH, 224 NOVO MUNDO. 81020-220 Curitiba - PR.
41158288;FRANCISCO ANTONIO MARCALLO C M A E E DR;-25.52847591;-49.24594366;;municipal;ativa;sem_escolarizacao;nao;RUA WILSON DACHEUX PEREIRA, 183 ALTO BOQUEIRAO. 81770-200 Curitiba - PR.
41147731;FRANCISCO C PEREIRA FILHO C M E I DR;-25.48874439;-49.20193548;infantil;municipal;ativa;geral;nao;RUA OLINDO CAETANI, 1070 UBERABA. 81590-510 Curitiba - PR.
41129440;FRANCISCO DEROSSO E MEI EF;-25.49854866;-49.26743050;infantil|fundamental_i;municipal;ativa;geral;nao;RUA FRANCISCO DEROSSO, 901 XAXIM. 81710-000 Curitiba - PR.
41129458;FRANCISCO FRISCHMANN E M CEIEI EF;-25.52650335;-49.26846864;infantil|fundamental_i;municipal;ativa;geral;nao;RUA CID MARCONDES DE ALBUQUERQUE, 2640 PINHEIRINHO. 81825-080 Curitiba - PR.
41129466;FRANCISCO HUBERT E M PROFEI EF;-25.53000000;-49.24642000;infantil|fundamental_i;municipal;ativa;geral;nao;RUA FRANCISCO DEROSSO, 5249 ALTO BOQUEIRAO. 81770-000 Curitiba - PR.
41129474;FRANCISCO KLEMTZ E M CEIEI EF;-25.47273848;-49.31603691;infantil|fundamental_i;municipal;ativa;geral;nao;RUA FRANCISCO TISSOT, 119 PORTAO. 81320-360 Curitiba - PR.
41129482;FRANCISCO MESZNER E M CEI PEEI EF;-25.43568580;-49.35084694;fundamental_i;municipal;ativa;geral;nao;RUA JOSE TISSI, 146 CIC. 81280-070 Curitiba - PR.
41129490;FRANCISCO ZARDO C E PROFEF M PROFIS N;-25.39975352;-49.33939087;fundamental_ii;estadual;ativa;geral;nao;AV MANOEL RIBAS, 7149 SANTA FELICIDADE. 82400-000 Curitiba - PR.
41157036;FULVIA ROSEMBERG C M E I;-25.49026558;-49.23801907;infantil;municipal;ativa;geral;nao;RUA TEN TITO TEIXEIRA DE CASTRO, 590 BOQUEIRAO. 81670-430 Curitiba - PR.
41129512;GABRIELA MISTRAL C EEF M PROFIS;-25.46219140;-49.29847782;fundamental_ii;estadual;ativa;geral;nao;RUA TABAJARAS, 840 VL IZABEL. 80320-310 Curitiba - PR.
41129539;GELVIRA CORREA PACHECO C EEF M P;-25.36710104;-49.26448734;fundamental_ii;estadual;ativa;geral;nao;RUA CARMELINA CAVASSIN, 385 BARREIRINHA. 82220-170 Curitiba - PR.
41618920;GENESIS- BABIES E KIDS;-25.39368000;-49.23884000;infantil;privada;ativa;geral;nao;RUA ERNESTO PIAZZETTA, 82 BACACHERI. 82510-350 Curitiba - PR.
41149840;GENTE ALEGRE - C E I;-25.41996696;-49.28752161;infantil;privada;ativa;geral;nao;RUA TENENTE JOAO GOMES DA SILVA, 235 MERCES. 80810-100 Curitiba - PR.
41149998;GENTE CONTENTE - C E I;-25.43009320;-49.24284906;infantil;privada;ativa;geral;nao;RUA PRESIDENTE BEAUREPAIRE ROHAN, 475 CASA. CRISTO REI. 80050-345 Curitiba - PR.
41163249;GERACAO DO SABER PORTAO CEI;-25.47661913;-49.29780618;infantil;privada;ativa;geral;nao;RUA CAETANO MARCHESINE, 516 PORTAO. 81070-110 Curitiba - PR.
41157796;GERACAO DO SABER X C E I;-25.45783118;-49.28157563;infantil;privada;ativa;geral;nao;RUA ALCEBIADES PLAISANT, 566 AGUA VERDE. 80620-270 Curitiba - PR.
41160207;GERACAO EEF;-25.48448446;-49.32457135;fundamental_i|fundamental_ii;privada;ativa;geral;nao;RUA ALCIR MARTINS BASTOS, 250 FAZENDINHA. 81330-400 Curitiba - PR.
41157400;GERDT GUENTHER HATSCHBACH C M E I;-25.59059729;-49.33530400;infantil;municipal;ativa;geral;nao;RUA LUCAS CARVALHO, 1436 CAMPO DE SANTANA. 81490-524 Curitiba - PR.
41129571;GERMANO PACIORNIK E M PROFEI EF;-25.50704697;-49.22138746;infantil|fundamental_i;municipal;ativa;geral;nao;RUA JOAQUIM CARDOSO DA SILVEIRA, 187 BOQUEIRAO. 81730-150 Curitiba - PR.
41129580;GETULIO VARGAS C E CMEF M PROFIS;-25.35608421;-49.25339039;fundamental_ii;estadual;ativa;geral;nao;RUA EMILIA MARIA UBA, 325 VILA LEONICE. VL LEONICE. 82710-250 Curitiba - PR.
41129598;GIACOMINO C E I;-25.49008188;-49.32589820;infantil;privada;ativa;geral;sim;RUA LEONARDO JAVORSKI, 305 FAZENDINHA. 81330-480 Curitiba - PR.
41158466;GIOVANNA SERENATO PANICHI C M E I;-25.38750886;-49.28644200;infantil;municipal;ativa;geral;nao;RUA ONOFRE PEDRO DOS SANTOS, 171 SAO JOAO. 82030-030 Curitiba - PR.
41161718;GIRASSOL C E I;-25.55316128;-49.25419512;infantil;privada;ativa;geral;sim;RUA JD ALEGRE, 257 SITIO CERCADO. 81935-030 Curitiba - PR.
41161807;GLOBAL C E I;-25.45926795;-49.22812366;infantil|fundamental_i;privada;ativa;geral;nao;RUA PEDRO DEMETERCO, 489 JARDIM DAS AMERICAS. 81530-320 Curitiba - PR.
41129628;GOTTLIEB MUELLER C E CMEF M PROFIS;-25.49326702;-49.23883229;fundamental_ii;estadual;ativa;geral;nao;RUA BOM JESUS DE IGUAPE, 3333 BOQUEIRAO. 81650-030 Curitiba - PR.
41129636;GRACILIANO RAMOS E MEI EF;-25.48700473;-49.32629661;infantil|fundamental_i;municipal;ativa;geral;nao;RUA ALCIR MARTINS BASTOS, 572 FAZENDINHA. 81330-400 Curitiba - PR.
41129679;GUAIRA C EEF M PROFIS;-25.45323962;-49.26974678;fundamental_ii;estadual;ativa;geral;nao;RUA LAMENHA LINS, 1962 REBOUCAS. 80220-080 Curitiba - PR.
41158784;GUARDA MIRIM DO PARANA C EEM PROF;-25.39232688;-49.26139590;;estadual;ativa;geral;nao;AV ANITA GARIBALDI, 2395 AHU. 82210-000 Curitiba - PR.
41531876;GUIDO ARZUA C E CMEF M P;-25.55023646;-49.26892743;fundamental_ii;estadual;ativa;geral;nao;RUA MANDIRITUBA, 2100 SITIO CERCADO. 81925-540 Curitiba - PR.
41129687;GUIDO STRAUBE C E PROFEF M PROFIS;-25.41530488;-49.28977582;fundamental_ii;estadual;ativa;geral;nao;RUA JACAREZINHO, 1680 MERCES. 80810-130 Curitiba - PR.
41130006;GUILHERME A MARANHAO C E DESEMBEF M P;-25.55820166;-49.33236605;fundamental_ii;estadual;ativa;geral;nao;RUA JOSE ANGELO MARTINS, 101 JARDIM DA ORDEM. TATUQUARA. 81480-186 Curitiba - PR.
41129695;GUILHERME BUTLER E M PROFEI EF;-25.48976418;-49.25763596;fundamental_i;municipal;ativa;geral;nao;RUA IR FLAVIA BORLET, 1189 BOQUEIRAO. 81670-464 Curitiba - PR.
41153456;GUILHERME CANTO DARIN C M E I;-25.46547275;-49.26383508;infantil;municipal;ativa;geral;nao;RUA FRANCISCO PAROLIN, 933 PAROLIN. 80220-360 Curitiba - PR.
41128222;GUILHERME E JACOBUCCI E E SURDOSEI EF;-25.42724907;-49.21127055;fundamental_i;estadual;ativa;geral;nao;RUA JOSE VERISSIMO, 220 TARUMA. 82820-000 Curitiba - PR.
41129709;GUILHERME L BRAGA SOBRINHO E M DREI EF;-25.49191803;-49.22323817;infantil|fundamental_i;municipal;ativa;geral;nao;RUA DONA BARBARA CID, 150 UBERABA. 81580-130 Curitiba - PR.
41129717;GUILHERME PEREIRA NETO C EEF M PROFIS;-25.59473278;-49.32245348;fundamental_ii;estadual;ativa;geral;nao;RUA DELEGADO BRUNO DE ALMEIDA, 4386 CAMPO DE SANTANA. 81480-000 Curitiba - PR.
41151313;HAMILTON CALDERARI LEAL E M DREI EF;-25.50770000;-49.35423000;infantil|fundamental_i;municipal;ativa;geral;nao;RUA VICTOR GRYCAJUK, 121 SAO MIGUEL. 81452-330 Curitiba - PR.
41149556;HARMONY KIDS C E I;-25.45645000;-49.30938000;infantil;privada;ativa;geral;sim;RUA JOAO ALENCAR GUIMARAES, 568 STA QUITERIA. 80310-420 Curitiba - PR.
41129725;HASDRUBAL BELLEGARD C EEF M PROFIS;-25.53619718;-49.27413485;fundamental_ii;estadual;ativa;geral;nao;RUA IZAAC FERREIRA DA CRUZ, 3009 SITIO CERCADO. 81900-000 Curitiba - PR.
41129733;HEITOR DE A FURTADO E M CEIEI EF;-25.45723351;-49.34931876;infantil|fundamental_i;municipal;ativa;geral;nao;RUA ROBERT REDZIMSKI, 971 CIC. 81270-102 Curitiba - PR.
41129741;HELENA DIONYSIO E EEF;-25.43828341;-49.33290073;fundamental_ii;estadual;ativa;geral;nao;RUA FRANCISCO JUGLAIR, 4 MOSSUNGUE. 81200-230 Curitiba - PR.
41385969;HELENA KOLODY E MEI EF;-25.58559759;-49.33714711;infantil|fundamental_i;municipal;ativa;geral;nao;RUA HUMBERTO BERTOLDI, 281 CAMPO SANTANA. 81490-544 Curitiba - PR.
41146131;HELENA W ANTIPOFF E MEI EF MOD ED ESP;-25.50686000;-49.22246000;fundamental_i;municipal;ativa;exclusivo_deficiencia;nao;JOAQUIM CARDOSO DA SILVEIRA, 185 BOQUEIRAO. 81730-150 Curitiba - PR.
41129776;HENRIETTE MORINEAU E AEF MOD ED ESP;-25.38410491;-49.35078575;;privada;ativa;exclusivo_deficiencia;sim;RUA ORLANDO PERUCCI, 1472 BUTIATUVINHA. 82300-400 Curitiba - PR.
41358414;HERACLITO F S PINTO E MEI EF;-25.55773464;-49.25706774;infantil|fundamental_i;municipal;ativa;geral;nao;RUA LUCIO DE OLIVEIRA LARA, 75 SITIO CERCADO. 81935-158 Curitiba - PR.
41129784;HERLEY MEHL E M PROFEI EF;-25.38897556;-49.28426036;infantil|fundamental_i|fundamental_ii;municipal;ativa;geral;nao;RUA SATURNINO ARRUDA DOS SANTOS, 80 PILARZINHO. 82110-330 Curitiba - PR.
41541898;HERMES MACEDO C M E I;-25.58833930;-49.33235847;infantil;municipal;ativa;geral;nao;RUA LUIZ BERTOLDI, 75 CAMPO DE SANTANA. 81490-362 Curitiba - PR.
41129792;HILDEBRANDO DE ARAUJO C EEF M PROFIS;-25.44105431;-49.24895463;fundamental_ii;estadual;ativa;geral;nao;AV PREFEITO OMAR SABBAG, 721 JD BOTANICO. 80210-000 Curitiba - PR.
41128508;HILDEGARD SONDAHL C E PROFAEF M PROFIS;-25.48718810;-49.35347757;fundamental_ii;estadual;ativa;geral;nao;RUA JOAQUIM DE SIQUEIRA CORTES, 62 CIC. 81260-440 Curitiba - PR.
41129806;HOMERO B DE BARROS C EEFM;-25.49635588;-49.28077871;fundamental_ii;estadual;ativa;geral;nao;RUA FERNANDES VIEIRA, 17 CAPAO RASO. 81020-650 Curitiba - PR.
41353790;HORTENCIAS C M E I;-25.52666962;-49.23517207;infantil;municipal;ativa;geral;nao;RUA MARILANDIA DO SUL, 230 ALTO BOQUEIRAO. 81770-300 Curitiba - PR.
41411021;HUGO PERETTI C M E I;-25.50786456;-49.33478739;infantil;municipal;ativa;geral;nao;RUA ARTHUR MARTINS FRANCO, 505 CIC. 81350-100 Curitiba - PR.
41387457;HUNIKA EEI EF;-25.48668825;-49.29589314;infantil|fundamental_i|fundamental_ii;privada;ativa;geral;nao;RUA VISC DO SERRO FRIO, 175 NOVO MUNDO. 81050-080 Curitiba - PR.
41128753;IARA BERGMANN C E PROFAEF M PROFIS;-25.55418682;-49.24677208;fundamental_ii;estadual;ativa;geral;nao;RUA REINALDO DE CARVALHO BOLA, 101 GANCHINHO. 81935-446 Curitiba - PR.
41133757;IFPR - CAMPUS CURITIBA;-25.44049000;-49.26145000;;federal;ativa;geral;nao;RUA JOAO NEGRAO, 1285 REBOUCAS. 80230-150 Curitiba - PR.
41355504;INDEPENDENCIA C M E I;-25.51746610;-49.27670147;infantil;municipal;ativa;geral;nao;RUA JOSE OSIRES BAGLIOLI, 262 PINHEIRINHO. 81820-090 Curitiba - PR.
41370627;INEZ VICENTE BOROCZ C EEF M PROFIS;-25.53766758;-49.25615562;fundamental_ii;estadual;ativa;geral;nao;RUA IGNEZ DE LOURDES G DE MACEDO, 331 SITIO CERCADO. 81920-090 Curitiba - PR.
41410637;INFANCIA COLORIDA C E I;-25.47675152;-49.19628683;infantil;privada;ativa;geral;sim;RUA ISAIAS FERREIRA DA SILVA, 125 CAJURU. 82980-200 Curitiba - PR.
41387376;INFANCIA FELIZ EEI EF;-25.47805286;-49.25328730;infantil|fundamental_i;privada;ativa;geral;nao;RUA PROFA MARIA ASSUMPCAO, 721 HAUER. 81630-040 Curitiba - PR.
41389190;INOVACAO DO SABER EEF;-25.56000167;-49.28344000;fundamental_i|fundamental_ii;privada;ativa;geral;nao;RUA DEPUTADO PINHEIRO JUNIOR, 1565 UMBARA. 81930-000 Curitiba - PR.
41162803;INOVACAO DO SABER JUNIOR CEI;-25.55956000;-49.29129167;infantil;privada;ativa;geral;sim;RUA NICOLA PELANDA, 3581 UMBARA. 81940-305 Curitiba - PR.
41154339;INOVACAO KIDS EEI EF;-25.56716587;-49.31492306;infantil|fundamental_i|fundamental_ii;privada;ativa;geral;nao;RUA ANTONIO ZANON, 20 TATUQUARA. 81480-150 Curitiba - PR.
41129130;INST ED PR PROF ERASMO PILOTTOEF M N P;-25.43351241;-49.27421084;fundamental_ii;estadual;ativa;geral;nao;RUA EMILIANO PERNETA, 92 CENTRO. 80010-050 Curitiba - PR.
41155351;INSTITUTO BRASILEIRO DE ENSINO A DISTANCIA - IBED;-25.42098000;-49.27095000;;privada;paralisada;geral;nao;RUA MATEUS LEME, 745 SAO FRANCISCO. 80510-192 Curitiba - PR.
41154223;INSTITUTO BRASILEIRO DE THERAPIAS E ENSINO - IBRATE;-25.43342000;-49.27436000;;privada;paralisada;geral;nao;RUA VOLUNTARIOS DA PATRIA, 215 2 ANDAR. CENTRO. 80020-000 Curitiba - PR.
41134400;INSTITUTO DE EDUCACAO CRISTA DE CURITIBA;-25.49606598;-49.21289943;infantil|fundamental_i|fundamental_ii;privada;ativa;geral;nao;RUA AUGUSTO ZIBARTH,, 695 UBERABA. 81560-360 Curitiba - PR.
41156510;INSTITUTO EDUCACIONAL MONITOR LTDA;-25.44144290;-49.27595280;;privada;ativa;geral;nao;RUA PRESIDENTE FARIA, 101 CENTRO. 80020-290 Curitiba - PR.
41128206;INTEGRACAO E TREIN ADULTO E EF MOD E E;-25.38453768;-49.35004732;;privada;paralisada;geral;sim;RUA ORLANDO PERUCCI, 1472 BUTIATUVINHA. 82400-300 Curitiba - PR.
41129881;INTEGRAL COL - EDUC INF EF-EM;-25.41359864;-49.26293891;infantil|fundamental_i|fundamental_ii;privada;ativa;geral;nao;RUA ALBERTO FOLLONI, 220 JUVEVE. 80530-300 Curitiba - PR.
41150422;INTERATIVA EEI EF M;-25.39994697;-49.24602857;infantil|fundamental_i|fundamental_ii;privada;ativa;geral;nao;AV PARANA, 1540 BACACHERI. 82510-000 Curitiba - PR.
41613970;INTERPARES ESCOLA DE EDUCACAO INFANTIL;-25.46339000;-49.28848000;infantil;privada;ativa;geral;nao;RUA MARQUES DO PARANA, 1134 AGUA VERDE. 80620-210 Curitiba - PR.
41153464;IODEIA FELICIO C M E I PROFA;-25.55241433;-49.27473617;infantil;municipal;ativa;geral;nao;R NOVA CANTU, 145 SITIO CERCADO. 81925-366 Curitiba - PR.
41151291;IOKO MARGARETE HARA C M E I;-25.49401653;-49.21615530;infantil;municipal;ativa;geral;nao;RUA ALBERTO HEYN, 270 UBERABA. 81560-350 Curitiba - PR.
41129903;IRATI E MEI EF;-25.46992880;-49.20257332;infantil|fundamental_i;municipal;ativa;geral;nao;AV JORNALISTA ADERBAL GAERTNER STRESSER, 775 CAJURU. 82970-232 Curitiba - PR.
41537890;IRMAOS REBOUCAS E MEI EF;-25.44729345;-49.25742058;infantil|fundamental_i;municipal;ativa;geral;nao;RUA ENGENHEIROS REBOUCAS, 1255 REBOUCAS. 80215-100 Curitiba - PR.
41129920;ISABEL L S SOUZA C E PROFAEF M PROFIS;-25.53182538;-49.28808142;fundamental_ii;estadual;ativa;geral;nao;RUA ROSA TORTATO, 400 PINHEIRINHO. 81870-090 Curitiba - PR.
41153448;ISIS SANSON MONTE SERRAT C M E I;-25.51847495;-49.32118888;infantil;municipal;ativa;geral;nao;RUA JOSE RODRIGUES PINHEIRO, 2729 CIC. 81170-200 Curitiba - PR.
41129938;ISOLDA SCHMID C EEF M;-25.47988049;-49.24628824;fundamental_ii;estadual;ativa;geral;nao;RUA ANNE FRANK, 1553 VL HAUER. 81610-020 Curitiba - PR.
41129946;ISSA NACLI E M CEIEI EF;-25.48235117;-49.21344122;infantil|fundamental_i;municipal;ativa;geral;nao;RUA CAP LEONIDAS MARQUES, 2147 UBERABA. 81550-000 Curitiba - PR.
41129954;ITACELINA BITTENCOURT E MEI EF;-25.47083461;-49.27546053;fundamental_i;municipal;ativa;geral;nao;RUA SAO PAULO, 2055 GUAIRA. 80630-150 Curitiba - PR.
41355849;ITACOLOMISABARA C M E I;-25.49913007;-49.34460344;infantil;municipal;ativa;geral;nao;RUA SAO VALERIO, 70 CIC. 81450-230 Curitiba - PR.
41157001;ITALO CONTI C M E I GEN;-25.44767906;-49.20063196;infantil;municipal;ativa;geral;nao;RUA OLGA LINDER MARCON, 441 CAJURU. 82990-422 Curitiba - PR.
41353641;ITAMARATI C M E I;-25.51783136;-49.26610356;infantil;municipal;ativa;geral;nao;RUA TEN ANTONIO PUPO, 527 XAXIM. 81830-230 Curitiba - PR.
41355920;ITAPEMA C M E I;-25.48400833;-49.34033167;infantil;municipal;ativa;geral;nao;EST VELHA DO BARIGUI, 625 CIC. 81250-460 Curitiba - PR.
41158296;IVA DE ABREU COSTA SILVA C M A E E;-25.44151838;-49.22114308;;municipal;ativa;sem_escolarizacao;nao;RUA ENG ENEDINA ALVES MARQUES, 167 CAJURU. 82950-060 Curitiba - PR.
41129962;IVAIPORA E MEI EF;-25.49590970;-49.29024291;infantil|fundamental_i;municipal;ativa;geral;nao;RUA VER ADEODATO VOLPI, 550 CAPAO RASO. 81110-050 Curitiba - PR.
41158474;IVO ARZUA PEREIRA C M E I PREF;-25.53554784;-49.27867599;infantil;municipal;ativa;geral;nao;RUA OSEAS LAZZARI STOTERAU, 152 SITO CERCADO. 81900-590 Curitiba - PR.
41129970;IVO LEAO C EEF M;-25.49621150;-49.31658786;fundamental_ii;estadual;ativa;geral;nao;RUA NOSSA SENHORA DA CABECA, 1183 CIC. 81310-010 Curitiba - PR.
41129989;IVO ZANLORENZI E E MONSEF;-25.44460441;-49.34534465;fundamental_ii;estadual;ativa;geral;nao;RUA EDUARDO SPRADA, 4114 CAMPO COMPRIDO. 81270-010 Curitiba - PR.
41356632;IVONE MAGDALA C E I;-25.47141541;-49.19194515;infantil;privada;ativa;geral;sim;RUA ANTONIO MOREIRA LOPES, 1213 CAJURU. 82980-100 Curitiba - PR.
41162692;IVONETE ROSA DE SOUZA C M E I;-25.49542308;-49.30314176;infantil;municipal;ativa;geral;nao;RUA AFIFFE MANSUR, 634 NOVO MUNDO. 81050-180 Curitiba - PR.
41129997;JAGUARIAIVA E MEI EF;-25.39650109;-49.21727898;infantil|fundamental_i;municipal;ativa;geral;nao;RUA JOSE MAZEPA, 51 BACACHERI. 82600-570 Curitiba - PR.
41151275;JARDIM ALEGRE C M E I;-25.36214667;-49.21696500;infantil;municipal;ativa;geral;nao;RUA ERICO DA SILVA, 427 SANTA CANDIDA. 82630-590 Curitiba - PR.
41538897;JARDIM ALIANCA C M E I;-25.36494000;-49.23137000;infantil;municipal;ativa;geral;nao;RUA FRANCIS BACON, 244 SANTA CANDIDA. 82720-240 Curitiba - PR.
41353706;JARDIM ESMERALDA C M E I;-25.50808312;-49.26876180;infantil;municipal;ativa;geral;nao;RUA DANTE HONORIO, 503 XAXIM. 81830-140 Curitiba - PR.
41130022;JARDIM EUROPA E MEI EF;-25.50527048;-49.27969341;infantil|fundamental_i;municipal;ativa;geral;nao;RUA HERMENEGILDO BONAT, 26 XAXIM. 81810-280 Curitiba - PR.
41373022;JARDIM GABINETO C M E I;-25.43552559;-49.35343459;infantil;municipal;ativa;geral;nao;RUA PADRE FRANCISCO CHYLASZEK, 283 CIC. 81280-030 Curitiba - PR.
41158415;JARDIM LUDOVICA C M E I;-25.58029196;-49.33666837;infantil;municipal;ativa;geral;nao;RUA ALGACYR MANOEL VOLUZ, 214 TATUQUARA. 81470-362 Curitiba - PR.
41352840;JARDIM PARANA C M E I;-25.49882346;-49.28173020;infantil;municipal;ativa;geral;nao;RUA ANTON TCHEKOV, 295 CAPAO RASO. 81020-700 Curitiba - PR.
41355725;JARDIM PARANAENSE C M E I;-25.54083641;-49.24095408;infantil;municipal;ativa;geral;nao;RUA PEDRO NABOSNE, 78 ALTO BOQUEIRAO. 81860-210 Curitiba - PR.
41130030;JARDIM SANTO INACIO E MEI EF;-25.42799387;-49.32859132;infantil|fundamental_i;municipal;ativa;geral;nao;RUA SILVIO ZANATTA, 96 SANTO INACIO. 82010-400 Curitiba - PR.
41130049;JARDIM SANTOS ANDRADE E MEI EF;-25.45683612;-49.32583812;infantil|fundamental_i;municipal;ativa;geral;nao;RUA LUIZ ZILLI, 405 CAMPO COMPRIDO. 81220-100 Curitiba - PR.
41352823;JARDIM SATURNO C M E I;-25.42833497;-49.34464828;infantil;municipal;ativa;geral;nao;RUA MJR NESTOR LUIZ DE OLIVEIRA JUNIOR, 2 SANTO INACIO. 82300-240 Curitiba - PR.
41355970;JARDIM SAVANA C M E I;-25.46747695;-49.24693679;infantil;municipal;ativa;geral;nao;RUA JEAN BAPTISTA DEBRET, 250 GUABIROTUBA. 81510-320 Curitiba - PR.
41130065;JAYME CANET C E CMEF M P;-25.49971833;-49.26596167;fundamental_ii;estadual;ativa;geral;nao;RUA ANA APARECIDA L CANET, 133 XAXIM. 81710-210 Curitiba - PR.
41158385;JAYME CANET JUNIOR C M E I;-25.53169331;-49.26337261;infantil;municipal;ativa;geral;nao;RUA EDVALD RIBAS BORBA, 45 SITIO CERCADO. 81910-650 Curitiba - PR.
41370660;JEQUITIBA C M E I;-25.55823040;-49.25769603;infantil;municipal;ativa;geral;nao;R EDUARDO PINTO DA ROCHA, 4190 SITIO CERCADO. 81935-000 Curitiba - PR.
41356438;JESUS CRIANCA C E I;-25.41378423;-49.34321142;infantil;privada;ativa;geral;sim;RUA ZACARIAS MANSUR, 278 SAO BRAZ. 82015-380 Curitiba - PR.
41385942;JOANA RAKSA E M PROFAEI EF;-25.61906445;-49.34845528;infantil|fundamental_i;municipal;ativa;geral;nao;RUA FRANCISCA BERALDE PAOLINI, 99 CAXIMBA. 81495-010 Curitiba - PR.
41606892;JOAO AMAZONAS E MEI EF;-25.59142470;-49.34113155;infantil|fundamental_i;municipal;ativa;geral;nao;RUA PALMYRA CRIVELLARO BERTOLDE, 813 CAMPO DE SANTANA. 81490-510 Curitiba - PR.
41130090;JOAO BAGOZZI COL PE - EF-EM E NORMAL;-25.47411018;-49.29442241;fundamental_i|fundamental_ii;privada;ativa;geral;nao;RUA JOAO BETTEGA, 15 PORTAO. 81070-000 Curitiba - PR.
41157753;JOAO BAGOZZI KIDS CENTRO DE EDUCACAO INFANTIL PADRE;-25.47604745;-49.30100689;infantil;privada;ativa;geral;nao;RUA LUIZ PARIGOT DE SOUZA, 813 PORTAO. 81070-050 Curitiba - PR.
41393406;JOAO BAPTISTA FONTANA C M E I;-25.46573670;-49.26203792;infantil;municipal;ativa;geral;nao;RUA PROF PORTHOS VELLOZO, 619 PAROLIN. 80220-390 Curitiba - PR.
41130103;JOAO BETTEGA C EEF M PROFIS N;-25.48586215;-49.30458899;fundamental_ii;estadual;ativa;geral;nao;RUA VISCONDE DO CERRO FRIO SN, NOVO MUNDO. 81050-080 Curitiba - PR.
41161211;JOAO BOTELHO C M E I;-25.52987020;-49.33388961;infantil;municipal;ativa;geral;nao;RUA ANTONIA MOLINA BELLA, 370 CIDADE INDUSTRIAL. 81460-157 Curitiba - PR.
41372875;JOAO CABRAL DE MELO NETOE M POETAEI EF;-25.53075333;-49.33965616;infantil|fundamental_i;municipal;ativa;geral;nao;RUA MARCO CAMPOS, 371 CIC. 81460-187 Curitiba - PR.
41130111;JOAO CRUCIANI E M PEEI EF;-25.46682944;-49.32720765;infantil|fundamental_i;municipal;ativa;geral;nao;RUA JOSE GONCALVES JUNIOR, 259 CAMPO COMPRIDO. 81220-210 Curitiba - PR.
41130138;JOAO DE OLIVEIRA FRANCO C EEF M PROFIS;-25.48845716;-49.27747388;fundamental_ii;estadual;ativa;geral;nao;RUA PADRE MANUEL DA NOBREGA, 1489 VL FANNY. 81030-330 Curitiba - PR.
41130146;JOAO LOYOLA C E CM PROFEF M P;-25.51826944;-49.29996364;fundamental_ii;estadual;ativa;geral;nao;RUA MARIO GOMES CESAR, 580 PINHEIRINHO. 81150-313 Curitiba - PR.
41130154;JOAO MACEDO FILHO E MEI EF;-25.47226482;-49.22737031;infantil|fundamental_i;municipal;ativa;geral;nao;RUA ULISSES JOSE RIBEIRO, 432 UBERABA. 81530-590 Curitiba - PR.
41130162;JOAO MAZZAROTTO C EEF M PROFIS;-25.50231264;-49.28935479;fundamental_ii;estadual;ativa;geral;nao;RUA SANTA REGINA, 664 CAPAO RASO. 81110-260 Curitiba - PR.
41130170;JOAO PAULO I C E CM PAPAEF M P;-25.38418676;-49.23796218;fundamental_ii;estadual;ativa;geral;nao;RUA MARIA GERONASSO DO ROSARIO, 259 BOA VISTA. 82560-540 Curitiba - PR.
41130189;JOAO PAULO II C EEF M PROFIS;-25.51646598;-49.26989794;fundamental_ii;estadual;ativa;geral;nao;RUA JOAO BARBOSA DE ALMEIDA, 545 XAXIM. 81830-200 Curitiba - PR.
41389891;JOAO STIVAL E M VEREI EF;-25.39095440;-49.35524359;infantil|fundamental_i;municipal;ativa;geral;nao;RUA JOAO BUDEL, 187 BUTIATUVINHA. 82400-400 Curitiba - PR.
41130197;JOAO TURIN C E CMEF M PROFIS;-25.45216234;-49.27906105;fundamental_ii;estadual;ativa;geral;nao;RUA ALM GONCALVES, 2880 AGUA VERDE. 80250-150 Curitiba - PR.
41130200;JOAO WISLINSKI C E CM PEEF M N P;-25.36575073;-49.23290209;fundamental_ii;estadual;ativa;geral;nao;RUA FRANCIS BACON, 7 SANTA CANDIDA. 82720-240 Curitiba - PR.
41130219;JOAO XXIII E M PAPAEI EF;-25.47911321;-49.29910738;fundamental_i|fundamental_ii;municipal;ativa;geral;nao;RUA ITACOLOMI, 700 PORTAO. 81070-150 Curitiba - PR.
41130235;JOAQUIM TAVORA E MEI EF;-25.51527918;-49.32636462;infantil|fundamental_i;municipal;ativa;geral;nao;RUA ANGELINA TURESSO CAVALIM, 90 CIC. 81170-370 Curitiba - PR.
41149351;JOSE ALENCAR C M E I;-25.55387207;-49.24843834;infantil;municipal;ativa;geral;nao;R GUACUI, 5757 GANCHINHO. 81935-080 Curitiba - PR.
41130243;JOSE BUSNARDO C E EF M;-25.47988059;-49.26676076;fundamental_ii;estadual;ativa;geral;nao;RUA MAJOR VICENTE DE CASTRO, 1154 VL FANNY. 81030-020 Curitiba - PR.
41605926;JOSE CARLOS PISANI C M E I;-25.56913040;-49.32875736;infantil;municipal;ativa;geral;nao;RUA EUGENIO GERALDO ZEGLIN, 275 TATUQUARA. 81470-192 Curitiba - PR.
41130251;JOSE CAVALLIN E M PROF CEIEI EF;-25.54456242;-49.27603536;infantil|fundamental_i;municipal;ativa;geral;nao;RUA CALIFORNIA, 954 SITIO CERCADO. 81900-210 Curitiba - PR.
41130260;JOSE DE ANCHIETA E M PEEI EF;-25.48088493;-49.32168807;infantil|fundamental_i;municipal;ativa;geral;nao;RUA DANIEL MIKOVSKI, 125 FAZENDINHA. 81320-140 Curitiba - PR.
41387244;JOSE DE PAIVA NETTO C E I;-25.51929454;-49.23051165;infantil;privada;ativa;geral;nao;RUA PADRE ESTANISLAU TRZEBIATOWSKI, 180 BOQUEIRAO. 81750-390 Curitiba - PR.
41130294;JOSE FRESSATO C EEF M;-25.45709072;-49.37785042;fundamental_ii;estadual;ativa;geral;nao;RUA NOVA LONDRINA, 30 VL AUGUSTA. 81265-110 Curitiba - PR.
41130308;JOSE GUIMARAES C E PROFEM PROFIS;-25.47523000;-49.24809500;;estadual;ativa;geral;nao;RUA PRES PADUA FLEURY, 418 VL HAUER. 81610-150 Curitiba - PR.
41130316;JOSE LAMARTINE C O LYRA E M CEIEI EF;-25.51949500;-49.30605500;infantil|fundamental_i;municipal;ativa;geral;nao;RUA CAROLINA DOS ANJOS, 94 PINHEIRINHO. 81150-240 Curitiba - PR.
41127811;JOSE RICHA E EEF MOD ED ESP;-25.46593795;-49.29746747;fundamental_i;estadual;ativa;exclusivo_deficiencia;nao;RUA TAMOIOS, 1385 VILA IZABEL. 80320-290 Curitiba - PR.
41130324;JOSE W DIAS E M PROF CEIEI EF;-25.37496671;-49.25304338;infantil|fundamental_i;municipal;ativa;geral;nao;RUA DOS IPES, 122 BARREIRINHA. 82700-380 Curitiba - PR.
41130332;JULIA A DI LENNA E MEI EF;-25.37659115;-49.25780123;infantil|fundamental_i|fundamental_ii;municipal;ativa;geral;nao;RUA JOAO MACHADO DE CAMARGO, 25 BARREIRINHA. 82700-190 Curitiba - PR.
41130340;JULIA WANDERLEY C EEF M PROFIS;-25.43936948;-49.29182718;fundamental_ii;estadual;ativa;geral;nao;AV VICENTE MACHADO, 1643 BATEL. 80440-020 Curitiba - PR.
41130359;JULIO MESQUITA C E CM PROFEF M PROFIS;-25.45643119;-49.22878171;fundamental_ii;estadual;ativa;geral;nao;RUA MARIA THEODORA DE PAULA COSTA, 49 JD DAS AMERICAS. 81530-270 Curitiba - PR.
41130367;JULIO MOREIRA E M CEIEI EF;-25.41790000;-49.34237000;infantil|fundamental_i;municipal;ativa;geral;nao;RUA ALEXANDRE MARCOSKI, 190 SAO BRAZ. 82015-570 Curitiba - PR.
41158350;JULIO RAPHAEL GOMEL C M E I;-25.57859349;-49.33794469;infantil;municipal;ativa;geral;nao;RUA AGOSTINHA MARIA RIBEIRO ABRAO, 48 TATUQUARA. 81470-368 Curitiba - PR.
41130375;JUNSHIN PRE ESC MAT JD INF;-25.43972421;-49.27414382;infantil;privada;ativa;geral;nao;RUA NUNES MACHADO, 253 CENTRO. 80250-000 Curitiba - PR.
41130383;JURANDYR B MOCKELL E M PROFAEI EF;-25.51957785;-49.28622453;infantil|fundamental_i;municipal;ativa;geral;nao;RUA BRIG EDUARDO GOMES, 270 PINHEIRINHO. 81820-030 Curitiba - PR.
41151240;JURIL DE P E S CARNASCIALI C M E I JORN;-25.59309775;-49.32328535;infantil;municipal;ativa;geral;nao;RUA PAPA LEAO XIII, 175 CAMPO SANTANA. 81825-282 Curitiba - PR.
41381718;KELUC EEI EF;-25.51425548;-49.30049220;fundamental_i|fundamental_ii;privada;ativa;geral;nao;RUA WALDEMIRO PEREIRA, 480 CAPAO RASO. 81150-150 Curitiba - PR.
41389115;KIDS CENTRO EDUCACAO INFANTIL;-25.43500798;-49.28912202;infantil;privada;ativa;geral;nao;RUA SALDANHA MARINHO, 1836 BIGORRILHO. 80730-180 Curitiba - PR.
41163257;KIDS KINDER CEI;-25.43514933;-49.28938782;infantil;privada;ativa;geral;nao;RUA SALDANHA MARINHO, 1836 BIGORRILHO. 80730-180 Curitiba - PR.
41602951;KO YAMAWAKI E M PROFEI EF;-25.42045000;-49.20055000;infantil|fundamental_i;municipal;ativa;geral;nao;RUA EPAMINONDAS SANTOS, 2816 BAIRRO ALTO. 82820-090 Curitiba - PR.
41356209;KRASINSKI C M E I;-25.42464221;-49.21070301;infantil;municipal;ativa;geral;nao;RUA CEL VERGINIO LEINIG DE MELLO, 345 ABRANCHES. 82220-290 Curitiba - PR.
41130405;LA SALLE C EEF M PROF;-25.53223156;-49.29158521;fundamental_ii;estadual;ativa;geral;nao;RUA DILERMANDO PEREIRA DE ALMEIDA, 120 PINHEIRINHO. 81870-070 Curitiba - PR.
41130413;LAIS PERETTI E M VEREI EF;-25.52986358;-49.28252264;infantil|fundamental_i;municipal;ativa;geral;nao;RUA IZABEL RAKSA VOLUZ, 271 PINHEIRINHO. 81870-160 Curitiba - PR.
41386760;LALA SCHNEIDER C M E I;-25.52549779;-49.28312897;infantil;municipal;ativa;geral;nao;R DR JOSE DE ALMEIDA PIMPAO, 411 SITIO CERCADO. 81900-440 Curitiba - PR.
41130421;LAMENHA LINS C E CM PRESEF M P;-25.45482835;-49.26816496;fundamental_ii;estadual;ativa;geral;nao;RUA LAMENHA LINS, 2185 REBOUCAS. 80220-080 Curitiba - PR.
41130430;LAPA E MEI EF;-25.50987365;-49.22838967;infantil|fundamental_i;municipal;ativa;geral;nao;RUA DIOGO MUGGIATI, 1292 BOQUEIRAO. 81730-360 Curitiba - PR.
41356519;LAR BOM PASTOR;-25.35867000;-49.26586000;infantil|fundamental_i;privada;ativa;geral;nao;RUA IRMA ANATOLIA, 421 CACHOEIRA. 82220-370 Curitiba - PR.
41157427;LAURA GONCALVES DOS SANTOS C M E I;-25.44962517;-49.24726004;infantil;municipal;ativa;geral;nao;RUA MANOEL MARTINS DE ABREU, 830 PRADO VELHO. 80215-472 Curitiba - PR.
41130480;LAURO ESMANHOTO E M PROF CEIEF;-25.37988623;-49.29559385;fundamental_i;municipal;ativa;geral;nao;RUA AFFONSO BARONI, 175 PILARZINHO. 82115-230 Curitiba - PR.
41361717;LEOCADIO J CORREIA C E I DR;-25.37282833;-49.23360000;infantil;privada;ativa;geral;sim;RUA MAJOR SAUL DE CARVALHO CHAVES, 461 SANTA CANDIDA. 82640-000 Curitiba - PR.
41130499;LEONCIO CORREIA C EEF M PROFIS;-25.40132000;-49.24428000;fundamental_ii;estadual;ativa;geral;nao;RUA COSTA RICA, 233 BACACHERI. 82510-180 Curitiba - PR.
41385977;LEONEL DE M BRIZOLA E M GOVEI EF;-25.56621798;-49.32590596;infantil|fundamental_i;municipal;ativa;geral;nao;RUA ANTONIO ZANON, 1371 TATUQUARA. 81480-150 Curitiba - PR.
41130502;LEONEL MORO E M PROFEI EF;-25.51761984;-49.27689487;infantil|fundamental_i;municipal;ativa;geral;nao;RUA JOSE OSIRES BAGLIOLI, 262 PINHEIRINHO. 81820-090 Curitiba - PR.
41130529;LEONOR CASTELLANO E MEF;-25.52112185;-49.23821980;fundamental_i;municipal;ativa;geral;nao;RUA MAESTRO CARLOS FRANK, 2114 BOQUEIRAO. 81750-400 Curitiba - PR.
41356446;LETRAS DOURADAS C E I;-25.50417686;-49.26829618;infantil;privada;ativa;geral;sim;RUA PROF NARCISO MENDES, 630 XAXIM. 81810-520 Curitiba - PR.
41356179;LIBERDADE C M E I;-25.40479115;-49.19911229;infantil;municipal;ativa;geral;nao;RUA RIO JARI, 1527 BAIRRO ALTO. 82840-210 Curitiba - PR.
41130553;LINA M M MOREIRA E M PROFA CEIEI EF;-25.46166003;-49.33398860;fundamental_i;municipal;ativa;geral;nao;RUA LUIZ RONALDO CANALLI, 3280 CAMPO COMPRIDO. 81230-162 Curitiba - PR.
41130570;LINNEU F DO AMARAL E M PREFEI EF;-25.45254340;-49.20813186;infantil|fundamental_i;municipal;ativa;geral;nao;RUA RORAIMA, 1570 CAJURU. 82930-000 Curitiba - PR.
41161521;LITTLE KIDS BABY C E I;-25.41199675;-49.25128897;infantil;privada;ativa;geral;nao;RUA PROFESSOR ARTHUR LOYOLA, 180 CABRAL. 80035-100 Curitiba - PR.
41610890;LITTLE KIDS ESCOLA BILINGUE;-25.41167000;-49.25067333;infantil|fundamental_i;privada;ativa;geral;nao;RUA DOUTOR MANOEL PEDRO, 928 CABRAL. 80035-030 Curitiba - PR.
41147685;LOGUS E - ED INF ENS FUND;-25.47085628;-49.31407120;infantil|fundamental_i|fundamental_ii;privada;ativa;geral;nao;RUA ROBERTO CHRISTENSEN, 102-126 PORTAO. 80330-270 Curitiba - PR.
41162684;LOURDES ARAUJO CANET C M E I;-25.51092758;-49.30820198;infantil;municipal;ativa;geral;nao;RUA CAPITAO ARGEMIRO MONTEIRO WANDERLEY, 1371 CAPAO RASO. 81130-160 Curitiba - PR.
41130618;LOUREIRO FERNANDES C E PROFEF M PROFIS;-25.40746655;-49.26026525;fundamental_ii;estadual;ativa;geral;nao;RUA MAL MALLET, 540 AHU DE BAIXO. 80540-230 Curitiba - PR.
41377451;LUA DE CRISTAL C E I;-25.50368434;-49.27411281;infantil;privada;ativa;geral;sim;RUA LEONCIO DEROSSO, 805 XAXIM. 81810-520 Curitiba - PR.
41370651;LUAN MULLER EEF MOD ED ESP;-25.45311910;-49.30023410;fundamental_i;privada;ativa;exclusivo_deficiencia;sim;RUA PROFESSOR JOAO ARGEMIRO LOYOLA, 220 SEMINARIO. 80240-530 Curitiba - PR.
41130634;LUCIA BASTOS C EEF M;-25.53575508;-49.23933579;fundamental_ii;estadual;ativa;geral;nao;RUA CEL AMERICO WALGER, 12 ALTO BOQUEIRAO. 81860-050 Curitiba - PR.
41158440;LUCIA ZANIER DEMETERCO C M E I;-25.59470979;-49.32886633;infantil;municipal;ativa;geral;nao;RUA CECILIA VIGO BRUZAMORIN, 45 CAMPO DE SANTANA. 81490-330 Curitiba - PR.
41428846;LUCY REQUIAO DE M E SILVA E EEI EF M E;-25.39997585;-49.33880836;fundamental_i;estadual;ativa;exclusivo_deficiencia;nao;AV MANOEL RIBAS, 7119 SANTA FELICIDADE. 82400-000 Curitiba - PR.
41130669;LUIZ CARLOS P E SOUZA C E CM PROFEF M;-25.55773605;-49.28096350;fundamental_ii;estadual;ativa;geral;nao;RUA ALBERT SABIN, 300 UMBARA. 81930-640 Curitiba - PR.
41130677;LUIZ LOSSO FILHO CEEBJA DR EF M;-25.38413648;-49.20123643;;estadual;paralisada;geral;nao;RUA JOAO BATISTA SCUCATO, 80 ATUBA. 82860-130 Curitiba - PR.
41130685;LUIZA ROSS C E CM PROFAEF M P;-25.51586397;-49.22475413;fundamental_ii;estadual;ativa;geral;nao;RUA MAESTRO CARLOS FRANK, 616 BOQUEIRAO. 81730-320 Curitiba - PR.
41130693;LULA E M DONA EI EF;-25.48618770;-49.22629246;fundamental_i;municipal;ativa;geral;nao;RUA ELIAS MOYSES SCHELELA, 570 UBERABA. 81570-330 Curitiba - PR.
41128931;LULU E M DONAEI EF;-25.54030000;-49.25133000;infantil|fundamental_i;municipal;ativa;geral;nao;RUA MILTON MIRAMIR VISINONI, 45 SITIO CERCADO. 81920-070 Curitiba - PR.
41146514;LUMEN EDUCACAO INFANTIL E ENSINO FUNDAMENTAL;-25.44854866;-49.31013778;infantil|fundamental_i|fundamental_ii;privada;ativa;geral;nao;RUA JOSE NAVES DA CUNHA, 348 SEMINARIO. 80310-080 Curitiba - PR.
41356950;LUZ DO AMANHA C M E I;-25.51509019;-49.32887672;infantil;municipal;ativa;geral;nao;RUA DES CID CAMPELO, 3725 CIC. 81170-350 Curitiba - PR.
41356365;LYGIA CARNEIRO C M E I PROFA;-25.38617941;-49.33366479;infantil;municipal;ativa;geral;nao;RUA DANIEL CESARIO PEREIRA, 581 SANTA FELICIDADE. 82410-180 Curitiba - PR.
41130723;LYSIMACO F COSTA C E PROFEF M P;-25.44998545;-49.29076558;fundamental_ii;estadual;ativa;geral;nao;AV IGUACU, 3012 AGUA VERDE. 80240-031 Curitiba - PR.
41130740;MADALENA SOFIA COL - EDUC INF-EF-EM;-25.41204208;-49.21429799;infantil|fundamental_i|fundamental_ii;privada;ativa;geral;nao;RUA SANTA MADALENA SOFIA BARAT, 809 BAIRRO ALTO. 82820-490 Curitiba - PR.
41130782;MANOEL A GUIMARAES C E CM SEN EF M P;-25.42475703;-49.30046358;fundamental_ii;estadual;ativa;geral;nao;AV CANDIDO HARTMANN, 1650 MERCES. 80710-570 Curitiba - PR.
41130790;MANOEL RIBAS C EEF M;-25.44810074;-49.25156282;fundamental_ii;estadual;ativa;geral;nao;RUA GUABIROTUBA, 600 PRADO VELHO. 80215-200 Curitiba - PR.
41130804;MANSUR GUERIOS E MEI EF;-25.50164288;-49.34841050;infantil|fundamental_i;municipal;ativa;geral;nao;ESTRADA VELHA DO BARIGUI, 3200 CIC. 81450-020 Curitiba - PR.
41130812;MANUEL DA S D ELBOUX E M DEI EF;-25.42107655;-49.24400938;infantil|fundamental_i;municipal;ativa;geral;nao;RUA PRES RODRIGO OTAVIO, 1158 HUGO LANGE. 80040-452 Curitiba - PR.
41356756;MAO COOPERADORA C COMPRIDO C E I;-25.45394167;-49.35481500;;privada;extinta;geral;sim;RUA GASTAO DE ABREU PIRES, 385 CAMPO COMPRIDO. 81270-030 Curitiba - PR.
41373421;MAO COOPERADORA LINDOIA C E I;-25.48109628;-49.27546011;infantil;privada;ativa;geral;sim;RUA AMERICO VESPUCIO, 34 VL LINDOIA. 81010-250 Curitiba - PR.
41359615;MAO COOPERADORA UBERABA C E I;-25.49040853;-49.22729644;infantil;privada;ativa;geral;sim;RUA RODOLFO BERNADELLI, 545 UBERABA. 81580-010 Curitiba - PR.
41153537;MAPLE BEAR CANADIAN SCHOOL - ESCOLA;-25.40940000;-49.24084000;;privada;paralisada;geral;nao;AVENIDA NOSSA SENHORA DA LUZ, 695 ESCOLA. BACACHERI. 82510-020 Curitiba - PR.
41130820;MARCAL JUSTEN E M DESEI EF;-25.46329425;-49.28329200;infantil|fundamental_i;municipal;ativa;geral;nao;RUA SANTA CATARINA, 710 AGUA VERDE. 80620-100 Curitiba - PR.
41372867;MARGARIDA ORSO DALLAGASSA E MEI EF;-25.55943927;-49.31545342;infantil|fundamental_i;municipal;ativa;geral;nao;RUA SARGENTO FRANCISCO DA SILVA COTRIN, 100 TATUQUARA. 81480-168 Curitiba - PR.
41130839;MARIA A JOUVE E M PROFA CEIEI EF;-25.52414767;-49.23399794;infantil|fundamental_i;municipal;ativa;geral;nao;RUA PASTOR ANTONIO POLITO, 1171 ALTO BOQUEIRAO. 81770-260 Curitiba - PR.
41130847;MARIA A TEIXEIRA C E PROFAEF M PROFIS;-25.43961502;-49.22771401;fundamental_ii;estadual;ativa;geral;nao;AV PRESIDENTE AFFONSO CAMARGO, 3463 CAPAO DA IMBUIA. 82800-240 Curitiba - PR.
41147715;MARIA AMELIA C E I;-25.44311947;-49.35958953;infantil;privada;ativa;geral;sim;RUA CASEMIRO AUGUSTO RODACKI, 444 CIC. 81280-480 Curitiba - PR.
41370678;MARIA AP B HARTMANN C M E I;-25.35286000;-49.26262833;infantil;municipal;ativa;geral;nao;RUA OVIDIO GARCEZ, 59 CACHOEIRA. 82710-410 Curitiba - PR.
41130855;MARIA BALBINA COSTA DIASC E PROFAEF M;-25.42420631;-49.21544675;fundamental_ii;estadual;ativa;geral;nao;RUA KONRAD ADENAUER, 668 TARUMA. 82821-020 Curitiba - PR.
41158300;MARIA CANDIDA FANKIN ABRAO C M A E E;-25.51514592;-49.29448689;;municipal;ativa;sem_escolarizacao;nao;RUA LEON NICOLAS SN, PINHEIRINHO. 81050-140 Curitiba - PR.
41373561;MARIA CAZETTA C E I;-25.47727082;-49.22832326;;privada;paralisada;geral;nao;RUA PADRE JULIO SAAVEDRA, 109 UBERABA. 81570-180 Curitiba - PR.
41130863;MARIA CLARA B TESSEROLLI E M EI EF;-25.48791648;-49.28796878;fundamental_i|fundamental_ii;municipal;ativa;geral;nao;RUA JOAO RIBEIRO LEMOS, 380 NOVO MUNDO. 81020-270 Curitiba - PR.
41379934;MARIA DE L L PEGORARO E M PROFAEI EF;-25.47503766;-49.19594713;infantil|fundamental_i;municipal;ativa;geral;nao;RUA JOAO ALVES DE ARAUJO, 273 CAJURU. 82980-190 Curitiba - PR.
41130871;MARIA DO CARMO MARTINS E MEI EF;-25.45994210;-49.34528375;infantil|fundamental_i;municipal;ativa;geral;nao;RUA JOAO DEMBINSKI, 1377 CIC. 81270-330 Curitiba - PR.
41158318;MARIA DO CARMO PACHECO C M A E E;-25.42839833;-49.27301667;;municipal;ativa;sem_escolarizacao;nao;RUA DO ROSARIO, 144 CENTRO. 80020-110 Curitiba - PR.
41158377;MARIA DO ROCIO R MAESTRELLI C M E I;-25.47998040;-49.35709778;infantil;municipal;ativa;geral;nao;RUA ANTONI PAVELSKI, 99 AUGUSTA. 81265-360 Curitiba - PR.
41130880;MARIA DOS ANJOS E M MADRE EI EF;-25.48914493;-49.28050560;infantil|fundamental_i;municipal;ativa;geral;nao;RUA SANTA MARIA, 540 NOVO MUNDO. 81030-410 Curitiba - PR.
41157710;MARIA FUMACA CENTRO DE EDUCACAO INFANTIL;-25.41261374;-49.34166390;;privada;paralisada;geral;nao;RUA CAPITAO DOMINGOS CASTELLANO, 71 SANTO INACIO. 82300-020 Curitiba - PR.
41130901;MARIA GAI GRENDEL C E PROFAEF M PROFIS;-25.62164743;-49.34833877;fundamental_ii;estadual;ativa;geral;nao;RUA DEL BRUNO DE ALMEIDA, 320 CAXIMBA. 81495-000 Curitiba - PR.
41151232;MARIA GRACITA GRACIA GONCALVES C M E I;-25.59165321;-49.34067828;infantil;municipal;ativa;geral;nao;RUA EWERTON LEINIG SAPORSKI, 40 CAMPO DE SANTANA. 81490-506 Curitiba - PR.
41130910;MARIA HELOISA CASSELLI CE PROFAEF M;-25.39281317;-49.30082836;fundamental_ii;estadual;ativa;geral;nao;RUA CATHARINA POTINA DE MAURO, 80 PILARZINHO. 82100-700 Curitiba - PR.
41389883;MARIA IENKOT ZEGLIN E M PROFAEI EF;-25.57759554;-49.33183461;infantil|fundamental_i;municipal;ativa;geral;nao;RUA PRESIDENTE JOAO GOULART, 1605 TATUQUARA. 81470-470 Curitiba - PR.
41130928;MARIA IMACULADA CONCEICAO CTRO EDUC INF;-25.41941000;-49.34541167;infantil;privada;ativa;geral;nao;RUA JACOB BREDA, 184 SAO BRAZ. 82015-430 Curitiba - PR.
41158334;MARIA JULIETA A MALTY C M A E E PROFA;-25.47905671;-49.29868394;;municipal;ativa;sem_escolarizacao;nao;RUA ITACOLOMI, 706 PORTAO. 81070-150 Curitiba - PR.
41379926;MARIA MARLI PIOVEZAN E M PROFAEI EF;-25.49530855;-49.20820305;infantil|fundamental_i;municipal;ativa;geral;nao;RUA VELCY BOLIVAR GRANDO, 105 UBERABA. 81560-615 Curitiba - PR.
41130936;MARIA MONTESSORI C EEF M;-25.38388980;-49.22940575;fundamental_ii;estadual;ativa;geral;nao;RUA GUILHERME IHLENFELDT, 980 TINGUI. 82620-035 Curitiba - PR.
41372700;MARIA NEIDE G BETIATTO E M PROFAEI EF;-25.55777664;-49.28202383;infantil|fundamental_i;municipal;ativa;geral;nao;RUA ANTONIO AUGUSTO DE BRITO, 230 UMBARA. 81930-605 Curitiba - PR.
41130944;MARIA NICOLAS E M PROFAEI EF;-25.46301329;-49.30431725;fundamental_i;municipal;ativa;geral;nao;RUA IRATI, 340 SANTA QUITERIA. 80310-150 Curitiba - PR.
41130952;MARIA P MARTINS E EEF;-25.36692173;-49.25974974;fundamental_ii;estadual;ativa;geral;nao;AV ANITA GARIBALDI, 5340 BARREIRINHA. 82220-000 Curitiba - PR.
41356497;MARIA VIEZZER HERMANN C M E I PROFA;-25.41046190;-49.29907262;infantil;municipal;ativa;geral;nao;RUA BATISTA PESSINE, 528 VISTA ALEGRE. 82820-000 Curitiba - PR.
41384466;MARIA VILMA PAOLINI C M E I;-25.61941776;-49.34600201;infantil;municipal;ativa;geral;nao;RUA EST DEL BRUNO DE ALMEIDA, 8059 CAXIMBA. 81495-000 Curitiba - PR.
41130979;MARINGA E MEI EF;-25.53506827;-49.29635329;infantil|fundamental_i;municipal;ativa;geral;nao;RUA BRASILIO PERY MOREIRA, 47 PINHEIRINHO. 81880-060 Curitiba - PR.
41149360;MARIO COVAS C M E I;-25.47400922;-49.36138347;infantil;municipal;ativa;geral;nao;RUA JOSE PICUSSA, 150 AUGUSTA. 81265-225 Curitiba - PR.
41377036;MARISA AMADA P SELLA C E IMOD ED ESP;-25.44853670;-49.25260890;infantil;privada;ativa;exclusivo_deficiencia;sim;RUA IMACULADA CONCEICAO, 935 PRADO VELHO. 80215-030 Curitiba - PR.
41147693;MARISTA CURITIBA C E I;-25.47739211;-49.33309542;infantil;privada;ativa;geral;sim;RUA RAUL POMPEIA, 188 CID INDUS CURITIBA. 81240-000 Curitiba - PR.
41387848;MARLI QUEIROZ AZEVEDO CE PROFA EF M P;-25.54347827;-49.33819610;fundamental_ii;estadual;ativa;geral;nao;RUA CYRO CORREIA PEREIRA, 3506 CIC. 81170-230 Curitiba - PR.
41130987;MARTINUS CENTRO - COL EDUC INF ENS FUND ENS MEDIO E PROF;-25.42476167;-49.27579000;infantil|fundamental_i|fundamental_ii;privada;ativa;geral;nao;RUA PRESIDENTE CARLOS CAVALCANTI, 999 SAO FRANCISCO. 80510-040 Curitiba - PR.
41460839;MARTINUS CENTRO DE EDUCACAO PROFISSIONAL;-25.47399000;-49.29916000;;privada;paralisada;geral;nao;RUA TRAJANO REIS, 282 SAO FRANCISCO. 80510-220 Curitiba - PR.
41146611;MARTINUS PORTAO COL EDUC INF ENS FUND ENS MEDIO;-25.47292000;-49.29939000;infantil|fundamental_i|fundamental_ii;privada;ativa;geral;nao;RUA ARTHUR MOHR, 193 PORTAO. 81070-040 Curitiba - PR.
41146190;MARUMBI E MEI EF;-25.47961814;-49.20254593;infantil|fundamental_i;municipal;ativa;geral;nao;RUA FRANCISCO LICNERSKI, 50 UBERABA. 81590-250 Curitiba - PR.
41162633;MATRIZ C M E I;-25.43002223;-49.27803667;infantil;municipal;ativa;geral;nao;RUA ALAMEDA CABRAL, 340 CENTRO. 80410-210 Curitiba - PR.
41154517;MATRIZ CHAMPAGNAT;-25.42887263;-49.29712691;infantil;privada;ativa;geral;nao;FREDERICO CANTARELLI, 298 BIGORRILHO. 80710-240 Curitiba - PR.
41131002;MAXIMO ATILIO ASINELLI C E PROFEF M P;-25.47431394;-49.22328685;fundamental_ii;estadual;ativa;geral;nao;RUA JULIO WISCHRAL, 650 UBERABA. 81540-590 Curitiba - PR.
41353722;MEIA LUA C M E I;-25.49674822;-49.22782924;infantil;municipal;ativa;geral;nao;RUA ROMEU BACH, 116 BOQUEIRAO. 81650-140 Curitiba - PR.
41356624;MENA CAMARGO C E I;-25.43186138;-49.22857392;infantil;privada;ativa;geral;sim;RUA CEL IRAZE PAES BRASIL, 130 TARUMA. 82800-190 Curitiba - PR.
41377494;MENINO JESUS DE NAZARE C E I;-25.46229500;-49.33883833;infantil;privada;ativa;geral;sim;RUA AYRTON GREIFFO, 530 CAMPO COMPRIDO. 81230-178 Curitiba - PR.
41131053;MENINO JESUS EEF MOD ED ESP;-25.40867077;-49.22661868;;privada;ativa;exclusivo_deficiencia;sim;RUA MERCEDES SEILLER ROCHA, 79 BACACHERI. 82520-740 Curitiba - PR.
41131070;MERCEDES STRESSER EEF MOD ED ESP;-25.42465382;-49.20417165;;privada;ativa;exclusivo_deficiencia;sim;RUA PROF LUIZ CARLOS PEREIRA DA SILVA, 150 JARDIM BOTANICO. 80210-134 Curitiba - PR.
41376773;MEU AMORE C E I;-25.36881749;-49.26490553;infantil;privada;ativa;geral;sim;RUA PROF LEONARDO COBBE, 434 BARREIRINHA. 82220-050 Curitiba - PR.
41149572;MEU FUTURO C E I;-25.45542012;-49.29026186;infantil;privada;ativa;geral;sim;RUA CANDIDO XAVIER, 1007 AGUA VERDE. 80320-220 Curitiba - PR.
41356381;MEU PEQUENO REINO C E I;-25.43396965;-49.26431373;infantil;privada;ativa;geral;sim;RUA JOAO NEGRAO, 551 CENTRO. 80010-200 Curitiba - PR.
41358856;MICHEL KHURY E MEI EF;-25.48920966;-49.20233236;infantil|fundamental_i;municipal;ativa;geral;nao;RUA ADHMAR VIEIRA DE ARAUJO, 491 UBERABA. 81590-470 Curitiba - PR.
41149327;MIGUEL ARRAES C M E I;-25.49432370;-49.34831853;infantil;municipal;ativa;geral;nao;RUA MARCIO JOSE ABONISKI, 230 CIC. 81450-400 Curitiba - PR.
41361202;MIGUEL C E I FR;-25.51039002;-49.31920172;infantil;privada;ativa;geral;sim;RUA WILLIBALDO KAYSER, 273 CIC. 81170-260 Curitiba - PR.
41131193;MIGUEL KRUG E MEI EF;-25.47478833;-49.28610333;infantil|fundamental_i;municipal;ativa;geral;nao;RUA MORRETES, 1115 PORTAO. 80610-150 Curitiba - PR.
41131223;MILTON CARNEIRO C E CMEF M P;-25.53688667;-49.23824333;fundamental_ii;estadual;ativa;geral;nao;RUA CAPITAO ROBERTO LOPES QUINTAS, SN, ALTO BOQUEIRAO. 81860-090 Curitiba - PR.
41158423;MILTON LUIZ PEREIRA C M E I;-25.59804713;-49.33034766;infantil;municipal;ativa;geral;nao;RUA URIEL NOGUEIRA DOS SANTOS, 700 CAMPO DE SANTANA. 81490-380 Curitiba - PR.
41131274;MIRACY R ARAUJO E M PROFAEI EF;-25.54399458;-49.25689642;infantil|fundamental_i;municipal;ativa;geral;nao;RUA JOSE BASSA, 1175 SITIO CERCADO. 81920-500 Curitiba - PR.
41131282;MIRAZINHA BRAGA E MEI EF;-25.40878667;-49.28113167;infantil|fundamental_i;municipal;ativa;geral;nao;RUA CEL JOAO GUILHERME GUIMARAES, 1500 BOM RETIRO. 80520-280 Curitiba - PR.
41131290;MIRIAM C E I;-25.39329429;-49.28432012;infantil;privada;ativa;geral;sim;RUA AMAURI LANGE SILVERIO, 511 PILARZINHO. 82120-000 Curitiba - PR.
41595890;MOMENTOS MAGICOS EEI EF;-25.40190429;-49.24257798;infantil|fundamental_i;privada;ativa;geral;nao;RUA NICARAGUA, 530 BACACHERI. 82510-170 Curitiba - PR.
41386000;MONTEIRO LOBATO C M E I;-25.57290033;-49.33687683;infantil;municipal;ativa;geral;nao;ODIR GOMES DA ROCHA, 546 TATUQUARA. 81470-400 Curitiba - PR.
41131312;MONTEIRO LOBATO E M CEIEI EF;-25.50104000;-49.32020000;infantil|fundamental_i;municipal;ativa;geral;nao;RUA GUILHERME FUGMANN, 44 CIC. 81305-670 Curitiba - PR.
41356349;MORADIAS AUGUSTA C M E I;-25.45692100;-49.35018524;infantil;municipal;ativa;geral;nao;RUA ROBERT REDZIMSKI, 903 CIC. 81270-102 Curitiba - PR.
41353730;MORADIAS BELEM C M E I;-25.50745190;-49.22141261;infantil;municipal;ativa;geral;nao;RUA DIOGO MUGIATTI, 530 BOQUEIRAO. 81730-360 Curitiba - PR.
41149335;MORADIAS CORBELIA C M E I;-25.50657464;-49.35314163;infantil;municipal;ativa;geral;nao;RUA VICTOR GRYCAJUK, 121 SAO MIGUEL. 81452-330 Curitiba - PR.
41379918;MORADIAS DA ORDEM C M E I;-25.56400068;-49.32819016;infantil;municipal;ativa;geral;nao;RUA JOVENILSON AMERICO DE OLIVEIRA, 867 TATUQUARA. 81480-230 Curitiba - PR.
41131347;MORADIAS DO RIBEIRAO E MEI EF;-25.47487000;-49.33944000;infantil|fundamental_i;municipal;ativa;geral;nao;RUA JOAO DEMBINSKI, 3052 CIC. 81240-270 Curitiba - PR.
41356799;MORADIAS GRAMADOS C M E I;-25.52528580;-49.26710067;infantil;municipal;ativa;geral;nao;RUA DR PEDRO ZAVASKI, 1393 PINHEIRINHO. 81825-000 Curitiba - PR.
41385993;MORADIAS IGUACU C M E I;-25.47175444;-49.19753549;infantil;municipal;ativa;geral;nao;RUA LUIZ VISINONI, 907 CAJURU. 82990-042 Curitiba - PR.
41377605;MORADIAS MONTEIRO LOBATO C EEF M PROF;-25.57330729;-49.33540469;fundamental_ii;estadual;ativa;geral;nao;RUA OLIVIO JOSE ROSSETI, 430 TATUQUARA. 81470-270 Curitiba - PR.
41355512;MORADIAS OLINDA C M E I;-25.54256790;-49.28398476;infantil;municipal;ativa;geral;nao;RUA APUCARANA, 1065 SITIO CERCADO. 81900-430 Curitiba - PR.
41378725;MULTIDISCIPLINAR EEI EF MOD ED ESP;-25.48259068;-49.28255560;infantil;privada;ativa;exclusivo_deficiencia;sim;RUA ALEIXO BETTEGA, 580 LINDOIA. 81010-230 Curitiba - PR.
41149041;MUNDO DO ABC C E I;-25.45932752;-49.31664216;infantil;privada;ativa;geral;sim;RUA HEBERT NEAL, 147 SANTA QUITERIA. 80310-330 Curitiba - PR.
41381122;MUNDO FELIZ CTRO EDUC INF;-25.41831206;-49.25018063;infantil;privada;ativa;geral;nao;RUA DOUTOR GOULIN, 1091 JUVEVE. 80040-280 Curitiba - PR.
41152417;MUNDO KIDS C E I;-25.49598134;-49.21640733;infantil;privada;ativa;geral;sim;RUA AUGUSTO ZIBARTH,, 89 UBERABA. 81560-360 Curitiba - PR.
41131410;MUNDO MAGICO;-25.43759000;-49.23602000;infantil;privada;ativa;geral;nao;RUA URBANO LOPES, 65 CRISTO REI. 80050-520 Curitiba - PR.
41161912;MUNDO PARA TODO MUNDO C E I;-25.49452640;-49.25468582;infantil;privada;ativa;geral;sim;RUA HIPOLITO DA COSTA, 2252 BOQUEIRAO. 81670-100 Curitiba - PR.
41158407;MUSSA JOSE DE ASSIS C M E I JORN;-25.55942303;-49.25183823;infantil;municipal;ativa;geral;nao;RUA SILVIO CORAZZA, 386 GANCHINHO. 81935-382 Curitiba - PR.
41131444;NABIL TACLA E EI EF MOD ED ESP;-25.40555162;-49.25217953;;privada;paralisada;geral;nao;RUA DOS FUNCIONARIOS, 609 CABRAL. 80035-050 Curitiba - PR.
41131452;NAIR DE MACEDO E M CEI PROFAEI EF;-25.49055300;-49.30993035;infantil|fundamental_i;municipal;ativa;geral;nao;RUA FIORAVANTE SLAVIEIRO, 753 NOVO MUNDO. 81050-400 Curitiba - PR.
41151321;NANSYR C CAVICHIOLO E M PROFAEIEF;-25.46515231;-49.26373039;fundamental_i;municipal;ativa;geral;nao;RUA FRANCISCO PAROLIN, 930 PAROLIN. 80220-360 Curitiba - PR.
41131460;NARCISO MENDES C E PROFEF M;-25.50253661;-49.27192603;fundamental_ii;estadual;ativa;geral;nao;RUA PROF NARCISO MENDES, 283 XAXIM. 81810-520 Curitiba - PR.
41160347;NASCER DO SABER CEI;-25.41086721;-49.27539155;infantil;privada;ativa;geral;sim;RUA BRUNO FILGUEIRA, 1910 BIGORRILHO. 80730-380 Curitiba - PR.
41131479;NATALIA REGINATO C EEF M PROFIS;-25.45511321;-49.21995309;fundamental_ii;estadual;ativa;geral;nao;RUA GOIANIA, 679 VL OFICINAS. 82940-150 Curitiba - PR.
41151399;NATALIE BARRAGA C A E E;-25.42824172;-49.27315375;;estadual;ativa;sem_escolarizacao;nao;RUA DO ROSARIO, 9 E 11 ANDARES, 144 CENTRO. 80020-110 Curitiba - PR.
41605942;NATHALIA DE CONTO COSTA E M PROFAEI EF;-25.56587614;-49.27831004;infantil|fundamental_i;municipal;ativa;geral;nao;RUA EDUARDO PINTO DA ROCHA, 6300 UMBARA. 81930-350 Curitiba - PR.
41131487;NAVIOZINHO EDUCACAO INFANTIL FILIAL;-25.41547000;-49.26565000;;privada;paralisada;geral;nao;RUA EUZEBIO DA MOTTA, 217 JUVEVE. 80530-260 Curitiba - PR.
41149629;NAZARE - C E I;-25.39099688;-49.24229232;infantil;privada;ativa;geral;nao;RUA CARLOS DE CAMPOS, 1212 BOA VISTA. 82560-430 Curitiba - PR.
41376692;NAZARENO CENZ C E I;-25.46257570;-49.26836735;infantil;privada;ativa;geral;sim;RUA MONTESE, 521 PAROLIN. 81030-310 Curitiba - PR.
41411226;NELSON BUFFARA C M E I;-25.42005014;-49.35940225;infantil;municipal;ativa;geral;nao;RUA SIDNEI STRAFITE DE OLIVEIRA, 180 SAO BRAZ. 82310-108 Curitiba - PR.
41151259;NELY ALMEIDA C M E I VER;-25.44417255;-49.25918056;infantil;municipal;ativa;geral;nao;RUA DR REYNALDO MACHADO, 275 REBOUCAS. 80215-010 Curitiba - PR.
41131495;NEWTON F DA COSTA C EEF M;-25.48143973;-49.27710565;fundamental_ii;estadual;ativa;geral;nao;RUA AMERICO VESPUCIO, 745 VL LINDOIA. 81010-250 Curitiba - PR.
41131509;NICE BRAGA C M E I;-25.46325254;-49.30500406;infantil;municipal;ativa;geral;nao;RUA BOCAIUVA, 351 SANTA QUITERIA. 80310-140 Curitiba - PR.
41131517;NILO BRANDAO C E PROFEF M PROFIS;-25.47069825;-49.20409818;fundamental_ii;estadual;ativa;geral;nao;AV JORNALISTA ADERBAL G STRESSER, 748 CAJURU. 82970-232 Curitiba - PR.
41131525;NILSON BAPTISTA RIBAS C E EF M;-25.45211462;-49.31035287;;estadual;paralisada;geral;nao;RUA JAIME VEIGA, 472 JD LOS ANGELES. 80310-570 Curitiba - PR.
41133943;NILZA TARTUCE EEI EF MOD ED ESP;-25.42148651;-49.26770863;infantil|fundamental_i;privada;ativa;exclusivo_deficiencia;sim;RUA DA GLORIA, 158 CENTRO CIVICO. 80030-060 Curitiba - PR.
41361970;NILZA TARTUCEPASSAUNA EEF MOD ED ESP;-25.47660144;-49.37633263;fundamental_i;privada;ativa;exclusivo_deficiencia;sim;RUA ANGELO MARQUETO, 2150 CAMPO COMPRIDO. 81265-210 Curitiba - PR.
41387279;NIRLEI MEDEIROS C EEF M PROFIS;-25.58654167;-49.33725833;fundamental_ii;estadual;ativa;geral;nao;RUA ANTONIO BERTHOLDI, 409 CAMPO SANTANA. 81490-426 Curitiba - PR.
41131533;NIVALDO BRAGA E MEI EF;-25.50259167;-49.24418000;infantil|fundamental_i;municipal;ativa;geral;nao;RUA PROFESSOR JOAO SOARES BARCELOS, 3400 BOQUEIRAO. 81670-080 Curitiba - PR.
41157010;NOELY SIMONE DE AVILA E MEI EF;-25.44978719;-49.24741762;infantil|fundamental_i;municipal;ativa;geral;nao;RUA AQUELINO ORESTES BAGLIOLI, 120 PRADO VELHO. 80215-434 Curitiba - PR.
41150015;NOSSA SENHORA DE NAZARE E - EI EF;-25.38675996;-49.24251443;infantil|fundamental_i;privada;ativa;geral;nao;RUA NOSSA SENHORA DE NAZARE, 1685 BOA VISTA. 82560-000 Curitiba - PR.
41380576;NOSSA SENHORA DO ROCIO C E I;-25.44979703;-49.26404622;infantil;privada;ativa;geral;sim;RUA CHILE, 1526 REBOUCAS. 80220-180 Curitiba - PR.
41131576;NOSSA SRA APARECIDA C EEF M;-25.51669888;-49.27640209;fundamental_ii;estadual;ativa;geral;nao;RUA JOSE OSIRES BAGLIOLI, 430 XAXIM. 81820-090 Curitiba - PR.
41131584;NOSSA SRA DA ASSUNCAO COL ED INF EF EM;-25.46071310;-49.24077001;infantil|fundamental_i|fundamental_ii;privada;ativa;geral;nao;RUA DOUTOR ALCIDES VIEIRA ARCO-VERDE, 620 GUABIROTUBA. 81520-260 Curitiba - PR.
41131681;NOSSA SRA DA LUZ DOS PINHAIS E MEI EF;-25.50823015;-49.32522041;infantil|fundamental_i;municipal;ativa;geral;nao;RUA DAVI XAVIER DA SILVA, 841 CIC. 81305-660 Curitiba - PR.
41131592;NOSSA SRA DA SALETE C EEF M P;-25.41272506;-49.23187565;fundamental_ii;estadual;ativa;geral;nao;AV PRES WASHINGTON LUIZ, 620 JD SOCIAL. 82520-000 Curitiba - PR.
41385985;NOSSA SRA DE FATIMA C M E I;-25.35665209;-49.27405271;infantil;municipal;ativa;geral;nao;RUA NELSON PREVEDELLO, 135 ABRANCHES. 82220-470 Curitiba - PR.
41131614;NOSSA SRA DE FATIMA E EEF;-25.43246160;-49.22841146;fundamental_ii;estadual;ativa;geral;nao;RUA SUECIA, 197 TARUMA. 82800-060 Curitiba - PR.
41131649;NOSSA SRA DO CARMO E MEI EF;-25.49859610;-49.23539906;infantil|fundamental_i;municipal;ativa;geral;nao;RUA CARLOS DE LAET, 4130 BOQUEIRAO. 81650-040 Curitiba - PR.
41146441;NOSSO JARDIM C E I;-25.46513496;-49.22926492;infantil;privada;ativa;geral;sim;RUA LIMA BARRETO, 633 JD DAS AMERICAS. 81530-410 Curitiba - PR.
41355733;NOVA BARIGUI C M E I;-25.49594791;-49.33816422;infantil;municipal;ativa;geral;nao;RUA DES CID CAMPELO, 6279 CIC. 81350-260 Curitiba - PR.
41161815;NOVA CRIANCA C E I;-25.49702453;-49.25825202;infantil;privada;ativa;geral;sim;RUA HUMBERTO CICARINO, 633 XAXIM. 81720-010 Curitiba - PR.
41150732;NOVA ERA E - EI EF;-25.47982974;-49.23260675;infantil|fundamental_i;privada;ativa;geral;nao;RUA SARGENTO TADEU CZOCHER, 58 UBERABA. 81570-190 Curitiba - PR.
41131762;NOVA ESPERANCA E MEI EF;-25.48349968;-49.33096898;infantil|fundamental_i;municipal;ativa;geral;nao;RUA HENRIQUE MATTIOLI, 410 FAZENDINHA. 81330-140 Curitiba - PR.
41156307;NOVA SUPER KIDS C E I;-25.44731833;-49.22312667;infantil;privada;ativa;geral;sim;RUA FRANCISCO MOTA MACHADO, 2100 CAPAO DA IMBUIA. 81810-030 Curitiba - PR.
41150163;NOVO EDUCANDARIO - C E I;-25.45501373;-49.22601426;infantil;privada;ativa;geral;nao;AVENIDA NOSSA SENHORA DE LOURDES, 565 JARDIM DAS AMERICAS. 81530-020 Curitiba - PR.
41384504;NOVO HORIZONTE C M E I;-25.55639352;-49.26692570;infantil;municipal;ativa;geral;nao;R MANOEL NOBREGA, 326 SITIO CERCADO. 81935-306 Curitiba - PR.
41131819;NYMPHA M DA R PEPLOW E MEI EF;-25.41229019;-49.30390139;infantil|fundamental_i;municipal;ativa;geral;nao;RUA BATISTA PESSINE, 1029 VISTA ALEGRE. 80820-000 Curitiba - PR.
41131878;OBJETIVA EDUCACAO INFANTIL - ENSINO FUNDAMENTAL;-25.50714538;-49.23377218;infantil|fundamental_i;privada;ativa;geral;nao;RUA ANNE FRANK, 4810 BOQUEIRAO. 81730-010 Curitiba - PR.
41151933;OCA MIRIM C E I;-25.41403000;-49.25572000;infantil;privada;ativa;geral;sim;RUA BARAO DOS CAMPOS GERAIS, 805 JUVEVE. 80030-400 Curitiba - PR.
41160304;OHANA EDUCACAO INFANTIL;-25.50328000;-49.27314000;infantil;privada;ativa;geral;nao;RUA PROFESSOR NARCISO MENDES, 125 XAXIM. 81810-520 Curitiba - PR.
41131886;OLAVO DEL CLARO C E CM PROFEF M P;-25.41552000;-49.36064500;fundamental_ii;estadual;ativa;geral;nao;RUA CLARA FILLA, 282 SAO BRAZ. 82315-260 Curitiba - PR.
41355520;OLGA BENARIO PRESTES C M E I;-25.52849863;-49.28708020;infantil;municipal;ativa;geral;nao;RUA JOSE MANOEL VOLUZ, 550 PINHEIRINHO. 81870-170 Curitiba - PR.
41131894;OLIMPIO DE SOUZA C E PE EF M;-25.43901000;-49.30570000;;estadual;paralisada;geral;nao;AL PRINCESA IZABEL, 3191 CAMPINA SIQUEIRA. 80740-120 Curitiba - PR.
41131908;OLIVIO BELICH C E DEPEF M;-25.46005266;-49.21224436;fundamental_ii;estadual;ativa;geral;nao;RUA ENGENHEIRO COSTA BARROS, 1600 CAJURU. 82940-010 Curitiba - PR.
41131916;OLIVIO S SABOIA E M CEIEI EF;-25.48064000;-49.34746000;infantil|fundamental_i;municipal;ativa;geral;nao;RUA JOAO ALEXANDRE KOPP, 505 CIC. 81250-410 Curitiba - PR.
41131924;OMAR SABBAG E M PREFEI EF;-25.45076000;-49.21819000;infantil|fundamental_i|fundamental_ii;municipal;ativa;geral;nao;RUA PEDRO BOCCHINO, 140 CAJURU. 82950-070 Curitiba - PR.
41131967;ORIONE C E DEF M PROFIS;-25.46348833;-49.30828500;fundamental_ii;estadual;ativa;geral;nao;RUA JAIME VEIGA, 472 JD LOS ANGELES. 80310-570 Curitiba - PR.
41378741;ORLANDO CHAVES C A E EPROF;-25.54263288;-49.27281988;;privada;ativa;sem_escolarizacao;sim;RUA EURICO ZYTKIEVITZ, 110 SITIO CERCADO. 81900-180 Curitiba - PR.
41149270;OSNI CAMARGO CARVALHO C M E I PROF;-25.47059003;-49.34035157;infantil;municipal;ativa;geral;nao;RUA MARIA FORTUNATA TOSIN, 277 CIC. 81230-330 Curitiba - PR.
41389905;OSNY DACOL C M E I PROF;-25.45474224;-49.19721588;infantil;municipal;ativa;geral;nao;RUA LEONARDO NOVICKI, 155 CAJURU. 82930-548 Curitiba - PR.
41374835;OSVALDO ARNS E M PROFEI EF;-25.57290943;-49.33749885;infantil|fundamental_i;municipal;ativa;geral;nao;RUA ODIR GOMES DA ROCHA, 546 TATUQUARA. 81470-400 Curitiba - PR.
41132050;OSVALDO CRUZ E M DREI EF;-25.48763833;-49.30694333;infantil|fundamental_i;municipal;ativa;geral;nao;RUA JOSE ALCIDES DE LIMA, 126 NOVO MUNDO. 81050-340 Curitiba - PR.
41356659;OSWALDO CRUZ I C M E I;-25.51208803;-49.32327141;infantil;municipal;ativa;geral;nao;RUA PDE GASTON, 152 CIC. 81170-140 Curitiba - PR.
41352831;OSWALDO CRUZ II C M E I;-25.51562000;-49.32655000;infantil;municipal;ativa;geral;nao;RUA ANGELINA TURESSO CAVALIN, 90 CIC. 81170-370 Curitiba - PR.
41536894;OTTO BRACARENSE COSTA E MEI EF;-25.51249000;-49.33222000;infantil|fundamental_i;municipal;ativa;geral;nao;RUA DESEMBARGADOR CID CAMPELO, 4151 CIC. 81170-350 Curitiba - PR.
41355555;PALMEIRAS C M E I;-25.55405432;-49.29475579;infantil;municipal;ativa;geral;nao;RUA JOAO BATISTA BURBELLO, 92 TATUQUARA. 81940-160 Curitiba - PR.
41386779;PANTANAL C M E I;-25.53657321;-49.23266329;infantil;municipal;ativa;geral;nao;RUA MARIA MARQUES DE CAMARGO, 240 ALTO BOQUEIRAO. 81770-790 Curitiba - PR.
41388836;PARAISO DA CRIANCA CENTRO DE EDUCACAO INFANTIL;-25.50673000;-49.30109000;infantil;privada;ativa;geral;nao;RUA DESEMBARGADOR ERNANI GUARITA CARTAXO, 564 CAPAO RASO. 81130-120 Curitiba - PR.
41132122;PARANA C E DOEF M PROFIS;-25.42304481;-49.26742738;fundamental_ii;estadual;ativa;geral;nao;AV JOAO GUALBERTO, 250 ALTO DA GLORIA. 80030-000 Curitiba - PR.
41132149;PARANAGUA E M EI EF;-25.42819197;-49.34349527;infantil|fundamental_i;municipal;ativa;geral;nao;RUA PROF ANGELO ANTONIO DALLEGRAVE, 2 SANTO INACIO. 82300-230 Curitiba - PR.
41132157;PARANAVAI E MEI EF;-25.51285000;-49.26726000;infantil|fundamental_i;municipal;ativa;geral;nao;RUA PEDRO SIEMENS, 691 XAXIM. 81830-020 Curitiba - PR.
41355563;PARIGOT DE SOUZA C M E I;-25.52889000;-49.26914000;infantil;municipal;ativa;geral;nao;RUA PROFA DELMINDA SANTOS FERNANDES, 90 SITIO CERCADO. 81910-200 Curitiba - PR.
41156323;PARLENDA C E I;-25.42216842;-49.33115443;infantil;privada;ativa;geral;nao;RUA JOAO BATISTA DALLARMI, 817 SANTO INACIO. 82010-610 Curitiba - PR.
41355580;PARQUE INDUSTRIAL C M E I;-25.50790723;-49.30404602;infantil;municipal;ativa;geral;nao;RUA OURO VERDE, 879 CAPAO RASO. 81130-130 Curitiba - PR.
41132173;PASSO A PASSO EVOLUCAO E EI EF;-25.46266000;-49.28602000;;privada;paralisada;geral;nao;RUA MONS MANOEL VICENTE, 721 AGUA VERDE. 80620-230 Curitiba - PR.
41133951;PAULA AMARAL EEI EF;-25.46150000;-49.33144000;infantil|fundamental_i|fundamental_ii;privada;ativa;geral;sim;RUA LUIZ RONALDO CANALLI, 2901 CAMPO COMPRIDO. 81230-162 Curitiba - PR.
41132203;PAULA GOMES C EEF M PROFIS;-25.45980298;-49.30746373;fundamental_ii;estadual;ativa;geral;nao;RUA CURUPIS, 903 SANTA QUITERIA. 80310-200 Curitiba - PR.
41132211;PAULINA P BORSARI C EEF M PROF;-25.46369076;-49.23774373;fundamental_ii;estadual;ativa;geral;nao;RUA DR JOAQUIM I SILVEIRA DA MOTTA, 484 GUABIROTUBA. 81520-280 Curitiba - PR.
41358830;PAULO FREIRE E MEI EF;-25.54657114;-49.26795295;infantil|fundamental_i;municipal;ativa;geral;nao;RUA OLIVIO DOMINGOS LEONARDI, 162 SITIO CERCADO. 81925-120 Curitiba - PR.
41132220;PAULO LEMINSKI C EEF M N PROFIS;-25.42865031;-49.21144614;fundamental_ii;estadual;ativa;geral;nao;RUA CEL AUGUSTO DE ALMEIDA GARRET, 135 TARUMA. 82821-002 Curitiba - PR.
41132238;PAULO ROGERIO G ESMANHOTO E MEI EF;-25.55289845;-49.27513069;infantil|fundamental_i;municipal;ativa;geral;nao;RUA PEROLA DO OESTE, 285 SITIO CERCADO. 81925-417 Curitiba - PR.
41155807;PE DA LETRA C E I;-25.39161284;-49.21963513;;privada;paralisada;geral;nao;RUA JORGE BONN, 421 TINGUI. 82600-290 Curitiba - PR.
41149599;PEDACINHO DO CEU - C E I;-25.40555811;-49.34010068;infantil;privada;ativa;geral;nao;RUA BORTOLO PAULIN, 99 SANTA FELICIDADE. 82320-120 Curitiba - PR.
41148169;PEDRO APOSTOLO ESCOLA ED INF E ENS FUND;-25.49917833;-49.29544500;infantil|fundamental_i|fundamental_ii;privada;ativa;geral;nao;RUA DOUTOR MANOEL LINHARES DE LACERDA, 69 CAPAO RASO. 81110-100 Curitiba - PR.
41158458;PEDRO CLAILTON PELANDA C M E I;-25.54557143;-49.29027203;infantil;municipal;ativa;geral;nao;RUA CELESTE TORTATO GABARDO, 412 SITO CERCADO. 81900-440 Curitiba - PR.
41132289;PEDRO DALLABONA E M CEIEI EF;-25.42918573;-49.35626593;infantil|fundamental_i;municipal;ativa;geral;nao;RUA VIRGINIA DALLABONA, 456 ORLEANS. 82310-390 Curitiba - PR.
41132297;PEDRO II E E DEF;-25.44710272;-49.29648075;fundamental_ii;estadual;ativa;geral;nao;AV BISPO DOM JOSE, 2567 SEMINARIO. 80440-080 Curitiba - PR.
41132300;PEDRO MACEDO C EEF M PROFIS N;-25.46733275;-49.29337714;fundamental_ii;estadual;ativa;geral;nao;AV REPUBLICA ARGENTINA, 2376 PORTAO. 80610-260 Curitiba - PR.
41132319;PEDRO VIRIATO P DE SOUZA E MEI EF;-25.52901856;-49.26983720;infantil|fundamental_i;municipal;ativa;geral;nao;RUA PROFA DELMINDA SANTOS FERNANDES, 90 SITIO CERCADO. 81910-200 Curitiba - PR.
41379446;PEDROSA E M PRESEI EF;-25.46562000;-49.29503000;infantil|fundamental_i;municipal;ativa;geral;nao;RUA BOROROS, 1279 VILA IZABEL. 80320-260 Curitiba - PR.
41156285;PEQUENA SOFIA C E I;-25.55094566;-49.27330077;infantil;privada;ativa;geral;sim;RUA NOVA AURORA, 398 SITIO CERCADO. 81925-300 Curitiba - PR.
41150481;PEQUENO AMIGO C E I;-25.47765000;-49.29695000;infantil;privada;ativa;geral;nao;RUA SAO MATEUS, 264 PORTAO. 81070-080 Curitiba - PR.
41161734;PEQUENO ANJO C E I;-25.47560697;-49.31720701;;privada;paralisada;geral;nao;RUA CARLOS KLEMTZ, 634 FAZENDINHA. 81320-000 Curitiba - PR.
41132343;PEQUENO COTOLENGO EEI EF MOD ED ESP;-25.46513726;-49.32935039;infantil|fundamental_i;privada;ativa;exclusivo_deficiencia;sim;RUA JOSE GONCALVES JUNIOR, 140 CAMPO COMPRIDO. 81220-210 Curitiba - PR.
41381041;PEQUENO EINSTEIN SEDE PORTAO C E I;-25.47581450;-49.30571834;infantil;privada;ativa;geral;sim;RUA JOAO BETTEGA, 1168 PORTAO. 81070-001 Curitiba - PR.
41156196;PEQUENO EXEMPLAR VISTA ALEGRE C E I;-25.40473000;-49.29106000;infantil;privada;ativa;geral;sim;RUA GARDENIO SCORZATO, 50 VISTA ALEGRE. 82100-240 Curitiba - PR.
41150104;PEQUENO MUNDO C E I;-25.51315333;-49.26210000;infantil;privada;ativa;geral;sim;RUA WALDEMAR LOUREIRO CAMPOS, 4235 XAXIM. 81830-000 Curitiba - PR.
41132360;PEQUENO PRINCIPE C E I;-25.46855084;-49.29056852;infantil;privada;ativa;geral;sim;RUA MORRETES, 265 PORTAO. 80610-150 Curitiba - PR.
41149009;PEQUENO URSO - C E I;-25.38351154;-49.25874229;infantil;privada;ativa;geral;nao;RUA PAULA PREVEDELLO GUSSO, 406 BOA VISTA. 82540-380 Curitiba - PR.
41161416;PEQUENO URSO JUNIOR EEF;-25.38353041;-49.25875343;fundamental_i;privada;ativa;geral;nao;RUA PAULA PREVELLO GUSSO, 392 BOA VISTA. 82540-380 Curitiba - PR.
41147189;PEQUENOS AUTORES CEI;-25.42135615;-49.28382559;infantil;privada;ativa;geral;nao;RUA DESEMBARGADOR VIEIRA CAVALCANTI, 575 SAO FRANCISCO. 80510-090 Curitiba - PR.
41387520;PICOLLO C E I;-25.45092022;-49.27383176;infantil;privada;ativa;geral;sim;RUA DOUTOR PEDRO AUGUSTO MENNA BARRETO MONCLARO, 301 AGUA VERDE. 80250-040 Curitiba - PR.
41370597;PILAR MATURANA C EEF M P;-25.39774475;-49.19657581;fundamental_ii;estadual;ativa;geral;nao;RUA RIO GUAPORE, 1689 BAIRRO ALTO. 82840-320 Curitiba - PR.
41150880;PILARZINHO E MEI EF;-25.38869234;-49.29376635;infantil|fundamental_i;municipal;ativa;geral;nao;RUA ANTONIO PETRUZZIELLO, 85 PILARZINHO. 82110-220 Curitiba - PR.
41356322;PIMPAO C M E I;-25.48193778;-49.30509349;infantil;municipal;ativa;geral;nao;RUA CARLOS BLANK, 670 PORTAO. 81070-210 Curitiba - PR.
41370414;PIMPAO CENTRO EDUC INFANTIL;-25.44356363;-49.26369118;infantil;privada;ativa;geral;nao;RUA ENGENHEIROS REBOUCAS, 1867 REBOUCAS. 80230-040 Curitiba - PR.
41353650;PINGO DE GENTE C E I;-25.49333333;-49.28330333;infantil;privada;ativa;geral;sim;RUA UIRAPURUS, 29 NOVO MUNDO. 81020-550 Curitiba - PR.
41154215;PINGO DE OURO C E I;-25.54228941;-49.26661427;infantil;privada;ativa;geral;sim;RUA ELIZEU DE SOUZA MENDES, 273 SITIO CERCADO. 81925-030 Curitiba - PR.
41355598;PINHEIRINHO C M E I;-25.51940733;-49.28652979;infantil;municipal;ativa;geral;nao;RUA BRIG EDUARDO GOMES, 270 PINHEIRINHO. 81820-030 Curitiba - PR.
41132475;PINHEIRO DO PARANA C E CMEF M P;-25.38678633;-49.33290764;fundamental_ii;estadual;ativa;geral;nao;RUA DANIEL CESARIO PEREIRA, 559 SANTA FELICIDADE. 82410-180 Curitiba - PR.
41132483;PIO LANTERI C EEF M PROFIS;-25.47596895;-49.22977941;fundamental_ii;estadual;ativa;geral;nao;RUA DR EUZEBIO DE OLIVEIRA, 71 UBERABA. 81570-140 Curitiba - PR.
41132513;PIRATINI E MEI EF;-25.52330793;-49.28690332;infantil|fundamental_i;municipal;ativa;geral;nao;RUA JOAO MALTA DE ALBUQUERQUE MARANHAO, 101 PINHEIRINHO. 81870-260 Curitiba - PR.
41376730;PODIUM EEI EF;-25.45186628;-49.22447580;infantil|fundamental_i|fundamental_ii;privada;ativa;geral;nao;RUA VICENTE DE CARVALHO, 203 CAJURU. 82940-370 Curitiba - PR.
41132556;POL MILITAR C CEL P M F S MIREF M;-25.46598582;-49.29634316;fundamental_ii;estadual;ativa;geral;nao;RUA JOSE FERREIRA PINHEIRO, 349 PORTAO. 80320-140 Curitiba - PR.
41132572;POLIVALENTE DE CURITIBA C EEF M N P;-25.49820570;-49.24242510;fundamental_ii;estadual;ativa;geral;nao;RUA SALVADOR FERRANTE, 1664 BOQUEIRAO. 81670-390 Curitiba - PR.
41128940;POMPILIA E M DONAEI EF;-25.55920000;-49.33177167;infantil|fundamental_i;municipal;ativa;geral;nao;RUA JOVENILSON AMERICO DE OLIVEIRA, 240 TATUQUARA. 81480-230 Curitiba - PR.
41157966;PONTO DE PARTIDA JUNIOR EEF;-25.59371394;-49.34208711;fundamental_i|fundamental_ii;privada;ativa;geral;nao;RUA ARNALDO MARTINS VILLAR LUCENA, 130 CAMPO DE SANTANA. 81490-466 Curitiba - PR.
41353692;PORTAO C M E I;-25.47646317;-49.28667042;infantil;municipal;ativa;geral;nao;AV DA REPUBLICA, 7570 PORTAO. 80610-220 Curitiba - PR.
41384539;PORTO BELO C M E I;-25.48499136;-49.33837585;infantil;municipal;ativa;geral;nao;RUA DESEMBARGADOR CID CAMPELO, 7510 CIC. 81250-510 Curitiba - PR.
41356292;PORTO SEGURO C M E I;-25.47500847;-49.34981728;infantil;municipal;ativa;geral;nao;RUA DARCI VARGAS, 1190 CIC. 81250-190 Curitiba - PR.
41132580;PORTO SEGURO ENSINO PRE-ESCOLAR;-25.43248308;-49.25218387;infantil;privada;ativa;geral;nao;RUA DO HERVAL, 426 CRISTO REI. 80050-205 Curitiba - PR.
41132394;PRE ESCOLA PES NO CHAO LTDA;-25.40441417;-49.27422290;infantil;privada;ativa;geral;nao;RUA CARLOS AUGUSTO CORNELSEN, 279 BOM RETIRO. 80520-560 Curitiba - PR.
41132637;PRIETO MARTINEZ C E EF M;-25.41544000;-49.27421000;;estadual;paralisada;geral;nao;RUA NILO PECANHA, 557 BOM RETIRO. 80520-000 Curitiba - PR.
41132645;PRIMAVERA EEF MOD ED ESP;-25.42571891;-49.23102227;fundamental_i;privada;ativa;exclusivo_deficiencia;sim;RUA MONTE CASTELO, 1040 TARUMA. 82530-200 Curitiba - PR.
41132696;PROMORAR BARIGUI E MEI EF;-25.49486302;-49.33566122;infantil|fundamental_i;municipal;ativa;geral;nao;RUA ARTHUR MARTINS FRANCO, 1803 CIC. 81350-100 Curitiba - PR.
41132718;PROTASIO DE CARVALHO C EEF M PROFIS;-25.47352640;-49.34724313;fundamental_ii;estadual;ativa;geral;nao;RUA CIDADE GAUCHA, 120 CIC. 81250-250 Curitiba - PR.
41386787;QUIELSE C DA SILVA C M E I CONS;-25.48992511;-49.35722239;infantil;municipal;ativa;geral;nao;RUA JAN FREDERIK DE JAGER, 150 AUGUSTA. 81265-440 Curitiba - PR.
41146247;RAIO DE SOL ENS PRE ESCOLAR;-25.42751000;-49.29461000;infantil;privada;ativa;geral;nao;RUA JOAQUIM DA SILVA SAMPAIO, 71 MERCES. 80710-630 Curitiba - PR.
41132734;RAOUL WALLENBERG E M CEIEI EF;-25.41097292;-49.36181784;infantil|fundamental_i;municipal;ativa;geral;nao;RUA HERMENEGILDO LUCA, 2461 SAO BRAZ. 82315-420 Curitiba - PR.
41132750;RAUL GELBECK E MEI EF;-25.37346137;-49.24135868;infantil|fundamental_i;municipal;ativa;geral;nao;RUA ODACIR SCHILIPACK, 359 SANTA CANDIDA. 82640-500 Curitiba - PR.
41602960;RECANTO INFANTIL 22 LTDA;-25.45720474;-49.30211679;infantil|fundamental_i;privada;ativa;geral;nao;RUA PROFESSOR DARIO VELOSO, 1340 VILA IZABEL. 80320-050 Curitiba - PR.
41132335;RECANTO INFANTIL SC LTDA;-25.42849978;-49.25223409;infantil;privada;ativa;geral;nao;RUA FERNANDO AMARO, 622 ALTO DA RUA XV. 80045-230 Curitiba - PR.
41158342;REGINA NARDINO PEREIRA C M A E E PROFA;-25.54242225;-49.26105592;;municipal;ativa;sem_escolarizacao;nao;RUA AARAO LAMENHA DE SIQUEIRA, 380 SITIO CERCADO. 81920-758 Curitiba - PR.
41132858;REINO ENCANTADO ESC - EDUC INF-ENS FUND;-25.39123000;-49.23811000;;privada;paralisada;geral;nao;RUA EDMUNDO ALBERTO MERCER, 272 TINGUI. 82620-120 Curitiba - PR.
41146182;REJANE M S SACHETTE E M PROFAEI EF;-25.54895000;-49.27092000;infantil|fundamental_i;municipal;ativa;geral;nao;RUA NOVA AURORA, 717 SITIO CERCADO. 81925-300 Curitiba - PR.
41375297;RENASCER EEI EF MOD ED ESP;-25.44841126;-49.25271406;infantil|fundamental_i;privada;ativa;exclusivo_deficiencia;sim;RUA IMACULADA CONCEICAO, 983 PRADO VELHO. 80215-030 Curitiba - PR.
41132882;REPUBLICA ORIENTAL URUGUAI C E CMEF M;-25.44046289;-49.22884444;fundamental_ii;estadual;ativa;geral;nao;AV PRESIDENTE AFFONSO CAMARGO, 3407 CAJURU. 82800-240 Curitiba - PR.
41158393;RIAD SALAMUNI C M E I PROF;-25.48914174;-49.35483448;infantil;municipal;ativa;geral;nao;RUA ULISSES AURELIO VISINONI, 1261 CIC. 81450-010 Curitiba - PR.
41132904;RICARDO KRIEGER E M PROFEI EF;-25.38421975;-49.23735045;infantil|fundamental_i;municipal;ativa;geral;nao;RUA MARIA GERONASSO DO ROSARIO, 259 BOA VISTA. 82560-540 Curitiba - PR.
41384474;RIO BONITO EM EI EF;-25.59043833;-49.33585833;infantil|fundamental_i;municipal;ativa;geral;nao;RUA LUCAS CARVALHO, 1486 CAMPO DE SANTANA. 81490-524 Curitiba - PR.
41132920;RIO BRANCO C E BAR DO EF EM;-25.44239714;-49.27620285;;estadual;paralisada;geral;nao;RUA BRIGADEIRO FRANCO, 2532 CENTRO. 80250-042 Curitiba - PR.
41132912;RIO BRANCO C EEF M PROFIS N;-25.44572976;-49.29588103;fundamental_ii;estadual;ativa;geral;nao;RUA BISPO DOM JOSE, 2426 BATEL. 80440-080 Curitiba - PR.
41355610;RIO NEGRO C M E I;-25.54373323;-49.27719184;infantil;municipal;ativa;geral;nao;R MADRE EMILIA RIQUELME, 871 SITIO CERCADO. 81900-250 Curitiba - PR.
41132939;RIO NEGRO E MEI EF;-25.54455642;-49.28342393;infantil|fundamental_i;municipal;ativa;geral;nao;RUA CELESTE TORTATO GABARDO, 1090 SITIO CERCADO. 81900-440 Curitiba - PR.
41132947;RITTA ANNA DE CASSIA E M CEIEI EF;-25.45798395;-49.20445841;infantil|fundamental_i;municipal;ativa;geral;nao;RUA FORTALEZA, 1629 ESQUINA COM RUA PEDR. CAJURU. 82920-220 Curitiba - PR.
41132955;ROBERTO LANGER JUNIOR C EEF M PROFIS;-25.52978064;-49.24042234;fundamental_ii;estadual;ativa;geral;nao;RUA ALBINO FREDERICO FOERSTER, 4 BOQUEIRAO. 81770-220 Curitiba - PR.
41160703;RODA DO SABER C E I;-25.53077980;-49.24861916;infantil;privada;ativa;geral;sim;RUA CAPITAO AMIM MOSSE, 224 ALTO BOQUEIRAO. 81850-150 Curitiba - PR.
41128516;RODOLPHO ZANINELLI C EEFMPN;-25.52737333;-49.33393000;fundamental_ii;estadual;ativa;geral;nao;RUA ANTONIA MOLINA BELLA, 1000 CIC. 81460-157 Curitiba - PR.
41404823;ROGACIONISTA SANTA URSULA C E I;-25.49392786;-49.20060920;infantil;privada;ativa;geral;sim;RUA DR MAGNUS SONDAHL, 250 UBERABA. 81590-548 Curitiba - PR.
41132980;ROLANDIA E MEI EF;-25.51694612;-49.24909479;infantil|fundamental_i;municipal;ativa;geral;nao;RUA DES.ANTONIO DE PAULA, 3451 BOQUEIRAO. 81750-450 Curitiba - PR.
41132998;ROMARIO MARTINS E M CEIEI EF;-25.35298066;-49.25546953;infantil|fundamental_i;municipal;ativa;geral;nao;RUA DAVID BODZIAK, 828 CACHOEIRA. 82710-260 Curitiba - PR.
41356705;RONDON II C M E I MAL;-25.49595727;-49.31871970;infantil;municipal;ativa;geral;nao;RUA NOSSA SRA DA CABECA, 224 CIC. 81310-010 Curitiba - PR.
41149300;ROSY TERESINHA BIALLY C M E I;-25.54847463;-49.27046123;infantil;municipal;ativa;geral;nao;R MANDIRITUBA, 1820 SITIO CERCADO. 81925-540 Curitiba - PR.
41361024;RURBANA C M E I;-25.58374333;-49.32624246;infantil;municipal;ativa;geral;nao;RUA ANGELO TOZIM, 866 CAMPO DE SANTANA. 81490-030 Curitiba - PR.
41151267;RUTH CARDOSO C M E I;-25.49652000;-49.20070000;infantil;municipal;ativa;geral;nao;RUA GUIRINO JORY, 195 UBERABA. 81590-592 Curitiba - PR.
41133030;SADY SOUSA E MEI EF;-25.53380333;-49.26167333;infantil|fundamental_i;municipal;ativa;geral;nao;RUA CEL VICTOR AGNER KENDRICK, 440 SITIO CERCADO. 81910-470 Curitiba - PR.
41161726;SAGRADA FAMILIA C E I;-25.53046164;-49.23682977;infantil;privada;ativa;geral;sim;RUA MATHIAS DE ANDRADE ROCHA, 385 ALTO BOQUEIRAO. 81770-255 Curitiba - PR.
41355628;SALGUEIRO C M E I;-25.52943510;-49.25885942;infantil;municipal;ativa;geral;nao;R NETUNO, 77 SITIO CERCADO. 81910-450 Curitiba - PR.
41133099;SANTA AGUEDA E MEI EF;-25.37657315;-49.23131447;infantil|fundamental_i;municipal;ativa;geral;nao;RUA JOSE ANTONIO LEPREVOST, 496 SANTA CANDIDA. 82640-070 Curitiba - PR.
41356268;SANTA AMELIA C M E I;-25.48570713;-49.32550980;infantil;municipal;ativa;geral;nao;RUA FERNANDO SOUZA COSTA, 375 FAZENDINHA. 81330-170 Curitiba - PR.
41146204;SANTA ANA MESTRA E MEI EF;-25.58499795;-49.32349451;infantil|fundamental_i;municipal;ativa;geral;nao;RUA JOAO PEREIRA TRINDADE, 265 CAMPO DE SANTANA. 81490-040 Curitiba - PR.
41133102;SANTA CANDIDA C EEF M PROFIS N;-25.37424190;-49.22424060;fundamental_ii;estadual;ativa;geral;nao;RUA THEODORO MAKIOLKA, 155 SANTA CANDIDA. 82640-010 Curitiba - PR.
41356144;SANTA CANDIDA C M E I;-25.37330870;-49.21040833;infantil;municipal;ativa;geral;nao;RUA ENG BENEDICTO SADOCK DE SA, 170 ATUBA. 82630-280 Curitiba - PR.
41356128;SANTA EFIGENIA C M E I;-25.37736924;-49.26157563;infantil;municipal;ativa;geral;nao;RUA MARIA DE LOURDES KUDRI, 68 BARREIRINHA. 82700-050 Curitiba - PR.
41133137;SANTA FELICIDADE C E CMEF M P;-25.40632812;-49.33910630;fundamental_ii;estadual;ativa;geral;nao;RUA BORTOLO PAULIN, 227 SANTA FELICIDADE. 82320-120 Curitiba - PR.
41133145;SANTA GEMMA GALGANI C EEF M PROFIS;-25.37195929;-49.26804079;fundamental_ii;estadual;ativa;geral;nao;RUA ASSIS BRASIL, 983 ABRANCHES. 82220-150 Curitiba - PR.
41158431;SANTA GUERNERT SCHIER C M E I;-25.47479627;-49.28299636;infantil;municipal;ativa;geral;nao;RUA ACRE, 1421 GUAIRA. 80630-040 Curitiba - PR.
41356250;SANTA HELENA C M E I;-25.48559735;-49.34429849;infantil;municipal;ativa;geral;nao;RUA JOSE BATISTA DOS SANTOS, 2496 CIC. 81250-000 Curitiba - PR.
41355750;SANTA IZABEL C M E I;-25.54250667;-49.26071827;infantil;municipal;ativa;geral;nao;R AARAO LAMENHA DE SIQUEIRA, 380 SITIO CERCADO. 81920-758 Curitiba - PR.
41361946;SANTA MARIA DE DEUS C E I;-25.49944500;-49.32098500;infantil;privada;ativa;geral;sim;RUA ANTONIO MOACIR RIBEIRO BATISTA, 150 CID INDUS CURITIBA. 81310-120 Curitiba - PR.
41356225;SANTA QUITERIA C M E I;-25.46193481;-49.31719395;infantil;municipal;ativa;geral;nao;RUA DIVINA PROVIDENCIA, 1500 SANTA QUITERIA. 80310-010 Curitiba - PR.
41379896;SANTA RITA C M E I;-25.56525880;-49.33858361;infantil;municipal;ativa;geral;nao;RUA CARLOS MUNHOZ DA ROCHA, 651 TATUQUARA. 81470-090 Curitiba - PR.
41133161;SANTA ROSA C EEF M PROFIS;-25.47621904;-49.19498214;fundamental_ii;estadual;ativa;geral;nao;RUA JOAO TOBIAS DE PAIVA NETO, 515 CAJURU. 82980-130 Curitiba - PR.
41133188;SANTO AGOSTINHO C EEF M;-25.51449491;-49.24665485;fundamental_ii;estadual;ativa;geral;nao;RUA CASCAVEL, 1600 BOQUEIRAO. 81750-090 Curitiba - PR.
41154509;SANTO ANJO - ANJINHO;-25.42969552;-49.29940914;infantil;privada;ativa;geral;nao;FREDERICO CANTARELLI, 520 BIGORRILHO. 80710-240 Curitiba - PR.
41606906;SANTO ANJO ECOVILLE ESC EDUC INF ENS FUND;-25.43843198;-49.31418266;infantil|fundamental_i;privada;ativa;geral;nao;RUA FRANCISCO NADOLNY, 635 CAMPINA DO SIQUEIRA. 80740-030 Curitiba - PR.
41133200;SANTO ANTONIO C E CMEF M;-25.43389286;-49.35475347;fundamental_ii;estadual;ativa;geral;nao;RUA AMADEU PIOTTO, 270 CIC. 81280-020 Curitiba - PR.
41355474;SANTO ANTONIO C M E I;-25.49661148;-49.21417707;infantil;municipal;ativa;geral;nao;RUA FELICIO ZIBARTH, 178 UBERABA. 81580-510 Curitiba - PR.
41353625;SANTO ANTONIO DE PADUA C E I;-25.52109473;-49.23472318;infantil;privada;ativa;geral;sim;RUA TEN CEL VILIGRAN CABRITA, 1471 BOQUEIRAO. 81570-270 Curitiba - PR.
41356489;SANTOS ANDRADE C M E I;-25.45778726;-49.32370501;infantil;municipal;ativa;geral;nao;RUA REINALDO RICHTER, 291 CAMPO COMPRIDO. 81220-120 Curitiba - PR.
41133226;SANTOS DUMONT C EEF M;-25.47364800;-49.27963031;fundamental_ii;estadual;ativa;geral;nao;RUA RIO GRANDE DO SUL, 1800 VL GUAIRA. 80630-090 Curitiba - PR.
41133234;SAO BRAZ C EEF M;-25.41581747;-49.35070838;fundamental_ii;estadual;ativa;geral;nao;AV VEREADOR TOALDO TULIO, 2880 SAO BRAZ. 82300-332 Curitiba - PR.
41356543;SAO BRAZ C M E I;-25.41777000;-49.34322000;infantil;municipal;ativa;geral;nao;RUA GENAURO FERREIRA ALMEIDA, 79 SAO BRAZ. 82015-560 Curitiba - PR.
41133242;SAO CAMILO EEF MOD ED ESP;-25.37674901;-49.23399545;fundamental_i;privada;ativa;exclusivo_deficiencia;sim;RUA JOSE SERRATO, 619 SANTA CANDIDA. 82640-320 Curitiba - PR.
41355660;SAO CARLOS C M E I;-25.53768159;-49.30076709;infantil;municipal;ativa;geral;nao;RUA DR PLINIO GONCALVES MARQUES, 150 PINHEIRINHO. 81880-300 Curitiba - PR.
41133277;SAO FRANCISCO DE ASSIS EEI EF MOD ED E;-25.42341859;-49.21348989;infantil|fundamental_i;privada;ativa;exclusivo_deficiencia;sim;RUA PAULO TURKIEWICZ, 316 TARUMA. 82821-030 Curitiba - PR.
41128583;SAO JOAO BATISTA C E I;-25.44452189;-49.26151908;infantil;privada;ativa;geral;sim;RUA PIQUIRI, 326 REBOUCAS. 80230-140 Curitiba - PR.
41372956;SAO JOAO C M E I;-25.39596414;-49.31399700;infantil;municipal;ativa;geral;nao;RUA PROF ANTONIO CARLOS RAIMUNDO, 355 SAO JOAO. 82030-110 Curitiba - PR.
41356772;SAO JOAO DEL REY C M E I;-25.54109080;-49.27123806;infantil;municipal;ativa;geral;nao;RUA CELESTE TORTATO GABARDO, 2400 SITIO CERCADO. 81900-440 Curitiba - PR.
41356586;SAO JOSE C M E I;-25.45686000;-49.37924000;infantil;municipal;ativa;geral;nao;RUA SARG HAROLDO CORDEIRO JUNIOR, 315 AUGUSTA. 81265-080 Curitiba - PR.
41353749;SAO JOSE OPERARIO C M E I;-25.53436106;-49.23958892;infantil;municipal;ativa;geral;nao;RUA LUIZ CARLOS CANESSO, 101 ALTO BOQUEIRAO. 81860-010 Curitiba - PR.
41356560;SAO LEONARDO C M E I;-25.43889256;-49.36026368;infantil;municipal;ativa;geral;nao;RUA PDE JACINTO MIENSOPUST, 775 CIC. 81280-090 Curitiba - PR.
41359887;SAO LUIS ORIONE C E I;-25.46305519;-49.30885630;infantil;privada;ativa;geral;sim;RUA PROF BRASILIO OVIDIO DA COSTA, 1831 SANTA QUITERIA. 80310-130 Curitiba - PR.
41133323;SAO LUIZ E MEI EF;-25.45272468;-49.28165685;infantil|fundamental_i;municipal;ativa;geral;nao;RUA SILVEIRA PEIXOTO, 54 AGUA VERDE. 80240-120 Curitiba - PR.
41373740;SAO MARCELINO CHAMPAGNAT;-25.49015000;-49.24622000;;privada;paralisada;geral;nao;RUA CLETO DA SILVA, 1231 BOQUEIRAO. 81670-450 Curitiba - PR.
41133331;SAO MATEUS DO SUL E MEI EF;-25.52377411;-49.29768091;infantil|fundamental_i;municipal;ativa;geral;nao;RUA ORESTES CODEGA, 165 PINHEIRINHO. 81150-200 Curitiba - PR.
41133340;SAO MIGUEL E MEF;-25.47955948;-49.33672489;fundamental_i|fundamental_ii;municipal;ativa;geral;nao;RUA RAUL ZANON, 175 CIC. 81240-300 Curitiba - PR.
41133358;SAO PAULO APOSTOLO C EEF M PROFIS;-25.48197307;-49.22704540;fundamental_ii;estadual;ativa;geral;nao;RUA CEL JOSE CARVALHO DE OLIVEIRA, 1355 UBERABA. 81570-160 Curitiba - PR.
41130057;SAO PEDRO APOSTOLO C EEF M PROFIS;-25.51536417;-49.27682138;fundamental_ii;estadual;ativa;geral;nao;RUA PRIMEIRO DE MAIO, 1160 XAXIM. 81810-000 Curitiba - PR.
41133366;SAO SEBASTIAO C EEFM;-25.59253000;-49.27637000;fundamental_ii;estadual;ativa;geral;nao;RUA NICOLA PELLANDA, 8125 UMBARA. 81930-360 Curitiba - PR.
41133404;SEBASTIAO SAPORSKI C E CMEF M PROFIS;-25.37459054;-49.27823666;fundamental_ii;estadual;ativa;geral;nao;RUA MARIA DE LOURDES MICKOSZ, 350 TABOAO. 82130-490 Curitiba - PR.
41133412;SEGISMUNDO FALARZ C E CMEF M;-25.48041414;-49.25372116;fundamental_ii;estadual;ativa;geral;nao;RUA ISAIAS REGIS DE MIRANDA, 848 VL HAUER. 81630-050 Curitiba - PR.
41149432;SEMENTE DO SABER - C E I;-25.42085974;-49.25492872;infantil;privada;ativa;geral;nao;RUA CONSELHEIRO CARRAO, 316 JUVEVE. 80040-130 Curitiba - PR.
41153146;SENAI BOQUEIRAO;-25.51390498;-49.23516118;;privada;ativa;geral;sim;RUA DOUTOR HELENO DA SILVEIRA, 343 BOQUEIRAO. 81750-340 Curitiba - PR.
41153162;SENAI CAMPUS DA INDUSTRIA;-25.44730112;-49.24539791;;privada;ativa;geral;sim;AVENIDA COMENDADOR FRANCO, 1341 JARDIM BOTANICO. 80215-090 Curitiba - PR.
41161408;SENAI CELSO CHARURI;-25.42467071;-49.27222488;;privada;ativa;geral;nao;PAULA GOMES, 270 SAO FRANCISCO. 80510-070 Curitiba - PR.
41153154;SENAI CIDADE INDUSTRIAL DE CURITIBA;-25.49675494;-49.31088413;;privada;ativa;geral;sim;RUA SENADOR ACCIOLY FILHO, 298 CIDADE INDUSTRIAL DE CURITIBA. 81310-000 Curitiba - PR.
41153235;SENAI PORTAO;-25.46848895;-49.29996232;;privada;extinta;geral;nao;RUA PADRE LEONARDO NUNES, 180 PORTAO. 80330-320 Curitiba - PR.
41356187;SENHORA DA LUZ C E I;-25.50066898;-49.32200034;infantil;privada;ativa;geral;sim;RUA SANTO INACIO, 50 CID INDUS CURITIBA. 81310-330 Curitiba - PR.
41133471;SENHORINHA M SARMENTO C E CMEF M P;-25.46481570;-49.20515330;fundamental_ii;estadual;ativa;geral;nao;RUA CATULO DA PAIXAO CEARENSE, 1000 CAJURU. 82960-000 Curitiba - PR.
41387562;SESC EDUCACAO INFANTIL;-25.43934972;-49.27051027;infantil;privada;ativa;geral;nao;AVENIDA SETE DE SETEMBRO, 3219 REBOUCAS. 80230-010 Curitiba - PR.
41147162;SESC PORTAO EDUCACAO INFANTIL;-25.47388303;-49.30186085;infantil;privada;ativa;geral;nao;RUA JOAO BETTEGA, 770 PORTAO. 81070-000 Curitiba - PR.
41154436;SESI SANTA CANDIDA - COLEGIO;-25.38074000;-49.22816000;;privada;paralisada;geral;nao;RUA JOAQUIM NABUCO, 968 TINGUI. 82620-060 Curitiba - PR.
41133552;SIDONIO MURALHA E MEI EF;-25.48556061;-49.35021764;infantil|fundamental_i;municipal;ativa;geral;nao;RUA LODOVICO KAMINSKI, 3460 CIC. 81260-282 Curitiba - PR.
41387333;SILOE EEF;-25.46728897;-49.30865169;fundamental_i;privada;ativa;geral;nao;R CEL PRETEXTATO PENA FORTE TABORDA RIBA, 1447 PORTAO. 80330-080 Curitiba - PR.
41133560;SILVESTRE KANDORA C E PEEF M PROFIS;-25.41994288;-49.34689287;fundamental_ii;estadual;ativa;geral;nao;RUA PROFA MARIA HELENA K BREDOW, 26 SAO BRAZ. 82300-440 Curitiba - PR.
41162544;SITIO CERCADO V C M E I;-25.53130167;-49.27585667;infantil;municipal;ativa;geral;nao;RUA FRANCISCO JOSE LOBO, 601 SITIO CERCADO. 81900-747 Curitiba - PR.
41486846;SOCIEDADE EDUCACIONAL NOVO EDEN LTDA;-25.54487943;-49.27228743;infantil|fundamental_i|fundamental_ii;privada;ativa;geral;nao;RUA MANDIRITUBA, 1327 PREDIO. SITIO CERCADO. 81925-540 Curitiba - PR.
41353935;SOLITUDE C M E I;-25.47696659;-49.19545631;infantil;municipal;ativa;geral;nao;RUA ISAIAS FERREIRA DA SILVA, 205 CAJURU. 82980-200 Curitiba - PR.
41356535;SONHO DE CRIANCA C M E I;-25.55420049;-49.24726687;infantil;municipal;ativa;geral;nao;RUA REINALDO DE CARVALHO BOLA, 129 GANCHINHO. 81935-446 Curitiba - PR.
41149467;SONHOS DO AMANHA C E I;-25.38907000;-49.24391000;infantil;privada;ativa;geral;sim;RUA NOSSA SENHORA DE NAZARE, 1365 BOA VISTA. 82560-000 Curitiba - PR.
41133650;SONIA MARIA C KENSKI E M PROFAEI EF;-25.37550762;-49.32718362;infantil|fundamental_i;municipal;ativa;geral;nao;RUA WANDA WOLF, 1142 SANTA FELICIDADE. 82410-380 Curitiba - PR.
41133668;SOPHIA GAERTNER ROSLINDO E M PROFEI EF;-25.53590233;-49.24348446;infantil|fundamental_i;municipal;ativa;geral;nao;RUA EXPED ESTANISLAU WOJCIK, 82 ALTO BOQUEIRAO. 81850-360 Curitiba - PR.
41542894;SYLVIA ORTHOF C M E I;-25.53739338;-49.25320750;infantil;municipal;ativa;geral;nao;RUA LAERTES LUIZ FOGGIATO, 430 SITIO CERCADO. 81920-040 Curitiba - PR.
41133749;TANCREDO DE A NEVES E M PRESEI EF;-25.48430257;-49.33858747;infantil|fundamental_i;municipal;ativa;geral;nao;RUA DESEMBARGADOR CID CAMPELO, 7588 CIC. 81250-510 Curitiba - PR.
41410645;TANIRA REGINA SCHMIDT E MEI EF;-25.35563662;-49.27425812;infantil|fundamental_i;municipal;ativa;geral;nao;RUA VICTOR KOTOVIS, 162 ABRANCHES. 82220-660 Curitiba - PR.
41355776;TAPAJOS C M E I;-25.49136501;-49.26193032;infantil;municipal;ativa;geral;nao;RUA CHANCELER OSWALDO ARANHA, 965 HAUER. 81630-160 Curitiba - PR.
41353757;TAPAJOS II C M E I;-25.49840192;-49.25924742;infantil;municipal;ativa;geral;nao;RUA VER OSVALDO NASCIMENTO BITTENCOURT, 680 XAXIM. 82710-240 Curitiba - PR.
41148819;TATUQUARA C EEF M;-25.58774392;-49.31799531;fundamental_ii;estadual;ativa;geral;nao;EST DELEGADO BRUNO DE ALMEIDA, 3339 TATUQUARA. 81480-000 Curitiba - PR.
41392604;TEMPO DE APRENDER CENTRO DE EDUCACAO INFANTIL;-25.48347000;-49.29397000;;privada;paralisada;geral;nao;RUA ALBERTO STENZOWSKI, 291 NOVO MUNDO. 81050-020 Curitiba - PR.
41357027;TEOBALDO L KLETEMBERG C E PREF M P;-25.54427974;-49.25219664;fundamental_ii;estadual;ativa;geral;nao;RUA MARIO GASPARIN, 950 SITIO CERCADO. 81920-430 Curitiba - PR.
41133781;TEOTONIO VILELA C EEF M PROF;-25.45710568;-49.34898068;fundamental_ii;estadual;ativa;geral;nao;RUA ROBERT REDZIMSKI, 1000 CIC. 81270-102 Curitiba - PR.
41133790;TERAPEUTICA VIVENDA E EF MOD ED ESP;-25.38444446;-49.35028701;;privada;paralisada;geral;sim;RUA ORLANDO PERUCI, 1472 BUTIATUVINHA. 82400-300 Curitiba - PR.
41358848;TERESA DE CALCUTA E M MADREEI EF;-25.53728043;-49.25429698;infantil|fundamental_i;municipal;ativa;geral;nao;RUA DES VATEL GONCALVES PEREIRA, 60 SITIO CERCADO. 81920-640 Curitiba - PR.
41133811;TEREZA MATSUMOTO E M PROFA CEIEI EF;-25.49185839;-49.26163333;fundamental_i;municipal;ativa;geral;nao;RUA CHANC OSWALDO ARANHA, 965 HAUER. 81630-160 Curitiba - PR.
41133838;TERRA FIRME PRE ESC ED INF E ENS FUND;-25.41618453;-49.24398548;infantil|fundamental_i|fundamental_ii;privada;ativa;geral;nao;RUA DEPUTADO CARNEIRO DE CAMPOS, 507 HUGO LANGE. 80040-320 Curitiba - PR.
41543890;TERUKO BELTRAO C M E I PROFA;-25.48997233;-49.19951821;infantil;municipal;ativa;geral;nao;RUA ANNA PIETROBELLI IENSEN, 49 UBERABA. 81590-572 Curitiba - PR.
41552067;THEODORO BORDIGNON E EF;-25.50734000;-49.25228000;;privada;paralisada;geral;nao;RUA DOUTOR DANILO GOMES, 692 BOQUEIRAO. 81670-250 Curitiba - PR.
41133854;THEODORO DE BONA E MEI EF;-25.37417069;-49.21308869;fundamental_i;municipal;ativa;geral;nao;RUA ESTRADA DAS OLARIAS, 1081 SANTA CANDIDA. 82630-160 Curitiba - PR.
41356470;TIA BETY C E I;-25.47505167;-49.21160833;infantil;privada;ativa;geral;sim;RUA ELIZABETH JANE BROWN, 70 UBERABA. 81550-170 Curitiba - PR.
41355652;TIA CHIQUITA C M E I;-25.55029012;-49.26092913;infantil;municipal;ativa;geral;nao;RUA DESEMBARGADOR CARLOS PINHEIRO GUIMARAES, 25, 25 SITIO CERCADO. 81925-450 Curitiba - PR.
41356845;TIA CIDA C E I;-25.45400027;-49.35585854;infantil;privada;ativa;geral;sim;RUA EMILIA ERICHSEN, 186 CIDADE INDUSTRIAL CURITIBA. 81270-080 Curitiba - PR.
41355695;TIA EVA C M E I;-25.50981759;-49.32701225;infantil;municipal;ativa;geral;nao;RUA DENILSON FELIPE DE LIMA, 113 CIC. 81305-050 Curitiba - PR.
41386493;TIA MARIA EEF MOD ED ESP;-25.40615863;-49.34713385;;privada;ativa;exclusivo_deficiencia;sim;RUA SERAFIM LUCCA, 330 SAO BRAZ. 82320-400 Curitiba - PR.
41134028;TIRADENTES C E EF M;-25.42506087;-49.26934417;;estadual;paralisada;geral;nao;RUA PRESIDENTE FARIA, 625 CENTRO. 80020-290 Curitiba - PR.
41353765;TIRADENTES C M E I;-25.52776831;-49.24774940;infantil;municipal;ativa;geral;nao;RUA FRANCISCO CECCON, 153 ALTO BOQUEIRAO. 81770-120 Curitiba - PR.
41134044;TISTU I CTRO DE ATIVIDADE PRE ESC;-25.44876801;-49.28504326;infantil;privada;ativa;geral;nao;RUA DOUTOR ALEXANDRE GUTIERREZ, 561 AGUA VERDE. 80240-130 Curitiba - PR.
41134036;TISTU II CTRO DE ATIVIDADE PRE ESC;-25.45226453;-49.28311201;infantil;privada;ativa;geral;nao;RUA DOUTOR ALEXANDRE GUTIERREZ, 150 AGUA VERDE. 80240-130 Curitiba - PR.
41147405;TISTU III CENTRO DE ATIVIDADE EDUC;-25.45000981;-49.31669553;fundamental_i|fundamental_ii;privada;ativa;geral;nao;RUA EDUARDO SPRADA, 250 CAMPO COMPRIDO. 81220-000 Curitiba - PR.
41356390;TITO DE ALENCAR C E I FREI;-25.46873792;-49.20692347;infantil;privada;ativa;geral;sim;RUA CEILAO, 474 CAJURU. 82960-160 Curitiba - PR.
41387171;TOMAZ E A VIEIRA E MEI EF MOD ED ESP;-25.51540750;-49.29435818;fundamental_i;municipal;ativa;exclusivo_deficiencia;nao;LEON NICOLAS, S/Nº PINHEIRINHO. 81150-140 Curitiba - PR.
41151950;TRAMPOLIM C E I;-25.36341164;-49.26635412;infantil;privada;ativa;geral;sim;RUA HUMBERTO LEVIS, 387 BARREIRINHA. 82320-340 Curitiba - PR.
41149076;TREM DO FUTURO C E I;-25.45083084;-49.35310975;infantil;privada;ativa;geral;sim;RUA EMILIA CHOPACZ, 90 CIC. 81270-320 Curitiba - PR.
41382323;TRES CANNTOS EEI EF;-25.56868361;-49.28730676;infantil|fundamental_i|fundamental_ii;privada;ativa;geral;nao;RUA ANGELICA NEGRELLO DE CONTO, 128 UMBARA. 81940-280 Curitiba - PR.
41355482;TRINDADE C M E I;-25.44672415;-49.20581614;infantil;municipal;ativa;geral;nao;RUA DA TRINDADE, 368 CAJURU. 82920-120 Curitiba - PR.
41149530;TRIUNFO - C E I;-25.42394000;-49.20476000;;privada;paralisada;geral;nao;RUA BRUNO LOBO, 1412 BAIRRO ALTO. 82820-140 Curitiba - PR.
41146387;TUNEL DO TEMPO C E I;-25.43244755;-49.23789669;infantil;privada;ativa;geral;sim;AV MAL HUMBERTO DE AL CASTELO BRANCO, 621 CRISTO REI. 82530-205 Curitiba - PR.
41147324;TURMINHA PEQUENOS ANJOS C E I;-25.58642000;-49.31975000;infantil;privada;ativa;geral;sim;RUA TEN CEL ARLINDO CANDIDO MOLINA, 202 CAMPO DO SANTANA. 81490-210 Curitiba - PR.
41356195;UBATUBA-TAMBAU C M E I;-25.47332190;-49.34152095;infantil;municipal;ativa;geral;nao;RUA SAO MIGUEL DO OESTE, 297 CIC. 81240-260 Curitiba - PR.
41355490;UBERABA C M E I;-25.48253273;-49.21356533;infantil;municipal;ativa;geral;nao;RUA CAP LEONIDAS MARQUES, 2147 UBERADA. 81550-000 Curitiba - PR.
41162579;UBERABA III C M E I;-25.49134574;-49.20791458;infantil;municipal;ativa;geral;nao;RUA NICODEMUS ZEGLIN, 11 UBERABA. 81590-500 Curitiba - PR.
41356160;UBERLANDIA C M E I;-25.48369994;-49.31350478;infantil;municipal;ativa;geral;nao;RUA BALDUR MAGNUS GRUBBA, 2443 NOVO MUNDO. 81050-610 Curitiba - PR.
41376897;UEP 1 - UNIDADE DE EDUCACAO PRO E TECNOLOGICA DE CURITIBA CENTRO- SENAC;-25.43365215;-49.26567201;;privada;ativa;geral;nao;RUA ANDRE DE BARROS, 750 CENTRO. 80010-080 Curitiba - PR.
41152239;UEP 20 - UNIDADE DE EDUCACAO PROFISSIONAL DO PORTAO- SENAC;-25.47624000;-49.29453000;;privada;paralisada;geral;nao;RUA CALIXTO RAZOLINI, 215 PORTAO. 81070-060 Curitiba - PR.
41156218;UEP 46 - UNIDADE DE EDUCACAO PRO E TECNOLOGICA DE CURITIBA PORTAO- SENAC;-25.47618468;-49.29434306;;privada;ativa;geral;nao;RUA CALIXTO RAZOLINI, 215 PORTAO. 81070-060 Curitiba - PR.
41134168;ULISSES F VIEIRA E M CEI PROFEI EF;-25.44949848;-49.35237129;infantil|fundamental_i;municipal;ativa;geral;nao;RUA EDUARDO SPRADA, 5062 CIC. 81210-370 Curitiba - PR.
41134176;ULYSSES S GUIMARAES E M CEIEI EF;-25.36404795;-49.27459191;infantil|fundamental_i;municipal;ativa;geral;nao;RUA PEDRO SIQUEIRA CORTES, 323 ABRANCHES. 82220-250 Curitiba - PR.
41161866;UM DOIS TRES C E I;-25.47683937;-49.27946222;infantil;privada;ativa;geral;nao;RUA SANTA JOANA DARC, 134 LINDOIA. 81010-190 Curitiba - PR.
41134214;UMUARAMA E MEI EF;-25.50211810;-49.30344192;infantil|fundamental_i;municipal;ativa;geral;nao;RUA FREI TEOFILO, 730 CAPAO RASO. 81130-070 Curitiba - PR.
41356500;UNIAO DAS VILAS C M E I;-25.41229493;-49.35687703;infantil;municipal;ativa;geral;nao;RUA MIGUEL NOVICKI, 350 SAO BRAZ. 82315-060 Curitiba - PR.
41148851;UNIVERSIDADE FEDERAL DO PARANA - SEPT;-25.45694000;-49.23605000;;federal;ativa;geral;nao;RUA DOUTOR ALCIDES VIEIRA ARCO-VERDE, 1225 SEPT - UFPR. GUABIROTUBA. 81520-260 Curitiba - PR.
41154550;UNIVERSIDADE POSITIVO - CAMPUS CIC;-25.49740000;-49.31254000;;privada;paralisada;geral;nao;SENADOR ACCIOLY FILHO, 565 CIDADE INDUSTRIAL. 81310-000 Curitiba - PR.
41134257;UNIVERSO VERDE C E I;-25.48480244;-49.25053757;infantil;privada;ativa;geral;sim;RUA WALDEMAR KOST, 1233 VL HAUER. 81630-180 Curitiba - PR.
41353714;URANO C M E I;-25.51603428;-49.27339523;infantil;municipal;ativa;geral;nao;RUA NOVA FATIMA, 100 XAXIM. 81820-260 Curitiba - PR.
41150090;URSINHO PANDA - C E I;-25.41071747;-49.28162450;infantil;privada;ativa;geral;nao;AVENIDA DESEMBARGADOR HUGO SIMAS, 1110 BOM RETIRO. 80520-250 Curitiba - PR.
41156099;URSINHO PIMPAO C E I;-25.47013778;-49.29034468;infantil;privada;ativa;geral;nao;RUA ARION NIEPCE DA SILVA, 363 PORTAO. 80610-310 Curitiba - PR.
41149505;VENCEDORES KIDS EEI EF;-25.47850269;-49.21730652;infantil|fundamental_i;privada;ativa;geral;sim;RUA TROFI ANDRE AQUIM, 110 81560-690 Curitiba - PR.
41356110;VERA CRUZ II C M E I;-25.48020000;-49.35153000;infantil;municipal;ativa;geral;nao;RUA SAO JORGE DO OESTE, 218 CIC. 81260-100 Curitiba - PR.
41359585;VICENTINO SANTA LUISA C E I;-25.44324333;-49.25290500;infantil;privada;ativa;geral;sim;RUA EMB HIPOLITO DE ARAUJO, 203 VILA TORRES. 80215-050 Curitiba - PR.
41376706;VICENTINO SAO VICENTE DE PAULO C E I;-25.45718029;-49.20154097;infantil;privada;ativa;geral;sim;RUA TRINDADE, 1619 CAJURU. 82920-120 Curitiba - PR.
41134273;VICTOR DO AMARAL C E PROFEF M PROFIS;-25.49959745;-49.23538615;fundamental_ii;estadual;ativa;geral;nao;RUA BOM JESUS DE IGUAPE, 4065 BOQUEIRAO. 81650-030 Curitiba - PR.
41356101;VILA CALIFORNIA C M E I;-25.36862558;-49.22206189;infantil;municipal;ativa;geral;nao;RUA LAURO DROMLEWICZ, 180 SANTA CANDIDA. 82720-040 Curitiba - PR.
41355857;VILA CAMARGO C M E I;-25.46217963;-49.21403189;infantil;municipal;ativa;geral;nao;RUA PAULO DE FONTIN, 820 CAJURU. 82940-070 Curitiba - PR.
41353889;VILA DIANA C M E I;-25.36733000;-49.26483000;infantil;municipal;ativa;geral;nao;RUA TEN CEL MUNIZ DE ARAGAO, 535 BARREIRINHA. 82220-040 Curitiba - PR.
41352807;VILA FANNY C M E I;-25.48185568;-49.27594911;infantil;municipal;ativa;geral;nao;RUA AMERICO VESPUCIO, 101 LINDOIA. 81010-250 Curitiba - PR.
41355873;VILA FORMOSA C M E I;-25.48741729;-49.30644044;infantil;municipal;ativa;geral;nao;RUA CEL HERCULANO DE ARAUJO, 1193 NOVO MUNDO. 81050-090 Curitiba - PR.
41353773;VILA HAUER C M E I;-25.49046500;-49.25218500;infantil;municipal;ativa;geral;nao;RUA PE DEHON, 1775 BOQUEIRAO. 81670-100 Curitiba - PR.
41355709;VILA IPIRANGA C M E I;-25.50360229;-49.28475592;infantil;municipal;ativa;geral;nao;RUA MAJOR SEBASTIAO ISIDORO PEREIRA, 116 CAPAO RASO. 81110-300 Curitiba - PR.
41384520;VILA LEAO C M E I;-25.48518922;-49.30229074;infantil;municipal;ativa;geral;nao;RUA PRIMO LOURENCO TOSIN, 21 NOVO MUNDO. 81050-290 Curitiba - PR.
41356080;VILA LEONICE C M E I;-25.35310848;-49.25563079;infantil;municipal;ativa;geral;nao;RUA DAVID BODZIAK, 828 CACHOEIRA. 82710-260 Curitiba - PR.
41353854;VILA LINDOIA C M E I;-25.47892000;-49.27289000;infantil;municipal;ativa;geral;nao;RUA CONDE DOS ARCOS, 287 LINDOIA. 81010-120 Curitiba - PR.
41355458;VILA LORENA C M E I;-25.50076333;-49.21544074;infantil;municipal;ativa;geral;nao;RUA GRACIETTE SALMON, 271 UBERABA. 81580-420 Curitiba - PR.
41356802;VILA MACEDO C M E I;-25.47387833;-49.22680333;infantil;municipal;ativa;geral;nao;RUA DONA SAZA LATTES, 100 UBERABA. 81540-460 Curitiba - PR.
41356071;VILA NORI C M E I;-25.38918038;-49.29456243;infantil;municipal;ativa;geral;nao;RUA ANTONIO PETRUZZIELLO, 100 PILARZINHO. 82110-230 Curitiba - PR.
41161033;VILA NORI II C M E I;-25.38874393;-49.29315071;infantil;municipal;ativa;geral;nao;RUA ANTONIO PETRUZZIELLO, 195 PILARZINHO. 82110-230 Curitiba - PR.
41355539;VILA OSTERNACK C M E I;-25.55423667;-49.25364167;infantil;municipal;ativa;geral;nao;RUA JUNDIAI DO SUL, 393 SITIO CERCADO. 81935-040 Curitiba - PR.
41355911;VILA PAROLIM C M E I;-25.46851854;-49.26619753;infantil;municipal;ativa;geral;nao;RUA SERGIPE, 40 GUAIRA. 80630-080 Curitiba - PR.
41353870;VILA REAL C M E I;-25.42579803;-49.35727618;infantil;municipal;ativa;geral;nao;RUA ZEFERINO PIRES BARBOSA, 80 ORLEANS. 82310-310 Curitiba - PR.
41355954;VILA RIGONI C M E I;-25.47443327;-49.32638012;infantil;municipal;ativa;geral;nao;RUA ALFREDO JOSE PINTO, 1586 FAZENDINHA. 81320-180 Curitiba - PR.
41355830;VILA ROSINHA C M E I;-25.47349633;-49.31543282;infantil;municipal;ativa;geral;nao;RUA ALFREDO JAIME FELIPPE, 236 PORTAO. 81320-330 Curitiba - PR.
41356691;VILA SANDRA C M E I;-25.45635860;-49.34515916;infantil;municipal;ativa;geral;nao;RUA ETELVINA DA LUZ DE BARROS, 483 CIC. 81270-120 Curitiba - PR.
41149386;VILA SAO JOSE E MEI EF;-25.45702152;-49.37794149;fundamental_i;municipal;ativa;geral;nao;RUA NOVA LONDRINA, 364 AUGUSTA. 81265-110 Curitiba - PR.
41356055;VILA TORRES C M E I;-25.44729217;-49.25768945;infantil;municipal;ativa;geral;nao;RUA CHILE, 836 REBOUCAS. 80215-170 Curitiba - PR.
41356870;VILA VERDE C M E I;-25.52997120;-49.33524756;infantil;municipal;ativa;geral;nao;RUA EMILIO ROMANI, 2650 CIC. 81460-020 Curitiba - PR.
41386736;VILA VERDE II C M E I;-25.53063000;-49.33483000;infantil;municipal;ativa;geral;nao;RUA EMILIO ROMANI, 2650 CIC. 81460-020 Curitiba - PR.
41355717;VILA VITORIA C M E I;-25.54018953;-49.26960877;infantil;municipal;ativa;geral;nao;RUA CARLOS ROBERTO FERREIRA, 160 SITIO CERCADO. 81900-620 Curitiba - PR.
41384440;VILA ZANON E MEI EF;-25.57098723;-49.31874718;infantil|fundamental_i;municipal;ativa;geral;nao;RUA NOCA CORREIA REINHARDT, 151 TATUQUARA. 81480-436 Curitiba - PR.
41134290;VINHEDOS E M DOSEI EF;-25.39815331;-49.33086904;infantil|fundamental_i;municipal;ativa;geral;nao;RUA ZEM BERTAPELLE, 284 SANTA FELICIDADE. 82030-430 Curitiba - PR.
41356551;VIRGEM DA SALETTE C E I;-25.42089465;-49.22980996;infantil;privada;ativa;geral;sim;AV REPUBLICA DO LIBANO, 441 JD SOCIAL. 82520-500 Curitiba - PR.
41605918;VITORIA REGIA C M E I;-25.54129658;-49.33992592;infantil;municipal;ativa;geral;nao;RUA LUDVINA SCHUSTER PAES, 290 CIC. 81460-298 Curitiba - PR.
41389999;VIVER E APRENDER EEI EF;-25.51389065;-49.24199544;infantil|fundamental_i|fundamental_ii;privada;ativa;geral;sim;RUA DESEMB ANTONIO DE PAULA, 2648 BOQUEIRAO. 81750-450 Curitiba - PR.
41133994;VIVIAN MARCAL EEI EF MOD ED ESP;-25.42220381;-49.27135158;infantil|fundamental_i;privada;ativa;exclusivo_deficiencia;sim;RUA BARAO DE ANTONINA, 325 SAO FRANCISCO. 80530-050 Curitiba - PR.
41352874;VIVIAN MARCAL MERCES EEI EF MOD ED ESP;-25.41621000;-49.28995000;infantil|fundamental_i;privada;ativa;exclusivo_deficiencia;sim;AV MAMORE, 1090 MERCES. 80510-160 Curitiba - PR.
41355687;VO ANNA C M E I;-25.55967512;-49.33302091;infantil;municipal;ativa;geral;nao;RUA ERNESTO GERMANO FRANCISCO HANNEMANN, 592 TATUQUARA. 81480-196 Curitiba - PR.
41355466;VO NAZARETH C M E I;-25.46062968;-49.20446559;infantil;municipal;ativa;geral;nao;RUA FORTALEZA, 1932 CAJURU. 82930-230 Curitiba - PR.
41161300;VOGELNEST C E I;-25.42664985;-49.24367778;infantil;privada;ativa;geral;nao;RUA PREFEITO ANGELO FERRARIO LOPES, 965 ALTO DA RUA XV. 80045-400 Curitiba - PR.
41361598;VOVO CENIRA GUSSO C E I;-25.49881015;-49.28198931;infantil;privada;ativa;geral;sim;RUA FERNANDES VIEIRA, 498 CAPAO RASO. 81020-650 Curitiba - PR.
41134389;WALTER HOERNER E MEI EF;-25.43521471;-49.32482015;infantil|fundamental_i;municipal;ativa;geral;nao;RUA DOMINGOS IMBRONIZIO, 129 MOSSUNGUE. 81200-070 Curitiba - PR.
41134397;WENCESLAU BRAZ E MEI EF;-25.50236588;-49.22784500;infantil|fundamental_i;municipal;ativa;geral;nao;RUA O BRASIL PARA CRISTO, 2090 BOQUEIRAO. 81730-070 Curitiba - PR.
41355741;XAPINHAL C M E I;-25.53113907;-49.28124908;infantil;municipal;ativa;geral;nao;RUA MIGUEL COUTO DOS SANTOS, 230 PINHEIRINHO. 81870-680 Curitiba - PR.
41384490;XAPINHAL II C M E I;-25.53201415;-49.27178074;infantil;municipal;ativa;geral;nao;RUA CAFEARA, 420 SITIO CERCADO. 81910-110 Curitiba - PR.
41134419;XAVIER DA SILVA C E DREF M PROFIS;-25.43990342;-49.26681007;fundamental_ii;estadual;ativa;geral;nao;AV SILVA JARDIM, 613 REBOUCAS. 80230-000 Curitiba - PR.
41353781;XAXIM C M E I;-25.52869774;-49.24597899;infantil;municipal;ativa;geral;nao;RUA WILSON DAUCHEUX, 183 ALTO BOQUEIRAO. 81770-200 Curitiba - PR.
41134435;YVONE PIMENTEL C E CMEF M PROFIS;-25.49607000;-49.30038000;fundamental_ii;estadual;ativa;geral;nao;RUA SEBASTIAO MALUCELLI, 1312 NOVO MUNDO. 81050-270 Curitiba - PR.
41359593;YVONE PIMENTEL C E I;-25.49628833;-49.29983500;infantil;privada;ativa;geral;sim;RUA SEBASTIAO MALUCELLI, 1312 NOVO MUNDO. 81050-250 Curitiba - PR.
41134443;ZACARIAS C E CONS EF M;-25.42443498;-49.25970021;;estadual;paralisada;geral;nao;RUA UBALDINO DO AMARAL, 401 ALTO DA GLORIA. 80060-195 Curitiba - PR.
