codigo_inep;nome;latitude;longitude;ciclo;rede;situacao;atendimento;conveniada;endereco
22022481;ANBEAS - COLEGIO SAGRADO CORACAO DE JESUS;-5.08907900;-42.80923000;infantil|fundamental_i|fundamental_ii;privada;ativa;geral;nao;AVENIDA FREI SERAFIM, 1793 CENTRO. 64000-020 Teresina - PI.
22138366;ASSOCIACAO PESTALOZZI DE TERESINA;-5.08322800;-42.82052000;;privada;ativa;sem_escolarizacao;nao;RUA JONATAS BATISTA, 1159 CENTRO. 64000-400 Teresina - PI.
22142770;CAS-CENTRO DE CAPACITACAO DE PROFISSIONAIS DA EDUCACAO E ATENDIMENTO AS PESSOAS COM SURDEZ;-5.09649806;-42.79702000;;estadual;ativa;sem_escolarizacao;nao;AVENIDA SAO RAIMUNDO, 568 PICARRA. 64017-090 Teresina - PI.
22140387;CEJA ANTONIO DILSON FERNANDES;-5.05148930;-42.83811733;;estadual;ativa;geral;nao;RUA ALFERES DEODATO DA COSTA VELOSO 243, 243 REGIAO NORTE. SAO JOAQUIM. 64005-453 Teresina - PI.
22140360;CEJA CAMPESTRE NORTE;-4.88478070;-42.73950600;;estadual;ativa;geral;nao;ESTRADA DO POVOADO CAMPESTRE NORTE, SN 20. ZONA RURAL. 64041-990 Teresina - PI.
22140379;CEJA CHAGAS RODRIGUES;-4.99565000;-42.83219500;;estadual;ativa;geral;nao;RESIDENCIAL DEPUTADA FRANCISCA TRINDADE, SN 4 GRE CENTRO NORTE. SANTA MARIA DA CODIPI. 64012-100 Teresina - PI.
22135987;CEJA DEPUTADA FRANCISCA TRINDADE;-4.98824598;-42.83080312;;estadual;ativa;geral;nao;RUA CHICO CONRADO, SN 4 GRE CENTRO NORTE. PARQUE WALL FERRAZ. 64012-840 Teresina - PI.
22253726;CEJA DEPUTADO PAULO HENRIQUE PAES LANDIM;-5.17211667;-42.77401000;;estadual;ativa;geral;nao;RESIDENCIAL MARIO COVAS RUA 11 QUADRA CENTRAL, SN AV PRINCIPAL. ANGELIM. 64018-900 Teresina - PI.
22138420;CEJA DOM HELDER CAMARA;-5.19014586;-42.77440155;;estadual;ativa;geral;nao;RUA FRANCISCA CABRINI, SN SUP SUL. VILA IRMA DULCE. 64040-315 Teresina - PI.
22143440;CEJA DR FONTES IBIAPINA;-5.10459186;-42.74009383;;estadual;ativa;geral;nao;SENADOR VALDEMAR SANTOS, 3300 RENASCENCA I. RENASCENCA. 64082-310 Teresina - PI.
22027505;CEJA FRANCISCO CESAR DE ARAUJO;-5.10829427;-42.75596805;;estadual;ativa;geral;nao;RUA 54, 3735 SUP SUDESTE. DIRCEU ARCOVERDE II. 64018-900 Teresina - PI.
22023208;CEJA GAYOSO E ALMENDRA;-5.03482777;-42.82925991;;estadual;ativa;geral;nao;RUA CEDRO, S/N NORTE. POTI VELHO. 64009-740 Teresina - PI.
22027041;CEJA GOVERNADOR ALBERTO TAVARES E SILVA;-5.12460500;-42.78818667;;estadual;ativa;geral;nao;AV 15 DE NOVEMBRO, S/N SUP SUL. LOURIVAL PARENTE. 64018-900 Teresina - PI.
22136215;CEJA JOAO ADROALDO PIRES SOARES;-5.13879836;-42.73169170;;estadual;ativa;geral;nao;POVOADO ALEGRIA, SN ZONA RURAL. POVOADO ALEGRIA. 64000-100 Teresina - PI.
22135880;CEJA JORNALISTA JOAO EMILIO FALCAO;-5.15086500;-42.75563167;;estadual;ativa;geral;nao;RUA VINTE, S/N VAMOS VER O SOL. SANTO ANTONIO. 64018-900 Teresina - PI.
22028471;CEJA JOSE CANDIDO FERRAZ;-5.10303365;-42.80119163;;estadual;ativa;geral;nao;RUA ARIMATEA TITO, 446 SUL CENTRO. MONTE CASTELO. 64016-190 Teresina - PI.
22135618;CEJA PADRE LUIDINO DI GUIDI;-5.15918786;-42.76416575;;estadual;ativa;geral;nao;RUA C, 3930 SUP SUL. PARQUE DAGMAR MAZZA. 64000-010 Teresina - PI.
22143580;CEJA PEDRA MOLE;-5.01537167;-42.78129167;;estadual;ativa;geral;nao;RUA CRUZETA, VILA PARAISO. PEDRA MOLE. 64066-440 Teresina - PI.
22022287;CEJA PROFESSOR ARTUR FURTADO;-5.09904485;-42.81373567;;estadual;ativa;geral;nao;RUA SANTA LUZIA, 840 4 GRE CENTRO NORTE. CENTRO. 64001-400 Teresina - PI.
22170600;CEJA PROFESSOR JOSE CAMILLO DA SILVEIRA FILHO;-5.04799258;-42.73392048;;estadual;ativa;geral;nao;RUA 25, S/N LOTEAMENTO ESPLANADA DO URUGUAI. 64018-900 Teresina - PI.
22027190;CEJA PROFESSORA ANGELINA DE MOURA LEAL;-5.07181382;-42.76913210;;estadual;ativa;geral;nao;RUA ODILO FALCAO, SN SUP NORDESTE. MORADA DO SOL. 64018-900 Teresina - PI.
22028625;CEJA PROFESSORA MARIA DO CARMO REVERDOSA DA CRUZ;-5.09932955;-42.75956686;;estadual;ativa;geral;nao;AVENIDA GILBRALTAR, SN SUP SUDESTE. DIRCEU ARCOVERDE I. 64018-900 Teresina - PI.
22026487;CEJA PROFESSORA MARIA RODRIGUES DAS MERCEDES;-5.10326312;-42.80709784;;estadual;ativa;geral;nao;RUA DAVID CALDAS, 1551 VERMELHA. 64018-670 Teresina - PI.
22029010;CEJA PROFESSORA OSMARINA;-5.17727468;-42.78604184;;estadual;ativa;geral;nao;RUA JOAO DE DEUS MARTINS, S/N SUP SUL. ANGELIM I. 64028-205 Teresina - PI.
22026495;CEJA PROFESSORA SHIRLEY COSTA E SILVA;-5.14497188;-42.78568659;;estadual;ativa;geral;nao;ENTRE AS QUADRA 102 E 103, S/N SUP SUL. CONJ PARQUE PIAUI. 64025-100 Teresina - PI.
22161406;CEJA SANTA MARIA DAS VASSOURAS;-4.99186297;-42.84080818;;estadual;ativa;geral;nao;RUA TENENTE ARAUJO, S/N 4 GRE CENTRO NORTE. SANTA MARIA DAS VASSOURAS. 64012-570 Teresina - PI.
22124985;CEJA SAO SEBASTIAO;-5.10174500;-42.73538333;;estadual;ativa;geral;nao;RUA 5, SN SUP SUDESTE. LOTEAMENTO RENASCENCA III. 64018-900 Teresina - PI.
22139931;CEJA TAQUARI;-5.05419430;-42.74722090;;estadual;ativa;geral;nao;RUA ANTONIETA BULAMARQUE, SN RES TAQUARI. VALE QUEM TEM. 64018-900 Teresina - PI.
22143572;CEJA VALE DO GAVIAO;-5.02991664;-42.74333476;;estadual;ativa;geral;nao;CONJUNTO WILSON MARTINS FILHO, QD 09 10 B VALE DO GAVIAO. 64069-130 Teresina - PI.
22131167;CEJA VILA PARAISO;-5.00996925;-42.79048248;;estadual;ativa;geral;nao;AVENIDA JANGO, SN SUP NORDESTE. NOVA TERESINA. 64066-000 Teresina - PI.
22021973;CENTRO DE ATENDIMENTO EDUCACIONAL ESPECIALIZADO - APAE CRISTINA LEITE;-5.09762500;-42.79396000;;privada;ativa;sem_escolarizacao;nao;RUA DESEMBARGADOR JOSE MESSIAS, 1158 PICARRA. 64017-260 Teresina - PI.
22142142;CENTRO DE EDUCACAO PROFISSIONAL MIGUEL SADY;-5.08589900;-42.81855000;;privada;ativa;geral;nao;AVENIDA CAMPOS SALES, 1111 CENTRO NORTE. CENTRO. 64000-300 Teresina - PI.
22141278;CENTRO DE ENSINO SAO TOMAS DE AQUINO LTDA;-5.07058300;-42.81456000;infantil|fundamental_i|fundamental_ii;privada;ativa;geral;nao;RUA COELHO DE RESENDE, 2119 MARQUES DE PARANAGUA. 64002-470 Teresina - PI.
22022147;CENTRO DE HABILITACAO ANA CORDEIRO;-5.12172933;-42.79908398;;estadual;ativa;sem_escolarizacao;nao;RUA HERMINIO CONDE, S/N SUL. TABULETA. 64019-700 Teresina - PI.
22022155;CENTRO DE HABILITACAO E REABILITACAO DE CEGOS;-5.11941500;-42.80781000;fundamental_i;privada;ativa;exclusivo_deficiencia;nao;RUA BENEDITINOS, 537 SAO PEDRO. 64019-580 Teresina - PI.
22142681;CENTRO DE TECNOLOGIA DA CERAMICA WILDSON GONCALVES;-5.14407035;-42.79746494;;privada;ativa;geral;nao;RUA D, 840 LOTES 122/123. DISTRITO INDUSTRIAL. 64027-468 Teresina - PI.
22023682;CENTRO EDUCACIONAL ARCO IRIS;-5.04080900;-42.80600000;infantil|fundamental_i;privada;ativa;geral;nao;AVENIDA DUQUE DE CAXIAS, 5428 AGUA MINERAL. 64006-220 Teresina - PI.
22138471;CENTRO INTEGRADO DA CRIANCA E ADOLESCENTE CORDEIRO DO REINO;-5.18745946;-42.78311008;infantil|fundamental_i;privada;ativa;geral;nao;RUA MIRRA, 2250 VILA IRMA DULCE. ESPLANADA. 64039-340 Teresina - PI.
22169601;CENTRO INTEGRADO DE EDUCACAO ESPECIAL CIES;-5.09455101;-42.78757160;;estadual;ativa;sem_escolarizacao;nao;AVENIDA HIGINO CUNHA, S/N ILHOTAS. 64014-220 Teresina - PI.
22140450;CENTRO MUNICIPAL DE EDUCACAO INFANTIL ALDA MARIA ALMENDRA FREITAS CASTELO BRANCO;-4.97819632;-42.65005021;infantil;municipal;ativa;geral;nao;POVOADO SANTA TERESA, PI 113 ESTRADA. POVOADO SANTA TERESA. 64000-180 Teresina - PI.
22124209;CENTRO MUNICIPAL DE EDUCACAO INFANTIL ANGELIM IV;-5.18360001;-42.78988065;infantil;municipal;ativa;geral;nao;RUA CAPITAO GABRIEL LEITE, 1434 ANGELIM IV. 64034-425 Teresina - PI.
22108394;CENTRO MUNICIPAL DE EDUCACAO INFANTIL ANITA FERRAZ;-5.04109500;-42.82158833;infantil;municipal;ativa;geral;nao;ALTO ALTOS, 5185 RUA ALTOS. ALTO ALEGRE. 64008-100 Teresina - PI.
22180605;CENTRO MUNICIPAL DE EDUCACAO INFANTIL ANTONIO ALVES DE HOLANDA;-4.91557578;-42.69187929;infantil;municipal;ativa;geral;nao;AREA VOADO CAJAIBA, AREA RURAL DE TERESINA. 64000-180 Teresina - PI.
22121838;CENTRO MUNICIPAL DE EDUCACAO INFANTIL APOLONIA CARVALHO;-5.05016580;-42.83796030;infantil;municipal;ativa;geral;nao;VILA APOLONIA, 257 RUA 02. SAO JOAQUIM. 64005-410 Teresina - PI.
22250719;CENTRO MUNICIPAL DE EDUCACAO INFANTIL ARVORES VERDES;-5.00509960;-42.68829170;infantil;municipal;ativa;geral;nao;ESTRADA TRADA VALE QUEM TEMCACIMBA VELHA, ESTRADA DA CACI. AREA RURAL DE TERESINA. 64057-990 Teresina - PI.
22130632;CENTRO MUNICIPAL DE EDUCACAO INFANTIL BOM JESUS WALL FERRAZ;-5.15567760;-42.78305740;infantil;municipal;ativa;geral;nao;RUA PAPAGAIO, 186 VILA WALL FERRA. SANTA CRUZ. 64028-565 Teresina - PI.
22124179;CENTRO MUNICIPAL DE EDUCACAO INFANTIL BOM SAMARITANO;-5.06630610;-42.75254740;infantil;municipal;ativa;geral;nao;RUA SAO CAMILO, 1269 RUA SAO CAMILO. CAMPESTRE. 64053-795 Teresina - PI.
22107843;CENTRO MUNICIPAL DE EDUCACAO INFANTIL CASSIA CRISTINA;-5.15722098;-42.79464163;infantil;municipal;ativa;geral;nao;RUA PROFESSOR PAULO FREIRE, RUA AUGUSTA BAI. AREIAS. 64027-695 Teresina - PI.
22288716;CENTRO MUNICIPAL DE EDUCACAO INFANTIL CHAPADINHA SUL;-5.30038962;-42.71145943;infantil;municipal;ativa;geral;nao;BR - 316 - KM 24, S/N POVOADO CHAPADINHA SUL. 64022-990 Teresina - PI.
22164820;CENTRO MUNICIPAL DE EDUCACAO INFANTIL CHICO XAVIER;-5.10094290;-42.73342520;infantil;municipal;ativa;geral;nao;RUA RIO VERDE LOT RENASCENCA III, 2904 RUA RIO VERDE. SAO SEBASTIAO. 64084-022 Teresina - PI.
22124063;CENTRO MUNICIPAL DE EDUCACAO INFANTIL CIDADE LESTE;-5.04022358;-42.74659258;infantil;municipal;ativa;geral;nao;RUA SATURNINO ROLINS MORAIS, 5437 VERDE LAR. 64071-060 Teresina - PI.
22108505;CENTRO MUNICIPAL DE EDUCACAO INFANTIL DAGMAR MAZZA FORTES;-5.05607200;-42.82629000;;municipal;paralisada;geral;nao;RUA PEDRO BRITO, 1545 RUA PEDRO BRITO. ALVORADA. 64004-480 Teresina - PI.
22164600;CENTRO MUNICIPAL DE EDUCACAO INFANTIL DALAI LAMA;-4.89355167;-42.87391833;infantil|fundamental_i;municipal;ativa;geral;nao;RUA 03 DE ABRIL, S/N POVOADO BOA. ZONA RURAL NORTE. 64000-180 Teresina - PI.
22108572;CENTRO MUNICIPAL DE EDUCACAO INFANTIL DO MOCAMBINHO;-5.02374833;-42.80947833;infantil;municipal;ativa;geral;nao;RUA JORNALISTA JOSIPIO LUSTOSA, 33 Q 02 SETOR C. MOCAMBINHO. 64010-465 Teresina - PI.
22133011;CENTRO MUNICIPAL DE EDUCACAO INFANTIL DOM AVELAR;-5.05617526;-42.73025782;infantil;municipal;ativa;geral;nao;DOM RESIDENCIAL DOM AVELAR, 3150 RUA DOIS QD J L. VALE QUEM TEM. 64057-560 Teresina - PI.
22124195;CENTRO MUNICIPAL DE EDUCACAO INFANTIL DONA MARIA DE JESUS ARAUJO SILVEIRA;-5.01279980;-42.77367330;infantil;municipal;ativa;geral;nao;RUA SALITRE, 7800 VILA CIDADE JARDIM. PEDRA MOLE. 64066-080 Teresina - PI.
22108556;CENTRO MUNICIPAL DE EDUCACAO INFANTIL EMERSON DE JESUS SILVA;-5.10304667;-42.75583333;infantil|fundamental_i;municipal;ativa;geral;nao;RUA FILOMENA LAGES DE CARVALHO, 1091 ITARARE. 64077-125 Teresina - PI.
22123598;CENTRO MUNICIPAL DE EDUCACAO INFANTIL ENILSON CARVALHO;-5.15993899;-42.77819549;infantil;municipal;ativa;geral;nao;RUA TENENTE TADEU, 3421 VILA CARMEM LUC. SANTO ANTONIO. 64028-180 Teresina - PI.
22165002;CENTRO MUNICIPAL DE EDUCACAO INFANTIL FRANCISCA DE SOUSA PACHECO;-5.16888838;-42.78645313;infantil;municipal;ativa;geral;nao;RUA NOVE CJ DIGNIDADE, 18000 RUA 8 COM RUA 6. ANGELIM. 64034-797 Teresina - PI.
22142924;CENTRO MUNICIPAL DE EDUCACAO INFANTIL FRANCISCA FERREIRA DA SILVA - TIA FANNY;-5.02563380;-42.74000720;infantil;municipal;ativa;geral;nao;RUA CONTORNO RODOVIARIO NORTE, 6556 VALE DO GAVIAO. 64069-100 Teresina - PI.
22142819;CENTRO MUNICIPAL DE EDUCACAO INFANTIL FRANCISCA MARQUES;-5.08374119;-42.77065475;infantil|fundamental_i;municipal;ativa;geral;nao;RUA TELEGRAFISTA SEBASTIAO PORTELLA, 3143 SAO JOAO. 64046-480 Teresina - PI.
22231609;CENTRO MUNICIPAL DE EDUCACAO INFANTIL FRANCISCO DE ASSIS;-5.03519196;-42.81814114;infantil|fundamental_i;municipal;ativa;geral;nao;QUADRA ADRA MOCAMBINHO - SETOR E - DE 1516 A 1617, QUADRA 11. MOCAMBINHO. 64010-400 Teresina - PI.
22124152;CENTRO MUNICIPAL DE EDUCACAO INFANTIL FREI DAMIAO;-5.08842090;-42.73564210;infantil;municipal;ativa;geral;nao;RUA CARLOS FEITOSA, 979 VILA ALTO DA RE. GURUPI. 64090-030 Teresina - PI.
22123610;CENTRO MUNICIPAL DE EDUCACAO INFANTIL GILCA VANESSA;-5.11374970;-42.75186920;infantil;municipal;ativa;geral;nao;RUA RONDONIA, 4011 VILA CORONEL CA. NOVO HORIZONTE. 64080-050 Teresina - PI.
22132996;CENTRO MUNICIPAL DE EDUCACAO INFANTIL IRMA DULCE;-5.19043155;-42.77438032;infantil;municipal;ativa;geral;nao;RUA BAU VILA IMA DULCE, 3256 PROX. A UBS. ANGELIM. 64040-542 Teresina - PI.
22022945;CENTRO MUNICIPAL DE EDUCACAO INFANTIL JESUS DIOCESANO;-5.13976383;-42.78838453;infantil;municipal;ativa;geral;nao;RUA RAIMUNDA CARDOSO, 5115 PRACA DA CONCORDIA. PARQUE PIAUI. 64025-050 Teresina - PI.
22108467;CENTRO MUNICIPAL DE EDUCACAO INFANTIL JOSE DE FATIMA DE SOUSA BEZERRA;-5.04073850;-42.81054430;infantil;municipal;ativa;geral;nao;RUA BOM JESUS, 3642 MEMORARE. 64009-230 Teresina - PI.
22252711;CENTRO MUNICIPAL DE EDUCACAO INFANTIL JOSE JOAO DE MAGALHAES BRAGA;-4.98536880;-42.82683370;infantil;municipal;ativa;geral;nao;RUA REGINA CELIA, 0 LT STA MARIA DA. SANTA MARIA. 64012-620 Teresina - PI.
22133038;CENTRO MUNICIPAL DE EDUCACAO INFANTIL LADEIRA DO URUGUAI;-5.06805149;-42.74432626;infantil;municipal;ativa;geral;nao;RUA PROFESSORA JULIETA NEIVA NUNES, URUGUAI. 64073-500 Teresina - PI.
22024638;CENTRO MUNICIPAL DE EDUCACAO INFANTIL LIMOEIRO;-5.22223200;-42.63040000;infantil;municipal;ativa;geral;nao;POVOADO VOADO CAMPESTRE, CAMPESTRE. 64000-180 Teresina - PI.
22144340;CENTRO MUNICIPAL DE EDUCACAO INFANTIL LINDALMA CARVALHO SOARES;-5.21077859;-42.75973738;infantil|fundamental_i;municipal;ativa;geral;nao;RUA CINCO, 3842 LOT. INACIO SOARES. ANGELICA. 64042-010 Teresina - PI.
22139753;CENTRO MUNICIPAL DE EDUCACAO INFANTIL LUIZ GONZAGA PIRES;-5.13829960;-42.77505580;infantil;municipal;ativa;geral;nao;RUA DEPUTADO EDSON DIAS FERREIRA, 3199 CONJUNTO BELA VISTA. BELA VISTA 2. 64030-450 Teresina - PI.
22179607;CENTRO MUNICIPAL DE EDUCACAO INFANTIL MAHATMA GANDHI;-5.05399150;-42.76152130;infantil;municipal;ativa;geral;nao;RUA JORNALISTA MARIO SOARES RES C VERDE, 4050 RUA MARIO SOARE. SAMAPI. 64058-340 Teresina - PI.
22250735;CENTRO MUNICIPAL DE EDUCACAO INFANTIL MARIA AMELIA FREITAS MENDES DE OLIVEIRA;-5.05866010;-42.73971596;infantil;municipal;ativa;geral;nao;MONTE ALTINOPOLIS LOT O MONTEIRO, 6468 RUA 12. URUGUAI. 64073-350 Teresina - PI.
22140409;CENTRO MUNICIPAL DE EDUCACAO INFANTIL MARINA SOARES DA SILVA;-5.01123333;-42.78067000;infantil;municipal;ativa;geral;nao;CONJUNTO HABITAR BRASIL, 0 RUA III CJ HBB. PEDRA MOLE. 64065-020 Teresina - PI.
22124020;CENTRO MUNICIPAL DE EDUCACAO INFANTIL MENINO JESUS;-5.12171923;-42.75968676;infantil;municipal;ativa;geral;nao;RUA DESEMBARGADOR ODORICO ROSA, 4806 EXTREMA. 64076-385 Teresina - PI.
22108254;CENTRO MUNICIPAL DE EDUCACAO INFANTIL MIRIAM III;-5.02477811;-42.80933829;infantil;municipal;ativa;geral;nao;QUADRA ADRA MOCAMBINHO - SETOR B - DE 1920 A 2021, MOCAMBINHO. 64010-230 Teresina - PI.
22121854;CENTRO MUNICIPAL DE EDUCACAO INFANTIL MONTE VERDE;-4.99492568;-42.82113634;infantil;municipal;ativa;geral;nao;RUA AMADEUS PAULO, 4530 SANTA ROSA. 64011-030 Teresina - PI.
22124292;CENTRO MUNICIPAL DE EDUCACAO INFANTIL NATUREZA;-5.05164940;-42.80804350;infantil;municipal;ativa;geral;nao;RUA DOM AVELAR, 3150, 3170 VILA RISOLETA N. BUENOS AIRES. 64008-290 Teresina - PI.
22123750;CENTRO MUNICIPAL DE EDUCACAO INFANTIL NOSSA SENHORA DA GUIA;-5.10693300;-42.77079010;infantil;municipal;ativa;geral;nao;RUA GABRIEL SOARES, 46 VILA NOSSA NENH. BEIRA RIO. 64075-510 Teresina - PI.
22108580;CENTRO MUNICIPAL DE EDUCACAO INFANTIL NOSSA SENHORA DA PAZ;-5.11406820;-42.78399884;infantil;municipal;ativa;geral;nao;RUA PIRACURUCA, 3146 VILA DA PAZ. TRES ANDARES. 64017-780 Teresina - PI.
22138340;CENTRO MUNICIPAL DE EDUCACAO INFANTIL NOVA TERESINA;-5.00971840;-42.79546430;;municipal;paralisada;geral;nao;RUA DOUTOR RUI LOBAO, 7480 RES. NOVA TERESINA. AROEIRAS. 64011-790 Teresina - PI.
22123601;CENTRO MUNICIPAL DE EDUCACAO INFANTIL NOVO MILENIO;-5.10150510;-42.72563450;infantil;municipal;ativa;geral;nao;RUA DIEGO MADEIRA CAMPOS, 585 SAO SEBASTIAO. 64084-070 Teresina - PI.
22123660;CENTRO MUNICIPAL DE EDUCACAO INFANTIL PADRE EDUARDO;-5.05541000;-42.83501000;infantil;municipal;ativa;geral;nao;CONJUNTO SAO JOAQUIM, 4535 RUA 08 VILA PE. SAO JOAQUIM. 64005-450 Teresina - PI.
22140948;CENTRO MUNICIPAL DE EDUCACAO INFANTIL PADRE PEDRO BALZI;-5.09971916;-42.70756700;infantil;municipal;ativa;geral;nao;RUA FLOR DO TEMPO, LOTEAMENTO PEDR. SAO SEBASTIAO. 64085-355 Teresina - PI.
22119507;CENTRO MUNICIPAL DE EDUCACAO INFANTIL PARQUE ANITA FERRAZ;-5.07285304;-42.75782359;infantil|fundamental_i;municipal;ativa;geral;nao;RUA TIMORANTE, 8181 TABAJARAS. 64067-160 Teresina - PI.
22130578;CENTRO MUNICIPAL DE EDUCACAO INFANTIL PARQUE ESPERANCA;-5.12007847;-42.75502685;infantil;municipal;ativa;geral;nao;RUA PROFESSOR JOSE DE SENA, 3290 COMPRIDA. 64076-430 Teresina - PI.
22130616;CENTRO MUNICIPAL DE EDUCACAO INFANTIL PARQUE FIRMINO FILHO;-4.98984033;-42.83393572;infantil;municipal;ativa;geral;nao;MONTE MONTE VERDE, 2170 SANTA MARIA. 64012-575 Teresina - PI.
22123695;CENTRO MUNICIPAL DE EDUCACAO INFANTIL PARQUE MAO SANTA;-5.05432312;-42.74218219;infantil;municipal;ativa;geral;nao;RUA DEZENOVE, 6140 PQ MAO SANTA. VALE QUEM TEM. 64057-610 Teresina - PI.
22121846;CENTRO MUNICIPAL DE EDUCACAO INFANTIL PARQUE WALL FERRAZ;-4.98636000;-42.83557000;infantil;municipal;ativa;geral;nao;RUA MARIA JOSE DE MELLO FREITAS, 2330 SANTA MARIA. 64013-030 Teresina - PI.
22026630;CENTRO MUNICIPAL DE EDUCACAO INFANTIL PEIXE VIVO;-5.03559600;-42.82935400;infantil;municipal;ativa;geral;nao;ALAMEDA DOMINGOS JORGE VELHO, 6766 POTI VELHO. 64004-800 Teresina - PI.
22123687;CENTRO MUNICIPAL DE EDUCACAO INFANTIL PLANALTO URUGUAI;-5.05442167;-42.73850667;infantil|fundamental_i;municipal;ativa;geral;nao;R JUIZ SALMON LUSTOSA NOGUEIRA,, 6541 CONJ PLANALTO URUGUA. VALE QUEM TEM. 64057-435 Teresina - PI.
22289712;CENTRO MUNICIPAL DE EDUCACAO INFANTIL PROFESSOR FRANCISCO DAS CHAGAS VENANCIO;-5.13804654;-42.78233229;infantil;municipal;ativa;geral;nao;AVENIDA DEZENOVE DE OUTUBRO - DE 16071608 AO FIM, 2220 RUA 19 DE OUTUBRO. LOURIVAL PARENTE. 64023-638 Teresina - PI.
22140395;CENTRO MUNICIPAL DE EDUCACAO INFANTIL PROFESSOR GILBERTO RIBEIRO DA SILVA;-5.00803663;-42.78141060;infantil;municipal;ativa;geral;nao;RUA JOAO DE BARRO - LADO IMPAR, 1411 PEDRA MOLE. 64065-030 Teresina - PI.
22131744;CENTRO MUNICIPAL DE EDUCACAO INFANTIL PROFESSOR WALL FERRAZ;-5.27713061;-42.79862644;infantil|fundamental_i;municipal;ativa;geral;nao;POVOADO CERAMICA CIL, CERAMICA CIL. 64000-180 Teresina - PI.
22023755;CENTRO MUNICIPAL DE EDUCACAO INFANTIL PROFESSORA ANTONIA NONATO;-5.09237500;-42.79032000;infantil;municipal;ativa;geral;nao;RUA PROFESSOR CORDAO, 1260 ILHOTAS. 64014-022 Teresina - PI.
22140468;CENTRO MUNICIPAL DE EDUCACAO INFANTIL PROFESSORA HILDA MARIA LEMOS DOS SANTOS;-4.99483458;-42.83285708;infantil;municipal;ativa;geral;nao;AVENIDA PROFESSOR MARIANO DA SILVA NETO, 2010 RESIDENCIAL FRA. SANTA MARIA. 64012-351 Teresina - PI.
22023763;CENTRO MUNICIPAL DE EDUCACAO INFANTIL PROFESSORA MARIA DO CARMO NUNES;-5.14760830;-42.79406854;infantil;municipal;ativa;geral;nao;RUA ENGRAXATE GIL OLIVEIRA, 1345 VILA NOVA PARQ. PARQUE PIAUI. 64025-550 Teresina - PI.
22140425;CENTRO MUNICIPAL DE EDUCACAO INFANTIL RAIMUNDA MARTINS NUNES PORTELA;-5.04311390;-42.75454220;infantil|fundamental_i;municipal;ativa;geral;nao;RUA ARACRUZ, 4606 VILA FIRMINO FI. PORTO DO CENTRO. 64060-360 Teresina - PI.
22249737;CENTRO MUNICIPAL DE EDUCACAO INFANTIL RECANTO DOS PASSAROS;-5.11807483;-42.70944197;infantil|fundamental_i;municipal;ativa;geral;nao;LOTEAMENTO TEAMENTO RECANTO DOS PASSAROS, 6000 QD B5. TODOS OS SANTOS. 64089-100 Teresina - PI.
22130586;CENTRO MUNICIPAL DE EDUCACAO INFANTIL RESIDENCIAL BETINHO;-5.16420828;-42.78569114;infantil|fundamental_i;municipal;ativa;geral;nao;AVENIDA MANOEL FERNANDES DE OLIVEIRA, 1546 ANGELIM. 64034-440 Teresina - PI.
22121897;CENTRO MUNICIPAL DE EDUCACAO INFANTIL RESIDENCIAL ESPLANADA;-5.19365291;-42.76363684;infantil;municipal;ativa;geral;nao;RUA SAO VALENTINO LOT 7 ESTRELAS, 7610 EM FRENTE AO CA. ANGELIM. 64040-060 Teresina - PI.
22133003;CENTRO MUNICIPAL DE EDUCACAO INFANTIL RESIDENCIAL FIRMINO FILHO;-5.11316320;-42.73713530;infantil;municipal;ativa;geral;nao;FORTE ADVOGADO JOSE FORTES NAPOLEAO DO REGO, 5740 RES. FIRMINO FIRMINO. PARQUE POTI. 64081-050 Teresina - PI.
22143785;CENTRO MUNICIPAL DE EDUCACAO INFANTIL RUBEM ALVES;-5.00266922;-42.83293786;infantil;municipal;ativa;geral;nao;RUA SAO CRISTOVAO PRQ BRASIL II, 3595 PARQUE BRASIL. 64012-089 Teresina - PI.
22182608;CENTRO MUNICIPAL DE EDUCACAO INFANTIL SAGRADO CORACAO DE JESUS;-5.08847182;-42.66649859;infantil|fundamental_i;municipal;ativa;geral;nao;ESTRADA TRADA DA TABOCA DO PAU FERRADO CUIDOS, POVOADO TABOCA DO PAU FERRADO. 64090-991 Teresina - PI.
22123733;CENTRO MUNICIPAL DE EDUCACAO INFANTIL SANTA HELENA;-5.17627353;-42.76347922;infantil;municipal;ativa;geral;nao;RUA MANOEL VITOR CORDEIRO, 5950 BRASILAR. 64035-410 Teresina - PI.
22124128;CENTRO MUNICIPAL DE EDUCACAO INFANTIL SANTA MARIA DA CODIPI;-4.98251490;-42.83051790;infantil;municipal;ativa;geral;nao;RUA FRANCISCO MAGNOLIA, 2800 PROXIMA A PRACA. SANTA MARIA. 64012-470 Teresina - PI.
22138358;CENTRO MUNICIPAL DE EDUCACAO INFANTIL SANTA MARIA DAS VASSOURAS;-4.99217390;-42.84276880;infantil;municipal;ativa;geral;nao;RUA CHICO CONRADO, 1160 SANTA MARIA. 64012-590 Teresina - PI.
22291717;CENTRO MUNICIPAL DE EDUCACAO INFANTIL SAO VICENTE;-4.90738653;-42.78993864;infantil;municipal;ativa;geral;nao;RODOVIA O VICENTE, PI 112 KM 20. SAO VICENTE. 64065-990 Teresina - PI.
22124071;CENTRO MUNICIPAL DE EDUCACAO INFANTIL TAPUIA;-4.96462167;-42.73003000;infantil;municipal;ativa;geral;nao;POVOADO VOADO TAPUIA, POVOADO TAPUIA. 64000-180 Teresina - PI.
22119485;CENTRO MUNICIPAL DE EDUCACAO INFANTIL TIA ALICE;-5.05983530;-42.83609840;;municipal;paralisada;geral;nao;RUA CINCO, 4026 VILA CARLOS FEI. SAO JOAQUIM. 64004-275 Teresina - PI.
22108416;CENTRO MUNICIPAL DE EDUCACAO INFANTIL TIA ERINELDA VEIGA;-5.06137600;-42.77632960;infantil;municipal;ativa;geral;nao;RUA BENEDITO DA SILVEIRA, 2824 PLANALTO ININGA. PLANALTO. 64050-240 Teresina - PI.
22023003;CENTRO MUNICIPAL DE EDUCACAO INFANTIL TIA HELENA MEDEIROS;-5.06331304;-42.83634128;;municipal;paralisada;geral;nao;CONJUNTO SAO JOAQUIM, QUADRA 31 CASA 1. SAO JOAQUIM. 64004-215 Teresina - PI.
22023038;CENTRO MUNICIPAL DE EDUCACAO INFANTIL TIA KININHA;-5.04467700;-42.81934000;;municipal;paralisada;geral;nao;RUA ALTOS, 5311 RUA ALTOS,. ALTO ALEGRE. 64006-160 Teresina - PI.
22023127;CENTRO MUNICIPAL DE EDUCACAO INFANTIL TIA REGINA NAPOLEAO;-5.04466140;-42.83469970;infantil;municipal;ativa;geral;nao;RUA PADRE GERALDO, 634 MAFRENSE. 64005-610 Teresina - PI.
22123725;CENTRO MUNICIPAL DE EDUCACAO INFANTIL TIA SABINA;-4.91294807;-42.76977083;infantil;municipal;ativa;geral;nao;RODOVIA DOVIA PI - 112 KM - 22, POVOADO SANTA L. SANTA LUZ DE BAIXO. 64067-994 Teresina - PI.
22026819;CENTRO MUNICIPAL DE EDUCACAO INFANTIL TIA ZORAIDE ALMEIDA;-5.05632280;-42.76547870;infantil;municipal;ativa;geral;nao;RUA MONSENHOR CICERO PORTELA, 3055 PICARREIRA II. 64056-600 Teresina - PI.
22124357;CENTRO MUNICIPAL DE EDUCACAO INFANTIL TIO ALESSANDRO;-5.01495080;-42.77689741;infantil;municipal;ativa;geral;nao;RUA JEQUIE, 7461 VILA NOVA. PEDRA MOLE. 64066-350 Teresina - PI.
22124217;CENTRO MUNICIPAL DE EDUCACAO INFANTIL TIO FERNANDO SANTIAGO;-5.15350619;-42.68770730;infantil;municipal;ativa;geral;nao;RUA LUIZ ALVES LIMA, AV 04 JARDIM EU. SANTANA. 64097-024 Teresina - PI.
22252720;CENTRO MUNICIPAL DE EDUCACAO INFANTIL VALQUIRIA FERRAZ SOUSA;-5.11292189;-42.81408817;infantil;municipal;ativa;geral;nao;AVENIDA MARANHAO, 2205 AV MARANHAO VI. VERMELHA. 64018-100 Teresina - PI.
22119493;CENTRO MUNICIPAL DE EDUCACAO INFANTIL VILA BANDEIRANTES;-5.04655400;-42.75182000;infantil;municipal;ativa;geral;nao;RUA DOM BOSCO, 4920 PROXIMO A ESCOLA FRA. PORTO DO CENTRO. 64060-742 Teresina - PI.
22130489;CENTRO MUNICIPAL DE EDUCACAO INFANTIL VILA CAROLINA SILVA;-5.15366232;-42.79226573;infantil;municipal;ativa;geral;nao;RUA DONA FRANCISCA CLAUDINO VL CAROLINA, 1035 VILA CAROLINA SILVA. DISTRITO INDUSTRIAL. 64027-455 Teresina - PI.
22130470;CENTRO MUNICIPAL DE EDUCACAO INFANTIL VILA CLEMENTE FORTES;-5.15479590;-42.79148100;infantil;municipal;ativa;geral;nao;AVENIDA DEPUTADO ULISSES GUIMARAES - LADO IMPAR, PROMORAR. 64027-330 Teresina - PI.
22121889;CENTRO MUNICIPAL DE EDUCACAO INFANTIL VILA CONCORDIA E MORADA NOVA;-5.12978063;-42.77781283;infantil;municipal;ativa;geral;nao;RUA RADIALISTA BENEDITO DE ASSIS, 3168 BELA VISTA. 64031-085 Teresina - PI.
22124110;CENTRO MUNICIPAL DE EDUCACAO INFANTIL VILA DO AVIAO;-5.01134843;-42.78657750;infantil;municipal;ativa;geral;nao;RUA NAMBU VL AVIAO, 1021 VILA DO AVIAO. PEDRA MOLE. 64065-130 Teresina - PI.
22130535;CENTRO MUNICIPAL DE EDUCACAO INFANTIL VILA PANTANAL II;-5.05918308;-42.82835165;infantil;municipal;ativa;geral;nao;RUA GASTON DE GRESLAN, RUA GASTON DE G. PARQUE ALVORADA. 64004-450 Teresina - PI.
22123717;CENTRO MUNICIPAL DE EDUCACAO INFANTIL VILA POTY II;-5.11036535;-42.73542100;infantil;municipal;ativa;geral;nao;RUA DEPUTADO PINHEIRO MACHADO, 4103 LOTEAMENTO PARQ. RENASCENCA. 64082-330 Teresina - PI.
22139737;CENTRO MUNICIPAL DE EDUCACAO INFANTIL VILA TIRADENTES;-5.14536386;-42.77018358;infantil|fundamental_i;municipal;ativa;geral;nao;RUA CRUZEIRO DO SUL, 378 VILA TIRADENTES. SANTO ANTONIO. 64033-090 Teresina - PI.
22124187;CENTRO MUNICIPAL DE EDUCACAO INFANTIL VOVO LAIS;-5.15406910;-42.78258070;infantil;municipal;ativa;geral;nao;RUA HENRIQUETA TEIXEIRA, 2091 VILA AO JOSE DA. SANTO ANTONIO. 64028-130 Teresina - PI.
22142746;CES - CENTRO DE ESTIMULACAO PARA CRIANCAS COM DEFICIENCIA SENSORIAL AUDITIVA E VISUAL;-5.10528122;-42.79159105;;estadual;ativa;sem_escolarizacao;nao;AVENIDA BARAO DE CASTELO BRANCO, 1049 MONTE CASTELO. 64016-850 Teresina - PI.
22026908;CETI ANTONIO DE ALMENDRA FREITAS;-5.11668667;-42.75469833;fundamental_ii;estadual;ativa;geral;nao;CARAJAS, 3996 SUP SUDESTE. DIRCEU ARCOVERDE II. 64078-375 Teresina - PI.
22027904;CETI BARAO DE GURGUEIA;-5.09390174;-42.81456719;;estadual;ativa;geral;nao;RUA RUI BARBOSA, 187 SUP CENTRO. CENTRO. 64001-090 Teresina - PI.
22027939;CETI BENJAMIN BAPTISTA;-5.08384344;-42.82207509;;estadual;ativa;geral;nao;RUA JONATAS BATISTA, 791 PRX LINDOLFO MONTEIR. CENTRO. 64000-400 Teresina - PI.
22027963;CETI CALUZINHA FREIRE;-5.05251800;-42.75627000;;estadual;ativa;geral;nao;RUA PLUTAO, S/N SATELITE. 64059-020 Teresina - PI.
22141162;CETI CORINA MACHADO VIEIRA;-4.98292833;-42.81741667;;estadual;ativa;geral;nao;AREA INSTITUCIONAL, 04 ENTRE AS QUADRAS 68. SANTA MARIA DA CODIPE. 64013-455 Teresina - PI.
22028021;CETI CRISTINO CASTELO BRANCO;-5.04358261;-42.81039393;fundamental_ii;estadual;ativa;geral;nao;AVENIDA DUQUE DE CAXIAS, 4693 4 GRE CENTRO NORTE. BUENOS AIRES. 64009-170 Teresina - PI.
22027432;CETI DEPUTADO ALBERTO MONTEIRO;-5.02832667;-42.80730333;fundamental_ii;estadual;ativa;geral;nao;AV PREFEITO FREITAS NETO, S/N SUP NORTE. MOCAMBINHO I. 64009-700 Teresina - PI.
22022112;CETI DEPUTADO ATILA LIRA;-5.11035482;-42.76113976;fundamental_ii;estadual;ativa;geral;nao;RUA 78, 2539 SUP SUDESTE. DIRCEU ARCOVERDE II. 64078-450 Teresina - PI.
22027440;CETI DEPUTADO JOAQUIM GOMES CALADO;-5.05033522;-42.75214773;;estadual;ativa;geral;nao;RUA SANTA TERESINHA, 4891 SUP NORDESTE. SATELITE. 64018-900 Teresina - PI.
22026932;CETI DEPUTADO TERTULIANO MILTON BRANDAO;-5.10186669;-42.76193060;;estadual;ativa;geral;nao;RUA ANCHIETA, 2401 SUP SUDESTE. DIRCEU ARCOVERDE I. 64018-900 Teresina - PI.
22027459;CETI DESEMBARGADOR HELI SOBRAL;-5.03052193;-42.81793207;fundamental_ii;estadual;ativa;geral;nao;AV JORNALISTA JOSIPIO LUSTOSA, 6313 4 GRE CENTRO NORTE. MOCAMBINHO. 64009-790 Teresina - PI.
22027726;CETI DESEMBARGADOR HENRIQUE COUTO;-5.10329667;-42.80182167;;estadual;ativa;geral;nao;RUA AREA LEAO, 1707 MONTE CASTELO. 64016-700 Teresina - PI.
22026940;CETI DESEMBARGADOR ROBERT CARVALHO FREITAS;-5.04212167;-42.83131833;;estadual;ativa;geral;nao;RUA DELEGADO JOAO BRAZ, SN 4 GRE CENTRO NORTE. MAFRENSE. 64005-670 Teresina - PI.
22027475;CETI DIDACIO SILVA;-5.11253833;-42.75908167;;estadual;ativa;geral;nao;QUADRA 308, 307 SUP SUDESTE. DIRCEU ARCOVERDE II. 64078-390 Teresina - PI.
22026975;CETI DOM SEVERINO;-5.07752833;-42.81855167;fundamental_ii;estadual;ativa;geral;nao;AVENIDA ALAMEDA PARNAIBA, S/N CENTRO NORTE. VILA OPERARIA. 64003-200 Teresina - PI.
22026983;CETI DOMICIO MAGALHAES DE MELO;-5.14971223;-42.78439544;fundamental_ii;estadual;ativa;geral;nao;AV PRINCIPAL ULISSES GUIMARAES, S/N SUP SUL. PROMORAR. 64018-900 Teresina - PI.
22026991;CETI DR AGNELO PEREIRA DA SILVA;-5.10239833;-42.76176167;fundamental_ii;estadual;ativa;geral;nao;RUA ANCHIETA, 2461 REGIAO SUDESTE. DIRCEU ARCOVERDE I. 64077-090 Teresina - PI.
22028137;CETI DR FONTES IBIAPINA;-5.10447529;-42.74001807;;estadual;ativa;geral;nao;RUA SENADOR VALDEMAR SANTOS, 3300 SUP SUDESTE. RENASCENCA I. 64018-900 Teresina - PI.
22028145;CETI DUQUE DE CAXIAS;-5.10203806;-42.78996471;fundamental_ii;estadual;ativa;geral;nao;AV BARAO DE CASTELO BRANCO, 1370 SUL CENTRO. CRISTO REI. 64018-900 Teresina - PI.
22025316;CETI EM SAUDE MONSENHOR JOSE LUIS BARBOSA CORTEZ;-5.10945000;-42.79804000;;estadual;ativa;geral;nao;RUA CLIMERIO BENTO GONCALVES, S N SUP CENTRO. MONTE CASTELO. 64019-400 Teresina - PI.
22027483;CETI ESTADO DE SAO PAULO;-5.14413073;-42.78657952;;estadual;ativa;geral;nao;AV TRANSVERSAL QUADRA 63, SN SUP SUL. PARQUE PIAUI. 64025-100 Teresina - PI.
22124810;CETI FAMILIA AGRICOLA BAIXAO DO CARLOS;-4.95888560;-42.75301780;;estadual;ativa;geral;nao;RUA JACOBINA, SN POV BAIXAO DO CARLOS. 64090-990 Teresina - PI.
22115544;CETI FAMILIA AGRICOLA DO SOINHO;-4.99834289;-42.71982214;;estadual;ativa;geral;nao;COMUNIDADE POVOADO SOINHO, SOCOPO. 64063-018 Teresina - PI.
22143050;CETI FAMILIA DE TURISMO - EFTUR;-5.00299200;-42.75731000;;estadual;ativa;geral;nao;RUA MARIA ELDINA DE FREITAS, 4916 SOCOPO. 64063-630 Teresina - PI.
22028242;CETI FIRMINA SOBREIRA;-5.03611000;-42.82909000;fundamental_ii;estadual;ativa;geral;nao;RUA DESEMBARGADOR FLAVIO FURTADO, SN 4 GRE CENTRO NORTE. POTY VELHO. 64066-130 Teresina - PI.
22028250;CETI FLORISA SILVA;-5.15100826;-42.79016942;fundamental_ii;estadual;ativa;geral;nao;CONJUNTO ANGELIM II QUADRA 127, SUP SUL. PROMORAR II. 64027-295 Teresina - PI.
22027513;CETI FREI HELIODORIO;-5.09684477;-42.75890871;fundamental_i|fundamental_ii;estadual;ativa;geral;nao;RUA PROFESSOR ALCOBACA, S/N DIRCEU ARCOVERDE I. ITARARE. 64078-277 Teresina - PI.
22028269;CETI GABRIEL FERREIRA;-5.10422837;-42.80887211;fundamental_ii;estadual;ativa;geral;nao;AVENIDA BARAO DE GURGUEIA, ENTRADA PELA RUA ASTROLABIO PASSOS, 1489 ENTRADA LATERAL. VERMELHA. 64018-500 Teresina - PI.
22028307;CETI GERVASIO COSTA;-5.09465289;-42.78851807;fundamental_ii;estadual;ativa;geral;nao;RUA OZIMA MENDES, 3521 PICARREIRA II. 64055-500 Teresina - PI.
22025308;CETI GOVERNADOR DIRCEU MENDES ARCOVERDE;-5.07168681;-42.76987463;;estadual;ativa;geral;nao;RUA VALDEMAR MARTINS, 3360 SUP NORDESTE. MORADA DO SOL. 64055-280 Teresina - PI.
22022120;CETI GOVERNADOR FREITAS NETO;-5.05653167;-42.76175667;fundamental_i|fundamental_ii;estadual;ativa;geral;nao;RUA CAPITAO VANDERLEY, SN 20 GRE. PICARREIRA. 64056-640 Teresina - PI.
22026924;CETI GOVERNADOR JOAO CLIMACO DALMEIDA;-5.08436830;-42.81694210;;estadual;ativa;geral;nao;RUA 13 DE MAIO, 884 4 GRE CENTRO NORTE. CENTRO. 64000-150 Teresina - PI.
22028366;CETI HELVIDIO NUNES;-5.07206380;-42.81455500;;estadual;ativa;geral;nao;RUA MAGALHAES FILHO, 2020 CENTRO NORTE. MARQUES. 64002-450 Teresina - PI.
22133674;CETI INTEGRADO ANGELIM;-5.17454333;-42.78464667;;estadual;ativa;geral;nao;RUA INACIO SOARES, SN ZONA SUL. ANGELIM. 64018-900 Teresina - PI.
22256725;CETI JOAO HENRIQUE DE ALMEIDA SOUZA;-5.12499569;-42.79068661;;estadual;ativa;geral;nao;Q03, SN MORADA NOVA. 64018-900 Teresina - PI.
22021990;CETI JOAO MENDES OLIMPIO DE MELO;-5.10171667;-42.74274833;fundamental_ii;estadual;ativa;geral;nao;RUA JOSE PEREIRA LOPES, 2845 SUP SUDESTE. RENASCENCA II. 64083-010 Teresina - PI.
22028439;CETI JOEL RIBEIRO;-5.06708012;-42.82857385;;estadual;ativa;geral;nao;RUA RUI BARBOSA, 3121 MATADOURO. 64004-285 Teresina - PI.
22310754;CETI JOSE PEREIRA DA SILVA;-4.99923333;-42.82794833;;estadual;ativa;geral;nao;RUA FORTALEZA, SN 4 GRE CENTRO NORTE. PARQUE BRASIL II. 64012-015 Teresina - PI.
22028560;CETI LOURIVAL PARENTE;-5.12973333;-42.79168667;;estadual;ativa;geral;nao;KM ZERO BR 316, S/N SUL. LOURIVAL PARENTE. 64018-900 Teresina - PI.
22028579;CETI LUCIDIO PORTELLA;-5.10144651;-42.78963002;;estadual;ativa;geral;nao;AV BARAO DE CASTELO BRANCO, S/N SUL. CRISTO REI. 64014-325 Teresina - PI.
22128468;CETI MARCOS RODRIGUES COELHO;-4.97528520;-42.69633353;;estadual;ativa;geral;nao;POVOADO TABOCA DOS MACHADOS, S/N SUP NORDESTE. ZONA RURAL. 64001-970 Teresina - PI.
22028609;CETI MARIA DINA SOARES;-5.11679128;-42.80216523;fundamental_ii;estadual;ativa;geral;nao;RUA 13 DE MAIO, 3060 SUP SUL. PIO XII. 64018-640 Teresina - PI.
22028960;CETI MARIA MELO;-5.05613204;-42.77974725;fundamental_ii;estadual;ativa;geral;nao;RUA DR ALAIDE MARQUES, 2270 VIGESIMA. PLANALTO ININGA. 64018-900 Teresina - PI.
22027556;CETI MARIA MODESTINA BEZERRA;-5.11000864;-42.75028919;;estadual;ativa;geral;nao;RUA JAIME FORTES, 3364 SUP SUDESTE. NOVO HORIZONTE. 64018-900 Teresina - PI.
22028650;CETI MARTINS NAPOLEAO;-5.15001167;-42.78763167;fundamental_ii;estadual;ativa;geral;nao;AVENIDA PRINCIPAL DO PROMORAR, SN SUP SUL. PROMORAR. 64027-330 Teresina - PI.
22027564;CETI MATIAS OLIMPIO;-5.07721060;-42.80558387;;estadual;ativa;geral;nao;AVENIDA JACOB ALMENDRA, 498 4 GRE CENTRO NORTE. PORENQUANTO. 64003-000 Teresina - PI.
22028668;CETI MELVIN JONES;-5.08838800;-42.77317000;fundamental_ii;estadual;ativa;geral;nao;RUA SUICA, S/N SUP NORDESTE. SAO JOAO. 64046-550 Teresina - PI.
22027262;CETI MOACI MADEIRA CAMPOS;-5.13953333;-42.79985333;;estadual;ativa;geral;nao;AREA ESCOLAR, S/N SACI. 64020-200 Teresina - PI.
22028692;CETI MONSENHOR CICERO PORTELA NUNES;-5.14173428;-42.78833125;;estadual;ativa;geral;nao;PC DA INTEGRACAO, SN SUP SUL. CONJUNTO PARQUE PIAUI. 64025-100 Teresina - PI.
22026878;CETI MONSENHOR RAIMUNDO NONATO MELO;-5.06935223;-42.76051392;;estadual;ativa;geral;nao;RUA JOAO BORGES DE SOUSA, SN 20 GRE NORDESTE. MORADA DO SOL. 64055-320 Teresina - PI.
22104860;CETI MUNDIM FERRAZ;-4.98649101;-42.83504351;fundamental_ii;estadual;ativa;geral;nao;RUA XVII, 5675 4 GRE CENTRO NORTE. PARQUE WALL FERRAZ. 64009-740 Teresina - PI.
22027599;CETI NAIR GONCALVES;-5.11949019;-42.80688392;fundamental_ii;estadual;ativa;geral;nao;RUA GILBUES, 3190 SUP SUL. SAO PEDRO. 64018-900 Teresina - PI.
22121935;CETI NOSSA SENHORA DA PAZ;-5.11659022;-42.78784395;;estadual;ativa;geral;nao;RUA ISAIAS COELHO, SN VL SJDA COSTA RICA. TRES ANDARES. 64016-530 Teresina - PI.
22128441;CETI NOSSA SENHORA DO PERPETUO SOCORRO;-5.27652280;-42.79716280;;estadual;ativa;geral;nao;POVOADO CERAMICA CIL KM 17 PI 130, S/N SUP SUL. ZONA RURAL. 64000-010 Teresina - PI.
22027874;CETI PADRE ANTONIO JOSE DO REGO;-5.14045333;-42.78812000;;estadual;ativa;geral;nao;PARQUE PIAUI, S/N SUP SUL. PARQUE PIAUI. 64025-100 Teresina - PI.
22028820;CETI PADRE JOAQUIM NONATO GOMES;-5.12459941;-42.78802886;fundamental_ii;estadual;ativa;geral;nao;PRACA EXPEDITO REZENDE, S/N SUP SUL. BELA VISTA I. 64030-100 Teresina - PI.
22027742;CETI PAULO FERRAZ;-5.10098167;-42.80893500;;estadual;ativa;geral;nao;RUA 13 DE MAIO, 1189 CENTRO SUL. VERMELHA. 64018-900 Teresina - PI.
22131159;CETI PEDRA MOLE;-5.01579833;-42.78099833;;estadual;ativa;geral;nao;LOTE 001 VILA PARAISO, S/N 20 GRE. PEDRA MOLE. 64066-440 Teresina - PI.
22027602;CETI PEQUENA RUBIM;-5.02877300;-42.80784000;fundamental_ii;estadual;ativa;geral;nao;AV PREF FREITAS NETO, 1500 4 GRE CENTRO NORTE. MOCAMBINHO I. 64010-025 Teresina - PI.
22143394;CETI PORTAL DA ESPERANCA;-5.00964322;-42.79024672;;estadual;ativa;geral;nao;RESIDENCIAL NOVA TERESINA, S/N RUA 19. AROEIRAS. 64011-630 Teresina - PI.
22027629;CETI PREFEITO FREITAS NETO;-5.04111000;-42.81523500;fundamental_ii;estadual;ativa;geral;nao;AVENIDA JERUMENHA, SN 4 GRE CENTRO NORTE. BUENOS AIRES. 64008-300 Teresina - PI.
22025324;CETI PREFEITO JOAO MENDES OLIMPIO DE MELO;-5.07250209;-42.81752829;;estadual;ativa;geral;nao;RUA AREA LEAO, SN VILA OPERARIA. 64002-410 Teresina - PI.
22028951;CETI PROFESSOR AGRIPINO OLIVEIRA;-5.14578043;-42.78741975;fundamental_ii;estadual;ativa;geral;nao;EM FRENTE A QUADRA 101 CONJUNTO PARQUE PIAUI, S/N SUP SUL. PARQUE PIAUI. 64025-100 Teresina - PI.
22027203;CETI PROFESSOR ANTONIO MARIA MADEIRA;-5.14177360;-42.78740537;fundamental_ii;estadual;ativa;geral;nao;EM FRENTE A QUADRA 27, S/N SUP SUL. PARQUE PIAUI. 64025-100 Teresina - PI.
22135499;CETI PROFESSOR ANTONIO TARCISO PEREIRA E SILVA;-5.04802634;-42.73370951;;estadual;ativa;geral;nao;AV PARAOPEBAS, SN SUP NORDESTE. VALE QUEM TEM. 64018-900 Teresina - PI.
22022007;CETI PROFESSOR BALDUINO BARBOSA DE DEUS;-5.05427051;-42.74734832;;estadual;ativa;geral;nao;AVENIDA MARIA ANTONIETA BURLAMARQUI, S/N 20 GRE. VALE QUEM TEM. 64057-320 Teresina - PI.
22027319;CETI PROFESSOR DARCY ARAUJO;-5.07052399;-42.79247224;fundamental_ii;estadual;ativa;geral;nao;AV NOSSA SENHORA DE FATIMA, SN SUP NORDESTE. N S DE FATIMA. 64048-180 Teresina - PI.
22027700;CETI PROFESSOR EDGAR TITO;-5.04544109;-42.82240535;;estadual;ativa;geral;nao;RUA 19 DE NOVEMBRO, SN 4 GRE CENTRO NORTE. MEMORARE. 64002-540 Teresina - PI.
22026894;CETI PROFESSOR FELISMINO FREITAS;-5.02833500;-42.80896333;;estadual;ativa;geral;nao;CONFLUENCIA ENTRE OS SETORES A E B, S/N SUP NORTE. MOCAMBINHO I. 64009-770 Teresina - PI.
22139923;CETI PROFESSOR FLORESTAN FERNANDES;-5.12069500;-42.70803500;fundamental_ii;estadual;ativa;geral;nao;AVENIDA PRINCIPAL DO RESIDENCIAL DEUS QUER, SN RESIDENCIAL DEUS QUE. BOM PRINCIPIO. 64095-010 Teresina - PI.
22022040;CETI PROFESSOR JAMES AZEVEDO;-5.03508757;-42.82902325;;estadual;ativa;geral;nao;RUA ALTO LONGA, 5090 4 GRE CENTRO NORTE. ALTO ALEGRE. 64018-900 Teresina - PI.
22027327;CETI PROFESSOR JOCA VIEIRA;-5.08306520;-42.78090546;;estadual;ativa;geral;nao;RUA PEDRO CONDE, 220 SUP NORDESTE. SAO CRISTOVAO. 64046-160 Teresina - PI.
22028455;CETI PROFESSOR JOSE AMAVEL;-5.08334988;-42.78133989;;estadual;ativa;geral;nao;R BENTO CLARINDO BASTOS, SN 20 GRE NORDESTE. SAO CRISTOVAO. 64045-120 Teresina - PI.
22143017;CETI PROFESSOR JOSE PACIFICO DE MOURA NETO;-5.11253995;-42.74130818;;estadual;ativa;geral;nao;RUA CESAR DE NEGREIROS BARROS, 3939 MANOEL EVANGELISTA. NOVO HORIZONTE. 64079-112 Teresina - PI.
22022015;CETI PROFESSOR MELO MAGALHAES;-5.15090574;-42.78197885;fundamental_ii;estadual;ativa;geral;nao;RUA CACIQUE, SN SUP SUL. SANTO ANTONIO. 64001-970 Teresina - PI.
22027653;CETI PROFESSOR MILTON AGUIAR;-5.10983000;-42.76019667;fundamental_ii;estadual;ativa;geral;nao;RUA 54, 3341 DIRCEU II. DIRCEU ARCOVERDE II. 64078-095 Teresina - PI.
22143416;CETI PROFESSOR PAULO MACHADO DE RESENDE;-5.02995097;-42.74325798;;estadual;ativa;geral;nao;CONJUNTO WILSON MARTINS FILHO, 0 SEM NUMERO. VALE DO GAVIAO. 64069-130 Teresina - PI.
22027661;CETI PROFESSOR PINHEIRO MACHADO;-5.10284167;-42.76181167;;estadual;ativa;geral;nao;RUA ANCHIETA, 2515 SUP SUDESTE. DIRCEU ARCOVERDE I. 64018-900 Teresina - PI.
22027610;CETI PROFESSOR PIRES DE CASTRO;-5.10978027;-42.75953711;;estadual;ativa;geral;nao;RUA 54, 3379 SUP SUDESTE. DIRCEU ARCOVERDE II. 64018-900 Teresina - PI.
22027670;CETI PROFESSOR RAIMUNDO PORTELA;-5.07498839;-42.77631064;;estadual;ativa;geral;nao;RUA WILSON SOARES, SN SAO CRISTOVAO. 64052-310 Teresina - PI.
22027297;CETI PROFESSOR RALDIR CAVALCANTE BASTOS;-5.09942336;-42.74431461;fundamental_ii;estadual;ativa;geral;nao;RUA 2, 2310 SUP SUDESTE. RENASCENCA II. 64082-140 Teresina - PI.
22140662;CETI PROFESSOR RUY LEITE BERGER FILHO;-5.09060500;-42.74038667;;estadual;ativa;geral;nao;RUA ALTAIR, 6601 ALTO DA RESSURREICAO. GURUPI. 64090-080 Teresina - PI.
22027335;CETI PROFESSORA ADAMIR LEAL;-5.10978838;-42.75991054;fundamental_ii;estadual;ativa;geral;nao;RUA 54, 3353 SUP SUDESTE. DIRCEU ARCOVERDE II. 64018-900 Teresina - PI.
22027769;CETI PROFESSORA AUREA FREIRE;-5.11038167;-42.79924167;fundamental_ii;estadual;ativa;geral;nao;PCA JOAO MENDES, SN SUP SUL. CONJUNTO SACY. 64020-200 Teresina - PI.
22115447;CETI PROFESSORA HELENA CARVALHO;-5.04543389;-42.82172626;fundamental_ii;estadual;ativa;geral;nao;RUA SOTERO VAZ DA SILVEIRA, 4949 4 GRE CENTRO NORTE. MEMORARE. 64002-620 Teresina - PI.
22027777;CETI PROFESSORA JULIA NUNES ALVES;-5.09910604;-42.75812796;fundamental_ii;estadual;ativa;geral;nao;AV GILBRATAR, SN SUP SUDESTE. DIRCEU ARCOVERDE I. 64018-900 Teresina - PI.
22027343;CETI PROFESSORA MARIA DA CONCEICAO SALOME;-5.09740320;-42.73936853;;estadual;ativa;geral;nao;RUA 7, 6006 SUP SUDESTE. RENASCENCA II. 64018-900 Teresina - PI.
22029028;CETI PROFESSORA MARIA DE LOURDES REBELO;-5.07030581;-42.79308991;;estadual;ativa;geral;nao;RUA ANGELICA, SN BAIRRO DE FATIMA. 64018-900 Teresina - PI.
22028676;CETI PROFESSORA MERCEDES COSTA;-5.15145445;-42.78767637;fundamental_ii;estadual;ativa;geral;nao;AV PRINCIPAL DO PROMORAR, SN SUL. PROMORAR SUL. 64018-900 Teresina - PI.
22029044;CETI RAIMUNDO WALL FERRAZ;-5.04804641;-42.80961533;fundamental_ii;estadual;ativa;geral;nao;RUA TENENTE JOSE BISPO, SN 4 GRE CENTRO NORTE. AGUA MINERAL. 64008-300 Teresina - PI.
22138390;CETI RESIDENCIAL ESPLANADA;-5.18539168;-42.76414225;;estadual;ativa;geral;nao;RUA CARAPICUIBA, SN SUP SUL. LOTEAMENTO SETE ESTRELA. 64018-900 Teresina - PI.
22138455;CETI SANTA FE;-5.15901710;-42.78988960;;estadual;ativa;geral;nao;CONJUNTO SANTA FE QUADRA 01, 1345 SUP SUL. AREIAS. 64018-900 Teresina - PI.
22027360;CETI SANTA INES;-5.10172500;-42.74801333;fundamental_ii;estadual;ativa;geral;nao;AVPRINCIPAL DO DIRCEU I AO L DO 8 DP, SN SUP SUDESTE. DIRCEU ARCOVERDE I. 64018-900 Teresina - PI.
22029079;CETI SEVERIANO SOUSA;-5.07051016;-42.82720474;fundamental_ii;estadual;ativa;geral;nao;RUA SAO PAULO, 915 4 GRE CENTRO NORTE. ACARAPE. 64003-800 Teresina - PI.
22029087;CETI SIGEFREDO PACHECO;-5.13892000;-42.77959667;fundamental_ii;estadual;ativa;geral;nao;RUA DECIO G DE OLIVEIRA, S/N SUP SUL. BELA VISTA. 64031-080 Teresina - PI.
22029125;CETI SOLANGE SINIMBU VIANA AREA LEAO;-5.14756875;-42.77953572;fundamental_ii;estadual;ativa;geral;nao;AV DEP ULISSES GUIMARAES, SN SUP SUL. PROMORAR. 64018-900 Teresina - PI.
22022376;CETI ZACARIAS DE GOIS;-5.08630208;-42.81747596;;estadual;ativa;geral;nao;PRACA LANDRI SALES, 1125 4 GRE CENTRO NORTE. CENTRO. 64000-220 Teresina - PI.
22310762;CEV COLEGIO;-5.08477100;-42.79978000;infantil|fundamental_i|fundamental_ii;privada;ativa;geral;nao;AVENIDA FREI SERAFIM, 3125 CENTRO. 64000-020 Teresina - PI.
22129529;CEV COLEGIO UNIDADE JOCKEY;-5.07749600;-42.79669000;;privada;ativa;geral;nao;AVENIDA FREI SERAFIM, 3200 CENTRO. 64049-240 Teresina - PI.
22023186;CMEI 1 DE MAIO;-5.04809180;-42.81201250;infantil;municipal;ativa;geral;nao;RUA MOTORISTA GENESIO CARVALHO, 613 AGUA MINERAL. 64007-650 Teresina - PI.
22108432;CMEI ABC;-5.05002054;-42.75423185;infantil;municipal;ativa;geral;nao;RUA BRANCA, SATELITE. 64059-410 Teresina - PI.
22026541;CMEI ADELAIDE FONTENELI;-5.07594167;-42.80805167;infantil|fundamental_i;municipal;ativa;geral;nao;RUA PROFESSOR FERNANDO MARQUES, 1251 MARQUES. PORENQUANTO. 64002-560 Teresina - PI.
22181601;CMEI AMELIA BEVILAQUA;-4.98421465;-42.84341207;infantil;municipal;ativa;geral;nao;RUA MARIANO GAIOSO, SANTA MARIA. 64012-440 Teresina - PI.
22142444;CMEI ANDRE DIUARE ALMEIDA CARVALHO;-5.15466790;-42.75704270;infantil;municipal;ativa;geral;nao;RUA DOUTOR ARQUELAU SIQUEIRA AMORIM, QD 18. PARQUE SUL. 64036-440 Teresina - PI.
22144331;CMEI ANTONIO DE NORONHA PESSOA FILHO;-5.02296223;-42.74231564;infantil;municipal;ativa;geral;nao;AVENIDA FRANCISCO SOARES CAMPELO, 6960 SIGEFREDO PACHECO I. VALE DO GAVIAO. 64069-215 Teresina - PI.
22142410;CMEI ARIANO SUASSUNA;-5.18994230;-42.73338270;infantil|fundamental_i;municipal;ativa;geral;nao;RUA JOSE DA COSTA ARAUJO RES P ALEGRIA II, 9370 PORTAL DA ALEGRIA. 64037-302 Teresina - PI.
22026568;CMEI BERNARD VAN LEER;-5.11642848;-42.75437553;infantil;municipal;ativa;geral;nao;RUA CARAJAS, 4010 DIRCEU ARCOVERD. ITARARE. 64078-548 Teresina - PI.
22143769;CMEI CARLOS DRUMMOND DE ANDRADE;-5.19258328;-42.73784417;infantil;municipal;ativa;geral;nao;AVENIDA JORNALISTA LINDBERG LEITE, 9377 PORTAL DA ALEGRIA. 64037-045 Teresina - PI.
22144021;CMEI CASTRO ALVES;-5.19330854;-42.78904132;infantil;municipal;ativa;geral;nao;RUA PROJETADA 07 PRQ ELIANA, PARQUE ELIANE B. ANGELIM. 64040-790 Teresina - PI.
22143521;CMEI CECILIA MEIRELES;-5.17245258;-42.75619654;infantil;municipal;ativa;geral;nao;RUA 11 -RESIDENCIAL CIDADE SUL, 5720 LOT.PQ.MARIA EDUARDA. PARQUE JULIANA. 64035-845 Teresina - PI.
22164804;CMEI CHICO MENDES;-5.18553450;-42.75094710;infantil;municipal;ativa;geral;nao;RUA DOUTOR VALDECI MANOEL RODRIGUES, 5925 PORTP ALEGRE II. ESPLANADA. 64039-440 Teresina - PI.
22130942;CMEI CINTIA MEDEIROS DE OLIVEIRA;-5.10984160;-42.74267530;infantil;municipal;ativa;geral;nao;RUA CESAR DE NEGREIROS BARROS LOT M EVANGELISTA, RUA CESAR DE NEGREI. NOVO HORIZONTE. 64080-210 Teresina - PI.
22108548;CMEI CIRANDINHA;-5.11110667;-42.78591500;infantil;municipal;ativa;geral;nao;RUA CANADA, 794 PROXIMO A PARAD. CIDADE NOVA. 64016-610 Teresina - PI.
22313729;CMEI CLARICE LISPECTOR;-5.08963686;-42.73823064;infantil;municipal;ativa;geral;nao;RUA ESTUDANTE FABIO CESAR, 2010 GURUPI. 64090-175 Teresina - PI.
22108424;CMEI DANIELZINHO;-5.06289500;-42.76056000;infantil;municipal;ativa;geral;nao;RUA MELVIN JONES, 4181 RUA MELVIN JONES. PICARREIRA. 64055-420 Teresina - PI.
22144730;CMEI DOM MIGUEL FENELON CAMARA;-5.19856207;-42.73804874;infantil;municipal;ativa;geral;nao;RUA EMPRESARIO JOAQUIM MARQUES, 8895 RUA 11. PEDRA MIUDA. 64038-060 Teresina - PI.
22026797;CMEI DONA ODINEA;-5.03824193;-42.80847992;infantil;municipal;ativa;geral;nao;RUA ENGENHEIRO MIGUEL FURTADO BACELAR, 3895 BUENOS AIRES. 64009-280 Teresina - PI.
22144749;CMEI EDUARDO HENRIQUE ACCIOLY CAMPOS;-5.07283532;-42.75780744;infantil;municipal;ativa;geral;nao;RUA ARISTIDES SARAIVA DE ALMEIDA, 454 SANTA ISABEL. 64053-300 Teresina - PI.
22143882;CMEI ENGENHEIRO MATIAS AUGUSTO DE OLIVEIRA MATOS;-5.18600400;-42.74024000;infantil|fundamental_i;municipal;ativa;geral;nao;RUA JOSE ULISSES LEAL, 9152 PORTAL DA ALEGRIA. 64037-460 Teresina - PI.
22141936;CMEI ERICO VERISSIMO;-5.08585092;-42.69395175;infantil;municipal;ativa;geral;nao;POVOADO VOADO TABOCA DO PAU FERRADO, PSH TABOCAS. POVOADO TABOCA DO PAU FERRADO. 64000-180 Teresina - PI.
22142789;CMEI FRANCISCO HARDI FILHO;-5.15246170;-42.77533720;infantil|fundamental_i;municipal;ativa;geral;nao;AVENIDA NORTE SUL, 2650 SANTO ANTONIO. 64028-350 Teresina - PI.
22139869;CMEI HELENA MARIA RODRIGUES DE CARVALHO;-5.04942180;-42.82243360;infantil;municipal;ativa;geral;nao;RUA JOSE MARQUES DA ROCHA, 2361 RUA JOSE MARQUE. ITAPERU. 64007-838 Teresina - PI.
22143793;CMEI HELENA MEDEIROS;-5.06329300;-42.83640406;infantil;municipal;ativa;geral;nao;AVENIDA BOA ESPERANCA, SAO JOAQUIM. 64004-065 Teresina - PI.
22022937;CMEI HERCILIA TORRES DE ALMEIDA;-5.19226443;-42.76413253;infantil|fundamental_i;municipal;ativa;geral;nao;RUA AGNELO RUFINO, RUA AGNELO RUFINO. PARQUE PIAUI. 64025-275 Teresina - PI.
22108408;CMEI IMACULADA CONCEICAO;-5.10240550;-42.79674320;infantil;municipal;ativa;geral;nao;RUA ESPERANTO, 765 AO LADO DA AMMO. MONTE CASTELO. 64016-230 Teresina - PI.
22144757;CMEI JOAO BATISTA BRITO DE MELO;-4.99891333;-42.83539167;infantil;municipal;ativa;geral;nao;QUADRA ADRA S RES PAULO DE TARSO, 1050 LOTEAMENTO PARQ. SANTA MARIA. 64012-840 Teresina - PI.
22138625;CMEI JOAO MENDES OLIMPIO DE MELO;-5.10184519;-42.74344674;infantil|fundamental_i;municipal;ativa;geral;nao;RUA FARMACEUTICO JOSE PEREIRA LOPES - LADO IMPAR, 2845 RENASCENCA. 64082-250 Teresina - PI.
22253718;CMEI JOAO NONON DE MOURA FONTES IBIAPINA;-5.17443667;-42.77704833;infantil|fundamental_i;municipal;ativa;geral;nao;CONJUNTO JOAO PAULO II, 4768 RUA CINCO. ANGELIM. 64000-180 Teresina - PI.
22144102;CMEI JOAO PAULO DOS REIS VELOSO;-5.00406204;-42.79787107;infantil;municipal;ativa;geral;nao;AVENIDA SALVADOR FAUSTO CASTELO BRANCO, 4950 AROEIRAS. 64011-515 Teresina - PI.
22140492;CMEI JOAO PAULO II;-5.14715500;-42.69469000;infantil;municipal;ativa;geral;nao;RUA NEUSINA PEREIRA DA SILVA, 1420 RUA PARAISO LO. SANTANA. 64097-032 Teresina - PI.
22143262;CMEI JOEL MENDES;-5.08442620;-42.81896140;infantil;municipal;ativa;geral;nao;RUA SIMPLICIO MENDES ZONA SUL - ATE 921922, 991 CENTRO. 64001-110 Teresina - PI.
22026533;CMEI JOFFRE CASTELO BRANCO;-5.07449772;-42.81266492;infantil;municipal;ativa;geral;nao;ALAMEDA AMEDA PARNAIBA, 2171 MARQUES. 64002-475 Teresina - PI.
22144765;CMEI JONAS PEREIRA DA SILVA;-5.10889343;-42.74294275;infantil;municipal;ativa;geral;nao;RUA CESAR DE NEGREIROS BARROS LOT M EVANGELISTA, 3670 NOVO HORIZONTE. 64080-210 Teresina - PI.
22143530;CMEI JORGE AMADO;-5.03787950;-42.72853950;infantil;municipal;ativa;geral;nao;RUA PROMOTOR JOSE METON FILHO LOT ARVORES VERDE, 5151 ESTRADA ARVORES. VERDE LAR. 64071-705 Teresina - PI.
22142436;CMEI JULIO ROMAO;-5.08932250;-42.74055170;infantil;municipal;ativa;geral;nao;RUA SANTA LUZIA, 860 GURUPI. 64090-430 Teresina - PI.
22120360;CMEI LOUVOR E VIDA;-5.04771029;-42.81388633;infantil|fundamental_i;municipal;ativa;geral;nao;RUA FLORESTAL, 520 VILA CRISTALINA. AGUA MINERAL. 64006-520 Teresina - PI.
22133623;CMEI LUTERANO;-5.14333328;-42.77977385;infantil;municipal;ativa;geral;nao;AVENIDA PREFEITO WALL FERRAZ - LADO PAR, 7200 BR 316. PARQUE PIAUI. 64025-468 Teresina - PI.
22140441;CMEI MADRE TERESA DE CALCUTA;-5.04840500;-42.73307676;infantil|fundamental_i;municipal;ativa;geral;nao;RUA OITO LOT PLANALTO, 3705 VILA SANTA BARBARA. VALE QUEM TEM. 64057-515 Teresina - PI.
22108530;CMEI MARCOS VILACA;-5.11684333;-42.78841667;infantil;municipal;ativa;geral;nao;RUA SANTA MARIA GORETTI, 2522 TRES ANDARES. 64017-735 Teresina - PI.
22165215;CMEI MARIA ALVES DA SILVA SANTOS;-5.14090267;-42.74741848;infantil;municipal;ativa;geral;nao;RUA AREOLINO DE ABREU, 1507 RUA 03 PROJETO. CENTRO. 64000-180 Teresina - PI.
22026525;CMEI MARIA AUGUSTA DE JESUS;-5.11203000;-42.75895500;infantil|fundamental_i;municipal;ativa;geral;nao;QUADRA 287 - RUA DINO PEREIRA, S/Nº ANTIGA, RUA 54. ITARARE. 64078-350 Teresina - PI.
22026762;CMEI MARIA JOSE ARCOVERDE;-5.09860581;-42.75810953;infantil;municipal;ativa;geral;nao;RUA DESEMBARGADOR BERILO MOTA, Q-82. ITARARE. 64078-213 Teresina - PI.
22023089;CMEI MIRIAN FURTADO;-5.11547980;-42.79078270;infantil;municipal;ativa;geral;nao;RUA CRISTO REDENTOR, 2320 TRES ANDARES. 64017-705 Teresina - PI.
22144773;CMEI NOE CERQUEIRA FORTES;-5.18784138;-42.74364866;infantil;municipal;ativa;geral;nao;RUA JOSE MIGUEL ADAD, PORTAL DA ALEGRIA. 64037-445 Teresina - PI.
22108564;CMEI NOSSA SENHORA MARIA AUXILIADORA;-5.11842900;-42.78039000;infantil;municipal;ativa;geral;nao;RUA SETE QUEDAS PRQ RODOVIARIO, 4405 PQ RODOVIARIO. CATARINA. 64023-705 Teresina - PI.
22129340;CMEI PARQUE SAO JOAO;-5.12984624;-42.79969601;infantil|fundamental_i;municipal;ativa;geral;nao;RUA JACOB MARTINS, 765 RUA JACOB MARTI. SANTA LUZIA. 64020-095 Teresina - PI.
22143270;CMEI PARQUE VITORIA;-5.17088524;-42.77787527;infantil;municipal;ativa;geral;nao;AVENIDA GOVERNADOR ROCHA FURTADO CJ M COVAS, 3433 ANGELIM. 64034-602 Teresina - PI.
22022279;CMEI PEDRO MENDES RIBEIRO;-5.10667324;-42.80330004;infantil;municipal;ativa;geral;nao;RUA GABRIEL FERREIRA ZONA SUL, 1966 RUA 21 DE ABRI. CENTRO. 64001-250 Teresina - PI.
22026649;CMEI PRESIDENTE COSTA E SILVA;-5.11851495;-42.79216521;infantil;municipal;ativa;geral;nao;CONJUNTO REDENCAO, QD P CSA 10. REDENCAO. 64017-810 Teresina - PI.
22026240;CMEI PRESIDENTE MEDICI;-5.08034000;-42.77696667;infantil;municipal;ativa;geral;nao;RUA CORONEL BELISARIO DA CUNHA, 150 SAO CRISTOVAO. 64052-150 Teresina - PI.
22144935;CMEI PROF MARIA OSMARINA MOURA BEZERRA;-4.97994333;-42.81401000;infantil;municipal;ativa;geral;nao;RUA ENGENHEIRO AGRONOMO CHICAO, 4130 JACINTA ANDRADE. 64013-449 Teresina - PI.
22289720;CMEI PROFESSOR JULIO CESAR ARAUJO DE OLIVEIRA;-5.07068680;-42.74464040;infantil;municipal;ativa;geral;nao;AVENIDA PRESIDENTE JANIO QUADROS, 1851 SANTA LIA. 64058-780 Teresina - PI.
22144781;CMEI PROFESSOR ROBERTO GONCALVES DE FREITAS;-5.00748864;-42.82655131;infantil;municipal;ativa;geral;nao;RUA QUATORZE, 351 PARQUE BRASIL III. 64012-120 Teresina - PI.
22023011;CMEI PROFESSORA HILDETE;-5.15747910;-42.76642970;infantil;municipal;ativa;geral;nao;RUA PADRE CICERO, 3690 VL S FRANSCISCO SUL. SANTO ANTONIO. 64033-510 Teresina - PI.
22140417;CMEI PROFESSORA MARIA ALDINEIA RODRIGUES DA SILVA;-5.04753920;-42.75901530;infantil;municipal;ativa;geral;nao;RUA URANO, 4145 DO LADO DO CAMPO DE. SATELITE. 64059-230 Teresina - PI.
22141596;CMEI PROFESSORA MARIA DO AMPARO FERREIRA DE ALENCAR;-5.03009880;-42.73911020;infantil|fundamental_i;municipal;ativa;geral;nao;RUA LUIZ ANTONIO SOUSA, 6500 VALE DO GAVIAO. 64069-205 Teresina - PI.
22144927;CMEI PROFESSORA NOELIA MARANHAO DA COSTA E SILVA;-5.03131175;-42.74206038;infantil;municipal;ativa;geral;nao;LOTEAMENTO TEAMENTO VALE DO GAVIAO, 6000 RUA SANATHYEL V. VALE DO GAVIAO. 64069-430 Teresina - PI.
22140476;CMEI PROFESSORA ZELIA CALIXTO DE ARAUJO SOUSA;-5.00513222;-42.82322555;infantil;municipal;ativa;geral;nao;RUA AMADEUS PAULO, AV AMADEUS PAUL. SANTA ROSA. 64011-030 Teresina - PI.
22144218;CMEI RAMSES BAHURY DE SOUSA RAMOS;-5.12144078;-42.70908664;infantil;municipal;ativa;geral;nao;RUA CECY NEPOMUCENO PIRES, 2250 BOM PRINCIPIO. 64095-050 Teresina - PI.
22143696;CMEI RAQUEL DE QUEIROZ;-4.98333049;-42.81592270;infantil;municipal;ativa;geral;nao;QUADRA J, AV 01 AREA INST. SANTA MARIA. 64012-320 Teresina - PI.
22142800;CMEI REBECA RIBEIRO NOGUEIRA;-5.13673298;-42.75202248;infantil|fundamental_i;municipal;ativa;geral;nao;RESIDENCIAL SIDENCIAL NOVA ALEGRIA, Q25 N 6460 NOVA ALEG. SANTO ANTONIO. 64000-180 Teresina - PI.
22108459;CMEI RENATINHA;-5.14955381;-42.78400267;infantil;municipal;ativa;geral;nao;AVENIDA DEPUTADO ULISSES GUIMARAES - LADO IMPAR, 2121 PROMORAR. 64027-330 Teresina - PI.
22244700;CMEI ROSEANA MARIA MARTINS DE LIMA;-5.04669644;-42.74573705;infantil;municipal;ativa;geral;nao;RUA PROFESSOR FLAVIO TEIXEIRA DE ABREU, 5533 RUA CANAVIEIRA. VALE QUEM TEM. 64057-158 Teresina - PI.
22290710;CMEI RUTH CORREIA LEITE CARDOSO;-5.19298500;-42.78290833;infantil|fundamental_i;municipal;ativa;geral;nao;AVENIDA SANTA MADRE PAULINA, 2300 ANGELIM. 64040-605 Teresina - PI.
22142428;CMEI SANTA BARBARA;-5.04379421;-42.72981241;infantil|fundamental_i;municipal;ativa;geral;nao;RUA NOSSA SENHORA DAS GRACAS VL STA BARBARA, 7947 VILA SANTA BARB. VERDE LAR. 64071-570 Teresina - PI.
22108475;CMEI SANTA CRUZ;-5.15596650;-42.78851250;infantil;municipal;ativa;geral;nao;RUA D VL STA CRUZ, 7740 RUA D SANTA CR. SANTA CRUZ. 64028-818 Teresina - PI.
22140514;CMEI SANTA FRANCISCA CABRINI;-5.19588690;-42.76365120;infantil;municipal;ativa;geral;nao;RUA NOSSA SENHORA DO CARMO VL IMA DULCE, 4353 RUA APOSTOLO TA. ANGELIM. 64040-675 Teresina - PI.
22026703;CMEI SANTA MARIA;-5.05746190;-42.77997790;infantil|fundamental_i;municipal;ativa;geral;nao;RUA DEOCLECIO BRITO, 2390 PLANALTO ININGA. PLANALTO. 64050-050 Teresina - PI.
22121870;CMEI SANTA TERESINHA;-4.88446655;-42.73920423;infantil;municipal;ativa;geral;nao;RUA 02, S/N, S/N POV CAMPESTRE NORTE. CAMPESTRE NORTE. 64041-990 Teresina - PI.
22140484;CMEI TERESINHA DE JESUS E SILVA;-5.09501323;-42.72133872;infantil;municipal;ativa;geral;nao;RUA SAO RAIMUNDO, 1852 TODOS OS SANTOS. 64088-620 Teresina - PI.
22142975;CMEI THEREZA CHRISTINA;-5.08476520;-42.81323170;infantil;municipal;ativa;geral;nao;RUA BENJAMIN CONSTANT, 1642 PROXIMO AO IDB. CENTRO/NORTE. 64000-280 Teresina - PI.
22026665;CMEI TIA ANITA GAYOSO;-5.04849719;-42.81231449;infantil|fundamental_i;municipal;ativa;geral;nao;AVENIDA DUQUE DE CAXIAS, 4240 AGUA MINERAL. 64006-245 Teresina - PI.
22119469;CMEI TIA ANITA MORAIS DE BRITO;-5.17572970;-42.79069790;infantil;municipal;ativa;geral;nao;RUA PEDRO PORTELA, 1387 ANGELIM. 64034-360 Teresina - PI.
22022996;CMEI TIA EUTALIA;-5.10941225;-42.75843241;infantil;municipal;ativa;geral;nao;RUA CINQUENTA E QUATRO DIRCEU II, 3455 CJ DIRCEU II. ITARARE. 64078-198 Teresina - PI.
22108440;CMEI TIA FRANCISQUINHA;-5.16102152;-42.78706122;infantil|fundamental_i;municipal;ativa;geral;nao;RUA DOMINGOS ALVES DE HOLANDA, 3470 QUADRA 19 CJ S. SANTA CRUZ. 64028-770 Teresina - PI.
22026347;CMEI TIA GRACA NERI;-5.11925222;-42.80796921;infantil;municipal;ativa;geral;nao;RUA BENEDITINOS, SAO PEDRO. 64019-580 Teresina - PI.
22026363;CMEI TIA JANE;-5.05180820;-42.83796066;infantil;municipal;ativa;geral;nao;AVENIDA BOA ESPERANCA, 4998 SAO JOAQUIM. 64004-065 Teresina - PI.
22026193;CMEI TIA LULUZINHA;-5.04433470;-42.81237170;infantil;municipal;ativa;geral;nao;RUA JOSE MARQUES DA ROCHA, 3315 MEMORARE. 64009-100 Teresina - PI.
22026169;CMEI TIA LYGIA;-5.09569624;-42.79023811;infantil;municipal;ativa;geral;nao;AVENIDA HIGINO CUNHA, 1290 ILHOTAS. 64014-220 Teresina - PI.
22026142;CMEI TIA MONICA;-5.05271700;-42.83338000;infantil;municipal;ativa;geral;nao;RUA PRESIDENTE LINCOLN, 4792 RUA PRESIDENTE. SAO JOAQUIM. 64004-270 Teresina - PI.
22023143;CMEI TIA TANIA;-5.05215333;-42.81398333;infantil;municipal;ativa;geral;nao;RUA CRISTAL, 2865 REAL COPAGRI. 64007-320 Teresina - PI.
22143548;CMEI TOM JOBIM;-5.02430847;-42.74716265;infantil;municipal;ativa;geral;nao;LOTEAMENTO TEAMENTO MIRANTE DOS MORROS III, 5867 VIA ESTRUTURAL. VALE DO GAVIAO. 64069-290 Teresina - PI.
22130543;CMEI VILA MARIANA FORTES;-5.09876551;-42.76240082;infantil;municipal;ativa;geral;nao;RUA ANCHIETA, 2112 VILA MARIANA FO. ITARARE. 64078-255 Teresina - PI.
22291725;CMEI ZELIA GATTAI AMADO;-5.06231500;-42.82786833;infantil;municipal;ativa;geral;nao;RUA PEDRO BRITO, 1605 PARQUE ALVORADA. 64004-480 Teresina - PI.
22136398;COLEGIO ALSISTE;-5.06183300;-42.82774000;fundamental_i|fundamental_ii;privada;ativa;geral;nao;RUA PEDRO BRITO, 1635 ALVORADA. 64004-480 Teresina - PI.
22124888;COLEGIO CASTRO ALVES;-5.13264200;-42.79372000;infantil|fundamental_i|fundamental_ii;privada;ativa;geral;nao;RUA WASHINGTON LUIS, 1229 LOURIVAL PARENTE. 64023-350 Teresina - PI.
22214615;COLEGIO CHRISTUS;-5.04193200;-42.80809000;fundamental_i;privada;ativa;geral;nao;AVENIDA DUQUE DE CAXIAS, 5080 AGUA MINERAL. 64006-245 Teresina - PI.
22144811;COLEGIO CIVICO MILITAR BATALHA DO RIACHUELO;-5.08785315;-42.79768470;infantil|fundamental_i|fundamental_ii;privada;ativa;geral;nao;RUA OLAVO BILAC, 3000 CENTRO. 64001-280 Teresina - PI.
22138560;COLEGIO CPI;-5.08671648;-42.80657429;;privada;ativa;geral;nao;RUA DESEMBARGADOR PIRES DE CASTRO, 149 CENTRO. 64000-390 Teresina - PI.
22138889;COLEGIO CRISTINA MARIA DE JESUS;-4.98543500;-42.84226000;infantil|fundamental_i|fundamental_ii;privada;ativa;geral;nao;RUA FRANCISCO NUNES DA ROCHA, 1522 SANTA MARIA DA CODIPE. 64012-410 Teresina - PI.
22130810;COLEGIO DIOCESANO INFANTIL;-5.08821940;-42.82076990;infantil|fundamental_i;privada;ativa;geral;nao;BENJAMIN CONSTANT, 699 CENTRO. 64000-280 Teresina - PI.
22163409;COLEGIO E CURSO SECULUS;-5.09702300;-42.81197000;;privada;ativa;geral;nao;RUA SAO JOAO, 1100 CENTRO. 64001-360 Teresina - PI.
22142401;COLEGIO JESUS DE NAZARE;-5.05593200;-42.81904000;infantil|fundamental_i|fundamental_ii;privada;ativa;geral;nao;RUA GONCALVES LEDO, 2361 REAL COPAGRI. 64007-350 Teresina - PI.
22301739;COLEGIO JESUS REI;-5.10572100;-42.74476000;infantil|fundamental_i;privada;ativa;geral;nao;RUA CINCO LOTEAMENTO MANOEL EVANGELISTA, 5266 AO LADO RENASCENCA I. NOVO HORIZONTE. 64079-265 Teresina - PI.
22022406;COLEGIO LEROTE LTDA;-5.07227700;-42.77926000;infantil|fundamental_i|fundamental_ii;privada;ativa;geral;nao;RUA PROFESSOR ELIAS TORRES, 1020 SAO CRISTOVAO. 64052-160 Teresina - PI.
22131191;COLEGIO MADRE SAVINA;-5.07478400;-42.78611000;fundamental_i;privada;ativa;geral;nao;AVENIDA JOQUEI CLUBE, 1297 JOQUEI. 64049-240 Teresina - PI.
22022520;COLEGIO PEDROSA MAGALHAES;-5.09550800;-42.75704000;infantil|fundamental_i|fundamental_ii;privada;ativa;geral;nao;QUADRA DIRCEU ARCOVERDE-I, ITARARE. 64078-450 Teresina - PI.
22139397;COLEGIO PRO CAMPUS BABY;-5.10006300;-42.81223000;infantil;privada;ativa;geral;nao;RUA FIRMINO PIRES, 857 SUL. CENTRO. 64001-070 Teresina - PI.
22131027;COLEGIO PRO CAMPUS JUNIOR;-5.09856200;-42.81274000;fundamental_ii;privada;ativa;geral;nao;RUA RUI BARBOSA, 724 CENTRO. 64001-090 Teresina - PI.
22027173;COLEGIO PROCAMPUS;-5.09843400;-42.81272000;;privada;ativa;geral;nao;RUA RUI BARBOSA, 724 SUL. CENTRO. 64001-090 Teresina - PI.
22025715;COLEGIO PROPOSITO;-5.09926400;-42.81267000;fundamental_i|fundamental_ii;privada;ativa;geral;nao;RUA FIRMINO PIRES, 787 SUL. CENTRO. 64001-070 Teresina - PI.
22141693;COLEGIO PROPOSITO;-5.08449200;-42.79793000;;privada;ativa;geral;nao;RUA RUI BARBOSA, 799 ZONA SUL. CENTRO. 64001-090 Teresina - PI.
22142363;COLEGIO PROPOSITO;-5.07987000;-42.79151000;fundamental_i|fundamental_ii;privada;ativa;geral;nao;RUA DAS ORQUIDEAS, 830 JOQUEI. 64048-152 Teresina - PI.
22148809;COLEGIO SAGRA INTERATIVO;-5.09052400;-42.81502000;;privada;ativa;geral;nao;RUA COELHO RODRIGUES, 1573 CENTRO. 64000-080 Teresina - PI.
22022503;COLEGIO SAO FRANCISCO DE SALES;-5.09451000;-42.81239050;fundamental_i|fundamental_ii;privada;ativa;geral;nao;BARROSO, 363 ZONA SUL. CENTRO. 64001-130 Teresina - PI.
22141901;COLEGIO SAO JUDAS TADEU - DIRCEU;-5.09650800;-42.73794000;infantil|fundamental_i|fundamental_ii;privada;ativa;geral;nao;CONJUNTO REDONDA, 12 QUADRA 8. COLORADO. 64083-080 Teresina - PI.
22127151;COLEGIO SECULUS;-5.09706600;-42.81191000;fundamental_i|fundamental_ii;privada;ativa;geral;nao;RUA SAO JOAO, 1111 CENTRO. 64001-360 Teresina - PI.
22294724;COLEGIO SINTESE;-5.10260300;-42.73980000;infantil|fundamental_i|fundamental_ii;privada;ativa;geral;nao;CONJUNTO RENASCENCA I, 10/11 QUADRA 03. RENASCENCA 1. 64082-010 Teresina - PI.
22022864;COLEGIO TERESA DAVILA LTDA;-5.08226200;-42.81132000;infantil|fundamental_i;privada;ativa;geral;nao;AVENIDA CAMPOS SALES, 1930 CENTRO NORTE. 64000-300 Teresina - PI.
22026029;CONEXAO COLEGIO LTDA;-5.09854500;-42.79621000;fundamental_i|fundamental_ii;privada;ativa;geral;nao;RUA PADRE CICERO ROMAO, 461 PICARRA. 64016-285 Teresina - PI.
22143700;CPI AREA LEAO;-5.08590131;-42.81031325;infantil|fundamental_i|fundamental_ii;privada;ativa;geral;nao;RUA DOUTOR AREA LEAO, 410 CENTRO NORTE. 64001-310 Teresina - PI.
22141197;CPI SISTEMA DE ENSINO;-5.08618236;-42.79739624;fundamental_ii;privada;ativa;geral;nao;RUA HEITOR CASTELO BRANCO, 3090 FREI SERAFIM. 64001-560 Teresina - PI.
22214607;EDUCANDARIO ARCO IRIS LTDA;-5.18790200;-42.75081000;infantil|fundamental_i|fundamental_ii;privada;ativa;geral;nao;QUADRA J1, 5 CONJ PORTO ALEGRE. ESPLANADA. 64039-544 Teresina - PI.
22133631;EDUCANDARIO EMILIA FERREIRO;-5.10689000;-42.75696000;infantil|fundamental_i;privada;ativa;geral;nao;QUADRA DIRCEU ARCOVERDE-II QUADRA 204, 01 ITARARE. 64078-140 Teresina - PI.
22194606;EDUCANDARIO MARIA DE SENA;-4.98522100;-42.83559000;infantil|fundamental_i|fundamental_ii;privada;ativa;geral;nao;RUA FRANCISCO NUNES DA ROCHA, 2245 SANTA MARIA DA CODIPI. 64012-410 Teresina - PI.
22023453;EDUCANDARIO MENINO JESUS;-5.10305400;-42.75371000;infantil|fundamental_ii;privada;ativa;geral;nao;QUADRA 53 DIRCEU ARCOVERDE I, C 06 DIRCEU ARCOVERDE I. 64077-150 Teresina - PI.
22139834;EDUCANDARIO NOSSA SENHORA DOS REMEDIOS;-5.01641100;-42.77696000;infantil|fundamental_i|fundamental_ii;privada;ativa;geral;nao;RUA VEREADOR JOEL LOUREIRO, 7696 VILA NOVA. PEDRA MOLE. 64066-050 Teresina - PI.
22300716;EDUCANDARIO PEQUENO ESPACO;-5.09811100;-42.79466000;infantil|fundamental_i;privada;ativa;geral;nao;AV ABDIAS NEVES, 1115 PICARRA. 64014-300 Teresina - PI.
22023640;EDUCANDARIO SANTA MARIA;-5.09187400;-42.81579000;fundamental_i|fundamental_ii;privada;ativa;geral;nao;RUA ALVARO MENDES, 1988 CENTRO. CENTRO. 64000-060 Teresina - PI.
22023658;EDUCANDARIO SANTA MARIA GORETTI;-5.09617340;-42.80976160;infantil|fundamental_i|fundamental_ii;privada;ativa;geral;nao;RUA SAO JOAO, 1386 CENTRO. 64001-360 Teresina - PI.
22106804;EDUCANDARIO VITORIA REGIA;-5.04161003;-42.74984549;;privada;paralisada;geral;nao;RUA DEZENOVE, 4765 PORTO DO CENTRO. VILA BANDEIRANTE. 64057-610 Teresina - PI.
22136657;EM BARJAS NEGRI;-5.09412378;-42.73850226;fundamental_i|fundamental_ii;municipal;ativa;geral;nao;RUA FISCAL ENOCH SOARES, 1000 COLORADO. 64083-200 Teresina - PI.
22022031;EM CAMPESTRE NORTE;-4.88472702;-42.73947623;fundamental_i;municipal;ativa;geral;nao;CAIXA POSTAL COMUNITARIA ESTRADA TERESINA/FAZENDA NOVA, RURAL. 64041-990 Teresina - PI.
22124616;EM CASA MEIO NORTE;-5.03629667;-42.74515333;fundamental_i;municipal;ativa;geral;nao;RUA LUIZ LOPES SOBRINHO - LADO IMPAR, 5659 RUA PARDAL - CI. VALE DO GAVIAO. 64069-400 Teresina - PI.
22028072;EM DEPUTADO ANTONIO GAYOSO;-5.06110536;-42.83068289;fundamental_ii;municipal;ativa;geral;nao;RUA RUI BARBOSA ZONA NORTE - LADO IMPAR, 3809 SAO JOAQUIM. 64005-355 Teresina - PI.
22138722;EM GOVERNADOR CHAGAS RODRIGUES;-4.99553330;-42.83219670;fundamental_i|fundamental_ii;municipal;ativa;geral;nao;RUA A JOSE WILSON RIBEIRO RES FRANCISCA TRINDADE, 4151 RUA JOSE WILSON. SANTA MARIA. 64012-352 Teresina - PI.
22140336;EM HINDEMBURGO DOBAL;-5.17203280;-42.77403380;fundamental_i|fundamental_ii;municipal;ativa;geral;nao;RUA DENTISTA ACILINO LEITE CJ M COVAS, 0 QD PRINCIPAL DO. ANGELIM. 64034-626 Teresina - PI.
22134956;EM JORNALISTA JOAO EMILIO FALCAO;-5.15073533;-42.75557001;fundamental_i|fundamental_ii;municipal;ativa;geral;nao;QUADRA ADRA 20 CJ V V SOL, 4085 RUA FRANCISCO SOUSA. SANTO ANTONIO. 64033-550 Teresina - PI.
22026738;EM LEA LEAL;-5.04990945;-42.75977880;fundamental_i;municipal;ativa;geral;nao;AVENIDA GIOVANE PRADO, 3730 SATELITE. 64059-250 Teresina - PI.
22026754;EM LUNALVA COSTA;-5.11040563;-42.76064775;fundamental_i|fundamental_ii;municipal;ativa;geral;nao;RUA CINQUENTA E QUATRO DIRCEU II, 3311 ITARARE. 64078-198 Teresina - PI.
22137769;EM MARIO FAUSTINO;-5.01197833;-42.77914833;fundamental_ii;municipal;ativa;geral;nao;CONJUNTO HABITAR BRASIL, RUA RAIMUNDO ALVES DE CARVALHO, 1930 QUADRA G. PEDRA MOLE. 64065-020 Teresina - PI.
22314733;EM MARIO QUINTANA;-5.11552004;-42.76348903;fundamental_i;municipal;ativa;geral;nao;CONJUNTO RESIDENCIAL FORTES, 962 RUA PROF VIVEIROS. COMPRIDA. 64076-115 Teresina - PI.
22024697;EM MASCARENHAS DE MORAIS;-5.09210675;-42.79057173;fundamental_i|fundamental_ii;municipal;ativa;geral;nao;RUA JOSE OMMATTI, 1345 ILHOTAS. 64015-050 Teresina - PI.
22027270;EM MOACI MADEIRA CAMPOS;-5.02612496;-42.80423339;fundamental_i|fundamental_ii;municipal;ativa;geral;nao;RUA DEAN RUSK ANDRADE, 4726 RUA DO CONJ QD-. MOCAMBINHO. 64010-780 Teresina - PI.
22121285;EM PADRE ANGELO IMPERIALLI;-5.06201310;-42.75168186;fundamental_i|fundamental_ii;municipal;ativa;geral;nao;ADRO PRESIDENTE JANIO QUADROS, 1891 SANTA LIA - VIL. SANTA LIA. 64058-780 Teresina - PI.
22022082;EM PARQUE PIAUI;-5.14707500;-42.79372000;fundamental_i|fundamental_ii;municipal;ativa;geral;nao;AVENIDA HENRY WALL DE CARVALHO - LADO IMPAR, 6709 AV HENRY WALL D. PARQUE PIAUI. 64025-590 Teresina - PI.
22144358;EM PROFESSOR OLIMPIO CASTRO DE OLIVEIRA;-5.02573839;-42.74228860;fundamental_ii;municipal;ativa;geral;nao;RESIDENCIAL SIDENCIAL VIDA VIVA, 6395 RUA DR JUVENAL. VALE DO GAVIAO. 64069-125 Teresina - PI.
22143319;EM PROFESSOR UBIRACI CARVALHO;-5.09112913;-42.73464226;fundamental_ii;municipal;ativa;geral;nao;RUA RITMISTA ORLANDO NASCIMENTO A RESSURREICAO, 7050 RES FREI DAMIA. GURUPI. 64090-295 Teresina - PI.
22124144;EM PROFESSORA ALDA RODRIGUES NEIVA;-5.00426167;-42.78125000;fundamental_i;municipal;ativa;geral;nao;RUA SANTA FILOMENA, 8480 RUA SANTA FILOM. TABAJARAS. 64067-305 Teresina - PI.
22251723;EM VINICIUS DE MORAES;-5.10602071;-42.73131458;fundamental_i;municipal;ativa;geral;nao;JARDIM JARDIM DOS PASSAROS, 6603 RUA HUMBERTO BRONCA. SAO SEBASTIAO. 64085-150 Teresina - PI.
22023828;ESC DE EDUC ESP PROFA CONSUELO PINHEIRO - APAE;-5.07944900;-42.80541000;fundamental_i;privada;ativa;exclusivo_deficiencia;nao;RUA FRANCISCO MENDES, 290 CABRAL. 64000-780 Teresina - PI.
22025251;ESC PRINCIPE ENCANTADO;-5.07715200;-42.82121000;infantil|fundamental_i;privada;ativa;geral;nao;AVENIDA SANTOS DUMONT, 276 VILA OPERARIA. 64002-200 Teresina - PI.
22137335;ESCOLA CASA DO SILENCIO;-5.08298400;-42.82043000;;privada;ativa;sem_escolarizacao;sim;RUA JONATAS BATISTA, 1159 PROXIMO AO VERDAO. CENTRO NORTE. 64000-400 Teresina - PI.
22025383;ESCOLA CIDADAO CIDADA;-5.08355700;-42.80064000;infantil|fundamental_i|fundamental_ii;privada;ativa;geral;nao;RUA OSVALDO CRUZ, 3065 CABRAL. 64000-540 Teresina - PI.
22023798;ESCOLA CONSELHEIRO SARAIVA;-5.14723100;-42.79491000;infantil|fundamental_i|fundamental_ii;privada;ativa;geral;nao;RUA D, 840 LOTE 122/123. DISTRITO INDUSTRIAL. 64025-050 Teresina - PI.
22023810;ESCOLA DE EDUCACAO BASICA E PROFISSIONAL EMBAIXADOR ESPEDITO DE FREITAS RESENDE;-5.10519050;-42.76584490;infantil|fundamental_i|fundamental_ii;privada;ativa;geral;nao;RUA DR. CLIDENOR DE FREITAS, 2397 RUA 68 S/Nº. ITARARE. 64077-015 Teresina - PI.
22025391;ESCOLA DOM BOSCO;-5.07829400;-42.78678000;infantil|fundamental_i|fundamental_ii;privada;ativa;geral;nao;RUA PROFESSOR ELIAS TORES, 137 JOQUEI. 64049-120 Teresina - PI.
22141103;ESCOLA MAE RAINHA;-5.06967400;-42.83274000;infantil|fundamental_i;privada;ativa;geral;nao;RUA MINAS GERAIS, 411 MATADOURO. 64003-850 Teresina - PI.
22130756;ESCOLA MARISTA CHAMPAGNAT TERESINA;-4.98806000;-42.84183000;;privada;ativa;geral;nao;AVENIDA MINISTRO SERGIO MOTA, SANTA MARIA. 64012-780 Teresina - PI.
22026550;ESCOLA MUNICIPAL ALTINA CASTELO BRANCO;-5.10528822;-42.74994549;fundamental_i;municipal;ativa;geral;nao;RUA ADAO MEDEIROS SOARES, 2945 PARQUE IDEAL. 64078-650 Teresina - PI.
22027785;ESCOLA MUNICIPAL AMBIENTAL 15 DE OUTUBRO;-5.05605523;-42.81175389;fundamental_i|fundamental_ii;municipal;ativa;geral;nao;AVENIDA DUQUE DE CAXIAS, 3470 PARQUE DA CIDADE. PRIMAVERA. 64006-245 Teresina - PI.
22023909;ESCOLA MUNICIPAL ANGELIM;-5.17566614;-42.78940406;fundamental_i|fundamental_ii;municipal;ativa;geral;nao;RUA PEDRO PORTELA, 1345 RUA B. ANGELIM. 64034-360 Teresina - PI.
22023917;ESCOLA MUNICIPAL ANGOLA;-5.20868694;-42.71166359;infantil|fundamental_i|fundamental_ii;municipal;ativa;geral;nao;POVOADO ANGOLA S/N, POVOADO ANGOLA - AREA RURAL DE TERESINA. 64099-899 Teresina - PI.
22025421;ESCOLA MUNICIPAL ANTONIO DILSON FERNANDES;-5.05149972;-42.83806149;fundamental_i|fundamental_ii;municipal;ativa;geral;nao;RUA ALFERES DEODATO DA COSTA VELOSO, 243 AV BOA ESPERANCA. SAO JOAQUIM. 64005-453 Teresina - PI.
22023933;ESCOLA MUNICIPAL ANTONIO FERRAZ;-5.09533900;-42.72157330;fundamental_i|fundamental_ii;municipal;ativa;geral;nao;RUA SANTO ANTONIO, 1872 ESTRADA DA USIN. TODOS OS SANTOS. 64088-550 Teresina - PI.
22024239;ESCOLA MUNICIPAL ANTONIO LEONEZ;-5.20768252;-42.61431975;fundamental_i;municipal;ativa;geral;nao;AREA POVOADO CHAPADINHA SUDESTE, POVOADO CHAPADINHA. AREA RURAL DE TERESINA. 64000-180 Teresina - PI.
22023950;ESCOLA MUNICIPAL ANTONIO TERTO;-4.87998390;-42.78799811;fundamental_ii;municipal;ativa;geral;nao;RODOVIA PI 112 - ESTRADA SAO VICENTE, POVOADO MARAMBA. ZONA RURAL. 64065-990 Teresina - PI.
22024204;ESCOLA MUNICIPAL AREIAS;-5.15743397;-42.79614704;fundamental_i|fundamental_ii;municipal;ativa;geral;nao;AVENIDA HENRY WALL DE CARVALHO - LADO IMPAR, 7791 AV HENRY WALL D. AREIAS. 64027-690 Teresina - PI.
22023968;ESCOLA MUNICIPAL AREOLINO LEONCIO DA SILVA;-5.25109401;-42.67047241;fundamental_ii;municipal;ativa;geral;nao;AREA POVOADO BOQUINHA, S/N POVOADO BOQUINHA. AREA RURAL DE TERESINA. 64000-180 Teresina - PI.
22023976;ESCOLA MUNICIPAL ARTHUR MEDEIROS CARNEIRO;-5.16236801;-42.68882176;fundamental_i|fundamental_ii;municipal;ativa;geral;nao;AVENIDA PROFESSOR CAMILO FILHO, GURUPI. 64091-095 Teresina - PI.
22023992;ESCOLA MUNICIPAL AURINO NUNES;-4.92903151;-42.85565562;infantil|fundamental_i|fundamental_ii;municipal;ativa;geral;nao;RUA JOAO ISIDORO FRANCA, POVOADO BELA VI. POTI VELHO. 64008-010 Teresina - PI.
22024000;ESCOLA MUNICIPAL BAIXAO DO CARLOS;-4.96638500;-42.74735170;infantil|fundamental_i|fundamental_ii;municipal;ativa;geral;nao;AREA VOADO BAIXAO DO CARLOS, PI 112. AREA RURAL DE TERESINA. 64000-180 Teresina - PI.
22027955;ESCOLA MUNICIPAL BEZERRA DE MENEZES;-5.07040000;-42.82686500;fundamental_i;municipal;ativa;geral;nao;RUA RUI BARBOSA ZONA NORTE, 2715 RUA RUI BARBOSA. ACARAPE. 64002-105 Teresina - PI.
22024212;ESCOLA MUNICIPAL BOM PRINCIPIO;-5.12571333;-42.70895167;fundamental_i;municipal;ativa;geral;nao;AVENIDA PROFESSOR CAMILO FILHO - DE 12 AO FIM, 7211 BOM PRINCIPIO. 64095-080 Teresina - PI.
22024069;ESCOLA MUNICIPAL CACIMBA VELHA;-4.94958654;-42.69375958;fundamental_ii;municipal;ativa;geral;nao;POVOADO VOADO CACIMBA VELHA, 0 CACIMBA VELHA. 64057-990 Teresina - PI.
22024077;ESCOLA MUNICIPAL CAJAZEIRAS;-4.90584000;-42.82579000;fundamental_i;municipal;ativa;geral;nao;RODOVIA O VICENTE DE CIMA, 0 POVOADO CAJAZEIRAS. SAO VICENTE DE BAIXO. 64065-990 Teresina - PI.
22022163;ESCOLA MUNICIPAL CENTRO DOS AFONSINHOS;-5.15488237;-42.62294189;infantil|fundamental_i|fundamental_ii;municipal;ativa;geral;nao;AREA RURAL - LOCALIDADE CENTRO DOS AFONSINHOS, S/N ZONA RURAL SUDESTE. AREA RURAL DE TERESINA. 64099-899 Teresina - PI.
22250727;ESCOLA MUNICIPAL CLIDENOR DE FREITAS SANTOS;-5.00263975;-42.82771002;fundamental_ii;municipal;ativa;geral;nao;RUA PROFESSORA MARIA DA LUZ PRQ BRASIL III, 2225 RUA 06 PARQUE. PARQUE BRASIL. 64012-010 Teresina - PI.
22024131;ESCOLA MUNICIPAL CLODOALDO FREITAS;-5.02209260;-42.78553940;infantil|fundamental_i|fundamental_ii;municipal;ativa;geral;nao;AVENIDA DOUTOR JOSUE DE MOURA SANTOS, 1553 PEDRA MOLE. 64066-430 Teresina - PI.
22119264;ESCOLA MUNICIPAL CONSELHEIRO SARAIVA;-4.89236579;-42.87810583;fundamental_i|fundamental_ii;municipal;ativa;geral;nao;AREA POVOADO BOA HORA, S/N EIXO BOM FUTURO. POVOADO BOA HORA. 64000-180 Teresina - PI.
22024140;ESCOLA MUNICIPAL CORACAO DE JESUS;-4.90821929;-42.70705562;infantil|fundamental_i|fundamental_ii;municipal;ativa;geral;nao;AREA POVOADO CAJAIBA, 0 SN. AREA RURAL DE TERESINA. 64000-180 Teresina - PI.
22024158;ESCOLA MUNICIPAL CORONEL BOA VISTA;-5.56137100;-42.86246000;fundamental_i|fundamental_ii;municipal;ativa;geral;nao;POVOADO VOADO FAZENDA NOVA, 0 RURAL SUL. POVOADO FAZENDA NOVA. 64000-180 Teresina - PI.
22024166;ESCOLA MUNICIPAL CORONEL PEDRO BORGES;-5.11238190;-42.63329288;infantil|fundamental_i|fundamental_ii;municipal;ativa;geral;nao;LOTEAMENTO INA SANTANA, SANTA ISABEL SA. SANTANA. 64000-180 Teresina - PI.
22108300;ESCOLA MUNICIPAL DELFINA BORRALHO BOA VISTA;-5.00931045;-42.77485776;fundamental_i|fundamental_ii;municipal;ativa;geral;nao;RUA MIRANDIRA, 8065 RUA 3 PQ ANITA. PEDRA MOLE. 64066-540 Teresina - PI.
22115633;ESCOLA MUNICIPAL DELMIRA COELHO MACHADO;-5.03889309;-42.80627617;fundamental_i|fundamental_ii;municipal;ativa;geral;nao;RUA BOM JESUS, 4048 RUA BOM JESUS. BUENOS AIRES. 64009-215 Teresina - PI.
22024301;ESCOLA MUNICIPAL DEOCLECIO CARVALHO;-4.93894833;-42.63512833;infantil|fundamental_i|fundamental_ii;municipal;ativa;geral;nao;CAIXA POSTAL COMUNITARIA RODOVIA PI 113, KM 16, 64059-990 Teresina - PI.
22024328;ESCOLA MUNICIPAL DEPUTADO FRANCILIO ALMEIDA;-5.04635000;-42.75242833;fundamental_i|fundamental_ii;municipal;ativa;geral;nao;RUA DOM BOSCO, 4121 VILA BANDEIRANTE. SATELITE. 64059-370 Teresina - PI.
22140328;ESCOLA MUNICIPAL DEPUTADO HUMBERTO REIS DA SILVEIRA;-5.09235199;-42.73083942;fundamental_i;municipal;ativa;geral;nao;LOTEAMENTO QUATRO LOTEAMENTO VITORIA, 1514 RUA 2 LOTEAMENT. GURUPI. 64090-320 Teresina - PI.
22128670;ESCOLA MUNICIPAL DOM HELDER CAMARA;-5.19020164;-42.77383869;fundamental_i|fundamental_ii;municipal;ativa;geral;nao;RUA SANTA FRANCISCA CABRINE VL IMA DULCE, 0 VILA IRMA DULCE. ANGELIM. 64040-315 Teresina - PI.
22235604;ESCOLA MUNICIPAL DOM MIGUEL CAMARA;-5.07330890;-42.79496960;infantil|fundamental_i;municipal;ativa;geral;nao;AVENIDA ININGA, 900 FATIMA. 64049-538 Teresina - PI.
22024344;ESCOLA MUNICIPAL DOMINGOS AFONSO MAFRENSE;-5.04129480;-42.83160360;fundamental_i|fundamental_ii;municipal;ativa;geral;nao;RUA CARTEIRO PINTASSILGO, 1032 MAFRENSE. 64005-690 Teresina - PI.
22024522;ESCOLA MUNICIPAL DONA IZABEL PEREIRA;-5.07466667;-42.62635500;infantil|fundamental_i;municipal;ativa;geral;nao;POVOADO ATALAIA, BR 343 KM 20. POVOADO ATALAIA. 64000-180 Teresina - PI.
22134964;ESCOLA MUNICIPAL ELIAS XIMENES DO PRADO JUNIOR;-5.05433166;-42.75586143;fundamental_i;municipal;ativa;geral;nao;AVENIDA JANGO, RESIDENCIAL NOVA TERESINA, 7115 AROEIRAS. 64011-770 Teresina - PI.
22027645;ESCOLA MUNICIPAL ESTHER COUTO;-5.14642450;-42.78755440;fundamental_i;municipal;ativa;geral;nao;PARQUE ADRA PARQUE PIAUI - DE 100101 A 100101, 22222 PARQUE PIAUI. 64025-370 Teresina - PI.
22022058;ESCOLA MUNICIPAL EURIPEDES DE AGUIAR;-5.07292776;-42.81337806;fundamental_ii;municipal;ativa;geral;nao;, 1825 MARQUES. 64002-470 Teresina - PI.
22024379;ESCOLA MUNICIPAL EXTREMA;-5.11904030;-42.76166040;fundamental_i|fundamental_ii;municipal;ativa;geral;nao;AVENIDA SAO FRANCISCO - DE 12 A 9999899999, 3165 EXTREMA. 64076-450 Teresina - PI.
22024387;ESCOLA MUNICIPAL FAZENDA SOARES;-4.91494200;-42.81306710;infantil|fundamental_i|fundamental_ii;municipal;ativa;geral;nao;AREA 112 LOCALIDADE FAZENDA SOARES, 0 PI 112 LOCALIDA. AREA RURAL DE TERESINA. 64099-899 Teresina - PI.
22024417;ESCOLA MUNICIPAL FRANCISCO PRADO;-5.04885862;-42.75921763;fundamental_ii;municipal;ativa;geral;nao;RUA MERCURIO, SATELITE. 64059-120 Teresina - PI.
22024441;ESCOLA MUNICIPAL GALILEU VELOSO;-5.03997833;-42.82318000;fundamental_i;municipal;ativa;geral;nao;ALTO ALTO LONGA, 5471 ALTO ALEGRE. 64008-090 Teresina - PI.
22142398;ESCOLA MUNICIPAL GRACILIANO RAMOS;-5.18543810;-42.74135000;fundamental_i|fundamental_ii;municipal;ativa;geral;nao;RUA DOIS, 6295 ESQUINA COM A RUA 1. PORTAL DA ALEGRIA. 64037-035 Teresina - PI.
22024468;ESCOLA MUNICIPAL GURUPA DE BAIXO;-4.96363605;-42.76895719;infantil|fundamental_i|fundamental_ii;municipal;ativa;geral;nao;POVOADO GURUPA DE BAIXO, CAIXA POSTAL COMUNITARIA PI 112, S/N, S/N POV GURUPA DE BAIXO. RURAL LESTE. 64067-991 Teresina - PI.
22024506;ESCOLA MUNICIPAL HERMELINDA DE CASTRO;-4.90859962;-42.79023189;fundamental_ii;municipal;ativa;geral;nao;RODOVIA O VICENTE, ROD PI 112 KM 2. SAO VICENTE. 64065-990 Teresina - PI.
22028374;ESCOLA MUNICIPAL IOLANDA RAULINO;-5.03766129;-42.83017934;fundamental_i|fundamental_ii;municipal;ativa;geral;nao;ALAMEDA DOMINGOS AFONSO MAFRENSE, 6581 MAFRENSE. 64004-770 Teresina - PI.
22024514;ESCOLA MUNICIPAL IRMA DULCE;-5.15646830;-42.76733740;fundamental_i;municipal;ativa;geral;nao;RUA SAO FRANCISCO VL S FCO, 3425 VILA SAO FRANCISCO. SANTO ANTONIO. 64032-310 Teresina - PI.
22024530;ESCOLA MUNICIPAL JOAO PAULO I;-5.13867570;-42.73175930;fundamental_i|fundamental_ii;municipal;ativa;geral;nao;RUA CELSO PINHEIRO SN - SAO LOURENCO, POVOADO ALEGRIA. ALEGRIA. 64039-990 Teresina - PI.
22024549;ESCOLA MUNICIPAL JOAQUIM MARINHO DE MACEDO;-4.92810167;-42.76674333;infantil|fundamental_i;municipal;ativa;geral;nao;POVOADO VOADO SANTA LUZ, 397 RUA PRINCIPAL. SANTA LUZ. 64000-180 Teresina - PI.
22024557;ESCOLA MUNICIPAL JOCA VIEIRA;-5.05218200;-42.68437000;fundamental_i|fundamental_ii;municipal;ativa;geral;nao;RODOVIA DOVIA PI 113 KM 16, PI 113 KM 03. ESTACA ZERO. 64059-990 Teresina - PI.
22142860;ESCOLA MUNICIPAL JORNALISTA DEOCLECIO DANTAS;-5.03051984;-42.73870563;fundamental_i|fundamental_ii;municipal;ativa;geral;nao;RUA PROJETADA, 6349 CJ REDISENCIAL. VALE DO GAVIAO. 64069-010 Teresina - PI.
22024565;ESCOLA MUNICIPAL JOSE AUTO DE ABREU;-5.11560167;-42.81099333;fundamental_i|fundamental_ii;municipal;ativa;geral;nao;RUA PIO IX, 2570 SAO PEDRO. VERMELHA. 64018-230 Teresina - PI.
22024573;ESCOLA MUNICIPAL JOSE IVAN FILHO;-4.96372232;-42.79220654;infantil|fundamental_i;municipal;ativa;geral;nao;POVOADO VOADO CANAA, SOCOPO. POVOADO CANAA. 64000-180 Teresina - PI.
22028510;ESCOLA MUNICIPAL JOSE NELSON DE CARVALHO;-5.05970000;-42.82774000;fundamental_i;municipal;ativa;geral;nao;RUA BASILIO ALVES DE CARVALHO, 1909 PARQUE ALVORADA. 64004-470 Teresina - PI.
22144323;ESCOLA MUNICIPAL JULIO LOPES LIMA;-5.19306142;-42.73833112;fundamental_ii;municipal;ativa;geral;nao;AVENIDA JORNALISTA LINDBERG LEITE, 8765 PORTAL DA ALEGRIA. 64037-045 Teresina - PI.
22024620;ESCOLA MUNICIPAL LAURINDO DE CASTRO;-4.89896000;-42.75026000;infantil|fundamental_i;municipal;ativa;geral;nao;POVOADO VOADO FAZENDA BOQUEIRAO, 0 POVOADO BOQUEIRAO. 64000-180 Teresina - PI.
22024930;ESCOLA MUNICIPAL LINDAMIR LIMA;-5.04899460;-42.76372200;fundamental_i|fundamental_ii;municipal;ativa;geral;nao;RUA TALMA IRAN LEAL - LADO IMPAR, 3840 SATELITE. 64059-110 Teresina - PI.
22024646;ESCOLA MUNICIPAL LUIS FORTES;-5.12911263;-42.79034220;fundamental_i;municipal;ativa;geral;nao;RUA DELFIM MOREIRA, 1345 LOURIVAL PARENTE. 64023-280 Teresina - PI.
22108319;ESCOLA MUNICIPAL LYSANDRO TITO DE OLIVEIRA;-5.15911600;-42.76395000;fundamental_i|fundamental_ii;municipal;ativa;geral;nao;RUA C VL D MAZZA, 3930 PARQUE DAGMAR M. SANTO ANTONIO. 64032-475 Teresina - PI.
22163000;ESCOLA MUNICIPAL MACHADO DE ASSIS;-5.09811720;-42.73932260;fundamental_i|fundamental_ii;municipal;ativa;geral;nao;VILA PARIS, 2349 RUA 17 QD C. RENASCENCA. 64082-150 Teresina - PI.
22025111;ESCOLA MUNICIPAL MANOEL ALVES DE OLIVEIRA;-5.09258000;-42.65557167;fundamental_i|fundamental_ii;municipal;ativa;geral;nao;RODOVIA - 343 - KM 17, 0 POVOADO TABOCA DO PAU FERRADO. 64090-990 Teresina - PI.
22024662;ESCOLA MUNICIPAL MANOEL NOGUEIRA LIMA;-5.28019830;-42.72454500;fundamental_i|fundamental_ii;municipal;ativa;geral;nao;RODOVIA - 316 - KM 24, 0 BR 326 KM 22. POVOADO CHAPADINHA SUL. 64022-990 Teresina - PI.
22024689;ESCOLA MUNICIPAL MARIANO ALVES DE CARVALHO;-4.98658200;-42.84666000;fundamental_ii;municipal;ativa;geral;nao;AVENIDA POTI VELHO, 5760 SANTA MARIA. 64012-760 Teresina - PI.
22128689;ESCOLA MUNICIPAL MARIO COVAS;-5.08991202;-42.73691238;fundamental_i;municipal;ativa;geral;nao;AVENIDA ALCIRA RIBEIRO DE CARVALHO, 7009 RESIDENCIAL FRE. GURUPI. 64090-125 Teresina - PI.
22026207;ESCOLA MUNICIPAL MINHA CASA WANA SARA;-5.06626270;-42.82906070;fundamental_i;municipal;ativa;geral;nao;RUA RUI BARBOSA ZONA NORTE, 3542 MATADOURO. 64004-285 Teresina - PI.
22024972;ESCOLA MUNICIPAL MINISTRO RUBEN LUDWIG;-5.01425850;-42.77386960;fundamental_i;municipal;ativa;geral;nao;RUA VALINHOS, 7681 CIDADE JARDIM. 64066-345 Teresina - PI.
22022066;ESCOLA MUNICIPAL MOCAMBINHO;-5.03399623;-42.81879072;fundamental_ii;municipal;ativa;geral;nao;RUA LOURIVAL PEREIRA DA SILVA, 6000 MOCAMBINHO II. MOCAMBINHO. 64010-015 Teresina - PI.
22024719;ESCOLA MUNICIPAL MONSENHOR MATEUS RUFINO;-5.11785269;-42.77920080;fundamental_i|fundamental_ii;municipal;ativa;geral;nao;RUA SANTA MARTA PRQ RODOVIARIO, 1345 OU RUA 4 BAIRRO. CATARINA. 64023-715 Teresina - PI.
22164405;ESCOLA MUNICIPAL MONTEIRO LOBATO;-5.05234856;-42.83050932;fundamental_i|fundamental_ii;municipal;ativa;geral;nao;RUA SAO VALENTINO LOT 7 ESTRELAS, 7741 SETOR PALITOLAN. ANGELIM. 64040-060 Teresina - PI.
22024743;ESCOLA MUNICIPAL MURILO BRAGA;-5.07440333;-42.81301667;fundamental_i|fundamental_ii;municipal;ativa;geral;nao;RUA COELHO DE RESENDE, 1649 MARQUES. 64002-470 Teresina - PI.
22027580;ESCOLA MUNICIPAL MYRIAM PORTELLA NUNES;-5.13911500;-42.80148333;infantil|fundamental_i;municipal;ativa;geral;nao;RUA DESEMBARGADOR TOMAZ CAMPELO, 5763 AREA ESCOLA. SACI. 64020-345 Teresina - PI.
22024778;ESCOLA MUNICIPAL NOE ARAUJO FORTES;-5.04678598;-42.79059231;fundamental_i|fundamental_ii;municipal;ativa;geral;nao;RUA PROFESSOR MACHADO LOPES, 5042 ININGA. 64048-485 Teresina - PI.
22024786;ESCOLA MUNICIPAL NOE FORTES;-5.06191153;-42.78063276;fundamental_ii;municipal;ativa;geral;nao;AVENIDA JUIZ JOAO ALMEIDA, 2330 HORTO. 64052-880 Teresina - PI.
22141804;ESCOLA MUNICIPAL NOSSA SENHORA DA PAZ;-5.11386078;-42.78400369;fundamental_ii;municipal;ativa;geral;nao;RUA PIRACURUCA, 3146 VILA DA PAZ. TRES ANDARES. 64017-780 Teresina - PI.
22119442;ESCOLA MUNICIPAL NOSSA SENHORA DA PAZ INICIAL;-5.11379003;-42.78377104;fundamental_i;municipal;ativa;geral;nao;RUA PIRACURUCA, 3146 VILA DA PAZ. TRES ANDARES. 64017-780 Teresina - PI.
22024751;ESCOLA MUNICIPAL NOSSA SENHORA DO AMPARO;-4.97438167;-42.65176833;fundamental_i;municipal;ativa;geral;nao;POVOADO VOADO SANTA TERESA, LAGOA DE DENTRO. SANTA TERESA. 64000-180 Teresina - PI.
22024760;ESCOLA MUNICIPAL NOSSA SENHORA DO PERPETUO SOCORRO;-5.27468460;-42.80013368;fundamental_i|fundamental_ii;municipal;ativa;geral;nao;POVOADO CERAMICA CIL, S/N RUA 9. CERAMICA CIL. 64000-180 Teresina - PI.
22028722;ESCOLA MUNICIPAL NOVA BRASILIA;-5.05324060;-42.83000368;fundamental_i|fundamental_ii;municipal;ativa;geral;nao;RUA JOAO RAMALHO, 1182 NOVA BRASILIA. 64004-560 Teresina - PI.
22163204;ESCOLA MUNICIPAL ORLANDO GERALDO REGO DE CARVALHO;-5.11328030;-42.73675780;fundamental_i|fundamental_ii;municipal;ativa;geral;nao;RUA ANA HELENA BASILIO VL F FILHO, 573 RESIDENCIAL FIRMINO. PARQUE POTI. 64081-270 Teresina - PI.
22022074;ESCOLA MUNICIPAL PARQUE ITARARE;-5.10443345;-42.74930004;fundamental_i|fundamental_ii;municipal;ativa;geral;nao;RUA JORNALISTA ANTONIO DINIZ, 2834 JORN. ANTONIO DINIZ. PARQUE IDEAL. 64078-670 Teresina - PI.
22024255;ESCOLA MUNICIPAL PIRIPIRI;-5.28670000;-42.79799833;fundamental_i;municipal;ativa;geral;nao;RODOVIA DOVIA PI-130, POVOADO PIRIPIRI. ANGELIM. 64034-070 Teresina - PI.
22024824;ESCOLA MUNICIPAL PLANALTO ININGA;-5.05691630;-42.77977066;fundamental_i;municipal;ativa;geral;nao;RUA DEOCLECIO BRITO, 3015 PLANALTO. 64050-050 Teresina - PI.
22141588;ESCOLA MUNICIPAL POETA DA COSTA E SILVA;-4.97993855;-42.81290140;fundamental_i|fundamental_ii;municipal;ativa;geral;nao;RUA SANTINHA, 6155 AREA INST N 1. JACINTA ANDRADE. 64013-455 Teresina - PI.
22144943;ESCOLA MUNICIPAL PROF ANA VITORIA DE CARVALHO SANTOS;-5.19930822;-42.74306345;fundamental_ii;municipal;ativa;geral;nao;AVENIDA DESEMBARGADOR ALVARO BRANDAO, 9042 LT. PROF.WALL FERRAZ. PEDRA MIUDA. 64038-175 Teresina - PI.
22024840;ESCOLA MUNICIPAL PROFESSOR ALCIDES LEBRE;-5.11219693;-42.78219808;fundamental_i;municipal;ativa;geral;nao;RUA ODISSEIA, 1345 TRES ANDARES. 64016-715 Teresina - PI.
22024859;ESCOLA MUNICIPAL PROFESSOR ANTILHON RIBEIRO SOARES;-5.12928656;-42.78832980;fundamental_ii;municipal;ativa;geral;nao;RUA DELFIM MOREIRA, 1345 LOURIVAL PARENTE. 64023-280 Teresina - PI.
22024867;ESCOLA MUNICIPAL PROFESSOR BENJAMIM SOARES DE CARVALHO;-5.11623370;-42.79794995;fundamental_i;municipal;ativa;geral;nao;RUA LUIZ FERRAZ, 1345 VILA CONFIANCA. MACAUBA. 64016-055 Teresina - PI.
22024875;ESCOLA MUNICIPAL PROFESSOR DIDACIO SILVA;-5.13211000;-42.79294833;fundamental_i;municipal;ativa;geral;nao;RUA MARECHAL HERMES DA FONSECA, 5105 LOURIVAL PARENTE. 64022-150 Teresina - PI.
22024921;ESCOLA MUNICIPAL PROFESSOR ITAMAR DE SOUSA BRITO;-5.01491752;-42.77750602;fundamental_ii;municipal;ativa;geral;nao;RUA MACAE, 7461 CIDADE JARDIM. PEDRA MOLE. 64066-350 Teresina - PI.
22133720;ESCOLA MUNICIPAL PROFESSOR JOAO PORFIRIO DE LIMA CORDAO;-5.10160794;-42.73539911;fundamental_i|fundamental_ii;municipal;ativa;geral;nao;RUA IVANY VERAS, 2900 LOT RENASCENCA III. SAO SEBASTIAO. 64084-018 Teresina - PI.
22136665;ESCOLA MUNICIPAL PROFESSOR JOSE CAMILO DA SILVEIRA FILHO;-5.05532667;-42.73309833;fundamental_i|fundamental_ii;municipal;ativa;geral;nao;RUA VINTE E TRES LOT E URUGUAI, 3260 LT ESPLANADA DO. VALE QUEM TEM. 64057-501 Teresina - PI.
22028498;ESCOLA MUNICIPAL PROFESSOR JOSE CARLOS;-5.05232833;-42.81749833;fundamental_i|fundamental_ii;municipal;ativa;geral;nao;RUA BATALHA, REAL COPAGRE. 64007-600 Teresina - PI.
22124829;ESCOLA MUNICIPAL PROFESSOR JOSE GOMES CAMPOS;-4.98835667;-42.83085000;fundamental_ii;municipal;ativa;geral;nao;RUA CHICO CONRADO, 2525 PQ WALL FERRAZ. SANTA MARIA. 64012-590 Teresina - PI.
22121811;ESCOLA MUNICIPAL PROFESSOR MANOEL PAULO NUNES;-5.04389704;-42.74811345;fundamental_ii;municipal;ativa;geral;nao;AVENIDA ZEQUINHA FREIRE - LADO IMPAR, 4415 VILA MARIA. PORTO DO CENTRO. 64060-800 Teresina - PI.
22140344;ESCOLA MUNICIPAL PROFESSOR MARCILIO FLAVIO RANGEL DE FARIAS;-5.04486292;-42.73049100;fundamental_i|fundamental_ii;municipal;ativa;geral;nao;RUA SANTA BARBARA VL STA BARBARA, 2296 RUA SAO ADRIANO. VERDE LAR. 64071-440 Teresina - PI.
22026835;ESCOLA MUNICIPAL PROFESSOR NELSON DO AMARAL SOBREIRA;-5.13210780;-42.77504080;fundamental_i|fundamental_ii;municipal;ativa;geral;nao;RUA EGITO P B VISTA, 3291 BELA VISTA. 64031-125 Teresina - PI.
22025197;ESCOLA MUNICIPAL PROFESSOR OFELIO LEITAO;-5.18888600;-42.75575000;fundamental_ii;municipal;ativa;geral;nao;AVENIDA AYRTON SENA, 1345 PORTO ALEGRE. ESPLANADA. 64039-480 Teresina - PI.
22024808;ESCOLA MUNICIPAL PROFESSOR OSCAR OLIMPIO CAVALCANTE;-5.04596378;-42.74605301;fundamental_i|fundamental_ii;municipal;ativa;geral;nao;RUA DOUTOR MARIANO MENDES, 5602 CONJ TAQUARI B. VALE QUEM TEM. 64057-325 Teresina - PI.
22025170;ESCOLA MUNICIPAL PROFESSOR VALDEMAR SANDES;-5.14931200;-42.77664000;fundamental_i|fundamental_ii;municipal;ativa;geral;nao;RUA CURITIBA, 1345 SANTO ANTONIO. 64028-220 Teresina - PI.
22024352;ESCOLA MUNICIPAL PROFESSOR VALTER ALENCAR;-5.05363613;-42.73859479;fundamental_ii;municipal;ativa;geral;nao;RUA FARMACEUTICO RAUL BACELLAR, 3581 RUA PRINCIPAL. VALE QUEM TEM. 64057-440 Teresina - PI.
22024891;ESCOLA MUNICIPAL PROFESSORA ANA BUGYJA BRITO;-5.15685667;-42.78838000;fundamental_i|fundamental_ii;municipal;ativa;geral;nao;RUA ASSARE, 2316 SANTA CRUZ. 64028-560 Teresina - PI.
22024905;ESCOLA MUNICIPAL PROFESSORA CRISTINA EVANGELISTA;-5.11466200;-42.78919000;fundamental_i|fundamental_ii;municipal;ativa;geral;nao;RUA PIRACURUCA, 1345 VILA SAO JOSE D. TRES ANDARES. 64017-780 Teresina - PI.
22108297;ESCOLA MUNICIPAL PROFESSORA DARCY PEREIRA DE CARVALHO;-4.98661761;-42.83601705;fundamental_i|fundamental_ii;municipal;ativa;geral;nao;RUA CAXIAS, 5675 PQ WALL FERRAZ. SANTA MARIA. 64013-100 Teresina - PI.
22134972;ESCOLA MUNICIPAL PROFESSORA MARIA DO SOCORRO PEREIRA DA SILVA;-5.19384790;-42.76384410;fundamental_ii;municipal;ativa;geral;nao;QUADRA ADRA J CJ ESPLANADA, 4276 RES ESPALANADA. ANGELIM. 64040-780 Teresina - PI.
22024913;ESCOLA MUNICIPAL PROFESSORA THEREZA NORONHA;-5.06473763;-42.76122960;fundamental_i;municipal;ativa;geral;nao;AVENIDA JOAO ANTONIO LEITAO - LADO IMPAR, 4411 PICARREIRA I. PICARREIRA. 64055-400 Teresina - PI.
22133739;ESCOLA MUNICIPAL PROFESSORA ZORAIDE ALMEIDA;-5.17019833;-42.78924167;fundamental_i|fundamental_ii;municipal;ativa;geral;nao;RUA TERESA FERREIRA SOARES, 9350 ANGELIM. 64034-401 Teresina - PI.
22024948;ESCOLA MUNICIPAL RAIMUNDO ADAO;-4.94469650;-42.67640990;fundamental_i;municipal;ativa;geral;nao;VALE QUEM TEM - ESTRADA DA CACIMBA VELHA, 0 FAZENDA NOVA. 64041-990 Teresina - PI.
22024956;ESCOLA MUNICIPAL RAIMUNDO DE AREA LEAO MELO;-5.20333560;-42.79939250;;municipal;paralisada;geral;nao;POVOADO REMANSO, 0 PI 130 ROD PALM. AREA RURAL DE TERESINA. 64016-700 Teresina - PI.
22140310;ESCOLA MUNICIPAL RAIMUNDO NONATO MONTEIRO SANTANA;-5.18664810;-42.77843750;fundamental_ii;municipal;ativa;geral;nao;RUA NOSSA SENHORA APARECIDA VL IMA DULCE, 2811 ANGELIM. 64040-485 Teresina - PI.
22024964;ESCOLA MUNICIPAL RESIDENCIAL PEDRA MOLE;-5.01714012;-42.77776512;fundamental_i;municipal;ativa;geral;nao;CONJUNTO PEDRA MOLE, 2461 RUA 14. CIDADE JARDIM. 64066-000 Teresina - PI.
22121820;ESCOLA MUNICIPAL ROBERTO CERQUEIRA DANTAS;-5.00556640;-42.82340290;fundamental_i|fundamental_ii;municipal;ativa;geral;nao;RUA AMADEUS PAULO, 2720 VILA MONTE ALEG. SANTA MARIA. 64012-660 Teresina - PI.
22213600;ESCOLA MUNICIPAL ROSANGELA REIS;-5.15976842;-42.78534872;fundamental_i|fundamental_ii;municipal;ativa;geral;nao;QUADRA 12 CJ STA FE, 20 E 21 AREIAS CASA 20 E 21. SANTA CRUZ. 64028-876 Teresina - PI.
22138579;ESCOLA MUNICIPAL SANTA CLARA;-5.17621833;-42.76352500;fundamental_i|fundamental_ii;municipal;ativa;geral;nao;RUA LUIZA BARBOSA DE MIRANDA, 3750 SANTA CLARA. BRASILAR. 64035-480 Teresina - PI.
22025049;ESCOLA MUNICIPAL SANTA FE;-5.15976833;-42.78971000;fundamental_i|fundamental_ii;municipal;ativa;geral;nao;CONJUNTO SANTA FE, 1345 QD 1 BAIRRO A. SANTA CRUZ. 64000-180 Teresina - PI.
22025057;ESCOLA MUNICIPAL SANTA FILOMENA;-4.91776167;-42.78368667;fundamental_ii;municipal;ativa;geral;nao;POVOADO VOADO DOIS IRMAOS, PI 112 KM 18. POVOADO DOIS IRMAOS. 64000-180 Teresina - PI.
22025065;ESCOLA MUNICIPAL SANTA MARIA;-5.07301378;-42.73880145;fundamental_i;municipal;ativa;geral;nao;RUA PROFESSOR ANTONIO SANTOS ROCHA, 515 URUGUAI. 64073-630 Teresina - PI.
22022511;ESCOLA MUNICIPAL SANTA MARIA DA CODIPI;-4.98284620;-42.84290170;fundamental_i;municipal;ativa;geral;nao;RUA FRANCISCO MAGNOLIA, 1435 SANTA MARIA. 64012-470 Teresina - PI.
22025073;ESCOLA MUNICIPAL SANTA MARIA DAS VASSOURAS;-4.99198811;-42.84089433;fundamental_i|fundamental_ii;municipal;ativa;geral;nao;RUA TENENTE ARAUJO, 1374 VILA SANTA MARI. SANTA MARIA. 64012-570 Teresina - PI.
22025090;ESCOLA MUNICIPAL SANTA TERESA;-4.98578500;-42.64141903;fundamental_i|fundamental_ii;municipal;ativa;geral;nao;POVOADO VOADO SANTA TERESA, PRACA DA SANTA. SANTA TERESA. 64000-180 Teresina - PI.
22024999;ESCOLA MUNICIPAL SAO GERALDO;-4.94140421;-42.77011751;infantil|fundamental_i|fundamental_ii;municipal;ativa;geral;nao;RODOVIA 112, SOCOPO. 64000-180 Teresina - PI.
22025006;ESCOLA MUNICIPAL SAO JOSE;-5.18676803;-42.69547460;infantil|fundamental_i;municipal;ativa;geral;nao;ESTRADA DA ALEGRIA,S/N, S/N POVOADO CANTINHO DO SUL. 64039-990 Teresina - PI.
22024271;ESCOLA MUNICIPAL SAO SEBASTIAO;-5.10015470;-42.72244550;fundamental_i|fundamental_ii;municipal;ativa;geral;nao;RUA QUINZE DE NOVEMBRO, 2254 TODOS OS SANTOS. 64088-630 Teresina - PI.
22025022;ESCOLA MUNICIPAL SERAFIM;-5.23483667;-42.70586833;fundamental_i|fundamental_ii;municipal;ativa;geral;nao;AREA VOADO CHAPADINHA, POVOADO SERAFIM. AREA RURAL DE TERESINA. 64000-180 Teresina - PI.
22025030;ESCOLA MUNICIPAL SIMOES FILHO;-5.10100578;-42.78949363;fundamental_i|fundamental_ii;municipal;ativa;geral;nao;AVENIDA ABDIAS NEVES, 1520 CRISTO REI. 64015-300 Teresina - PI.
22024280;ESCOLA MUNICIPAL SOIM;-4.99961110;-42.73272162;infantil|fundamental_i;municipal;ativa;geral;nao;COMUNIDADE POVOADO SOINHO, SOCOPO. 64063-018 Teresina - PI.
22025120;ESCOLA MUNICIPAL TAPUIA;-4.96465075;-42.72998910;fundamental_i;municipal;ativa;geral;nao;COMUNIDADE POVOADO TAPUIA, 0 ESTRADA DA CAJAIBA. SOCOPO. 64063-015 Teresina - PI.
22025146;ESCOLA MUNICIPAL TEODORO MACHADO COELHO;-4.97968487;-42.69472325;fundamental_i;municipal;ativa;geral;nao;POVOADO TABOCAS, S/N ZONA RURAL - LESTE. 64057-990 Teresina - PI.
22025154;ESCOLA MUNICIPAL TIO BENTES;-5.03230556;-42.76781621;infantil|fundamental_i;municipal;ativa;geral;nao;AVENIDA AVIADOR ROSSINI MORADA LUNA, 3452, 3452 MORROS. 64062-200 Teresina - PI.
22025162;ESCOLA MUNICIPAL TOMAS DE OLIVEIRA LOPES;-5.23227611;-42.67514940;infantil|fundamental_i;municipal;ativa;geral;nao;POVOADO FORMOSA, FORMOSA SANTANA. POVOADO FORMOSA. 64000-180 Teresina - PI.
22137750;ESCOLA MUNICIPAL TORQUATO NETO;-5.10924731;-42.77201342;fundamental_i;municipal;ativa;geral;nao;RUA QUATRO, 1014 LOT. DARIO Q GALVAO. BEIRA RIO. 64075-505 Teresina - PI.
22128409;ESCOLA MUNICIPAL VELHO MONGE;-5.18295620;-42.75088020;fundamental_i;municipal;ativa;geral;nao;AVENIDA TRES LOT PORTO ALEGRE II, 7010 LOTEAMENTO PORT. BRASILAR. 64035-650 Teresina - PI.
22029214;ESCOLA MUNICIPAL VEREADOR JOSE OMMATI;-5.06334530;-42.76226830;fundamental_ii;municipal;ativa;geral;nao;RUA CAPITAO VANDERLEY, 2060 AVENIDA CAPITAO. PICARREIRA. 64056-640 Teresina - PI.
22025189;ESCOLA MUNICIPAL VEREADOR VIEIRA TORANGA;-5.02735600;-42.66540000;infantil|fundamental_i;municipal;ativa;geral;nao;PI 113 KM 04 - ZONA RURAL, S/N, S/N POVOADO SANTA RITA. RURAL. 64074-990 Teresina - PI.
22022252;ESCOLA PADRE ARRUPE;-5.18895300;-42.74724000;infantil|fundamental_i;privada;ativa;geral;nao;RUA PADRE CLAUDIO, 24 RES. MESTRE DEZINHO. PORTO ALEGRE. 64037-086 Teresina - PI.
22164219;ESCOLA POPULAR MADRE MARIA VILLAC;-5.00683600;-42.78167000;infantil|fundamental_i|fundamental_ii;privada;ativa;geral;nao;SANTA TERESINHA, 4481 SATELITE. 64059-140 Teresina - PI.
22025448;ESCOLA SANTA ANGELICA LTDA;-5.04863000;-42.81538000;fundamental_i|fundamental_ii;privada;ativa;geral;nao;AVENIDA UNIAO, 2853 MEMORARE. 64009-500 Teresina - PI.
22023771;ESCOLA SANTO AFONSO RODRIGUEZ;-5.00511500;-42.76058833;fundamental_i|fundamental_ii;privada;ativa;geral;nao;PRESIDENTE KENNEDY, 9000 SOCOPO. 64063-010 Teresina - PI.
22136800;ESCOLA SAO JOSE DE RIBAMAR;-5.14238700;-42.78525000;;privada;ativa;geral;nao;QUADRA 03 CASA 17, 17 AV JUAREZ TAVORA. PARQUE PIAUI. 64025-010 Teresina - PI.
22156801;ESCOLA TECNICA ESTADUAL DE TEATRO PROFESSOR JOSE GOMES CAMPOS;-5.08370000;-42.82138167;;estadual;ativa;geral;nao;RUA JONATAS BATISTA, 841 4 GRE CENTRO NORTE. CENTRO NORTE. 64000-400 Teresina - PI.
22143165;IFPI - CAMPUS AVANCADO DIRCEU ARCOVERDE;-5.09939814;-42.73876953;;federal;ativa;geral;nao;RUA DONA AMELIA RUBIM, S/N, RENASCENCA II, S/N RENASCENCA II. 64082-140 Teresina - PI.
22129553;IFPI - CAMPUS TERESINA CENTRAL;-5.08881100;-42.81097000;;federal;ativa;geral;nao;PRACA DA LIBERDADE, 1597 CENTRO. 64000-040 Teresina - PI.
22129405;IFPI - TERESINA ZONA SUL;-5.10225453;-42.81401045;;federal;ativa;geral;nao;AV. PEDRO FREITAS, 1020 VERMELHA. 64019-368 Teresina - PI.
22026037;INST EDUC SAO JOSE;-5.02803334;-42.81245977;infantil|fundamental_i|fundamental_ii;privada;ativa;geral;nao;AVENIDA JORNALISTA JOSIPIO LUSTOSA, 6918 MOCAMBINHO. 64010-790 Teresina - PI.
22026088;INST MAGISTER DE ENSINO;-5.06866100;-42.81319000;infantil|fundamental_i|fundamental_ii;privada;ativa;geral;nao;RUA PRIMEIRO DE MAIO, 2235 MARQUES DE PARANAGUA. 64002-510 Teresina - PI.
22146407;INSTITUTO EDUCACIONAL CRISTO;-5.12712600;-42.78591000;infantil|fundamental_i;privada;ativa;geral;nao;RUA FENELON SILVA, 2199 LOURIVAL PARENTE. 64065-020 Teresina - PI.
22131604;INSTITUTO FRATER DE ENSINO;-5.13698200;-42.79169000;infantil|fundamental_i;privada;ativa;geral;nao;RUA MARECHAL HERMES DA FONSECA, 5660 LOURIVAL PARENTE. 64022-150 Teresina - PI.
22138544;INSTITUTO SANTO AGOSTINHO;-5.10697200;-42.75941000;infantil|fundamental_i|fundamental_ii;privada;ativa;geral;nao;RUA YOLANDA RAULINO, 3978 ITARARE. 64078-271 Teresina - PI.
22142762;NAAH S - NUCLEO DE ATIVIDADES DE ALTAS HABILIDADES - SUPERDOTACAO;-5.12168200;-42.79961988;;estadual;ativa;sem_escolarizacao;nao;RUA HERMINIO CONDE, 1185 TABULETA. 64019-700 Teresina - PI.
22026843;SESC- CENTRO EDUC JOSE ALVES DE SOUSA NETO;-5.08785400;-42.80041000;infantil|fundamental_i;privada;ativa;geral;nao;RUA SANTA CATARINA, 285 FREI SERAFIM. 64001-530 Teresina - PI.
22027831;U E ANICOTA BURLAMAQUI;-5.11632425;-42.80202118;;estadual;paralisada;geral;nao;RUA ARLINDO NOGUEIRA, SN SUP CENTROSUL. MACAUBA. 64019-500 Teresina - PI.
22140352;U E ARTHUR MEDEIROS CARNEIRO;-5.16239690;-42.68891472;;estadual;paralisada;geral;nao;POVOADO SANTANA, SN REGIAO SUDESTE. JARDIM EUROPA. 64097-050 Teresina - PI.
22135561;U E CONSELHEIRO SARAIVA;-4.89210097;-42.87829095;;estadual;paralisada;geral;nao;POVOADO BOA HORA, SN 4 GRE CENTRO NORTE. ZONA RURAL. 64099-899 Teresina - PI.
22028315;U E GODOFREDO FREIRE;-5.09568529;-42.80241385;;estadual;paralisada;geral;nao;AV MIGUEL ROSA, SN CENTRO. PICARRA. 64023-350 Teresina - PI.
22027068;U E JOAO EMILIO FALCAO COSTA;-5.13614263;-42.77616984;;estadual;paralisada;geral;nao;RUA PADRE CICERO, 3996 SUP SUL. BELA VISTA. 64030-100 Teresina - PI.
22027548;U E MARECHAL RONDON;-5.08235700;-42.80285000;fundamental_ii;estadual;ativa;geral;nao;PROF JOSE AMAVEL, 413 SUP LESTE. CABRAL. 64000-550 Teresina - PI.
22108114;U E PROFA ROSANGELA REIS;-5.15972833;-42.78536333;;estadual;paralisada;geral;nao;CONJ SANTA FE Q 12 C 20 21, AREIAS. 64028-700 Teresina - PI.
22027092;U E PROFESSOR JOAO SOARES DA SILVA;-5.10377278;-42.80022972;fundamental_i|fundamental_ii;estadual;ativa;geral;nao;RUA ARIMATEIA TITO, SUP CENTRO. MONTE CASTELO. 64016-190 Teresina - PI.
22027238;U E PROFESSOR JOSE CAMILO DA SILVEIRA FILHO;-5.15856910;-42.77273126;fundamental_i|fundamental_ii;estadual;ativa;geral;nao;RUA INACIO COSTA FILHO, S/N SUP SUL. SANTO ANTONIO. 64029-330 Teresina - PI.
22029192;U E PROFESSOR TOMAZ AREA LEAO FILHO;-5.10946954;-42.78542632;;estadual;paralisada;geral;nao;RUA CHILE, SN SUP SUL. TRES ANDARES. 64017-570 Teresina - PI.
22135553;U E SANTA FILOMENA;-4.91764205;-42.78368365;;estadual;paralisada;geral;nao;POVOADO DOIS IRMAOS KM18, PI112 KM18 SUP NORDESTE. SOCOPO. 64018-900 Teresina - PI.
22029117;U E SINVAL DE CASTRO;-5.07817339;-42.81201659;fundamental_i;estadual;ativa;geral;nao;RUA LUCIDIO FREITAS, 2065 4 GRE CENTRO NORTE. MARQUES DE PARANAGUA. 64018-900 Teresina - PI.
22134310;U E TENENTE ARAUJO;-4.99217333;-42.84144000;fundamental_i;estadual;ativa;geral;nao;RUA TENENTE ARAUJO, 1278 4 GRE CENTRO NORTE. STA MARIA DAS VASSOURAS. 64012-570 Teresina - PI.
22026304;U E TERESINHA NUNES;-5.10371574;-42.80690806;;estadual;paralisada;geral;nao;RUA DAVID CALDAS, 1551 VERMELHA. 64018-670 Teresina - PI.
22022333;UFPI - COLEGIO TECNICO DE TERESINA;-5.04839512;-42.78243537;;federal;ativa;geral;nao;AVENIDA UNIVERSITARIA, SN UFPI. ININGA. 64049-550 Teresina - PI.
22116125;UNIDADE ESCOLAR CENECISTA DEPUTADO ATILA LIRA;-5.09857700;-42.72879000;fundamental_i|fundamental_ii;privada;ativa;geral;nao;AVENIDA NOE MENDES, 7060 SAO SEBASTIAO. 64084-015 Teresina - PI.
