codigo_ibge;nome;uf;uf_nome;populacao_2022;densidade_2022
1200013;Acrelândia;AC;Acre;14021;7.74
1200054;Assis Brasil;AC;Acre;8100;1.63
1200104;Brasiléia;AC;Acre;26000;6.62
1200138;Bujari;AC;Acre;12917;4.26
1200179;Capixaba;AC;Acre;10392;6.09
1200203;Cruzeiro do Sul;AC;Acre;91888;10.46
1200252;Epitaciolândia;AC;Acre;18757;11.35
1200302;Feijó;AC;Acre;35426;1.27
1200328;Jordão;AC;Acre;9222;1.72
1200344;Manoel Urbano;AC;Acre;11996;1.13
1200351;Marechal Thaumaturgo;AC;Acre;17093;2.09
1200336;Mâncio Lima;AC;Acre;19294;3.54
1200385;Plácido de Castro;AC;Acre;16560;8.48
1200807;Porto Acre;AC;Acre;16693;6.41
1200393;Porto Walter;AC;Acre;10735;1.67
1200401;Rio Branco;AC;Acre;364756;41.28
1200427;Rodrigues Alves;AC;Acre;14938;4.86
1200435;Santa Rosa do Purus;AC;Acre;6723;1.09
1200500;Sena Madureira;AC;Acre;41343;1.74
1200450;Senador Guiomard;AC;Acre;21454;9.25
1200609;Tarauacá;AC;Acre;43467;2.16
1200708;Xapuri;AC;Acre;18243;3.41
2700201;Anadia;AL;Alagoas;13966;75.03
2700300;Arapiraca;AL;Alagoas;234696;678.99
2700409;Atalaia;AL;Alagoas;37512;70.34
2700508;Barra de Santo Antônio;AL;Alagoas;16365;124.58
2700607;Barra de São Miguel;AL;Alagoas;7944;106.99
2700706;Batalha;AL;Alagoas;16448;52.07
2700904;Belo Monte;AL;Alagoas;5936;17.77
2700805;Belém;AL;Alagoas;4722;70.87
2701001;Boca da Mata;AL;Alagoas;21187;109.78
2701100;Branquinha;AL;Alagoas;9603;57.14
2701209;Cacimbinhas;AL;Alagoas;10482;37.21
2701308;Cajueiro;AL;Alagoas;16024;169.82
2701357;Campestre;AL;Alagoas;6665;101.12
2701407;Campo Alegre;AL;Alagoas;32106;102.66
2701506;Campo Grande;AL;Alagoas;8143;47.86
2701605;Canapi;AL;Alagoas;15559;25.81
2701704;Capela;AL;Alagoas;15032;57.00
2701803;Carneiros;AL;Alagoas;8999;80.57
2701902;Chã Preta;AL;Alagoas;5910;37.45
2702009;Coité do Nóia;AL;Alagoas;10810;121.79
2702108;Colônia Leopoldina;AL;Alagoas;15816;76.06
2702207;Coqueiro Seco;AL;Alagoas;5581;140.91
2702306;Coruripe;AL;Alagoas;50414;56.15
2702355;Craíbas;AL;Alagoas;25397;91.07
2702405;Delmiro Gouveia;AL;Alagoas;51318;81.65
2702504;Dois Riachos;AL;Alagoas;9805;69.23
2702553;Estrela de Alagoas;AL;Alagoas;15429;59.17
2702603;Feira Grande;AL;Alagoas;22712;129.11
2702702;Feliz Deserto;AL;Alagoas;3963;36.01
2702801;Flexeiras;AL;Alagoas;9618;28.82
2702900;Girau do Ponciano;AL;Alagoas;36102;70.31
2703007;Ibateguara;AL;Alagoas;13731;51.75
2703106;Igaci;AL;Alagoas;23995;71.77
2703205;Igreja Nova;AL;Alagoas;21372;50.11
2703304;Inhapi;AL;Alagoas;15167;40.77
2703403;Jacaré dos Homens;AL;Alagoas;5083;34.12
2703502;Jacuípe;AL;Alagoas;5352;25.64
2703601;Japaratinga;AL;Alagoas;9219;108.01
2703700;Jaramataia;AL;Alagoas;4985;47.29
2703759;Jequiá da Praia;AL;Alagoas;9470;28.33
2703809;Joaquim Gomes;AL;Alagoas;17150;57.52
2703908;Jundiá;AL;Alagoas;4092;46.08
2704005;Junqueiro;AL;Alagoas;23907;96.51
2704104;Lagoa da Canoa;AL;Alagoas;18457;220.72
2704203;Limoeiro de Anadia;AL;Alagoas;24740;80.01
2704302;Maceió;AL;Alagoas;957916;1880.77
2704401;Major Isidoro;AL;Alagoas;17700;39.98
2704906;Mar Vermelho;AL;Alagoas;3155;34.39
2704500;Maragogi;AL;Alagoas;32174;96.28
2704609;Maravilha;AL;Alagoas;9534;28.68
2704708;Marechal Deodoro;AL;Alagoas;60370;177.05
2704807;Maribondo;AL;Alagoas;13679;75.95
2705002;Mata Grande;AL;Alagoas;21844;23.88
2705101;Matriz de Camaragibe;AL;Alagoas;23857;100.19
2705200;Messias;AL;Alagoas;15405;134.95
2705309;Minador do Negrão;AL;Alagoas;4845;28.93
2705408;Monteirópolis;AL;Alagoas;7184;82.95
2705507;Murici;AL;Alagoas;25187;60.25
2705606;Novo Lino;AL;Alagoas;10020;46.49
2705903;Olho d'Água Grande;AL;Alagoas;4330;37.01
2705705;Olho d'Água das Flores;AL;Alagoas;20695;109.95
2705804;Olho d'Água do Casado;AL;Alagoas;8349;25.48
2706000;Olivença;AL;Alagoas;10812;61.68
2706109;Ouro Branco;AL;Alagoas;11446;58.23
2706208;Palestina;AL;Alagoas;4325;113.25
2706307;Palmeira dos Índios;AL;Alagoas;71574;158.70
2706422;Pariconha;AL;Alagoas;10573;41.51
2706448;Paripueira;AL;Alagoas;13835;149.10
2706505;Passo de Camaragibe;AL;Alagoas;13804;54.93
2706604;Paulo Jacinto;AL;Alagoas;6576;55.51
2706703;Penedo;AL;Alagoas;58650;85.19
2706802;Piaçabuçu;AL;Alagoas;15908;65.28
2706901;Pilar;AL;Alagoas;35370;136.24
2707008;Pindoba;AL;Alagoas;2731;23.32
2707107;Piranhas;AL;Alagoas;22609;55.96
2707305;Porto Calvo;AL;Alagoas;24071;76.85
2707503;Porto Real do Colégio;AL;Alagoas;20082;85.15
2707404;Porto de Pedras;AL;Alagoas;9295;36.15
2707206;Poço das Trincheiras;AL;Alagoas;12518;44.04
2706406;Pão de Açúcar;AL;Alagoas;23823;34.58
2707602;Quebrangulo;AL;Alagoas;11080;34.64
2707701;Rio Largo;AL;Alagoas;93927;319.68
2707800;Roteiro;AL;Alagoas;6474;50.21
2707909;Santa Luzia do Norte;AL;Alagoas;6919;239.77
2708006;Santana do Ipanema;AL;Alagoas;46220;105.97
2708105;Santana do Mundaú;AL;Alagoas;11323;48.77
2708907;Satuba;AL;Alagoas;24278;588.30
2708956;Senador Rui Palmeira;AL;Alagoas;12303;36.34
2708204;São Brás;AL;Alagoas;6555;47.15
2708303;São José da Laje;AL;Alagoas;20813;81.11
2708402;São José da Tapera;AL;Alagoas;30604;62.35
2708501;São Luís do Quitunde;AL;Alagoas;30873;77.72
2708600;São Miguel dos Campos;AL;Alagoas;51990;154.88
2708709;São Miguel dos Milagres;AL;Alagoas;8482;110.54
2708808;São Sebastião;AL;Alagoas;31786;100.93
2709004;Tanque d'Arca;AL;Alagoas;5796;46.51
2709103;Taquarana;AL;Alagoas;19032;123.71
2709152;Teotônio Vilela;AL;Alagoas;38053;127.17
2709202;Traipu;AL;Alagoas;23565;34.57
2709301;União dos Palmares;AL;Alagoas;59280;141.02
2709400;Viçosa;AL;Alagoas;24092;65.49
2700102;Água Branca;AL;Alagoas;19008;40.60
1300029;Alvarães;AM;Amazonas;15866;2.68
1300060;Amaturá;AM;Amazonas;10819;2.28
1300086;Anamã;AM;Amazonas;9962;4.07
1300102;Anori;AM;Amazonas;17194;2.85
1300144;Apuí;AM;Amazonas;20647;0.38
1300201;Atalaia do Norte;AM;Amazonas;15314;0.20
1300300;Autazes;AM;Amazonas;41564;5.43
1300409;Barcelos;AM;Amazonas;18834;0.15
1300508;Barreirinha;AM;Amazonas;31051;5.40
1300607;Benjamin Constant;AM;Amazonas;37648;4.32
1300631;Beruri;AM;Amazonas;20718;1.19
1300680;Boa Vista do Ramos;AM;Amazonas;23785;9.19
1300706;Boca do Acre;AM;Amazonas;35447;1.62
1300805;Borba;AM;Amazonas;33080;0.75
1300839;Caapiranga;AM;Amazonas;13469;1.42
1300904;Canutama;AM;Amazonas;16869;0.50
1301001;Carauari;AM;Amazonas;28742;1.11
1301100;Careiro;AM;Amazonas;30792;5.05
1301159;Careiro da Várzea;AM;Amazonas;19637;7.47
1301209;Coari;AM;Amazonas;70616;1.22
1301308;Codajás;AM;Amazonas;23549;1.26
1301407;Eirunepé;AM;Amazonas;33170;2.22
1301506;Envira;AM;Amazonas;17186;2.29
1301605;Fonte Boa;AM;Amazonas;25871;2.13
1301654;Guajará;AM;Amazonas;13815;1.82
1301704;Humaitá;AM;Amazonas;57473;1.74
1301803;Ipixuna;AM;Amazonas;24311;2.01
1301852;Iranduba;AM;Amazonas;61163;27.59
1301902;Itacoatiara;AM;Amazonas;103598;11.65
1301951;Itamarati;AM;Amazonas;10937;0.43
1302009;Itapiranga;AM;Amazonas;10162;2.34
1302108;Japurá;AM;Amazonas;8858;0.16
1302207;Juruá;AM;Amazonas;10742;0.55
1302306;Jutaí;AM;Amazonas;25172;0.36
1302405;Lábrea;AM;Amazonas;45448;0.67
1302504;Manacapuru;AM;Amazonas;101883;13.89
1302553;Manaquiri;AM;Amazonas;17107;4.31
1302603;Manaus;AM;Amazonas;2063689;181.01
1302702;Manicoré;AM;Amazonas;53914;1.12
1302801;Maraã;AM;Amazonas;15529;0.92
1302900;Maués;AM;Amazonas;61204;1.53
1303007;Nhamundá;AM;Amazonas;20136;1.43
1303106;Nova Olinda do Norte;AM;Amazonas;27062;4.85
1303205;Novo Airão;AM;Amazonas;15761;0.42
1303304;Novo Aripuanã;AM;Amazonas;23818;0.58
1303403;Parintins;AM;Amazonas;96372;16.18
1303502;Pauini;AM;Amazonas;19373;0.47
1303536;Presidente Figueiredo;AM;Amazonas;30668;1.20
1303569;Rio Preto da Eva;AM;Amazonas;24936;4.29
1303601;Santa Isabel do Rio Negro;AM;Amazonas;14164;0.23
1303700;Santo Antônio do Içá;AM;Amazonas;28211;2.28
1304005;Silves;AM;Amazonas;11559;3.10
1303809;São Gabriel da Cachoeira;AM;Amazonas;51795;0.47
1303908;São Paulo de Olivença;AM;Amazonas;32967;1.68
1303957;São Sebastião do Uatumã;AM;Amazonas;11670;1.10
1304062;Tabatinga;AM;Amazonas;66764;20.48
1304104;Tapauá;AM;Amazonas;19599;0.23
1304203;Tefé;AM;Amazonas;73669;3.11
1304237;Tonantins;AM;Amazonas;19247;2.99
1304260;Uarini;AM;Amazonas;14431;1.40
1304302;Urucará;AM;Amazonas;18631;0.67
1304401;Urucurituba;AM;Amazonas;23945;8.30
1600105;Amapá;AP;Amapá;7943;0.94
1600204;Calçoene;AP;Amapá;10612;0.75
1600212;Cutias;AP;Amapá;4461;2.05
1600238;Ferreira Gomes;AP;Amapá;6666;1.34
1600253;Itaubal;AP;Amapá;5599;3.45
1600279;Laranjal do Jari;AP;Amapá;35114;1.14
1600303;Macapá;AP;Amapá;442933;67.48
1600402;Mazagão;AP;Amapá;21924;1.65
1600501;Oiapoque;AP;Amapá;27482;1.19
1600154;Pedra Branca do Amapari;AP;Amapá;12847;1.34
1600535;Porto Grande;AP;Amapá;17848;4.03
1600550;Pracuúba;AP;Amapá;3803;0.77
1600600;Santana;AP;Amapá;107618;69.83
1600055;Serra do Navio;AP;Amapá;4673;0.61
1600709;Tartarugalzinho;AP;Amapá;12945;1.94
1600808;Vitória do Jari;AP;Amapá;11291;4.50
2900207;Abaré;BA;Bahia;17639;10.99
2900108;Abaíra;BA;Bahia;7301;13.55
2900306;Acajutiba;BA;Bahia;13795;76.02
2900355;Adustina;BA;Bahia;14201;22.57
2900603;Aiquara;BA;Bahia;4447;26.49
2900702;Alagoinhas;BA;Bahia;151055;213.40
2900801;Alcobaça;BA;Bahia;24530;16.60
2900900;Almadina;BA;Bahia;5218;21.28
2901007;Amargosa;BA;Bahia;36521;84.61
2901106;Amélia Rodrigues;BA;Bahia;24138;144.65
2901155;América Dourada;BA;Bahia;15137;18.41
2901205;Anagé;BA;Bahia;25438;13.39
2901304;Andaraí;BA;Bahia;13080;8.22
2901353;Andorinha;BA;Bahia;15012;11.02
2901403;Angical;BA;Bahia;13732;8.97
2901502;Anguera;BA;Bahia;11031;58.73
2901601;Antas;BA;Bahia;14206;44.43
2901700;Antônio Cardoso;BA;Bahia;11146;37.97
2901809;Antônio Gonçalves;BA;Bahia;10862;31.46
2901908;Aporá;BA;Bahia;15922;33.22
2901957;Apuarema;BA;Bahia;6913;45.83
2902005;Aracatu;BA;Bahia;13936;9.35
2902104;Araci;BA;Bahia;48294;32.28
2902203;Aramari;BA;Bahia;9833;26.65
2902252;Arataca;BA;Bahia;10191;23.38
2902302;Aratuípe;BA;Bahia;8677;49.86
2902054;Araçás;BA;Bahia;11557;24.35
2902401;Aurelino Leal;BA;Bahia;11179;25.10
2902500;Baianópolis;BA;Bahia;13614;4.10
2902609;Baixa Grande;BA;Bahia;18220;18.83
2902658;Banzaê;BA;Bahia;11958;29.20
2902708;Barra;BA;Bahia;51092;4.47
2902807;Barra da Estiva;BA;Bahia;26026;15.70
2902906;Barra do Choça;BA;Bahia;36539;47.71
2903003;Barra do Mendes;BA;Bahia;13836;9.63
2903102;Barra do Rocha;BA;Bahia;5775;26.93
2903201;Barreiras;BA;Bahia;159734;19.84
2903235;Barro Alto;BA;Bahia;13453;32.46
2903300;Barro Preto;BA;Bahia;5833;28.94
2903276;Barrocas;BA;Bahia;15203;73.34
2903409;Belmonte;BA;Bahia;20121;10.37
2903508;Belo Campo;BA;Bahia;18412;23.83
2903607;Biritinga;BA;Bahia;15146;27.35
2903706;Boa Nova;BA;Bahia;13690;16.13
2903805;Boa Vista do Tupim;BA;Bahia;16873;5.68
2903904;Bom Jesus da Lapa;BA;Bahia;65550;15.93
2903953;Bom Jesus da Serra;BA;Bahia;9730;20.79
2904001;Boninal;BA;Bahia;13622;15.19
2904050;Bonito;BA;Bahia;15844;20.02
2904100;Boquira;BA;Bahia;19322;13.55
2904209;Botuporã;BA;Bahia;11024;17.56
2904407;Brejolândia;BA;Bahia;9108;4.05
2904308;Brejões;BA;Bahia;12943;24.96
2904506;Brotas de Macaúbas;BA;Bahia;11765;4.67
2904605;Brumado;BA;Bahia;70510;31.94
2904704;Buerarema;BA;Bahia;14804;67.45
2904753;Buritirama;BA;Bahia;19589;4.84
2904803;Caatiba;BA;Bahia;6205;12.11
2904852;Cabaceiras do Paraguaçu;BA;Bahia;16559;74.58
2904902;Cachoeira;BA;Bahia;29250;74.07
2905008;Caculé;BA;Bahia;22462;36.76
2905156;Caetanos;BA;Bahia;11266;14.69
2905206;Caetité;BA;Bahia;52012;19.62
2905305;Cafarnaum;BA;Bahia;17466;27.14
2905404;Cairu;BA;Bahia;17761;39.57
2905503;Caldeirão Grande;BA;Bahia;13080;28.54
2905602;Camacan;BA;Bahia;22579;38.61
2905800;Camamu;BA;Bahia;30469;36.29
2905701;Camaçari;BA;Bahia;300372;382.43
2905909;Campo Alegre de Lourdes;BA;Bahia;30671;10.52
2906006;Campo Formoso;BA;Bahia;71377;9.97
2906204;Canarana;BA;Bahia;24206;41.75
2906303;Canavieiras;BA;Bahia;32683;24.49
2906402;Candeal;BA;Bahia;7772;17.36
2906501;Candeias;BA;Bahia;72382;287.45
2906600;Candiba;BA;Bahia;13016;30.02
2906808;Cansanção;BA;Bahia;37439;27.69
2906824;Canudos;BA;Bahia;16105;4.52
2906105;Canápolis;BA;Bahia;10225;22.21
2906857;Capela do Alto Alegre;BA;Bahia;10744;17.07
2906873;Capim Grosso;BA;Bahia;33235;71.51
2906907;Caravelas;BA;Bahia;20580;8.65
2906899;Caraíbas;BA;Bahia;9940;12.34
2907004;Cardeal da Silva;BA;Bahia;8365;28.51
2907103;Carinhanha;BA;Bahia;28869;11.43
2907202;Casa Nova;BA;Bahia;72086;7.47
2907301;Castro Alves;BA;Bahia;24712;34.62
2907400;Catolândia;BA;Bahia;3434;4.89
2907509;Catu;BA;Bahia;48148;112.77
2907558;Caturama;BA;Bahia;8841;12.34
2905107;Caém;BA;Bahia;10384;19.20
2907608;Central;BA;Bahia;16348;28.83
2907707;Chorrochó;BA;Bahia;10579;3.52
2907905;Cipó;BA;Bahia;17230;102.36
2908002;Coaraci;BA;Bahia;17333;63.14
2908101;Cocos;BA;Bahia;19151;1.89
2908200;Conceição da Feira;BA;Bahia;20800;126.22
2908309;Conceição do Almeida;BA;Bahia;15794;55.45
2908408;Conceição do Coité;BA;Bahia;67825;66.81
2908507;Conceição do Jacuípe;BA;Bahia;35308;307.38
2908606;Conde;BA;Bahia;23654;25.40
2908705;Condeúba;BA;Bahia;17053;12.65
2908804;Contendas do Sincorá;BA;Bahia;4333;4.43
2908903;Coração de Maria;BA;Bahia;26692;70.54
2909000;Cordeiros;BA;Bahia;7546;14.41
2909109;Coribe;BA;Bahia;13990;5.25
2909208;Coronel João Sá;BA;Bahia;17056;21.39
2909307;Correntina;BA;Bahia;32457;2.82
2909406;Cotegipe;BA;Bahia;13063;3.05
2909505;Cravolândia;BA;Bahia;4415;24.18
2909703;Cristópolis;BA;Bahia;13993;13.29
2909604;Crisópolis;BA;Bahia;19729;30.99
2909802;Cruz das Almas;BA;Bahia;60348;433.79
2909901;Curaçá;BA;Bahia;34180;5.74
2906709;Cândido Sales;BA;Bahia;25247;21.58
2907806;Cícero Dantas;BA;Bahia;30907;37.69
2910057;Dias d'Ávila;BA;Bahia;71485;389.01
2910107;Dom Basílio;BA;Bahia;11884;17.24
2910206;Dom Macedo Costa;BA;Bahia;4407;46.50
2910008;Dário Meira;BA;Bahia;10820;26.16
2910305;Elísio Medrado;BA;Bahia;7808;43.54
2910404;Encruzilhada;BA;Bahia;19107;10.11
2910503;Entre Rios;BA;Bahia;38098;32.08
2910602;Esplanada;BA;Bahia;32554;25.05
2910701;Euclides da Cunha;BA;Bahia;61456;30.34
2910727;Eunápolis;BA;Bahia;113710;79.74
2910776;Feira da Mata;BA;Bahia;5631;4.79
2910800;Feira de Santana;BA;Bahia;616272;472.45
2910859;Filadélfia;BA;Bahia;17897;30.87
2910909;Firmino Alves;BA;Bahia;4873;28.27
2911006;Floresta Azul;BA;Bahia;11059;34.45
2911105;Formosa do Rio Preto;BA;Bahia;25899;1.66
2910750;Fátima;BA;Bahia;17895;49.11
2911204;Gandu;BA;Bahia;32178;140.11
2911253;Gavião;BA;Bahia;4360;11.34
2911303;Gentio do Ouro;BA;Bahia;10884;2.85
2911402;Glória;BA;Bahia;15524;9.91
2911501;Gongogi;BA;Bahia;5555;27.47
2911600;Governador Mangabeira;BA;Bahia;20605;192.84
2911659;Guajeru;BA;Bahia;8050;9.22
2911709;Guanambi;BA;Bahia;87817;69.02
2911808;Guaratinga;BA;Bahia;19049;8.70
2911857;Heliópolis;BA;Bahia;12309;39.27
2911907;Iaçu;BA;Bahia;24607;10.50
2912004;Ibiassucê;BA;Bahia;10429;21.58
2912103;Ibicaraí;BA;Bahia;21665;93.81
2912202;Ibicoara;BA;Bahia;20785;25.43
2912301;Ibicuí;BA;Bahia;13934;12.23
2912400;Ibipeba;BA;Bahia;16603;12.01
2912509;Ibipitanga;BA;Bahia;13863;14.53
2912608;Ibiquera;BA;Bahia;3725;5.33
2912707;Ibirapitanga;BA;Bahia;25344;53.62
2912806;Ibirapuã;BA;Bahia;8896;11.54
2912905;Ibirataia;BA;Bahia;18792;59.07
2913002;Ibitiara;BA;Bahia;14637;7.98
2913101;Ibititá;BA;Bahia;16969;29.61
2913200;Ibotirama;BA;Bahia;26309;15.12
2913309;Ichu;BA;Bahia;6190;44.85
2913408;Igaporã;BA;Bahia;15527;18.56
2913457;Igrapiúna;BA;Bahia;13151;22.24
2913507;Iguaí;BA;Bahia;21491;24.98
2913606;Ilhéus;BA;Bahia;178649;112.46
2913705;Inhambupe;BA;Bahia;33790;31.22
2913804;Ipecaetá;BA;Bahia;13709;36.80
2913903;Ipiaú;BA;Bahia;40706;145.14
2914000;Ipirá;BA;Bahia;56876;18.32
2914109;Ipupiara;BA;Bahia;9935;9.41
2914208;Irajuba;BA;Bahia;6101;13.29
2914307;Iramaia;BA;Bahia;10752;6.29
2914406;Iraquara;BA;Bahia;23879;24.08
2914505;Irará;BA;Bahia;28043;104.68
2914604;Irecê;BA;Bahia;74507;233.44
2914653;Itabela;BA;Bahia;28165;30.45
2914703;Itaberaba;BA;Bahia;65073;27.27
2914802;Itabuna;BA;Bahia;186708;465.57
2914901;Itacaré;BA;Bahia;27704;38.15
2915007;Itaeté;BA;Bahia;13472;10.12
2915106;Itagi;BA;Bahia;13803;44.44
2915205;Itagibá;BA;Bahia;15310;18.88
2915304;Itagimirim;BA;Bahia;6347;7.24
2915353;Itaguaçu da Bahia;BA;Bahia;12311;2.86
2915403;Itaju do Colônia;BA;Bahia;6037;4.93
2915502;Itajuípe;BA;Bahia;18781;69.37
2915601;Itamaraju;BA;Bahia;59605;25.25
2915700;Itamari;BA;Bahia;7051;49.14
2915809;Itambé;BA;Bahia;24394;15.90
2915908;Itanagra;BA;Bahia;5914;11.08
2916005;Itanhém;BA;Bahia;17813;12.78
2916104;Itaparica;BA;Bahia;19789;163.04
2916302;Itapebi;BA;Bahia;9174;9.06
2916401;Itapetinga;BA;Bahia;65897;39.91
2916500;Itapicuru;BA;Bahia;31679;20.34
2916609;Itapitanga;BA;Bahia;10279;24.44
2916203;Itapé;BA;Bahia;10341;22.82
2916708;Itaquara;BA;Bahia;8153;23.69
2916807;Itarantim;BA;Bahia;17052;10.19
2916856;Itatim;BA;Bahia;15737;28.74
2916906;Itiruçu;BA;Bahia;10999;34.13
2917003;Itiúba;BA;Bahia;33872;20.52
2917102;Itororó;BA;Bahia;16617;52.95
2917201;Ituaçu;BA;Bahia;17914;14.94
2917300;Ituberá;BA;Bahia;21902;52.72
2917334;Iuiu;BA;Bahia;11118;7.29
2917359;Jaborandi;BA;Bahia;9275;0.93
2917409;Jacaraci;BA;Bahia;14436;10.83
2917508;Jacobina;BA;Bahia;82590;37.66
2917607;Jaguaquara;BA;Bahia;45964;49.72
2917706;Jaguarari;BA;Bahia;32703;13.26
2917805;Jaguaripe;BA;Bahia;17659;20.45
2917904;Jandaíra;BA;Bahia;9285;14.49
2918001;Jequié;BA;Bahia;158813;53.49
2918100;Jeremoabo;BA;Bahia;37626;8.82
2918209;Jiquiriçá;BA;Bahia;13629;57.11
2918308;Jitaúna;BA;Bahia;14355;54.78
2918357;João Dourado;BA;Bahia;24854;27.21
2918407;Juazeiro;BA;Bahia;237821;35.38
2918456;Jucuruçu;BA;Bahia;9655;6.62
2918506;Jussara;BA;Bahia;16354;12.07
2918555;Jussari;BA;Bahia;5888;17.89
2918605;Jussiape;BA;Bahia;7379;12.51
2918704;Lafaiete Coutinho;BA;Bahia;4075;8.18
2918753;Lagoa Real;BA;Bahia;14105;15.46
2918803;Laje;BA;Bahia;21052;46.80
2919009;Lajedinho;BA;Bahia;3527;4.17
2919058;Lajedo do Tabocal;BA;Bahia;7494;19.57
2918902;Lajedão;BA;Bahia;3845;6.16
2919108;Lamarão;BA;Bahia;9015;47.63
2919157;Lapão;BA;Bahia;25736;40.03
2919207;Lauro de Freitas;BA;Bahia;203331;3509.22
2919306;Lençóis;BA;Bahia;10774;8.40
2919405;Licínio de Almeida;BA;Bahia;11834;13.81
2919504;Livramento de Nossa Senhora;BA;Bahia;43903;22.49
2919553;Luís Eduardo Magalhães;BA;Bahia;107909;26.74
2919603;Macajuba;BA;Bahia;10454;14.91
2919702;Macarani;BA;Bahia;21599;17.85
2919801;Macaúbas;BA;Bahia;41859;17.02
2919900;Macururé;BA;Bahia;7256;2.85
2919926;Madre de Deus;BA;Bahia;18504;574.64
2919959;Maetinga;BA;Bahia;6973;11.34
2920007;Maiquinique;BA;Bahia;8731;14.84
2920106;Mairi;BA;Bahia;17674;19.49
2920205;Malhada;BA;Bahia;15398;7.78
2920304;Malhada de Pedras;BA;Bahia;8670;15.75
2920403;Manoel Vitorino;BA;Bahia;13860;6.29
2920452;Mansidão;BA;Bahia;13919;4.45
2920502;Maracás;BA;Bahia;27620;11.45
2920601;Maragogipe;BA;Bahia;35859;81.94
2920700;Maraú;BA;Bahia;24527;28.89
2920809;Marcionílio Souza;BA;Bahia;9267;8.43
2920908;Mascote;BA;Bahia;13544;18.24
2921005;Mata de São João;BA;Bahia;42566;70.34
2921054;Matina;BA;Bahia;10330;13.36
2921104;Medeiros Neto;BA;Bahia;22194;16.92
2921203;Miguel Calmon;BA;Bahia;24661;15.42
2921302;Milagres;BA;Bahia;11071;26.34
2921401;Mirangaba;BA;Bahia;15734;8.98
2921450;Mirante;BA;Bahia;10187;8.69
2921500;Monte Santo;BA;Bahia;47780;15.75
2921609;Morpará;BA;Bahia;7996;3.82
2921708;Morro do Chapéu;BA;Bahia;33594;5.85
2921807;Mortugaba;BA;Bahia;11143;21.10
2921906;Mucugê;BA;Bahia;12137;4.93
2922003;Mucuri;BA;Bahia;37977;21.24
2922052;Mulungu do Morro;BA;Bahia;13152;20.34
2922102;Mundo Novo;BA;Bahia;17305;11.60
2922201;Muniz Ferreira;BA;Bahia;7190;68.78
2922250;Muquém do São Francisco;BA;Bahia;10443;2.71
2922300;Muritiba;BA;Bahia;28707;332.60
2922409;Mutuípe;BA;Bahia;20037;72.64
2922508;Nazaré;BA;Bahia;27060;97.12
2922607;Nilo Peçanha;BA;Bahia;12063;31.02
2922656;Nordestina;BA;Bahia;18523;39.80
2922706;Nova Canaã;BA;Bahia;13715;17.05
2922730;Nova Fátima;BA;Bahia;7967;22.97
2922755;Nova Ibiá;BA;Bahia;6501;31.99
2922805;Nova Itarana;BA;Bahia;7780;16.37
2922854;Nova Redenção;BA;Bahia;7538;13.33
2922904;Nova Soure;BA;Bahia;24236;25.06
2923001;Nova Viçosa;BA;Bahia;39509;30.01
2923035;Novo Horizonte;BA;Bahia;11162;17.79
2923050;Novo Triunfo;BA;Bahia;10660;38.28
2923100;Olindina;BA;Bahia;22633;35.51
2923209;Oliveira dos Brejinhos;BA;Bahia;20715;6.25
2923308;Ouriçangas;BA;Bahia;7716;49.15
2923357;Ourolândia;BA;Bahia;19243;12.46
2923407;Palmas de Monte Alto;BA;Bahia;20078;7.84
2923506;Palmeiras;BA;Bahia;10339;14.02
2923605;Paramirim;BA;Bahia;20351;18.72
2923704;Paratinga;BA;Bahia;29252;11.14
2923803;Paripiranga;BA;Bahia;26604;60.16
2923902;Pau Brasil;BA;Bahia;9370;14.96
2924009;Paulo Afonso;BA;Bahia;112870;73.08
2924207;Pedro Alexandre;BA;Bahia;13954;15.69
2924108;Pedrão;BA;Bahia;6235;39.34
2924306;Piatã;BA;Bahia;20086;11.00
2924405;Pilão Arcado;BA;Bahia;35357;3.05
2924504;Pindaí;BA;Bahia;14731;23.44
2924603;Pindobaçu;BA;Bahia;19083;38.49
2924652;Pintadas;BA;Bahia;10325;15.95
2924678;Piraí do Norte;BA;Bahia;10974;56.73
2924702;Piripá;BA;Bahia;9152;17.88
2924801;Piritiba;BA;Bahia;17566;17.92
2924900;Planaltino;BA;Bahia;8022;8.40
2925006;Planalto;BA;Bahia;23334;30.34
2925204;Pojuca;BA;Bahia;32136;102.04
2925253;Ponto Novo;BA;Bahia;17938;33.84
2925303;Porto Seguro;BA;Bahia;168326;73.64
2925402;Potiraguá;BA;Bahia;10274;9.24
2925105;Poções;BA;Bahia;48293;51.49
2925501;Prado;BA;Bahia;35003;20.69
2925600;Presidente Dutra;BA;Bahia;15130;65.20
2925709;Presidente Jânio Quadros;BA;Bahia;12621;10.44
2925758;Presidente Tancredo Neves;BA;Bahia;27734;62.77
2924058;Pé de Serra;BA;Bahia;13243;22.19
2925808;Queimadas;BA;Bahia;25988;12.92
2925907;Quijingue;BA;Bahia;25272;18.30
2925931;Quixabeira;BA;Bahia;9461;25.82
2925956;Rafael Jambeiro;BA;Bahia;19662;18.03
2926004;Remanso;BA;Bahia;40586;8.87
2926103;Retirolândia;BA;Bahia;13651;56.33
2926400;Riacho de Santana;BA;Bahia;30711;9.65
2926202;Riachão das Neves;BA;Bahia;21642;3.62
2926301;Riachão do Jacuípe;BA;Bahia;33386;28.90
2926509;Ribeira do Amparo;BA;Bahia;13841;21.48
2926608;Ribeira do Pombal;BA;Bahia;54010;43.13
2926657;Ribeirão do Largo;BA;Bahia;9740;7.14
2927002;Rio Real;BA;Bahia;35362;47.80
2926707;Rio de Contas;BA;Bahia;13184;11.82
2926806;Rio do Antônio;BA;Bahia;13146;16.90
2926905;Rio do Pires;BA;Bahia;10497;16.00
2927101;Rodelas;BA;Bahia;10308;4.67
2927200;Ruy Barbosa;BA;Bahia;28282;14.20
2927309;Salinas da Margarida;BA;Bahia;14987;99.54
2927408;Salvador;BA;Bahia;2417678;3486.49
2927606;Santa Brígida;BA;Bahia;14965;16.01
2927507;Santa Bárbara;BA;Bahia;20952;60.38
2927705;Santa Cruz Cabrália;BA;Bahia;29185;19.95
2927804;Santa Cruz da Vitória;BA;Bahia;4681;16.48
2927903;Santa Inês;BA;Bahia;10300;27.16
2928059;Santa Luzia;BA;Bahia;13896;16.85
2928109;Santa Maria da Vitória;BA;Bahia;38604;19.45
2928406;Santa Rita de Cássia;BA;Bahia;27390;4.54
2928505;Santa Terezinha;BA;Bahia;10441;14.52
2928000;Santaluz;BA;Bahia;37834;23.30
2928208;Santana;BA;Bahia;24755;12.97
2928307;Santanópolis;BA;Bahia;8716;39.14
2928604;Santo Amaro;BA;Bahia;56012;113.27
2928703;Santo Antônio de Jesus;BA;Bahia;103055;393.73
2928802;Santo Estêvão;BA;Bahia;52276;145.08
2929602;Sapeaçu;BA;Bahia;17963;136.89
2929750;Saubara;BA;Bahia;11438;68.73
2929800;Saúde;BA;Bahia;10478;20.58
2929909;Seabra;BA;Bahia;46160;19.22
2930006;Sebastião Laranjeiras;BA;Bahia;9360;4.72
2930105;Senhor do Bonfim;BA;Bahia;74523;94.41
2930204;Sento Sé;BA;Bahia;38154;3.18
2930303;Serra Dourada;BA;Bahia;17066;10.72
2930402;Serra Preta;BA;Bahia;17996;30.23
2930154;Serra do Ramalho;BA;Bahia;34222;14.62
2930501;Serrinha;BA;Bahia;80435;137.89
2930600;Serrolândia;BA;Bahia;13335;41.41
2930709;Simões Filho;BA;Bahia;114559;568.45
2930774;Sobradinho;BA;Bahia;25475;18.79
2930808;Souto Soares;BA;Bahia;17054;16.61
2929701;Sátiro Dias;BA;Bahia;16008;16.86
2928901;São Desidério;BA;Bahia;32828;2.17
2928950;São Domingos;BA;Bahia;8426;29.06
2929107;São Felipe;BA;Bahia;20283;91.20
2929206;São Francisco do Conde;BA;Bahia;38733;143.61
2929008;São Félix;BA;Bahia;11026;106.81
2929057;São Félix do Coribe;BA;Bahia;15194;8.67
2929255;São Gabriel;BA;Bahia;18600;16.23
2929305;São Gonçalo dos Campos;BA;Bahia;39513;134.05
2929354;São José da Vitória;BA;Bahia;5315;41.55
2929370;São José do Jacuípe;BA;Bahia;10187;28.11
2929404;São Miguel das Matas;BA;Bahia;10334;44.75
2929503;São Sebastião do Passé;BA;Bahia;40958;76.32
2930758;Sítio do Mato;BA;Bahia;13408;8.24
2930766;Sítio do Quinto;BA;Bahia;14773;21.60
2930907;Tabocas do Brejo Velho;BA;Bahia;11979;8.34
2931004;Tanhaçu;BA;Bahia;21006;16.44
2931053;Tanque Novo;BA;Bahia;17158;23.52
2931103;Tanquinho;BA;Bahia;7717;31.65
2931202;Taperoá;BA;Bahia;18044;39.74
2931301;Tapiramutá;BA;Bahia;15818;22.13
2931350;Teixeira de Freitas;BA;Bahia;145216;124.58
2931400;Teodoro Sampaio;BA;Bahia;7110;29.07
2931509;Teofilândia;BA;Bahia;21176;60.18
2931608;Teolândia;BA;Bahia;15332;52.91
2931707;Terra Nova;BA;Bahia;10798;55.88
2931806;Tremedal;BA;Bahia;16296;8.11
2931905;Tucano;BA;Bahia;48736;22.17
2932002;Uauá;BA;Bahia;24665;8.06
2932200;Ubaitaba;BA;Bahia;17596;97.16
2932309;Ubatã;BA;Bahia;16094;90.60
2932101;Ubaíra;BA;Bahia;18626;28.26
2932408;Uibaí;BA;Bahia;13432;24.63
2932457;Umburanas;BA;Bahia;13642;7.68
2932507;Una;BA;Bahia;18131;16.09
2932606;Urandi;BA;Bahia;15355;17.02
2932705;Uruçuca;BA;Bahia;21420;41.99
2932804;Utinga;BA;Bahia;16277;25.68
2933000;Valente;BA;Bahia;24362;61.70
2932903;Valença;BA;Bahia;85655;76.21
2933174;Varzedo;BA;Bahia;9913;44.77
2933208;Vera Cruz;BA;Bahia;42529;142.94
2933257;Vereda;BA;Bahia;6003;7.67
2933307;Vitória da Conquista;BA;Bahia;370879;113.97
2933158;Várzea Nova;BA;Bahia;13377;10.91
2933059;Várzea da Roça;BA;Bahia;13800;29.46
2933109;Várzea do Poço;BA;Bahia;8101;39.23
2933406;Wagner;BA;Bahia;9503;18.19
2933455;Wanderley;BA;Bahia;12968;4.44
2933505;Wenceslau Guimarães;BA;Bahia;24474;37.36
2933604;Xique-Xique;BA;Bahia;44757;8.81
2900405;Água Fria;BA;Bahia;14497;19.52
2900504;Érico Cardoso;BA;Bahia;10604;14.42
2300101;Abaiara;CE;Ceará;10038;55.51
2300150;Acarape;CE;Ceará;14027;107.90
2300200;Acaraú;CE;Ceará;65264;77.47
2300309;Acopiara;CE;Ceará;44962;19.95
2300408;Aiuaba;CE;Ceará;14076;5.77
2300507;Alcântaras;CE;Ceará;11369;83.74
2300606;Altaneira;CE;Ceará;6782;93.32
2300705;Alto Santo;CE;Ceará;14155;12.34
2300754;Amontada;CE;Ceará;42156;35.88
2300804;Antonina do Norte;CE;Ceará;7245;27.90
2300903;Apuiarés;CE;Ceará;12928;23.77
2301000;Aquiraz;CE;Ceará;80645;167.93
2301109;Aracati;CE;Ceará;75113;61.21
2301208;Aracoiaba;CE;Ceará;25553;39.68
2301257;Ararendá;CE;Ceará;11096;32.42
2301307;Araripe;CE;Ceará;19783;18.03
2301406;Aratuba;CE;Ceará;11224;93.72
2301505;Arneiroz;CE;Ceará;7429;6.95
2301604;Assaré;CE;Ceará;21697;18.78
2301703;Aurora;CE;Ceará;23714;26.77
2301802;Baixio;CE;Ceará;5704;39.19
2301851;Banabuiú;CE;Ceará;17195;15.91
2301901;Barbalha;CE;Ceará;75033;123.38
2301950;Barreira;CE;Ceará;22392;86.12
2302008;Barro;CE;Ceará;19381;27.25
2302057;Barroquinha;CE;Ceará;14567;37.78
2302107;Baturité;CE;Ceará;35218;112.13
2302206;Beberibe;CE;Ceará;53114;33.26
2302305;Bela Cruz;CE;Ceará;32775;38.92
2302404;Boa Viagem;CE;Ceará;50411;17.78
2302503;Brejo Santo;CE;Ceará;51090;78.04
2302602;Camocim;CE;Ceará;62326;55.63
2302701;Campos Sales;CE;Ceará;25135;23.22
2302800;Canindé;CE;Ceará;74174;24.46
2302909;Capistrano;CE;Ceará;17254;76.16
2303006;Caridade;CE;Ceará;16377;17.68
2303204;Caririaçu;CE;Ceará;26320;41.50
2303105;Cariré;CE;Ceará;17632;23.34
2303303;Cariús;CE;Ceará;17015;16.42
2303402;Carnaubal;CE;Ceará;17210;47.38
2303501;Cascavel;CE;Ceará;72720;86.77
2303600;Catarina;CE;Ceará;10243;20.98
2303659;Catunda;CE;Ceará;10444;13.32
2303709;Caucaia;CE;Ceará;355679;290.77
2303808;Cedro;CE;Ceará;22344;30.61
2303907;Chaval;CE;Ceará;12462;52.53
2303956;Chorozinho;CE;Ceará;20163;68.02
2303931;Choró;CE;Ceará;12113;14.86
2304004;Coreaú;CE;Ceará;20953;27.92
2304103;Crateús;CE;Ceará;76390;25.62
2304202;Crato;CE;Ceará;131050;115.14
2304236;Croatá;CE;Ceará;17481;25.10
2304251;Cruz;CE;Ceará;29761;88.60
2304269;Deputado Irapuan Pinheiro;CE;Ceará;8932;18.96
2304277;Ereré;CE;Ceará;6474;17.84
2304285;Eusébio;CE;Ceará;74170;941.03
2304301;Farias Brito;CE;Ceará;18217;34.34
2304350;Forquilha;CE;Ceará;24173;42.50
2304400;Fortaleza;CE;Ceará;2428708;7775.52
2304459;Fortim;CE;Ceará;17294;60.68
2304509;Frecheirinha;CE;Ceará;15657;74.46
2304608;General Sampaio;CE;Ceará;6734;29.23
2304707;Granja;CE;Ceará;53344;20.03
2304806;Granjeiro;CE;Ceará;4841;43.41
2304657;Graça;CE;Ceará;13801;53.30
2304905;Groaíras;CE;Ceará;10910;70.08
2304954;Guaiúba;CE;Ceará;24325;95.00
2305001;Guaraciaba do Norte;CE;Ceará;42053;67.33
2305100;Guaramiranga;CE;Ceará;5654;62.26
2305209;Hidrolândia;CE;Ceará;17855;19.27
2305233;Horizonte;CE;Ceará;74755;465.60
2305266;Ibaretama;CE;Ceará;11956;13.60
2305308;Ibiapina;CE;Ceará;23965;57.87
2305332;Ibicuitinga;CE;Ceará;11611;27.39
2305357;Icapuí;CE;Ceará;21433;50.86
2305407;Icó;CE;Ceará;62642;33.57
2305506;Iguatu;CE;Ceará;98064;98.83
2305605;Independência;CE;Ceará;24024;7.46
2305654;Ipaporanga;CE;Ceará;11575;16.42
2305704;Ipaumirim;CE;Ceará;12083;43.70
2305803;Ipu;CE;Ceará;41081;65.62
2305902;Ipueiras;CE;Ceará;36798;24.81
2306009;Iracema;CE;Ceará;14001;16.68
2306108;Irauçuba;CE;Ceará;23915;16.31
2306256;Itaitinga;CE;Ceará;64650;420.66
2306207;Itaiçaba;CE;Ceará;7536;35.28
2306306;Itapajé;CE;Ceará;46426;107.42
2306405;Itapipoca;CE;Ceará;131123;81.93
2306504;Itapiúna;CE;Ceará;17841;30.07
2306553;Itarema;CE;Ceará;42957;60.09
2306603;Itatira;CE;Ceará;20424;24.62
2306702;Jaguaretama;CE;Ceará;17232;9.43
2306801;Jaguaribara;CE;Ceará;10356;16.62
2306900;Jaguaribe;CE;Ceará;33726;17.97
2307007;Jaguaruana;CE;Ceará;31701;37.10
2307106;Jardim;CE;Ceará;27411;50.30
2307205;Jati;CE;Ceará;7861;21.34
2307254;Jijoca de Jericoacoara;CE;Ceará;25555;122.26
2307304;Juazeiro do Norte;CE;Ceará;286120;1105.62
2307403;Jucás;CE;Ceará;23922;25.44
2307502;Lavras da Mangabeira;CE;Ceará;30802;32.59
2307601;Limoeiro do Norte;CE;Ceará;59560;80.00
2307635;Madalena;CE;Ceará;16896;16.93
2307650;Maracanaú;CE;Ceará;234509;2231.91
2307700;Maranguape;CE;Ceará;105093;180.11
2307809;Marco;CE;Ceará;25799;44.98
2307908;Martinópole;CE;Ceará;10846;35.74
2308005;Massapê;CE;Ceará;37697;66.39
2308104;Mauriti;CE;Ceará;45561;42.22
2308203;Meruoca;CE;Ceará;15157;99.95
2308302;Milagres;CE;Ceará;25900;44.72
2308351;Milhã;CE;Ceará;14123;28.13
2308377;Miraíma;CE;Ceará;14196;20.03
2308401;Missão Velha;CE;Ceará;36822;60.04
2308500;Mombaça;CE;Ceará;37735;17.84
2308609;Monsenhor Tabosa;CE;Ceará;17149;19.21
2308708;Morada Nova;CE;Ceará;61443;22.23
2308807;Moraújo;CE;Ceará;8254;19.92
2308906;Morrinhos;CE;Ceará;22753;55.28
2309003;Mucambo;CE;Ceará;13666;71.11
2309102;Mulungu;CE;Ceará;10569;107.90
2309201;Nova Olinda;CE;Ceará;15399;54.49
2309300;Nova Russas;CE;Ceará;30699;41.66
2309409;Novo Oriente;CE;Ceará;27545;29.07
2309458;Ocara;CE;Ceará;24493;32.10
2309508;Orós;CE;Ceará;19675;34.07
2309607;Pacajus;CE;Ceará;70983;283.59
2309706;Pacatuba;CE;Ceará;81524;611.88
2309805;Pacoti;CE;Ceará;11186;99.49
2309904;Pacujá;CE;Ceará;6175;69.89
2310001;Palhano;CE;Ceará;9346;21.39
2310100;Palmácia;CE;Ceará;10242;79.46
2310209;Paracuru;CE;Ceará;38980;127.91
2310258;Paraipaba;CE;Ceará;32216;111.39
2310308;Parambu;CE;Ceará;31445;13.59
2310407;Paramoti;CE;Ceará;10384;19.26
2310506;Pedra Branca;CE;Ceará;40187;30.86
2310605;Penaforte;CE;Ceará;8972;59.60
2310704;Pentecoste;CE;Ceará;37813;27.40
2310803;Pereiro;CE;Ceará;15274;35.04
2310852;Pindoretama;CE;Ceará;23391;315.95
2310902;Piquet Carneiro;CE;Ceará;16616;28.18
2310951;Pires Ferreira;CE;Ceará;10606;43.38
2311009;Poranga;CE;Ceará;12065;9.20
2311108;Porteiras;CE;Ceará;17050;75.82
2311207;Potengi;CE;Ceará;8833;25.73
2311231;Potiretama;CE;Ceará;5974;14.60
2311264;Quiterianópolis;CE;Ceará;20213;19.40
2311306;Quixadá;CE;Ceará;84168;41.66
2311355;Quixelô;CE;Ceará;15910;26.28
2311405;Quixeramobim;CE;Ceará;82177;24.71
2311504;Quixeré;CE;Ceará;20874;34.05
2311603;Redenção;CE;Ceará;27214;109.74
2311702;Reriutaba;CE;Ceará;18606;49.89
2311801;Russas;CE;Ceará;72928;45.27
2311900;Saboeiro;CE;Ceará;13854;10.03
2311959;Salitre;CE;Ceará;16633;20.63
2312205;Santa Quitéria;CE;Ceará;40183;9.43
2312007;Santana do Acaraú;CE;Ceará;30628;31.49
2312106;Santana do Cariri;CE;Ceará;16954;19.83
2312700;Senador Pompeu;CE;Ceará;24266;25.36
2312809;Senador Sá;CE;Ceará;7262;17.10
2312908;Sobral;CE;Ceará;203023;98.15
2313005;Solonópole;CE;Ceará;18179;11.84
2312304;São Benedito;CE;Ceará;47640;135.79
2312403;São Gonçalo do Amarante;CE;Ceará;54143;64.25
2312502;São João do Jaguaribe;CE;Ceará;5855;20.95
2312601;São Luís do Curu;CE;Ceará;10822;88.08
2313104;Tabuleiro do Norte;CE;Ceará;30652;29.26
2313203;Tamboril;CE;Ceará;24815;12.32
2313252;Tarrafas;CE;Ceará;7529;18.24
2313302;Tauá;CE;Ceará;61227;15.27
2313351;Tejuçuoca;CE;Ceará;17154;22.61
2313401;Tianguá;CE;Ceará;81506;89.58
2313500;Trairi;CE;Ceará;58415;62.90
2313559;Tururu;CE;Ceará;15412;76.57
2313609;Ubajara;CE;Ceará;32767;77.34
2313708;Umari;CE;Ceará;6871;26.11
2313757;Umirim;CE;Ceará;17470;55.35
2313807;Uruburetama;CE;Ceará;20189;203.11
2313906;Uruoca;CE;Ceará;13746;19.70
2313955;Varjota;CE;Ceará;18105;101.01
2314102;Viçosa do Ceará;CE;Ceará;59712;45.55
2314003;Várzea Alegre;CE;Ceará;38984;46.97
5300108;Brasília;DF;Distrito Federal;2817381;489.06
3200102;Afonso Cláudio;ES;Espírito Santo;30684;32.60
3200201;Alegre;ES;Espírito Santo;29177;38.55
3200300;Alfredo Chaves;ES;Espírito Santo;13836;22.47
3200359;Alto Rio Novo;ES;Espírito Santo;7434;32.66
3200409;Anchieta;ES;Espírito Santo;29984;73.19
3200508;Apiacá;ES;Espírito Santo;7223;37.24
3200607;Aracruz;ES;Espírito Santo;94765;66.72
3200706;Atílio Vivácqua;ES;Espírito Santo;10540;45.26
3200805;Baixo Guandu;ES;Espírito Santo;30674;33.74
3200904;Barra de São Francisco;ES;Espírito Santo;42498;44.99
3201001;Boa Esperança;ES;Espírito Santo;13608;31.74
3201100;Bom Jesus do Norte;ES;Espírito Santo;10254;115.10
3201159;Brejetuba;ES;Espírito Santo;12985;36.64
3201209;Cachoeiro de Itapemirim;ES;Espírito Santo;185786;214.89
3201308;Cariacica;ES;Espírito Santo;353491;1263.74
3201407;Castelo;ES;Espírito Santo;36930;55.66
3201506;Colatina;ES;Espírito Santo;120033;85.85
3201605;Conceição da Barra;ES;Espírito Santo;27458;23.22
3201704;Conceição do Castelo;ES;Espírito Santo;11937;32.28
3201803;Divino de São Lourenço;ES;Espírito Santo;5083;29.21
3201902;Domingos Martins;ES;Espírito Santo;35416;28.81
3202009;Dores do Rio Preto;ES;Espírito Santo;6596;41.41
3202108;Ecoporanga;ES;Espírito Santo;21992;9.62
3202207;Fundão;ES;Espírito Santo;18014;62.80
3202256;Governador Lindenberg;ES;Espírito Santo;11009;30.58
3202405;Guarapari;ES;Espírito Santo;124656;211.34
3202306;Guaçuí;ES;Espírito Santo;29358;62.71
3202454;Ibatiba;ES;Espírito Santo;25380;105.63
3202504;Ibiraçu;ES;Espírito Santo;11723;58.25
3202553;Ibitirama;ES;Espírito Santo;9520;28.77
3202603;Iconha;ES;Espírito Santo;12326;60.56
3202652;Irupi;ES;Espírito Santo;13710;74.19
3202702;Itaguaçu;ES;Espírito Santo;13589;25.40
3202801;Itapemirim;ES;Espírito Santo;39832;72.33
3202900;Itarana;ES;Espírito Santo;10597;35.90
3203007;Iúna;ES;Espírito Santo;28590;62.07
3203056;Jaguaré;ES;Espírito Santo;28931;43.85
3203106;Jerônimo Monteiro;ES;Espírito Santo;11575;65.27
3203130;João Neiva;ES;Espírito Santo;14079;49.45
3203163;Laranja da Terra;ES;Espírito Santo;11094;24.20
3203205;Linhares;ES;Espírito Santo;166786;47.70
3203304;Mantenópolis;ES;Espírito Santo;12770;39.73
3203320;Marataízes;ES;Espírito Santo;41929;321.87
3203346;Marechal Floriano;ES;Espírito Santo;17641;61.79
3203353;Marilândia;ES;Espírito Santo;12387;37.81
3203403;Mimoso do Sul;ES;Espírito Santo;24475;28.15
3203502;Montanha;ES;Espírito Santo;18900;17.20
3203601;Mucurici;ES;Espírito Santo;5466;10.11
3203700;Muniz Freire;ES;Espírito Santo;18153;26.74
3203809;Muqui;ES;Espírito Santo;13745;42.00
3203908;Nova Venécia;ES;Espírito Santo;49065;34.08
3204005;Pancas;ES;Espírito Santo;18893;22.55
3204054;Pedro Canário;ES;Espírito Santo;21522;49.65
3204104;Pinheiros;ES;Espírito Santo;23915;24.58
3204203;Piúma;ES;Espírito Santo;22300;301.16
3204252;Ponto Belo;ES;Espírito Santo;6497;18.04
3204302;Presidente Kennedy;ES;Espírito Santo;13696;23.02
3204351;Rio Bananal;ES;Espírito Santo;19274;30.03
3204401;Rio Novo do Sul;ES;Espírito Santo;11069;54.14
3204500;Santa Leopoldina;ES;Espírito Santo;13106;18.25
3204559;Santa Maria de Jetibá;ES;Espírito Santo;41636;56.63
3204609;Santa Teresa;ES;Espírito Santo;22808;33.39
3205002;Serra;ES;Espírito Santo;520653;950.74
3205010;Sooretama;ES;Espírito Santo;26502;45.15
3204658;São Domingos do Norte;ES;Espírito Santo;8589;28.77
3204708;São Gabriel da Palha;ES;Espírito Santo;32252;74.16
3204807;São José do Calçado;ES;Espírito Santo;10878;39.77
3204906;São Mateus;ES;Espírito Santo;123752;52.75
3204955;São Roque do Canaã;ES;Espírito Santo;10886;31.84
3205036;Vargem Alta;ES;Espírito Santo;19563;46.83
3205069;Venda Nova do Imigrante;ES;Espírito Santo;23831;128.19
3205101;Viana;ES;Espírito Santo;73423;235.12
3205150;Vila Pavão;ES;Espírito Santo;8911;20.57
3205176;Vila Valério;ES;Espírito Santo;13728;29.19
3205200;Vila Velha;ES;Espírito Santo;467722;2224.86
3205309;Vitória;ES;Espírito Santo;322869;3324.33
3200169;Água Doce do Norte;ES;Espírito Santo;12042;25.42
3200136;Águia Branca;ES;Espírito Santo;9711;21.37
5200050;Abadia de Goiás;GO;Goiás;19128;133.43
5200100;Abadiânia;GO;Goiás;17232;16.50
5200134;Acreúna;GO;Goiás;21568;13.77
5200159;Adelândia;GO;Goiás;2297;19.91
5200308;Alexânia;GO;Goiás;27008;31.89
5200506;Aloândia;GO;Goiás;1973;19.33
5200555;Alto Horizonte;GO;Goiás;6072;12.14
5200605;Alto Paraíso de Goiás;GO;Goiás;10306;3.97
5200803;Alvorada do Norte;GO;Goiás;8446;6.66
5200829;Amaralina;GO;Goiás;3268;2.43
5200852;Americano do Brasil;GO;Goiás;5259;39.29
5200902;Amorinópolis;GO;Goiás;3007;7.39
5201207;Anhanguera;GO;Goiás;924;16.63
5201306;Anicuns;GO;Goiás;18503;18.96
5201108;Anápolis;GO;Goiás;398869;426.29
5201405;Aparecida de Goiânia;GO;Goiás;527796;1885.30
5201454;Aparecida do Rio Doce;GO;Goiás;2907;4.82
5201504;Aporé;GO;Goiás;4325;1.49
5201702;Aragarças;GO;Goiás;18390;27.79
5201801;Aragoiânia;GO;Goiás;11890;54.51
5202155;Araguapaz;GO;Goiás;7153;3.27
5201603;Araçu;GO;Goiás;3799;25.36
5202353;Arenópolis;GO;Goiás;2946;2.74
5202502;Aruanã;GO;Goiás;8300;2.72
5202601;Aurilândia;GO;Goiás;3284;5.81
5202809;Avelinópolis;GO;Goiás;2868;16.85
5203104;Baliza;GO;Goiás;3351;1.88
5203203;Barro Alto;GO;Goiás;10371;9.60
5203302;Bela Vista de Goiás;GO;Goiás;34445;27.04
5203401;Bom Jardim de Goiás;GO;Goiás;7826;4.12
5203500;Bom Jesus de Goiás;GO;Goiás;23958;17.04
5203559;Bonfinópolis;GO;Goiás;10296;84.45
5203575;Bonópolis;GO;Goiás;3299;2.02
5203609;Brazabrantes;GO;Goiás;3992;31.85
5203807;Britânia;GO;Goiás;5695;3.90
5203906;Buriti Alegre;GO;Goiás;10495;11.64
5203939;Buriti de Goiás;GO;Goiás;2732;13.49
5203962;Buritinópolis;GO;Goiás;3145;12.78
5204003;Cabeceiras;GO;Goiás;7560;6.71
5204102;Cachoeira Alta;GO;Goiás;11513;6.95
5204250;Cachoeira Dourada;GO;Goiás;7782;14.73
5204201;Cachoeira de Goiás;GO;Goiás;1405;3.31
5204409;Caiapônia;GO;Goiás;16513;1.91
5204508;Caldas Novas;GO;Goiás;98622;61.31
5204557;Caldazinha;GO;Goiás;4507;17.90
5204607;Campestre de Goiás;GO;Goiás;3755;13.77
5204656;Campinaçu;GO;Goiás;3708;1.87
5204706;Campinorte;GO;Goiás;12510;11.75
5204805;Campo Alegre de Goiás;GO;Goiás;7422;3.03
5204854;Campo Limpo de Goiás;GO;Goiás;8081;51.76
5204904;Campos Belos;GO;Goiás;18108;24.63
5204953;Campos Verdes;GO;Goiás;4005;9.04
5205000;Carmo do Rio Verde;GO;Goiás;9710;23.13
5205059;Castelândia;GO;Goiás;2985;9.98
5205109;Catalão;GO;Goiás;114427;29.90
5205208;Caturaí;GO;Goiás;5184;25.28
5205307;Cavalcante;GO;Goiás;9583;1.38
5204300;Caçu;GO;Goiás;13774;6.11
5205406;Ceres;GO;Goiás;22046;103.47
5205455;Cezarina;GO;Goiás;8090;19.40
5205471;Chapadão do Céu;GO;Goiás;12870;5.89
5205497;Cidade Ocidental;GO;Goiás;91767;235.31
5205513;Cocalzinho de Goiás;GO;Goiás;25016;14.01
5205521;Colinas do Sul;GO;Goiás;4030;2.36
5205901;Corumbaíba;GO;Goiás;9164;4.92
5205802;Corumbá de Goiás;GO;Goiás;10562;9.92
5206206;Cristalina;GO;Goiás;62337;10.13
5206305;Cristianópolis;GO;Goiás;3504;15.81
5206404;Crixás;GO;Goiás;17065;3.65
5206503;Cromínia;GO;Goiás;3883;10.64
5206602;Cumari;GO;Goiás;2927;5.15
5205703;Córrego do Ouro;GO;Goiás;2454;5.36
5206701;Damianópolis;GO;Goiás;3770;9.03
5206800;Damolândia;GO;Goiás;2724;31.65
5206909;Davinópolis;GO;Goiás;1902;3.94
5207105;Diorama;GO;Goiás;2062;3.01
5208301;Divinópolis de Goiás;GO;Goiás;4457;5.38
5207253;Doverlândia;GO;Goiás;6956;2.16
5207352;Edealina;GO;Goiás;4001;6.69
5207402;Edéia;GO;Goiás;11747;8.00
5207501;Estrela do Norte;GO;Goiás;3205;10.64
5207535;Faina;GO;Goiás;7070;3.63
5207600;Fazenda Nova;GO;Goiás;5877;4.59
5207808;Firminópolis;GO;Goiás;10419;24.67
5207907;Flores de Goiás;GO;Goiás;13744;3.72
5208004;Formosa;GO;Goiás;115901;19.97
5208103;Formoso;GO;Goiás;4660;5.53
5208152;Gameleira de Goiás;GO;Goiás;3456;5.87
5208509;Goiandira;GO;Goiás;4973;8.73
5208806;Goianira;GO;Goiás;71916;336.41
5208400;Goianápolis;GO;Goiás;13967;83.81
5208608;Goianésia;GO;Goiás;73707;47.64
5209101;Goiatuba;GO;Goiás;35664;14.38
5208905;Goiás;GO;Goiás;24071;7.74
5208707;Goiânia;GO;Goiás;1437366;1970.90
5209150;Gouvelândia;GO;Goiás;4390;5.31
5209200;Guapó;GO;Goiás;19545;38.01
5209408;Guarani de Goiás;GO;Goiás;4085;3.35
5209291;Guaraíta;GO;Goiás;2188;10.65
5209457;Guarinos;GO;Goiás;2161;3.64
5209606;Heitoraí;GO;Goiás;3354;14.67
5209804;Hidrolina;GO;Goiás;3545;6.07
5209705;Hidrolândia;GO;Goiás;27742;29.14
5209903;Iaciara;GO;Goiás;10584;6.84
5209937;Inaciolândia;GO;Goiás;5954;8.64
5209952;Indiara;GO;Goiás;17061;17.86
5210000;Inhumas;GO;Goiás;52204;84.90
5210109;Ipameri;GO;Goiás;25548;5.83
5210158;Ipiranga de Goiás;GO;Goiás;2919;11.95
5210208;Iporá;GO;Goiás;35684;34.74
5210307;Israelândia;GO;Goiás;2560;4.42
5210406;Itaberaí;GO;Goiás;44734;30.60
5210562;Itaguari;GO;Goiás;4963;34.79
5210604;Itaguaru;GO;Goiás;4904;20.35
5210802;Itajá;GO;Goiás;4380;2.10
5210901;Itapaci;GO;Goiás;21087;22.13
5211008;Itapirapuã;GO;Goiás;8007;3.91
5211206;Itapuranga;GO;Goiás;26113;20.38
5211305;Itarumã;GO;Goiás;6101;1.77
5211404;Itauçu;GO;Goiás;7736;20.19
5211503;Itumbiara;GO;Goiás;107970;44.12
5211602;Ivolândia;GO;Goiás;2693;2.14
5211701;Jandaia;GO;Goiás;6272;7.27
5211800;Jaraguá;GO;Goiás;45223;24.46
5211909;Jataí;GO;Goiás;105729;14.73
5212006;Jaupaci;GO;Goiás;2924;5.53
5212055;Jesúpolis;GO;Goiás;2123;18.43
5212105;Joviânia;GO;Goiás;7159;16.04
5212204;Jussara;GO;Goiás;19620;4.79
5212253;Lagoa Santa;GO;Goiás;1390;3.00
5212303;Leopoldo de Bulhões;GO;Goiás;8745;18.37
5212501;Luziânia;GO;Goiás;209129;52.78
5212600;Mairipotaba;GO;Goiás;2561;5.47
5212709;Mambaí;GO;Goiás;8124;9.47
5212808;Mara Rosa;GO;Goiás;10700;6.31
5212907;Marzagão;GO;Goiás;2758;12.23
5212956;Matrinchã;GO;Goiás;4042;3.51
5213004;Maurilândia;GO;Goiás;10304;26.42
5213053;Mimoso de Goiás;GO;Goiás;2614;1.89
5213087;Minaçu;GO;Goiás;27075;9.49
5213103;Mineiros;GO;Goiás;70081;7.75
5213400;Moiporá;GO;Goiás;1685;3.73
5213509;Monte Alegre de Goiás;GO;Goiás;6692;2.14
5213707;Montes Claros de Goiás;GO;Goiás;8756;3.02
5213756;Montividiu;GO;Goiás;12521;6.70
5213772;Montividiu do Norte;GO;Goiás;3779;2.83
5213806;Morrinhos;GO;Goiás;51351;18.04
5213855;Morro Agudo de Goiás;GO;Goiás;2456;8.70
5213905;Mossâmedes;GO;Goiás;4654;6.80
5214002;Mozarlândia;GO;Goiás;14750;8.48
5214051;Mundo Novo;GO;Goiás;6189;2.89
5214101;Mutunópolis;GO;Goiás;3564;3.73
5214408;Nazário;GO;Goiás;8189;29.13
5214507;Nerópolis;GO;Goiás;31932;155.98
5214606;Niquelândia;GO;Goiás;34964;3.55
5214705;Nova América;GO;Goiás;2337;11.16
5214804;Nova Aurora;GO;Goiás;2101;6.84
5214838;Nova Crixás;GO;Goiás;12815;1.75
5214861;Nova Glória;GO;Goiás;8310;20.18
5214879;Nova Iguaçu de Goiás;GO;Goiás;3010;4.81
5214903;Nova Roma;GO;Goiás;3076;1.44
5215009;Nova Veneza;GO;Goiás;9481;77.49
5215207;Novo Brasil;GO;Goiás;3527;5.43
5215231;Novo Gama;GO;Goiás;103804;539.84
5215256;Novo Planalto;GO;Goiás;3716;2.96
5215306;Orizona;GO;Goiás;16399;8.32
5215405;Ouro Verde de Goiás;GO;Goiás;4057;19.43
5215504;Ouvidor;GO;Goiás;7200;17.50
5215603;Padre Bernardo;GO;Goiás;34967;11.13
5215652;Palestina de Goiás;GO;Goiás;3132;2.38
5215702;Palmeiras de Goiás;GO;Goiás;31858;20.72
5215801;Palmelo;GO;Goiás;2259;37.77
5215900;Palminópolis;GO;Goiás;3851;9.79
5216007;Panamá;GO;Goiás;2455;5.68
5216304;Paranaiguara;GO;Goiás;7607;6.60
5216403;Paraúna;GO;Goiás;10659;2.81
5216452;Perolândia;GO;Goiás;2964;2.87
5216809;Petrolina de Goiás;GO;Goiás;9573;18.05
5216908;Pilar de Goiás;GO;Goiás;2328;2.57
5217104;Piracanjuba;GO;Goiás;24883;10.48
5217203;Piranhas;GO;Goiás;11712;5.73
5217302;Pirenópolis;GO;Goiás;26690;12.13
5217401;Pires do Rio;GO;Goiás;32373;30.04
5217609;Planaltina;GO;Goiás;105031;41.04
5217708;Pontalina;GO;Goiás;18309;12.77
5218003;Porangatu;GO;Goiás;44317;9.18
5218052;Porteirão;GO;Goiás;4070;6.71
5218102;Portelândia;GO;Goiás;3280;5.93
5218300;Posse;GO;Goiás;34914;16.81
5218391;Professor Jamil;GO;Goiás;3649;10.24
5218508;Quirinópolis;GO;Goiás;48447;12.80
5218607;Rialma;GO;Goiás;12165;45.34
5218706;Rianápolis;GO;Goiás;3980;25.29
5218789;Rio Quente;GO;Goiás;3864;15.79
5218805;Rio Verde;GO;Goiás;225696;26.95
5218904;Rubiataba;GO;Goiás;19788;26.36
5219001;Sanclerlândia;GO;Goiás;7918;15.54
5219100;Santa Bárbara de Goiás;GO;Goiás;6149;43.62
5219209;Santa Cruz de Goiás;GO;Goiás;3002;2.71
5219258;Santa Fé de Goiás;GO;Goiás;4951;4.25
5219308;Santa Helena de Goiás;GO;Goiás;38492;33.70
5219357;Santa Isabel;GO;Goiás;3538;4.35
5219407;Santa Rita do Araguaia;GO;Goiás;5924;4.36
5219456;Santa Rita do Novo Destino;GO;Goiás;2689;2.77
5219506;Santa Rosa de Goiás;GO;Goiás;2820;16.94
5219605;Santa Tereza de Goiás;GO;Goiás;3293;4.17
5219704;Santa Terezinha de Goiás;GO;Goiás;10645;8.82
5219712;Santo Antônio da Barra;GO;Goiás;4267;9.48
5219738;Santo Antônio de Goiás;GO;Goiás;7386;54.70
5219753;Santo Antônio do Descoberto;GO;Goiás;72127;76.41
5220454;Senador Canedo;GO;Goiás;155635;630.09
5220504;Serranópolis;GO;Goiás;8027;1.45
5220603;Silvânia;GO;Goiás;22245;9.47
5220686;Simolândia;GO;Goiás;5742;16.56
5219803;São Domingos;GO;Goiás;9711;2.91
5219902;São Francisco de Goiás;GO;Goiás;6378;15.31
5220009;São João d'Aliança;GO;Goiás;14041;4.21
5220058;São João da Paraúna;GO;Goiás;1774;6.18
5220157;São Luiz do Norte;GO;Goiás;4837;8.28
5220108;São Luís de Montes Belos;GO;Goiás;33852;40.80
5220207;São Miguel do Araguaia;GO;Goiás;21900;3.56
5220264;São Miguel do Passa Quatro;GO;Goiás;4464;8.31
5220280;São Patrício;GO;Goiás;2143;12.40
5220405;São Simão;GO;Goiás;17020;41.01
5220702;Sítio d'Abadia;GO;Goiás;2927;1.82
5221007;Taquaral de Goiás;GO;Goiás;4026;19.58
5221080;Teresina de Goiás;GO;Goiás;2701;3.44
5221197;Terezópolis de Goiás;GO;Goiás;7944;73.96
5221403;Trindade;GO;Goiás;142431;199.85
5221452;Trombas;GO;Goiás;3120;3.89
5221304;Três Ranchos;GO;Goiás;2921;10.28
5221551;Turvelândia;GO;Goiás;4985;5.33
5221502;Turvânia;GO;Goiás;4480;9.29
5221577;Uirapuru;GO;Goiás;2798;2.42
5221700;Uruana;GO;Goiás;13729;26.26
5221601;Uruaçu;GO;Goiás;42546;19.86
5221809;Urutaí;GO;Goiás;3553;5.70
5221858;Valparaíso de Goiás;GO;Goiás;198861;3234.14
5221908;Varjão;GO;Goiás;3716;7.18
5222005;Vianópolis;GO;Goiás;14956;15.68
5222054;Vicentinópolis;GO;Goiás;8768;11.95
5222203;Vila Boa;GO;Goiás;4215;4.00
5222302;Vila Propício;GO;Goiás;5815;2.67
5200175;Água Fria de Goiás;GO;Goiás;4954;2.45
5200209;Água Limpa;GO;Goiás;1858;4.05
5200258;Águas Lindas de Goiás;GO;Goiás;225693;1176.61
2100105;Afonso Cunha;MA;Maranhão;6144;16.55
2100204;Alcântara;MA;Maranhão;18467;15.81
2100303;Aldeias Altas;MA;Maranhão;23286;11.99
2100402;Altamira do Maranhão;MA;Maranhão;6447;12.29
2100436;Alto Alegre do Maranhão;MA;Maranhão;24048;61.23
2100477;Alto Alegre do Pindaré;MA;Maranhão;25710;13.71
2100501;Alto Parnaíba;MA;Maranhão;11109;1.00
2100550;Amapá do Maranhão;MA;Maranhão;7170;14.27
2100600;Amarante do Maranhão;MA;Maranhão;37085;4.98
2100709;Anajatuba;MA;Maranhão;25322;26.92
2100808;Anapurus;MA;Maranhão;13793;22.65
2100832;Apicum-Açu;MA;Maranhão;17519;51.36
2100873;Araguanã;MA;Maranhão;11181;13.89
2100907;Araioses;MA;Maranhão;39052;21.82
2100956;Arame;MA;Maranhão;25517;8.57
2101004;Arari;MA;Maranhão;29472;26.79
2101103;Axixá;MA;Maranhão;11790;73.48
2100055;Açailândia;MA;Maranhão;106550;18.35
2101202;Bacabal;MA;Maranhão;103711;62.60
2101251;Bacabeira;MA;Maranhão;16966;31.25
2101301;Bacuri;MA;Maranhão;16290;19.15
2101350;Bacurituba;MA;Maranhão;5252;12.70
2101400;Balsas;MA;Maranhão;101767;7.74
2101608;Barra do Corda;MA;Maranhão;84532;16.29
2101707;Barreirinhas;MA;Maranhão;65589;21.53
2101509;Barão de Grajaú;MA;Maranhão;18984;8.59
2101772;Bela Vista do Maranhão;MA;Maranhão;11750;79.42
2101731;Belágua;MA;Maranhão;8460;14.85
2101806;Benedito Leite;MA;Maranhão;5469;3.06
2101905;Bequimão;MA;Maranhão;19584;24.78
2101939;Bernardo do Mearim;MA;Maranhão;5840;23.63
2101970;Boa Vista do Gurupi;MA;Maranhão;7574;18.92
2102002;Bom Jardim;MA;Maranhão;33100;5.02
2102036;Bom Jesus das Selvas;MA;Maranhão;28599;10.68
2102077;Bom Lugar;MA;Maranhão;12212;27.43
2102101;Brejo;MA;Maranhão;34120;31.79
2102150;Brejo de Areia;MA;Maranhão;9218;9.35
2102200;Buriti;MA;Maranhão;29685;20.11
2102309;Buriti Bravo;MA;Maranhão;22455;14.19
2102325;Buriticupu;MA;Maranhão;55499;21.81
2102358;Buritirana;MA;Maranhão;12918;15.74
2102374;Cachoeira Grande;MA;Maranhão;9732;13.76
2102408;Cajapió;MA;Maranhão;10121;18.56
2102507;Cajari;MA;Maranhão;16412;24.79
2102556;Campestre do Maranhão;MA;Maranhão;12301;20.05
2102705;Cantanhede;MA;Maranhão;24303;31.44
2102754;Capinzal do Norte;MA;Maranhão;11374;19.27
2102804;Carolina;MA;Maranhão;24062;3.84
2102903;Carutapera;MA;Maranhão;24238;19.22
2103000;Caxias;MA;Maranhão;156973;30.18
2103109;Cedral;MA;Maranhão;10208;35.79
2103125;Central do Maranhão;MA;Maranhão;7094;22.20
2103174;Centro Novo do Maranhão;MA;Maranhão;16267;1.94
2103158;Centro do Guilherme;MA;Maranhão;12342;10.57
2103208;Chapadinha;MA;Maranhão;81386;25.06
2103257;Cidelândia;MA;Maranhão;12878;8.80
2103307;Codó;MA;Maranhão;114275;26.20
2103406;Coelho Neto;MA;Maranhão;41658;42.64
2103505;Colinas;MA;Maranhão;40316;20.38
2103554;Conceição do Lago-Açu;MA;Maranhão;14915;20.55
2103604;Coroatá;MA;Maranhão;59566;26.31
2103703;Cururupu;MA;Maranhão;31558;25.09
2102606;Cândido Mendes;MA;Maranhão;19932;12.19
2103752;Davinópolis;MA;Maranhão;14404;43.35
2103802;Dom Pedro;MA;Maranhão;23053;64.31
2103901;Duque Bacelar;MA;Maranhão;10223;32.20
2104008;Esperantinópolis;MA;Maranhão;18311;40.47
2104057;Estreito;MA;Maranhão;33294;12.24
2104073;Feira Nova do Maranhão;MA;Maranhão;8048;4.95
2104081;Fernando Falcão;MA;Maranhão;10873;2.14
2104099;Formosa da Serra Negra;MA;Maranhão;17719;4.80
2104107;Fortaleza dos Nogueiras;MA;Maranhão;12640;6.82
2104206;Fortuna;MA;Maranhão;16976;20.33
2104305;Godofredo Viana;MA;Maranhão;10186;14.14
2104404;Gonçalves Dias;MA;Maranhão;17206;19.47
2104503;Governador Archer;MA;Maranhão;10231;22.95
2104552;Governador Edison Lobão;MA;Maranhão;18411;29.89
2104602;Governador Eugênio Barros;MA;Maranhão;13930;21.50
2104628;Governador Luiz Rocha;MA;Maranhão;7063;17.59
2104651;Governador Newton Bello;MA;Maranhão;10713;9.36
2104677;Governador Nunes Freire;MA;Maranhão;23128;22.30
2104800;Grajaú;MA;Maranhão;73872;8.34
2104701;Graça Aranha;MA;Maranhão;6023;22.19
2104909;Guimarães;MA;Maranhão;10290;21.49
2105005;Humberto de Campos;MA;Maranhão;25680;14.98
2105104;Icatu;MA;Maranhão;24794;22.05
2105203;Igarapé Grande;MA;Maranhão;10231;29.55
2105153;Igarapé do Meio;MA;Maranhão;13974;37.90
2105302;Imperatriz;MA;Maranhão;273110;199.49
2105351;Itaipava do Grajaú;MA;Maranhão;13828;11.11
2105401;Itapecuru Mirim;MA;Maranhão;60440;40.82
2105427;Itinga do Maranhão;MA;Maranhão;22513;6.28
2105450;Jatobá;MA;Maranhão;7471;12.63
2105476;Jenipapo dos Vieiras;MA;Maranhão;17076;8.70
2105609;Joselândia;MA;Maranhão;14924;21.23
2105500;João Lisboa;MA;Maranhão;24709;21.73
2105658;Junco do Maranhão;MA;Maranhão;5146;9.05
2105906;Lago Verde;MA;Maranhão;14769;23.39
2105708;Lago da Pedra;MA;Maranhão;44403;35.80
2105807;Lago do Junco;MA;Maranhão;9506;28.94
2105948;Lago dos Rodrigues;MA;Maranhão;8758;39.67
2105963;Lagoa Grande do Maranhão;MA;Maranhão;11411;15.33
2105922;Lagoa do Mato;MA;Maranhão;10572;6.99
2105989;Lajeado Novo;MA;Maranhão;7057;6.63
2106003;Lima Campos;MA;Maranhão;11297;35.09
2106102;Loreto;MA;Maranhão;11597;3.22
2106201;Luís Domingues;MA;Maranhão;7161;15.16
2106300;Magalhães de Almeida;MA;Maranhão;13807;31.78
2106326;Maracaçumé;MA;Maranhão;21149;33.27
2106359;Marajá do Sena;MA;Maranhão;7027;5.01
2106375;Maranhãozinho;MA;Maranhão;13761;18.08
2106409;Mata Roma;MA;Maranhão;17090;31.15
2106508;Matinha;MA;Maranhão;22034;53.66
2106607;Matões;MA;Maranhão;32174;15.26
2106631;Matões do Norte;MA;Maranhão;17432;21.94
2106672;Milagres do Maranhão;MA;Maranhão;8818;13.89
2106706;Mirador;MA;Maranhão;21030;2.47
2106755;Miranda do Norte;MA;Maranhão;23864;69.96
2106805;Mirinzal;MA;Maranhão;13978;20.35
2107001;Montes Altos;MA;Maranhão;9106;6.12
2106904;Monção;MA;Maranhão;27751;22.28
2107100;Morros;MA;Maranhão;18554;10.84
2107209;Nina Rodrigues;MA;Maranhão;14176;24.83
2107258;Nova Colinas;MA;Maranhão;5021;6.76
2107308;Nova Iorque;MA;Maranhão;4320;4.42
2107357;Nova Olinda do Maranhão;MA;Maranhão;14314;5.84
2107407;Olho d'Água das Cunhãs;MA;Maranhão;17919;25.77
2107456;Olinda Nova do Maranhão;MA;Maranhão;13577;67.93
2107605;Palmeirândia;MA;Maranhão;21059;39.57
2107704;Paraibano;MA;Maranhão;18274;34.45
2107803;Parnarama;MA;Maranhão;31250;9.63
2107902;Passagem Franca;MA;Maranhão;17220;12.68
2108009;Pastos Bons;MA;Maranhão;18802;11.50
2108058;Paulino Neves;MA;Maranhão;17056;17.41
2108108;Paulo Ramos;MA;Maranhão;20341;17.41
2107506;Paço do Lumiar;MA;Maranhão;145643;1145.06
2108207;Pedreiras;MA;Maranhão;37050;141.38
2108256;Pedro do Rosário;MA;Maranhão;24320;13.87
2108306;Penalva;MA;Maranhão;32511;40.59
2108405;Peri Mirim;MA;Maranhão;11108;27.91
2108454;Peritoró;MA;Maranhão;20479;24.83
2108504;Pindaré-Mirim;MA;Maranhão;31429;117.15
2108603;Pinheiro;MA;Maranhão;84621;55.93
2108702;Pio XII;MA;Maranhão;21886;40.15
2108801;Pirapemas;MA;Maranhão;17714;25.72
2109007;Porto Franco;MA;Maranhão;23903;16.83
2109056;Porto Rico do Maranhão;MA;Maranhão;5954;24.30
2108900;Poção de Pedras;MA;Maranhão;17161;17.33
2109106;Presidente Dutra;MA;Maranhão;45155;58.52
2109205;Presidente Juscelino;MA;Maranhão;11356;31.94
2109239;Presidente Médici;MA;Maranhão;4696;10.73
2109270;Presidente Sarney;MA;Maranhão;17511;24.11
2109304;Presidente Vargas;MA;Maranhão;10549;22.93
2109403;Primeira Cruz;MA;Maranhão;13614;10.18
2109452;Raposa;MA;Maranhão;30839;389.32
2109502;Riachão;MA;Maranhão;22145;3.46
2109551;Ribamar Fiquene;MA;Maranhão;7420;10.12
2109601;Rosário;MA;Maranhão;38475;59.38
2109700;Sambaíba;MA;Maranhão;5568;2.25
2109759;Santa Filomena do Maranhão;MA;Maranhão;6697;10.75
2109809;Santa Helena;MA;Maranhão;41561;18.97
2109908;Santa Inês;MA;Maranhão;85014;108.07
2110005;Santa Luzia;MA;Maranhão;57635;11.92
2110039;Santa Luzia do Paruá;MA;Maranhão;24307;24.05
2110104;Santa Quitéria do Maranhão;MA;Maranhão;23957;16.75
2110203;Santa Rita;MA;Maranhão;37035;48.94
2110237;Santana do Maranhão;MA;Maranhão;10567;11.34
2110278;Santo Amaro do Maranhão;MA;Maranhão;13949;8.81
2110302;Santo Antônio dos Lopes;MA;Maranhão;14304;18.55
2111722;Satubinha;MA;Maranhão;8784;19.88
2111748;Senador Alexandre Costa;MA;Maranhão;10207;23.94
2111763;Senador La Rocque;MA;Maranhão;14700;19.91
2111789;Serrano do Maranhão;MA;Maranhão;10202;8.75
2111904;Sucupira do Norte;MA;Maranhão;10238;9.53
2111953;Sucupira do Riachão;MA;Maranhão;4985;5.78
2110401;São Benedito do Rio Preto;MA;Maranhão;18364;19.71
2110500;São Bento;MA;Maranhão;46395;101.52
2110609;São Bernardo;MA;Maranhão;26943;26.79
2110658;São Domingos do Azeitão;MA;Maranhão;7992;8.31
2110708;São Domingos do Maranhão;MA;Maranhão;34034;29.54
2110856;São Francisco do Brejão;MA;Maranhão;9051;12.14
2110906;São Francisco do Maranhão;MA;Maranhão;12064;5.28
2110807;São Félix de Balsas;MA;Maranhão;4402;2.17
2111201;São José de Ribamar;MA;Maranhão;244579;1356.04
2111250;São José dos Basílios;MA;Maranhão;6957;19.67
2111003;São João Batista;MA;Maranhão;18544;28.53
2111029;São João do Carú;MA;Maranhão;12251;13.46
2111052;São João do Paraíso;MA;Maranhão;9904;4.83
2111078;São João do Soter;MA;Maranhão;16889;11.74
2111102;São João dos Patos;MA;Maranhão;25020;16.87
2111300;São Luís;MA;Maranhão;1037775;1779.87
2111409;São Luís Gonzaga do Maranhão;MA;Maranhão;17818;19.60
2111508;São Mateus do Maranhão;MA;Maranhão;38829;48.53
2111532;São Pedro da Água Branca;MA;Maranhão;14338;19.90
2111573;São Pedro dos Crentes;MA;Maranhão;5783;5.90
2111607;São Raimundo das Mangabeiras;MA;Maranhão;18672;5.30
2111631;São Raimundo do Doca Bezerra;MA;Maranhão;5650;13.47
2111672;São Roberto;MA;Maranhão;4544;20.03
2111706;São Vicente Ferrer;MA;Maranhão;19498;49.50
2111805;Sítio Novo;MA;Maranhão;17074;5.48
2112001;Tasso Fragoso;MA;Maranhão;8862;2.03
2112100;Timbiras;MA;Maranhão;26484;17.82
2112209;Timon;MA;Maranhão;174465;98.95
2112233;Trizidela do Vale;MA;Maranhão;22484;77.10
2112274;Tufilândia;MA;Maranhão;5507;20.33
2112308;Tuntum;MA;Maranhão;36251;10.76
2112407;Turiaçu;MA;Maranhão;37491;14.30
2112456;Turilândia;MA;Maranhão;31638;20.99
2112506;Tutóia;MA;Maranhão;53356;34.07
2112605;Urbano Santos;MA;Maranhão;32812;19.22
2112704;Vargem Grande;MA;Maranhão;43261;22.09
2112803;Viana;MA;Maranhão;51442;44.09
2112852;Vila Nova dos Martírios;MA;Maranhão;10362;8.71
2113009;Vitorino Freire;MA;Maranhão;30845;25.85
2112902;Vitória do Mearim;MA;Maranhão;30805;42.98
2114007;Zé Doca;MA;Maranhão;40801;19.06
2100154;Água Doce do Maranhão;MA;Maranhão;12142;27.45
3100104;Abadia dos Dourados;MG;Minas Gerais;6272;7.12
3100203;Abaeté;MG;Minas Gerais;22675;12.48
3100302;Abre Campo;MG;Minas Gerais;13927;29.60
3100401;Acaiaca;MG;Minas Gerais;3909;38.37
3100807;Aguanil;MG;Minas Gerais;4357;18.77
3101102;Aimorés;MG;Minas Gerais;25269;18.73
3101201;Aiuruoca;MG;Minas Gerais;6233;9.59
3101300;Alagoa;MG;Minas Gerais;2749;17.04
3101409;Albertina;MG;Minas Gerais;2952;50.89
3101607;Alfenas;MG;Minas Gerais;78970;92.86
3101631;Alfredo Vasconcelos;MG;Minas Gerais;6931;52.98
3101706;Almenara;MG;Minas Gerais;40364;17.59
3101805;Alpercata;MG;Minas Gerais;6903;41.34
3101904;Alpinópolis;MG;Minas Gerais;18300;39.72
3102001;Alterosa;MG;Minas Gerais;13915;38.44
3102050;Alto Caparaó;MG;Minas Gerais;5795;55.89
3153509;Alto Jequitibá;MG;Minas Gerais;8397;55.14
3102100;Alto Rio Doce;MG;Minas Gerais;10891;21.02
3102209;Alvarenga;MG;Minas Gerais;3975;14.29
3102308;Alvinópolis;MG;Minas Gerais;15059;25.12
3102407;Alvorada de Minas;MG;Minas Gerais;4159;11.12
3101508;Além Paraíba;MG;Minas Gerais;30717;60.20
3102506;Amparo do Serra;MG;Minas Gerais;4541;33.34
3102605;Andradas;MG;Minas Gerais;40553;86.39
3102803;Andrelândia;MG;Minas Gerais;11927;11.86
3102852;Angelândia;MG;Minas Gerais;7718;41.67
3102902;Antônio Carlos;MG;Minas Gerais;11095;20.94
3103009;Antônio Dias;MG;Minas Gerais;9219;11.71
3103108;Antônio Prado de Minas;MG;Minas Gerais;1538;18.35
3103306;Aracitaba;MG;Minas Gerais;2049;19.22
3103504;Araguari;MG;Minas Gerais;117808;43.16
3103603;Arantina;MG;Minas Gerais;2915;32.60
3103702;Araponga;MG;Minas Gerais;8048;26.49
3103751;Araporã;MG;Minas Gerais;8479;28.81
3103801;Arapuá;MG;Minas Gerais;2631;15.13
3104007;Araxá;MG;Minas Gerais;111691;95.95
3103207;Araçaí;MG;Minas Gerais;2181;11.63
3103405;Araçuaí;MG;Minas Gerais;34297;15.34
3103900;Araújos;MG;Minas Gerais;9199;37.47
3104106;Arceburgo;MG;Minas Gerais;9177;56.34
3104205;Arcos;MG;Minas Gerais;41416;81.23
3104304;Areado;MG;Minas Gerais;13881;49.03
3104403;Argirita;MG;Minas Gerais;2688;16.87
3104452;Aricanduva;MG;Minas Gerais;4719;19.39
3104502;Arinos;MG;Minas Gerais;17272;3.27
3104601;Astolfo Dutra;MG;Minas Gerais;14138;88.98
3104700;Ataléia;MG;Minas Gerais;13736;7.48
3104809;Augusto de Lima;MG;Minas Gerais;4538;3.62
3100500;Açucena;MG;Minas Gerais;8943;10.97
3104908;Baependi;MG;Minas Gerais;18366;24.47
3105004;Baldim;MG;Minas Gerais;7492;13.47
3105103;Bambuí;MG;Minas Gerais;23546;16.17
3105202;Bandeira;MG;Minas Gerais;4741;9.80
3105301;Bandeira do Sul;MG;Minas Gerais;5943;125.74
3105608;Barbacena;MG;Minas Gerais;125317;165.07
3105707;Barra Longa;MG;Minas Gerais;5666;14.77
3105905;Barroso;MG;Minas Gerais;20080;244.67
3105400;Barão de Cocais;MG;Minas Gerais;30778;90.49
3105509;Barão do Monte Alto;MG;Minas Gerais;4964;25.03
3106002;Bela Vista de Minas;MG;Minas Gerais;10167;93.15
3106101;Belmiro Braga;MG;Minas Gerais;3244;8.25
3106200;Belo Horizonte;MG;Minas Gerais;2315560;6988.18
3106309;Belo Oriente;MG;Minas Gerais;23928;71.45
3106408;Belo Vale;MG;Minas Gerais;8627;23.58
3106507;Berilo;MG;Minas Gerais;9826;16.74
3106655;Berizal;MG;Minas Gerais;4201;8.60
3106606;Bertópolis;MG;Minas Gerais;4451;10.40
3106705;Betim;MG;Minas Gerais;411846;1197.01
3106804;Bias Fortes;MG;Minas Gerais;3361;11.85
3106903;Bicas;MG;Minas Gerais;13978;99.78
3107000;Biquinhas;MG;Minas Gerais;2383;5.19
3107109;Boa Esperança;MG;Minas Gerais;39848;46.30
3107208;Bocaina de Minas;MG;Minas Gerais;5348;10.62
3107307;Bocaiúva;MG;Minas Gerais;48032;14.98
3107406;Bom Despacho;MG;Minas Gerais;51737;42.63
3107505;Bom Jardim de Minas;MG;Minas Gerais;6783;16.46
3107604;Bom Jesus da Penha;MG;Minas Gerais;4474;21.47
3107703;Bom Jesus do Amparo;MG;Minas Gerais;5631;28.79
3107802;Bom Jesus do Galho;MG;Minas Gerais;14536;24.54
3107901;Bom Repouso;MG;Minas Gerais;12649;55.03
3108008;Bom Sucesso;MG;Minas Gerais;17151;24.33
3108107;Bonfim;MG;Minas Gerais;7434;24.63
3108206;Bonfinópolis de Minas;MG;Minas Gerais;5528;2.99
3108255;Bonito de Minas;MG;Minas Gerais;10204;2.59
3108305;Borda da Mata;MG;Minas Gerais;17404;57.80
3108404;Botelhos;MG;Minas Gerais;14828;44.38
3108503;Botumirim;MG;Minas Gerais;5790;3.69
3108552;Brasilândia de Minas;MG;Minas Gerais;15020;5.98
3108602;Brasília de Minas;MG;Minas Gerais;32025;22.88
3108909;Brazópolis;MG;Minas Gerais;14246;38.74
3108800;Braúnas;MG;Minas Gerais;4441;11.74
3109006;Brumadinho;MG;Minas Gerais;38915;60.86
3108701;Brás Pires;MG;Minas Gerais;4260;19.07
3109105;Bueno Brandão;MG;Minas Gerais;10911;30.64
3109204;Buenópolis;MG;Minas Gerais;9150;5.72
3109253;Bugre;MG;Minas Gerais;4041;25.02
3109303;Buritis;MG;Minas Gerais;24030;4.60
3109402;Buritizeiro;MG;Minas Gerais;23910;3.31
3109451;Cabeceira Grande;MG;Minas Gerais;6627;6.41
3109501;Cabo Verde;MG;Minas Gerais;11410;30.99
3109808;Cachoeira Dourada;MG;Minas Gerais;2315;11.40
3109600;Cachoeira da Prata;MG;Minas Gerais;3693;60.17
3109709;Cachoeira de Minas;MG;Minas Gerais;11883;39.06
3102704;Cachoeira de Pajeú;MG;Minas Gerais;9110;13.10
3109907;Caetanópolis;MG;Minas Gerais;11435;73.28
3110004;Caeté;MG;Minas Gerais;38776;71.47
3110103;Caiana;MG;Minas Gerais;5304;49.82
3110202;Cajuri;MG;Minas Gerais;4088;49.23
3110301;Caldas;MG;Minas Gerais;14217;19.98
3110400;Camacho;MG;Minas Gerais;2838;12.73
3110509;Camanducaia;MG;Minas Gerais;26097;49.36
3110707;Cambuquira;MG;Minas Gerais;12313;49.98
3110608;Cambuí;MG;Minas Gerais;29536;120.77
3110905;Campanha;MG;Minas Gerais;15935;47.48
3110806;Campanário;MG;Minas Gerais;2923;6.61
3111002;Campestre;MG;Minas Gerais;20696;35.82
3111101;Campina Verde;MG;Minas Gerais;18011;4.93
3111150;Campo Azul;MG;Minas Gerais;3714;7.34
3111200;Campo Belo;MG;Minas Gerais;52277;98.97
3111408;Campo Florido;MG;Minas Gerais;8466;6.70
3111309;Campo do Meio;MG;Minas Gerais;11377;41.31
3111507;Campos Altos;MG;Minas Gerais;12979;18.26
3111606;Campos Gerais;MG;Minas Gerais;26105;33.92
3111903;Cana Verde;MG;Minas Gerais;5272;24.78
3111705;Canaã;MG;Minas Gerais;4715;26.96
3112000;Candeias;MG;Minas Gerais;14001;19.43
3112059;Cantagalo;MG;Minas Gerais;3974;28.01
3111804;Canápolis;MG;Minas Gerais;10608;12.57
3112109;Caparaó;MG;Minas Gerais;5048;38.62
3112208;Capela Nova;MG;Minas Gerais;4362;39.27
3112307;Capelinha;MG;Minas Gerais;39626;41.05
3112406;Capetinga;MG;Minas Gerais;6562;22.02
3112505;Capim Branco;MG;Minas Gerais;10663;111.85
3112604;Capinópolis;MG;Minas Gerais;14655;23.61
3112653;Capitão Andrade;MG;Minas Gerais;4585;16.43
3112703;Capitão Enéas;MG;Minas Gerais;14108;14.52
3112802;Capitólio;MG;Minas Gerais;10380;19.89
3112901;Caputira;MG;Minas Gerais;8936;47.61
3113107;Caranaíba;MG;Minas Gerais;2933;18.34
3113206;Carandaí;MG;Minas Gerais;23812;48.87
3113305;Carangola;MG;Minas Gerais;31240;88.40
3113404;Caratinga;MG;Minas Gerais;87360;69.42
3113008;Caraí;MG;Minas Gerais;19548;15.73
3113503;Carbonita;MG;Minas Gerais;8512;5.85
3113602;Careaçu;MG;Minas Gerais;6816;37.66
3113701;Carlos Chagas;MG;Minas Gerais;18615;5.81
3113909;Carmo da Cachoeira;MG;Minas Gerais;11547;22.81
3114006;Carmo da Mata;MG;Minas Gerais;11019;30.85
3114105;Carmo de Minas;MG;Minas Gerais;13797;42.81
3114204;Carmo do Cajuru;MG;Minas Gerais;23479;51.51
3114303;Carmo do Paranaíba;MG;Minas Gerais;29011;22.18
3114402;Carmo do Rio Claro;MG;Minas Gerais;20954;19.66
3113800;Carmésia;MG;Minas Gerais;2605;10.05
3114501;Carmópolis de Minas;MG;Minas Gerais;18003;45.01
3114550;Carneirinho;MG;Minas Gerais;9422;4.57
3114600;Carrancas;MG;Minas Gerais;4049;5.56
3114808;Carvalhos;MG;Minas Gerais;4422;15.67
3114709;Carvalhópolis;MG;Minas Gerais;3341;41.20
3114907;Casa Grande;MG;Minas Gerais;2214;14.04
3115003;Cascalho Rico;MG;Minas Gerais;2712;7.38
3115300;Cataguases;MG;Minas Gerais;66261;134.74
3115359;Catas Altas;MG;Minas Gerais;5473;22.80
3115409;Catas Altas da Noruega;MG;Minas Gerais;3110;21.96
3115458;Catuji;MG;Minas Gerais;7030;16.76
3115474;Catuti;MG;Minas Gerais;4739;16.47
3115508;Caxambu;MG;Minas Gerais;21056;209.55
3115607;Cedro do Abaeté;MG;Minas Gerais;1081;3.82
3115706;Central de Minas;MG;Minas Gerais;6171;30.20
3115805;Centralina;MG;Minas Gerais;10207;31.66
3116001;Chalé;MG;Minas Gerais;6075;28.56
3116159;Chapada Gaúcha;MG;Minas Gerais;12355;3.80
3116100;Chapada do Norte;MG;Minas Gerais;10337;12.44
3116209;Chiador;MG;Minas Gerais;2800;11.07
3115904;Chácara;MG;Minas Gerais;3075;20.12
3116308;Cipotânea;MG;Minas Gerais;5581;36.36
3116407;Claraval;MG;Minas Gerais;4658;20.46
3116506;Claro dos Poções;MG;Minas Gerais;7166;9.95
3116605;Cláudio;MG;Minas Gerais;30159;47.82
3116704;Coimbra;MG;Minas Gerais;7117;66.59
3116803;Coluna;MG;Minas Gerais;8163;23.42
3116902;Comendador Gomes;MG;Minas Gerais;2773;2.66
3117009;Comercinho;MG;Minas Gerais;6660;10.17
3117108;Conceição da Aparecida;MG;Minas Gerais;10371;29.42
3115201;Conceição da Barra de Minas;MG;Minas Gerais;3560;13.04
3117306;Conceição das Alagoas;MG;Minas Gerais;28381;21.18
3117207;Conceição das Pedras;MG;Minas Gerais;2772;27.12
3117405;Conceição de Ipanema;MG;Minas Gerais;4409;17.36
3117504;Conceição do Mato Dentro;MG;Minas Gerais;23163;13.47
3117603;Conceição do Pará;MG;Minas Gerais;5415;21.63
3117702;Conceição do Rio Verde;MG;Minas Gerais;12541;33.92
3117801;Conceição dos Ouros;MG;Minas Gerais;10880;60.37
3117876;Confins;MG;Minas Gerais;7350;173.53
3117900;Congonhal;MG;Minas Gerais;11083;54.03
3118007;Congonhas;MG;Minas Gerais;52890;173.94
3118106;Congonhas do Norte;MG;Minas Gerais;4831;11.91
3118205;Conquista;MG;Minas Gerais;6694;10.83
3118304;Conselheiro Lafaiete;MG;Minas Gerais;131621;355.50
3118403;Conselheiro Pena;MG;Minas Gerais;20824;14.03
3118502;Consolação;MG;Minas Gerais;1563;17.54
3118601;Contagem;MG;Minas Gerais;621863;3193.20
3118700;Coqueiral;MG;Minas Gerais;9023;30.47
3118809;Coração de Jesus;MG;Minas Gerais;25377;11.40
3118908;Cordisburgo;MG;Minas Gerais;7547;9.16
3119005;Cordislândia;MG;Minas Gerais;3200;17.82
3119104;Corinto;MG;Minas Gerais;23532;9.32
3119203;Coroaci;MG;Minas Gerais;10884;18.89
3119302;Coromandel;MG;Minas Gerais;28894;8.72
3119401;Coronel Fabriciano;MG;Minas Gerais;104736;473.38
3119500;Coronel Murta;MG;Minas Gerais;8200;10.06
3119609;Coronel Pacheco;MG;Minas Gerais;2762;21.00
3119708;Coronel Xavier Chaves;MG;Minas Gerais;3486;24.73
3120102;Couto de Magalhães de Minas;MG;Minas Gerais;4245;8.74
3120201;Cristais;MG;Minas Gerais;12197;19.41
3120409;Cristiano Otoni;MG;Minas Gerais;4667;35.12
3120508;Cristina;MG;Minas Gerais;10374;33.32
3120300;Cristália;MG;Minas Gerais;5121;6.09
3120151;Crisólita;MG;Minas Gerais;5265;5.45
3120607;Crucilândia;MG;Minas Gerais;5434;32.51
3120706;Cruzeiro da Fortaleza;MG;Minas Gerais;3521;18.78
3120805;Cruzília;MG;Minas Gerais;15362;29.41
3120839;Cuparaque;MG;Minas Gerais;3983;17.57
3120870;Curral de Dentro;MG;Minas Gerais;7406;12.97
3120904;Curvelo;MG;Minas Gerais;80665;24.47
3115102;Cássia;MG;Minas Gerais;17155;25.77
3119807;Córrego Danta;MG;Minas Gerais;2960;4.50
3119955;Córrego Fundo;MG;Minas Gerais;6133;60.66
3120003;Córrego Novo;MG;Minas Gerais;2875;14.00
3119906;Córrego do Bom Jesus;MG;Minas Gerais;4272;34.55
3117836;Cônego Marinho;MG;Minas Gerais;7237;4.49
3121001;Datas;MG;Minas Gerais;5465;17.62
3121100;Delfim Moreira;MG;Minas Gerais;7952;19.47
3121209;Delfinópolis;MG;Minas Gerais;8393;6.09
3121258;Delta;MG;Minas Gerais;10494;102.10
3121308;Descoberto;MG;Minas Gerais;4928;23.12
3121407;Desterro de Entre Rios;MG;Minas Gerais;7653;20.29
3121506;Desterro do Melo;MG;Minas Gerais;2994;21.04
3121605;Diamantina;MG;Minas Gerais;47702;12.26
3121704;Diogo de Vasconcelos;MG;Minas Gerais;3549;21.50
3121803;Dionísio;MG;Minas Gerais;6847;20.18
3122009;Divino;MG;Minas Gerais;20706;61.30
3122108;Divino das Laranjeiras;MG;Minas Gerais;4178;12.21
3122207;Divinolândia de Minas;MG;Minas Gerais;6516;48.95
3121902;Divinésia;MG;Minas Gerais;4226;36.13
3122306;Divinópolis;MG;Minas Gerais;231091;326.35
3122355;Divisa Alegre;MG;Minas Gerais;6321;53.66
3122405;Divisa Nova;MG;Minas Gerais;5851;26.97
3122454;Divisópolis;MG;Minas Gerais;10213;17.83
3122470;Dom Bosco;MG;Minas Gerais;3697;4.52
3122504;Dom Cavati;MG;Minas Gerais;4904;82.39
3122603;Dom Joaquim;MG;Minas Gerais;4899;12.28
3122702;Dom Silvério;MG;Minas Gerais;5228;26.81
3122801;Dom Viçoso;MG;Minas Gerais;3095;27.17
3122900;Dona Euzébia;MG;Minas Gerais;6093;86.76
3123007;Dores de Campos;MG;Minas Gerais;10007;80.16
3123106;Dores de Guanhães;MG;Minas Gerais;5029;13.16
3123205;Dores do Indaiá;MG;Minas Gerais;12630;11.37
3123304;Dores do Turvo;MG;Minas Gerais;4987;21.57
3123403;Doresópolis;MG;Minas Gerais;1461;9.55
3123502;Douradoquara;MG;Minas Gerais;1829;5.85
3123528;Durandé;MG;Minas Gerais;7817;35.95
3123601;Elói Mendes;MG;Minas Gerais;26336;52.72
3123700;Engenheiro Caldas;MG;Minas Gerais;13622;72.82
3123809;Engenheiro Navarro;MG;Minas Gerais;6354;10.45
3123858;Entre Folhas;MG;Minas Gerais;5179;60.65
3123908;Entre Rios de Minas;MG;Minas Gerais;14746;32.28
3124005;Ervália;MG;Minas Gerais;20255;56.66
3124104;Esmeraldas;MG;Minas Gerais;85598;94.09
3124203;Espera Feliz;MG;Minas Gerais;24102;75.88
3124302;Espinosa;MG;Minas Gerais;30443;16.29
3124401;Espírito Santo do Dourado;MG;Minas Gerais;6611;25.05
3124500;Estiva;MG;Minas Gerais;11502;47.16
3124609;Estrela Dalva;MG;Minas Gerais;2186;16.64
3124708;Estrela do Indaiá;MG;Minas Gerais;2772;4.36
3124807;Estrela do Sul;MG;Minas Gerais;6840;8.32
3124906;Eugenópolis;MG;Minas Gerais;10801;34.91
3125002;Ewbank da Câmara;MG;Minas Gerais;3875;37.32
3125101;Extrema;MG;Minas Gerais;53482;218.67
3125200;Fama;MG;Minas Gerais;2578;29.97
3125309;Faria Lemos;MG;Minas Gerais;3188;19.30
3125606;Felisburgo;MG;Minas Gerais;6489;10.88
3125705;Felixlândia;MG;Minas Gerais;13978;8.99
3125408;Felício dos Santos;MG;Minas Gerais;5133;14.35
3125804;Fernandes Tourinho;MG;Minas Gerais;2789;18.36
3125903;Ferros;MG;Minas Gerais;9590;8.81
3125952;Fervedouro;MG;Minas Gerais;10445;29.20
3126000;Florestal;MG;Minas Gerais;8045;41.42
3126109;Formiga;MG;Minas Gerais;68248;45.44
3126208;Formoso;MG;Minas Gerais;7949;2.16
3126307;Fortaleza de Minas;MG;Minas Gerais;3477;15.89
3126406;Fortuna de Minas;MG;Minas Gerais;3093;15.57
3126505;Francisco Badaró;MG;Minas Gerais;7366;15.96
3126604;Francisco Dumont;MG;Minas Gerais;4503;2.86
3126703;Francisco Sá;MG;Minas Gerais;23476;8.55
3126752;Franciscópolis;MG;Minas Gerais;5034;7.02
3126802;Frei Gaspar;MG;Minas Gerais;5640;9.00
3126901;Frei Inocêncio;MG;Minas Gerais;8226;17.52
3126950;Frei Lagonegro;MG;Minas Gerais;3391;20.25
3127008;Fronteira;MG;Minas Gerais;14540;72.70
3127057;Fronteira dos Vales;MG;Minas Gerais;4345;13.55
3127073;Fruta de Leite;MG;Minas Gerais;4647;6.09
3127107;Frutal;MG;Minas Gerais;58588;24.14
3127206;Funilândia;MG;Minas Gerais;4686;23.45
3127305;Galiléia;MG;Minas Gerais;6222;8.64
3127339;Gameleiras;MG;Minas Gerais;4793;2.77
3127354;Glaucilândia;MG;Minas Gerais;2928;20.07
3127370;Goiabeira;MG;Minas Gerais;2830;25.17
3127388;Goianá;MG;Minas Gerais;4053;26.66
3127503;Gonzaga;MG;Minas Gerais;5230;24.98
3127404;Gonçalves;MG;Minas Gerais;4727;25.23
3127602;Gouveia;MG;Minas Gerais;11331;13.08
3127701;Governador Valadares;MG;Minas Gerais;257171;109.79
3127909;Grupiara;MG;Minas Gerais;1392;7.21
3127800;Grão Mogol;MG;Minas Gerais;13901;3.58
3128006;Guanhães;MG;Minas Gerais;32244;29.99
3128105;Guapé;MG;Minas Gerais;13772;14.74
3128204;Guaraciaba;MG;Minas Gerais;9753;27.98
3128253;Guaraciama;MG;Minas Gerais;5051;12.94
3128402;Guarani;MG;Minas Gerais;7714;29.20
3128303;Guaranésia;MG;Minas Gerais;19150;64.95
3128501;Guarará;MG;Minas Gerais;3149;35.52
3128600;Guarda-Mor;MG;Minas Gerais;6539;3.16
3128709;Guaxupé;MG;Minas Gerais;50911;177.76
3128808;Guidoval;MG;Minas Gerais;7131;45.03
3128907;Guimarânia;MG;Minas Gerais;8478;23.11
3129004;Guiricema;MG;Minas Gerais;7778;26.49
3129103;Gurinhatã;MG;Minas Gerais;5192;2.81
3129202;Heliodora;MG;Minas Gerais;6134;39.84
3129301;Iapu;MG;Minas Gerais;12030;35.28
3129400;Ibertioga;MG;Minas Gerais;5198;15.01
3129608;Ibiaí;MG;Minas Gerais;6286;7.19
3129657;Ibiracatu;MG;Minas Gerais;5081;14.38
3129707;Ibiraci;MG;Minas Gerais;10948;19.48
3129806;Ibirité;MG;Minas Gerais;170537;2355.65
3129905;Ibitiúra de Minas;MG;Minas Gerais;3365;49.26
3130002;Ibituruna;MG;Minas Gerais;2698;17.62
3129509;Ibiá;MG;Minas Gerais;22229;8.22
3130051;Icaraí de Minas;MG;Minas Gerais;10677;17.07
3130101;Igarapé;MG;Minas Gerais;45847;413.25
3130200;Igaratinga;MG;Minas Gerais;10830;49.60
3130309;Iguatama;MG;Minas Gerais;6826;10.87
3130408;Ijaci;MG;Minas Gerais;7003;66.54
3130507;Ilicínea;MG;Minas Gerais;12741;33.85
3130556;Imbé de Minas;MG;Minas Gerais;6986;35.51
3130606;Inconfidentes;MG;Minas Gerais;7301;48.80
3130655;Indaiabira;MG;Minas Gerais;6346;6.32
3130705;Indianópolis;MG;Minas Gerais;6171;7.43
3130804;Ingaí;MG;Minas Gerais;2580;8.44
3130903;Inhapim;MG;Minas Gerais;22692;26.45
3131000;Inhaúma;MG;Minas Gerais;6239;25.47
3131109;Inimutaba;MG;Minas Gerais;7371;13.99
3131158;Ipaba;MG;Minas Gerais;17136;151.32
3131208;Ipanema;MG;Minas Gerais;19522;42.75
3131307;Ipatinga;MG;Minas Gerais;227731;1381.16
3131406;Ipiaçu;MG;Minas Gerais;3775;8.10
3131505;Ipuiúna;MG;Minas Gerais;9135;30.63
3131604;Iraí de Minas;MG;Minas Gerais;7180;20.15
3131703;Itabira;MG;Minas Gerais;113343;90.41
3131802;Itabirinha;MG;Minas Gerais;10362;49.57
3131901;Itabirito;MG;Minas Gerais;53365;98.09
3132008;Itacambira;MG;Minas Gerais;4252;2.38
3132107;Itacarambi;MG;Minas Gerais;17208;14.04
3132206;Itaguara;MG;Minas Gerais;13846;33.73
3132305;Itaipé;MG;Minas Gerais;10463;21.76
3132404;Itajubá;MG;Minas Gerais;93073;315.68
3132503;Itamarandiba;MG;Minas Gerais;32948;12.04
3132602;Itamarati de Minas;MG;Minas Gerais;3690;39.02
3132701;Itambacuri;MG;Minas Gerais;21042;14.83
3132800;Itambé do Mato Dentro;MG;Minas Gerais;2142;5.63
3132909;Itamogi;MG;Minas Gerais;10770;44.19
3133006;Itamonte;MG;Minas Gerais;14786;34.24
3133105;Itanhandu;MG;Minas Gerais;15236;106.28
3133204;Itanhomi;MG;Minas Gerais;11128;22.76
3133303;Itaobim;MG;Minas Gerais;19151;28.20
3133402;Itapagipe;MG;Minas Gerais;13690;7.60
3133501;Itapecerica;MG;Minas Gerais;21046;20.23
3133600;Itapeva;MG;Minas Gerais;12692;71.57
3133709;Itatiaiuçu;MG;Minas Gerais;12966;43.93
3133907;Itaverava;MG;Minas Gerais;5642;19.85
3133758;Itaú de Minas;MG;Minas Gerais;14406;93.90
3133808;Itaúna;MG;Minas Gerais;97669;197.01
3134004;Itinga;MG;Minas Gerais;13745;8.33
3134103;Itueta;MG;Minas Gerais;6055;13.38
3134202;Ituiutaba;MG;Minas Gerais;102217;39.34
3134301;Itumirim;MG;Minas Gerais;6638;28.27
3134400;Iturama;MG;Minas Gerais;38295;27.26
3134509;Itutinga;MG;Minas Gerais;4217;11.34
3134608;Jaboticatubas;MG;Minas Gerais;20406;18.30
3134707;Jacinto;MG;Minas Gerais;11042;7.92
3134905;Jacutinga;MG;Minas Gerais;25525;73.42
3134806;Jacuí;MG;Minas Gerais;7495;18.31
3135001;Jaguaraçu;MG;Minas Gerais;3092;18.88
3135076;Jampruca;MG;Minas Gerais;4296;8.31
3135100;Janaúba;MG;Minas Gerais;70699;32.41
3135209;Januária;MG;Minas Gerais;65150;9.78
3135308;Japaraíba;MG;Minas Gerais;4506;26.18
3135357;Japonvar;MG;Minas Gerais;8127;21.66
3135050;Jaíba;MG;Minas Gerais;37660;14.29
3135407;Jeceaba;MG;Minas Gerais;6197;26.23
3135456;Jenipapo de Minas;MG;Minas Gerais;6100;21.44
3135506;Jequeri;MG;Minas Gerais;12419;22.67
3135605;Jequitaí;MG;Minas Gerais;6484;5.11
3135704;Jequitibá;MG;Minas Gerais;5883;13.22
3135803;Jequitinhonha;MG;Minas Gerais;24007;6.83
3135902;Jesuânia;MG;Minas Gerais;5138;33.40
3136108;Joanésia;MG;Minas Gerais;4329;18.56
3136405;Joaquim Felício;MG;Minas Gerais;3854;4.87
3136009;Joaíma;MG;Minas Gerais;13888;8.35
3136504;Jordânia;MG;Minas Gerais;10304;18.85
3136579;Josenópolis;MG;Minas Gerais;3630;6.70
3136520;José Gonçalves de Minas;MG;Minas Gerais;3969;10.41
3136553;José Raydan;MG;Minas Gerais;4268;23.60
3136207;João Monlevade;MG;Minas Gerais;80187;808.68
3136306;João Pinheiro;MG;Minas Gerais;46801;4.36
3136652;Juatuba;MG;Minas Gerais;30716;316.60
3136702;Juiz de Fora;MG;Minas Gerais;540756;376.64
3136801;Juramento;MG;Minas Gerais;3768;8.73
3136900;Juruaia;MG;Minas Gerais;11084;50.30
3136959;Juvenília;MG;Minas Gerais;5789;5.44
3137007;Ladainha;MG;Minas Gerais;14383;16.60
3137106;Lagamar;MG;Minas Gerais;6631;4.50
3137403;Lagoa Dourada;MG;Minas Gerais;12769;26.79
3137502;Lagoa Formosa;MG;Minas Gerais;18904;22.48
3137536;Lagoa Grande;MG;Minas Gerais;8969;7.25
3137601;Lagoa Santa;MG;Minas Gerais;75145;327.56
3137205;Lagoa da Prata;MG;Minas Gerais;51412;116.85
3137304;Lagoa dos Patos;MG;Minas Gerais;3313;5.52
3137700;Lajinha;MG;Minas Gerais;20835;48.24
3137809;Lambari;MG;Minas Gerais;20414;95.79
3137908;Lamim;MG;Minas Gerais;3184;26.85
3138005;Laranjal;MG;Minas Gerais;5963;29.10
3138104;Lassance;MG;Minas Gerais;7124;2.22
3138203;Lavras;MG;Minas Gerais;104761;185.50
3138302;Leandro Ferreira;MG;Minas Gerais;3199;9.09
3138351;Leme do Prado;MG;Minas Gerais;4341;15.50
3138401;Leopoldina;MG;Minas Gerais;51145;54.23
3138500;Liberdade;MG;Minas Gerais;4737;11.80
3138609;Lima Duarte;MG;Minas Gerais;17221;20.29
3138625;Limeira do Oeste;MG;Minas Gerais;8687;6.60
3138658;Lontra;MG;Minas Gerais;8790;33.95
3138674;Luisburgo;MG;Minas Gerais;6956;47.83
3138682;Luislândia;MG;Minas Gerais;6210;15.08
3138708;Luminárias;MG;Minas Gerais;5586;11.17
3138807;Luz;MG;Minas Gerais;17875;15.26
3138906;Machacalis;MG;Minas Gerais;6487;19.52
3139003;Machado;MG;Minas Gerais;37684;64.31
3139102;Madre de Deus de Minas;MG;Minas Gerais;5191;10.53
3139201;Malacacheta;MG;Minas Gerais;17516;24.06
3139250;Mamonas;MG;Minas Gerais;5997;21.09
3139300;Manga;MG;Minas Gerais;18886;9.68
3139409;Manhuaçu;MG;Minas Gerais;91886;146.24
3139508;Manhumirim;MG;Minas Gerais;20613;112.70
3139607;Mantena;MG;Minas Gerais;26535;38.73
3139805;Mar de Espanha;MG;Minas Gerais;12721;34.23
3139706;Maravilhas;MG;Minas Gerais;7333;28.03
3139904;Maria da Fé;MG;Minas Gerais;14247;70.22
3140001;Mariana;MG;Minas Gerais;61387;51.40
3140100;Marilac;MG;Minas Gerais;4224;26.60
3140209;Maripá de Minas;MG;Minas Gerais;3387;43.79
3140308;Marliéria;MG;Minas Gerais;4592;8.41
3140407;Marmelópolis;MG;Minas Gerais;3200;29.66
3140506;Martinho Campos;MG;Minas Gerais;14003;13.23
3140530;Martins Soares;MG;Minas Gerais;8396;74.13
3140555;Mata Verde;MG;Minas Gerais;9112;40.05
3140605;Materlândia;MG;Minas Gerais;3963;14.13
3140704;Mateus Leme;MG;Minas Gerais;37841;125.56
3171501;Mathias Lobato;MG;Minas Gerais;3038;17.63
3140803;Matias Barbosa;MG;Minas Gerais;14121;89.90
3140852;Matias Cardoso;MG;Minas Gerais;8895;4.58
3140902;Matipó;MG;Minas Gerais;18552;69.49
3141009;Mato Verde;MG;Minas Gerais;12038;25.49
3141108;Matozinhos;MG;Minas Gerais;37618;149.01
3141207;Matutina;MG;Minas Gerais;3814;14.62
3141306;Medeiros;MG;Minas Gerais;3900;4.12
3141405;Medina;MG;Minas Gerais;20156;14.04
3141504;Mendes Pimentel;MG;Minas Gerais;5606;18.35
3141603;Mercês;MG;Minas Gerais;10373;29.78
3141702;Mesquita;MG;Minas Gerais;5040;18.33
3141801;Minas Novas;MG;Minas Gerais;24405;13.47
3141900;Minduri;MG;Minas Gerais;3741;17.02
3142007;Mirabela;MG;Minas Gerais;13651;18.87
3142106;Miradouro;MG;Minas Gerais;8968;29.73
3142254;Miravânia;MG;Minas Gerais;3985;6.62
3142205;Miraí;MG;Minas Gerais;13633;42.51
3142304;Moeda;MG;Minas Gerais;5125;33.04
3142403;Moema;MG;Minas Gerais;7548;37.24
3142502;Monjolos;MG;Minas Gerais;2169;3.33
3142601;Monsenhor Paulo;MG;Minas Gerais;8340;38.51
3142700;Montalvânia;MG;Minas Gerais;14060;9.35
3142809;Monte Alegre de Minas;MG;Minas Gerais;20170;7.77
3142908;Monte Azul;MG;Minas Gerais;20328;20.30
3143005;Monte Belo;MG;Minas Gerais;13046;30.97
3143104;Monte Carmelo;MG;Minas Gerais;47692;35.51
3143153;Monte Formoso;MG;Minas Gerais;4381;11.36
3143203;Monte Santo de Minas;MG;Minas Gerais;20890;35.13
3143401;Monte Sião;MG;Minas Gerais;24089;82.61
3143302;Montes Claros;MG;Minas Gerais;414240;115.39
3143450;Montezuma;MG;Minas Gerais;6888;6.09
3143500;Morada Nova de Minas;MG;Minas Gerais;9067;4.35
3143609;Morro da Garça;MG;Minas Gerais;2411;5.81
3143708;Morro do Pilar;MG;Minas Gerais;3133;6.56
3143807;Munhoz;MG;Minas Gerais;7451;38.90
3143906;Muriaé;MG;Minas Gerais;104108;123.69
3144003;Mutum;MG;Minas Gerais;27635;22.09
3144102;Muzambinho;MG;Minas Gerais;21891;53.40
3140159;Mário Campos;MG;Minas Gerais;15900;451.76
3144201;Nacip Raydan;MG;Minas Gerais;2459;10.53
3144300;Nanuque;MG;Minas Gerais;35038;23.08
3144359;Naque;MG;Minas Gerais;6303;49.56
3144375;Natalândia;MG;Minas Gerais;3520;7.51
3144409;Natércia;MG;Minas Gerais;4691;24.86
3144508;Nazareno;MG;Minas Gerais;8179;23.95
3144607;Nepomuceno;MG;Minas Gerais;25018;42.95
3144656;Ninheira;MG;Minas Gerais;10588;9.55
3144672;Nova Belém;MG;Minas Gerais;3151;21.47
3144706;Nova Era;MG;Minas Gerais;17438;48.18
3144805;Nova Lima;MG;Minas Gerais;111697;260.18
3144904;Nova Módica;MG;Minas Gerais;3663;9.74
3145000;Nova Ponte;MG;Minas Gerais;14598;13.14
3145059;Nova Porteirinha;MG;Minas Gerais;6706;55.45
3145109;Nova Resende;MG;Minas Gerais;16387;42.00
3145208;Nova Serrana;MG;Minas Gerais;105552;373.67
3136603;Nova União;MG;Minas Gerais;5909;34.33
3145307;Novo Cruzeiro;MG;Minas Gerais;26975;15.84
3145356;Novo Oriente de Minas;MG;Minas Gerais;10275;13.61
3145372;Novorizonte;MG;Minas Gerais;4571;16.83
3145406;Olaria;MG;Minas Gerais;1945;10.91
3145455;Olhos-d'Água;MG;Minas Gerais;5385;2.57
3145604;Oliveira;MG;Minas Gerais;39262;43.76
3145703;Oliveira Fortes;MG;Minas Gerais;2027;18.24
3145505;Olímpio Noronha;MG;Minas Gerais;2555;46.77
3145802;Onça de Pitangui;MG;Minas Gerais;2969;12.02
3145851;Oratórios;MG;Minas Gerais;4917;55.21
3145877;Orizânia;MG;Minas Gerais;8437;69.27
3145901;Ouro Branco;MG;Minas Gerais;38724;149.67
3146008;Ouro Fino;MG;Minas Gerais;32094;60.13
3146107;Ouro Preto;MG;Minas Gerais;74821;60.06
3146206;Ouro Verde de Minas;MG;Minas Gerais;5757;32.81
3146255;Padre Carvalho;MG;Minas Gerais;5058;11.33
3146305;Padre Paraíso;MG;Minas Gerais;17334;31.84
3146552;Pai Pedro;MG;Minas Gerais;5551;6.61
3146404;Paineiras;MG;Minas Gerais;4224;6.63
3146503;Pains;MG;Minas Gerais;8142;19.30
3146602;Paiva;MG;Minas Gerais;1474;25.23
3146701;Palma;MG;Minas Gerais;5707;18.03
3146750;Palmópolis;MG;Minas Gerais;6301;14.55
3146909;Papagaios;MG;Minas Gerais;13920;25.15
3147006;Paracatu;MG;Minas Gerais;94023;11.42
3147204;Paraguaçu;MG;Minas Gerais;21723;51.20
3147303;Paraisópolis;MG;Minas Gerais;20445;61.72
3147402;Paraopeba;MG;Minas Gerais;24107;38.53
3147105;Pará de Minas;MG;Minas Gerais;97139;176.22
3147600;Passa Quatro;MG;Minas Gerais;15515;55.97
3147709;Passa Tempo;MG;Minas Gerais;8473;19.74
3147808;Passa Vinte;MG;Minas Gerais;2233;9.06
3147501;Passabém;MG;Minas Gerais;1600;16.99
3147907;Passos;MG;Minas Gerais;111939;83.66
3147956;Patis;MG;Minas Gerais;4837;10.89
3148004;Patos de Minas;MG;Minas Gerais;159235;49.91
3148103;Patrocínio;MG;Minas Gerais;89826;31.25
3148202;Patrocínio do Muriaé;MG;Minas Gerais;5576;51.51
3148301;Paula Cândido;MG;Minas Gerais;8659;32.27
3148400;Paulistas;MG;Minas Gerais;4389;19.90
3148509;Pavão;MG;Minas Gerais;8047;13.39
3148707;Pedra Azul;MG;Minas Gerais;24410;15.31
3148756;Pedra Bonita;MG;Minas Gerais;7320;42.09
3149002;Pedra Dourada;MG;Minas Gerais;2757;39.39
3148806;Pedra do Anta;MG;Minas Gerais;3311;19.12
3148905;Pedra do Indaiá;MG;Minas Gerais;4112;11.82
3149101;Pedralva;MG;Minas Gerais;10760;49.36
3149150;Pedras de Maria da Cruz;MG;Minas Gerais;10433;6.84
3149200;Pedrinópolis;MG;Minas Gerais;3344;9.34
3149309;Pedro Leopoldo;MG;Minas Gerais;62580;213.71
3149408;Pedro Teixeira;MG;Minas Gerais;1810;16.02
3149507;Pequeri;MG;Minas Gerais;3351;36.89
3149606;Pequi;MG;Minas Gerais;4155;20.37
3149705;Perdigão;MG;Minas Gerais;12268;49.21
3149804;Perdizes;MG;Minas Gerais;17151;7.00
3149903;Perdões;MG;Minas Gerais;21384;79.01
3149952;Periquito;MG;Minas Gerais;6553;28.63
3150000;Pescador;MG;Minas Gerais;3570;11.25
3148608;Peçanha;MG;Minas Gerais;17446;17.50
3150109;Piau;MG;Minas Gerais;2796;14.55
3150158;Piedade de Caratinga;MG;Minas Gerais;8529;78.00
3150208;Piedade de Ponte Nova;MG;Minas Gerais;3976;47.48
3150307;Piedade do Rio Grande;MG;Minas Gerais;4604;14.26
3150406;Piedade dos Gerais;MG;Minas Gerais;5019;19.33
3150505;Pimenta;MG;Minas Gerais;8563;20.64
3150539;Pingo-d'Água;MG;Minas Gerais;4706;70.69
3150570;Pintópolis;MG;Minas Gerais;7084;5.77
3150604;Piracema;MG;Minas Gerais;6700;23.90
3150703;Pirajuba;MG;Minas Gerais;5537;16.38
3150802;Piranga;MG;Minas Gerais;17018;25.83
3151008;Piranguinho;MG;Minas Gerais;9120;73.08
3150901;Piranguçu;MG;Minas Gerais;6041;29.67
3151107;Pirapetinga;MG;Minas Gerais;11077;58.09
3151206;Pirapora;MG;Minas Gerais;55606;101.19
3151305;Piraúba;MG;Minas Gerais;11610;80.46
3151404;Pitangui;MG;Minas Gerais;26685;46.85
3151503;Piumhi;MG;Minas Gerais;36062;39.96
3151602;Planura;MG;Minas Gerais;11145;35.10
3151909;Pocrane;MG;Minas Gerais;8350;12.08
3152006;Pompéu;MG;Minas Gerais;31047;12.17
3152105;Ponte Nova;MG;Minas Gerais;57776;122.76
3152131;Ponto Chique;MG;Minas Gerais;3747;6.22
3152170;Ponto dos Volantes;MG;Minas Gerais;10883;8.98
3152204;Porteirinha;MG;Minas Gerais;37438;21.40
3152303;Porto Firme;MG;Minas Gerais;10569;37.11
3152402;Poté;MG;Minas Gerais;13666;21.86
3152501;Pouso Alegre;MG;Minas Gerais;152217;280.43
3152600;Pouso Alto;MG;Minas Gerais;6566;24.96
3151701;Poço Fundo;MG;Minas Gerais;16390;34.56
3151800;Poços de Caldas;MG;Minas Gerais;163742;299.37
3152709;Prados;MG;Minas Gerais;9048;34.26
3152808;Prata;MG;Minas Gerais;28342;5.85
3153004;Pratinha;MG;Minas Gerais;3559;5.72
3152907;Pratápolis;MG;Minas Gerais;8406;39.00
3153103;Presidente Bernardes;MG;Minas Gerais;4850;20.48
3153202;Presidente Juscelino;MG;Minas Gerais;3465;4.98
3153301;Presidente Kubitschek;MG;Minas Gerais;3071;16.23
3153400;Presidente Olegário;MG;Minas Gerais;18765;5.36
3153608;Prudente de Morais;MG;Minas Gerais;11466;92.33
3153707;Quartel Geral;MG;Minas Gerais;3179;5.71
3153806;Queluzito;MG;Minas Gerais;1770;11.53
3153905;Raposos;MG;Minas Gerais;16279;225.38
3154002;Raul Soares;MG;Minas Gerais;23423;30.68
3154101;Recreio;MG;Minas Gerais;11007;46.98
3154150;Reduto;MG;Minas Gerais;7848;51.68
3154200;Resende Costa;MG;Minas Gerais;11230;18.16
3154309;Resplendor;MG;Minas Gerais;17226;15.92
3154408;Ressaquinha;MG;Minas Gerais;4548;24.84
3154457;Riachinho;MG;Minas Gerais;6863;3.99
3154507;Riacho dos Machados;MG;Minas Gerais;8756;6.66
3154705;Ribeirão Vermelho;MG;Minas Gerais;4080;82.84
3154606;Ribeirão das Neves;MG;Minas Gerais;329794;2126.26
3154804;Rio Acima;MG;Minas Gerais;10261;44.93
3154903;Rio Casca;MG;Minas Gerais;12789;33.27
3155009;Rio Doce;MG;Minas Gerais;2484;22.16
3155207;Rio Espera;MG;Minas Gerais;5429;22.75
3155306;Rio Manso;MG;Minas Gerais;5568;24.05
3155405;Rio Novo;MG;Minas Gerais;8518;40.70
3155504;Rio Paranaíba;MG;Minas Gerais;14532;10.75
3155603;Rio Pardo de Minas;MG;Minas Gerais;28271;9.07
3155702;Rio Piracicaba;MG;Minas Gerais;14631;39.22
3155801;Rio Pomba;MG;Minas Gerais;17443;69.10
3155900;Rio Preto;MG;Minas Gerais;5141;14.77
3156007;Rio Vermelho;MG;Minas Gerais;12641;12.81
3155108;Rio do Prado;MG;Minas Gerais;4639;9.67
3156106;Ritápolis;MG;Minas Gerais;4994;12.34
3156205;Rochedo de Minas;MG;Minas Gerais;2291;28.85
3156304;Rodeiro;MG;Minas Gerais;8664;119.22
3156403;Romaria;MG;Minas Gerais;3386;8.31
3156452;Rosário da Limeira;MG;Minas Gerais;4734;42.59
3156502;Rubelita;MG;Minas Gerais;5679;5.11
3156601;Rubim;MG;Minas Gerais;10298;10.67
3156700;Sabará;MG;Minas Gerais;129380;427.77
3156809;Sabinópolis;MG;Minas Gerais;14240;15.48
3156908;Sacramento;MG;Minas Gerais;26670;8.68
3157005;Salinas;MG;Minas Gerais;40178;21.58
3157104;Salto da Divisa;MG;Minas Gerais;6110;6.51
3157203;Santa Bárbara;MG;Minas Gerais;30466;44.51
3157252;Santa Bárbara do Leste;MG;Minas Gerais;8458;78.75
3157278;Santa Bárbara do Monte Verde;MG;Minas Gerais;3095;7.41
3157302;Santa Bárbara do Tugúrio;MG;Minas Gerais;4208;21.63
3157336;Santa Cruz de Minas;MG;Minas Gerais;8109;2274.61
3157377;Santa Cruz de Salinas;MG;Minas Gerais;3910;6.63
3157401;Santa Cruz do Escalvado;MG;Minas Gerais;4673;18.06
3157500;Santa Efigênia de Minas;MG;Minas Gerais;4039;30.61
3157609;Santa Fé de Minas;MG;Minas Gerais;3522;1.21
3157658;Santa Helena de Minas;MG;Minas Gerais;5938;21.48
3157708;Santa Juliana;MG;Minas Gerais;15734;21.74
3157807;Santa Luzia;MG;Minas Gerais;219132;931.66
3157906;Santa Margarida;MG;Minas Gerais;16395;64.11
3158003;Santa Maria de Itabira;MG;Minas Gerais;10485;17.55
3158102;Santa Maria do Salto;MG;Minas Gerais;4755;10.79
3158201;Santa Maria do Suaçuí;MG;Minas Gerais;12788;20.49
3159209;Santa Rita de Caldas;MG;Minas Gerais;8460;16.82
3159407;Santa Rita de Ibitipoca;MG;Minas Gerais;3301;10.18
3159308;Santa Rita de Jacutinga;MG;Minas Gerais;4755;11.30
3159357;Santa Rita de Minas;MG;Minas Gerais;6773;99.38
3159506;Santa Rita do Itueto;MG;Minas Gerais;5826;12.01
3159605;Santa Rita do Sapucaí;MG;Minas Gerais;40635;115.12
3159704;Santa Rosa da Serra;MG;Minas Gerais;3382;11.89
3159803;Santa Vitória;MG;Minas Gerais;20973;6.99
3158300;Santana da Vargem;MG;Minas Gerais;6691;38.80
3158409;Santana de Cataguases;MG;Minas Gerais;3489;21.61
3158508;Santana de Pirapama;MG;Minas Gerais;7030;5.60
3158607;Santana do Deserto;MG;Minas Gerais;3747;20.51
3158706;Santana do Garambéu;MG;Minas Gerais;2137;10.52
3158805;Santana do Jacaré;MG;Minas Gerais;4214;39.69
3158904;Santana do Manhuaçu;MG;Minas Gerais;8987;25.87
3158953;Santana do Paraíso;MG;Minas Gerais;44800;162.28
3159001;Santana do Riacho;MG;Minas Gerais;5313;7.85
3159100;Santana dos Montes;MG;Minas Gerais;3469;17.65
3159902;Santo Antônio do Amparo;MG;Minas Gerais;17285;35.36
3160009;Santo Antônio do Aventureiro;MG;Minas Gerais;3769;18.66
3160108;Santo Antônio do Grama;MG;Minas Gerais;4229;32.48
3160207;Santo Antônio do Itambé;MG;Minas Gerais;3915;12.81
3160306;Santo Antônio do Jacinto;MG;Minas Gerais;10327;20.50
3160405;Santo Antônio do Monte;MG;Minas Gerais;27295;24.25
3160454;Santo Antônio do Retiro;MG;Minas Gerais;6629;8.32
3160504;Santo Antônio do Rio Abaixo;MG;Minas Gerais;1808;16.85
3160603;Santo Hipólito;MG;Minas Gerais;2717;6.31
3160702;Santos Dumont;MG;Minas Gerais;42406;66.53
3165404;Sapucaí-Mirim;MG;Minas Gerais;6311;22.14
3165503;Sardoá;MG;Minas Gerais;5104;35.97
3165537;Sarzedo;MG;Minas Gerais;36844;592.98
3165560;Sem-Peixe;MG;Minas Gerais;2433;13.77
3165578;Senador Amaral;MG;Minas Gerais;6206;41.07
3165602;Senador Cortes;MG;Minas Gerais;2240;22.78
3165701;Senador Firmino;MG;Minas Gerais;7716;46.34
3165800;Senador José Bento;MG;Minas Gerais;2068;22.03
3165909;Senador Modestino Gonçalves;MG;Minas Gerais;4008;4.21
3166006;Senhora de Oliveira;MG;Minas Gerais;5483;32.11
3166105;Senhora do Porto;MG;Minas Gerais;3067;8.04
3166204;Senhora dos Remédios;MG;Minas Gerais;10384;43.66
3166303;Sericita;MG;Minas Gerais;7345;44.24
3166402;Seritinga;MG;Minas Gerais;1819;15.85
3166501;Serra Azul de Minas;MG;Minas Gerais;3792;17.35
3166600;Serra da Saudade;MG;Minas Gerais;833;2.48
3166808;Serra do Salitre;MG;Minas Gerais;11801;9.11
3166709;Serra dos Aimorés;MG;Minas Gerais;6944;32.51
3166907;Serrania;MG;Minas Gerais;7621;36.42
3167004;Serranos;MG;Minas Gerais;1990;9.34
3166956;Serranópolis de Minas;MG;Minas Gerais;4399;7.97
3167103;Serro;MG;Minas Gerais;21952;18.03
3167202;Sete Lagoas;MG;Minas Gerais;227397;423.51
3165552;Setubinha;MG;Minas Gerais;9917;18.55
3167301;Silveirânia;MG;Minas Gerais;2323;14.75
3167400;Silvianópolis;MG;Minas Gerais;6179;19.79
3167608;Simonésia;MG;Minas Gerais;19750;40.59
3167509;Simão Pereira;MG;Minas Gerais;2947;21.72
3167707;Sobrália;MG;Minas Gerais;5137;24.84
3167806;Soledade de Minas;MG;Minas Gerais;5613;28.51
3160801;São Bento Abade;MG;Minas Gerais;4713;58.62
3160900;São Brás do Suaçuí;MG;Minas Gerais;3989;36.26
3160959;São Domingos das Dores;MG;Minas Gerais;5626;92.43
3161007;São Domingos do Prata;MG;Minas Gerais;17392;23.38
3161106;São Francisco;MG;Minas Gerais;52762;15.95
3161205;São Francisco de Paula;MG;Minas Gerais;6187;19.53
3161304;São Francisco de Sales;MG;Minas Gerais;5732;5.08
3161403;São Francisco do Glória;MG;Minas Gerais;4800;29.16
3161056;São Félix de Minas;MG;Minas Gerais;3200;19.69
3161502;São Geraldo;MG;Minas Gerais;10282;55.41
3161601;São Geraldo da Piedade;MG;Minas Gerais;3305;21.70
3161650;São Geraldo do Baixio;MG;Minas Gerais;3143;11.19
3161700;São Gonçalo do Abaeté;MG;Minas Gerais;7375;2.74
3161809;São Gonçalo do Pará;MG;Minas Gerais;11770;44.29
3161908;São Gonçalo do Rio Abaixo;MG;Minas Gerais;11850;32.57
3125507;São Gonçalo do Rio Preto;MG;Minas Gerais;3032;9.64
3162005;São Gonçalo do Sapucaí;MG;Minas Gerais;23959;46.37
3162104;São Gotardo;MG;Minas Gerais;40910;47.24
3162922;São Joaquim de Bicas;MG;Minas Gerais;34348;478.66
3162948;São José da Barra;MG;Minas Gerais;7793;25.28
3162955;São José da Lapa;MG;Minas Gerais;26090;544.34
3163003;São José da Safira;MG;Minas Gerais;3806;17.79
3163102;São José da Varginha;MG;Minas Gerais;4536;22.07
3163201;São José do Alegre;MG;Minas Gerais;4133;46.55
3163300;São José do Divino;MG;Minas Gerais;3464;10.54
3163409;São José do Goiabal;MG;Minas Gerais;5396;28.46
3163508;São José do Jacuri;MG;Minas Gerais;6197;17.95
3163607;São José do Mantimento;MG;Minas Gerais;2753;50.33
3162203;São João Batista do Glória;MG;Minas Gerais;7652;13.97
3162807;São João Evangelista;MG;Minas Gerais;15315;32.03
3162906;São João Nepomuceno;MG;Minas Gerais;25565;62.75
3162252;São João da Lagoa;MG;Minas Gerais;4822;4.83
3162302;São João da Mata;MG;Minas Gerais;2914;24.18
3162401;São João da Ponte;MG;Minas Gerais;23930;12.93
3162450;São João das Missões;MG;Minas Gerais;13024;19.20
3162500;São João del Rei;MG;Minas Gerais;90225;62.14
3162559;São João do Manhuaçu;MG;Minas Gerais;11246;78.59
3162575;São João do Manteninha;MG;Minas Gerais;5331;38.65
3162609;São João do Oriente;MG;Minas Gerais;7070;58.86
3162658;São João do Pacuí;MG;Minas Gerais;3972;9.55
3162708;São João do Paraíso;MG;Minas Gerais;23910;12.42
3163706;São Lourenço;MG;Minas Gerais;44798;772.13
3163805;São Miguel do Anta;MG;Minas Gerais;6334;41.64
3163904;São Pedro da União;MG;Minas Gerais;4885;18.73
3164100;São Pedro do Suaçuí;MG;Minas Gerais;5103;16.56
3164001;São Pedro dos Ferros;MG;Minas Gerais;7166;17.79
3164209;São Romão;MG;Minas Gerais;10315;4.24
3164308;São Roque de Minas;MG;Minas Gerais;7129;3.40
3164407;São Sebastião da Bela Vista;MG;Minas Gerais;6387;38.15
3164431;São Sebastião da Vargem Alegre;MG;Minas Gerais;3113;42.28
3164472;São Sebastião do Anta;MG;Minas Gerais;6194;76.83
3164506;São Sebastião do Maranhão;MG;Minas Gerais;10079;19.46
3164605;São Sebastião do Oeste;MG;Minas Gerais;8815;21.60
3164704;São Sebastião do Paraíso;MG;Minas Gerais;71796;88.10
3164803;São Sebastião do Rio Preto;MG;Minas Gerais;1259;9.84
3164902;São Sebastião do Rio Verde;MG;Minas Gerais;2300;25.32
3165008;São Tiago;MG;Minas Gerais;11192;19.55
3165107;São Tomás de Aquino;MG;Minas Gerais;6740;24.25
3165206;São Tomé das Letras;MG;Minas Gerais;6904;18.67
3165305;São Vicente de Minas;MG;Minas Gerais;6804;17.33
3167905;Tabuleiro;MG;Minas Gerais;4014;19.02
3168002;Taiobeiras;MG;Minas Gerais;33050;27.09
3168051;Taparuba;MG;Minas Gerais;3387;17.54
3168101;Tapira;MG;Minas Gerais;4118;3.49
3168200;Tapiraí;MG;Minas Gerais;1690;4.14
3168309;Taquaraçu de Minas;MG;Minas Gerais;4224;12.83
3168408;Tarumirim;MG;Minas Gerais;14709;20.10
3168507;Teixeiras;MG;Minas Gerais;12255;73.50
3168606;Teófilo Otoni;MG;Minas Gerais;137418;42.38
3168705;Timóteo;MG;Minas Gerais;81579;565.03
3168804;Tiradentes;MG;Minas Gerais;7744;93.25
3168903;Tiros;MG;Minas Gerais;7883;3.77
3169000;Tocantins;MG;Minas Gerais;16185;93.09
3169059;Tocos do Moji;MG;Minas Gerais;3826;33.36
3169109;Toledo;MG;Minas Gerais;7214;52.74
3169208;Tombos;MG;Minas Gerais;8609;30.19
3169307;Três Corações;MG;Minas Gerais;75485;91.16
3169356;Três Marias;MG;Minas Gerais;28895;10.79
3169406;Três Pontas;MG;Minas Gerais;55255;80.10
3169505;Tumiritinga;MG;Minas Gerais;5886;11.77
3169604;Tupaciguara;MG;Minas Gerais;25470;13.98
3169703;Turmalina;MG;Minas Gerais;20000;17.34
3169802;Turvolândia;MG;Minas Gerais;4935;22.33
3170057;Ubaporanga;MG;Minas Gerais;13017;68.86
3170008;Ubaí;MG;Minas Gerais;11708;14.27
3170107;Uberaba;MG;Minas Gerais;337836;74.68
3170206;Uberlândia;MG;Minas Gerais;713224;173.31
3169901;Ubá;MG;Minas Gerais;103365;253.69
3170305;Umburatiba;MG;Minas Gerais;2684;6.61
3170404;Unaí;MG;Minas Gerais;86619;10.26
3170438;União de Minas;MG;Minas Gerais;3828;3.34
3170479;Uruana de Minas;MG;Minas Gerais;3282;5.49
3170529;Urucuia;MG;Minas Gerais;17479;8.42
3170503;Urucânia;MG;Minas Gerais;10600;76.37
3170578;Vargem Alegre;MG;Minas Gerais;5780;49.54
3170602;Vargem Bonita;MG;Minas Gerais;2158;5.26
3170651;Vargem Grande do Rio Pardo;MG;Minas Gerais;4633;9.43
3170701;Varginha;MG;Minas Gerais;136467;345.14
3170750;Varjão de Minas;MG;Minas Gerais;6969;10.70
3170909;Varzelândia;MG;Minas Gerais;18840;23.12
3171006;Vazante;MG;Minas Gerais;19975;10.44
3171030;Verdelândia;MG;Minas Gerais;7672;4.88
3171071;Veredinha;MG;Minas Gerais;5181;8.20
3171154;Vermelho Novo;MG;Minas Gerais;4899;42.51
3171105;Veríssimo;MG;Minas Gerais;3411;3.31
3171204;Vespasiano;MG;Minas Gerais;129246;1819.34
3171402;Vieiras;MG;Minas Gerais;3700;32.83
3171600;Virgem da Lapa;MG;Minas Gerais;11804;13.58
3171808;Virginópolis;MG;Minas Gerais;10314;23.45
3171907;Virgolândia;MG;Minas Gerais;4552;16.20
3171709;Virgínia;MG;Minas Gerais;8908;27.28
3172004;Visconde do Rio Branco;MG;Minas Gerais;39160;160.92
3171303;Viçosa;MG;Minas Gerais;76430;255.26
3172103;Volta Grande;MG;Minas Gerais;4443;21.61
3170800;Várzea da Palma;MG;Minas Gerais;33744;15.20
3172202;Wenceslau Braz;MG;Minas Gerais;2356;22.99
3100609;Água Boa;MG;Minas Gerais;12589;9.53
3100708;Água Comprida;MG;Minas Gerais;2108;4.28
3100906;Águas Formosas;MG;Minas Gerais;18448;22.50
3101003;Águas Vermelhas;MG;Minas Gerais;14037;11.17
5000252;Alcinópolis;MS;Mato Grosso do Sul;4537;1.03
5000609;Amambai;MS;Mato Grosso do Sul;39325;9.38
5000708;Anastácio;MS;Mato Grosso do Sul;24114;8.28
5000807;Anaurilândia;MS;Mato Grosso do Sul;7653;2.24
5000856;Angélica;MS;Mato Grosso do Sul;10729;8.36
5000906;Antônio João;MS;Mato Grosso do Sul;9303;8.14
5001003;Aparecida do Taboado;MS;Mato Grosso do Sul;27674;10.06
5001102;Aquidauana;MS;Mato Grosso do Sul;46803;2.74
5001243;Aral Moreira;MS;Mato Grosso do Sul;10748;6.50
5001508;Bandeirantes;MS;Mato Grosso do Sul;7940;2.36
5001904;Bataguassu;MS;Mato Grosso do Sul;23031;9.63
5002001;Batayporã;MS;Mato Grosso do Sul;10712;5.86
5002100;Bela Vista;MS;Mato Grosso do Sul;21613;4.41
5002159;Bodoquena;MS;Mato Grosso do Sul;8567;3.31
5002209;Bonito;MS;Mato Grosso do Sul;23659;4.40
5002308;Brasilândia;MS;Mato Grosso do Sul;11579;2.00
5002407;Caarapó;MS;Mato Grosso do Sul;30612;14.47
5002605;Camapuã;MS;Mato Grosso do Sul;13583;2.18
5002704;Campo Grande;MS;Mato Grosso do Sul;898100;111.11
5002803;Caracol;MS;Mato Grosso do Sul;5036;1.71
5002902;Cassilândia;MS;Mato Grosso do Sul;20988;5.74
5002951;Chapadão do Sul;MS;Mato Grosso do Sul;30993;9.53
5003108;Corguinho;MS;Mato Grosso do Sul;4783;1.81
5003157;Coronel Sapucaia;MS;Mato Grosso do Sul;14289;13.96
5003207;Corumbá;MS;Mato Grosso do Sul;96268;1.49
5003256;Costa Rica;MS;Mato Grosso do Sul;26037;6.26
5003306;Coxim;MS;Mato Grosso do Sul;32151;5.03
5003454;Deodápolis;MS;Mato Grosso do Sul;13663;16.49
5003488;Dois Irmãos do Buriti;MS;Mato Grosso do Sul;11100;4.56
5003504;Douradina;MS;Mato Grosso do Sul;5578;19.89
5003702;Dourados;MS;Mato Grosso do Sul;243367;59.91
5003751;Eldorado;MS;Mato Grosso do Sul;11386;11.24
5003900;Figueirão;MS;Mato Grosso do Sul;3539;0.73
5003801;Fátima do Sul;MS;Mato Grosso do Sul;20609;65.36
5004007;Glória de Dourados;MS;Mato Grosso do Sul;10444;21.17
5004106;Guia Lopes da Laguna;MS;Mato Grosso do Sul;9940;8.11
5004304;Iguatemi;MS;Mato Grosso do Sul;13808;4.67
5004403;Inocência;MS;Mato Grosso do Sul;8404;1.46
5004502;Itaporã;MS;Mato Grosso do Sul;24137;17.98
5004601;Itaquiraí;MS;Mato Grosso do Sul;19423;9.41
5004700;Ivinhema;MS;Mato Grosso do Sul;27821;13.89
5004809;Japorã;MS;Mato Grosso do Sul;8148;19.56
5004908;Jaraguari;MS;Mato Grosso do Sul;7139;2.45
5005004;Jardim;MS;Mato Grosso do Sul;23981;11.28
5005103;Jateí;MS;Mato Grosso do Sul;3586;1.85
5005152;Juti;MS;Mato Grosso do Sul;6729;4.29
5005202;Ladário;MS;Mato Grosso do Sul;21522;60.75
5005251;Laguna Carapã;MS;Mato Grosso do Sul;6799;3.94
5005400;Maracaju;MS;Mato Grosso do Sul;45047;8.35
5005608;Miranda;MS;Mato Grosso do Sul;25536;4.67
5005681;Mundo Novo;MS;Mato Grosso do Sul;19193;40.12
5005707;Naviraí;MS;Mato Grosso do Sul;50457;15.82
5005806;Nioaque;MS;Mato Grosso do Sul;13220;3.38
5006002;Nova Alvorada do Sul;MS;Mato Grosso do Sul;21822;5.42
5006200;Nova Andradina;MS;Mato Grosso do Sul;48563;10.18
5006259;Novo Horizonte do Sul;MS;Mato Grosso do Sul;4721;5.56
5006309;Paranaíba;MS;Mato Grosso do Sul;40957;7.58
5006358;Paranhos;MS;Mato Grosso do Sul;12921;9.89
5006275;Paraíso das Águas;MS;Mato Grosso do Sul;5510;1.09
5006408;Pedro Gomes;MS;Mato Grosso do Sul;6941;1.95
5006606;Ponta Porã;MS;Mato Grosso do Sul;92017;17.17
5006903;Porto Murtinho;MS;Mato Grosso do Sul;12859;0.73
5007109;Ribas do Rio Pardo;MS;Mato Grosso do Sul;23150;1.34
5007208;Rio Brilhante;MS;Mato Grosso do Sul;37601;9.44
5007307;Rio Negro;MS;Mato Grosso do Sul;4841;2.65
5007406;Rio Verde de Mato Grosso;MS;Mato Grosso do Sul;19818;2.42
5007505;Rochedo;MS;Mato Grosso do Sul;5199;3.97
5007554;Santa Rita do Pardo;MS;Mato Grosso do Sul;7027;1.14
5007802;Selvíria;MS;Mato Grosso do Sul;8142;2.50
5007703;Sete Quedas;MS;Mato Grosso do Sul;10994;13.10
5007901;Sidrolândia;MS;Mato Grosso do Sul;47118;8.95
5007935;Sonora;MS;Mato Grosso do Sul;14516;3.47
5007695;São Gabriel do Oeste;MS;Mato Grosso do Sul;29579;7.68
5007950;Tacuru;MS;Mato Grosso do Sul;10808;6.06
5007976;Taquarussu;MS;Mato Grosso do Sul;3625;3.45
5008008;Terenos;MS;Mato Grosso do Sul;17652;6.20
5008305;Três Lagoas;MS;Mato Grosso do Sul;132152;12.93
5008404;Vicentina;MS;Mato Grosso do Sul;6336;20.28
5000203;Água Clara;MS;Mato Grosso do Sul;16741;2.15
5100102;Acorizal;MT;Mato Grosso;5014;5.89
5100250;Alta Floresta;MT;Mato Grosso;58613;6.54
5100300;Alto Araguaia;MT;Mato Grosso;17193;3.18
5100359;Alto Boa Vista;MT;Mato Grosso;5715;2.54
5100409;Alto Garças;MT;Mato Grosso;13052;3.38
5100508;Alto Paraguai;MT;Mato Grosso;8009;4.34
5100607;Alto Taquari;MT;Mato Grosso;10904;7.59
5100805;Apiacás;MT;Mato Grosso;8590;0.42
5101001;Araguaiana;MT;Mato Grosso;3795;0.59
5101209;Araguainha;MT;Mato Grosso;1010;1.50
5101258;Araputanga;MT;Mato Grosso;14786;9.02
5101308;Arenápolis;MT;Mato Grosso;10576;25.34
5101407;Aripuanã;MT;Mato Grosso;24626;1.00
5101704;Barra do Bugres;MT;Mato Grosso;29403;4.92
5101803;Barra do Garças;MT;Mato Grosso;69210;8.28
5101605;Barão de Melgaço;MT;Mato Grosso;7253;0.64
5101837;Boa Esperança do Norte;MT;Mato Grosso;;
5101852;Bom Jesus do Araguaia;MT;Mato Grosso;7280;1.71
5101902;Brasnorte;MT;Mato Grosso;17004;1.06
5102603;Campinápolis;MT;Mato Grosso;15347;2.57
5102637;Campo Novo do Parecis;MT;Mato Grosso;45899;4.87
5102678;Campo Verde;MT;Mato Grosso;44585;9.35
5102686;Campos de Júlio;MT;Mato Grosso;8822;1.30
5102694;Canabrava do Norte;MT;Mato Grosso;4485;1.30
5102702;Canarana;MT;Mato Grosso;25858;2.38
5102793;Carlinda;MT;Mato Grosso;10332;4.27
5102850;Castanheira;MT;Mato Grosso;7506;2.02
5103007;Chapada dos Guimarães;MT;Mato Grosso;18990;2.88
5103056;Cláudia;MT;Mato Grosso;9593;2.50
5103106;Cocalinho;MT;Mato Grosso;6220;0.38
5103254;Colniza;MT;Mato Grosso;25766;0.92
5103205;Colíder;MT;Mato Grosso;31370;10.08
5103304;Comodoro;MT;Mato Grosso;18238;0.85
5103353;Confresa;MT;Mato Grosso;35075;6.05
5103361;Conquista D'Oeste;MT;Mato Grosso;3760;1.40
5103379;Cotriguaçu;MT;Mato Grosso;11011;1.16
5103403;Cuiabá;MT;Mato Grosso;650877;150.41
5103437;Curvelândia;MT;Mato Grosso;4903;13.73
5102504;Cáceres;MT;Mato Grosso;89681;3.66
5103452;Denise;MT;Mato Grosso;7014;5.51
5103502;Diamantino;MT;Mato Grosso;21941;2.66
5103601;Dom Aquino;MT;Mato Grosso;7872;3.61
5103700;Feliz Natal;MT;Mato Grosso;10521;0.90
5103809;Figueirópolis D'Oeste;MT;Mato Grosso;3187;3.58
5103858;Gaúcha do Norte;MT;Mato Grosso;8642;0.51
5103908;General Carneiro;MT;Mato Grosso;6037;1.34
5103957;Glória D'Oeste;MT;Mato Grosso;2905;3.49
5104104;Guarantã do Norte;MT;Mato Grosso;31024;6.57
5104203;Guiratinga;MT;Mato Grosso;10966;2.17
5104500;Indiavaí;MT;Mato Grosso;2213;3.74
5104526;Ipiranga do Norte;MT;Mato Grosso;7815;2.28
5104542;Itanhangá;MT;Mato Grosso;7539;2.59
5104559;Itaúba;MT;Mato Grosso;5020;1.11
5104609;Itiquira;MT;Mato Grosso;12236;1.41
5104807;Jaciara;MT;Mato Grosso;28569;11.76
5104906;Jangada;MT;Mato Grosso;7426;6.66
5105002;Jauru;MT;Mato Grosso;8367;6.22
5105101;Juara;MT;Mato Grosso;34906;1.54
5105176;Juruena;MT;Mato Grosso;10213;3.18
5105200;Juscimeira;MT;Mato Grosso;11480;5.01
5105150;Juína;MT;Mato Grosso;45869;1.74
5105234;Lambari D'Oeste;MT;Mato Grosso;4790;2.65
5105259;Lucas do Rio Verde;MT;Mato Grosso;83798;22.80
5105309;Luciara;MT;Mato Grosso;2509;0.59
5105580;Marcelândia;MT;Mato Grosso;11396;0.93
5105606;Matupá;MT;Mato Grosso;20091;3.84
5105622;Mirassol d'Oeste;MT;Mato Grosso;26785;24.68
5105903;Nobres;MT;Mato Grosso;15492;3.96
5106000;Nortelândia;MT;Mato Grosso;5956;4.46
5106109;Nossa Senhora do Livramento;MT;Mato Grosso;12940;2.34
5106158;Nova Bandeirantes;MT;Mato Grosso;13635;1.43
5106208;Nova Brasilândia;MT;Mato Grosso;3932;1.20
5106216;Nova Canaã do Norte;MT;Mato Grosso;11707;1.97
5108808;Nova Guarita;MT;Mato Grosso;4590;4.09
5106182;Nova Lacerda;MT;Mato Grosso;6670;1.40
5108857;Nova Marilândia;MT;Mato Grosso;3529;1.85
5108907;Nova Maringá;MT;Mato Grosso;5846;0.51
5108956;Nova Monte Verde;MT;Mato Grosso;8313;1.62
5106224;Nova Mutum;MT;Mato Grosso;55839;5.86
5106174;Nova Nazaré;MT;Mato Grosso;4200;1.04
5106232;Nova Olímpia;MT;Mato Grosso;16352;12.32
5106190;Nova Santa Helena;MT;Mato Grosso;4239;1.78
5106240;Nova Ubiratã;MT;Mato Grosso;11530;0.93
5106257;Nova Xavantina;MT;Mato Grosso;24345;4.43
5106273;Novo Horizonte do Norte;MT;Mato Grosso;3349;3.64
5106265;Novo Mundo;MT;Mato Grosso;6520;1.12
5106315;Novo Santo Antônio;MT;Mato Grosso;2015;0.46
5106281;Novo São Joaquim;MT;Mato Grosso;6919;1.32
5106307;Paranatinga;MT;Mato Grosso;26423;1.09
5106299;Paranaíta;MT;Mato Grosso;11671;2.42
5106372;Pedra Preta;MT;Mato Grosso;18066;4.70
5106422;Peixoto de Azevedo;MT;Mato Grosso;32714;2.27
5106455;Planalto da Serra;MT;Mato Grosso;3166;1.30
5106505;Poconé;MT;Mato Grosso;31217;1.82
5106653;Pontal do Araguaia;MT;Mato Grosso;6932;2.53
5106703;Ponte Branca;MT;Mato Grosso;2008;2.86
5106752;Pontes e Lacerda;MT;Mato Grosso;52018;6.09
5106778;Porto Alegre do Norte;MT;Mato Grosso;12127;3.05
5106828;Porto Esperidião;MT;Mato Grosso;10204;1.75
5106851;Porto Estrela;MT;Mato Grosso;3224;1.58
5106802;Porto dos Gaúchos;MT;Mato Grosso;5593;0.82
5107008;Poxoréu;MT;Mato Grosso;23283;3.37
5107040;Primavera do Leste;MT;Mato Grosso;85146;15.56
5107065;Querência;MT;Mato Grosso;26769;1.50
5107156;Reserva do Cabaçal;MT;Mato Grosso;2122;1.59
5107180;Ribeirão Cascalheira;MT;Mato Grosso;10089;0.89
5107198;Ribeirãozinho;MT;Mato Grosso;2593;4.15
5107206;Rio Branco;MT;Mato Grosso;4535;8.41
5107578;Rondolândia;MT;Mato Grosso;3505;0.28
5107602;Rondonópolis;MT;Mato Grosso;244911;50.77
5107701;Rosário Oeste;MT;Mato Grosso;15453;2.11
5107750;Salto do Céu;MT;Mato Grosso;3679;2.10
5107248;Santa Carmem;MT;Mato Grosso;5374;1.41
5107743;Santa Cruz do Xingu;MT;Mato Grosso;2661;0.47
5107768;Santa Rita do Trivelato;MT;Mato Grosso;3276;0.69
5107776;Santa Terezinha;MT;Mato Grosso;7596;1.17
5107263;Santo Afonso;MT;Mato Grosso;2519;2.16
5107800;Santo Antônio de Leverger;MT;Mato Grosso;15246;1.61
5107792;Santo Antônio do Leste;MT;Mato Grosso;4099;1.20
5107875;Sapezal;MT;Mato Grosso;28944;2.13
5107883;Serra Nova Dourada;MT;Mato Grosso;1800;1.21
5107909;Sinop;MT;Mato Grosso;196312;49.19
5107925;Sorriso;MT;Mato Grosso;110635;11.90
5107859;São Félix do Araguaia;MT;Mato Grosso;13621;0.82
5107297;São José do Povo;MT;Mato Grosso;2875;5.87
5107305;São José do Rio Claro;MT;Mato Grosso;14911;3.30
5107354;São José do Xingu;MT;Mato Grosso;5964;0.80
5107107;São José dos Quatro Marcos;MT;Mato Grosso;17849;13.91
5107404;São Pedro da Cipa;MT;Mato Grosso;4191;12.17
5107941;Tabaporã;MT;Mato Grosso;9818;1.16
5107958;Tangará da Serra;MT;Mato Grosso;106434;9.15
5108006;Tapurah;MT;Mato Grosso;14370;3.20
5108055;Terra Nova do Norte;MT;Mato Grosso;10616;4.42
5108105;Tesouro;MT;Mato Grosso;3025;0.71
5108204;Torixoréu;MT;Mato Grosso;4164;1.74
5108303;União do Sul;MT;Mato Grosso;3838;0.84
5108352;Vale de São Domingos;MT;Mato Grosso;2904;1.53
5108501;Vera;MT;Mato Grosso;12800;4.19
5105507;Vila Bela da Santíssima Trindade;MT;Mato Grosso;16774;1.24
5108600;Vila Rica;MT;Mato Grosso;19888;2.67
5108402;Várzea Grande;MT;Mato Grosso;300078;414.31
5100201;Água Boa;MT;Mato Grosso;29219;3.87
1500107;Abaetetuba;PA;Pará;158188;98.21
1500131;Abel Figueiredo;PA;Pará;6136;9.99
1500206;Acará;PA;Pará;59023;13.59
1500305;Afuá;PA;Pará;37765;4.53
1500404;Alenquer;PA;Pará;69377;2.93
1500503;Almeirim;PA;Pará;34280;0.47
1500602;Altamira;PA;Pará;126279;0.79
1500701;Anajás;PA;Pará;28011;4.05
1500800;Ananindeua;PA;Pará;478778;2512.20
1500859;Anapu;PA;Pará;31850;2.68
1500909;Augusto Corrêa;PA;Pará;44573;40.53
1500958;Aurora do Pará;PA;Pará;23774;13.12
1501006;Aveiro;PA;Pará;18290;1.07
1501105;Bagre;PA;Pará;31892;7.25
1501204;Baião;PA;Pará;51641;13.73
1501253;Bannach;PA;Pará;4031;1.36
1501303;Barcarena;PA;Pará;126650;96.65
1501451;Belterra;PA;Pará;18099;4.11
1501402;Belém;PA;Pará;1303403;1230.25
1501501;Benevides;PA;Pará;63567;338.44
1501576;Bom Jesus do Tocantins;PA;Pará;18005;6.39
1501600;Bonito;PA;Pará;12622;21.50
1501709;Bragança;PA;Pará;123082;57.93
1501725;Brasil Novo;PA;Pará;24718;3.88
1501758;Brejo Grande do Araguaia;PA;Pará;6783;5.26
1501782;Breu Branco;PA;Pará;45712;11.60
1501808;Breves;PA;Pará;106968;11.18
1501907;Bujaru;PA;Pará;24383;24.51
1502004;Cachoeira do Arari;PA;Pará;23981;7.74
1501956;Cachoeira do Piriá;PA;Pará;19630;8.11
1502103;Cametá;PA;Pará;134184;43.55
1502152;Canaã dos Carajás;PA;Pará;77079;24.49
1502202;Capanema;PA;Pará;70394;113.27
1502301;Capitão Poço;PA;Pará;56506;19.48
1502400;Castanhal;PA;Pará;192256;186.78
1502509;Chaves;PA;Pará;20757;1.66
1502608;Colares;PA;Pará;12868;33.50
1502707;Conceição do Araguaia;PA;Pará;44617;7.65
1502756;Concórdia do Pará;PA;Pará;26881;38.37
1502764;Cumaru do Norte;PA;Pará;14036;0.82
1502772;Curionópolis;PA;Pará;19950;8.42
1502806;Curralinho;PA;Pará;33903;9.37
1502855;Curuá;PA;Pará;14117;9.86
1502905;Curuçá;PA;Pará;41262;61.01
1502939;Dom Eliseu;PA;Pará;58484;11.10
1502954;Eldorado do Carajás;PA;Pará;28192;9.53
1503002;Faro;PA;Pará;8728;0.74
1503044;Floresta do Araguaia;PA;Pará;17898;5.20
1503077;Garrafão do Norte;PA;Pará;24703;15.36
1503093;Goianésia do Pará;PA;Pará;26362;3.75
1503101;Gurupá;PA;Pará;31786;3.71
1503200;Igarapé-Açu;PA;Pará;35797;45.54
1503309;Igarapé-Miri;PA;Pará;64831;32.47
1503408;Inhangapi;PA;Pará;10325;21.85
1503457;Ipixuna do Pará;PA;Pará;30329;5.82
1503507;Irituia;PA;Pará;30955;22.35
1503606;Itaituba;PA;Pará;123314;1.99
1503705;Itupiranga;PA;Pará;49754;6.31
1503754;Jacareacanga;PA;Pará;24042;0.45
1503804;Jacundá;PA;Pará;37707;18.78
1503903;Juruti;PA;Pará;50881;6.13
1504000;Limoeiro do Ajuru;PA;Pará;29569;19.84
1504109;Magalhães Barata;PA;Pará;8115;25.05
1504208;Marabá;PA;Pará;266533;17.62
1504307;Maracanã;PA;Pará;25971;32.16
1504406;Marapanim;PA;Pará;26573;33.03
1504422;Marituba;PA;Pará;111785;1083.04
1504455;Medicilândia;PA;Pará;27094;3.28
1504505;Melgaço;PA;Pará;27881;4.12
1504604;Mocajuba;PA;Pará;27198;31.22
1504703;Moju;PA;Pará;84094;9.25
1504752;Mojuí dos Campos;PA;Pará;23501;4.71
1504802;Monte Alegre;PA;Pará;60012;3.31
1504901;Muaná;PA;Pará;45368;12.06
1504059;Mãe do Rio;PA;Pará;34353;73.19
1504950;Nova Esperança do Piriá;PA;Pará;20478;7.29
1504976;Nova Ipixuna;PA;Pará;13955;8.92
1505007;Nova Timboteua;PA;Pará;12806;26.14
1505031;Novo Progresso;PA;Pará;33638;0.88
1505064;Novo Repartimento;PA;Pará;60732;3.94
1505205;Oeiras do Pará;PA;Pará;33844;8.79
1505304;Oriximiná;PA;Pará;68294;0.63
1505437;Ourilândia do Norte;PA;Pará;32467;2.25
1505403;Ourém;PA;Pará;17855;31.79
1505486;Pacajá;PA;Pará;41097;3.47
1505494;Palestina do Pará;PA;Pará;6885;6.99
1505502;Paragominas;PA;Pará;105550;5.46
1505536;Parauapebas;PA;Pará;267836;38.90
1505551;Pau D'Arco;PA;Pará;6931;4.15
1505601;Peixe-Boi;PA;Pará;8285;18.40
1505635;Piçarra;PA;Pará;12832;3.87
1505650;Placas;PA;Pará;18668;2.60
1505700;Ponta de Pedras;PA;Pará;24984;7.43
1505809;Portel;PA;Pará;62503;2.46
1505908;Porto de Moz;PA;Pará;40597;2.33
1506005;Prainha;PA;Pará;35577;2.41
1506104;Primavera;PA;Pará;10851;41.96
1506112;Quatipuru;PA;Pará;11524;38.04
1506138;Redenção;PA;Pará;85597;22.39
1506161;Rio Maria;PA;Pará;18384;4.47
1506187;Rondon do Pará;PA;Pará;53143;6.44
1506195;Rurópolis;PA;Pará;35769;5.09
1506203;Salinópolis;PA;Pará;44772;198.00
1506302;Salvaterra;PA;Pará;24129;26.27
1506351;Santa Bárbara do Pará;PA;Pará;21087;75.81
1506401;Santa Cruz do Arari;PA;Pará;7445;6.91
1506500;Santa Izabel do Pará;PA;Pará;73019;101.75
1506559;Santa Luzia do Pará;PA;Pará;20370;15.13
1506583;Santa Maria das Barreiras;PA;Pará;16548;1.60
1506609;Santa Maria do Pará;PA;Pará;24624;53.80
1506708;Santana do Araguaia;PA;Pará;32413;2.80
1506807;Santarém;PA;Pará;331942;18.55
1506906;Santarém Novo;PA;Pará;6116;26.65
1507003;Santo Antônio do Tauá;PA;Pará;27461;51.08
1507755;Sapucaia;PA;Pará;5847;4.50
1507805;Senador José Porfírio;PA;Pará;22576;1.57
1507904;Soure;PA;Pará;24204;8.47
1507102;São Caetano de Odivelas;PA;Pará;16666;35.91
1507151;São Domingos do Araguaia;PA;Pará;21092;15.15
1507201;São Domingos do Capim;PA;Pará;30599;18.14
1507409;São Francisco do Pará;PA;Pará;14894;31.07
1507300;São Félix do Xingu;PA;Pará;65418;0.78
1507458;São Geraldo do Araguaia;PA;Pará;24255;7.66
1507466;São João da Ponta;PA;Pará;4430;22.61
1507474;São João de Pirabas;PA;Pará;20689;30.95
1507508;São João do Araguaia;PA;Pará;13664;10.68
1507607;São Miguel do Guamá;PA;Pará;52894;48.32
1507706;São Sebastião da Boa Vista;PA;Pará;25643;15.71
1507953;Tailândia;PA;Pará;72493;16.36
1507961;Terra Alta;PA;Pará;10400;50.74
1507979;Terra Santa;PA;Pará;18782;9.91
1508001;Tomé-Açu;PA;Pará;67585;13.14
1508035;Tracuateua;PA;Pará;28595;32.94
1508050;Trairão;PA;Pará;15242;1.27
1508084;Tucumã;PA;Pará;39550;15.74
1508100;Tucuruí;PA;Pará;91306;43.81
1508126;Ulianópolis;PA;Pará;37972;7.46
1508159;Uruará;PA;Pará;43558;4.04
1508209;Vigia;PA;Pará;50832;126.58
1508308;Viseu;PA;Pará;58692;11.80
1508357;Vitória do Xingu;PA;Pará;15607;5.05
1508407;Xinguara;PA;Pará;52893;14.00
1500347;Água Azul do Norte;PA;Pará;18080;2.54
1505106;Óbidos;PA;Pará;52229;1.86
2500205;Aguiar;PB;Paraíba;5003;14.23
2500304;Alagoa Grande;PB;Paraíba;26062;80.92
2500403;Alagoa Nova;PB;Paraíba;21013;163.87
2500502;Alagoinha;PB;Paraíba;13725;123.25
2500536;Alcantil;PB;Paraíba;5578;18.00
2500577;Algodão de Jandaíra;PB;Paraíba;2953;13.26
2500601;Alhandra;PB;Paraíba;21730;118.11
2500734;Amparo;PB;Paraíba;2234;18.30
2500775;Aparecida;PB;Paraíba;7960;27.31
2500908;Arara;PB;Paraíba;12212;133.75
2501005;Araruna;PB;Paraíba;17189;69.67
2500809;Araçagi;PB;Paraíba;16646;71.70
2501104;Areia;PB;Paraíba;22633;84.10
2501153;Areia de Baraúnas;PB;Paraíba;2005;17.58
2501203;Areial;PB;Paraíba;7128;199.05
2501302;Aroeiras;PB;Paraíba;18705;49.73
2501351;Assunção;PB;Paraíba;4152;31.42
2501500;Bananeiras;PB;Paraíba;23134;90.49
2501534;Baraúna;PB;Paraíba;4762;95.18
2501609;Barra de Santa Rosa;PB;Paraíba;12904;16.52
2501575;Barra de Santana;PB;Paraíba;8059;21.48
2501708;Barra de São Miguel;PB;Paraíba;5906;9.69
2501807;Bayeux;PB;Paraíba;82742;2986.54
2501401;Baía da Traição;PB;Paraíba;9224;89.77
2501906;Belém;PB;Paraíba;16401;164.65
2502003;Belém do Brejo do Cruz;PB;Paraíba;6268;10.42
2502052;Bernardino Batista;PB;Paraíba;3504;60.99
2502102;Boa Ventura;PB;Paraíba;5207;30.87
2502151;Boa Vista;PB;Paraíba;6377;13.60
2502201;Bom Jesus;PB;Paraíba;2286;48.26
2502300;Bom Sucesso;PB;Paraíba;4661;25.05
2502409;Bonito de Santa Fé;PB;Paraíba;10252;45.20
2502508;Boqueirão;PB;Paraíba;17598;47.17
2502706;Borborema;PB;Paraíba;4214;161.41
2502805;Brejo do Cruz;PB;Paraíba;13613;33.92
2502904;Brejo dos Santos;PB;Paraíba;5742;61.18
2503001;Caaporã;PB;Paraíba;21193;140.33
2503100;Cabaceiras;PB;Paraíba;5335;11.37
2503209;Cabedelo;PB;Paraíba;66519;2226.73
2503308;Cachoeira dos Índios;PB;Paraíba;9151;47.36
2503407;Cacimba de Areia;PB;Paraíba;3291;15.45
2503506;Cacimba de Dentro;PB;Paraíba;16064;97.32
2503555;Cacimbas;PB;Paraíba;7223;58.22
2503605;Caiçara;PB;Paraíba;6602;53.38
2503704;Cajazeiras;PB;Paraíba;63239;112.38
2503753;Cajazeirinhas;PB;Paraíba;2740;9.69
2503803;Caldas Brandão;PB;Paraíba;5753;102.80
2503902;Camalaú;PB;Paraíba;6085;11.23
2504009;Campina Grande;PB;Paraíba;419379;708.82
2504033;Capim;PB;Paraíba;6970;87.26
2504074;Caraúbas;PB;Paraíba;3944;8.10
2504108;Carrapateira;PB;Paraíba;2312;39.14
2504157;Casserengue;PB;Paraíba;6889;33.98
2504207;Catingueira;PB;Paraíba;4491;8.51
2504306;Catolé do Rocha;PB;Paraíba;30661;55.57
2504355;Caturité;PB;Paraíba;5254;44.59
2504405;Conceição;PB;Paraíba;18260;31.45
2504504;Condado;PB;Paraíba;6451;24.30
2504603;Conde;PB;Paraíba;27605;161.18
2504702;Congo;PB;Paraíba;4933;15.19
2504801;Coremas;PB;Paraíba;14683;39.47
2504850;Coxixola;PB;Paraíba;1824;10.49
2504900;Cruz do Espírito Santo;PB;Paraíba;17095;88.80
2505006;Cubati;PB;Paraíba;7580;46.34
2505204;Cuitegi;PB;Paraíba;6730;159.89
2505105;Cuité;PB;Paraíba;19719;26.87
2505238;Cuité de Mamanguape;PB;Paraíba;6251;58.05
2505303;Curral Velho;PB;Paraíba;2292;10.53
2505279;Curral de Cima;PB;Paraíba;5254;60.79
2505352;Damião;PB;Paraíba;4982;26.76
2505402;Desterro;PB;Paraíba;8067;44.32
2505600;Diamante;PB;Paraíba;6299;23.18
2505709;Dona Inês;PB;Paraíba;10380;59.78
2505808;Duas Estradas;PB;Paraíba;3327;123.17
2505907;Emas;PB;Paraíba;3011;12.13
2506004;Esperança;PB;Paraíba;31231;197.85
2506103;Fagundes;PB;Paraíba;11049;59.70
2506202;Frei Martinho;PB;Paraíba;2846;11.93
2506251;Gado Bravo;PB;Paraíba;8179;42.51
2506301;Guarabira;PB;Paraíba;57484;353.99
2506400;Gurinhém;PB;Paraíba;13766;40.44
2506509;Gurjão;PB;Paraíba;3242;9.41
2506608;Ibiara;PB;Paraíba;5631;23.43
2502607;Igaracy;PB;Paraíba;5648;28.66
2506707;Imaculada;PB;Paraíba;10392;32.70
2506806;Ingá;PB;Paraíba;17692;67.48
2506905;Itabaiana;PB;Paraíba;23182;110.09
2507002;Itaporanga;PB;Paraíba;23940;52.02
2507101;Itapororoca;PB;Paraíba;18382;126.07
2507200;Itatuba;PB;Paraíba;10499;41.70
2507309;Jacaraú;PB;Paraíba;14477;56.36
2507408;Jericó;PB;Paraíba;7516;42.38
2513653;Joca Claudino;PB;Paraíba;2539;35.36
2507507;João Pessoa;PB;Paraíba;833932;3970.27
2507606;Juarez Távora;PB;Paraíba;7796;103.02
2507705;Juazeirinho;PB;Paraíba;17007;35.83
2507804;Junco do Seridó;PB;Paraíba;6793;37.65
2507903;Juripiranga;PB;Paraíba;10012;127.21
2508000;Juru;PB;Paraíba;9234;23.37
2508109;Lagoa;PB;Paraíba;4415;24.99
2508307;Lagoa Seca;PB;Paraíba;27730;256.24
2508208;Lagoa de Dentro;PB;Paraíba;7819;93.63
2508406;Lastro;PB;Paraíba;3162;29.44
2508505;Livramento;PB;Paraíba;6877;25.76
2508554;Logradouro;PB;Paraíba;4797;111.88
2508604;Lucena;PB;Paraíba;12560;133.90
2508802;Malta;PB;Paraíba;6046;35.15
2508901;Mamanguape;PB;Paraíba;44599;132.17
2509008;Manaíra;PB;Paraíba;10434;29.64
2509057;Marcação;PB;Paraíba;8999;73.36
2509107;Mari;PB;Paraíba;21512;138.55
2509156;Marizópolis;PB;Paraíba;6705;95.85
2509206;Massaranduba;PB;Paraíba;14139;67.52
2509305;Mataraca;PB;Paraíba;8244;45.19
2509339;Matinhas;PB;Paraíba;4571;125.16
2509370;Mato Grosso;PB;Paraíba;2543;29.82
2509396;Maturéia;PB;Paraíba;6433;77.46
2509404;Mogeiro;PB;Paraíba;13899;64.92
2509503;Montadas;PB;Paraíba;5812;182.81
2509602;Monte Horebe;PB;Paraíba;4338;37.12
2509701;Monteiro;PB;Paraíba;32277;32.52
2509800;Mulungu;PB;Paraíba;8791;46.95
2508703;Mãe d'Água;PB;Paraíba;3583;15.67
2509909;Natuba;PB;Paraíba;8945;44.24
2510006;Nazarezinho;PB;Paraíba;7203;37.28
2510105;Nova Floresta;PB;Paraíba;9724;204.41
2510204;Nova Olinda;PB;Paraíba;5787;70.99
2510303;Nova Palmeira;PB;Paraíba;4259;13.53
2510402;Olho d'Água;PB;Paraíba;6060;10.44
2510501;Olivedos;PB;Paraíba;3580;11.38
2510600;Ouro Velho;PB;Paraíba;2918;22.78
2510659;Parari;PB;Paraíba;1720;8.28
2510709;Passagem;PB;Paraíba;2463;19.96
2510808;Patos;PB;Paraíba;103165;218.16
2510907;Paulista;PB;Paraíba;11834;20.50
2511004;Pedra Branca;PB;Paraíba;3739;31.99
2511103;Pedra Lavrada;PB;Paraíba;6859;20.44
2511202;Pedras de Fogo;PB;Paraíba;29662;72.93
2512721;Pedro Régis;PB;Paraíba;5766;77.69
2511301;Piancó;PB;Paraíba;16441;28.49
2511400;Picuí;PB;Paraíba;18333;27.46
2511509;Pilar;PB;Paraíba;12311;119.17
2511608;Pilões;PB;Paraíba;6815;103.93
2511707;Pilõezinhos;PB;Paraíba;5329;130.27
2511806;Pirpirituba;PB;Paraíba;9340;115.78
2511905;Pitimbu;PB;Paraíba;16751;123.35
2512002;Pocinhos;PB;Paraíba;17469;28.00
2512101;Pombal;PB;Paraíba;32473;36.32
2512036;Poço Dantas;PB;Paraíba;3830;39.18
2512077;Poço de José de Moura;PB;Paraíba;4006;42.33
2512200;Prata;PB;Paraíba;3915;19.40
2512309;Princesa Isabel;PB;Paraíba;21114;57.29
2512408;Puxinanã;PB;Paraíba;14277;200.75
2512507;Queimadas;PB;Paraíba;47658;118.33
2512606;Quixaba;PB;Paraíba;1743;11.84
2512705;Remígio;PB;Paraíba;17885;97.49
2512788;Riacho de Santo Antônio;PB;Paraíba;1955;20.87
2512804;Riacho dos Cavalos;PB;Paraíba;8493;32.35
2512747;Riachão;PB;Paraíba;2927;34.32
2512754;Riachão do Bacamarte;PB;Paraíba;4690;116.43
2512762;Riachão do Poço;PB;Paraíba;4738;117.10
2512903;Rio Tinto;PB;Paraíba;24581;52.84
2513000;Salgadinho;PB;Paraíba;3355;18.74
2513109;Salgado de São Félix;PB;Paraíba;11505;56.38
2513158;Santa Cecília;PB;Paraíba;7670;35.25
2513208;Santa Cruz;PB;Paraíba;5947;27.32
2513307;Santa Helena;PB;Paraíba;5865;27.78
2513356;Santa Inês;PB;Paraíba;3227;9.85
2513406;Santa Luzia;PB;Paraíba;14959;33.94
2513703;Santa Rita;PB;Paraíba;149910;208.62
2513802;Santa Teresinha;PB;Paraíba;4402;12.25
2513505;Santana de Mangueira;PB;Paraíba;5010;12.37
2513604;Santana dos Garrotes;PB;Paraíba;6569;18.17
2513851;Santo André;PB;Paraíba;2622;13.26
2515302;Sapé;PB;Paraíba;51306;163.56
2515500;Serra Branca;PB;Paraíba;13614;19.50
2515708;Serra Grande;PB;Paraíba;2942;45.72
2515807;Serra Redonda;PB;Paraíba;6828;123.70
2515609;Serra da Raiz;PB;Paraíba;3094;97.67
2515906;Serraria;PB;Paraíba;4885;75.08
2515930;Sertãozinho;PB;Paraíba;5054;155.72
2515971;Sobrado;PB;Paraíba;8236;132.94
2516102;Soledade;PB;Paraíba;13968;24.16
2516003;Solânea;PB;Paraíba;26774;114.89
2516151;Sossêgo;PB;Paraíba;3345;22.71
2516201;Sousa;PB;Paraíba;67259;92.33
2516300;Sumé;PB;Paraíba;17166;20.60
2513927;São Bentinho;PB;Paraíba;4327;21.67
2513901;São Bento;PB;Paraíba;32235;131.12
2513968;São Domingos;PB;Paraíba;2595;15.23
2513943;São Domingos do Cariri;PB;Paraíba;2585;11.05
2513984;São Francisco;PB;Paraíba;3137;34.58
2514206;São José da Lagoa Tapada;PB;Paraíba;7126;21.35
2514305;São José de Caiana;PB;Paraíba;5034;27.47
2514404;São José de Espinharas;PB;Paraíba;4083;5.62
2514503;São José de Piranhas;PB;Paraíba;19067;27.76
2514552;São José de Princesa;PB;Paraíba;3416;21.61
2514602;São José do Bonfim;PB;Paraíba;3242;21.10
2514651;São José do Brejo do Cruz;PB;Paraíba;1699;6.69
2514701;São José do Sabugi;PB;Paraíba;4138;19.38
2514800;São José dos Cordeiros;PB;Paraíba;3411;9.06
2514453;São José dos Ramos;PB;Paraíba;5891;58.53
2514008;São João do Cariri;PB;Paraíba;4226;6.89
2500700;São João do Rio do Peixe;PB;Paraíba;17964;37.72
2514107;São João do Tigre;PB;Paraíba;4263;5.25
2514909;São Mamede;PB;Paraíba;7470;14.00
2515005;São Miguel de Taipu;PB;Paraíba;7066;76.46
2515104;São Sebastião de Lagoa de Roça;PB;Paraíba;11040;238.07
2515203;São Sebastião do Umbuzeiro;PB;Paraíba;3279;7.06
2515401;São Vicente do Seridó;PB;Paraíba;10291;39.17
2516409;Tacima;PB;Paraíba;8010;32.66
2516508;Taperoá;PB;Paraíba;14068;22.39
2516607;Tavares;PB;Paraíba;14101;58.88
2516706;Teixeira;PB;Paraíba;14631;94.12
2516755;Tenório;PB;Paraíba;2966;33.92
2516805;Triunfo;PB;Paraíba;9892;44.09
2516904;Uiraúna;PB;Paraíba;14930;50.92
2517001;Umbuzeiro;PB;Paraíba;9124;49.17
2517209;Vieirópolis;PB;Paraíba;4864;33.07
2505501;Vista Serrana;PB;Paraíba;3641;60.29
2517100;Várzea;PB;Paraíba;2668;13.95
2517407;Zabelê;PB;Paraíba;2228;20.86
2500106;Água Branca;PB;Paraíba;9335;38.63
2600054;Abreu e Lima;PE;Pernambuco;98462;779.07
2600104;Afogados da Ingazeira;PE;Pernambuco;40241;106.54
2600203;Afrânio;PE;Pernambuco;18674;12.53
2600302;Agrestina;PE;Pernambuco;23779;118.68
2600609;Alagoinha;PE;Pernambuco;13542;63.20
2600708;Aliança;PE;Pernambuco;35741;131.03
2600807;Altinho;PE;Pernambuco;20674;45.92
2600906;Amaraji;PE;Pernambuco;18205;78.05
2601003;Angelim;PE;Pernambuco;10241;86.72
2601102;Araripina;PE;Pernambuco;85088;41.76
2601052;Araçoiaba;PE;Pernambuco;19243;199.70
2601201;Arcoverde;PE;Pernambuco;77742;226.04
2601300;Barra de Guabiraba;PE;Pernambuco;12263;103.36
2601409;Barreiros;PE;Pernambuco;40121;171.87
2601706;Belo Jardim;PE;Pernambuco;79507;122.80
2601508;Belém de Maria;PE;Pernambuco;10378;141.88
2601607;Belém do São Francisco;PE;Pernambuco;18301;10.00
2601805;Betânia;PE;Pernambuco;11232;9.03
2601904;Bezerros;PE;Pernambuco;61694;125.23
2602001;Bodocó;PE;Pernambuco;34478;21.26
2602100;Bom Conselho;PE;Pernambuco;44294;55.91
2602209;Bom Jardim;PE;Pernambuco;37629;167.91
2602308;Bonito;PE;Pernambuco;37474;95.31
2602506;Brejinho;PE;Pernambuco;7720;72.80
2602605;Brejo da Madre de Deus;PE;Pernambuco;48648;63.81
2602407;Brejão;PE;Pernambuco;9079;56.82
2602704;Buenos Aires;PE;Pernambuco;12808;137.44
2602803;Buíque;PE;Pernambuco;52097;38.98
2602902;Cabo de Santo Agostinho;PE;Pernambuco;203440;456.77
2603009;Cabrobó;PE;Pernambuco;30294;18.26
2603108;Cachoeirinha;PE;Pernambuco;19899;111.01
2603207;Caetés;PE;Pernambuco;28827;97.74
2603405;Calumbi;PE;Pernambuco;5228;29.16
2603306;Calçado;PE;Pernambuco;11093;90.97
2603454;Camaragibe;PE;Pernambuco;147771;2879.35
2603504;Camocim de São Félix;PE;Pernambuco;17419;241.90
2603603;Camutanga;PE;Pernambuco;7750;198.13
2603702;Canhotinho;PE;Pernambuco;24329;57.49
2603801;Capoeiras;PE;Pernambuco;18338;54.39
2603926;Carnaubeira da Penha;PE;Pernambuco;12239;12.18
2603900;Carnaíba;PE;Pernambuco;18644;43.58
2604007;Carpina;PE;Pernambuco;79293;539.35
2604106;Caruaru;PE;Pernambuco;378048;409.52
2604155;Casinhas;PE;Pernambuco;12967;111.91
2604205;Catende;PE;Pernambuco;32156;154.16
2604304;Cedro;PE;Pernambuco;10518;70.71
2604502;Chã Grande;PE;Pernambuco;20546;242.32
2604403;Chã de Alegria;PE;Pernambuco;12984;263.22
2604601;Condado;PE;Pernambuco;24587;274.27
2604700;Correntes;PE;Pernambuco;17131;53.91
2604809;Cortês;PE;Pernambuco;10198;99.15
2604908;Cumaru;PE;Pernambuco;15920;54.48
2605004;Cupira;PE;Pernambuco;23518;247.15
2605103;Custódia;PE;Pernambuco;37699;26.85
2605152;Dormentes;PE;Pernambuco;17188;11.17
2605202;Escada;PE;Pernambuco;59891;174.82
2605301;Exu;PE;Pernambuco;31843;23.82
2605400;Feira Nova;PE;Pernambuco;21427;198.90
2605459;Fernando de Noronha;PE;Pernambuco;3167;170.19
2605509;Ferreiros;PE;Pernambuco;15026;162.42
2605608;Flores;PE;Pernambuco;20347;20.44
2605707;Floresta;PE;Pernambuco;30137;8.36
2605806;Frei Miguelinho;PE;Pernambuco;13636;64.11
2605905;Gameleira;PE;Pernambuco;18214;70.66
2606002;Garanhuns;PE;Pernambuco;142506;310.77
2606101;Glória do Goitá;PE;Pernambuco;29347;125.04
2606200;Goiana;PE;Pernambuco;81055;181.98
2606309;Granito;PE;Pernambuco;6967;13.35
2606408;Gravatá;PE;Pernambuco;86516;170.52
2606507;Iati;PE;Pernambuco;17165;27.03
2606606;Ibimirim;PE;Pernambuco;26593;14.13
2606705;Ibirajuba;PE;Pernambuco;7140;37.66
2606804;Igarassu;PE;Pernambuco;115196;375.38
2606903;Iguaracy;PE;Pernambuco;11081;13.22
2607604;Ilha de Itamaracá;PE;Pernambuco;24540;371.00
2607000;Inajá;PE;Pernambuco;25603;20.79
2607109;Ingazeira;PE;Pernambuco;4765;19.56
2607208;Ipojuca;PE;Pernambuco;98932;189.60
2607307;Ipubi;PE;Pernambuco;29009;41.80
2607406;Itacuruba;PE;Pernambuco;4284;9.96
2607653;Itambé;PE;Pernambuco;34935;114.92
2607703;Itapetim;PE;Pernambuco;13791;33.48
2607752;Itapissuma;PE;Pernambuco;27749;375.15
2607802;Itaquitinga;PE;Pernambuco;16554;101.72
2607505;Itaíba;PE;Pernambuco;32650;30.75
2607901;Jaboatão dos Guararapes;PE;Pernambuco;644037;2489.28
2607950;Jaqueira;PE;Pernambuco;10247;117.50
2608008;Jataúba;PE;Pernambuco;15843;22.17
2608057;Jatobá;PE;Pernambuco;14020;50.46
2608206;Joaquim Nabuco;PE;Pernambuco;13269;108.24
2608107;João Alfredo;PE;Pernambuco;27725;206.68
2608255;Jucati;PE;Pernambuco;11517;95.56
2608305;Jupi;PE;Pernambuco;15329;146.22
2608404;Jurema;PE;Pernambuco;13648;92.06
2608750;Lagoa Grande;PE;Pernambuco;24088;13.02
2608503;Lagoa de Itaenga;PE;Pernambuco;19003;338.55
2608453;Lagoa do Carro;PE;Pernambuco;17981;258.10
2608602;Lagoa do Ouro;PE;Pernambuco;11933;60.04
2608701;Lagoa dos Gatos;PE;Pernambuco;14076;62.57
2608800;Lajedo;PE;Pernambuco;39582;209.32
2608909;Limoeiro;PE;Pernambuco;56510;206.44
2609006;Macaparana;PE;Pernambuco;23879;221.00
2609105;Machados;PE;Pernambuco;11333;183.92
2609154;Manari;PE;Pernambuco;23763;68.94
2609204;Maraial;PE;Pernambuco;9359;46.83
2609303;Mirandiba;PE;Pernambuco;14166;17.24
2614303;Moreilândia;PE;Pernambuco;10540;26.07
2609402;Moreno;PE;Pernambuco;55292;284.72
2609501;Nazaré da Mata;PE;Pernambuco;30648;234.72
2609600;Olinda;PE;Pernambuco;349976;8474.00
2609709;Orobó;PE;Pernambuco;21808;157.43
2609808;Orocó;PE;Pernambuco;13613;24.54
2609907;Ouricuri;PE;Pernambuco;65245;27.40
2610004;Palmares;PE;Pernambuco;54584;160.82
2610103;Palmeirina;PE;Pernambuco;7031;41.65
2610202;Panelas;PE;Pernambuco;22991;60.43
2610301;Paranatama;PE;Pernambuco;12199;65.81
2610400;Parnamirim;PE;Pernambuco;18612;7.13
2610509;Passira;PE;Pernambuco;28340;86.61
2610608;Paudalho;PE;Pernambuco;56665;210.14
2610707;Paulista;PE;Pernambuco;342167;3529.97
2610806;Pedra;PE;Pernambuco;22795;24.71
2610905;Pesqueira;PE;Pernambuco;62722;65.33
2611101;Petrolina;PE;Pernambuco;386791;84.79
2611002;Petrolândia;PE;Pernambuco;34161;32.33
2611309;Pombos;PE;Pernambuco;27552;114.88
2611200;Poção;PE;Pernambuco;10500;51.19
2611408;Primavera;PE;Pernambuco;13838;122.31
2611507;Quipapá;PE;Pernambuco;17928;77.74
2611533;Quixaba;PE;Pernambuco;6554;31.11
2611606;Recife;PE;Pernambuco;1488920;6803.60
2611705;Riacho das Almas;PE;Pernambuco;20639;65.73
2611804;Ribeirão;PE;Pernambuco;33507;115.71
2611903;Rio Formoso;PE;Pernambuco;20009;87.97
2612000;Sairé;PE;Pernambuco;10887;57.16
2612109;Salgadinho;PE;Pernambuco;5727;65.66
2612208;Salgueiro;PE;Pernambuco;62372;37.16
2612307;Saloá;PE;Pernambuco;13836;55.00
2612406;Sanharó;PE;Pernambuco;18624;69.48
2612455;Santa Cruz;PE;Pernambuco;13841;11.11
2612471;Santa Cruz da Baixa Verde;PE;Pernambuco;11567;100.64
2612505;Santa Cruz do Capibaribe;PE;Pernambuco;98254;293.03
2612554;Santa Filomena;PE;Pernambuco;12106;12.04
2612604;Santa Maria da Boa Vista;PE;Pernambuco;40578;13.52
2612703;Santa Maria do Cambucá;PE;Pernambuco;14013;152.07
2612802;Santa Terezinha;PE;Pernambuco;10244;51.14
2613909;Serra Talhada;PE;Pernambuco;92228;30.95
2614006;Serrita;PE;Pernambuco;18207;11.86
2614105;Sertânia;PE;Pernambuco;32811;13.55
2614204;Sirinhaém;PE;Pernambuco;37596;100.44
2614402;Solidão;PE;Pernambuco;5210;37.65
2614501;Surubim;PE;Pernambuco;64120;253.54
2612901;São Benedito do Sul;PE;Pernambuco;13113;81.71
2613008;São Bento do Una;PE;Pernambuco;49449;68.76
2613107;São Caitano;PE;Pernambuco;37126;97.07
2613305;São Joaquim do Monte;PE;Pernambuco;20037;88.12
2613404;São José da Coroa Grande;PE;Pernambuco;18825;272.10
2613503;São José do Belmonte;PE;Pernambuco;34843;23.64
2613602;São José do Egito;PE;Pernambuco;31004;40.05
2613206;São João;PE;Pernambuco;23837;92.21
2613701;São Lourenço da Mata;PE;Pernambuco;111249;421.90
2613800;São Vicente Férrer;PE;Pernambuco;16677;148.17
2614600;Tabira;PE;Pernambuco;27681;70.90
2614709;Tacaimbó;PE;Pernambuco;13738;60.36
2614808;Tacaratu;PE;Pernambuco;23902;18.90
2614857;Tamandaré;PE;Pernambuco;23561;110.23
2615003;Taquaritinga do Norte;PE;Pernambuco;24736;52.06
2615102;Terezinha;PE;Pernambuco;6513;43.00
2615201;Terra Nova;PE;Pernambuco;8920;27.99
2615300;Timbaúba;PE;Pernambuco;46147;160.41
2615409;Toritama;PE;Pernambuco;41137;1600.41
2615508;Tracunhaém;PE;Pernambuco;13867;100.98
2615607;Trindade;PE;Pernambuco;30321;102.52
2615706;Triunfo;PE;Pernambuco;14705;76.78
2615805;Tupanatinga;PE;Pernambuco;26937;28.82
2615904;Tuparetama;PE;Pernambuco;8005;42.24
2616001;Venturosa;PE;Pernambuco;17251;51.33
2616100;Verdejante;PE;Pernambuco;9169;19.26
2616183;Vertente do Lério;PE;Pernambuco;7558;102.65
2616209;Vertentes;PE;Pernambuco;21959;111.85
2616308;Vicência;PE;Pernambuco;26359;115.60
2616407;Vitória de Santo Antão;PE;Pernambuco;134084;398.38
2616506;Xexéu;PE;Pernambuco;11611;104.78
2600401;Água Preta;PE;Pernambuco;26461;49.74
2600500;Águas Belas;PE;Pernambuco;41548;46.89
2200053;Acauã;PI;Piauí;6420;5.01
2200103;Agricolândia;PI;Piauí;4940;43.95
2200251;Alagoinha do Piauí;PI;Piauí;6819;12.72
2200277;Alegrete do Piauí;PI;Piauí;4634;19.01
2200301;Alto Longá;PI;Piauí;13479;7.73
2200400;Altos;PI;Piauí;47453;49.57
2200459;Alvorada do Gurguéia;PI;Piauí;5322;2.50
2200509;Amarante;PI;Piauí;17234;14.96
2200608;Angical do Piauí;PI;Piauí;6827;30.75
2200806;Antônio Almeida;PI;Piauí;3152;4.89
2200707;Anísio de Abreu;PI;Piauí;9407;27.84
2200905;Aroazes;PI;Piauí;5369;6.54
2200954;Aroeiras do Itaim;PI;Piauí;2690;8.51
2201002;Arraial;PI;Piauí;4520;6.62
2201051;Assunção do Piauí;PI;Piauí;7452;4.41
2201101;Avelino Lopes;PI;Piauí;10866;8.90
2201150;Baixa Grande do Ribeiro;PI;Piauí;13272;1.70
2201176;Barra D'Alcântara;PI;Piauí;3995;15.14
2201200;Barras;PI;Piauí;47938;27.83
2201309;Barreiras do Piauí;PI;Piauí;3264;1.51
2201408;Barro Duro;PI;Piauí;6640;41.65
2201507;Batalha;PI;Piauí;26300;16.55
2201556;Bela Vista do Piauí;PI;Piauí;4091;8.20
2201572;Belém do Piauí;PI;Piauí;3423;14.07
2201606;Beneditinos;PI;Piauí;9929;10.60
2201705;Bertolínia;PI;Piauí;5562;4.57
2201739;Betânia do Piauí;PI;Piauí;6220;10.73
2201770;Boa Hora;PI;Piauí;6902;20.48
2201804;Bocaina;PI;Piauí;4078;15.59
2201903;Bom Jesus;PI;Piauí;28796;5.26
2201919;Bom Princípio do Piauí;PI;Piauí;5636;10.77
2201929;Bonfim do Piauí;PI;Piauí;5913;20.45
2201945;Boqueirão do Piauí;PI;Piauí;6545;24.26
2201960;Brasileira;PI;Piauí;8436;9.58
2201988;Brejo do Piauí;PI;Piauí;3904;1.72
2202000;Buriti dos Lopes;PI;Piauí;19654;28.46
2202026;Buriti dos Montes;PI;Piauí;7434;3.05
2202059;Cabeceiras do Piauí;PI;Piauí;10212;16.78
2202075;Cajazeiras do Piauí;PI;Piauí;3108;6.05
2202083;Cajueiro da Praia;PI;Piauí;7957;29.34
2202091;Caldeirão Grande do Piauí;PI;Piauí;5503;11.78
2202109;Campinas do Piauí;PI;Piauí;4938;6.30
2202117;Campo Alegre do Fidalgo;PI;Piauí;4616;7.02
2202133;Campo Grande do Piauí;PI;Piauí;6020;19.31
2202174;Campo Largo do Piauí;PI;Piauí;7419;15.52
2202208;Campo Maior;PI;Piauí;45793;27.24
2202251;Canavieira;PI;Piauí;3414;1.58
2202307;Canto do Buriti;PI;Piauí;19365;4.48
2202455;Capitão Gervásio Oliveira;PI;Piauí;3974;3.51
2202406;Capitão de Campos;PI;Piauí;11100;19.42
2202505;Caracol;PI;Piauí;10318;6.40
2202539;Caraúbas do Piauí;PI;Piauí;5630;11.95
2202554;Caridade do Piauí;PI;Piauí;5033;10.09
2202604;Castelo do Piauí;PI;Piauí;19288;8.11
2202653;Caxingó;PI;Piauí;5496;11.19
2202703;Cocal;PI;Piauí;28212;21.80
2202711;Cocal de Telha;PI;Piauí;4911;15.83
2202729;Cocal dos Alves;PI;Piauí;6386;19.66
2202737;Coivaras;PI;Piauí;4117;8.50
2202752;Colônia do Gurguéia;PI;Piauí;6150;14.32
2202778;Colônia do Piauí;PI;Piauí;6994;7.36
2202802;Conceição do Canindé;PI;Piauí;4932;5.98
2202851;Coronel José Dias;PI;Piauí;4250;2.21
2202901;Corrente;PI;Piauí;27278;8.95
2203008;Cristalândia do Piauí;PI;Piauí;7356;6.12
2203107;Cristino Castro;PI;Piauí;10503;5.69
2203206;Curimatá;PI;Piauí;11270;4.81
2203230;Currais;PI;Piauí;4854;1.54
2203271;Curral Novo do Piauí;PI;Piauí;5073;6.72
2203255;Curralinhos;PI;Piauí;4413;12.76
2203305;Demerval Lobão;PI;Piauí;16352;75.42
2203354;Dirceu Arcoverde;PI;Piauí;7054;7.01
2203404;Dom Expedito Lopes;PI;Piauí;6320;28.88
2203453;Dom Inocêncio;PI;Piauí;9159;2.37
2203420;Domingos Mourão;PI;Piauí;4075;4.80
2203503;Elesbão Veloso;PI;Piauí;13607;9.83
2203602;Eliseu Martins;PI;Piauí;4377;3.99
2203701;Esperantina;PI;Piauí;40970;45.08
2203750;Fartura do Piauí;PI;Piauí;5284;7.41
2203800;Flores do Piauí;PI;Piauí;4414;4.66
2203859;Floresta do Piauí;PI;Piauí;2333;10.45
2203909;Floriano;PI;Piauí;62036;18.20
2204006;Francinópolis;PI;Piauí;4505;16.77
2204105;Francisco Ayres;PI;Piauí;4412;6.72
2204154;Francisco Macedo;PI;Piauí;2929;16.34
2204204;Francisco Santos;PI;Piauí;8237;16.74
2204303;Fronteiras;PI;Piauí;10259;13.20
2204352;Geminiano;PI;Piauí;5445;12.36
2204402;Gilbués;PI;Piauí;10892;3.12
2204501;Guadalupe;PI;Piauí;10270;10.00
2204550;Guaribas;PI;Piauí;4276;1.37
2204600;Hugo Napoleão;PI;Piauí;3518;15.67
2204659;Ilha Grande;PI;Piauí;9274;71.51
2204709;Inhuma;PI;Piauí;14958;15.29
2204808;Ipiranga do Piauí;PI;Piauí;9420;17.79
2204907;Isaías Coelho;PI;Piauí;7774;9.71
2205003;Itainópolis;PI;Piauí;10790;13.04
2205102;Itaueira;PI;Piauí;10323;4.04
2205151;Jacobina do Piauí;PI;Piauí;5613;4.21
2205201;Jaicós;PI;Piauí;17527;20.22
2205250;Jardim do Mulato;PI;Piauí;4180;8.19
2205276;Jatobá do Piauí;PI;Piauí;4494;6.91
2205300;Jerumenha;PI;Piauí;4497;2.41
2205409;Joaquim Pires;PI;Piauí;13886;18.75
2205458;Joca Marques;PI;Piauí;5394;31.92
2205508;José de Freitas;PI;Piauí;42559;27.67
2205359;João Costa;PI;Piauí;2970;1.65
2205516;Juazeiro do Piauí;PI;Piauí;5214;5.57
2205532;Jurema;PI;Piauí;4425;3.48
2205524;Júlio Borges;PI;Piauí;5388;4.20
2205557;Lagoa Alegre;PI;Piauí;8256;20.94
2205573;Lagoa de São Francisco;PI;Piauí;6331;40.62
2205565;Lagoa do Barro do Piauí;PI;Piauí;4995;3.75
2205581;Lagoa do Piauí;PI;Piauí;4810;11.24
2205599;Lagoa do Sítio;PI;Piauí;4520;5.61
2205540;Lagoinha do Piauí;PI;Piauí;2939;43.44
2205607;Landri Sales;PI;Piauí;5213;4.79
2205805;Luzilândia;PI;Piauí;25375;35.96
2205706;Luís Correia;PI;Piauí;30641;28.53
2205854;Madeiro;PI;Piauí;8032;44.91
2205904;Manoel Emídio;PI;Piauí;5209;3.21
2205953;Marcolândia;PI;Piauí;8533;62.38
2206001;Marcos Parente;PI;Piauí;4724;6.97
2206050;Massapê do Piauí;PI;Piauí;5218;9.84
2206100;Matias Olímpio;PI;Piauí;10641;46.92
2206209;Miguel Alves;PI;Piauí;32150;23.09
2206308;Miguel Leão;PI;Piauí;1318;14.11
2206357;Milton Brandão;PI;Piauí;6542;5.00
2206407;Monsenhor Gil;PI;Piauí;10255;18.06
2206506;Monsenhor Hipólito;PI;Piauí;7577;18.87
2206605;Monte Alegre do Piauí;PI;Piauí;10660;4.41
2206654;Morro Cabeça no Tempo;PI;Piauí;4377;1.98
2206670;Morro do Chapéu do Piauí;PI;Piauí;6425;19.56
2206696;Murici dos Portelas;PI;Piauí;9797;20.59
2206704;Nazaré do Piauí;PI;Piauí;6665;5.07
2206720;Nazária;PI;Piauí;10262;28.32
2206753;Nossa Senhora de Nazaré;PI;Piauí;5228;14.65
2206803;Nossa Senhora dos Remédios;PI;Piauí;8525;23.82
2207959;Nova Santa Rita;PI;Piauí;4076;4.48
2206902;Novo Oriente do Piauí;PI;Piauí;6097;11.59
2206951;Novo Santo Antônio;PI;Piauí;2827;6.37
2207009;Oeiras;PI;Piauí;38161;14.12
2207108;Olho D'Água do Piauí;PI;Piauí;2637;14.36
2207207;Padre Marcos;PI;Piauí;6382;22.90
2207306;Paes Landim;PI;Piauí;4088;10.18
2207355;Pajeú do Piauí;PI;Piauí;3000;3.04
2207405;Palmeira do Piauí;PI;Piauí;4952;2.45
2207504;Palmeirais;PI;Piauí;13264;8.88
2207553;Paquetá;PI;Piauí;3813;8.81
2207603;Parnaguá;PI;Piauí;10103;2.95
2207702;Parnaíba;PI;Piauí;162159;371.15
2207751;Passagem Franca do Piauí;PI;Piauí;4135;6.43
2207777;Patos do Piauí;PI;Piauí;5425;6.77
2207793;Pau D'Arco do Piauí;PI;Piauí;3880;9.02
2207801;Paulistana;PI;Piauí;21055;10.85
2207850;Pavussu;PI;Piauí;3628;3.33
2207900;Pedro II;PI;Piauí;37894;24.54
2207934;Pedro Laurentino;PI;Piauí;2458;2.82
2208007;Picos;PI;Piauí;83090;143.93
2208106;Pimenteiras;PI;Piauí;11341;2.49
2208205;Pio IX;PI;Piauí;17613;9.04
2208304;Piracuruca;PI;Piauí;28846;12.18
2208403;Piripiri;PI;Piauí;65538;46.57
2208502;Porto;PI;Piauí;12052;47.62
2208551;Porto Alegre do Piauí;PI;Piauí;2364;2.02
2208601;Prata do Piauí;PI;Piauí;3042;15.46
2208650;Queimada Nova;PI;Piauí;8738;6.81
2208700;Redenção do Gurguéia;PI;Piauí;8394;3.40
2208809;Regeneração;PI;Piauí;17133;13.69
2208858;Riacho Frio;PI;Piauí;4165;1.88
2208874;Ribeira do Piauí;PI;Piauí;4055;4.01
2208908;Ribeiro Gonçalves;PI;Piauí;6164;1.55
2209005;Rio Grande do Piauí;PI;Piauí;5801;9.12
2209104;Santa Cruz do Piauí;PI;Piauí;5831;10.01
2209153;Santa Cruz dos Milagres;PI;Piauí;3435;3.51
2209203;Santa Filomena;PI;Piauí;6087;1.15
2209302;Santa Luz;PI;Piauí;5336;4.50
2209377;Santa Rosa do Piauí;PI;Piauí;4650;13.74
2209351;Santana do Piauí;PI;Piauí;4125;36.77
2209401;Santo Antônio de Lisboa;PI;Piauí;5839;15.15
2209450;Santo Antônio dos Milagres;PI;Piauí;2138;63.56
2209500;Santo Inácio do Piauí;PI;Piauí;3646;4.28
2210623;Sebastião Barros;PI;Piauí;3202;3.58
2210631;Sebastião Leal;PI;Piauí;4446;1.41
2210656;Sigefredo Pacheco;PI;Piauí;9460;9.17
2210805;Simplício Mendes;PI;Piauí;13870;10.20
2210706;Simões;PI;Piauí;14350;13.34
2210904;Socorro do Piauí;PI;Piauí;4141;5.44
2210938;Sussuapara;PI;Piauí;6220;30.31
2209559;São Braz do Piauí;PI;Piauí;4358;6.64
2209658;São Francisco de Assis do Piauí;PI;Piauí;5572;5.20
2209708;São Francisco do Piauí;PI;Piauí;5392;4.02
2209609;São Félix do Piauí;PI;Piauí;2842;4.53
2209757;São Gonçalo do Gurguéia;PI;Piauí;2947;2.13
2209807;São Gonçalo do Piauí;PI;Piauí;4837;32.14
2210052;São José do Divino;PI;Piauí;4841;15.16
2210102;São José do Peixe;PI;Piauí;3297;2.56
2210201;São José do Piauí;PI;Piauí;6597;17.67
2209856;São João da Canabrava;PI;Piauí;4242;8.83
2209872;São João da Fronteira;PI;Piauí;5522;6.76
2209906;São João da Serra;PI;Piauí;6114;6.15
2209955;São João da Varjota;PI;Piauí;4383;11.11
2209971;São João do Arraial;PI;Piauí;8186;38.36
2210003;São João do Piauí;PI;Piauí;21421;14.02
2210300;São Julião;PI;Piauí;6025;20.70
2210359;São Lourenço do Piauí;PI;Piauí;4410;6.54
2210375;São Luis do Piauí;PI;Piauí;2309;10.60
2210383;São Miguel da Baixa Grande;PI;Piauí;2269;5.10
2210391;São Miguel do Fidalgo;PI;Piauí;2829;3.48
2210409;São Miguel do Tapuio;PI;Piauí;17554;3.52
2210508;São Pedro do Piauí;PI;Piauí;13755;26.54
2210607;São Raimundo Nonato;PI;Piauí;38934;16.12
2210953;Tamboril do Piauí;PI;Piauí;2949;1.86
2210979;Tanque do Piauí;PI;Piauí;2316;5.82
2211001;Teresina;PI;Piauí;866300;622.66
2211100;União;PI;Piauí;46119;39.39
2211209;Uruçuí;PI;Piauí;25203;3.00
2211308;Valença do Piauí;PI;Piauí;22279;16.70
2211506;Vera Mendes;PI;Piauí;3185;9.31
2211605;Vila Nova do Piauí;PI;Piauí;2935;13.24
2211357;Várzea Branca;PI;Piauí;5055;11.22
2211407;Várzea Grande;PI;Piauí;4417;18.68
2211704;Wall Ferraz;PI;Piauí;4059;15.01
2200202;Água Branca;PI;Piauí;17573;181.46
4100103;Abatiá;PR;Paraná;7241;31.66
4100202;Adrianópolis;PR;Paraná;6256;4.64
4100301;Agudos do Sul;PR;Paraná;10233;53.22
4100400;Almirante Tamandaré;PR;Paraná;119825;616.93
4100459;Altamira do Paraná;PR;Paraná;3590;9.28
4100608;Alto Paraná;PR;Paraná;13909;34.11
4128625;Alto Paraíso;PR;Paraná;3055;3.16
4100707;Alto Piquiri;PR;Paraná;9727;21.73
4100509;Altônia;PR;Paraná;18742;28.33
4100806;Alvorada do Sul;PR;Paraná;10326;24.34
4100905;Amaporã;PR;Paraná;4762;12.38
4101002;Ampére;PR;Paraná;19620;65.76
4101051;Anahy;PR;Paraná;2918;28.36
4101101;Andirá;PR;Paraná;19878;84.25
4101200;Antonina;PR;Paraná;18091;20.29
4101309;Antônio Olinto;PR;Paraná;7018;14.94
4101408;Apucarana;PR;Paraná;130134;233.64
4101507;Arapongas;PR;Paraná;119138;311.70
4101606;Arapoti;PR;Paraná;25777;18.98
4101655;Arapuã;PR;Paraná;3527;16.23
4101705;Araruna;PR;Paraná;14485;29.37
4101804;Araucária;PR;Paraná;151666;323.22
4101853;Ariranha do Ivaí;PR;Paraná;2329;9.95
4101903;Assaí;PR;Paraná;13797;31.33
4102000;Assis Chateaubriand;PR;Paraná;36808;37.53
4102109;Astorga;PR;Paraná;25475;58.59
4102208;Atalaia;PR;Paraná;3980;28.91
4102307;Balsa Nova;PR;Paraná;13395;38.39
4102406;Bandeirantes;PR;Paraná;31273;70.25
4102505;Barbosa Ferraz;PR;Paraná;10795;20.04
4102703;Barra do Jacaré;PR;Paraná;2814;24.29
4102604;Barracão;PR;Paraná;9759;60.53
4102752;Bela Vista da Caroba;PR;Paraná;4031;27.22
4102802;Bela Vista do Paraíso;PR;Paraná;14833;61.12
4102901;Bituruna;PR;Paraná;15533;12.58
4103008;Boa Esperança;PR;Paraná;4558;15.06
4103024;Boa Esperança do Iguaçu;PR;Paraná;2455;16.17
4103040;Boa Ventura de São Roque;PR;Paraná;6378;10.28
4103057;Boa Vista da Aparecida;PR;Paraná;7924;29.77
4103107;Bocaiúva do Sul;PR;Paraná;13299;16.11
4103156;Bom Jesus do Sul;PR;Paraná;3980;22.60
4103206;Bom Sucesso;PR;Paraná;6581;20.39
4103222;Bom Sucesso do Sul;PR;Paraná;3202;16.34
4103305;Borrazópolis;PR;Paraná;7735;23.13
4103354;Braganey;PR;Paraná;4854;14.14
4103370;Brasilândia do Sul;PR;Paraná;3708;12.74
4103404;Cafeara;PR;Paraná;2627;14.14
4103453;Cafelândia;PR;Paraná;18997;69.10
4103479;Cafezal do Sul;PR;Paraná;4473;13.34
4103503;Califórnia;PR;Paraná;8710;61.42
4103602;Cambará;PR;Paraná;23212;63.39
4103800;Cambira;PR;Paraná;9460;57.41
4103701;Cambé;PR;Paraná;107208;216.42
4104006;Campina Grande do Sul;PR;Paraná;47825;88.69
4103909;Campina da Lagoa;PR;Paraná;15723;19.74
4103958;Campina do Simão;PR;Paraná;3936;8.78
4104055;Campo Bonito;PR;Paraná;4027;9.28
4104204;Campo Largo;PR;Paraná;136327;109.63
4104253;Campo Magro;PR;Paraná;30160;109.53
4104303;Campo Mourão;PR;Paraná;99432;132.64
4104105;Campo do Tenente;PR;Paraná;7508;24.66
4104428;Candói;PR;Paraná;14973;9.90
4104451;Cantagalo;PR;Paraná;10933;18.74
4104501;Capanema;PR;Paraná;20481;48.88
4104600;Capitão Leônidas Marques;PR;Paraná;14648;52.30
4104659;Carambeí;PR;Paraná;23283;35.84
4104709;Carlópolis;PR;Paraná;16905;37.45
4104808;Cascavel;PR;Paraná;348051;166.44
4104907;Castro;PR;Paraná;73075;28.87
4105003;Catanduvas;PR;Paraná;10446;18.00
4105102;Centenário do Sul;PR;Paraná;10832;29.13
4105201;Cerro Azul;PR;Paraná;16134;12.03
4105409;Chopinzinho;PR;Paraná;21085;21.97
4105508;Cianorte;PR;Paraná;79527;97.98
4105607;Cidade Gaúcha;PR;Paraná;11467;28.45
4105706;Clevelândia;PR;Paraná;15070;21.42
4105805;Colombo;PR;Paraná;232212;1175.28
4105904;Colorado;PR;Paraná;22896;56.18
4106001;Congonhinhas;PR;Paraná;8320;15.52
4106100;Conselheiro Mairinck;PR;Paraná;3461;16.91
4106209;Contenda;PR;Paraná;19128;63.97
4106308;Corbélia;PR;Paraná;17470;33.02
4106407;Cornélio Procópio;PR;Paraná;45206;71.18
4106456;Coronel Domingos Soares;PR;Paraná;5649;3.63
4106506;Coronel Vivida;PR;Paraná;23331;34.09
4106555;Corumbataí do Sul;PR;Paraná;3760;22.88
4106803;Cruz Machado;PR;Paraná;15978;10.81
4106571;Cruzeiro do Iguaçu;PR;Paraná;4133;25.53
4106605;Cruzeiro do Oeste;PR;Paraná;23831;30.71
4106704;Cruzeiro do Sul;PR;Paraná;4494;17.34
4106852;Cruzmaltina;PR;Paraná;2892;9.26
4106902;Curitiba;PR;Paraná;1773718;4078.53
4107009;Curiúva;PR;Paraná;13647;23.68
4104402;Cândido de Abreu;PR;Paraná;15244;10.09
4105300;Céu Azul;PR;Paraná;11087;9.40
4107157;Diamante D'Oeste;PR;Paraná;4557;14.74
4107108;Diamante do Norte;PR;Paraná;5142;21.17
4107124;Diamante do Sul;PR;Paraná;3171;9.13
4107207;Dois Vizinhos;PR;Paraná;44869;107.18
4107256;Douradina;PR;Paraná;9161;21.78
4107306;Doutor Camargo;PR;Paraná;6327;53.49
4128633;Doutor Ulysses;PR;Paraná;5697;7.33
4107504;Engenheiro Beltrão;PR;Paraná;12454;26.64
4107538;Entre Rios do Oeste;PR;Paraná;4575;37.82
4107405;Enéas Marques;PR;Paraná;5999;31.21
4107520;Esperança Nova;PR;Paraná;1849;13.09
4107546;Espigão Alto do Iguaçu;PR;Paraná;4797;14.69
4107553;Farol;PR;Paraná;3039;10.51
4107603;Faxinal;PR;Paraná;16389;22.89
4107652;Fazenda Rio Grande;PR;Paraná;148873;1275.93
4107736;Fernandes Pinheiro;PR;Paraná;6255;15.39
4107751;Figueira;PR;Paraná;8062;62.13
4107850;Flor da Serra do Sul;PR;Paraná;4364;17.07
4107801;Floraí;PR;Paraná;4792;25.07
4107900;Floresta;PR;Paraná;10458;66.10
4108007;Florestópolis;PR;Paraná;11446;46.37
4108106;Flórida;PR;Paraná;2652;31.93
4108205;Formosa do Oeste;PR;Paraná;7635;27.67
4108304;Foz do Iguaçu;PR;Paraná;285415;468.51
4108452;Foz do Jordão;PR;Paraná;4926;20.93
4108320;Francisco Alves;PR;Paraná;8116;25.21
4108403;Francisco Beltrão;PR;Paraná;96666;131.50
4107702;Fênix;PR;Paraná;4492;19.19
4108502;General Carneiro;PR;Paraná;11062;10.33
4108551;Godoy Moreira;PR;Paraná;2977;22.72
4108601;Goioerê;PR;Paraná;28437;50.41
4108650;Goioxim;PR;Paraná;6566;9.35
4108700;Grandes Rios;PR;Paraná;5641;17.95
4108908;Guairaçá;PR;Paraná;6587;13.34
4108957;Guamiranga;PR;Paraná;7856;32.09
4109005;Guapirama;PR;Paraná;4626;24.46
4109104;Guaporema;PR;Paraná;2191;10.89
4109203;Guaraci;PR;Paraná;4748;22.43
4109302;Guaraniaçu;PR;Paraná;13735;11.09
4109401;Guarapuava;PR;Paraná;182093;57.48
4109500;Guaraqueçaba;PR;Paraná;7430;3.69
4109609;Guaratuba;PR;Paraná;42062;31.70
4108809;Guaíra;PR;Paraná;32097;56.94
4109658;Honório Serpa;PR;Paraná;4941;9.84
4109708;Ibaiti;PR;Paraná;28830;32.10
4109757;Ibema;PR;Paraná;6218;42.75
4109807;Ibiporã;PR;Paraná;51603;173.31
4109906;Icaraíma;PR;Paraná;8991;13.32
4110003;Iguaraçu;PR;Paraná;5338;32.35
4110052;Iguatu;PR;Paraná;2144;20.05
4110078;Imbaú;PR;Paraná;14249;43.08
4110102;Imbituva;PR;Paraná;29924;39.55
4110300;Inajá;PR;Paraná;2536;13.02
4110409;Indianópolis;PR;Paraná;4448;36.27
4110201;Inácio Martins;PR;Paraná;9670;10.33
4110508;Ipiranga;PR;Paraná;14142;15.70
4110607;Iporã;PR;Paraná;15746;24.30
4110656;Iracema do Oeste;PR;Paraná;2343;28.74
4110706;Irati;PR;Paraná;59250;59.28
4110805;Iretama;PR;Paraná;10684;18.73
4110904;Itaguajé;PR;Paraná;4481;23.06
4110953;Itaipulândia;PR;Paraná;11485;34.71
4111001;Itambaracá;PR;Paraná;5908;28.49
4111100;Itambé;PR;Paraná;6111;25.06
4111209;Itapejara d'Oeste;PR;Paraná;12344;48.60
4111258;Itaperuçu;PR;Paraná;31217;96.65
4111308;Itaúna do Sul;PR;Paraná;3572;27.72
4111506;Ivaiporã;PR;Paraná;32720;74.88
4111605;Ivatuba;PR;Paraná;2708;28.02
4111555;Ivaté;PR;Paraná;6831;16.65
4111407;Ivaí;PR;Paraná;13229;21.76
4111704;Jaboti;PR;Paraná;5427;38.97
4111803;Jacarezinho;PR;Paraná;40375;67.01
4111902;Jaguapitã;PR;Paraná;15122;31.84
4112009;Jaguariaíva;PR;Paraná;35141;24.18
4112108;Jandaia do Sul;PR;Paraná;21408;114.12
4112207;Janiópolis;PR;Paraná;5870;17.49
4112306;Japira;PR;Paraná;4972;26.47
4112405;Japurá;PR;Paraná;9144;55.36
4112504;Jardim Alegre;PR;Paraná;12004;29.04
4112603;Jardim Olinda;PR;Paraná;1343;10.45
4112702;Jataizinho;PR;Paraná;11813;74.21
4112751;Jesuítas;PR;Paraná;10506;42.45
4112801;Joaquim Távora;PR;Paraná;11945;41.31
4112900;Jundiaí do Sul;PR;Paraná;3333;10.39
4112959;Juranda;PR;Paraná;7771;21.93
4113007;Jussara;PR;Paraná;6690;31.73
4113106;Kaloré;PR;Paraná;4582;23.70
4113205;Lapa;PR;Paraná;45003;21.49
4113254;Laranjal;PR;Paraná;5600;10.01
4113304;Laranjeiras do Sul;PR;Paraná;32227;47.84
4113403;Leópolis;PR;Paraná;3752;10.88
4113429;Lidianópolis;PR;Paraná;3938;26.00
4113452;Lindoeste;PR;Paraná;5175;14.91
4113502;Loanda;PR;Paraná;23225;32.15
4113601;Lobato;PR;Paraná;4601;19.10
4113700;Londrina;PR;Paraná;555965;336.42
4113734;Luiziana;PR;Paraná;6690;7.30
4113759;Lunardelli;PR;Paraná;4872;24.46
4113809;Lupionópolis;PR;Paraná;4813;39.76
4113908;Mallet;PR;Paraná;13428;17.66
4114005;Mamborê;PR;Paraná;13452;17.07
4114203;Mandaguari;PR;Paraná;36716;109.33
4114104;Mandaguaçu;PR;Paraná;31457;106.99
4114302;Mandirituba;PR;Paraná;27439;72.36
4114351;Manfrinópolis;PR;Paraná;2770;12.84
4114401;Mangueirinha;PR;Paraná;16603;15.73
4114500;Manoel Ribas;PR;Paraná;14240;24.93
4114609;Marechal Cândido Rondon;PR;Paraná;55836;74.87
4114708;Maria Helena;PR;Paraná;5865;12.06
4114807;Marialva;PR;Paraná;41851;88.00
4115002;Marilena;PR;Paraná;7253;31.21
4115101;Mariluz;PR;Paraná;9847;22.73
4114906;Marilândia do Sul;PR;Paraná;8677;22.57
4115200;Maringá;PR;Paraná;409657;841.16
4115358;Maripá;PR;Paraná;6555;23.10
4115309;Mariópolis;PR;Paraná;6371;27.66
4115408;Marmeleiro;PR;Paraná;15901;41.02
4115457;Marquinho;PR;Paraná;4504;8.94
4115507;Marumbi;PR;Paraná;4699;22.54
4115606;Matelândia;PR;Paraná;18450;28.84
4115705;Matinhos;PR;Paraná;39259;332.99
4115739;Mato Rico;PR;Paraná;3267;8.28
4115754;Mauá da Serra;PR;Paraná;9383;86.62
4115804;Medianeira;PR;Paraná;54369;165.39
4115853;Mercedes;PR;Paraná;5931;30.09
4115903;Mirador;PR;Paraná;2238;10.09
4116000;Miraselva;PR;Paraná;1966;21.77
4116059;Missal;PR;Paraná;11064;34.11
4116109;Moreira Sales;PR;Paraná;11175;31.59
4116208;Morretes;PR;Paraná;18309;26.74
4116307;Munhoz de Melo;PR;Paraná;3951;28.84
4116406;Nossa Senhora das Graças;PR;Paraná;3669;19.75
4116505;Nova Aliança do Ivaí;PR;Paraná;1323;10.08
4116604;Nova América da Colina;PR;Paraná;3280;25.33
4116703;Nova Aurora;PR;Paraná;13765;29.25
4116802;Nova Cantu;PR;Paraná;6790;12.22
4116901;Nova Esperança;PR;Paraná;26585;66.20
4116950;Nova Esperança do Sudoeste;PR;Paraná;5597;26.85
4117008;Nova Fátima;PR;Paraná;7225;25.49
4117057;Nova Laranjeiras;PR;Paraná;12074;9.98
4117107;Nova Londrina;PR;Paraná;12923;47.97
4117206;Nova Olímpia;PR;Paraná;5833;42.78
4117255;Nova Prata do Iguaçu;PR;Paraná;12699;36.02
4117214;Nova Santa Bárbara;PR;Paraná;4184;54.42
4117222;Nova Santa Rosa;PR;Paraná;8322;40.66
4117271;Nova Tebas;PR;Paraná;6848;12.55
4117297;Novo Itacolomi;PR;Paraná;3125;19.36
4117305;Ortigueira;PR;Paraná;24192;9.96
4117404;Ourizona;PR;Paraná;3187;18.06
4117453;Ouro Verde do Oeste;PR;Paraná;6785;23.15
4117503;Paiçandu;PR;Paraná;45962;268.19
4117602;Palmas;PR;Paraná;48247;30.97
4117701;Palmeira;PR;Paraná;33855;23.03
4117800;Palmital;PR;Paraná;13033;15.94
4117909;Palotina;PR;Paraná;35011;53.76
4118105;Paranacity;PR;Paraná;9557;27.41
4118204;Paranaguá;PR;Paraná;145829;177.23
4118303;Paranapoema;PR;Paraná;2398;13.63
4118402;Paranavaí;PR;Paraná;92001;76.52
4118006;Paraíso do Norte;PR;Paraná;13245;64.75
4118451;Pato Bragado;PR;Paraná;5733;42.28
4118501;Pato Branco;PR;Paraná;91836;170.35
4118600;Paula Freitas;PR;Paraná;5666;13.45
4118709;Paulo Frontin;PR;Paraná;6343;17.46
4118808;Peabiru;PR;Paraná;13346;28.48
4118857;Perobal;PR;Paraná;7189;17.57
4119152;Pinhais;PR;Paraná;127019;2086.76
4119251;Pinhal de São Bento;PR;Paraná;2761;28.33
4119202;Pinhalão;PR;Paraná;6566;29.76
4119301;Pinhão;PR;Paraná;29886;14.93
4119509;Piraquara;PR;Paraná;118730;522.94
4119400;Piraí do Sul;PR;Paraná;23651;17.58
4119608;Pitanga;PR;Paraná;33567;20.18
4119657;Pitangueiras;PR;Paraná;3046;24.72
4119103;Piên;PR;Paraná;13655;53.59
4119707;Planaltina do Paraná;PR;Paraná;4070;11.43
4119806;Planalto;PR;Paraná;14374;41.51
4119905;Ponta Grossa;PR;Paraná;358371;174.41
4119954;Pontal do Paraná;PR;Paraná;30425;151.81
4120002;Porecatu;PR;Paraná;11624;39.85
4120101;Porto Amazonas;PR;Paraná;4098;21.96
4120150;Porto Barreiro;PR;Paraná;3110;8.61
4120200;Porto Rico;PR;Paraná;3182;14.62
4120309;Porto Vitória;PR;Paraná;3562;16.72
4120333;Prado Ferreira;PR;Paraná;3709;24.26
4120358;Pranchita;PR;Paraná;5737;25.37
4120408;Presidente Castelo Branco;PR;Paraná;4336;27.84
4120507;Primeiro de Maio;PR;Paraná;10082;24.33
4120606;Prudentópolis;PR;Paraná;49393;21.98
4118907;Pérola;PR;Paraná;11878;50.29
4119004;Pérola d'Oeste;PR;Paraná;6221;30.31
4120655;Quarto Centenário;PR;Paraná;4201;13.05
4120705;Quatiguá;PR;Paraná;8099;71.87
4120804;Quatro Barras;PR;Paraná;24191;134.04
4120853;Quatro Pontes;PR;Paraná;4480;39.16
4120903;Quedas do Iguaçu;PR;Paraná;30738;37.42
4121000;Querência do Norte;PR;Paraná;10685;11.68
4121109;Quinta do Sol;PR;Paraná;5001;15.33
4121208;Quitandinha;PR;Paraná;18398;41.16
4121257;Ramilândia;PR;Paraná;4221;17.80
4121307;Rancho Alegre;PR;Paraná;3512;20.95
4121356;Rancho Alegre D'Oeste;PR;Paraná;2618;10.85
4121406;Realeza;PR;Paraná;19247;54.46
4121505;Rebouças;PR;Paraná;14514;30.12
4121604;Renascença;PR;Paraná;6845;16.10
4121703;Reserva;PR;Paraná;24573;15.02
4121752;Reserva do Iguaçu;PR;Paraná;6553;7.86
4121802;Ribeirão Claro;PR;Paraná;12364;19.65
4121901;Ribeirão do Pinhal;PR;Paraná;13060;34.85
4122008;Rio Azul;PR;Paraná;14025;23.41
4122107;Rio Bom;PR;Paraná;3197;17.98
4122156;Rio Bonito do Iguaçu;PR;Paraná;13929;20.44
4122172;Rio Branco do Ivaí;PR;Paraná;3808;10.12
4122206;Rio Branco do Sul;PR;Paraná;37558;46.29
4122305;Rio Negro;PR;Paraná;31324;51.85
4122404;Rolândia;PR;Paraná;71670;156.14
4122503;Roncador;PR;Paraná;11251;15.16
4122602;Rondon;PR;Paraná;9097;16.39
4122651;Rosário do Ivaí;PR;Paraná;5435;14.40
4122701;Sabáudia;PR;Paraná;8822;46.35
4122800;Salgado Filho;PR;Paraná;4075;22.51
4122909;Salto do Itararé;PR;Paraná;5192;25.89
4123006;Salto do Lontra;PR;Paraná;15223;48.68
4123105;Santa Amélia;PR;Paraná;3394;43.49
4123204;Santa Cecília do Pavão;PR;Paraná;3365;32.02
4123303;Santa Cruz de Monte Castelo;PR;Paraná;8613;19.49
4123402;Santa Fé;PR;Paraná;11378;41.19
4123501;Santa Helena;PR;Paraná;25492;33.78
4123600;Santa Inês;PR;Paraná;1748;11.14
4123709;Santa Isabel do Ivaí;PR;Paraná;8912;25.50
4123808;Santa Izabel do Oeste;PR;Paraná;14070;43.81
4123824;Santa Lúcia;PR;Paraná;3644;28.74
4123857;Santa Maria do Oeste;PR;Paraná;9934;11.87
4123907;Santa Mariana;PR;Paraná;11066;25.90
4123956;Santa Mônica;PR;Paraná;3356;12.91
4124020;Santa Tereza do Oeste;PR;Paraná;13174;40.39
4124053;Santa Terezinha de Itaipu;PR;Paraná;24262;90.44
4124004;Santana do Itararé;PR;Paraná;5514;21.94
4124103;Santo Antônio da Platina;PR;Paraná;44369;61.50
4124202;Santo Antônio do Caiuá;PR;Paraná;2493;11.38
4124301;Santo Antônio do Paraíso;PR;Paraná;2125;12.72
4124400;Santo Antônio do Sudoeste;PR;Paraná;23673;72.69
4124509;Santo Inácio;PR;Paraná;6181;22.06
4126207;Sapopema;PR;Paraná;6695;9.88
4126256;Sarandi;PR;Paraná;118455;1144.48
4126272;Saudade do Iguaçu;PR;Paraná;6108;40.16
4126306;Sengés;PR;Paraná;17270;11.98
4126355;Serranópolis do Iguaçu;PR;Paraná;5007;10.38
4126405;Sertaneja;PR;Paraná;5616;12.63
4126504;Sertanópolis;PR;Paraná;15930;31.51
4126603;Siqueira Campos;PR;Paraná;22811;82.04
4126652;Sulina;PR;Paraná;3440;20.15
4124608;São Carlos do Ivaí;PR;Paraná;6587;29.27
4124707;São Jerônimo da Serra;PR;Paraná;10830;13.15
4125209;São Jorge d'Oeste;PR;Paraná;9378;24.71
4125308;São Jorge do Ivaí;PR;Paraná;5168;16.40
4125357;São Jorge do Patrocínio;PR;Paraná;6504;16.00
4125407;São José da Boa Vista;PR;Paraná;6040;15.11
4125456;São José das Palmeiras;PR;Paraná;3957;21.69
4125506;São José dos Pinhais;PR;Paraná;329628;348.28
4124806;São João;PR;Paraná;11886;30.63
4124905;São João do Caiuá;PR;Paraná;5586;18.35
4125001;São João do Ivaí;PR;Paraná;10667;30.19
4125100;São João do Triunfo;PR;Paraná;13726;19.05
4125555;São Manoel do Paraná;PR;Paraná;2138;22.42
4125605;São Mateus do Sul;PR;Paraná;42366;31.58
4125704;São Miguel do Iguaçu;PR;Paraná;29122;34.18
4125753;São Pedro do Iguaçu;PR;Paraná;5784;18.76
4125803;São Pedro do Ivaí;PR;Paraná;8690;26.93
4125902;São Pedro do Paraná;PR;Paraná;2661;10.62
4126009;São Sebastião da Amoreira;PR;Paraná;8063;35.54
4126108;São Tomé;PR;Paraná;5232;23.93
4126678;Tamarana;PR;Paraná;10707;22.68
4126702;Tamboara;PR;Paraná;4880;25.24
4126801;Tapejara;PR;Paraná;15869;26.83
4126900;Tapira;PR;Paraná;5745;13.23
4127007;Teixeira Soares;PR;Paraná;9547;10.57
4127106;Telêmaco Borba;PR;Paraná;75042;54.27
4127205;Terra Boa;PR;Paraná;17568;54.75
4127304;Terra Rica;PR;Paraná;14842;21.18
4127403;Terra Roxa;PR;Paraná;18119;22.63
4127502;Tibagi;PR;Paraná;19961;6.70
4127601;Tijucas do Sul;PR;Paraná;17621;26.23
4127700;Toledo;PR;Paraná;150470;125.60
4127809;Tomazina;PR;Paraná;8426;14.25
4127858;Três Barras do Paraná;PR;Paraná;11135;22.03
4127882;Tunas do Paraná;PR;Paraná;6219;9.30
4127908;Tuneiras do Oeste;PR;Paraná;8067;11.54
4127957;Tupãssi;PR;Paraná;8077;26.94
4127965;Turvo;PR;Paraná;14231;15.16
4128005;Ubiratã;PR;Paraná;24749;37.92
4128104;Umuarama;PR;Paraná;117095;94.85
4128302;Uniflor;PR;Paraná;2136;22.53
4128203;União da Vitória;PR;Paraná;55033;76.43
4128401;Uraí;PR;Paraná;10406;43.76
4128534;Ventania;PR;Paraná;9681;11.82
4128559;Vera Cruz do Oeste;PR;Paraná;8215;25.12
4128609;Verê;PR;Paraná;7932;25.44
4128658;Virmond;PR;Paraná;3811;15.30
4128708;Vitorino;PR;Paraná;9706;31.49
4128500;Wenceslau Braz;PR;Paraná;19188;48.22
4128807;Xambrê;PR;Paraná;5798;16.12
4101150;Ângulo;PR;Paraná;3235;30.51
3300100;Angra dos Reis;RJ;Rio de Janeiro;167434;205.84
3300159;Aperibé;RJ;Rio de Janeiro;11034;116.71
3300209;Araruama;RJ;Rio de Janeiro;129671;203.16
3300225;Areal;RJ;Rio de Janeiro;11828;106.82
3300233;Armação dos Búzios;RJ;Rio de Janeiro;40006;563.65
3300258;Arraial do Cabo;RJ;Rio de Janeiro;30986;203.71
3300407;Barra Mansa;RJ;Rio de Janeiro;169894;310.52
3300308;Barra do Piraí;RJ;Rio de Janeiro;92883;158.88
3300456;Belford Roxo;RJ;Rio de Janeiro;483087;6116.19
3300506;Bom Jardim;RJ;Rio de Janeiro;28102;73.48
3300605;Bom Jesus do Itabapoana;RJ;Rio de Janeiro;35173;58.95
3300704;Cabo Frio;RJ;Rio de Janeiro;222161;537.34
3300803;Cachoeiras de Macacu;RJ;Rio de Janeiro;56943;59.64
3300902;Cambuci;RJ;Rio de Janeiro;14616;26.18
3301009;Campos dos Goytacazes;RJ;Rio de Janeiro;483540;119.91
3301108;Cantagalo;RJ;Rio de Janeiro;19390;25.95
3300936;Carapebus;RJ;Rio de Janeiro;13847;45.42
3301157;Cardoso Moreira;RJ;Rio de Janeiro;12958;24.80
3301207;Carmo;RJ;Rio de Janeiro;17198;56.25
3301306;Casimiro de Abreu;RJ;Rio de Janeiro;46110;99.61
3300951;Comendador Levy Gasparian;RJ;Rio de Janeiro;8741;80.46
3301405;Conceição de Macabu;RJ;Rio de Janeiro;21104;62.39
3301504;Cordeiro;RJ;Rio de Janeiro;20783;183.84
3301603;Duas Barras;RJ;Rio de Janeiro;10980;28.92
3301702;Duque de Caxias;RJ;Rio de Janeiro;808161;1729.36
3301801;Engenheiro Paulo de Frontin;RJ;Rio de Janeiro;12242;87.83
3301850;Guapimirim;RJ;Rio de Janeiro;51696;144.22
3301876;Iguaba Grande;RJ;Rio de Janeiro;27920;547.70
3301900;Itaboraí;RJ;Rio de Janeiro;224267;521.60
3302007;Itaguaí;RJ;Rio de Janeiro;116841;413.44
3302056;Italva;RJ;Rio de Janeiro;14073;48.33
3302106;Itaocara;RJ;Rio de Janeiro;22919;52.91
3302205;Itaperuna;RJ;Rio de Janeiro;101041;91.30
3302254;Itatiaia;RJ;Rio de Janeiro;30908;128.23
3302270;Japeri;RJ;Rio de Janeiro;96289;1178.61
3302304;Laje do Muriaé;RJ;Rio de Janeiro;7336;28.94
3302403;Macaé;RJ;Rio de Janeiro;246391;202.46
3302452;Macuco;RJ;Rio de Janeiro;5415;69.10
3302502;Magé;RJ;Rio de Janeiro;228127;583.78
3302601;Mangaratiba;RJ;Rio de Janeiro;41220;112.13
3302700;Maricá;RJ;Rio de Janeiro;197277;545.61
3302809;Mendes;RJ;Rio de Janeiro;17502;183.61
3302858;Mesquita;RJ;Rio de Janeiro;167127;4059.54
3302908;Miguel Pereira;RJ;Rio de Janeiro;26582;92.32
3303005;Miracema;RJ;Rio de Janeiro;26881;88.64
3303104;Natividade;RJ;Rio de Janeiro;15074;38.94
3303203;Nilópolis;RJ;Rio de Janeiro;146774;7568.40
3303302;Niterói;RJ;Rio de Janeiro;481749;3601.67
3303401;Nova Friburgo;RJ;Rio de Janeiro;189939;203.05
3303500;Nova Iguaçu;RJ;Rio de Janeiro;785867;1509.60
3303609;Paracambi;RJ;Rio de Janeiro;41375;216.68
3303807;Paraty;RJ;Rio de Janeiro;45243;48.95
3303708;Paraíba do Sul;RJ;Rio de Janeiro;42063;73.65
3303856;Paty do Alferes;RJ;Rio de Janeiro;29619;94.23
3303906;Petrópolis;RJ;Rio de Janeiro;278881;352.50
3303955;Pinheiral;RJ;Rio de Janeiro;24298;295.40
3304003;Piraí;RJ;Rio de Janeiro;27474;56.04
3304102;Porciúncula;RJ;Rio de Janeiro;17288;59.24
3304110;Porto Real;RJ;Rio de Janeiro;20373;400.32
3304128;Quatis;RJ;Rio de Janeiro;13682;48.04
3304144;Queimados;RJ;Rio de Janeiro;140523;1850.76
3304151;Quissamã;RJ;Rio de Janeiro;22393;31.12
3304201;Resende;RJ;Rio de Janeiro;129612;117.90
3304300;Rio Bonito;RJ;Rio de Janeiro;56276;122.48
3304409;Rio Claro;RJ;Rio de Janeiro;17401;20.55
3304508;Rio das Flores;RJ;Rio de Janeiro;8954;18.70
3304524;Rio das Ostras;RJ;Rio de Janeiro;156491;686.23
3304557;Rio de Janeiro;RJ;Rio de Janeiro;6211223;5174.60
3304607;Santa Maria Madalena;RJ;Rio de Janeiro;10232;12.62
3304706;Santo Antônio de Pádua;RJ;Rio de Janeiro;41325;68.46
3305406;Sapucaia;RJ;Rio de Janeiro;17729;32.79
3305505;Saquarema;RJ;Rio de Janeiro;89559;254.34
3305554;Seropédica;RJ;Rio de Janeiro;80596;303.92
3305604;Silva Jardim;RJ;Rio de Janeiro;21352;22.77
3305703;Sumidouro;RJ;Rio de Janeiro;15206;36.78
3304805;São Fidélis;RJ;Rio de Janeiro;38961;37.65
3304755;São Francisco de Itabapoana;RJ;Rio de Janeiro;45059;40.30
3304904;São Gonçalo;RJ;Rio de Janeiro;896744;3613.57
3305133;São José de Ubá;RJ;Rio de Janeiro;7070;28.32
3305158;São José do Vale do Rio Preto;RJ;Rio de Janeiro;22080;100.28
3305000;São João da Barra;RJ;Rio de Janeiro;36573;80.84
3305109;São João de Meriti;RJ;Rio de Janeiro;440962;12521.64
3305208;São Pedro da Aldeia;RJ;Rio de Janeiro;104029;312.88
3305307;São Sebastião do Alto;RJ;Rio de Janeiro;7750;19.51
3305752;Tanguá;RJ;Rio de Janeiro;31086;217.37
3305802;Teresópolis;RJ;Rio de Janeiro;165123;213.52
3305901;Trajano de Moraes;RJ;Rio de Janeiro;10302;17.43
3306008;Três Rios;RJ;Rio de Janeiro;78346;242.68
3306107;Valença;RJ;Rio de Janeiro;68088;52.34
3306156;Varre-Sai;RJ;Rio de Janeiro;10207;50.55
3306206;Vassouras;RJ;Rio de Janeiro;33976;63.38
3306305;Volta Redonda;RJ;Rio de Janeiro;261563;1436.33
2400109;Acari;RN;Rio Grande do Norte;10597;17.42
2400307;Afonso Bezerra;RN;Rio Grande do Norte;10839;18.81
2400505;Alexandria;RN;Rio Grande do Norte;13640;35.78
2400604;Almino Afonso;RN;Rio Grande do Norte;4687;36.61
2400703;Alto do Rodrigues;RN;Rio Grande do Norte;12484;65.25
2400802;Angicos;RN;Rio Grande do Norte;11632;15.69
2400901;Antônio Martins;RN;Rio Grande do Norte;6577;26.86
2401008;Apodi;RN;Rio Grande do Norte;36093;22.52
2401107;Areia Branca;RN;Rio Grande do Norte;24093;70.29
2401206;Arez;RN;Rio Grande do Norte;13251;114.82
2400208;Assú;RN;Rio Grande do Norte;56496;43.34
2401453;Baraúna;RN;Rio Grande do Norte;26913;32.59
2401503;Barcelona;RN;Rio Grande do Norte;3986;26.12
2401404;Baía Formosa;RN;Rio Grande do Norte;8825;35.66
2401602;Bento Fernandes;RN;Rio Grande do Norte;4807;15.97
2401651;Bodó;RN;Rio Grande do Norte;2306;9.10
2401701;Bom Jesus;RN;Rio Grande do Norte;9952;81.55
2401800;Brejinho;RN;Rio Grande do Norte;12202;198.22
2402006;Caicó;RN;Rio Grande do Norte;61146;49.77
2401859;Caiçara do Norte;RN;Rio Grande do Norte;6293;27.89
2401909;Caiçara do Rio do Vento;RN;Rio Grande do Norte;3268;12.51
2401305;Campo Grande;RN;Rio Grande do Norte;9730;10.92
2402105;Campo Redondo;RN;Rio Grande do Norte;10215;47.79
2402204;Canguaretama;RN;Rio Grande do Norte;29668;120.85
2402303;Caraúbas;RN;Rio Grande do Norte;19727;18.00
2402501;Carnaubais;RN;Rio Grande do Norte;9714;18.76
2402402;Carnaúba dos Dantas;RN;Rio Grande do Norte;7992;32.45
2402600;Ceará-Mirim;RN;Rio Grande do Norte;79115;109.15
2402709;Cerro Corá;RN;Rio Grande do Norte;11000;27.95
2402808;Coronel Ezequiel;RN;Rio Grande do Norte;5117;27.55
2402907;Coronel João Pessoa;RN;Rio Grande do Norte;4237;36.17
2403004;Cruzeta;RN;Rio Grande do Norte;8005;27.06
2403103;Currais Novos;RN;Rio Grande do Norte;41313;47.80
2403202;Doutor Severiano;RN;Rio Grande do Norte;7044;61.93
2403301;Encanto;RN;Rio Grande do Norte;6016;47.84
2403400;Equador;RN;Rio Grande do Norte;5360;20.23
2403509;Espírito Santo;RN;Rio Grande do Norte;10620;78.18
2403608;Extremoz;RN;Rio Grande do Norte;61635;438.25
2403707;Felipe Guerra;RN;Rio Grande do Norte;5944;22.13
2403756;Fernando Pedroza;RN;Rio Grande do Norte;2938;9.11
2403806;Florânia;RN;Rio Grande do Norte;10196;20.08
2403905;Francisco Dantas;RN;Rio Grande do Norte;2700;14.87
2404002;Frutuoso Gomes;RN;Rio Grande do Norte;4122;65.14
2404101;Galinhos;RN;Rio Grande do Norte;2104;6.17
2404200;Goianinha;RN;Rio Grande do Norte;26741;139.07
2404309;Governador Dix-Sept Rosado;RN;Rio Grande do Norte;11938;10.57
2404408;Grossos;RN;Rio Grande do Norte;9924;79.69
2404507;Guamaré;RN;Rio Grande do Norte;15295;59.21
2404606;Ielmo Marinho;RN;Rio Grande do Norte;11615;37.22
2404705;Ipanguaçu;RN;Rio Grande do Norte;14131;37.76
2404804;Ipueira;RN;Rio Grande do Norte;2035;15.98
2404853;Itajá;RN;Rio Grande do Norte;7292;35.81
2404903;Itaú;RN;Rio Grande do Norte;5320;39.99
2405108;Jandaíra;RN;Rio Grande do Norte;6562;14.82
2405207;Janduís;RN;Rio Grande do Norte;4746;15.64
2405306;Januário Cicco;RN;Rio Grande do Norte;9051;53.01
2405405;Japi;RN;Rio Grande do Norte;5117;27.08
2405504;Jardim de Angicos;RN;Rio Grande do Norte;2437;9.59
2405603;Jardim de Piranhas;RN;Rio Grande do Norte;13977;42.29
2405702;Jardim do Seridó;RN;Rio Grande do Norte;11655;31.70
2405009;Jaçanã;RN;Rio Grande do Norte;7834;143.58
2406007;José da Penha;RN;Rio Grande do Norte;5803;49.33
2405801;João Câmara;RN;Rio Grande do Norte;33290;46.56
2405900;João Dias;RN;Rio Grande do Norte;2076;23.54
2406106;Jucurutu;RN;Rio Grande do Norte;17793;19.06
2406155;Jundiá;RN;Rio Grande do Norte;3739;83.76
2406502;Lagoa Nova;RN;Rio Grande do Norte;15573;88.33
2406601;Lagoa Salgada;RN;Rio Grande do Norte;8319;105.13
2406205;Lagoa d'Anta;RN;Rio Grande do Norte;6654;62.98
2406304;Lagoa de Pedras;RN;Rio Grande do Norte;7338;62.20
2406403;Lagoa de Velhos;RN;Rio Grande do Norte;2567;23.00
2406700;Lajes;RN;Rio Grande do Norte;9866;14.58
2406809;Lajes Pintadas;RN;Rio Grande do Norte;4787;36.76
2406908;Lucrécia;RN;Rio Grande do Norte;3490;112.83
2407005;Luís Gomes;RN;Rio Grande do Norte;9070;54.43
2407203;Macau;RN;Rio Grande do Norte;27369;35.30
2407104;Macaíba;RN;Rio Grande do Norte;82249;161.24
2407252;Major Sales;RN;Rio Grande do Norte;3924;122.74
2407302;Marcelino Vieira;RN;Rio Grande do Norte;7896;22.84
2407401;Martins;RN;Rio Grande do Norte;8179;48.26
2407500;Maxaranguape;RN;Rio Grande do Norte;10255;77.61
2407609;Messias Targino;RN;Rio Grande do Norte;4274;29.97
2407708;Montanhas;RN;Rio Grande do Norte;11444;139.20
2407807;Monte Alegre;RN;Rio Grande do Norte;23031;109.02
2407906;Monte das Gameleiras;RN;Rio Grande do Norte;2276;31.63
2408003;Mossoró;RN;Rio Grande do Norte;264577;126.03
2408102;Natal;RN;Rio Grande do Norte;751300;4488.03
2408300;Nova Cruz;RN;Rio Grande do Norte;34269;123.42
2408201;Nísia Floresta;RN;Rio Grande do Norte;31942;103.80
2408409;Olho d'Água do Borges;RN;Rio Grande do Norte;3905;27.66
2408508;Ouro Branco;RN;Rio Grande do Norte;4913;19.40
2408607;Paraná;RN;Rio Grande do Norte;3934;48.34
2408805;Parazinho;RN;Rio Grande do Norte;4801;20.78
2408706;Paraú;RN;Rio Grande do Norte;3579;9.34
2408904;Parelhas;RN;Rio Grande do Norte;21499;41.87
2403251;Parnamirim;RN;Rio Grande do Norte;252716;2037.93
2409100;Passa e Fica;RN;Rio Grande do Norte;10896;258.59
2409209;Passagem;RN;Rio Grande do Norte;3115;75.58
2409308;Patu;RN;Rio Grande do Norte;11007;34.49
2409407;Pau dos Ferros;RN;Rio Grande do Norte;30479;117.25
2409506;Pedra Grande;RN;Rio Grande do Norte;3618;16.36
2409605;Pedra Preta;RN;Rio Grande do Norte;2441;8.27
2409704;Pedro Avelino;RN;Rio Grande do Norte;6242;6.55
2409803;Pedro Velho;RN;Rio Grande do Norte;13824;71.74
2409902;Pendências;RN;Rio Grande do Norte;12278;29.29
2410009;Pilões;RN;Rio Grande do Norte;2965;35.86
2410207;Portalegre;RN;Rio Grande do Norte;7601;69.07
2410256;Porto do Mangue;RN;Rio Grande do Norte;5228;14.47
2410108;Poço Branco;RN;Rio Grande do Norte;12390;53.78
2410405;Pureza;RN;Rio Grande do Norte;9362;18.56
2410504;Rafael Fernandes;RN;Rio Grande do Norte;5432;69.44
2410603;Rafael Godeiro;RN;Rio Grande do Norte;2934;29.32
2410702;Riacho da Cruz;RN;Rio Grande do Norte;2701;21.23
2410801;Riacho de Santana;RN;Rio Grande do Norte;4127;32.22
2410900;Riachuelo;RN;Rio Grande do Norte;7389;28.11
2408953;Rio do Fogo;RN;Rio Grande do Norte;10351;68.51
2411007;Rodolfo Fernandes;RN;Rio Grande do Norte;4242;27.40
2411106;Ruy Barbosa;RN;Rio Grande do Norte;3206;25.48
2411205;Santa Cruz;RN;Rio Grande do Norte;37313;59.76
2409332;Santa Maria;RN;Rio Grande do Norte;4847;22.07
2411403;Santana do Matos;RN;Rio Grande do Norte;12456;8.76
2411429;Santana do Seridó;RN;Rio Grande do Norte;2696;14.31
2411502;Santo Antônio;RN;Rio Grande do Norte;22177;73.66
2413102;Senador Elói de Souza;RN;Rio Grande do Norte;5965;39.15
2413201;Senador Georgino Avelino;RN;Rio Grande do Norte;4065;155.75
2410306;Serra Caiada;RN;Rio Grande do Norte;10125;46.54
2413409;Serra Negra do Norte;RN;Rio Grande do Norte;7597;13.51
2413300;Serra de São Bento;RN;Rio Grande do Norte;5703;59.02
2413359;Serra do Mel;RN;Rio Grande do Norte;13091;21.11
2413508;Serrinha;RN;Rio Grande do Norte;6436;33.29
2413557;Serrinha dos Pintos;RN;Rio Grande do Norte;4659;38.07
2413607;Severiano Melo;RN;Rio Grande do Norte;5487;34.76
2411601;São Bento do Norte;RN;Rio Grande do Norte;3304;11.44
2411700;São Bento do Trairí;RN;Rio Grande do Norte;3792;19.87
2411809;São Fernando;RN;Rio Grande do Norte;3492;8.63
2411908;São Francisco do Oeste;RN;Rio Grande do Norte;4161;55.05
2412005;São Gonçalo do Amarante;RN;Rio Grande do Norte;115838;463.72
2412203;São José de Mipibu;RN;Rio Grande do Norte;47286;163.06
2412302;São José do Campestre;RN;Rio Grande do Norte;11121;32.60
2412401;São José do Seridó;RN;Rio Grande do Norte;4558;26.12
2412104;São João do Sabugi;RN;Rio Grande do Norte;5956;21.50
2412500;São Miguel;RN;Rio Grande do Norte;23537;141.59
2412559;São Miguel do Gostoso;RN;Rio Grande do Norte;10221;23.69
2412609;São Paulo do Potengi;RN;Rio Grande do Norte;16786;69.82
2412708;São Pedro;RN;Rio Grande do Norte;5776;29.58
2412807;São Rafael;RN;Rio Grande do Norte;7711;16.44
2412906;São Tomé;RN;Rio Grande do Norte;9972;11.56
2413003;São Vicente;RN;Rio Grande do Norte;6310;31.90
2413706;Sítio Novo;RN;Rio Grande do Norte;4654;21.80
2413805;Taboleiro Grande;RN;Rio Grande do Norte;2338;18.84
2413904;Taipu;RN;Rio Grande do Norte;11422;32.37
2414001;Tangará;RN;Rio Grande do Norte;13281;39.12
2414100;Tenente Ananias;RN;Rio Grande do Norte;10262;45.88
2414159;Tenente Laurentino Cruz;RN;Rio Grande do Norte;5891;85.93
2411056;Tibau;RN;Rio Grande do Norte;5382;31.78
2414209;Tibau do Sul;RN;Rio Grande do Norte;16929;164.87
2414308;Timbaúba dos Batistas;RN;Rio Grande do Norte;2348;17.33
2414407;Touros;RN;Rio Grande do Norte;33035;43.82
2414456;Triunfo Potiguar;RN;Rio Grande do Norte;3376;12.56
2414506;Umarizal;RN;Rio Grande do Norte;10078;47.19
2414605;Upanema;RN;Rio Grande do Norte;13577;15.55
2414753;Venha-Ver;RN;Rio Grande do Norte;3014;42.08
2414803;Vera Cruz;RN;Rio Grande do Norte;10735;127.60
2415008;Vila Flor;RN;Rio Grande do Norte;3174;66.60
2414902;Viçosa;RN;Rio Grande do Norte;1822;48.07
2414704;Várzea;RN;Rio Grande do Norte;5233;72.00
2400406;Água Nova;RN;Rio Grande do Norte;2946;58.12
1100015;Alta Floresta D'Oeste;RO;Rondônia;21494;3.04
1100379;Alto Alegre dos Parecis;RO;Rondônia;11479;2.90
1100403;Alto Paraíso;RO;Rondônia;16320;6.15
1100346;Alvorada D'Oeste;RO;Rondônia;13117;4.33
1100023;Ariquemes;RO;Rondônia;96833;21.88
1100452;Buritis;RO;Rondônia;27992;8.57
1100031;Cabixi;RO;Rondônia;5351;4.07
1100601;Cacaulândia;RO;Rondônia;4150;2.12
1100049;Cacoal;RO;Rondônia;86887;22.91
1100700;Campo Novo de Rondônia;RO;Rondônia;8844;2.57
1100809;Candeias do Jamari;RO;Rondônia;22310;3.26
1100908;Castanheiras;RO;Rondônia;3233;3.62
1100056;Cerejeiras;RO;Rondônia;15890;5.71
1100924;Chupinguaia;RO;Rondônia;9324;1.82
1100064;Colorado do Oeste;RO;Rondônia;15663;10.79
1100072;Corumbiara;RO;Rondônia;7519;2.46
1100080;Costa Marques;RO;Rondônia;12627;2.53
1100940;Cujubim;RO;Rondônia;14863;3.85
1100098;Espigão D'Oeste;RO;Rondônia;29414;6.51
1101005;Governador Jorge Teixeira;RO;Rondônia;8001;1.58
1100106;Guajará-Mirim;RO;Rondônia;39387;1.58
1101104;Itapuã do Oeste;RO;Rondônia;8548;2.09
1100114;Jaru;RO;Rondônia;50591;17.18
1100122;Ji-Paraná;RO;Rondônia;124333;18.03
1100130;Machadinho D'Oeste;RO;Rondônia;30707;3.61
1101203;Ministro Andreazza;RO;Rondônia;6466;8.10
1101302;Mirante da Serra;RO;Rondônia;9235;7.75
1101401;Monte Negro;RO;Rondônia;11548;5.98
1100148;Nova Brasilândia D'Oeste;RO;Rondônia;15679;9.21
1100338;Nova Mamoré;RO;Rondônia;25444;2.53
1101435;Nova União;RO;Rondônia;6200;7.68
1100502;Novo Horizonte do Oeste;RO;Rondônia;7667;9.09
1100155;Ouro Preto do Oeste;RO;Rondônia;35044;17.79
1101450;Parecis;RO;Rondônia;4125;1.62
1100189;Pimenta Bueno;RO;Rondônia;35079;5.62
1101468;Pimenteiras do Oeste;RO;Rondônia;2156;0.36
1100205;Porto Velho;RO;Rondônia;460434;13.51
1100254;Presidente Médici;RO;Rondônia;19327;10.99
1101476;Primavera de Rondônia;RO;Rondônia;3076;5.08
1100262;Rio Crespo;RO;Rondônia;3471;2.02
1100288;Rolim de Moura;RO;Rondônia;56406;38.69
1100296;Santa Luzia D'Oeste;RO;Rondônia;7419;6.19
1101500;Seringueiras;RO;Rondônia;11171;2.96
1101484;São Felipe D'Oeste;RO;Rondônia;5258;9.71
1101492;São Francisco do Guaporé;RO;Rondônia;16286;1.49
1100320;São Miguel do Guaporé;RO;Rondônia;21635;2.90
1101559;Teixeirópolis;RO;Rondônia;4256;9.25
1101609;Theobroma;RO;Rondônia;8113;3.69
1101708;Urupá;RO;Rondônia;10725;12.89
1101757;Vale do Anari;RO;Rondônia;7788;2.48
1101807;Vale do Paraíso;RO;Rondônia;6479;6.71
1100304;Vilhena;RO;Rondônia;95832;8.19
1400050;Alto Alegre;RR;Roraima;21096;0.83
1400027;Amajari;RR;Roraima;13927;0.49
1400100;Boa Vista;RR;Roraima;413486;72.71
1400159;Bonfim;RR;Roraima;13923;1.72
1400175;Cantá;RR;Roraima;18682;2.44
1400209;Caracaraí;RR;Roraima;20957;0.44
1400233;Caroebe;RR;Roraima;10656;0.88
1400282;Iracema;RR;Roraima;10023;0.72
1400308;Mucajaí;RR;Roraima;18095;1.47
1400407;Normandia;RR;Roraima;13986;2.01
1400456;Pacaraima;RR;Roraima;19305;2.41
1400472;Rorainópolis;RR;Roraima;32647;0.97
1400506;São João da Baliza;RR;Roraima;8858;2.07
1400605;São Luiz do Anauá;RR;Roraima;7315;4.79
1400704;Uiramutã;RR;Roraima;13751;1.69
4300034;Aceguá;RS;Rio Grande do Sul;4170;2.69
4300109;Agudo;RS;Rio Grande do Sul;16041;30.00
4300208;Ajuricaba;RS;Rio Grande do Sul;6720;20.83
4300307;Alecrim;RS;Rio Grande do Sul;6123;19.35
4300406;Alegrete;RS;Rio Grande do Sul;72409;9.28
4300455;Alegria;RS;Rio Grande do Sul;3651;21.13
4300471;Almirante Tamandaré do Sul;RS;Rio Grande do Sul;1969;7.43
4300505;Alpestre;RS;Rio Grande do Sul;7117;21.83
4300554;Alto Alegre;RS;Rio Grande do Sul;1800;15.61
4300570;Alto Feliz;RS;Rio Grande do Sul;3072;39.30
4300604;Alvorada;RS;Rio Grande do Sul;187315;2612.48
4300638;Amaral Ferrador;RS;Rio Grande do Sul;5310;10.49
4300646;Ametista do Sul;RS;Rio Grande do Sul;7650;81.64
4300661;André da Rocha;RS;Rio Grande do Sul;1135;3.43
4300703;Anta Gorda;RS;Rio Grande do Sul;5957;24.61
4300802;Antônio Prado;RS;Rio Grande do Sul;13045;37.54
4300851;Arambaré;RS;Rio Grande do Sul;4112;7.94
4300877;Araricá;RS;Rio Grande do Sul;8525;240.88
4300901;Aratiba;RS;Rio Grande do Sul;6483;18.94
4301305;Arroio Grande;RS;Rio Grande do Sul;17558;7.00
4301008;Arroio do Meio;RS;Rio Grande do Sul;21958;139.78
4301073;Arroio do Padre;RS;Rio Grande do Sul;2599;20.84
4301057;Arroio do Sal;RS;Rio Grande do Sul;11057;92.79
4301206;Arroio do Tigre;RS;Rio Grande do Sul;12058;38.26
4301107;Arroio dos Ratos;RS;Rio Grande do Sul;14601;34.29
4301404;Arvorezinha;RS;Rio Grande do Sul;10322;38.33
4301503;Augusto Pestana;RS;Rio Grande do Sul;7149;20.53
4301602;Bagé;RS;Rio Grande do Sul;117938;28.83
4301636;Balneário Pinhal;RS;Rio Grande do Sul;14955;146.06
4301958;Barra Funda;RS;Rio Grande do Sul;2498;41.33
4301859;Barra do Guarita;RS;Rio Grande do Sul;3161;50.33
4301875;Barra do Quaraí;RS;Rio Grande do Sul;4241;4.02
4301909;Barra do Ribeiro;RS;Rio Grande do Sul;12225;16.76
4301925;Barra do Rio Azul;RS;Rio Grande do Sul;1696;11.54
4301800;Barracão;RS;Rio Grande do Sul;4831;9.37
4302006;Barros Cassal;RS;Rio Grande do Sul;9296;14.35
4301651;Barão;RS;Rio Grande do Sul;6461;51.79
4301701;Barão de Cotegipe;RS;Rio Grande do Sul;7144;27.42
4301750;Barão do Triunfo;RS;Rio Grande do Sul;5889;13.50
4302055;Benjamin Constant do Sul;RS;Rio Grande do Sul;2082;15.73
4302105;Bento Gonçalves;RS;Rio Grande do Sul;123151;452.28
4302154;Boa Vista das Missões;RS;Rio Grande do Sul;1933;9.86
4302204;Boa Vista do Buricá;RS;Rio Grande do Sul;6966;63.59
4302220;Boa Vista do Cadeado;RS;Rio Grande do Sul;2229;3.18
4302238;Boa Vista do Incra;RS;Rio Grande do Sul;2271;4.50
4302253;Boa Vista do Sul;RS;Rio Grande do Sul;2779;29.44
4302303;Bom Jesus;RS;Rio Grande do Sul;11202;4.27
4302352;Bom Princípio;RS;Rio Grande do Sul;13142;148.23
4302378;Bom Progresso;RS;Rio Grande do Sul;2096;23.50
4302402;Bom Retiro do Sul;RS;Rio Grande do Sul;12294;119.89
4302451;Boqueirão do Leão;RS;Rio Grande do Sul;6247;23.49
4302501;Bossoroca;RS;Rio Grande do Sul;5890;3.66
4302584;Bozano;RS;Rio Grande do Sul;2151;10.73
4302600;Braga;RS;Rio Grande do Sul;3268;24.75
4302659;Brochier;RS;Rio Grande do Sul;4966;47.14
4302709;Butiá;RS;Rio Grande do Sul;19084;25.37
4302907;Cacequi;RS;Rio Grande do Sul;11157;4.70
4303004;Cachoeira do Sul;RS;Rio Grande do Sul;80070;21.43
4303103;Cachoeirinha;RS;Rio Grande do Sul;136258;3112.48
4303202;Cacique Doble;RS;Rio Grande do Sul;4603;22.56
4303301;Caibaté;RS;Rio Grande do Sul;4704;18.00
4303400;Caiçara;RS;Rio Grande do Sul;4836;25.57
4303509;Camaquã;RS;Rio Grande do Sul;62200;37.02
4303558;Camargo;RS;Rio Grande do Sul;2981;21.59
4303608;Cambará do Sul;RS;Rio Grande do Sul;6361;5.38
4303673;Campestre da Serra;RS;Rio Grande do Sul;3242;6.02
4303707;Campina das Missões;RS;Rio Grande do Sul;5882;26.17
4303806;Campinas do Sul;RS;Rio Grande do Sul;5284;19.13
4303905;Campo Bom;RS;Rio Grande do Sul;62886;1038.08
4304002;Campo Novo;RS;Rio Grande do Sul;4975;22.54
4304101;Campos Borges;RS;Rio Grande do Sul;3613;15.97
4304200;Candelária;RS;Rio Grande do Sul;28906;30.60
4304358;Candiota;RS;Rio Grande do Sul;10710;11.47
4304408;Canela;RS;Rio Grande do Sul;48946;193.46
4304507;Canguçu;RS;Rio Grande do Sul;49680;14.09
4304606;Canoas;RS;Rio Grande do Sul;347657;2658.15
4304614;Canudos do Vale;RS;Rio Grande do Sul;1656;19.97
4304689;Capela de Santana;RS;Rio Grande do Sul;11159;61.06
4304697;Capitão;RS;Rio Grande do Sul;2921;39.49
4304671;Capivari do Sul;RS;Rio Grande do Sul;3991;9.67
4304622;Capão Bonito do Sul;RS;Rio Grande do Sul;1733;3.29
4304630;Capão da Canoa;RS;Rio Grande do Sul;63594;646.39
4304655;Capão do Cipó;RS;Rio Grande do Sul;3119;3.09
4304663;Capão do Leão;RS;Rio Grande do Sul;26487;33.82
4304705;Carazinho;RS;Rio Grande do Sul;61804;92.70
4304713;Caraá;RS;Rio Grande do Sul;7394;25.10
4304804;Carlos Barbosa;RS;Rio Grande do Sul;30420;132.23
4304853;Carlos Gomes;RS;Rio Grande do Sul;1368;16.45
4304903;Casca;RS;Rio Grande do Sul;9465;34.79
4304952;Caseiros;RS;Rio Grande do Sul;3000;12.72
4305009;Catuípe;RS;Rio Grande do Sul;8674;14.87
4305108;Caxias do Sul;RS;Rio Grande do Sul;463501;280.52
4302808;Caçapava do Sul;RS;Rio Grande do Sul;32515;10.67
4305116;Centenário;RS;Rio Grande do Sul;2721;20.27
4305124;Cerrito;RS;Rio Grande do Sul;5808;12.86
4305132;Cerro Branco;RS;Rio Grande do Sul;3802;24.06
4305157;Cerro Grande;RS;Rio Grande do Sul;2379;32.39
4305173;Cerro Grande do Sul;RS;Rio Grande do Sul;9178;28.25
4305207;Cerro Largo;RS;Rio Grande do Sul;13705;77.59
4305306;Chapada;RS;Rio Grande do Sul;9540;13.94
4305355;Charqueadas;RS;Rio Grande do Sul;35012;161.08
4305371;Charrua;RS;Rio Grande do Sul;2768;13.93
4305405;Chiapetta;RS;Rio Grande do Sul;3913;9.85
4305447;Chuvisca;RS;Rio Grande do Sul;4597;20.85
4305439;Chuí;RS;Rio Grande do Sul;6262;30.94
4305454;Cidreira;RS;Rio Grande do Sul;17071;70.13
4305504;Ciríaco;RS;Rio Grande do Sul;4149;15.12
4305587;Colinas;RS;Rio Grande do Sul;2423;39.90
4305603;Colorado;RS;Rio Grande do Sul;3258;11.38
4305702;Condor;RS;Rio Grande do Sul;6406;13.82
4305801;Constantina;RS;Rio Grande do Sul;10385;51.00
4305835;Coqueiro Baixo;RS;Rio Grande do Sul;1290;11.45
4305850;Coqueiros do Sul;RS;Rio Grande do Sul;2211;7.98
4305871;Coronel Barros;RS;Rio Grande do Sul;2822;17.24
4305900;Coronel Bicaco;RS;Rio Grande do Sul;6144;12.48
4305934;Coronel Pilar;RS;Rio Grande do Sul;1607;15.21
4305959;Cotiporã;RS;Rio Grande do Sul;3846;22.20
4305975;Coxilha;RS;Rio Grande do Sul;2667;6.32
4306007;Crissiumal;RS;Rio Grande do Sul;12886;35.58
4306056;Cristal;RS;Rio Grande do Sul;7299;10.70
4306072;Cristal do Sul;RS;Rio Grande do Sul;2692;27.73
4306106;Cruz Alta;RS;Rio Grande do Sul;58913;43.30
4306130;Cruzaltense;RS;Rio Grande do Sul;1635;9.80
4306205;Cruzeiro do Sul;RS;Rio Grande do Sul;11600;74.81
4304309;Cândido Godói;RS;Rio Grande do Sul;6294;25.48
4306304;David Canabarro;RS;Rio Grande do Sul;4321;24.73
4306320;Derrubadas;RS;Rio Grande do Sul;2751;7.62
4306353;Dezesseis de Novembro;RS;Rio Grande do Sul;2507;11.53
4306379;Dilermando de Aguiar;RS;Rio Grande do Sul;2806;4.67
4306403;Dois Irmãos;RS;Rio Grande do Sul;30709;464.49
4306429;Dois Irmãos das Missões;RS;Rio Grande do Sul;2090;9.24
4306452;Dois Lajeados;RS;Rio Grande do Sul;3097;23.19
4306502;Dom Feliciano;RS;Rio Grande do Sul;13051;9.63
4306601;Dom Pedrito;RS;Rio Grande do Sul;36981;7.12
4306551;Dom Pedro de Alcântara;RS;Rio Grande do Sul;2562;32.75
4306700;Dona Francisca;RS;Rio Grande do Sul;3079;26.97
4306734;Doutor Maurício Cardoso;RS;Rio Grande do Sul;4470;17.48
4306759;Doutor Ricardo;RS;Rio Grande do Sul;1888;17.49
4306767;Eldorado do Sul;RS;Rio Grande do Sul;39559;77.63
4306809;Encantado;RS;Rio Grande do Sul;22962;164.01
4306908;Encruzilhada do Sul;RS;Rio Grande do Sul;23819;7.11
4306924;Engenho Velho;RS;Rio Grande do Sul;1296;18.20
4306957;Entre Rios do Sul;RS;Rio Grande do Sul;2685;22.39
4306932;Entre-Ijuís;RS;Rio Grande do Sul;9158;16.56
4306973;Erebango;RS;Rio Grande do Sul;3054;19.99
4307005;Erechim;RS;Rio Grande do Sul;105705;246.30
4307054;Ernestina;RS;Rio Grande do Sul;3034;12.72
4307203;Erval Grande;RS;Rio Grande do Sul;4930;17.26
4307302;Erval Seco;RS;Rio Grande do Sul;6787;19.00
4307401;Esmeralda;RS;Rio Grande do Sul;3195;3.85
4307450;Esperança do Sul;RS;Rio Grande do Sul;3226;21.66
4307500;Espumoso;RS;Rio Grande do Sul;15173;19.36
4307559;Estação;RS;Rio Grande do Sul;5582;55.96
4307708;Esteio;RS;Rio Grande do Sul;76137;2751.01
4307807;Estrela;RS;Rio Grande do Sul;32183;173.94
4307815;Estrela Velha;RS;Rio Grande do Sul;3070;10.90
4307609;Estância Velha;RS;Rio Grande do Sul;47924;925.55
4307831;Eugênio de Castro;RS;Rio Grande do Sul;2633;6.30
4307864;Fagundes Varela;RS;Rio Grande do Sul;2566;19.11
4307906;Farroupilha;RS;Rio Grande do Sul;70286;194.51
4308003;Faxinal do Soturno;RS;Rio Grande do Sul;6702;39.54
4308052;Faxinalzinho;RS;Rio Grande do Sul;2520;17.58
4308078;Fazenda Vilanova;RS;Rio Grande do Sul;4291;50.60
4308102;Feliz;RS;Rio Grande do Sul;13764;145.14
4308201;Flores da Cunha;RS;Rio Grande do Sul;30892;111.83
4308250;Floriano Peixoto;RS;Rio Grande do Sul;1668;9.90
4308300;Fontoura Xavier;RS;Rio Grande do Sul;9550;16.37
4308409;Formigueiro;RS;Rio Grande do Sul;6413;11.08
4308433;Forquetinha;RS;Rio Grande do Sul;2393;25.66
4308458;Fortaleza dos Valos;RS;Rio Grande do Sul;4477;6.88
4308508;Frederico Westphalen;RS;Rio Grande do Sul;32627;123.04
4308607;Garibaldi;RS;Rio Grande do Sul;34335;203.78
4308656;Garruchos;RS;Rio Grande do Sul;2688;3.34
4308706;Gaurama;RS;Rio Grande do Sul;5665;27.71
4308805;General Câmara;RS;Rio Grande do Sul;7612;14.93
4308854;Gentil;RS;Rio Grande do Sul;1744;9.44
4308904;Getúlio Vargas;RS;Rio Grande do Sul;16602;57.75
4309001;Giruá;RS;Rio Grande do Sul;16013;18.68
4309050;Glorinha;RS;Rio Grande do Sul;7658;23.64
4309100;Gramado;RS;Rio Grande do Sul;40134;167.69
4309159;Gramado Xavier;RS;Rio Grande do Sul;3304;15.19
4309126;Gramado dos Loureiros;RS;Rio Grande do Sul;2014;15.33
4309209;Gravataí;RS;Rio Grande do Sul;265074;566.05
4309258;Guabiju;RS;Rio Grande do Sul;1417;9.64
4309407;Guaporé;RS;Rio Grande do Sul;25268;84.92
4309506;Guarani das Missões;RS;Rio Grande do Sul;7415;25.51
4309308;Guaíba;RS;Rio Grande do Sul;92924;247.03
4309555;Harmonia;RS;Rio Grande do Sul;5378;110.76
4307104;Herval;RS;Rio Grande do Sul;6191;3.52
4309571;Herveiras;RS;Rio Grande do Sul;2565;21.69
4309605;Horizontina;RS;Rio Grande do Sul;18851;82.07
4309654;Hulha Negra;RS;Rio Grande do Sul;5976;7.26
4309704;Humaitá;RS;Rio Grande do Sul;4681;34.67
4309753;Ibarama;RS;Rio Grande do Sul;3732;19.10
4309803;Ibiaçá;RS;Rio Grande do Sul;4527;12.98
4309902;Ibiraiaras;RS;Rio Grande do Sul;6776;23.19
4309951;Ibirapuitã;RS;Rio Grande do Sul;3723;12.12
4310009;Ibirubá;RS;Rio Grande do Sul;21583;35.55
4310108;Igrejinha;RS;Rio Grande do Sul;32808;237.22
4310207;Ijuí;RS;Rio Grande do Sul;84780;123.05
4310306;Ilópolis;RS;Rio Grande do Sul;4157;33.63
4310330;Imbé;RS;Rio Grande do Sul;26824;674.55
4310363;Imigrante;RS;Rio Grande do Sul;3080;42.95
4310405;Independência;RS;Rio Grande do Sul;6427;17.94
4310413;Inhacorá;RS;Rio Grande do Sul;2014;17.71
4310462;Ipiranga do Sul;RS;Rio Grande do Sul;1720;10.84
4310439;Ipê;RS;Rio Grande do Sul;5399;9.01
4310504;Iraí;RS;Rio Grande do Sul;7482;41.21
4310538;Itaara;RS;Rio Grande do Sul;5572;32.25
4310553;Itacurubi;RS;Rio Grande do Sul;2995;2.67
4310579;Itapuca;RS;Rio Grande do Sul;1937;10.49
4310603;Itaqui;RS;Rio Grande do Sul;35768;10.50
4310652;Itati;RS;Rio Grande do Sul;2638;12.86
4310702;Itatiba do Sul;RS;Rio Grande do Sul;3208;15.08
4310751;Ivorá;RS;Rio Grande do Sul;1929;15.69
4310801;Ivoti;RS;Rio Grande do Sul;22983;364.28
4310850;Jaboticaba;RS;Rio Grande do Sul;3779;29.62
4310876;Jacuizinho;RS;Rio Grande do Sul;2040;6.01
4310900;Jacutinga;RS;Rio Grande do Sul;3338;18.75
4311106;Jaguari;RS;Rio Grande do Sul;10579;15.67
4311007;Jaguarão;RS;Rio Grande do Sul;26603;12.97
4311122;Jaquirana;RS;Rio Grande do Sul;3690;4.06
4311130;Jari;RS;Rio Grande do Sul;3349;3.93
4311155;Jóia;RS;Rio Grande do Sul;7184;5.80
4311205;Júlio de Castilhos;RS;Rio Grande do Sul;18226;9.45
4311239;Lagoa Bonita do Sul;RS;Rio Grande do Sul;2251;20.51
4311304;Lagoa Vermelha;RS;Rio Grande do Sul;27659;21.95
4311270;Lagoa dos Três Cantos;RS;Rio Grande do Sul;1738;12.54
4311254;Lagoão;RS;Rio Grande do Sul;5341;13.78
4311403;Lajeado;RS;Rio Grande do Sul;93646;1026.47
4311429;Lajeado do Bugre;RS;Rio Grande do Sul;2601;38.28
4311502;Lavras do Sul;RS;Rio Grande do Sul;7157;2.75
4311601;Liberato Salzano;RS;Rio Grande do Sul;4781;19.46
4311627;Lindolfo Collor;RS;Rio Grande do Sul;6248;187.34
4311643;Linha Nova;RS;Rio Grande do Sul;1683;26.50
4311700;Machadinho;RS;Rio Grande do Sul;5735;17.11
4311734;Mampituba;RS;Rio Grande do Sul;3131;19.99
4311759;Manoel Viana;RS;Rio Grande do Sul;6801;4.89
4311775;Maquiné;RS;Rio Grande do Sul;7418;12.09
4311791;Maratá;RS;Rio Grande do Sul;2470;30.10
4311809;Marau;RS;Rio Grande do Sul;45124;69.45
4311908;Marcelino Ramos;RS;Rio Grande do Sul;4320;18.80
4311981;Mariana Pimentel;RS;Rio Grande do Sul;3916;11.57
4312005;Mariano Moro;RS;Rio Grande do Sul;1858;18.82
4312054;Marques de Souza;RS;Rio Grande do Sul;3969;31.57
4312104;Mata;RS;Rio Grande do Sul;4698;14.86
4312138;Mato Castelhano;RS;Rio Grande do Sul;2553;10.71
4312153;Mato Leitão;RS;Rio Grande do Sul;4859;103.83
4312179;Mato Queimado;RS;Rio Grande do Sul;1795;15.66
4312203;Maximiliano de Almeida;RS;Rio Grande do Sul;4191;20.11
4311718;Maçambará;RS;Rio Grande do Sul;4425;2.63
4312252;Minas do Leão;RS;Rio Grande do Sul;7505;17.69
4312302;Miraguaí;RS;Rio Grande do Sul;4427;33.73
4312351;Montauri;RS;Rio Grande do Sul;1499;18.23
4312377;Monte Alegre dos Campos;RS;Rio Grande do Sul;3180;5.79
4312385;Monte Belo do Sul;RS;Rio Grande do Sul;2557;36.67
4312401;Montenegro;RS;Rio Grande do Sul;64322;151.34
4312427;Mormaço;RS;Rio Grande do Sul;2756;18.85
4312443;Morrinhos do Sul;RS;Rio Grande do Sul;3071;18.48
4312450;Morro Redondo;RS;Rio Grande do Sul;6046;24.71
4312476;Morro Reuter;RS;Rio Grande do Sul;6029;67.43
4312500;Mostardas;RS;Rio Grande do Sul;12090;6.11
4312617;Muitos Capões;RS;Rio Grande do Sul;2879;2.41
4312625;Muliterno;RS;Rio Grande do Sul;1721;15.49
4312609;Muçum;RS;Rio Grande do Sul;4601;41.36
4312674;Nicolau Vergueiro;RS;Rio Grande do Sul;1932;12.46
4312708;Nonoai;RS;Rio Grande do Sul;13719;29.25
4312757;Nova Alvorada;RS;Rio Grande do Sul;3163;21.25
4312807;Nova Araçá;RS;Rio Grande do Sul;4954;65.60
4312906;Nova Bassano;RS;Rio Grande do Sul;9649;45.60
4312955;Nova Boa Vista;RS;Rio Grande do Sul;2042;21.79
4313003;Nova Bréscia;RS;Rio Grande do Sul;3044;29.56
4313011;Nova Candelária;RS;Rio Grande do Sul;3061;31.37
4313037;Nova Esperança do Sul;RS;Rio Grande do Sul;4865;25.47
4313060;Nova Hartz;RS;Rio Grande do Sul;20088;322.34
4313102;Nova Palma;RS;Rio Grande do Sul;5586;17.76
4313201;Nova Petrópolis;RS;Rio Grande do Sul;23300;80.30
4313300;Nova Prata;RS;Rio Grande do Sul;25692;98.84
4313086;Nova Pádua;RS;Rio Grande do Sul;2343;22.83
4313334;Nova Ramada;RS;Rio Grande do Sul;2163;8.47
4313359;Nova Roma do Sul;RS;Rio Grande do Sul;3466;23.14
4313375;Nova Santa Rita;RS;Rio Grande do Sul;29024;133.04
4313490;Novo Barreiro;RS;Rio Grande do Sul;4272;34.63
4313391;Novo Cabrais;RS;Rio Grande do Sul;3568;18.49
4313409;Novo Hamburgo;RS;Rio Grande do Sul;227646;1022.96
4313425;Novo Machado;RS;Rio Grande do Sul;3198;14.61
4313441;Novo Tiradentes;RS;Rio Grande do Sul;2146;28.45
4313466;Novo Xingu;RS;Rio Grande do Sul;1646;20.61
4312658;Não-Me-Toque;RS;Rio Grande do Sul;17898;49.48
4313508;Osório;RS;Rio Grande do Sul;47396;71.39
4313607;Paim Filho;RS;Rio Grande do Sul;3629;19.93
4313656;Palmares do Sul;RS;Rio Grande do Sul;12844;13.53
4313706;Palmeira das Missões;RS;Rio Grande do Sul;33216;23.37
4313805;Palmitinho;RS;Rio Grande do Sul;7839;54.37
4313904;Panambi;RS;Rio Grande do Sul;43515;88.52
4313953;Pantano Grande;RS;Rio Grande do Sul;10212;12.14
4314001;Paraí;RS;Rio Grande do Sul;7194;59.09
4314027;Paraíso do Sul;RS;Rio Grande do Sul;6519;19.31
4314035;Pareci Novo;RS;Rio Grande do Sul;4319;75.13
4314050;Parobé;RS;Rio Grande do Sul;52058;478.88
4314068;Passa Sete;RS;Rio Grande do Sul;3983;13.09
4314100;Passo Fundo;RS;Rio Grande do Sul;206215;262.89
4314076;Passo do Sobrado;RS;Rio Grande do Sul;6025;22.72
4314134;Paulo Bento;RS;Rio Grande do Sul;2144;14.32
4314159;Paverama;RS;Rio Grande do Sul;7978;46.42
4314175;Pedras Altas;RS;Rio Grande do Sul;2061;1.50
4314209;Pedro Osório;RS;Rio Grande do Sul;7484;12.40
4314308;Pejuçara;RS;Rio Grande do Sul;3745;9.04
4314407;Pelotas;RS;Rio Grande do Sul;325685;202.44
4314423;Picada Café;RS;Rio Grande do Sul;5351;63.49
4314456;Pinhal;RS;Rio Grande do Sul;2959;43.37
4314472;Pinhal Grande;RS;Rio Grande do Sul;3805;7.96
4314464;Pinhal da Serra;RS;Rio Grande do Sul;2248;5.13
4314498;Pinheirinho do Vale;RS;Rio Grande do Sul;4540;43.08
4314506;Pinheiro Machado;RS;Rio Grande do Sul;11214;4.99
4314548;Pinto Bandeira;RS;Rio Grande do Sul;2723;25.98
4314555;Pirapó;RS;Rio Grande do Sul;2260;7.69
4314605;Piratini;RS;Rio Grande do Sul;17504;4.95
4314704;Planalto;RS;Rio Grande do Sul;10406;45.53
4314787;Ponte Preta;RS;Rio Grande do Sul;1575;15.83
4314779;Pontão;RS;Rio Grande do Sul;3296;6.56
4314902;Porto Alegre;RS;Rio Grande do Sul;1332845;2690.50
4315008;Porto Lucena;RS;Rio Grande do Sul;4360;17.38
4315057;Porto Mauá;RS;Rio Grande do Sul;2142;20.24
4315073;Porto Vera Cruz;RS;Rio Grande do Sul;1560;13.65
4315107;Porto Xavier;RS;Rio Grande do Sul;9938;35.30
4314803;Portão;RS;Rio Grande do Sul;34071;213.88
4315131;Pouso Novo;RS;Rio Grande do Sul;1739;16.51
4314753;Poço das Antas;RS;Rio Grande do Sul;2171;32.11
4315149;Presidente Lucena;RS;Rio Grande do Sul;3077;62.00
4315156;Progresso;RS;Rio Grande do Sul;5340;20.86
4315172;Protásio Alves;RS;Rio Grande do Sul;2025;11.77
4315206;Putinga;RS;Rio Grande do Sul;3747;17.33
4315305;Quaraí;RS;Rio Grande do Sul;23500;7.48
4315313;Quatro Irmãos;RS;Rio Grande do Sul;1552;5.77
4315321;Quevedos;RS;Rio Grande do Sul;2507;4.61
4315354;Quinze de Novembro;RS;Rio Grande do Sul;3910;17.53
4315404;Redentora;RS;Rio Grande do Sul;9738;32.06
4315453;Relvado;RS;Rio Grande do Sul;1796;16.60
4315503;Restinga Sêca;RS;Rio Grande do Sul;14939;15.42
4315602;Rio Grande;RS;Rio Grande do Sul;191900;71.53
4315701;Rio Pardo;RS;Rio Grande do Sul;34654;16.90
4315552;Rio dos Índios;RS;Rio Grande do Sul;2835;12.02
4315750;Riozinho;RS;Rio Grande do Sul;4473;18.71
4315800;Roca Sales;RS;Rio Grande do Sul;10418;50.06
4315909;Rodeio Bonito;RS;Rio Grande do Sul;6654;79.90
4315958;Rolador;RS;Rio Grande do Sul;2291;7.76
4316006;Rolante;RS;Rio Grande do Sul;21253;71.78
4316105;Ronda Alta;RS;Rio Grande do Sul;9777;23.35
4316204;Rondinha;RS;Rio Grande do Sul;4991;19.77
4316303;Roque Gonzales;RS;Rio Grande do Sul;6576;18.84
4316402;Rosário do Sul;RS;Rio Grande do Sul;36630;8.43
4316428;Sagrada Família;RS;Rio Grande do Sul;2480;31.84
4316436;Saldanha Marinho;RS;Rio Grande do Sul;2575;11.62
4316451;Salto do Jacuí;RS;Rio Grande do Sul;10203;20.10
4316477;Salvador das Missões;RS;Rio Grande do Sul;2877;30.51
4316501;Salvador do Sul;RS;Rio Grande do Sul;6879;69.38
4316600;Sananduva;RS;Rio Grande do Sul;16399;32.51
4317103;Sant'Ana do Livramento;RS;Rio Grande do Sul;84421;12.15
4316709;Santa Bárbara do Sul;RS;Rio Grande do Sul;8122;8.32
4316733;Santa Cecília do Sul;RS;Rio Grande do Sul;1674;8.37
4316758;Santa Clara do Sul;RS;Rio Grande do Sul;6887;79.67
4316808;Santa Cruz do Sul;RS;Rio Grande do Sul;133230;181.54
4316972;Santa Margarida do Sul;RS;Rio Grande do Sul;2596;2.72
4316907;Santa Maria;RS;Rio Grande do Sul;271735;152.64
4316956;Santa Maria do Herval;RS;Rio Grande do Sul;6340;45.14
4317202;Santa Rosa;RS;Rio Grande do Sul;76963;157.27
4317251;Santa Tereza;RS;Rio Grande do Sul;1505;20.43
4317301;Santa Vitória do Palmar;RS;Rio Grande do Sul;30983;5.95
4317004;Santana da Boa Vista;RS;Rio Grande do Sul;7024;4.95
4317400;Santiago;RS;Rio Grande do Sul;48938;20.27
4317608;Santo Antônio da Patrulha;RS;Rio Grande do Sul;42947;40.92
4317707;Santo Antônio das Missões;RS;Rio Grande do Sul;10300;6.02
4317558;Santo Antônio do Palma;RS;Rio Grande do Sul;2091;16.58
4317756;Santo Antônio do Planalto;RS;Rio Grande do Sul;2089;10.27
4317806;Santo Augusto;RS;Rio Grande do Sul;13902;29.72
4317905;Santo Cristo;RS;Rio Grande do Sul;15320;41.72
4317954;Santo Expedito do Sul;RS;Rio Grande do Sul;2349;18.70
4317509;Santo Ângelo;RS;Rio Grande do Sul;76917;113.22
4319901;Sapiranga;RS;Rio Grande do Sul;75648;554.31
4320008;Sapucaia do Sul;RS;Rio Grande do Sul;132107;2268.05
4320107;Sarandi;RS;Rio Grande do Sul;22851;64.97
4320206;Seberi;RS;Rio Grande do Sul;11950;39.72
4320230;Sede Nova;RS;Rio Grande do Sul;2704;22.66
4320263;Segredo;RS;Rio Grande do Sul;6009;24.51
4320305;Selbach;RS;Rio Grande do Sul;5107;28.94
4320321;Senador Salgado Filho;RS;Rio Grande do Sul;2673;18.18
4320354;Sentinela do Sul;RS;Rio Grande do Sul;5306;18.81
4320404;Serafina Corrêa;RS;Rio Grande do Sul;16961;103.86
4320503;Sertão;RS;Rio Grande do Sul;5541;12.58
4320552;Sertão Santana;RS;Rio Grande do Sul;5863;23.26
4320578;Sete de Setembro;RS;Rio Grande do Sul;1830;14.16
4320602;Severiano de Almeida;RS;Rio Grande do Sul;3406;20.32
4320651;Silveira Martins;RS;Rio Grande do Sul;2028;17.00
4320677;Sinimbu;RS;Rio Grande do Sul;8578;16.81
4320701;Sobradinho;RS;Rio Grande do Sul;14226;110.43
4320800;Soledade;RS;Rio Grande do Sul;29991;24.68
4318002;São Borja;RS;Rio Grande do Sul;59676;16.50
4318051;São Domingos do Sul;RS;Rio Grande do Sul;2754;35.01
4318101;São Francisco de Assis;RS;Rio Grande do Sul;17618;7.03
4318200;São Francisco de Paula;RS;Rio Grande do Sul;21893;6.60
4318309;São Gabriel;RS;Rio Grande do Sul;58487;11.57
4318408;São Jerônimo;RS;Rio Grande do Sul;21028;22.48
4318440;São Jorge;RS;Rio Grande do Sul;2912;23.18
4318457;São José das Missões;RS;Rio Grande do Sul;2362;24.07
4318465;São José do Herval;RS;Rio Grande do Sul;1902;18.48
4318481;São José do Hortêncio;RS;Rio Grande do Sul;4447;69.80
4318499;São José do Inhacorá;RS;Rio Grande do Sul;2406;30.95
4318507;São José do Norte;RS;Rio Grande do Sul;25443;23.74
4318606;São José do Ouro;RS;Rio Grande do Sul;6834;20.38
4318614;São José do Sul;RS;Rio Grande do Sul;2380;43.46
4318622;São José dos Ausentes;RS;Rio Grande do Sul;4172;3.55
4318424;São João da Urtiga;RS;Rio Grande do Sul;4461;26.08
4318432;São João do Polêsine;RS;Rio Grande do Sul;2649;33.82
4318705;São Leopoldo;RS;Rio Grande do Sul;217409;2110.58
4318804;São Lourenço do Sul;RS;Rio Grande do Sul;41989;20.62
4318903;São Luiz Gonzaga;RS;Rio Grande do Sul;34752;26.82
4319000;São Marcos;RS;Rio Grande do Sul;21084;82.31
4319109;São Martinho;RS;Rio Grande do Sul;5481;32.01
4319125;São Martinho da Serra;RS;Rio Grande do Sul;2860;4.27
4319158;São Miguel das Missões;RS;Rio Grande do Sul;7056;5.74
4319208;São Nicolau;RS;Rio Grande do Sul;5118;10.54
4319307;São Paulo das Missões;RS;Rio Grande do Sul;5846;26.10
4319356;São Pedro da Serra;RS;Rio Grande do Sul;3548;100.78
4319364;São Pedro das Missões;RS;Rio Grande do Sul;1757;21.99
4319372;São Pedro do Butiá;RS;Rio Grande do Sul;3070;28.54
4319406;São Pedro do Sul;RS;Rio Grande do Sul;15577;17.84
4319505;São Sebastião do Caí;RS;Rio Grande do Sul;24428;213.73
4319604;São Sepé;RS;Rio Grande do Sul;21219;9.62
4319703;São Valentim;RS;Rio Grande do Sul;3264;21.13
4319711;São Valentim do Sul;RS;Rio Grande do Sul;2207;24.02
4319737;São Valério do Sul;RS;Rio Grande do Sul;2543;23.68
4319752;São Vendelino;RS;Rio Grande do Sul;2251;70.49
4319802;São Vicente do Sul;RS;Rio Grande do Sul;8097;6.89
4320453;Sério;RS;Rio Grande do Sul;1941;19.78
4320859;Tabaí;RS;Rio Grande do Sul;4461;47.08
4320909;Tapejara;RS;Rio Grande do Sul;24557;103.15
4321006;Tapera;RS;Rio Grande do Sul;10592;58.87
4321105;Tapes;RS;Rio Grande do Sul;14695;18.24
4321204;Taquara;RS;Rio Grande do Sul;53242;117.64
4321303;Taquari;RS;Rio Grande do Sul;25198;72.00
4321329;Taquaruçu do Sul;RS;Rio Grande do Sul;3119;40.55
4321352;Tavares;RS;Rio Grande do Sul;5212;8.54
4321402;Tenente Portela;RS;Rio Grande do Sul;14497;42.95
4321436;Terra de Areia;RS;Rio Grande do Sul;10334;72.62
4321451;Teutônia;RS;Rio Grande do Sul;32797;184.47
4321469;Tio Hugo;RS;Rio Grande do Sul;3267;28.67
4321477;Tiradentes do Sul;RS;Rio Grande do Sul;5129;21.67
4321493;Toropi;RS;Rio Grande do Sul;2554;12.88
4321501;Torres;RS;Rio Grande do Sul;41751;258.32
4321600;Tramandaí;RS;Rio Grande do Sul;54387;380.65
4321626;Travesseiro;RS;Rio Grande do Sul;2152;26.67
4321956;Trindade do Sul;RS;Rio Grande do Sul;7556;28.15
4322004;Triunfo;RS;Rio Grande do Sul;27498;33.63
4321634;Três Arroios;RS;Rio Grande do Sul;2591;17.44
4321667;Três Cachoeiras;RS;Rio Grande do Sul;10962;43.59
4321709;Três Coroas;RS;Rio Grande do Sul;24425;147.78
4321832;Três Forquilhas;RS;Rio Grande do Sul;2760;12.70
4321857;Três Palmeiras;RS;Rio Grande do Sul;4716;26.11
4321907;Três Passos;RS;Rio Grande do Sul;25436;94.59
4321808;Três de Maio;RS;Rio Grande do Sul;24916;59.12
4322103;Tucunduva;RS;Rio Grande do Sul;5542;30.59
4322152;Tunas;RS;Rio Grande do Sul;3681;16.94
4322186;Tupanci do Sul;RS;Rio Grande do Sul;1374;10.16
4322202;Tupanciretã;RS;Rio Grande do Sul;20005;8.88
4322251;Tupandi;RS;Rio Grande do Sul;5029;84.60
4322301;Tuparendi;RS;Rio Grande do Sul;8363;27.18
4322327;Turuçu;RS;Rio Grande do Sul;3419;13.48
4322343;Ubiretama;RS;Rio Grande do Sul;1994;15.84
4322376;Unistalda;RS;Rio Grande do Sul;1995;3.31
4322350;União da Serra;RS;Rio Grande do Sul;1170;8.92
4322400;Uruguaiana;RS;Rio Grande do Sul;117210;20.56
4322509;Vacaria;RS;Rio Grande do Sul;64197;30.22
4322541;Vale Real;RS;Rio Grande do Sul;6058;134.37
4322525;Vale Verde;RS;Rio Grande do Sul;3150;9.55
4322533;Vale do Sol;RS;Rio Grande do Sul;9897;30.15
4322558;Vanini;RS;Rio Grande do Sul;2004;30.88
4322608;Venâncio Aires;RS;Rio Grande do Sul;68763;89.00
4322707;Vera Cruz;RS;Rio Grande do Sul;26710;86.27
4322806;Veranópolis;RS;Rio Grande do Sul;24021;83.00
4322855;Vespasiano Corrêa;RS;Rio Grande do Sul;1818;16.00
4322905;Viadutos;RS;Rio Grande do Sul;4769;17.79
4323002;Viamão;RS;Rio Grande do Sul;224112;149.76
4323101;Vicente Dutra;RS;Rio Grande do Sul;4665;24.17
4323200;Victor Graeff;RS;Rio Grande do Sul;2780;11.67
4323309;Vila Flores;RS;Rio Grande do Sul;3646;33.85
4323358;Vila Lângaro;RS;Rio Grande do Sul;2079;13.71
4323408;Vila Maria;RS;Rio Grande do Sul;4413;24.37
4323457;Vila Nova do Sul;RS;Rio Grande do Sul;3863;7.60
4323507;Vista Alegre;RS;Rio Grande do Sul;2660;34.27
4323606;Vista Alegre do Prata;RS;Rio Grande do Sul;1590;13.32
4323705;Vista Gaúcha;RS;Rio Grande do Sul;2783;30.91
4323754;Vitória das Missões;RS;Rio Grande do Sul;3260;12.62
4323770;Westfália;RS;Rio Grande do Sul;3098;48.66
4323804;Xangri-lá;RS;Rio Grande do Sul;16463;270.97
4300059;Água Santa;RS;Rio Grande do Sul;3912;13.42
4301552;Áurea;RS;Rio Grande do Sul;3396;21.67
4200051;Abdon Batista;SC;Santa Catarina;2598;10.94
4200101;Abelardo Luz;SC;Santa Catarina;17392;18.23
4200200;Agrolândia;SC;Santa Catarina;10990;53.14
4200309;Agronômica;SC;Santa Catarina;6055;46.66
4200705;Alfredo Wagner;SC;Santa Catarina;10481;14.29
4200754;Alto Bela Vista;SC;Santa Catarina;1856;17.94
4200804;Anchieta;SC;Santa Catarina;5943;25.58
4200903;Angelina;SC;Santa Catarina;5358;10.72
4201000;Anita Garibaldi;SC;Santa Catarina;8285;14.05
4201109;Anitápolis;SC;Santa Catarina;3593;6.65
4201208;Antônio Carlos;SC;Santa Catarina;11224;47.88
4201257;Apiúna;SC;Santa Catarina;9811;19.88
4201273;Arabutã;SC;Santa Catarina;4378;32.97
4201307;Araquari;SC;Santa Catarina;45283;117.10
4201406;Araranguá;SC;Santa Catarina;71922;238.30
4201505;Armazém;SC;Santa Catarina;8834;50.78
4201604;Arroio Trinta;SC;Santa Catarina;3556;38.02
4201653;Arvoredo;SC;Santa Catarina;2510;27.73
4201703;Ascurra;SC;Santa Catarina;8319;73.70
4201802;Atalanta;SC;Santa Catarina;3227;34.19
4201901;Aurora;SC;Santa Catarina;6780;32.75
4201950;Balneário Arroio do Silva;SC;Santa Catarina;15820;167.45
4202057;Balneário Barra do Sul;SC;Santa Catarina;14912;136.92
4202008;Balneário Camboriú;SC;Santa Catarina;139155;3077.70
4202073;Balneário Gaivota;SC;Santa Catarina;15669;106.71
4212809;Balneário Piçarras;SC;Santa Catarina;27127;273.03
4220000;Balneário Rincão;SC;Santa Catarina;15981;251.99
4202081;Bandeirante;SC;Santa Catarina;3144;21.23
4202099;Barra Bonita;SC;Santa Catarina;1668;18.02
4202107;Barra Velha;SC;Santa Catarina;45369;326.52
4202131;Bela Vista do Toldo;SC;Santa Catarina;5872;10.96
4202156;Belmonte;SC;Santa Catarina;2658;28.32
4202206;Benedito Novo;SC;Santa Catarina;10520;27.09
4202305;Biguaçu;SC;Santa Catarina;76773;209.90
4202404;Blumenau;SC;Santa Catarina;361261;696.58
4202438;Bocaina do Sul;SC;Santa Catarina;3515;6.88
4202503;Bom Jardim da Serra;SC;Santa Catarina;4026;4.29
4202537;Bom Jesus;SC;Santa Catarina;2777;43.47
4202578;Bom Jesus do Oeste;SC;Santa Catarina;2187;32.27
4202602;Bom Retiro;SC;Santa Catarina;8418;7.96
4202453;Bombinhas;SC;Santa Catarina;25058;713.03
4202701;Botuverá;SC;Santa Catarina;5363;18.10
4202800;Braço do Norte;SC;Santa Catarina;33773;159.27
4202859;Braço do Trombudo;SC;Santa Catarina;4026;45.03
4202875;Brunópolis;SC;Santa Catarina;2489;7.40
4202909;Brusque;SC;Santa Catarina;141385;496.65
4203105;Caibi;SC;Santa Catarina;6304;36.42
4203154;Calmon;SC;Santa Catarina;3443;5.41
4203204;Camboriú;SC;Santa Catarina;103074;489.50
4203303;Campo Alegre;SC;Santa Catarina;12501;25.04
4203402;Campo Belo do Sul;SC;Santa Catarina;7257;7.08
4203501;Campo Erê;SC;Santa Catarina;9623;20.08
4203600;Campos Novos;SC;Santa Catarina;36932;21.50
4203709;Canelinha;SC;Santa Catarina;12821;84.90
4203808;Canoinhas;SC;Santa Catarina;55016;47.92
4203907;Capinzal;SC;Santa Catarina;23314;95.53
4203956;Capivari de Baixo;SC;Santa Catarina;23975;450.47
4203253;Capão Alto;SC;Santa Catarina;2625;1.97
4204004;Catanduvas;SC;Santa Catarina;10566;53.05
4204103;Caxambu do Sul;SC;Santa Catarina;4614;32.75
4203006;Caçador;SC;Santa Catarina;73720;74.96
4204152;Celso Ramos;SC;Santa Catarina;2805;13.46
4204178;Cerro Negro;SC;Santa Catarina;3317;7.93
4204194;Chapadão do Lageado;SC;Santa Catarina;2950;23.63
4204202;Chapecó;SC;Santa Catarina;254785;407.76
4204251;Cocal do Sul;SC;Santa Catarina;17240;242.94
4204301;Concórdia;SC;Santa Catarina;81646;102.16
4204350;Cordilheira Alta;SC;Santa Catarina;4781;57.22
4204400;Coronel Freitas;SC;Santa Catarina;10388;44.45
4204459;Coronel Martins;SC;Santa Catarina;2065;19.21
4204558;Correia Pinto;SC;Santa Catarina;15727;24.29
4204509;Corupá;SC;Santa Catarina;15267;37.63
4204608;Criciúma;SC;Santa Catarina;214493;913.26
4204707;Cunha Porã;SC;Santa Catarina;10953;49.76
4204756;Cunhataí;SC;Santa Catarina;1968;35.91
4204806;Curitibanos;SC;Santa Catarina;40045;42.16
4204905;Descanso;SC;Santa Catarina;8530;29.72
4205001;Dionísio Cerqueira;SC;Santa Catarina;15008;39.62
4205100;Dona Emma;SC;Santa Catarina;4221;23.69
4205159;Doutor Pedrinho;SC;Santa Catarina;3637;9.72
4205175;Entre Rios;SC;Santa Catarina;3402;32.75
4205191;Ermo;SC;Santa Catarina;2269;34.74
4205209;Erval Velho;SC;Santa Catarina;4885;23.39
4205308;Faxinal dos Guedes;SC;Santa Catarina;11192;32.91
4205357;Flor do Sertão;SC;Santa Catarina;1783;30.50
4205407;Florianópolis;SC;Santa Catarina;537211;796.05
4205431;Formosa do Sul;SC;Santa Catarina;2682;26.71
4205456;Forquilhinha;SC;Santa Catarina;31431;171.43
4205506;Fraiburgo;SC;Santa Catarina;33481;60.96
4205555;Frei Rogério;SC;Santa Catarina;2411;15.19
4205605;Galvão;SC;Santa Catarina;3210;22.96
4205704;Garopaba;SC;Santa Catarina;29959;261.03
4205803;Garuva;SC;Santa Catarina;18545;36.83
4205902;Gaspar;SC;Santa Catarina;72570;187.71
4206009;Governador Celso Ramos;SC;Santa Catarina;16915;132.61
4206207;Gravatal;SC;Santa Catarina;12435;75.04
4206108;Grão-Pará;SC;Santa Catarina;6277;18.77
4206306;Guabiruba;SC;Santa Catarina;24543;142.55
4206405;Guaraciaba;SC;Santa Catarina;10796;32.54
4206504;Guaramirim;SC;Santa Catarina;46711;174.61
4206603;Guarujá do Sul;SC;Santa Catarina;4829;47.99
4206652;Guatambú;SC;Santa Catarina;8425;40.86
4206702;Herval d'Oeste;SC;Santa Catarina;21724;100.30
4206751;Ibiam;SC;Santa Catarina;2008;13.75
4206801;Ibicaré;SC;Santa Catarina;3269;20.90
4206900;Ibirama;SC;Santa Catarina;19862;80.38
4207106;Ilhota;SC;Santa Catarina;17046;67.37
4207205;Imaruí;SC;Santa Catarina;11881;21.91
4207304;Imbituba;SC;Santa Catarina;52579;289.57
4207403;Imbuia;SC;Santa Catarina;5982;50.22
4207502;Indaial;SC;Santa Catarina;71549;166.08
4207577;Iomerê;SC;Santa Catarina;2877;25.24
4207601;Ipira;SC;Santa Catarina;4578;29.41
4207650;Iporã do Oeste;SC;Santa Catarina;9335;46.45
4207684;Ipuaçu;SC;Santa Catarina;7730;29.61
4207700;Ipumirim;SC;Santa Catarina;7816;31.78
4207759;Iraceminha;SC;Santa Catarina;3986;24.14
4207809;Irani;SC;Santa Catarina;10195;31.29
4207858;Irati;SC;Santa Catarina;2069;26.56
4207908;Irineópolis;SC;Santa Catarina;10285;17.44
4208104;Itaiópolis;SC;Santa Catarina;22051;16.99
4208203;Itajaí;SC;Santa Catarina;264054;913.00
4208302;Itapema;SC;Santa Catarina;75940;1304.59
4208401;Itapiranga;SC;Santa Catarina;16638;59.05
4208450;Itapoá;SC;Santa Catarina;30750;125.31
4208500;Ituporanga;SC;Santa Catarina;26525;78.81
4208005;Itá;SC;Santa Catarina;7067;42.50
4207007;Içara;SC;Santa Catarina;59035;256.24
4208609;Jaborá;SC;Santa Catarina;4310;23.62
4208708;Jacinto Machado;SC;Santa Catarina;10624;24.67
4208807;Jaguaruna;SC;Santa Catarina;20375;62.43
4208906;Jaraguá do Sul;SC;Santa Catarina;182660;344.06
4208955;Jardinópolis;SC;Santa Catarina;1776;25.93
4209003;Joaçaba;SC;Santa Catarina;30146;124.76
4209102;Joinville;SC;Santa Catarina;616317;546.41
4209151;José Boiteux;SC;Santa Catarina;5985;14.76
4209177;Jupiá;SC;Santa Catarina;2555;27.94
4209201;Lacerdópolis;SC;Santa Catarina;2248;32.56
4209300;Lages;SC;Santa Catarina;164981;62.55
4209409;Laguna;SC;Santa Catarina;42785;128.38
4209458;Lajeado Grande;SC;Santa Catarina;1702;26.05
4209508;Laurentino;SC;Santa Catarina;7932;99.98
4209607;Lauro Müller;SC;Santa Catarina;14381;52.90
4209706;Lebon Régis;SC;Santa Catarina;11472;12.18
4209805;Leoberto Leal;SC;Santa Catarina;3330;11.34
4209854;Lindóia do Sul;SC;Santa Catarina;4549;23.92
4209904;Lontras;SC;Santa Catarina;12873;65.15
4210001;Luiz Alves;SC;Santa Catarina;11684;44.92
4210035;Luzerna;SC;Santa Catarina;5794;49.48
4210050;Macieira;SC;Santa Catarina;1778;6.81
4210100;Mafra;SC;Santa Catarina;55286;39.38
4210209;Major Gercino;SC;Santa Catarina;3214;10.50
4210308;Major Vieira;SC;Santa Catarina;7425;14.26
4210407;Maracajá;SC;Santa Catarina;7815;124.24
4210506;Maravilha;SC;Santa Catarina;28251;165.85
4210555;Marema;SC;Santa Catarina;2184;20.96
4210605;Massaranduba;SC;Santa Catarina;17162;45.83
4210704;Matos Costa;SC;Santa Catarina;2761;6.34
4210803;Meleiro;SC;Santa Catarina;7006;37.58
4210852;Mirim Doce;SC;Santa Catarina;2511;7.43
4210902;Modelo;SC;Santa Catarina;4080;44.18
4211009;Mondaí;SC;Santa Catarina;10066;50.26
4211058;Monte Carlo;SC;Santa Catarina;9117;47.66
4211108;Monte Castelo;SC;Santa Catarina;7736;13.80
4211256;Morro Grande;SC;Santa Catarina;3010;11.57
4211207;Morro da Fumaça;SC;Santa Catarina;18537;223.83
4211306;Navegantes;SC;Santa Catarina;86401;775.75
4211405;Nova Erechim;SC;Santa Catarina;5155;79.20
4211454;Nova Itaberaba;SC;Santa Catarina;4536;33.02
4211504;Nova Trento;SC;Santa Catarina;13727;34.07
4211603;Nova Veneza;SC;Santa Catarina;13664;46.31
4211652;Novo Horizonte;SC;Santa Catarina;2643;17.42
4211702;Orleans;SC;Santa Catarina;23661;43.03
4211751;Otacílio Costa;SC;Santa Catarina;17312;20.43
4211801;Ouro;SC;Santa Catarina;7032;32.93
4211850;Ouro Verde;SC;Santa Catarina;2181;11.57
4211876;Paial;SC;Santa Catarina;1927;22.39
4211892;Painel;SC;Santa Catarina;2215;3.00
4211900;Palhoça;SC;Santa Catarina;222598;563.75
4212007;Palma Sola;SC;Santa Catarina;7605;22.98
4212056;Palmeira;SC;Santa Catarina;2561;8.86
4212106;Palmitos;SC;Santa Catarina;15626;44.51
4212205;Papanduva;SC;Santa Catarina;19150;25.04
4212239;Paraíso;SC;Santa Catarina;4267;23.66
4212254;Passo de Torres;SC;Santa Catarina;12897;139.22
4212270;Passos Maia;SC;Santa Catarina;4034;6.54
4212304;Paulo Lopes;SC;Santa Catarina;9063;20.31
4212403;Pedras Grandes;SC;Santa Catarina;4245;26.55
4212502;Penha;SC;Santa Catarina;33663;582.89
4212601;Peritiba;SC;Santa Catarina;2992;31.11
4212650;Pescaria Brava;SC;Santa Catarina;10190;95.36
4212700;Petrolândia;SC;Santa Catarina;6716;21.89
4212908;Pinhalzinho;SC;Santa Catarina;21972;170.69
4213005;Pinheiro Preto;SC;Santa Catarina;3473;56.92
4213104;Piratuba;SC;Santa Catarina;5769;39.49
4213153;Planalto Alegre;SC;Santa Catarina;2946;46.69
4213203;Pomerode;SC;Santa Catarina;34289;160.01
4213302;Ponte Alta;SC;Santa Catarina;4437;7.71
4213351;Ponte Alta do Norte;SC;Santa Catarina;3210;8.09
4213401;Ponte Serrada;SC;Santa Catarina;10649;18.99
4213500;Porto Belo;SC;Santa Catarina;27688;295.58
4213609;Porto União;SC;Santa Catarina;32970;38.84
4213708;Pouso Redondo;SC;Santa Catarina;17123;48.03
4213807;Praia Grande;SC;Santa Catarina;8270;29.08
4213906;Presidente Castello Branco;SC;Santa Catarina;1689;25.81
4214003;Presidente Getúlio;SC;Santa Catarina;20010;67.34
4214102;Presidente Nereu;SC;Santa Catarina;2301;10.24
4214151;Princesa;SC;Santa Catarina;2964;34.63
4214201;Quilombo;SC;Santa Catarina;11022;39.51
4214300;Rancho Queimado;SC;Santa Catarina;3279;11.45
4214904;Rio Fortuna;SC;Santa Catarina;4847;16.03
4215000;Rio Negrinho;SC;Santa Catarina;39261;43.27
4215059;Rio Rufino;SC;Santa Catarina;2397;8.48
4214409;Rio das Antas;SC;Santa Catarina;6253;19.86
4214508;Rio do Campo;SC;Santa Catarina;6452;12.85
4214607;Rio do Oeste;SC;Santa Catarina;7747;31.61
4214805;Rio do Sul;SC;Santa Catarina;72587;278.31
4214706;Rio dos Cedros;SC;Santa Catarina;10865;19.56
4215075;Riqueza;SC;Santa Catarina;4768;24.96
4215109;Rodeio;SC;Santa Catarina;12757;98.89
4215208;Romelândia;SC;Santa Catarina;4823;21.60
4215307;Salete;SC;Santa Catarina;7489;42.10
4215356;Saltinho;SC;Santa Catarina;3632;23.20
4215406;Salto Veloso;SC;Santa Catarina;4390;42.00
4215455;Sangão;SC;Santa Catarina;12882;155.23
4215505;Santa Cecília;SC;Santa Catarina;15546;13.57
4215554;Santa Helena;SC;Santa Catarina;2425;29.94
4215604;Santa Rosa de Lima;SC;Santa Catarina;2088;10.27
4215653;Santa Rosa do Sul;SC;Santa Catarina;9792;65.15
4215679;Santa Terezinha;SC;Santa Catarina;8066;11.27
4215687;Santa Terezinha do Progresso;SC;Santa Catarina;2576;21.53
4215695;Santiago do Sul;SC;Santa Catarina;1651;22.51
4215703;Santo Amaro da Imperatriz;SC;Santa Catarina;27272;79.22
4217303;Saudades;SC;Santa Catarina;10265;49.88
4217402;Schroeder;SC;Santa Catarina;20061;121.41
4217501;Seara;SC;Santa Catarina;18620;60.14
4217550;Serra Alta;SC;Santa Catarina;3303;36.47
4217600;Siderópolis;SC;Santa Catarina;13714;52.34
4217709;Sombrio;SC;Santa Catarina;29991;209.06
4217758;Sul Brasil;SC;Santa Catarina;2832;25.03
4215802;São Bento do Sul;SC;Santa Catarina;83277;167.97
4215752;São Bernardino;SC;Santa Catarina;2684;17.91
4215901;São Bonifácio;SC;Santa Catarina;2946;6.38
4216008;São Carlos;SC;Santa Catarina;10282;63.42
4216057;São Cristóvão do Sul;SC;Santa Catarina;6084;17.59
4216107;São Domingos;SC;Santa Catarina;9226;25.10
4216206;São Francisco do Sul;SC;Santa Catarina;52674;106.79
4216503;São Joaquim;SC;Santa Catarina;25939;13.73
4216602;São José;SC;Santa Catarina;270299;1796.02
4216701;São José do Cedro;SC;Santa Catarina;14167;50.46
4216800;São José do Cerrito;SC;Santa Catarina;8708;9.18
4216305;São João Batista;SC;Santa Catarina;32687;162.81
4216354;São João do Itaperiú;SC;Santa Catarina;4463;29.38
4216255;São João do Oeste;SC;Santa Catarina;6295;38.44
4216404;São João do Sul;SC;Santa Catarina;8668;47.01
4216909;São Lourenço do Oeste;SC;Santa Catarina;24791;69.60
4217006;São Ludgero;SC;Santa Catarina;13509;126.53
4217105;São Martinho;SC;Santa Catarina;3405;15.16
4217154;São Miguel da Boa Vista;SC;Santa Catarina;1781;24.48
4217204;São Miguel do Oeste;SC;Santa Catarina;44330;189.28
4217253;São Pedro de Alcântara;SC;Santa Catarina;5776;41.50
4217808;Taió;SC;Santa Catarina;18310;26.39
4217907;Tangará;SC;Santa Catarina;8143;20.88
4217956;Tigrinhos;SC;Santa Catarina;2329;40.89
4218004;Tijucas;SC;Santa Catarina;51592;184.81
4218103;Timbé do Sul;SC;Santa Catarina;5386;16.40
4218202;Timbó;SC;Santa Catarina;46099;359.27
4218251;Timbó Grande;SC;Santa Catarina;7342;12.31
4218350;Treviso;SC;Santa Catarina;3782;24.15
4218509;Treze Tílias;SC;Santa Catarina;8787;47.26
4218400;Treze de Maio;SC;Santa Catarina;7362;46.06
4218608;Trombudo Central;SC;Santa Catarina;7274;66.34
4218301;Três Barras;SC;Santa Catarina;19746;45.24
4218707;Tubarão;SC;Santa Catarina;110088;365.15
4218756;Tunápolis;SC;Santa Catarina;4916;36.98
4218806;Turvo;SC;Santa Catarina;13043;55.48
4218855;União do Oeste;SC;Santa Catarina;2774;29.87
4218905;Urubici;SC;Santa Catarina;10834;10.61
4218954;Urupema;SC;Santa Catarina;2656;7.58
4219002;Urussanga;SC;Santa Catarina;20919;82.05
4219150;Vargem;SC;Santa Catarina;2627;7.49
4219176;Vargem Bonita;SC;Santa Catarina;4576;15.26
4219101;Vargeão;SC;Santa Catarina;3634;21.80
4219200;Vidal Ramos;SC;Santa Catarina;6189;17.84
4219309;Videira;SC;Santa Catarina;55466;144.39
4219358;Vitor Meireles;SC;Santa Catarina;5370;14.50
4219408;Witmarsum;SC;Santa Catarina;4255;27.67
4219507;Xanxerê;SC;Santa Catarina;51607;136.73
4219606;Xavantina;SC;Santa Catarina;3653;16.75
4219705;Xaxim;SC;Santa Catarina;31918;108.70
4219853;Zortéa;SC;Santa Catarina;3930;20.66
4200408;Água Doce;SC;Santa Catarina;6508;4.93
4200556;Águas Frias;SC;Santa Catarina;2839;37.05
4200606;Águas Mornas;SC;Santa Catarina;6743;20.64
4200507;Águas de Chapecó;SC;Santa Catarina;6036;43.27
2800100;Amparo do São Francisco;SE;Sergipe;2170;60.81
2800209;Aquidabã;SE;Sergipe;20131;55.99
2800308;Aracaju;SE;Sergipe;602757;3308.89
2800407;Arauá;SE;Sergipe;10318;51.86
2800506;Areia Branca;SE;Sergipe;18081;122.06
2800605;Barra dos Coqueiros;SE;Sergipe;41511;449.90
2800670;Boquim;SE;Sergipe;24636;119.92
2800704;Brejo Grande;SE;Sergipe;7841;55.43
2801009;Campo do Brito;SE;Sergipe;18149;90.06
2801108;Canhoba;SE;Sergipe;3791;22.09
2801207;Canindé de São Francisco;SE;Sergipe;26834;28.73
2801306;Capela;SE;Sergipe;31645;71.56
2801405;Carira;SE;Sergipe;19939;31.22
2801504;Carmópolis;SE;Sergipe;13853;298.59
2801603;Cedro de São João;SE;Sergipe;5391;64.40
2801702;Cristinápolis;SE;Sergipe;17100;74.82
2801900;Cumbe;SE;Sergipe;3824;29.78
2802007;Divina Pastora;SE;Sergipe;4340;47.95
2802106;Estância;SE;Sergipe;65078;100.53
2802205;Feira Nova;SE;Sergipe;5975;32.60
2802304;Frei Paulo;SE;Sergipe;14530;36.40
2802403;Gararu;SE;Sergipe;11096;16.89
2802502;General Maynard;SE;Sergipe;3037;153.44
2802601;Graccho Cardoso;SE;Sergipe;5834;24.04
2802700;Ilha das Flores;SE;Sergipe;8321;157.91
2802809;Indiaroba;SE;Sergipe;16549;52.32
2802908;Itabaiana;SE;Sergipe;103440;306.68
2803005;Itabaianinha;SE;Sergipe;40678;81.07
2803104;Itabi;SE;Sergipe;4745;25.87
2803203;Itaporanga d'Ajuda;SE;Sergipe;34411;46.52
2803302;Japaratuba;SE;Sergipe;16209;44.33
2803401;Japoatã;SE;Sergipe;13407;33.32
2803500;Lagarto;SE;Sergipe;101579;104.84
2803609;Laranjeiras;SE;Sergipe;23975;147.74
2803708;Macambira;SE;Sergipe;6838;49.73
2803807;Malhada dos Bois;SE;Sergipe;3579;56.63
2803906;Malhador;SE;Sergipe;11533;113.19
2804003;Maruim;SE;Sergipe;15719;164.50
2804102;Moita Bonita;SE;Sergipe;11050;115.81
2804201;Monte Alegre de Sergipe;SE;Sergipe;14336;37.05
2804300;Muribeca;SE;Sergipe;7822;105.26
2804409;Neópolis;SE;Sergipe;16426;60.54
2804458;Nossa Senhora Aparecida;SE;Sergipe;9232;27.09
2804508;Nossa Senhora da Glória;SE;Sergipe;41212;54.34
2804607;Nossa Senhora das Dores;SE;Sergipe;24996;51.81
2804706;Nossa Senhora de Lourdes;SE;Sergipe;6268;74.83
2804805;Nossa Senhora do Socorro;SE;Sergipe;192330;1240.69
2804904;Pacatuba;SE;Sergipe;12502;32.78
2805000;Pedra Mole;SE;Sergipe;2778;33.79
2805109;Pedrinhas;SE;Sergipe;7396;221.81
2805208;Pinhão;SE;Sergipe;5677;36.30
2805307;Pirambu;SE;Sergipe;7913;37.92
2805604;Porto da Folha;SE;Sergipe;26576;30.27
2805406;Poço Redondo;SE;Sergipe;33439;27.40
2805505;Poço Verde;SE;Sergipe;21794;49.38
2805703;Propriá;SE;Sergipe;26618;276.35
2805901;Riachuelo;SE;Sergipe;8748;111.71
2805802;Riachão do Dantas;SE;Sergipe;18313;34.51
2806008;Ribeirópolis;SE;Sergipe;17033;65.75
2806107;Rosário do Catete;SE;Sergipe;9295;90.52
2806206;Salgado;SE;Sergipe;20279;81.91
2806305;Santa Luzia do Itanhy;SE;Sergipe;13616;41.86
2806503;Santa Rosa de Lima;SE;Sergipe;3937;58.18
2806404;Santana do São Francisco;SE;Sergipe;7346;166.89
2806602;Santo Amaro das Brotas;SE;Sergipe;11092;46.81
2807105;Simão Dias;SE;Sergipe;42578;76.01
2807204;Siriri;SE;Sergipe;7834;46.54
2806701;São Cristóvão;SE;Sergipe;95612;218.27
2806800;São Domingos;SE;Sergipe;10327;101.25
2806909;São Francisco;SE;Sergipe;3243;38.61
2807006;São Miguel do Aleixo;SE;Sergipe;3434;23.70
2807303;Telha;SE;Sergipe;3274;68.41
2807402;Tobias Barreto;SE;Sergipe;50905;49.68
2807501;Tomar do Geru;SE;Sergipe;12012;39.40
2807600;Umbaúba;SE;Sergipe;23917;203.52
3500105;Adamantina;SP;São Paulo;34687;84.19
3500204;Adolfo;SP;São Paulo;4351;20.62
3500303;Aguaí;SP;São Paulo;32072;67.58
3500709;Agudos;SP;São Paulo;37680;38.98
3500758;Alambari;SP;São Paulo;6141;38.48
3500808;Alfredo Marcondes;SP;São Paulo;4445;37.38
3500907;Altair;SP;São Paulo;3451;11.03
3501004;Altinópolis;SP;São Paulo;16818;18.10
3501103;Alto Alegre;SP;São Paulo;3841;12.06
3501152;Alumínio;SP;São Paulo;17301;206.90
3501509;Alvinlândia;SP;São Paulo;2885;33.99
3501608;Americana;SP;São Paulo;237240;1771.61
3501905;Amparo;SP;São Paulo;68008;152.72
3501707;Américo Brasiliense;SP;São Paulo;33019;268.54
3501806;Américo de Campos;SP;São Paulo;5870;23.21
3502002;Analândia;SP;São Paulo;4589;14.08
3502101;Andradina;SP;São Paulo;59783;62.00
3502200;Angatuba;SP;São Paulo;24022;23.38
3502309;Anhembi;SP;São Paulo;5674;7.70
3502408;Anhumas;SP;São Paulo;4023;12.54
3502507;Aparecida;SP;São Paulo;32569;269.41
3502606;Aparecida d'Oeste;SP;São Paulo;4086;22.83
3502705;Apiaí;SP;São Paulo;24585;25.23
3503000;Aramina;SP;São Paulo;5420;26.72
3503109;Arandu;SP;São Paulo;6885;24.08
3503158;Arapeí;SP;São Paulo;2330;14.85
3503208;Araraquara;SP;São Paulo;242228;241.35
3503307;Araras;SP;São Paulo;130866;202.95
3502754;Araçariguama;SP;São Paulo;21522;148.22
3502804;Araçatuba;SP;São Paulo;200124;171.47
3502903;Araçoiaba da Serra;SP;São Paulo;32443;127.08
3503356;Arco-Íris;SP;São Paulo;2044;7.72
3503406;Arealva;SP;São Paulo;8130;16.06
3503505;Areias;SP;São Paulo;3577;11.72
3503604;Areiópolis;SP;São Paulo;10130;117.92
3503703;Ariranha;SP;São Paulo;7602;57.32
3503802;Artur Nogueira;SP;São Paulo;51456;289.04
3503901;Arujá;SP;São Paulo;86678;901.33
3503950;Aspásia;SP;São Paulo;1842;26.55
3504008;Assis;SP;São Paulo;101409;220.16
3504107;Atibaia;SP;São Paulo;158647;331.54
3504206;Auriflama;SP;São Paulo;13692;31.51
3504404;Avanhandava;SP;São Paulo;11263;33.29
3504503;Avaré;SP;São Paulo;92805;76.51
3504305;Avaí;SP;São Paulo;4483;8.29
3504602;Bady Bassitt;SP;São Paulo;27260;246.98
3504701;Balbinos;SP;São Paulo;3887;42.42
3504909;Bananal;SP;São Paulo;9969;16.17
3505104;Barbosa;SP;São Paulo;5640;27.48
3505203;Bariri;SP;São Paulo;31595;71.10
3505302;Barra Bonita;SP;São Paulo;34346;228.79
3505351;Barra do Chapéu;SP;São Paulo;5179;12.77
3505401;Barra do Turvo;SP;São Paulo;6876;6.82
3505500;Barretos;SP;São Paulo;122485;78.21
3505609;Barrinha;SP;São Paulo;32092;219.77
3505708;Barueri;SP;São Paulo;316473;4816.87
3505005;Barão de Antonina;SP;São Paulo;3531;23.06
3505807;Bastos;SP;São Paulo;21503;125.81
3505906;Batatais;SP;São Paulo;58402;68.75
3506003;Bauru;SP;São Paulo;379146;567.85
3506102;Bebedouro;SP;São Paulo;76373;111.79
3506201;Bento de Abreu;SP;São Paulo;2606;8.64
3506300;Bernardino de Campos;SP;São Paulo;11607;47.54
3506359;Bertioga;SP;São Paulo;64188;130.58
3506409;Bilac;SP;São Paulo;7319;46.32
3506508;Birigui;SP;São Paulo;118979;224.48
3506607;Biritiba Mirim;SP;São Paulo;29683;93.52
3506706;Boa Esperança do Sul;SP;São Paulo;12978;18.79
3506805;Bocaina;SP;São Paulo;11259;30.94
3506904;Bofete;SP;São Paulo;10460;16.01
3507001;Boituva;SP;São Paulo;61081;245.35
3507100;Bom Jesus dos Perdões;SP;São Paulo;22006;203.07
3507159;Bom Sucesso de Itararé;SP;São Paulo;3555;26.61
3507308;Boracéia;SP;São Paulo;4715;38.61
3507407;Borborema;SP;São Paulo;14226;25.76
3507456;Borebi;SP;São Paulo;2713;7.80
3507209;Borá;SP;São Paulo;907;7.62
3507506;Botucatu;SP;São Paulo;145155;97.90
3507605;Bragança Paulista;SP;São Paulo;176811;344.94
3507704;Braúna;SP;São Paulo;5356;27.44
3507753;Brejo Alegre;SP;São Paulo;2565;24.27
3507803;Brodowski;SP;São Paulo;25201;90.50
3507902;Brotas;SP;São Paulo;23898;21.70
3508009;Buri;SP;São Paulo;20250;16.92
3508108;Buritama;SP;São Paulo;17210;52.64
3508207;Buritizal;SP;São Paulo;4356;16.35
3504800;Bálsamo;SP;São Paulo;9596;64.02
3508405;Cabreúva;SP;São Paulo;47011;180.65
3508306;Cabrália Paulista;SP;São Paulo;4299;17.91
3508603;Cachoeira Paulista;SP;São Paulo;31564;109.60
3508702;Caconde;SP;São Paulo;17101;36.52
3508801;Cafelândia;SP;São Paulo;16654;18.10
3508900;Caiabu;SP;São Paulo;3712;14.65
3509007;Caieiras;SP;São Paulo;95032;973.27
3509106;Caiuá;SP;São Paulo;5466;9.92
3509205;Cajamar;SP;São Paulo;92689;705.47
3509254;Cajati;SP;São Paulo;28515;62.75
3509304;Cajobi;SP;São Paulo;9133;51.62
3509403;Cajuru;SP;São Paulo;23830;36.10
3509452;Campina do Monte Alegre;SP;São Paulo;5954;32.27
3509502;Campinas;SP;São Paulo;1139047;1433.54
3509601;Campo Limpo Paulista;SP;São Paulo;77632;977.70
3509809;Campos Novos Paulista;SP;São Paulo;4888;10.10
3509700;Campos do Jordão;SP;São Paulo;46974;161.99
3509908;Cananéia;SP;São Paulo;12289;9.93
3509957;Canas;SP;São Paulo;4931;92.58
3510153;Canitar;SP;São Paulo;6283;109.35
3510302;Capela do Alto;SP;São Paulo;22866;134.59
3510401;Capivari;SP;São Paulo;50068;155.07
3510203;Capão Bonito;SP;São Paulo;46337;28.25
3510500;Caraguatatuba;SP;São Paulo;134873;278.12
3510609;Carapicuíba;SP;São Paulo;386984;11201.99
3510708;Cardoso;SP;São Paulo;11345;17.75
3510807;Casa Branca;SP;São Paulo;28083;32.50
3511003;Castilho;SP;São Paulo;19977;18.75
3511102;Catanduva;SP;São Paulo;115791;398.46
3511201;Catiguá;SP;São Paulo;7003;47.19
3508504;Caçapava;SP;São Paulo;96202;260.72
3511300;Cedral;SP;São Paulo;12618;63.78
3511409;Cerqueira César;SP;São Paulo;21469;41.96
3511508;Cerquilho;SP;São Paulo;44695;349.72
3511607;Cesário Lange;SP;São Paulo;19048;100.05
3511706;Charqueada;SP;São Paulo;15535;88.34
3557204;Chavantes;SP;São Paulo;12211;64.70
3511904;Clementina;SP;São Paulo;6982;41.41
3512001;Colina;SP;São Paulo;18486;43.77
3512100;Colômbia;SP;São Paulo;6629;9.10
3512209;Conchal;SP;São Paulo;28101;153.73
3512308;Conchas;SP;São Paulo;15232;32.68
3512407;Cordeirópolis;SP;São Paulo;24514;178.18
3512506;Coroados;SP;São Paulo;5400;21.88
3512605;Coronel Macedo;SP;São Paulo;4280;14.09
3512704;Corumbataí;SP;São Paulo;4195;15.06
3512902;Cosmorama;SP;São Paulo;8719;19.74
3512803;Cosmópolis;SP;São Paulo;59773;386.47
3513009;Cotia;SP;São Paulo;274413;846.97
3513108;Cravinhos;SP;São Paulo;33281;106.87
3513207;Cristais Paulista;SP;São Paulo;9272;24.07
3513405;Cruzeiro;SP;São Paulo;74961;245.21
3513306;Cruzália;SP;São Paulo;2108;14.12
3513504;Cubatão;SP;São Paulo;112476;787.21
3513603;Cunha;SP;São Paulo;22110;15.71
3510906;Cássia dos Coqueiros;SP;São Paulo;2799;14.60
3510005;Cândido Mota;SP;São Paulo;29449;49.43
3510104;Cândido Rodrigues;SP;São Paulo;2889;40.75
3513702;Descalvado;SP;São Paulo;31756;42.13
3513801;Diadema;SP;São Paulo;393237;12795.69
3513850;Dirce Reis;SP;São Paulo;1620;18.38
3513900;Divinolândia;SP;São Paulo;11158;49.87
3514007;Dobrada;SP;São Paulo;8759;58.50
3514106;Dois Córregos;SP;São Paulo;24510;38.72
3514205;Dolcinópolis;SP;São Paulo;2207;28.32
3514304;Dourado;SP;São Paulo;8096;39.33
3514403;Dracena;SP;São Paulo;45474;93.24
3514502;Duartina;SP;São Paulo;12328;46.60
3514601;Dumont;SP;São Paulo;9471;85.04
3514700;Echaporã;SP;São Paulo;6205;12.04
3514809;Eldorado;SP;São Paulo;13069;7.90
3514908;Elias Fausto;SP;São Paulo;17699;87.46
3514924;Elisiário;SP;São Paulo;3138;33.39
3514957;Embaúba;SP;São Paulo;2323;27.94
3515004;Embu das Artes;SP;São Paulo;250691;3561.05
3515103;Embu-Guaçu;SP;São Paulo;66970;430.29
3515129;Emilianópolis;SP;São Paulo;3014;13.39
3515152;Engenheiro Coelho;SP;São Paulo;19566;177.97
3515186;Espírito Santo do Pinhal;SP;São Paulo;39816;102.29
3515194;Espírito Santo do Turvo;SP;São Paulo;4157;21.46
3557303;Estiva Gerbi;SP;São Paulo;11295;152.34
3515202;Estrela d'Oeste;SP;São Paulo;9417;31.78
3515301;Estrela do Norte;SP;São Paulo;2703;10.20
3515350;Euclides da Cunha Paulista;SP;São Paulo;7924;13.81
3515400;Fartura;SP;São Paulo;16641;38.77
3515608;Fernando Prestes;SP;São Paulo;5942;34.95
3515509;Fernandópolis;SP;São Paulo;71186;129.48
3515657;Fernão;SP;São Paulo;1656;16.48
3515707;Ferraz de Vasconcelos;SP;São Paulo;179198;6064.85
3515806;Flora Rica;SP;São Paulo;1487;6.62
3515905;Floreal;SP;São Paulo;2733;13.38
3516101;Florínea;SP;São Paulo;3851;17.05
3516002;Flórida Paulista;SP;São Paulo;12958;24.72
3516200;Franca;SP;São Paulo;352536;582.05
3516309;Francisco Morato;SP;São Paulo;165139;3370.11
3516408;Franco da Rocha;SP;São Paulo;144849;1090.94
3516507;Gabriel Monteiro;SP;São Paulo;2763;19.92
3516705;Garça;SP;São Paulo;42110;75.76
3516804;Gastão Vidigal;SP;São Paulo;3252;18.01
3516853;Gavião Peixoto;SP;São Paulo;4702;19.29
3516903;General Salgado;SP;São Paulo;10312;20.86
3517000;Getulina;SP;São Paulo;10232;15.12
3517109;Glicério;SP;São Paulo;4138;15.17
3517307;Guaimbê;SP;São Paulo;5512;25.31
3517208;Guaiçara;SP;São Paulo;11239;40.55
3517604;Guapiara;SP;São Paulo;17071;41.81
3517505;Guapiaçu;SP;São Paulo;21711;66.78
3517901;Guaraci;SP;São Paulo;10350;16.13
3518008;Guarani d'Oeste;SP;São Paulo;1968;22.96
3518107;Guarantã;SP;São Paulo;6427;13.92
3518206;Guararapes;SP;São Paulo;31043;32.48
3518305;Guararema;SP;São Paulo;31236;115.34
3518404;Guaratinguetá;SP;São Paulo;118044;156.84
3517802;Guaraçaí;SP;São Paulo;7441;13.07
3518503;Guareí;SP;São Paulo;15013;26.44
3518602;Guariba;SP;São Paulo;37498;138.73
3518701;Guarujá;SP;São Paulo;287634;1986.50
3518800;Guarulhos;SP;São Paulo;1291771;4053.57
3517703;Guará;SP;São Paulo;18606;51.37
3518859;Guatapará;SP;São Paulo;7320;17.70
3517406;Guaíra;SP;São Paulo;39279;31.21
3518909;Guzolândia;SP;São Paulo;4246;16.82
3516606;Gália;SP;São Paulo;6380;17.93
3519006;Herculândia;SP;São Paulo;9125;25.05
3519055;Holambra;SP;São Paulo;15094;230.17
3519071;Hortolândia;SP;São Paulo;236641;3791.35
3519105;Iacanga;SP;São Paulo;10437;19.07
3519204;Iacri;SP;São Paulo;6131;19.04
3519253;Iaras;SP;São Paulo;8010;19.96
3519303;Ibaté;SP;São Paulo;32178;110.59
3519501;Ibirarema;SP;São Paulo;6385;27.98
3519402;Ibirá;SP;São Paulo;11690;42.99
3519600;Ibitinga;SP;São Paulo;60033;87.08
3519709;Ibiúna;SP;São Paulo;75605;71.45
3519808;Icém;SP;São Paulo;7819;21.58
3519907;Iepê;SP;São Paulo;7619;12.81
3520103;Igarapava;SP;São Paulo;26212;55.97
3520202;Igaratá;SP;São Paulo;10605;36.20
3520004;Igaraçu do Tietê;SP;São Paulo;23106;236.39
3520301;Iguape;SP;São Paulo;29115;14.71
3520426;Ilha Comprida;SP;São Paulo;13419;68.27
3520442;Ilha Solteira;SP;São Paulo;25549;39.15
3520400;Ilhabela;SP;São Paulo;34934;100.85
3520509;Indaiatuba;SP;São Paulo;255748;820.90
3520608;Indiana;SP;São Paulo;5090;39.35
3520707;Indiaporã;SP;São Paulo;4035;14.43
3520806;Inúbia Paulista;SP;São Paulo;3615;41.49
3520905;Ipaussu;SP;São Paulo;13712;65.43
3521002;Iperó;SP;São Paulo;36459;214.10
3521101;Ipeúna;SP;São Paulo;6831;35.95
3521150;Ipiguá;SP;São Paulo;6761;49.70
3521200;Iporanga;SP;São Paulo;4046;3.51
3521309;Ipuã;SP;São Paulo;14454;30.99
3521408;Iracemápolis;SP;São Paulo;21967;190.82
3521606;Irapuru;SP;São Paulo;7085;33.04
3521507;Irapuã;SP;São Paulo;6867;26.66
3521705;Itaberá;SP;São Paulo;17983;16.34
3521903;Itajobi;SP;São Paulo;16989;33.84
3522000;Itaju;SP;São Paulo;3618;15.71
3522109;Itanhaém;SP;São Paulo;112476;186.93
3522158;Itaoca;SP;São Paulo;3422;18.70
3522208;Itapecerica da Serra;SP;São Paulo;158522;1051.61
3522307;Itapetininga;SP;São Paulo;157790;88.18
3522406;Itapeva;SP;São Paulo;89728;49.13
3522505;Itapevi;SP;São Paulo;232297;2810.34
3522604;Itapira;SP;São Paulo;72022;138.93
3522653;Itapirapuã Paulista;SP;São Paulo;4306;10.59
3522802;Itaporanga;SP;São Paulo;14085;27.73
3523008;Itapura;SP;São Paulo;3979;13.19
3522901;Itapuí;SP;São Paulo;13659;97.55
3523107;Itaquaquecetuba;SP;São Paulo;369275;4469.45
3523206;Itararé;SP;São Paulo;44438;44.27
3523305;Itariri;SP;São Paulo;15528;56.74
3523404;Itatiba;SP;São Paulo;121590;377.29
3523503;Itatinga;SP;São Paulo;19070;19.46
3521804;Itaí;SP;São Paulo;25180;23.04
3523602;Itirapina;SP;São Paulo;16148;28.60
3523701;Itirapuã;SP;São Paulo;5779;35.87
3523800;Itobi;SP;São Paulo;8046;57.89
3523909;Itu;SP;São Paulo;168240;262.58
3524006;Itupeva;SP;São Paulo;70616;351.54
3524105;Ituverava;SP;São Paulo;37571;53.32
3522703;Itápolis;SP;São Paulo;39493;39.62
3524204;Jaborandi;SP;São Paulo;6221;22.75
3524303;Jaboticabal;SP;São Paulo;71821;101.64
3524402;Jacareí;SP;São Paulo;240275;517.53
3524501;Jaci;SP;São Paulo;7613;52.46
3524600;Jacupiranga;SP;São Paulo;16097;22.86
3524709;Jaguariúna;SP;São Paulo;59347;419.74
3524808;Jales;SP;São Paulo;48776;132.34
3524907;Jambeiro;SP;São Paulo;6397;34.69
3525003;Jandira;SP;São Paulo;118045;6765.14
3525102;Jardinópolis;SP;São Paulo;45282;90.23
3525201;Jarinu;SP;São Paulo;37535;180.85
3525300;Jaú;SP;São Paulo;133497;194.29
3525409;Jeriquara;SP;São Paulo;3863;27.21
3525508;Joanópolis;SP;São Paulo;12815;34.24
3525706;José Bonifácio;SP;São Paulo;36633;42.59
3525607;João Ramalho;SP;São Paulo;4371;10.52
3525854;Jumirim;SP;São Paulo;3056;53.91
3525904;Jundiaí;SP;São Paulo;443221;1027.87
3526001;Junqueirópolis;SP;São Paulo;20448;35.10
3526209;Juquitiba;SP;São Paulo;27404;52.48
3526100;Juquiá;SP;São Paulo;17154;21.10
3525805;Júlio Mesquita;SP;São Paulo;4254;33.19
3526308;Lagoinha;SP;São Paulo;5083;19.90
3526407;Laranjal Paulista;SP;São Paulo;26261;68.34
3526605;Lavrinhas;SP;São Paulo;7171;42.92
3526506;Lavínia;SP;São Paulo;9689;18.02
3526704;Leme;SP;São Paulo;98161;243.65
3526803;Lençóis Paulista;SP;São Paulo;66505;82.15
3526902;Limeira;SP;São Paulo;291869;502.61
3527009;Lindóia;SP;São Paulo;7014;143.86
3527108;Lins;SP;São Paulo;74779;131.18
3527207;Lorena;SP;São Paulo;84855;204.88
3527256;Lourdes;SP;São Paulo;1950;17.11
3527306;Louveira;SP;São Paulo;51847;930.19
3527504;Lucianópolis;SP;São Paulo;2372;12.51
3527405;Lucélia;SP;São Paulo;20061;63.72
3527702;Luiziânia;SP;São Paulo;4701;28.22
3527801;Lupércio;SP;São Paulo;3981;25.66
3527900;Lutécia;SP;São Paulo;2661;5.60
3527603;Luís Antônio;SP;São Paulo;12265;20.50
3528007;Macatuba;SP;São Paulo;16829;74.96
3528106;Macaubal;SP;São Paulo;7481;30.15
3528205;Macedônia;SP;São Paulo;3963;12.10
3528304;Magda;SP;São Paulo;3165;10.14
3528403;Mairinque;SP;São Paulo;50027;238.05
3528502;Mairiporã;SP;São Paulo;93853;292.65
3528601;Manduri;SP;São Paulo;9871;43.10
3528700;Marabá Paulista;SP;São Paulo;4573;4.97
3528809;Maracaí;SP;São Paulo;12673;23.75
3528858;Marapoama;SP;São Paulo;3292;29.59
3529104;Marinópolis;SP;São Paulo;1860;23.90
3528908;Mariápolis;SP;São Paulo;3513;18.83
3529203;Martinópolis;SP;São Paulo;24881;19.85
3529005;Marília;SP;São Paulo;237627;203.01
3529302;Matão;SP;São Paulo;79033;150.57
3529401;Mauá;SP;São Paulo;418261;6753.01
3529500;Mendonça;SP;São Paulo;6159;31.56
3529609;Meridiano;SP;São Paulo;4572;20.04
3529658;Mesópolis;SP;São Paulo;1952;13.13
3529708;Miguelópolis;SP;São Paulo;19441;23.68
3529807;Mineiros do Tietê;SP;São Paulo;11230;52.66
3530003;Mira Estrela;SP;São Paulo;3126;14.42
3529906;Miracatu;SP;São Paulo;18553;18.53
3530102;Mirandópolis;SP;São Paulo;27983;30.49
3530201;Mirante do Paranapanema;SP;São Paulo;15917;12.85
3530300;Mirassol;SP;São Paulo;63337;260.40
3530409;Mirassolândia;SP;São Paulo;4669;28.11
3530508;Mococa;SP;São Paulo;67681;79.14
3530706;Mogi Guaçu;SP;São Paulo;153658;189.06
3530805;Mogi Mirim;SP;São Paulo;92558;185.97
3530607;Mogi das Cruzes;SP;São Paulo;451505;633.65
3530904;Mombuca;SP;São Paulo;3722;27.84
3531100;Mongaguá;SP;São Paulo;61951;433.97
3531209;Monte Alegre do Sul;SP;São Paulo;8627;78.21
3531308;Monte Alto;SP;São Paulo;47574;137.12
3531407;Monte Aprazível;SP;São Paulo;22280;44.96
3531506;Monte Azul Paulista;SP;São Paulo;18151;68.89
3531605;Monte Castelo;SP;São Paulo;4222;18.08
3531803;Monte Mor;SP;São Paulo;64662;268.79
3531704;Monteiro Lobato;SP;São Paulo;4138;12.44
3531001;Monções;SP;São Paulo;1937;18.56
3531902;Morro Agudo;SP;São Paulo;27933;20.12
3532009;Morungaba;SP;São Paulo;13720;93.49
3532058;Motuca;SP;São Paulo;4034;17.64
3532108;Murutinga do Sul;SP;São Paulo;3737;14.90
3532157;Nantes;SP;São Paulo;2660;9.28
3532207;Narandiba;SP;São Paulo;5713;15.99
3532306;Natividade da Serra;SP;São Paulo;6999;8.40
3532405;Nazaré Paulista;SP;São Paulo;18217;55.84
3532504;Neves Paulista;SP;São Paulo;9699;44.28
3532603;Nhandeara;SP;São Paulo;9852;22.59
3532702;Nipoã;SP;São Paulo;4750;34.52
3532801;Nova Aliança;SP;São Paulo;6693;30.77
3532827;Nova Campina;SP;São Paulo;8497;22.05
3532843;Nova Canaã Paulista;SP;São Paulo;2032;16.32
3532868;Nova Castilho;SP;São Paulo;1062;5.79
3532900;Nova Europa;SP;São Paulo;9311;58.10
3533007;Nova Granada;SP;São Paulo;19419;36.52
3533106;Nova Guataporanga;SP;São Paulo;2156;63.12
3533205;Nova Independência;SP;São Paulo;4609;17.39
3533304;Nova Luzitânia;SP;São Paulo;2837;38.43
3533403;Nova Odessa;SP;São Paulo;62019;840.50
3533254;Novais;SP;São Paulo;4412;37.46
3533502;Novo Horizonte;SP;São Paulo;38324;41.13
3533601;Nuporanga;SP;São Paulo;7391;21.22
3533700;Ocauçu;SP;São Paulo;4331;14.39
3533908;Olímpia;SP;São Paulo;55074;68.62
3534005;Onda Verde;SP;São Paulo;4771;19.64
3534104;Oriente;SP;São Paulo;6085;27.83
3534203;Orindiúva;SP;São Paulo;6024;24.35
3534302;Orlândia;SP;São Paulo;38319;131.34
3534401;Osasco;SP;São Paulo;728615;11217.40
3534500;Oscar Bressane;SP;São Paulo;2470;11.12
3534609;Osvaldo Cruz;SP;São Paulo;31272;126.08
3534708;Ourinhos;SP;São Paulo;103970;351.47
3534807;Ouro Verde;SP;São Paulo;7779;29.16
3534757;Ouroeste;SP;São Paulo;10294;35.66
3534906;Pacaembu;SP;São Paulo;14877;43.84
3535002;Palestina;SP;São Paulo;11476;16.45
3535101;Palmares Paulista;SP;São Paulo;9650;117.50
3535200;Palmeira d'Oeste;SP;São Paulo;8903;27.93
3535309;Palmital;SP;São Paulo;19594;35.73
3535408;Panorama;SP;São Paulo;14964;42.03
3535507;Paraguaçu Paulista;SP;São Paulo;41120;41.06
3535606;Paraibuna;SP;São Paulo;17667;21.82
3535804;Paranapanema;SP;São Paulo;19395;19.04
3535903;Paranapuã;SP;São Paulo;4031;28.72
3536000;Parapuã;SP;São Paulo;10580;28.85
3535705;Paraíso;SP;São Paulo;6099;39.30
3536109;Pardinho;SP;São Paulo;7153;34.08
3536208;Pariquera-Açu;SP;São Paulo;19233;53.51
3536257;Parisi;SP;São Paulo;2892;34.13
3536307;Patrocínio Paulista;SP;São Paulo;14512;24.07
3536406;Paulicéia;SP;São Paulo;7955;21.26
3536570;Paulistânia;SP;São Paulo;2090;8.16
3536604;Paulo de Faria;SP;São Paulo;7400;10.03
3536505;Paulínia;SP;São Paulo;110537;796.51
3536703;Pederneiras;SP;São Paulo;44827;61.62
3536802;Pedra Bela;SP;São Paulo;6557;41.35
3536901;Pedranópolis;SP;São Paulo;2787;10.72
3537008;Pedregulho;SP;São Paulo;15525;21.79
3537107;Pedreira;SP;São Paulo;43112;396.19
3537156;Pedrinhas Paulista;SP;São Paulo;2804;18.41
3537206;Pedro de Toledo;SP;São Paulo;11281;16.83
3537305;Penápolis;SP;São Paulo;61679;86.71
3537404;Pereira Barreto;SP;São Paulo;24095;24.73
3537503;Pereiras;SP;São Paulo;8737;39.16
3537602;Peruíbe;SP;São Paulo;68352;209.53
3537701;Piacatu;SP;São Paulo;5519;23.74
3537800;Piedade;SP;São Paulo;52970;70.92
3537909;Pilar do Sul;SP;São Paulo;27619;40.54
3538006;Pindamonhangaba;SP;São Paulo;165428;226.19
3538105;Pindorama;SP;São Paulo;14542;78.68
3538204;Pinhalzinho;SP;São Paulo;15224;98.52
3538303;Piquerobi;SP;São Paulo;3264;6.76
3538501;Piquete;SP;São Paulo;12490;70.97
3538600;Piracaia;SP;São Paulo;26029;67.51
3538709;Piracicaba;SP;São Paulo;423323;307.19
3538808;Piraju;SP;São Paulo;29436;58.34
3538907;Pirajuí;SP;São Paulo;22431;27.23
3539004;Pirangi;SP;São Paulo;10885;50.44
3539103;Pirapora do Bom Jesus;SP;São Paulo;18370;169.33
3539202;Pirapozinho;SP;São Paulo;25348;53.07
3539301;Pirassununga;SP;São Paulo;73545;101.15
3539400;Piratininga;SP;São Paulo;15108;37.54
3539509;Pitangueiras;SP;São Paulo;33674;78.20
3539608;Planalto;SP;São Paulo;4389;15.14
3539707;Platina;SP;São Paulo;3025;9.24
3539905;Poloni;SP;São Paulo;5592;41.39
3540002;Pompéia;SP;São Paulo;20196;25.74
3540101;Pongaí;SP;São Paulo;3395;18.51
3540200;Pontal;SP;São Paulo;37607;105.53
3540259;Pontalinda;SP;São Paulo;4127;19.70
3540309;Pontes Gestal;SP;São Paulo;2387;10.97
3540408;Populina;SP;São Paulo;4127;13.06
3540507;Porangaba;SP;São Paulo;10451;39.34
3540606;Porto Feliz;SP;São Paulo;56497;101.48
3540705;Porto Ferreira;SP;São Paulo;52649;214.98
3540754;Potim;SP;São Paulo;20392;456.78
3540804;Potirendaba;SP;São Paulo;18496;54.00
3539806;Poá;SP;São Paulo;103765;6010.48
3540853;Pracinha;SP;São Paulo;2578;40.89
3540903;Pradópolis;SP;São Paulo;17078;102.03
3541000;Praia Grande;SP;São Paulo;349935;2338.32
3541059;Pratânia;SP;São Paulo;5126;29.27
3541109;Presidente Alves;SP;São Paulo;3804;13.27
3541208;Presidente Bernardes;SP;São Paulo;14490;19.34
3541307;Presidente Epitácio;SP;São Paulo;39505;31.35
3541406;Presidente Prudente;SP;São Paulo;225668;402.52
3541505;Presidente Venceslau;SP;São Paulo;35201;46.61
3541604;Promissão;SP;São Paulo;35131;45.09
3541653;Quadra;SP;São Paulo;3405;16.56
3541703;Quatá;SP;São Paulo;13163;20.21
3541802;Queiroz;SP;São Paulo;3265;13.90
3541901;Queluz;SP;São Paulo;9159;36.72
3542008;Quintana;SP;São Paulo;7038;22.07
3542107;Rafard;SP;São Paulo;8965;73.70
3542206;Rancharia;SP;São Paulo;28588;18.01
3542305;Redenção da Serra;SP;São Paulo;4494;14.52
3542404;Regente Feijó;SP;São Paulo;20145;76.52
3542503;Reginópolis;SP;São Paulo;7662;18.67
3542602;Registro;SP;São Paulo;59947;83.01
3542701;Restinga;SP;São Paulo;6404;26.06
3542800;Ribeira;SP;São Paulo;3132;9.33
3542909;Ribeirão Bonito;SP;São Paulo;10989;23.30
3543006;Ribeirão Branco;SP;São Paulo;18627;26.71
3543105;Ribeirão Corrente;SP;São Paulo;4608;31.07
3543253;Ribeirão Grande;SP;São Paulo;7450;22.35
3543303;Ribeirão Pires;SP;São Paulo;115559;1167.59
3543402;Ribeirão Preto;SP;São Paulo;698642;1073.32
3543204;Ribeirão do Sul;SP;São Paulo;4677;23.02
3543238;Ribeirão dos Índios;SP;São Paulo;2025;10.31
3543600;Rifaina;SP;São Paulo;4049;24.92
3543709;Rincão;SP;São Paulo;9098;28.73
3543808;Rinópolis;SP;São Paulo;9259;25.83
3543907;Rio Claro;SP;São Paulo;201418;404.11
3544103;Rio Grande da Serra;SP;São Paulo;44170;1215.43
3544004;Rio das Pedras;SP;São Paulo;31328;138.22
3544202;Riolândia;SP;São Paulo;10309;16.31
3543501;Riversul;SP;São Paulo;5599;14.51
3544251;Rosana;SP;São Paulo;17440;23.44
3544301;Roseira;SP;São Paulo;10832;83.42
3544509;Rubinéia;SP;São Paulo;3833;15.78
3544400;Rubiácea;SP;São Paulo;2700;11.42
3544608;Sabino;SP;São Paulo;5112;16.75
3544707;Sagres;SP;São Paulo;2474;16.72
3544806;Sales;SP;São Paulo;6437;20.86
3544905;Sales Oliveira;SP;São Paulo;11411;37.32
3545001;Salesópolis;SP;São Paulo;15202;35.77
3545100;Salmourão;SP;São Paulo;4808;27.80
3545159;Saltinho;SP;São Paulo;8161;81.82
3545209;Salto;SP;São Paulo;134319;1009.48
3545407;Salto Grande;SP;São Paulo;9050;48.03
3545308;Salto de Pirapora;SP;São Paulo;43748;156.01
3545506;Sandovalina;SP;São Paulo;3645;8.00
3545605;Santa Adélia;SP;São Paulo;14018;42.44
3545704;Santa Albertina;SP;São Paulo;6393;23.44
3546009;Santa Branca;SP;São Paulo;13975;51.33
3545803;Santa Bárbara d'Oeste;SP;São Paulo;183347;676.48
3546108;Santa Clara d'Oeste;SP;São Paulo;2598;14.16
3546207;Santa Cruz da Conceição;SP;São Paulo;4277;28.49
3546256;Santa Cruz da Esperança;SP;São Paulo;2116;14.29
3546306;Santa Cruz das Palmeiras;SP;São Paulo;28864;97.73
3546405;Santa Cruz do Rio Pardo;SP;São Paulo;46442;41.66
3546504;Santa Ernestina;SP;São Paulo;6118;45.51
3546603;Santa Fé do Sul;SP;São Paulo;34794;168.46
3546702;Santa Gertrudes;SP;São Paulo;23611;240.22
3546801;Santa Isabel;SP;São Paulo;53174;146.35
3546900;Santa Lúcia;SP;São Paulo;7149;46.46
3547007;Santa Maria da Serra;SP;São Paulo;5243;20.75
3547106;Santa Mercedes;SP;São Paulo;2956;17.73
3547403;Santa Rita d'Oeste;SP;São Paulo;2733;13.03
3547502;Santa Rita do Passa Quatro;SP;São Paulo;24833;32.93
3547601;Santa Rosa de Viterbo;SP;São Paulo;23411;81.13
3547650;Santa Salete;SP;São Paulo;1645;20.77
3547205;Santana da Ponte Pensa;SP;São Paulo;1670;12.86
3547304;Santana de Parnaíba;SP;São Paulo;154105;856.38
3547700;Santo Anastácio;SP;São Paulo;17963;32.49
3547809;Santo André;SP;São Paulo;748919;4260.50
3547908;Santo Antônio da Alegria;SP;São Paulo;6775;21.83
3548005;Santo Antônio de Posse;SP;São Paulo;23244;150.80
3548054;Santo Antônio do Aracanguá;SP;São Paulo;8379;6.40
3548104;Santo Antônio do Jardim;SP;São Paulo;6126;55.71
3548203;Santo Antônio do Pinhal;SP;São Paulo;7133;53.63
3548302;Santo Expedito;SP;São Paulo;3000;31.76
3548500;Santos;SP;São Paulo;418608;1489.53
3548401;Santópolis do Aguapeí;SP;São Paulo;3899;30.45
3551108;Sarapuí;SP;São Paulo;10369;29.41
3551207;Sarutaiá;SP;São Paulo;3704;26.16
3551306;Sebastianópolis do Sul;SP;São Paulo;3130;18.65
3551405;Serra Azul;SP;São Paulo;12746;45.02
3551603;Serra Negra;SP;São Paulo;29894;146.73
3551504;Serrana;SP;São Paulo;43909;348.36
3551702;Sertãozinho;SP;São Paulo;126887;314.79
3551801;Sete Barras;SP;São Paulo;12730;11.98
3551900;Severínia;SP;São Paulo;14576;103.77
3552007;Silveiras;SP;São Paulo;6186;14.91
3552106;Socorro;SP;São Paulo;40122;89.35
3552205;Sorocaba;SP;São Paulo;723682;1608.64
3552304;Sud Mennucci;SP;São Paulo;7355;12.37
3552403;Sumaré;SP;São Paulo;279545;1821.56
3552502;Suzano;SP;São Paulo;307429;1490.67
3552551;Suzanápolis;SP;São Paulo;3408;10.31
3548609;São Bento do Sapucaí;SP;São Paulo;11674;46.22
3548708;São Bernardo do Campo;SP;São Paulo;810729;1979.65
3548807;São Caetano do Sul;SP;São Paulo;165655;10805.23
3548906;São Carlos;SP;São Paulo;254857;224.17
3549003;São Francisco;SP;São Paulo;2602;34.43
3549409;São Joaquim da Barra;SP;São Paulo;48558;118.19
3549508;São José da Bela Vista;SP;São Paulo;7626;27.54
3549607;São José do Barreiro;SP;São Paulo;3853;6.75
3549706;São José do Rio Pardo;SP;São Paulo;52205;124.39
3549805;São José do Rio Preto;SP;São Paulo;480393;1112.17
3549904;São José dos Campos;SP;São Paulo;697054;634.03
3549102;São João da Boa Vista;SP;São Paulo;92547;179.22
3549201;São João das Duas Pontes;SP;São Paulo;2580;19.93
3549250;São João de Iracema;SP;São Paulo;1846;10.35
3549300;São João do Pau d'Alho;SP;São Paulo;2242;19.05
3549953;São Lourenço da Serra;SP;São Paulo;16067;86.17
3550001;São Luiz do Paraitinga;SP;São Paulo;10337;16.75
3550100;São Manuel;SP;São Paulo;37289;57.30
3550209;São Miguel Arcanjo;SP;São Paulo;32039;34.44
3550308;São Paulo;SP;São Paulo;11451999;7528.26
3550407;São Pedro;SP;São Paulo;38256;62.58
3550506;São Pedro do Turvo;SP;São Paulo;7217;9.87
3550605;São Roque;SP;São Paulo;79484;258.98
3550704;São Sebastião;SP;São Paulo;81595;202.77
3550803;São Sebastião da Grama;SP;São Paulo;10441;41.37
3550902;São Simão;SP;São Paulo;13442;21.78
3551009;São Vicente;SP;São Paulo;329911;2226.86
3552601;Tabapuã;SP;São Paulo;11323;32.75
3552700;Tabatinga;SP;São Paulo;14769;40.07
3552809;Taboão da Serra;SP;São Paulo;273542;13416.81
3552908;Taciba;SP;São Paulo;6260;10.31
3553005;Taguaí;SP;São Paulo;12669;87.17
3553104;Taiaçu;SP;São Paulo;5677;53.03
3553203;Taiúva;SP;São Paulo;6548;49.43
3553302;Tambaú;SP;São Paulo;21435;38.15
3553401;Tanabi;SP;São Paulo;25265;33.81
3553609;Tapiratiba;SP;São Paulo;11816;53.25
3553500;Tapiraí;SP;São Paulo;7996;10.59
3553658;Taquaral;SP;São Paulo;2619;48.60
3553708;Taquaritinga;SP;São Paulo;52260;87.93
3553807;Taquarituba;SP;São Paulo;24350;54.29
3553856;Taquarivaí;SP;São Paulo;6876;29.66
3553906;Tarabai;SP;São Paulo;6536;32.46
3553955;Tarumã;SP;São Paulo;14882;49.13
3554003;Tatuí;SP;São Paulo;123942;236.64
3554102;Taubaté;SP;São Paulo;310739;497.18
3554201;Tejupá;SP;São Paulo;4127;13.93
3554300;Teodoro Sampaio;SP;São Paulo;22173;14.25
3554409;Terra Roxa;SP;São Paulo;7904;35.68
3554508;Tietê;SP;São Paulo;37663;93.13
3554607;Timburi;SP;São Paulo;2464;12.52
3554656;Torre de Pedra;SP;São Paulo;2046;28.68
3554706;Torrinha;SP;São Paulo;9335;29.61
3554755;Trabiju;SP;São Paulo;1682;26.52
3554805;Tremembé;SP;São Paulo;51173;267.79
3554904;Três Fronteiras;SP;São Paulo;6804;44.88
3554953;Tuiuti;SP;São Paulo;6778;53.48
3555109;Tupi Paulista;SP;São Paulo;15854;64.77
3555000;Tupã;SP;São Paulo;63928;101.80
3555208;Turiúba;SP;São Paulo;1818;11.86
3555307;Turmalina;SP;São Paulo;1669;11.29
3555356;Ubarana;SP;São Paulo;5365;25.56
3555406;Ubatuba;SP;São Paulo;92981;131.31
3555505;Ubirajara;SP;São Paulo;5132;18.19
3555604;Uchoa;SP;São Paulo;10394;41.18
3555703;União Paulista;SP;São Paulo;1603;20.28
3555901;Uru;SP;São Paulo;1387;9.44
3556008;Urupês;SP;São Paulo;13744;42.43
3555802;Urânia;SP;São Paulo;8833;42.21
3556107;Valentim Gentil;SP;São Paulo;14098;94.15
3556206;Valinhos;SP;São Paulo;126373;850.78
3556305;Valparaíso;SP;São Paulo;24241;28.26
3556354;Vargem;SP;São Paulo;10512;73.72
3556453;Vargem Grande Paulista;SP;São Paulo;50415;1186.54
3556404;Vargem Grande do Sul;SP;São Paulo;40133;150.21
3556602;Vera Cruz;SP;São Paulo;10176;41.08
3556701;Vinhedo;SP;São Paulo;76540;945.52
3556800;Viradouro;SP;São Paulo;17414;79.98
3556909;Vista Alegre do Alto;SP;São Paulo;8109;84.97
3556958;Vitória Brasil;SP;São Paulo;1794;36.00
3557006;Votorantim;SP;São Paulo;127923;694.53
3557105;Votuporanga;SP;São Paulo;96634;229.70
3556503;Várzea Paulista;SP;São Paulo;115771;3296.44
3557154;Zacarias;SP;São Paulo;2692;8.44
3500402;Águas da Prata;SP;São Paulo;7369;51.65
3500501;Águas de Lindóia;SP;São Paulo;17930;298.21
3500550;Águas de Santa Bárbara;SP;São Paulo;7177;17.74
3500600;Águas de São Pedro;SP;São Paulo;2780;769.66
3501202;Álvares Florence;SP;São Paulo;3915;10.80
3501301;Álvares Machado;SP;São Paulo;27255;78.40
3501400;Álvaro de Carvalho;SP;São Paulo;4808;31.29
3533809;Óleo;SP;São Paulo;2512;12.63
1700251;Abreulândia;TO;Tocantins;2576;1.35
1700301;Aguiarnópolis;TO;Tocantins;4497;18.99
1700350;Aliança do Tocantins;TO;Tocantins;5147;3.26
1700400;Almas;TO;Tocantins;6499;1.62
1700707;Alvorada;TO;Tocantins;8802;7.29
1701002;Ananás;TO;Tocantins;10325;6.53
1701051;Angico;TO;Tocantins;2876;6.43
1701101;Aparecida do Rio Negro;TO;Tocantins;4856;4.19
1701309;Aragominas;TO;Tocantins;5290;4.53
1701903;Araguacema;TO;Tocantins;5927;2.14
1702158;Araguanã;TO;Tocantins;4310;5.16
1702208;Araguatins;TO;Tocantins;31918;12.12
1702000;Araguaçu;TO;Tocantins;8133;1.58
1702109;Araguaína;TO;Tocantins;171301;42.78
1702307;Arapoema;TO;Tocantins;5550;3.56
1702406;Arraias;TO;Tocantins;10287;1.77
1702554;Augustinópolis;TO;Tocantins;17484;44.97
1702703;Aurora do Tocantins;TO;Tocantins;3342;4.80
1702901;Axixá do Tocantins;TO;Tocantins;10262;66.84
1703008;Babaçulândia;TO;Tocantins;7880;4.40
1703057;Bandeirantes do Tocantins;TO;Tocantins;3407;2.21
1703073;Barra do Ouro;TO;Tocantins;4476;4.05
1703107;Barrolândia;TO;Tocantins;4846;6.95
1703206;Bernardo Sayão;TO;Tocantins;4229;4.58
1703305;Bom Jesus do Tocantins;TO;Tocantins;4038;3.04
1703602;Brasilândia do Tocantins;TO;Tocantins;1974;3.06
1703701;Brejinho de Nazaré;TO;Tocantins;4725;2.74
1703800;Buriti do Tocantins;TO;Tocantins;10307;40.78
1703826;Cachoeirinha;TO;Tocantins;1961;5.58
1703842;Campos Lindos;TO;Tocantins;8653;2.68
1703867;Cariri do Tocantins;TO;Tocantins;4007;3.56
1703883;Carmolândia;TO;Tocantins;2201;6.49
1703891;Carrasco Bonito;TO;Tocantins;3318;17.43
1703909;Caseara;TO;Tocantins;4847;2.89
1704105;Centenário;TO;Tocantins;2131;1.09
1705102;Chapada da Natividade;TO;Tocantins;3117;1.90
1704600;Chapada de Areia;TO;Tocantins;1501;2.28
1705508;Colinas do Tocantins;TO;Tocantins;34233;40.63
1716703;Colméia;TO;Tocantins;8941;7.70
1705557;Combinado;TO;Tocantins;4756;22.78
1705607;Conceição do Tocantins;TO;Tocantins;3887;1.54
1706001;Couto Magalhães;TO;Tocantins;5331;3.37
1706100;Cristalândia;TO;Tocantins;6371;3.44
1706258;Crixás do Tocantins;TO;Tocantins;1470;1.49
1706506;Darcinópolis;TO;Tocantins;5827;3.55
1707009;Dianópolis;TO;Tocantins;17739;5.35
1707108;Divinópolis do Tocantins;TO;Tocantins;7024;2.98
1707207;Dois Irmãos do Tocantins;TO;Tocantins;6327;1.69
1707306;Dueré;TO;Tocantins;4248;1.24
1707405;Esperantina;TO;Tocantins;7530;14.88
1707652;Figueirópolis;TO;Tocantins;5211;2.69
1707702;Filadélfia;TO;Tocantins;7712;3.87
1708205;Formoso do Araguaia;TO;Tocantins;18881;1.41
1707553;Fátima;TO;Tocantins;3467;9.11
1708304;Goianorte;TO;Tocantins;4738;2.64
1709005;Goiatins;TO;Tocantins;12433;1.94
1709302;Guaraí;TO;Tocantins;24775;11.76
1709500;Gurupi;TO;Tocantins;85125;46.16
1709807;Ipueiras;TO;Tocantins;1590;1.94
1710508;Itacajá;TO;Tocantins;6819;2.24
1710706;Itaguatins;TO;Tocantins;5172;7.08
1710904;Itapiratins;TO;Tocantins;3577;2.87
1711100;Itaporã do Tocantins;TO;Tocantins;2404;2.48
1711506;Jaú do Tocantins;TO;Tocantins;3334;1.54
1711803;Juarina;TO;Tocantins;2243;4.64
1711902;Lagoa da Confusão;TO;Tocantins;15288;1.45
1711951;Lagoa do Tocantins;TO;Tocantins;3516;3.83
1712009;Lajeado;TO;Tocantins;3357;10.55
1712157;Lavandeira;TO;Tocantins;1626;3.47
1712405;Lizarda;TO;Tocantins;2999;0.52
1712454;Luzinópolis;TO;Tocantins;2717;9.65
1712504;Marianópolis do Tocantins;TO;Tocantins;4615;2.21
1712702;Mateiros;TO;Tocantins;2748;0.29
1712801;Maurilândia do Tocantins;TO;Tocantins;3095;4.20
1713205;Miracema do Tocantins;TO;Tocantins;18566;6.97
1713304;Miranorte;TO;Tocantins;12701;12.29
1713700;Monte Santo do Tocantins;TO;Tocantins;2396;2.23
1713601;Monte do Carmo;TO;Tocantins;5694;1.58
1713957;Muricilândia;TO;Tocantins;3367;2.82
1714203;Natividade;TO;Tocantins;8754;2.70
1714302;Nazaré;TO;Tocantins;4521;11.42
1714880;Nova Olinda;TO;Tocantins;10367;6.61
1715002;Nova Rosalândia;TO;Tocantins;3362;6.53
1715101;Novo Acordo;TO;Tocantins;3969;1.48
1715150;Novo Alegre;TO;Tocantins;1846;9.21
1715259;Novo Jardim;TO;Tocantins;2230;1.84
1715507;Oliveira de Fátima;TO;Tocantins;1164;5.56
1721000;Palmas;TO;Tocantins;302692;135.90
1715705;Palmeirante;TO;Tocantins;4798;1.82
1713809;Palmeiras do Tocantins;TO;Tocantins;4872;6.55
1715754;Palmeirópolis;TO;Tocantins;6975;4.08
1716208;Paranã;TO;Tocantins;10542;0.94
1716109;Paraíso do Tocantins;TO;Tocantins;52360;40.52
1716307;Pau D'Arco;TO;Tocantins;4043;2.94
1716505;Pedro Afonso;TO;Tocantins;14055;6.96
1716604;Peixe;TO;Tocantins;9317;1.76
1716653;Pequizeiro;TO;Tocantins;4921;4.08
1717008;Pindorama do Tocantins;TO;Tocantins;4478;2.87
1717206;Piraquê;TO;Tocantins;2282;1.67
1717503;Pium;TO;Tocantins;7128;0.71
1717800;Ponte Alta do Bom Jesus;TO;Tocantins;4220;2.46
1717909;Ponte Alta do Tocantins;TO;Tocantins;7586;1.16
1718006;Porto Alegre do Tocantins;TO;Tocantins;2866;5.66
1718204;Porto Nacional;TO;Tocantins;64418;14.53
1718303;Praia Norte;TO;Tocantins;9044;30.05
1718402;Presidente Kennedy;TO;Tocantins;3047;3.95
1718451;Pugmil;TO;Tocantins;2193;5.47
1718501;Recursolândia;TO;Tocantins;3421;1.54
1718550;Riachinho;TO;Tocantins;3960;7.73
1718758;Rio Sono;TO;Tocantins;4841;0.76
1718659;Rio da Conceição;TO;Tocantins;1768;2.09
1718709;Rio dos Bois;TO;Tocantins;2738;3.23
1718808;Sampaio;TO;Tocantins;4215;18.95
1718840;Sandolândia;TO;Tocantins;3723;1.05
1718865;Santa Fé do Araguaia;TO;Tocantins;7216;4.32
1718881;Santa Maria do Tocantins;TO;Tocantins;2680;1.90
1718899;Santa Rita do Tocantins;TO;Tocantins;2219;0.68
1718907;Santa Rosa do Tocantins;TO;Tocantins;4653;2.58
1719004;Santa Tereza do Tocantins;TO;Tocantins;2781;5.15
1720002;Santa Terezinha do Tocantins;TO;Tocantins;2406;8.78
1720655;Silvanópolis;TO;Tocantins;5108;4.06
1720853;Sucupira;TO;Tocantins;1577;1.55
1720101;São Bento do Tocantins;TO;Tocantins;5654;5.14
1720150;São Félix do Tocantins;TO;Tocantins;1783;0.93
1720200;São Miguel do Tocantins;TO;Tocantins;13241;32.54
1720259;São Salvador do Tocantins;TO;Tocantins;2385;1.67
1720309;São Sebastião do Tocantins;TO;Tocantins;4100;14.16
1720499;São Valério;TO;Tocantins;4422;1.75
1720804;Sítio Novo do Tocantins;TO;Tocantins;10830;35.27
1708254;Tabocão;TO;Tocantins;3455;5.53
1720903;Taguatinga;TO;Tocantins;14011;5.98
1720937;Taipas do Tocantins;TO;Tocantins;2021;1.83
1720978;Talismã;TO;Tocantins;2456;1.14
1721208;Tocantinópolis;TO;Tocantins;22615;20.87
1721109;Tocantínia;TO;Tocantins;7459;2.86
1721257;Tupirama;TO;Tocantins;1909;2.70
1721307;Tupiratins;TO;Tocantins;1874;2.11
1722081;Wanderlândia;TO;Tocantins;10522;7.71
1722107;Xambioá;TO;Tocantins;10517;8.83
