codigo_ibge;nome;uf;zona_bioclimatica;fonte;latitude;longitude;altitude_m;tbs_media_anual_c;ur_media_anual_pct;radiacao_global_diaria_wm2;vento_medio_anual_ms;amplitude_termica_anual_c;nome_na_abnt;observacao
1100015;Alta Floresta D'Oeste;RO;5A;ABNT_TR_15220-3-1_2024;-11.93;-62.00;335;25.2;75;4635;2.8;11.5;;
1100023;Ariquemes;RO;5A;ABNT_TR_15220-3-1_2024;-9.91;-63.03;135;26.0;81;4958;1.4;9.9;;
1100031;Cabixi;RO;5A;ABNT_TR_15220-3-1_2024;-13.49;-60.55;227;25.5;77;4795;2.5;12.2;;
1100049;Cacoal;RO;5A;ABNT_TR_15220-3-1_2024;-11.43;-61.46;192;26.3;74;5173;1.4;10.0;;
1100056;Cerejeiras;RO;5A;ABNT_TR_15220-3-1_2024;-13.19;-60.82;254;25.4;75;4767;3.1;12.2;;
1100064;Colorado do Oeste;RO;4A;ABNT_TR_15220-3-1_2024;-13.12;-60.55;423;24.8;74;4684;2.8;12.2;;
1100072;Corumbiara;RO;5A;ABNT_TR_15220-3-1_2024;-12.96;-60.89;262;25.3;75;4750;2.7;12.2;;
1100080;Costa Marques;RO;5A;ABNT_TR_15220-3-1_2024;-12.44;-64.23;146;25.6;78;4640;2.6;10.7;;
1100098;Espigão D'Oeste;RO;5A;ABNT_TR_15220-3-1_2024;-11.53;-61.03;253;25.6;75;4659;2.6;11.7;;
1100106;Guajará-Mirim;RO;5A;ABNT_TR_15220-3-1_2024;-10.79;-65.33;122;25.8;80;4585;2.5;10.4;;
1100114;Jaru;RO;5A;ABNT_TR_15220-3-1_2024;-10.43;-62.48;168;26.0;79;4561;2.6;10.9;;
1100122;Ji-Paraná;RO;5A;ABNT_TR_15220-3-1_2024;-10.88;-61.93;141;26.2;77;4606;2.8;11.2;;
1100130;Machadinho D'Oeste;RO;5A;ABNT_TR_15220-3-1_2024;-9.44;-61.98;116;26.2;79;4515;2.4;10.7;;
1100148;Nova Brasilândia D'Oeste;RO;5A;ABNT_TR_15220-3-1_2024;-11.72;-62.31;266;25.3;76;4597;2.7;11.4;;
1100155;Ouro Preto do Oeste;RO;5A;ABNT_TR_15220-3-1_2024;-10.72;-62.26;234;25.8;78;4573;2.7;11.1;;
1100189;Pimenta Bueno;RO;5A;ABNT_TR_15220-3-1_2024;-11.67;-61.20;177;25.9;75;4651;2.3;11.7;;
1100205;Porto Velho;RO;5A;ABNT_TR_15220-3-1_2024;-8.76;-63.90;88;26.5;81;4812;1.3;8.9;;
1100254;Presidente Médici;RO;5A;ABNT_TR_15220-3-1_2024;-11.17;-61.90;175;26.0;76;4635;2.5;11.4;;
1100262;Rio Crespo;RO;5A;ABNT_TR_15220-3-1_2024;-9.70;-62.90;141;26.2;80;4512;2.4;10.6;;
1100288;Rolim de Moura;RO;5A;ABNT_TR_15220-3-1_2024;-11.73;-61.77;213;25.8;75;4634;2.7;11.5;;
1100296;Santa Luzia D'Oeste;RO;5A;ABNT_TR_15220-3-1_2024;-11.91;-61.78;259;25.4;75;4666;2.6;11.5;;
1100304;Vilhena;RO;4A;ABNT_TR_15220-3-1_2024;-12.75;-60.15;584;24.6;72;5008;1.8;8.9;;
1100320;São Miguel do Guaporé;RO;5A;ABNT_TR_15220-3-1_2024;-11.70;-62.72;194;25.8;77;4611;2.3;11.3;;
1100338;Nova Mamoré;RO;5A;ABNT_TR_15220-3-1_2024;-10.41;-65.33;135;25.9;80;4568;2.8;10.3;;
1100346;Alvorada D'Oeste;RO;5A;ABNT_TR_15220-3-1_2024;-11.35;-62.28;202;25.9;76;4625;2.5;11.2;;
1100379;Alto Alegre dos Parecis;RO;4A;ABNT_TR_15220-3-1_2024;-12.13;-61.84;390;24.8;75;4624;2.7;11.6;;
1100403;Alto Paraíso;RO;5A;ABNT_TR_15220-3-1_2024;-9.71;-63.32;126;26.1;80;4514;2.4;10.5;;
1100452;Buritis;RO;5A;ABNT_TR_15220-3-1_2024;-10.19;-63.83;153;25.8;80;4501;2.2;10.6;;
1100502;Novo Horizonte do Oeste;RO;5A;ABNT_TR_15220-3-1_2024;-11.70;-62.00;232;25.8;76;4656;2.6;11.5;;
1100601;Cacaulândia;RO;5A;ABNT_TR_15220-3-1_2024;-10.35;-62.90;147;26.1;80;4537;2.4;10.8;;
1100700;Campo Novo de Rondônia;RO;5A;ABNT_TR_15220-3-1_2024;-10.57;-63.63;204;25.4;80;4525;2.2;10.9;;
1100809;Candeias do Jamari;RO;5A;ABNT_TR_15220-3-1_2024;-8.79;-63.70;86;26.3;80;4465;2.4;10.1;;
1100908;Castanheiras;RO;5A;ABNT_TR_15220-3-1_2024;-11.43;-61.95;215;26.0;76;4631;2.4;11.4;;
1100924;Chupinguaia;RO;5A;ABNT_TR_15220-3-1_2024;-12.56;-60.89;330;25.1;75;4703;2.5;12.2;;
1100940;Cujubim;RO;5A;ABNT_TR_15220-3-1_2024;-9.36;-62.58;118;26.2;80;4494;2.4;10.5;;
1101005;Governador Jorge Teixeira;RO;5A;ABNT_TR_15220-3-1_2024;-10.61;-62.74;203;25.9;79;4569;2.3;11.0;;
1101104;Itapuã do Oeste;RO;5A;ABNT_TR_15220-3-1_2024;-9.20;-63.18;97;26.3;80;4524;2.3;10.4;;
1101203;Ministro Andreazza;RO;5A;ABNT_TR_15220-3-1_2024;-11.20;-61.52;262;25.7;75;4592;2.6;11.4;;
1101302;Mirante da Serra;RO;5A;ABNT_TR_15220-3-1_2024;-11.03;-62.67;237;25.5;79;4575;2.3;11.2;;
1101401;Monte Negro;RO;5A;ABNT_TR_15220-3-1_2024;-10.25;-63.29;173;25.9;80;4534;2.3;10.7;;
1101435;Nova União;RO;5A;ABNT_TR_15220-3-1_2024;-10.91;-62.56;223;25.5;79;4581;2.3;11.0;;
1101450;Parecis;RO;5A;ABNT_TR_15220-3-1_2024;-12.18;-61.60;296;25.0;75;4646;2.6;11.6;;
1101468;Pimenteiras do Oeste;RO;5A;ABNT_TR_15220-3-1_2024;-13.48;-61.05;170;25.8;76;4832;2.8;12.0;;
1101476;Primavera de Rondônia;RO;5A;ABNT_TR_15220-3-1_2024;-11.83;-61.32;260;25.7;75;4645;2.4;11.7;;
1101484;São Felipe D'Oeste;RO;5A;ABNT_TR_15220-3-1_2024;-11.90;-61.50;264;25.6;75;4678;2.7;11.5;;
1101492;São Francisco do Guaporé;RO;5A;ABNT_TR_15220-3-1_2024;-12.05;-63.57;169;25.6;78;4582;2.6;10.9;;
1101500;Seringueiras;RO;5A;ABNT_TR_15220-3-1_2024;-11.81;-63.02;174;25.6;78;4576;2.3;11.0;;
1101559;Teixeirópolis;RO;5A;ABNT_TR_15220-3-1_2024;-10.91;-62.24;228;26.0;78;4625;2.4;11.1;;
1101609;Theobroma;RO;5A;ABNT_TR_15220-3-1_2024;-10.25;-62.35;167;26.0;79;4540;2.5;10.9;;
1101708;Urupá;RO;5A;ABNT_TR_15220-3-1_2024;-11.13;-62.36;199;25.8;77;4610;2.3;11.2;;
1101757;Vale do Anari;RO;5A;ABNT_TR_15220-3-1_2024;-9.86;-62.19;151;26.1;79;4535;2.5;10.7;;
1101807;Vale do Paraíso;RO;5A;ABNT_TR_15220-3-1_2024;-10.45;-62.14;170;26.1;79;4576;2.8;10.9;;
1200013;Acrelândia;AC;5A;ABNT_TR_15220-3-1_2024;-9.83;-66.90;161;25.6;81;4507;2.2;10.3;;
1200054;Assis Brasil;AC;4A;ABNT_TR_15220-3-1_2024;-10.93;-69.57;271;24.9;81;4615;2.4;11.2;;
1200104;Brasiléia;AC;5A;ABNT_TR_15220-3-1_2024;-11.00;-68.75;207;25.1;81;4620;2.5;10.9;;
1200138;Bujari;AC;5A;ABNT_TR_15220-3-1_2024;-9.82;-67.96;195;25.4;82;4567;2.2;10.4;;
1200179;Capixaba;AC;5A;ABNT_TR_15220-3-1_2024;-10.57;-67.69;198;25.4;81;4542;2.4;10.5;;
1200203;Cruzeiro do Sul;AC;5A;ABNT_TR_15220-3-1_2024;-7.63;-72.68;181;25.3;83;4663;2.2;10.5;;
1200252;Epitaciolândia;AC;4A;ABNT_TR_15220-3-1_2024;-11.02;-68.73;230;24.9;80;4945;1.1;10.2;;
1200302;Feijó;AC;5A;ABNT_TR_15220-3-1_2024;-8.17;-70.35;161;25.4;83;4876;1.4;9.5;;
1200328;Jordão;AC;4A;ABNT_TR_15220-3-1_2024;-9.43;-71.90;358;24.6;82;4652;2.3;10.7;;
1200336;Mâncio Lima;AC;5A;ABNT_TR_15220-3-1_2024;-7.62;-72.90;190;25.4;83;4703;2.2;10.5;;
1200344;Manoel Urbano;AC;5A;ABNT_TR_15220-3-1_2024;-8.83;-69.27;170;25.3;82;4555;2.4;10.5;;
1200351;Marechal Thaumaturgo;AC;5A;ABNT_TR_15220-3-1_2024;-8.94;-72.80;243;25.1;83;4705;2.3;10.6;;
1200385;Plácido de Castro;AC;5A;ABNT_TR_15220-3-1_2024;-10.28;-67.14;164;25.6;81;4523;2.2;10.4;;
1200393;Porto Walter;AC;5A;ABNT_TR_15220-3-1_2024;-8.26;-72.75;193;25.2;83;4731;2.4;10.5;;
1200401;Rio Branco;AC;5A;ABNT_TR_15220-3-1_2024;-9.97;-67.82;147;25.6;84;4868;1.5;9.5;;
1200427;Rodrigues Alves;AC;5A;ABNT_TR_15220-3-1_2024;-7.74;-72.66;189;25.3;83;4680;2.3;10.5;;
1200435;Santa Rosa do Purus;AC;5A;ABNT_TR_15220-3-1_2024;-9.45;-70.49;225;25.2;82;4591;2.5;10.7;;
1200450;Senador Guiomard;AC;5A;ABNT_TR_15220-3-1_2024;-10.15;-67.74;205;25.5;82;4558;2.3;10.4;;
1200500;Sena Madureira;AC;5A;ABNT_TR_15220-3-1_2024;-9.07;-68.66;129;25.5;82;4539;2.2;10.5;;
1200609;Tarauacá;AC;5A;ABNT_TR_15220-3-1_2024;-8.16;-70.77;171;25.3;82;4602;2.2;10.5;;
1200708;Xapuri;AC;5A;ABNT_TR_15220-3-1_2024;-10.65;-68.50;170;25.3;81;4607;2.5;10.7;;
1200807;Porto Acre;AC;5A;ABNT_TR_15220-3-1_2024;-9.58;-67.55;159;25.6;82;4547;2.1;10.4;;
1300029;Alvarães;AM;5A;ABNT_TR_15220-3-1_2024;-3.23;-64.80;62;26.2;82;4553;1.6;8.8;;
1300060;Amaturá;AM;5A;ABNT_TR_15220-3-1_2024;-3.37;-68.20;71;25.6;82;4527;1.6;9.4;;
1300086;Anamã;AM;5A;ABNT_TR_15220-3-1_2024;-3.57;-61.40;33;26.3;81;4528;1.9;8.3;;
1300102;Anori;AM;5A;ABNT_TR_15220-3-1_2024;-3.75;-61.66;23;26.2;81;4463;1.7;8.4;;
1300144;Apuí;AM;5A;ABNT_TR_15220-3-1_2024;-7.19;-59.90;115;26.0;79;4433;2.0;10.0;;
1300201;Atalaia do Norte;AM;5A;ABNT_TR_15220-3-1_2024;-4.37;-70.20;74;25.6;83;4512;1.7;9.6;;
1300300;Autazes;AM;6A;ABNT_TR_15220-3-1_2024;-3.59;-59.13;24;27.2;82;4697;0.2;7.5;;
1300409;Barcelos;AM;5A;ABNT_TR_15220-3-1_2024;-0.98;-62.93;30;26.1;81;4613;2.0;9.3;;
1300508;Barreirinha;AM;5A;ABNT_TR_15220-3-1_2024;-2.80;-57.07;10;26.8;81;4572;2.2;7.9;;
1300607;Benjamin Constant;AM;5A;ABNT_TR_15220-3-1_2024;-4.38;-70.03;69;25.7;83;4537;1.8;9.6;;
1300631;Beruri;AM;5A;ABNT_TR_15220-3-1_2024;-3.90;-61.36;37;26.2;81;4362;1.8;8.3;;
1300680;Boa Vista do Ramos;AM;5A;ABNT_TR_15220-3-1_2024;-2.97;-57.59;23;26.5;81;4375;1.9;8.0;;
1300706;Boca do Acre;AM;5A;ABNT_TR_15220-3-1_2024;-8.74;-67.39;106;25.8;81;4517;2.1;10.2;;
1300805;Borba;AM;5A;ABNT_TR_15220-3-1_2024;-4.39;-59.59;18;26.6;81;4412;1.8;8.3;;
1300839;Caapiranga;AM;5A;ABNT_TR_15220-3-1_2024;-3.32;-61.22;29;26.3;81;4378;1.8;8.3;;
1300904;Canutama;AM;5A;ABNT_TR_15220-3-1_2024;-6.53;-64.40;50;26.2;81;4451;2.0;9.5;;
1301001;Carauari;AM;5A;ABNT_TR_15220-3-1_2024;-4.88;-66.91;74;25.7;82;4432;1.8;9.4;;
1301100;Careiro;AM;5A;ABNT_TR_15220-3-1_2024;-3.77;-60.37;30;26.1;81;4324;2.1;8.2;;
1301159;Careiro da Várzea;AM;5A;ABNT_TR_15220-3-1_2024;-3.31;-59.56;18;26.9;81;4487;1.9;8.0;;
1301209;Coari;AM;5A;ABNT_TR_15220-3-1_2024;-4.09;-63.14;31;26.4;81;4513;1.8;8.7;;
1301308;Codajás;AM;5A;ABNT_TR_15220-3-1_2024;-3.83;-62.07;29;26.3;81;4364;1.8;8.5;;
1301407;Eirunepé;AM;5A;ABNT_TR_15220-3-1_2024;-6.66;-69.87;123;25.5;82;4530;2.1;10.0;;
1301506;Envira;AM;5A;ABNT_TR_15220-3-1_2024;-7.44;-70.03;136;25.6;82;4541;2.2;10.2;;
1301605;Fonte Boa;AM;5A;ABNT_TR_15220-3-1_2024;-2.52;-66.09;56;25.9;82;4580;1.9;9.3;;
1301654;Guajará;AM;5A;ABNT_TR_15220-3-1_2024;-7.54;-72.59;182;25.3;83;4663;2.2;10.5;;
1301704;Humaitá;AM;5A;ABNT_TR_15220-3-1_2024;-7.51;-63.03;51;26.5;80;4744;0.7;9.1;;
1301803;Ipixuna;AM;5A;ABNT_TR_15220-3-1_2024;-7.05;-71.69;152;25.3;83;4570;2.1;10.3;;
1301852;Iranduba;AM;5A;ABNT_TR_15220-3-1_2024;-3.27;-60.19;44;26.7;80;4517;2.3;8.0;;
1301902;Itacoatiara;AM;6A;ABNT_TR_15220-3-1_2024;-3.14;-58.44;21;27.1;81;4538;1.8;8.2;;
1301951;Itamarati;AM;5A;ABNT_TR_15220-3-1_2024;-6.44;-68.24;98;25.7;82;4463;1.8;9.7;;
1302009;Itapiranga;AM;5A;ABNT_TR_15220-3-1_2024;-2.74;-58.03;63;26.8;81;4536;1.9;8.0;;
1302108;Japurá;AM;5A;ABNT_TR_15220-3-1_2024;-1.88;-66.93;62;25.8;82;4557;1.9;9.3;;
1302207;Juruá;AM;5A;ABNT_TR_15220-3-1_2024;-3.48;-66.07;59;25.8;82;4366;2.0;9.2;;
1302306;Jutaí;AM;5A;ABNT_TR_15220-3-1_2024;-2.76;-66.76;67;25.8;82;4409;2.0;9.3;;
1302405;Lábrea;AM;5A;ABNT_TR_15220-3-1_2024;-7.26;-64.79;61;26.1;81;4434;2.0;9.7;;
1302504;Manacapuru;AM;5A;ABNT_TR_15220-3-1_2024;-3.29;-60.62;23;26.7;81;4464;2.1;8.1;;
1302553;Manaquiri;AM;5A;ABNT_TR_15220-3-1_2024;-3.44;-60.46;22;26.5;81;4494;1.9;8.0;;
1302603;Manaus;AM;6A;ABNT_TR_15220-3-1_2024;-3.12;-60.02;50;27.2;81;4726;1.8;6.8;;
1302702;Manicoré;AM;5A;ABNT_TR_15220-3-1_2024;-5.80;-61.29;41;26.3;80;4416;1.9;9.0;;
1302801;Maraã;AM;5A;ABNT_TR_15220-3-1_2024;-1.85;-65.57;55;26.0;82;4590;1.8;9.3;;
1302900;Maués;AM;5A;ABNT_TR_15220-3-1_2024;-3.39;-57.71;25;26.5;81;4466;2.2;8.1;;
1303007;Nhamundá;AM;6A;ABNT_TR_15220-3-1_2024;-2.21;-56.71;3;27.0;80;4650;1.9;7.9;;
1303106;Nova Olinda do Norte;AM;5A;ABNT_TR_15220-3-1_2024;-3.90;-59.09;25;26.7;81;4385;1.9;8.2;;
1303205;Novo Airão;AM;5A;ABNT_TR_15220-3-1_2024;-2.64;-60.94;43;26.4;81;4536;1.9;8.2;;
1303304;Novo Aripuanã;AM;5A;ABNT_TR_15220-3-1_2024;-5.13;-60.37;34;26.4;80;4462;1.9;8.8;;
1303403;Parintins;AM;5A;ABNT_TR_15220-3-1_2024;-2.64;-56.73;14;26.9;80;4618;2.1;7.8;;
1303502;Pauini;AM;5A;ABNT_TR_15220-3-1_2024;-7.71;-66.99;126;25.9;81;4465;2.5;9.9;;
1303536;Presidente Figueiredo;AM;5A;ABNT_TR_15220-3-1_2024;-2.03;-60.02;121;26.5;83;4750;0.8;8.5;;
1303569;Rio Preto da Eva;AM;5A;ABNT_TR_15220-3-1_2024;-2.70;-59.69;80;26.0;86;4641;0.9;8.4;;
1303601;Santa Isabel do Rio Negro;AM;5A;ABNT_TR_15220-3-1_2024;-0.41;-65.01;51;26.0;82;4604;1.8;9.4;;
1303700;Santo Antônio do Içá;AM;5A;ABNT_TR_15220-3-1_2024;-3.10;-67.95;86;25.7;82;4524;1.9;9.4;;
1303809;São Gabriel da Cachoeira;AM;5A;ABNT_TR_15220-3-1_2024;-0.12;-67.08;76;25.6;82;4664;1.7;9.1;;
1303908;São Paulo de Olivença;AM;5A;ABNT_TR_15220-3-1_2024;-3.47;-68.96;92;25.6;82;4519;1.7;9.5;;
1303957;São Sebastião do Uatumã;AM;5A;ABNT_TR_15220-3-1_2024;-2.56;-57.87;18;26.9;81;4566;2.0;8.0;;
1304005;Silves;AM;6A;ABNT_TR_15220-3-1_2024;-2.82;-58.25;78;27.0;81;4452;1.9;8.0;;
1304062;Tabatinga;AM;5A;ABNT_TR_15220-3-1_2024;-4.24;-69.94;80;25.6;83;4501;1.8;9.6;;
1304104;Tapauá;AM;5A;ABNT_TR_15220-3-1_2024;-5.62;-63.18;33;26.3;81;4410;1.7;9.1;;
1304203;Tefé;AM;5A;ABNT_TR_15220-3-1_2024;-3.37;-64.72;55;26.1;82;4539;1.9;8.8;;
1304237;Tonantins;AM;5A;ABNT_TR_15220-3-1_2024;-2.87;-67.79;69;25.7;82;4533;1.8;9.4;;
1304260;Uarini;AM;5A;ABNT_TR_15220-3-1_2024;-3.00;-65.11;59;26.0;82;4572;1.6;9.0;;
1304302;Urucará;AM;6A;ABNT_TR_15220-3-1_2024;-2.53;-57.75;17;27.5;81;4696;0.9;7.6;;
1304401;Urucurituba;AM;6A;ABNT_TR_15220-3-1_2024;-3.13;-58.15;29;27.0;81;4435;1.9;8.2;;
1400027;Amajari;RR;5A;ABNT_TR_15220-3-1_2024;3.65;-61.37;100;26.8;79;5089;3.1;10.2;;
1400050;Alto Alegre;RR;5A;ABNT_TR_15220-3-1_2024;2.99;-61.31;134;26.7;78;4850;3.1;9.9;;
1400100;Boa Vista;RR;6A;ABNT_TR_15220-3-1_2024;2.82;-60.68;83;27.9;71;4907;3.0;8.1;;
1400159;Bonfim;RR;6A;ABNT_TR_15220-3-1_2024;3.36;-59.83;87;27.2;79;5085;3.5;9.4;;
1400175;Cantá;RR;5A;ABNT_TR_15220-3-1_2024;2.61;-60.61;83;26.5;78;4867;2.6;9.7;;
1400209;Caracaraí;RR;5A;ABNT_TR_15220-3-1_2024;1.83;-61.13;53;26.2;79;4822;2.2;9.7;;
1400233;Caroebe;RR;5A;ABNT_TR_15220-3-1_2024;0.88;-59.70;135;25.6;80;4676;2.3;9.0;;
1400282;Iracema;RR;5A;ABNT_TR_15220-3-1_2024;2.18;-61.04;78;26.3;79;4862;2.2;9.9;;
1400308;Mucajaí;RR;5A;ABNT_TR_15220-3-1_2024;2.44;-60.91;81;26.4;78;4858;2.1;9.7;;
1400407;Normandia;RR;5A;ABNT_TR_15220-3-1_2024;3.89;-59.62;99;26.9;79;5096;3.9;9.3;;
1400456;Pacaraima;RR;3A;ABNT_TR_15220-3-1_2024;4.48;-61.15;928;22.4;74;5085;4.4;10.8;;
1400472;Rorainópolis;RR;5A;ABNT_TR_15220-3-1_2024;0.94;-60.44;75;25.7;81;4710;2.3;9.1;;
1400506;São João da Baliza;RR;5A;ABNT_TR_15220-3-1_2024;0.95;-59.91;134;25.6;80;4698;2.4;9.0;;
1400605;São Luiz do Anauá;RR;5A;ABNT_TR_15220-3-1_2024;1.01;-60.04;108;25.7;80;4713;2.4;9.3;São Luiz;grafia divergente na ABNT
1400704;Uiramutã;RR;4A;ABNT_TR_15220-3-1_2024;4.60;-60.18;576;24.0;77;5142;4.0;10.3;;
1500107;Abaetetuba;PA;5A;ABNT_TR_15220-3-1_2024;-1.72;-48.88;10;26.9;80;4896;3.0;9.3;;
1500131;Abel Figueiredo;PA;5A;ABNT_TR_15220-3-1_2024;-4.95;-48.39;172;26.9;76;4866;2.7;10.4;;
1500206;Acará;PA;5A;ABNT_TR_15220-3-1_2024;-1.95;-48.20;21;26.5;80;4875;2.5;9.4;;
1500305;Afuá;PA;5A;ABNT_TR_15220-3-1_2024;-0.15;-50.39;0;26.5;82;4701;3.4;8.0;;
1500347;Água Azul do Norte;PA;5A;ABNT_TR_15220-3-1_2024;-6.79;-50.48;281;25.8;74;4840;2.5;11.7;;
1500404;Alenquer;PA;6A;ABNT_TR_15220-3-1_2024;-1.95;-54.74;28;27.3;80;4750;2.3;8.9;;
1500503;Almeirim;PA;6A;ABNT_TR_15220-3-1_2024;-1.53;-52.58;23;27.0;79;4803;2.9;9.0;;
1500602;Altamira;PA;5A;ABNT_TR_15220-3-1_2024;-3.20;-52.21;102;26.4;77;4437;2.7;9.6;;
1500701;Anajás;PA;5A;ABNT_TR_15220-3-1_2024;-1.00;-49.94;19;26.2;79;4662;3.0;8.4;;
1500800;Ananindeua;PA;5A;ABNT_TR_15220-3-1_2024;-1.36;-48.37;21;26.7;81;4731;3.0;8.8;;
1500859;Anapu;PA;5A;ABNT_TR_15220-3-1_2024;-3.47;-51.20;65;26.3;74;4477;2.4;9.5;;
1500909;Augusto Corrêa;PA;5A;ABNT_TR_15220-3-1_2024;-1.05;-46.61;18;26.1;79;4850;3.0;8.8;;
1500958;Aurora do Pará;PA;5A;ABNT_TR_15220-3-1_2024;-2.15;-47.57;42;26.8;79;4859;2.8;9.6;;
1501006;Aveiro;PA;5A;ABNT_TR_15220-3-1_2024;-3.61;-55.32;48;26.5;79;4680;1.8;9.4;;
1501105;Bagre;PA;5A;ABNT_TR_15220-3-1_2024;-1.90;-50.20;4;26.8;78;4986;3.1;9.9;;
1501204;Baião;PA;6A;ABNT_TR_15220-3-1_2024;-2.79;-49.67;32;27.0;76;4750;2.3;10.0;;
1501253;Bannach;PA;5A;ABNT_TR_15220-3-1_2024;-7.35;-50.40;431;25.6;71;4875;2.3;12.1;;
1501303;Barcarena;PA;5A;ABNT_TR_15220-3-1_2024;-1.51;-48.62;13;26.8;81;4872;3.0;9.3;;
1501402;Belém;PA;6A;ABNT_TR_15220-3-1_2024;-1.46;-48.49;21;27.0;81;5109;1.0;7.9;;
1501451;Belterra;PA;5A;ABNT_TR_15220-3-1_2024;-2.64;-54.94;167;26.8;81;4633;2.1;9.3;;
1501501;Benevides;PA;5A;ABNT_TR_15220-3-1_2024;-1.36;-48.24;32;26.6;81;4754;2.8;8.8;;
1501576;Bom Jesus do Tocantins;PA;5A;ABNT_TR_15220-3-1_2024;-5.04;-48.60;174;26.8;77;4824;2.8;10.2;;
1501600;Bonito;PA;5A;ABNT_TR_15220-3-1_2024;-1.37;-47.31;50;26.3;80;4775;3.0;9.2;;
1501709;Bragança;PA;5A;ABNT_TR_15220-3-1_2024;-1.06;-46.78;30;26.1;79;4837;2.9;8.8;;
1501725;Brasil Novo;PA;5A;ABNT_TR_15220-3-1_2024;-3.30;-52.53;172;26.0;77;4378;2.6;9.6;;
1501758;Brejo Grande do Araguaia;PA;5A;ABNT_TR_15220-3-1_2024;-5.70;-48.41;191;26.8;76;4923;2.5;10.7;;
1501782;Breu Branco;PA;6A;ABNT_TR_15220-3-1_2024;-3.77;-49.57;93;27.2;71;4645;2.3;10.2;;
1501808;Breves;PA;5A;ABNT_TR_15220-3-1_2024;-1.68;-50.48;10;26.7;79;4725;3.0;9.9;;
1501907;Bujaru;PA;5A;ABNT_TR_15220-3-1_2024;-1.52;-48.04;14;26.7;81;4847;2.8;9.4;;
1501956;Cachoeira do Piriá;PA;5A;ABNT_TR_15220-3-1_2024;-1.76;-46.55;66;26.3;78;4792;3.0;9.0;;
1502004;Cachoeira do Arari;PA;5A;ABNT_TR_15220-3-1_2024;-1.01;-48.95;4;26.6;80;4832;3.4;8.7;;
1502103;Cametá;PA;6A;ABNT_TR_15220-3-1_2024;-2.24;-49.50;12;27.0;78;5011;3.4;9.8;;
1502152;Canaã dos Carajás;PA;5A;ABNT_TR_15220-3-1_2024;-6.50;-49.88;275;26.1;75;4909;3.1;11.1;;
1502202;Capanema;PA;5A;ABNT_TR_15220-3-1_2024;-1.21;-47.18;25;26.3;80;4750;3.0;9.2;;
1502301;Capitão Poço;PA;5A;ABNT_TR_15220-3-1_2024;-1.75;-47.06;68;26.3;79;4855;2.9;9.3;;
1502400;Castanhal;PA;5A;ABNT_TR_15220-3-1_2024;-1.30;-47.92;47;26.5;80;4915;0.7;8.1;;
1502509;Chaves;PA;5A;ABNT_TR_15220-3-1_2024;-0.16;-49.99;8;26.4;81;4815;3.7;7.9;;
1502608;Colares;PA;5A;ABNT_TR_15220-3-1_2024;-0.94;-48.28;10;26.6;81;4705;4.1;8.6;;
1502707;Conceição do Araguaia;PA;5A;ABNT_TR_15220-3-1_2024;-8.26;-49.27;178;26.6;74;5365;1.4;10.4;;
1502756;Concórdia do Pará;PA;5A;ABNT_TR_15220-3-1_2024;-1.99;-47.94;45;26.6;80;4874;2.6;9.4;;
1502764;Cumaru do Norte;PA;5A;ABNT_TR_15220-3-1_2024;-7.81;-50.77;321;25.7;71;4803;2.2;12.4;;
1502772;Curionópolis;PA;5A;ABNT_TR_15220-3-1_2024;-6.10;-49.61;224;26.1;76;4763;2.5;11.1;;
1502806;Curralinho;PA;5A;ABNT_TR_15220-3-1_2024;-1.81;-49.80;4;26.9;79;5077;3.4;9.6;;
1502855;Curuá;PA;6A;ABNT_TR_15220-3-1_2024;-1.89;-55.12;25;27.3;80;4880;2.3;8.9;;
1502905;Curuçá;PA;5A;ABNT_TR_15220-3-1_2024;-0.73;-47.85;16;26.6;80;4825;3.2;8.4;;
1502939;Dom Eliseu;PA;5A;ABNT_TR_15220-3-1_2024;-4.20;-47.82;160;26.4;75;4724;2.4;10.4;;
1502954;Eldorado do Carajás;PA;5A;ABNT_TR_15220-3-1_2024;-6.10;-49.36;121;26.6;77;4903;2.1;11.0;;
1503002;Faro;PA;6A;ABNT_TR_15220-3-1_2024;-2.17;-56.74;47;27.0;80;4650;1.9;7.9;;
1503044;Floresta do Araguaia;PA;5A;ABNT_TR_15220-3-1_2024;-7.55;-49.71;188;26.7;73;4954;2.3;12.2;;
1503077;Garrafão do Norte;PA;5A;ABNT_TR_15220-3-1_2024;-1.93;-47.05;42;26.5;79;4933;2.8;9.3;;
1503093;Goianésia do Pará;PA;5A;ABNT_TR_15220-3-1_2024;-3.84;-49.10;103;26.9;73;4742;2.2;10.2;;
1503101;Gurupá;PA;5A;ABNT_TR_15220-3-1_2024;-1.41;-51.63;21;26.6;80;4792;3.0;9.1;;
1503200;Igarapé-Açu;PA;5A;ABNT_TR_15220-3-1_2024;-1.13;-47.63;43;26.3;81;4729;3.3;9.0;;
1503309;Igarapé-Miri;PA;5A;ABNT_TR_15220-3-1_2024;-1.98;-48.96;10;26.8;79;4838;2.6;9.3;;
1503408;Inhangapi;PA;5A;ABNT_TR_15220-3-1_2024;-1.43;-47.91;13;26.6;81;4761;2.9;9.0;;
1503457;Ipixuna do Pará;PA;5A;ABNT_TR_15220-3-1_2024;-2.56;-47.51;49;26.6;79;4884;2.7;9.8;;
1503507;Irituia;PA;5A;ABNT_TR_15220-3-1_2024;-1.77;-47.45;18;26.7;80;4863;2.8;9.3;;
1503606;Itaituba;PA;5A;ABNT_TR_15220-3-1_2024;-4.27;-55.99;27;26.6;79;4678;1.9;9.4;;
1503705;Itupiranga;PA;5A;ABNT_TR_15220-3-1_2024;-5.13;-49.34;92;26.7;77;5145;1.4;9.0;;
1503754;Jacareacanga;PA;5A;ABNT_TR_15220-3-1_2024;-6.21;-57.75;72;26.7;79;4562;1.7;9.8;;
1503804;Jacundá;PA;6A;ABNT_TR_15220-3-1_2024;-4.45;-49.12;119;27.0;76;4725;2.3;10.2;;
1503903;Juruti;PA;6A;ABNT_TR_15220-3-1_2024;-2.16;-56.09;23;27.2;80;4732;2.1;8.3;;
1504000;Limoeiro do Ajuru;PA;6A;ABNT_TR_15220-3-1_2024;-1.90;-49.39;21;27.0;79;5146;3.8;9.4;;
1504059;Mãe do Rio;PA;5A;ABNT_TR_15220-3-1_2024;-2.06;-47.56;46;26.8;79;4859;2.8;9.6;;
1504109;Magalhães Barata;PA;5A;ABNT_TR_15220-3-1_2024;-0.80;-47.60;22;26.4;80;4762;3.0;8.4;;
1504208;Marabá;PA;6A;ABNT_TR_15220-3-1_2024;-5.38;-49.13;95;27.7;81;5147;1.5;10.4;;
1504307;Maracanã;PA;5A;ABNT_TR_15220-3-1_2024;-0.78;-47.45;26;26.4;80;4837;3.0;8.6;;
1504406;Marapanim;PA;5A;ABNT_TR_15220-3-1_2024;-0.71;-47.70;18;26.6;80;4869;3.4;8.4;;
1504422;Marituba;PA;5A;ABNT_TR_15220-3-1_2024;-1.36;-48.34;21;26.6;81;4731;3.0;8.8;;
1504455;Medicilândia;PA;5A;ABNT_TR_15220-3-1_2024;-3.45;-52.89;140;26.2;77;4359;2.3;9.6;;
1504505;Melgaço;PA;5A;ABNT_TR_15220-3-1_2024;-1.80;-50.71;8;26.7;79;4848;3.2;9.9;;
1504604;Mocajuba;PA;5A;ABNT_TR_15220-3-1_2024;-2.58;-49.50;23;26.9;77;4891;2.6;10.0;;
1504703;Moju;PA;5A;ABNT_TR_15220-3-1_2024;-1.89;-48.77;23;26.6;80;4873;2.6;9.3;;
1504752;Mojuí dos Campos;PA;5A;ABNT_TR_15220-3-1_2024;-2.68;-54.64;86;26.3;81;4547;2.1;9.3;;
1504802;Monte Alegre;PA;6A;ABNT_TR_15220-3-1_2024;-2.00;-54.07;85;27.2;80;4975;2.5;8.8;;
1504901;Muaná;PA;5A;ABNT_TR_15220-3-1_2024;-1.54;-49.22;7;26.8;80;4882;3.7;9.4;;
1504950;Nova Esperança do Piriá;PA;5A;ABNT_TR_15220-3-1_2024;-2.27;-46.97;119;26.0;78;4931;2.8;9.2;;
1504976;Nova Ipixuna;PA;5A;ABNT_TR_15220-3-1_2024;-4.92;-49.08;115;26.6;78;4734;2.9;10.2;;
1505007;Nova Timboteua;PA;5A;ABNT_TR_15220-3-1_2024;-1.21;-47.39;50;26.3;80;4775;3.1;9.2;;
1505031;Novo Progresso;PA;5A;ABNT_TR_15220-3-1_2024;-7.14;-55.38;232;25.7;76;4600;1.8;11.5;;
1505064;Novo Repartimento;PA;5B;ABNT_TR_15220-3-1_2024;-4.25;-49.95;97;26.8;66;5006;1.5;8.5;;
1505106;Óbidos;PA;6A;ABNT_TR_15220-3-1_2024;-1.90;-55.52;52;27.1;80;4758;2.1;8.8;;
1505205;Oeiras do Pará;PA;5A;ABNT_TR_15220-3-1_2024;-2.00;-49.86;8;26.8;78;4875;2.9;9.9;;
1505304;Oriximiná;PA;6A;ABNT_TR_15220-3-1_2024;-1.76;-55.86;71;27.3;80;4661;2.1;8.8;;
1505403;Ourém;PA;5A;ABNT_TR_15220-3-1_2024;-1.54;-47.11;36;26.3;79;4805;2.9;9.3;;
1505437;Ourilândia do Norte;PA;5A;ABNT_TR_15220-3-1_2024;-6.75;-51.09;280;26.0;74;4740;2.4;12.1;;
1505486;Pacajá;PA;5A;ABNT_TR_15220-3-1_2024;-3.84;-50.64;74;26.6;72;4552;2.5;9.9;;
1505494;Palestina do Pará;PA;5A;ABNT_TR_15220-3-1_2024;-5.74;-48.32;140;26.9;75;4953;2.3;10.7;;
1505502;Paragominas;PA;5A;ABNT_TR_15220-3-1_2024;-3.00;-47.35;88;26.7;79;5043;1.3;9.8;;
1505536;Parauapebas;PA;5A;ABNT_TR_15220-3-1_2024;-6.07;-49.90;175;26.3;76;4774;2.5;11.1;;
1505551;Pau D'Arco;PA;5A;ABNT_TR_15220-3-1_2024;-1.60;-46.93;39;26.2;79;4802;2.9;9.0;;
1505601;Peixe-Boi;PA;5A;ABNT_TR_15220-3-1_2024;-1.19;-47.32;26;26.3;80;4775;3.0;9.2;;
1505635;Piçarra;PA;5A;ABNT_TR_15220-3-1_2024;-6.44;-48.87;200;26.5;76;4942;2.3;10.9;;
1505650;Placas;PA;5A;ABNT_TR_15220-3-1_2024;-3.87;-54.21;112;26.1;78;4501;2.2;9.7;;
1505700;Ponta de Pedras;PA;5A;ABNT_TR_15220-3-1_2024;-1.40;-48.87;10;26.8;80;5149;4.6;8.7;;
1505809;Portel;PA;5A;ABNT_TR_15220-3-1_2024;-1.94;-50.82;11;26.8;78;4864;3.2;9.9;;
1505908;Porto de Moz;PA;5A;ABNT_TR_15220-3-1_2024;-1.75;-52.24;13;26.8;79;4718;2.9;9.2;;
1506005;Prainha;PA;6A;ABNT_TR_15220-3-1_2024;-1.80;-53.48;31;27.1;79;4907;2.8;8.9;;
1506104;Primavera;PA;5A;ABNT_TR_15220-3-1_2024;-0.95;-47.13;26;26.4;80;4828;3.1;8.6;;
1506112;Quatipuru;PA;5A;ABNT_TR_15220-3-1_2024;-0.90;-47.01;13;26.4;79;4861;3.4;8.6;;
1506138;Redenção;PA;5A;ABNT_TR_15220-3-1_2024;-8.03;-50.03;222;26.8;73;4981;2.3;12.5;;
1506161;Rio Maria;PA;5A;ABNT_TR_15220-3-1_2024;-7.31;-50.04;191;26.4;73;4938;2.5;12.1;;
1506187;Rondon do Pará;PA;5A;ABNT_TR_15220-3-1_2024;-4.78;-48.07;203;26.6;74;4825;2.9;10.4;;
1506195;Rurópolis;PA;5A;ABNT_TR_15220-3-1_2024;-4.10;-54.91;142;25.9;78;4531;1.9;9.9;;
1506203;Salinópolis;PA;5A;ABNT_TR_15220-3-1_2024;-0.63;-47.35;6;26.6;80;5060;4.0;8.6;;
1506302;Salvaterra;PA;5A;ABNT_TR_15220-3-1_2024;-0.76;-48.51;12;26.6;80;5047;5.7;7.7;;
1506351;Santa Bárbara do Pará;PA;5A;ABNT_TR_15220-3-1_2024;-1.19;-48.24;24;26.4;81;4682;3.1;8.8;;
1506401;Santa Cruz do Arari;PA;5A;ABNT_TR_15220-3-1_2024;-0.66;-49.18;4;26.5;80;4730;3.8;8.1;;
1506500;Santa Izabel do Pará;PA;5A;ABNT_TR_15220-3-1_2024;-1.30;-48.16;33;26.4;81;4711;3.1;8.8;;
1506559;Santa Luzia do Pará;PA;5A;ABNT_TR_15220-3-1_2024;-1.52;-46.90;77;26.2;79;4794;2.9;9.0;;
1506583;Santa Maria das Barreiras;PA;6A;ABNT_TR_15220-3-1_2024;-8.86;-49.72;163;27.3;72;5108;2.3;12.5;;
1506609;Santa Maria do Pará;PA;5A;ABNT_TR_15220-3-1_2024;-1.35;-47.57;39;26.5;81;4771;3.0;9.0;;
1506708;Santana do Araguaia;PA;5A;ABNT_TR_15220-3-1_2024;-9.33;-50.35;176;26.8;71;5369;1.1;11.6;;
1506807;Santarém;PA;6A;ABNT_TR_15220-3-1_2024;-2.44;-54.70;51;27.1;82;5216;2.7;7.4;;
1506906;Santarém Novo;PA;5A;ABNT_TR_15220-3-1_2024;-0.93;-47.39;29;26.3;80;4804;2.9;8.6;;
1507003;Santo Antônio do Tauá;PA;5A;ABNT_TR_15220-3-1_2024;-1.15;-48.13;22;26.4;81;4684;3.0;8.8;;
1507102;São Caetano de Odivelas;PA;5A;ABNT_TR_15220-3-1_2024;-0.75;-48.02;15;26.6;81;4913;3.4;8.6;;
1507151;São Domingos do Araguaia;PA;5A;ABNT_TR_15220-3-1_2024;-5.54;-48.74;123;26.9;78;4909;2.6;10.5;;
1507201;São Domingos do Capim;PA;5A;ABNT_TR_15220-3-1_2024;-1.69;-47.77;14;26.7;81;4899;2.8;9.4;;
1507300;São Félix do Xingu;PA;5A;ABNT_TR_15220-3-1_2024;-6.64;-51.99;221;26.0;74;4704;2.1;12.2;;
1507409;São Francisco do Pará;PA;5A;ABNT_TR_15220-3-1_2024;-1.17;-47.79;39;26.4;81;4741;3.2;9.0;;
1507458;São Geraldo do Araguaia;PA;6A;ABNT_TR_15220-3-1_2024;-6.39;-48.56;132;27.1;75;5002;2.5;10.9;;
1507466;São João da Ponta;PA;5A;ABNT_TR_15220-3-1_2024;-0.86;-47.92;-3;26.4;81;4678;3.1;8.4;;
1507474;São João de Pirabas;PA;5A;ABNT_TR_15220-3-1_2024;-0.78;-47.18;19;26.3;80;4946;3.2;8.6;;
1507508;São João do Araguaia;PA;5A;ABNT_TR_15220-3-1_2024;-5.36;-48.79;111;26.9;79;5008;2.6;10.2;;
1507607;São Miguel do Guamá;PA;5A;ABNT_TR_15220-3-1_2024;-1.61;-47.48;23;26.6;80;4875;2.8;9.3;;
1507706;São Sebastião da Boa Vista;PA;5A;ABNT_TR_15220-3-1_2024;-1.72;-49.52;13;26.9;79;5045;3.0;9.6;;
1507755;Sapucaia;PA;5A;ABNT_TR_15220-3-1_2024;-6.94;-49.68;208;26.4;74;4946;2.7;11.5;;
1507805;Senador José Porfírio;PA;5A;ABNT_TR_15220-3-1_2024;-4.31;-51.58;214;26.0;73;4471;2.1;10.2;;
1507904;Soure;PA;5A;ABNT_TR_15220-3-1_2024;-0.73;-48.50;17;26.6;80;5030;5.7;7.7;;
1507953;Tailândia;PA;5A;ABNT_TR_15220-3-1_2024;-2.95;-48.95;43;26.8;77;4774;2.3;9.9;;
1507961;Terra Alta;PA;5A;ABNT_TR_15220-3-1_2024;-1.03;-47.90;44;26.3;81;4687;3.0;9.0;;
1507979;Terra Santa;PA;6A;ABNT_TR_15220-3-1_2024;-2.10;-56.49;21;27.2;80;4759;2.2;8.3;;
1508001;Tomé-Açu;PA;5A;ABNT_TR_15220-3-1_2024;-2.41;-48.14;29;26.7;79;4857;2.5;9.7;;
1508035;Tracuateua;PA;5A;ABNT_TR_15220-3-1_2024;-1.08;-46.90;25;26.1;79;4797;3.0;8.8;;
1508050;Trairão;PA;5A;ABNT_TR_15220-3-1_2024;-4.57;-55.94;77;26.2;79;4487;1.7;9.7;;
1508084;Tucumã;PA;5A;ABNT_TR_15220-3-1_2024;-6.75;-51.16;308;25.8;73;4758;2.4;12.1;;
1508100;Tucuruí;PA;6A;ABNT_TR_15220-3-1_2024;-3.77;-49.68;52;27.0;72;4687;2.7;10.2;;
1508126;Ulianópolis;PA;5A;ABNT_TR_15220-3-1_2024;-3.75;-47.49;107;26.8;77;4775;2.9;10.2;;
1508159;Uruará;PA;5A;ABNT_TR_15220-3-1_2024;-3.72;-53.74;149;25.8;78;4451;2.3;9.8;;
1508209;Vigia;PA;5A;ABNT_TR_15220-3-1_2024;-0.86;-48.14;6;26.6;81;4625;3.4;8.6;;
1508308;Viseu;PA;5A;ABNT_TR_15220-3-1_2024;-1.19;-46.14;12;26.5;77;4929;3.3;8.3;;
1508357;Vitória do Xingu;PA;5A;ABNT_TR_15220-3-1_2024;-2.88;-52.01;5;26.7;77;4608;2.4;9.4;;
1508407;Xinguara;PA;5A;ABNT_TR_15220-3-1_2024;-7.10;-49.94;245;26.3;74;4927;2.7;11.9;;
1600055;Serra do Navio;AP;5A;ABNT_TR_15220-3-1_2024;0.90;-52.00;149;25.8;80;4575;2.6;8.1;;
1600105;Amapá;AP;5A;ABNT_TR_15220-3-1_2024;2.05;-50.80;8;25.9;80;4792;2.9;7.3;;
1600154;Pedra Branca do Amapari;AP;5A;ABNT_TR_15220-3-1_2024;0.78;-51.95;78;25.8;81;4558;2.5;7.9;;
1600204;Calçoene;AP;5A;ABNT_TR_15220-3-1_2024;2.50;-50.95;15;25.8;80;4773;3.0;8.3;;
1600212;Cutias;AP;5A;ABNT_TR_15220-3-1_2024;0.97;-50.80;12;26.0;81;4736;3.0;7.5;;
1600238;Ferreira Gomes;AP;5A;ABNT_TR_15220-3-1_2024;0.86;-51.18;11;25.9;81;4688;3.0;7.7;;
1600253;Itaubal;AP;5A;ABNT_TR_15220-3-1_2024;0.60;-50.70;16;26.1;82;4735;3.1;7.5;;
1600279;Laranjal do Jari;AP;5A;ABNT_TR_15220-3-1_2024;-0.80;-52.45;21;26.4;80;4647;3.1;8.7;;
1600303;Macapá;AP;6A;ABNT_TR_15220-3-1_2024;0.03;-51.07;13;28.3;83;4823;2.8;8.8;;
1600402;Mazagão;AP;5A;ABNT_TR_15220-3-1_2024;-0.11;-51.29;17;26.4;83;4845;3.9;8.1;;
1600501;Oiapoque;AP;5A;ABNT_TR_15220-3-1_2024;3.84;-51.83;12;25.5;79;4705;2.1;7.6;;
1600535;Porto Grande;AP;5A;ABNT_TR_15220-3-1_2024;0.71;-51.42;68;26.0;82;4548;3.2;7.7;;
1600550;Pracuúba;AP;5A;ABNT_TR_15220-3-1_2024;1.75;-50.79;24;26.0;80;4647;2.6;7.4;;
1600600;Santana;AP;5A;ABNT_TR_15220-3-1_2024;-0.05;-51.17;17;26.4;83;4832;4.1;8.1;;
1600709;Tartarugalzinho;AP;5A;ABNT_TR_15220-3-1_2024;1.51;-50.91;14;25.8;80;4595;2.9;7.4;;
1600808;Vitória do Jari;AP;5A;ABNT_TR_15220-3-1_2024;-0.94;-52.42;4;26.4;80;4667;3.1;8.7;;
1700251;Abreulândia;TO;6A;ABNT_TR_15220-3-1_2024;-9.62;-49.15;229;27.0;69;5125;2.9;12.3;;
1700301;Aguiarnópolis;TO;6A;ABNT_TR_15220-3-1_2024;-6.55;-47.47;183;27.2;75;5156;2.7;11.2;;
1700350;Aliança do Tocantins;TO;6B;ABNT_TR_15220-3-1_2024;-11.31;-48.94;333;27.0;64;5283;2.9;12.0;;
1700400;Almas;TO;5B;ABNT_TR_15220-3-1_2024;-11.57;-47.18;426;26.3;60;5535;3.3;12.1;;
1700707;Alvorada;TO;6B;ABNT_TR_15220-3-1_2024;-12.48;-49.12;297;27.2;65;5324;3.3;12.1;;
1701002;Ananás;TO;5A;ABNT_TR_15220-3-1_2024;-6.36;-48.07;199;26.9;74;4950;2.6;10.9;;
1701051;Angico;TO;5A;ABNT_TR_15220-3-1_2024;-6.39;-47.86;272;26.4;74;5020;2.6;11.1;;
1701101;Aparecida do Rio Negro;TO;5B;ABNT_TR_15220-3-1_2024;-9.94;-47.96;308;26.8;65;5306;2.9;12.1;;
1701309;Aragominas;TO;5A;ABNT_TR_15220-3-1_2024;-7.16;-48.53;321;26.1;73;4983;2.6;11.6;;
1701903;Araguacema;TO;6A;ABNT_TR_15220-3-1_2024;-8.81;-49.56;171;27.3;73;5106;2.5;12.5;;
1702000;Araguaçu;TO;5B;ABNT_TR_15220-3-1_2024;-12.93;-49.82;290;26.9;65;5298;3.3;12.2;;
1702109;Araguaína;TO;5A;ABNT_TR_15220-3-1_2024;-7.19;-48.20;241;26.6;73;5024;2.6;11.4;;
1702158;Araguanã;TO;5A;ABNT_TR_15220-3-1_2024;-6.58;-48.64;132;26.9;75;5010;2.4;11.2;;
1702208;Araguatins;TO;6A;ABNT_TR_15220-3-1_2024;-5.65;-48.12;112;27.4;74;5012;2.6;10.7;;
1702307;Arapoema;TO;5A;ABNT_TR_15220-3-1_2024;-7.65;-49.06;210;26.8;73;4979;2.4;12.1;;
1702406;Arraias;TO;4B;ABNT_TR_15220-3-1_2024;-12.93;-46.94;724;24.8;60;5526;3.6;11.5;;
1702554;Augustinópolis;TO;6A;ABNT_TR_15220-3-1_2024;-5.47;-47.89;150;27.0;73;5038;2.6;10.8;;
1702703;Aurora do Tocantins;TO;5B;ABNT_TR_15220-3-1_2024;-12.71;-46.41;473;25.6;60;5614;3.7;11.6;;
1702901;Axixá do Tocantins;TO;5A;ABNT_TR_15220-3-1_2024;-5.61;-47.77;205;26.9;72;5010;2.4;11.0;;
1703008;Babaçulândia;TO;5A;ABNT_TR_15220-3-1_2024;-7.21;-47.76;170;26.9;74;5187;2.6;11.1;;
1703057;Bandeirantes do Tocantins;TO;5A;ABNT_TR_15220-3-1_2024;-7.76;-48.58;274;26.2;72;5003;2.7;11.9;;
1703073;Barra do Ouro;TO;6A;ABNT_TR_15220-3-1_2024;-7.70;-47.68;164;27.2;73;5200;2.5;11.4;;
1703107;Barrolândia;TO;5B;ABNT_TR_15220-3-1_2024;-9.83;-48.73;367;26.9;66;5140;2.6;12.2;;
1703206;Bernardo Sayão;TO;6A;ABNT_TR_15220-3-1_2024;-7.87;-48.89;166;27.2;73;5028;2.3;11.9;;
1703305;Bom Jesus do Tocantins;TO;6A;ABNT_TR_15220-3-1_2024;-8.96;-48.16;189;27.1;70;5235;2.6;12.0;;
1703602;Brasilândia do Tocantins;TO;5A;ABNT_TR_15220-3-1_2024;-8.39;-48.48;226;26.6;72;5067;2.4;11.8;;
1703701;Brejinho de Nazaré;TO;6B;ABNT_TR_15220-3-1_2024;-11.01;-48.57;238;27.2;66;5284;2.9;12.0;;
1703800;Buriti do Tocantins;TO;6A;ABNT_TR_15220-3-1_2024;-5.31;-48.23;155;27.2;75;5000;2.7;10.5;;
1703826;Cachoeirinha;TO;6A;ABNT_TR_15220-3-1_2024;-6.12;-47.92;198;27.1;73;5008;2.6;11.1;;
1703842;Campos Lindos;TO;6A;ABNT_TR_15220-3-1_2024;-7.99;-46.86;350;27.1;67;5250;2.8;11.5;;
1703867;Cariri do Tocantins;TO;6B;ABNT_TR_15220-3-1_2024;-11.89;-49.16;305;27.1;64;5260;3.1;12.1;;
1703883;Carmolândia;TO;5A;ABNT_TR_15220-3-1_2024;-7.03;-48.40;304;26.6;73;5007;2.2;11.4;;
1703891;Carrasco Bonito;TO;6A;ABNT_TR_15220-3-1_2024;-5.31;-48.03;109;27.4;74;5029;2.6;10.5;;
1703909;Caseara;TO;6A;ABNT_TR_15220-3-1_2024;-9.28;-49.95;181;27.1;70;5118;2.6;12.4;;
1704105;Centenário;TO;6B;ABNT_TR_15220-3-1_2024;-8.96;-47.33;329;27.0;65;5281;3.2;11.9;;
1704600;Chapada de Areia;TO;5B;ABNT_TR_15220-3-1_2024;-10.14;-49.14;229;26.9;68;5178;2.7;12.2;;
1705102;Chapada da Natividade;TO;5B;ABNT_TR_15220-3-1_2024;-11.62;-47.75;352;26.7;62;5453;3.4;12.1;;
1705508;Colinas do Tocantins;TO;5A;ABNT_TR_15220-3-1_2024;-8.06;-48.48;234;26.7;72;5110;2.7;11.8;;
1705557;Combinado;TO;5B;ABNT_TR_15220-3-1_2024;-12.79;-46.54;400;26.1;58;5631;3.6;11.5;;
1705607;Conceição do Tocantins;TO;5B;ABNT_TR_15220-3-1_2024;-12.22;-47.30;417;26.5;60;5624;3.6;12.0;;
1706001;Couto Magalhães;TO;6A;ABNT_TR_15220-3-1_2024;-8.28;-49.25;160;27.3;74;5079;2.4;12.5;;
1706100;Cristalândia;TO;6B;ABNT_TR_15220-3-1_2024;-10.60;-49.19;305;27.0;66;5180;2.8;12.1;;
1706258;Crixás do Tocantins;TO;6B;ABNT_TR_15220-3-1_2024;-11.10;-48.92;230;27.2;66;5275;2.9;12.0;;
1706506;Darcinópolis;TO;5A;ABNT_TR_15220-3-1_2024;-6.72;-47.76;290;26.2;74;5074;2.7;11.1;;
1707009;Dianópolis;TO;5B;ABNT_TR_15220-3-1_2024;-11.62;-46.82;687;25.0;62;5691;2.7;9.4;;
1707108;Divinópolis do Tocantins;TO;5B;ABNT_TR_15220-3-1_2024;-9.80;-49.22;264;26.9;68;5139;2.8;12.3;;
1707207;Dois Irmãos do Tocantins;TO;6A;ABNT_TR_15220-3-1_2024;-9.26;-49.06;257;27.3;70;5135;2.8;12.3;;
1707306;Dueré;TO;6B;ABNT_TR_15220-3-1_2024;-11.34;-49.27;222;27.3;66;5274;2.9;12.1;;
1707405;Esperantina;TO;6A;ABNT_TR_15220-3-1_2024;-5.37;-48.54;106;27.2;77;4977;2.6;10.2;;
1707553;Fátima;TO;5B;ABNT_TR_15220-3-1_2024;-10.76;-48.91;335;26.9;65;5214;2.9;12.0;;
1707652;Figueirópolis;TO;6B;ABNT_TR_15220-3-1_2024;-12.13;-49.17;288;27.1;65;5284;3.3;12.1;;
1707702;Filadélfia;TO;6A;ABNT_TR_15220-3-1_2024;-7.34;-47.50;168;27.3;74;5178;2.6;11.1;;
1708205;Formoso do Araguaia;TO;5B;ABNT_TR_15220-3-1_2024;-11.80;-49.53;238;26.9;66;5433;1.7;11.0;;
1708254;Tabocão;TO;5A;ABNT_TR_15220-3-1_2024;-9.06;-48.52;232;26.9;70;5142;2.7;12.2;Fortaleza do Tabocão;grafia divergente na ABNT
1708304;Goianorte;TO;6A;ABNT_TR_15220-3-1_2024;-8.77;-48.93;265;27.1;72;5111;3.0;12.3;;
1709005;Goiatins;TO;6A;ABNT_TR_15220-3-1_2024;-7.71;-47.33;208;27.5;72;5225;2.5;11.3;;
1709302;Guaraí;TO;5A;ABNT_TR_15220-3-1_2024;-8.84;-48.51;260;26.8;71;5088;2.6;12.3;;
1709500;Gurupi;TO;5B;ABNT_TR_15220-3-1_2024;-11.73;-49.07;297;26.5;67;5572;1.5;11.7;;
1709807;Ipueiras;TO;6B;ABNT_TR_15220-3-1_2024;-11.23;-48.46;230;27.2;66;5323;3.1;12.0;;
1710508;Itacajá;TO;6A;ABNT_TR_15220-3-1_2024;-8.39;-47.77;200;27.0;70;5198;2.8;11.7;;
1710706;Itaguatins;TO;6A;ABNT_TR_15220-3-1_2024;-5.77;-47.49;127;27.4;72;5066;2.4;11.2;;
1710904;Itapiratins;TO;5A;ABNT_TR_15220-3-1_2024;-8.38;-48.11;181;26.9;71;5191;2.6;11.8;;
1711100;Itaporã do Tocantins;TO;5A;ABNT_TR_15220-3-1_2024;-8.57;-48.69;350;26.4;71;5035;2.8;12.3;;
1711506;Jaú do Tocantins;TO;5B;ABNT_TR_15220-3-1_2024;-12.65;-48.59;340;26.3;64;5369;3.6;12.0;;
1711803;Juarina;TO;6A;ABNT_TR_15220-3-1_2024;-8.12;-49.06;176;27.1;74;5001;2.4;12.5;;
1711902;Lagoa da Confusão;TO;6B;ABNT_TR_15220-3-1_2024;-10.79;-49.62;185;27.5;66;5188;2.7;12.2;;
1711951;Lagoa do Tocantins;TO;5B;ABNT_TR_15220-3-1_2024;-10.37;-47.54;350;26.8;62;5440;3.4;12.1;;
1712009;Lajeado;TO;5B;ABNT_TR_15220-3-1_2024;-9.75;-48.36;206;26.9;68;5210;2.7;12.1;;
1712157;Lavandeira;TO;5B;ABNT_TR_15220-3-1_2024;-12.78;-46.51;403;26.1;58;5631;3.7;11.5;;
1712405;Lizarda;TO;5B;ABNT_TR_15220-3-1_2024;-9.59;-46.67;401;26.0;58;5397;3.7;12.4;;
1712454;Luzinópolis;TO;6A;ABNT_TR_15220-3-1_2024;-6.18;-47.86;253;27.0;73;5008;2.5;11.1;;
1712504;Marianópolis do Tocantins;TO;6A;ABNT_TR_15220-3-1_2024;-9.79;-49.66;199;27.3;69;5118;2.8;12.3;;
1712702;Mateiros;TO;5B;ABNT_TR_15220-3-1_2024;-10.55;-46.42;515;25.2;59;5427;3.3;12.8;;
1712801;Maurilândia do Tocantins;TO;6A;ABNT_TR_15220-3-1_2024;-5.95;-47.51;167;27.3;72;5110;2.4;11.0;;
1713205;Miracema do Tocantins;TO;6A;ABNT_TR_15220-3-1_2024;-9.57;-48.39;193;27.3;69;5241;2.7;12.1;;
1713304;Miranorte;TO;6A;ABNT_TR_15220-3-1_2024;-9.53;-48.59;224;27.2;69;5186;2.7;12.2;;
1713601;Monte do Carmo;TO;5B;ABNT_TR_15220-3-1_2024;-10.76;-48.11;297;26.6;64;5282;3.1;11.9;;
1713700;Monte Santo do Tocantins;TO;5B;ABNT_TR_15220-3-1_2024;-10.01;-48.99;269;26.7;67;5139;2.7;12.0;;
1713809;Palmeiras do Tocantins;TO;6A;ABNT_TR_15220-3-1_2024;-6.62;-47.55;174;27.2;75;5129;2.7;11.1;;
1713957;Muricilândia;TO;5A;ABNT_TR_15220-3-1_2024;-7.15;-48.61;170;26.8;74;4985;2.5;11.6;;
1714203;Natividade;TO;5B;ABNT_TR_15220-3-1_2024;-11.70;-47.72;320;26.6;62;5469;3.1;12.1;;
1714302;Nazaré;TO;5A;ABNT_TR_15220-3-1_2024;-6.37;-47.66;205;26.8;74;5076;2.3;11.1;;
1714880;Nova Olinda;TO;5A;ABNT_TR_15220-3-1_2024;-7.63;-48.43;255;26.3;72;5019;2.5;11.6;;
1715002;Nova Rosalândia;TO;6B;ABNT_TR_15220-3-1_2024;-10.57;-48.91;268;27.1;66;5199;3.0;12.0;;
1715101;Novo Acordo;TO;5B;ABNT_TR_15220-3-1_2024;-9.97;-47.68;246;26.6;65;5383;3.0;12.1;;
1715150;Novo Alegre;TO;5B;ABNT_TR_15220-3-1_2024;-12.92;-46.57;600;25.4;60;5569;3.7;11.5;;
1715259;Novo Jardim;TO;5B;ABNT_TR_15220-3-1_2024;-11.83;-46.63;627;25.1;61;5499;3.6;12.2;;
1715507;Oliveira de Fátima;TO;5B;ABNT_TR_15220-3-1_2024;-10.71;-48.91;305;26.9;65;5191;2.9;12.0;;
1715705;Palmeirante;TO;5A;ABNT_TR_15220-3-1_2024;-7.85;-47.92;165;26.9;72;5154;2.6;11.4;;
1715754;Palmeirópolis;TO;5B;ABNT_TR_15220-3-1_2024;-13.04;-48.40;429;25.5;60;5293;3.0;11.8;;
1716109;Paraíso do Tocantins;TO;5B;ABNT_TR_15220-3-1_2024;-10.18;-48.88;405;26.7;65;5143;2.9;12.0;;
1716208;Paranã;TO;5B;ABNT_TR_15220-3-1_2024;-12.62;-47.87;285;26.9;61;5513;3.3;12.0;;
1716307;Pau D'Arco;TO;5A;ABNT_TR_15220-3-1_2024;-7.54;-49.37;158;26.9;74;5021;2.2;12.1;;
1716505;Pedro Afonso;TO;6A;ABNT_TR_15220-3-1_2024;-8.97;-48.17;192;27.1;70;5235;2.5;12.0;;
1716604;Peixe;TO;6B;ABNT_TR_15220-3-1_2024;-12.03;-48.54;244;27.3;65;5364;3.2;12.0;;
1716653;Pequizeiro;TO;6A;ABNT_TR_15220-3-1_2024;-8.59;-48.93;290;27.1;72;5090;2.9;12.3;;
1716703;Colméia;TO;5A;ABNT_TR_15220-3-1_2024;-8.72;-48.76;346;26.9;71;5062;2.5;12.3;;
1717008;Pindorama do Tocantins;TO;5B;ABNT_TR_15220-3-1_2024;-11.13;-47.57;447;26.7;61;5453;3.4;12.1;;
1717206;Piraquê;TO;5A;ABNT_TR_15220-3-1_2024;-6.77;-48.30;188;26.7;74;5003;2.3;11.2;;
1717503;Pium;TO;5B;ABNT_TR_15220-3-1_2024;-10.44;-49.19;242;26.9;67;5176;2.9;12.2;;
1717800;Ponte Alta do Bom Jesus;TO;5B;ABNT_TR_15220-3-1_2024;-12.09;-46.48;502;25.6;62;5526;4.0;12.1;;
1717909;Ponte Alta do Tocantins;TO;5B;ABNT_TR_15220-3-1_2024;-10.75;-47.53;329;26.9;62;5397;3.1;12.1;;
1718006;Porto Alegre do Tocantins;TO;5B;ABNT_TR_15220-3-1_2024;-11.62;-47.06;393;26.2;60;5540;3.3;12.1;;
1718204;Porto Nacional;TO;6B;ABNT_TR_15220-3-1_2024;-10.70;-48.41;230;27.6;66;5259;3.2;11.9;;
1718303;Praia Norte;TO;6A;ABNT_TR_15220-3-1_2024;-5.39;-47.81;117;27.1;74;5064;2.5;10.8;;
1718402;Presidente Kennedy;TO;5A;ABNT_TR_15220-3-1_2024;-8.54;-48.51;245;26.7;72;5062;2.4;12.3;;
1718451;Pugmil;TO;6B;ABNT_TR_15220-3-1_2024;-10.42;-48.90;296;27.1;66;5202;2.8;12.0;;
1718501;Recursolândia;TO;5B;ABNT_TR_15220-3-1_2024;-8.72;-47.24;330;26.4;65;5257;2.9;11.9;;
1718550;Riachinho;TO;5A;ABNT_TR_15220-3-1_2024;-6.44;-48.14;162;26.9;74;5001;2.6;10.9;;
1718659;Rio da Conceição;TO;5B;ABNT_TR_15220-3-1_2024;-11.39;-46.88;501;25.6;60;5373;3.5;12.5;;
1718709;Rio dos Bois;TO;6A;ABNT_TR_15220-3-1_2024;-9.34;-48.52;234;27.1;69;5156;2.6;12.2;;
1718758;Rio Sono;TO;6A;ABNT_TR_15220-3-1_2024;-9.35;-47.89;241;27.2;67;5308;2.7;12.0;;
1718808;Sampaio;TO;6A;ABNT_TR_15220-3-1_2024;-5.35;-47.88;138;27.1;74;5064;2.5;10.8;;
1718840;Sandolândia;TO;6B;ABNT_TR_15220-3-1_2024;-12.54;-49.92;256;27.3;66;5283;3.3;12.2;;
1718865;Santa Fé do Araguaia;TO;6A;ABNT_TR_15220-3-1_2024;-7.16;-48.72;185;27.1;74;4967;2.4;11.6;;
1718881;Santa Maria do Tocantins;TO;6A;ABNT_TR_15220-3-1_2024;-8.80;-47.79;298;27.1;68;5234;2.8;11.9;;
1718899;Santa Rita do Tocantins;TO;6B;ABNT_TR_15220-3-1_2024;-10.86;-48.92;291;27.0;65;5233;2.9;12.0;;
1718907;Santa Rosa do Tocantins;TO;6B;ABNT_TR_15220-3-1_2024;-11.45;-48.12;289;27.2;65;5413;3.3;12.0;;
1719004;Santa Tereza do Tocantins;TO;6B;ABNT_TR_15220-3-1_2024;-10.27;-47.80;323;27.1;64;5343;3.2;12.1;;
1720002;Santa Terezinha do Tocantins;TO;5A;ABNT_TR_15220-3-1_2024;-6.44;-47.67;266;26.8;74;5076;2.4;11.1;;
1720101;São Bento do Tocantins;TO;6A;ABNT_TR_15220-3-1_2024;-6.03;-47.90;201;27.1;73;5009;2.8;11.1;;
1720150;São Félix do Tocantins;TO;5B;ABNT_TR_15220-3-1_2024;-10.16;-46.66;374;26.1;59;5469;3.6;12.5;;
1720200;São Miguel do Tocantins;TO;5A;ABNT_TR_15220-3-1_2024;-5.56;-47.57;181;26.9;72;5032;2.2;11.0;;
1720259;São Salvador do Tocantins;TO;5B;ABNT_TR_15220-3-1_2024;-12.75;-48.24;265;26.7;63;5409;3.1;12.0;;
1720309;São Sebastião do Tocantins;TO;6A;ABNT_TR_15220-3-1_2024;-5.26;-48.20;106;27.2;75;5000;2.6;10.5;;
1720499;São Valério;TO;5B;ABNT_TR_15220-3-1_2024;-11.97;-48.24;310;26.8;65;5388;3.4;12.1;;
1720655;Silvanópolis;TO;6B;ABNT_TR_15220-3-1_2024;-11.15;-48.17;263;27.0;65;5344;3.2;12.0;;
1720804;Sítio Novo do Tocantins;TO;5A;ABNT_TR_15220-3-1_2024;-5.60;-47.64;191;26.9;72;5019;2.4;11.0;;
1720853;Sucupira;TO;6B;ABNT_TR_15220-3-1_2024;-11.99;-48.97;262;27.2;65;5325;3.4;12.0;;
1720903;Taguatinga;TO;5B;ABNT_TR_15220-3-1_2024;-12.40;-46.44;600;25.1;62;5566;4.0;12.1;;
1720937;Taipas do Tocantins;TO;5B;ABNT_TR_15220-3-1_2024;-12.19;-46.98;414;26.5;60;5629;3.5;11.8;;
1720978;Talismã;TO;5B;ABNT_TR_15220-3-1_2024;-12.79;-49.09;306;26.9;65;5312;3.4;12.1;;
1721000;Palmas;TO;6B;ABNT_TR_15220-3-1_2024;-10.24;-48.36;237;27.4;65;5584;1.4;10.5;;
1721109;Tocantínia;TO;6A;ABNT_TR_15220-3-1_2024;-9.56;-48.37;202;27.3;69;5241;2.7;12.1;;
1721208;Tocantinópolis;TO;6A;ABNT_TR_15220-3-1_2024;-6.32;-47.42;152;27.2;75;5145;2.6;11.3;;
1721257;Tupirama;TO;6A;ABNT_TR_15220-3-1_2024;-8.97;-48.19;188;27.1;70;5235;2.3;12.0;;
1721307;Tupiratins;TO;5A;ABNT_TR_15220-3-1_2024;-8.39;-48.13;183;26.9;71;5191;2.6;11.8;;
1722081;Wanderlândia;TO;5A;ABNT_TR_15220-3-1_2024;-6.85;-47.96;260;26.4;74;4990;2.8;11.1;;
1722107;Xambioá;TO;5A;ABNT_TR_15220-3-1_2024;-6.41;-48.53;149;26.9;75;5002;2.5;10.9;;
2100055;Açailândia;MA;5A;ABNT_TR_15220-3-1_2024;-4.95;-47.50;238;26.1;73;4842;2.6;10.7;;
2100105;Afonso Cunha;MA;6A;ABNT_TR_15220-3-1_2024;-4.14;-43.33;90;27.7;72;5519;2.7;10.1;;
2100154;Água Doce do Maranhão;MA;6A;ABNT_TR_15220-3-1_2024;-2.84;-42.12;11;27.3;74;5597;3.5;8.1;;
2100204;Alcântara;MA;5A;ABNT_TR_15220-3-1_2024;-2.40;-44.41;8;26.8;76;5235;4.4;8.8;;
2100303;Aldeias Altas;MA;6A;ABNT_TR_15220-3-1_2024;-4.63;-43.47;68;27.9;69;5486;2.5;10.7;;
2100402;Altamira do Maranhão;MA;6A;ABNT_TR_15220-3-1_2024;-4.17;-45.47;60;27.0;73;5014;2.7;10.2;;
2100436;Alto Alegre do Maranhão;MA;6A;ABNT_TR_15220-3-1_2024;-4.21;-44.45;59;27.5;72;5290;2.5;10.0;;
2100477;Alto Alegre do Pindaré;MA;5A;ABNT_TR_15220-3-1_2024;-3.67;-45.84;22;26.9;75;4926;2.5;9.9;;
2100501;Alto Parnaíba;MA;6B;ABNT_TR_15220-3-1_2024;-9.10;-45.93;280;27.2;57;5508;3.3;12.4;;
2100550;Amapá do Maranhão;MA;5A;ABNT_TR_15220-3-1_2024;-1.68;-46.00;54;26.2;77;4817;2.9;8.6;;
2100600;Amarante do Maranhão;MA;5A;ABNT_TR_15220-3-1_2024;-5.57;-46.75;252;26.4;72;5070;2.8;11.7;;
2100709;Anajatuba;MA;6A;ABNT_TR_15220-3-1_2024;-3.26;-44.61;12;27.4;75;5201;3.0;8.9;;
2100808;Anapurus;MA;6A;ABNT_TR_15220-3-1_2024;-3.68;-43.10;99;27.6;73;5550;3.1;9.3;;
2100832;Apicum-Açu;MA;5A;ABNT_TR_15220-3-1_2024;-1.46;-45.09;8;26.7;76;5113;3.8;8.6;;
2100873;Araguanã;MA;5A;ABNT_TR_15220-3-1_2024;-2.95;-45.66;31;26.8;76;4965;3.0;8.9;;
2100907;Araioses;MA;6A;ABNT_TR_15220-3-1_2024;-2.89;-41.90;8;27.6;74;5679;4.0;9.0;;
2100956;Arame;MA;5A;ABNT_TR_15220-3-1_2024;-4.88;-46.00;234;26.0;71;4954;2.4;10.9;;
2101004;Arari;MA;6A;ABNT_TR_15220-3-1_2024;-3.45;-44.77;6;27.5;75;5209;2.9;8.9;;
2101103;Axixá;MA;6A;ABNT_TR_15220-3-1_2024;-2.84;-44.06;39;27.0;76;4965;2.7;7.8;;
2101202;Bacabal;MA;6A;ABNT_TR_15220-3-1_2024;-4.22;-44.78;28;27.6;72;5207;2.7;10.1;;
2101251;Bacabeira;MA;6A;ABNT_TR_15220-3-1_2024;-2.96;-44.32;28;27.2;76;5131;2.8;7.8;;
2101301;Bacuri;MA;5A;ABNT_TR_15220-3-1_2024;-1.70;-45.13;18;26.4;76;4919;2.7;7.6;;
2101350;Bacurituba;MA;6A;ABNT_TR_15220-3-1_2024;-2.71;-44.73;5;27.1;76;5196;3.7;8.3;;
2101400;Balsas;MA;6B;ABNT_TR_15220-3-1_2024;-7.53;-46.04;256;27.0;66;5350;3.0;11.7;;
2101509;Barão de Grajaú;MA;6B;ABNT_TR_15220-3-1_2024;-6.74;-43.03;147;28.2;64;5617;3.5;10.8;;
2101608;Barra do Corda;MA;5B;ABNT_TR_15220-3-1_2024;-5.50;-45.25;105;26.8;68;5203;2.6;10.8;;
2101707;Barreirinhas;MA;6A;ABNT_TR_15220-3-1_2024;-2.76;-42.82;8;27.2;74;5422;3.5;8.1;;
2101731;Belágua;MA;6A;ABNT_TR_15220-3-1_2024;-3.15;-43.51;69;27.2;74;5337;2.8;8.5;;
2101772;Bela Vista do Maranhão;MA;6A;ABNT_TR_15220-3-1_2024;-3.73;-45.31;33;27.3;74;5067;2.9;9.7;;
2101806;Benedito Leite;MA;6B;ABNT_TR_15220-3-1_2024;-7.21;-44.56;216;27.0;62;5503;3.2;11.4;;
2101905;Bequimão;MA;5A;ABNT_TR_15220-3-1_2024;-2.44;-44.78;11;26.7;76;5038;2.8;7.8;;
2101939;Bernardo do Mearim;MA;6A;ABNT_TR_15220-3-1_2024;-4.63;-44.76;52;27.1;70;5189;2.6;10.5;;
2101970;Boa Vista do Gurupi;MA;5A;ABNT_TR_15220-3-1_2024;-1.78;-46.30;20;26.3;77;4819;3.3;8.6;;
2102002;Bom Jardim;MA;5A;ABNT_TR_15220-3-1_2024;-3.54;-45.61;36;26.9;75;4977;3.0;9.9;;
2102036;Bom Jesus das Selvas;MA;5A;ABNT_TR_15220-3-1_2024;-4.48;-46.86;94;26.5;74;4928;2.4;10.5;;
2102077;Bom Lugar;MA;6A;ABNT_TR_15220-3-1_2024;-4.37;-45.03;46;27.5;72;5105;3.1;10.2;;
2102101;Brejo;MA;6A;ABNT_TR_15220-3-1_2024;-3.68;-42.75;54;27.9;73;5633;3.0;9.3;;
2102150;Brejo de Areia;MA;5A;ABNT_TR_15220-3-1_2024;-4.33;-45.58;116;26.6;73;4999;2.5;10.4;;
2102200;Buriti;MA;6A;ABNT_TR_15220-3-1_2024;-3.94;-42.92;59;27.8;73;5563;2.7;9.3;;
2102309;Buriti Bravo;MA;5B;ABNT_TR_15220-3-1_2024;-5.83;-43.84;226;26.8;65;5424;2.3;10.9;;
2102325;Buriticupu;MA;5A;ABNT_TR_15220-3-1_2024;-4.32;-46.44;126;26.8;71;5069;2.1;9.6;;
2102358;Buritirana;MA;5A;ABNT_TR_15220-3-1_2024;-5.60;-47.01;246;26.2;72;5047;2.6;11.2;;
2102374;Cachoeira Grande;MA;6A;ABNT_TR_15220-3-1_2024;-2.93;-44.05;51;27.0;75;4986;3.0;7.8;;
2102408;Cajapió;MA;6A;ABNT_TR_15220-3-1_2024;-2.87;-44.67;10;27.2;76;5271;3.7;8.3;;
2102507;Cajari;MA;6A;ABNT_TR_15220-3-1_2024;-3.33;-45.01;6;27.4;75;5272;2.9;9.1;;
2102556;Campestre do Maranhão;MA;6A;ABNT_TR_15220-3-1_2024;-6.17;-47.36;181;27.3;74;5111;2.6;11.3;;
2102606;Cândido Mendes;MA;5A;ABNT_TR_15220-3-1_2024;-1.43;-45.72;20;26.4;77;4881;3.0;7.8;;
2102705;Cantanhede;MA;6A;ABNT_TR_15220-3-1_2024;-3.64;-44.38;25;27.6;74;5258;2.9;9.2;;
2102754;Capinzal do Norte;MA;5B;ABNT_TR_15220-3-1_2024;-4.72;-44.33;133;26.9;68;5298;2.4;10.5;;
2102804;Carolina;MA;6A;ABNT_TR_15220-3-1_2024;-7.34;-47.46;172;27.3;74;5178;2.7;11.1;;
2102903;Carutapera;MA;5A;ABNT_TR_15220-3-1_2024;-1.20;-46.01;14;26.6;77;4928;3.5;8.3;;
2103000;Caxias;MA;6A;ABNT_TR_15220-3-1_2024;-4.87;-43.36;73;27.6;68;5483;2.3;10.7;;
2103109;Cedral;MA;5A;ABNT_TR_15220-3-1_2024;-2.00;-44.53;9;26.4;76;5133;4.1;7.8;;
2103125;Central do Maranhão;MA;5A;ABNT_TR_15220-3-1_2024;-2.20;-44.83;28;26.4;76;5052;2.7;7.8;;
2103158;Centro do Guilherme;MA;5A;ABNT_TR_15220-3-1_2024;-2.45;-46.03;54;26.5;77;4855;3.1;8.8;;
2103174;Centro Novo do Maranhão;MA;5A;ABNT_TR_15220-3-1_2024;-2.13;-46.12;74;26.4;77;4795;3.1;8.8;;
2103208;Chapadinha;MA;6A;ABNT_TR_15220-3-1_2024;-3.74;-43.35;104;27.8;72;5376;2.0;9.7;;
2103257;Cidelândia;MA;5A;ABNT_TR_15220-3-1_2024;-5.17;-47.78;175;26.9;73;4946;2.7;10.8;;
2103307;Codó;MA;6A;ABNT_TR_15220-3-1_2024;-4.46;-43.89;55;27.3;71;5383;2.7;10.1;;
2103406;Coelho Neto;MA;6A;ABNT_TR_15220-3-1_2024;-4.25;-43.01;60;28.0;71;5586;2.6;10.1;;
2103505;Colinas;MA;6B;ABNT_TR_15220-3-1_2024;-6.03;-44.25;134;27.1;66;5340;1.3;10.9;;
2103554;Conceição do Lago-Açu;MA;6A;ABNT_TR_15220-3-1_2024;-3.85;-44.89;9;27.4;74;5204;2.9;9.5;;
2103604;Coroatá;MA;6A;ABNT_TR_15220-3-1_2024;-4.13;-44.12;33;27.4;73;5352;2.3;10.0;;
2103703;Cururupu;MA;5A;ABNT_TR_15220-3-1_2024;-1.81;-44.86;8;26.3;76;5029;3.0;7.5;;
2103752;Davinópolis;MA;6A;ABNT_TR_15220-3-1_2024;-5.55;-47.42;145;27.0;72;5025;2.4;11.2;;
2103802;Dom Pedro;MA;5B;ABNT_TR_15220-3-1_2024;-5.04;-44.44;157;26.8;67;5275;2.6;10.8;;
2103901;Duque Bacelar;MA;6A;ABNT_TR_15220-3-1_2024;-4.15;-42.95;57;28.1;72;5629;2.5;10.2;;
2104008;Esperantinópolis;MA;6A;ABNT_TR_15220-3-1_2024;-4.88;-44.69;52;27.2;69;5236;2.4;10.5;;
2104057;Estreito;MA;5A;ABNT_TR_15220-3-1_2024;-6.56;-47.44;175;26.4;75;5256;1.2;11.5;;
2104073;Feira Nova do Maranhão;MA;5A;ABNT_TR_15220-3-1_2024;-6.97;-46.68;334;26.8;72;5168;2.9;11.6;;
2104081;Fernando Falcão;MA;5B;ABNT_TR_15220-3-1_2024;-6.16;-44.90;218;26.6;65;5313;2.7;11.2;;
2104099;Formosa da Serra Negra;MA;5A;ABNT_TR_15220-3-1_2024;-6.44;-46.19;285;26.1;70;5177;2.9;11.8;;
2104107;Fortaleza dos Nogueiras;MA;5B;ABNT_TR_15220-3-1_2024;-6.96;-46.17;456;26.1;67;5224;2.9;11.7;;
2104206;Fortuna;MA;5B;ABNT_TR_15220-3-1_2024;-5.73;-44.16;175;26.8;66;5350;2.2;10.9;;
2104305;Godofredo Viana;MA;5A;ABNT_TR_15220-3-1_2024;-1.40;-45.78;14;26.3;77;4881;3.2;7.8;;
2104404;Gonçalves Dias;MA;5B;ABNT_TR_15220-3-1_2024;-5.15;-44.30;148;26.8;67;5316;2.4;10.8;;
2104503;Governador Archer;MA;5B;ABNT_TR_15220-3-1_2024;-5.02;-44.28;143;26.8;67;5314;2.4;10.8;;
2104552;Governador Edison Lobão;MA;6A;ABNT_TR_15220-3-1_2024;-5.75;-47.36;196;27.1;72;5035;2.5;11.2;;
2104602;Governador Eugênio Barros;MA;5B;ABNT_TR_15220-3-1_2024;-5.32;-44.25;132;26.9;67;5313;2.3;10.8;;
2104628;Governador Luiz Rocha;MA;5B;ABNT_TR_15220-3-1_2024;-5.48;-44.08;168;26.9;66;5391;2.2;10.8;;
2104651;Governador Newton Bello;MA;5A;ABNT_TR_15220-3-1_2024;-3.43;-45.66;38;26.8;75;4975;3.0;9.4;;
2104677;Governador Nunes Freire;MA;5A;ABNT_TR_15220-3-1_2024;-2.13;-45.88;38;26.4;76;4862;3.0;8.4;;
2104701;Graça Aranha;MA;5B;ABNT_TR_15220-3-1_2024;-5.41;-44.34;199;26.8;66;5311;2.3;10.8;;
2104800;Grajaú;MA;5A;ABNT_TR_15220-3-1_2024;-5.81;-46.15;147;26.6;72;5115;2.7;11.8;;
2104909;Guimarães;MA;5A;ABNT_TR_15220-3-1_2024;-2.13;-44.60;11;26.4;76;5052;3.7;7.8;;
2105005;Humberto de Campos;MA;6A;ABNT_TR_15220-3-1_2024;-2.60;-43.46;11;27.1;75;5253;3.2;8.0;;
2105104;Icatu;MA;6A;ABNT_TR_15220-3-1_2024;-2.77;-44.05;60;27.0;76;4965;2.7;7.8;;
2105153;Igarapé do Meio;MA;6A;ABNT_TR_15220-3-1_2024;-3.66;-45.21;20;27.4;74;5059;2.8;9.7;;
2105203;Igarapé Grande;MA;6A;ABNT_TR_15220-3-1_2024;-4.66;-44.86;40;27.0;71;5182;2.7;10.5;;
2105302;Imperatriz;MA;6A;ABNT_TR_15220-3-1_2024;-5.52;-47.48;131;27.3;68;5283;0.7;10.9;;
2105351;Itaipava do Grajaú;MA;5A;ABNT_TR_15220-3-1_2024;-5.14;-45.79;104;26.6;72;5125;2.1;11.1;;
2105401;Itapecuru Mirim;MA;6A;ABNT_TR_15220-3-1_2024;-3.40;-44.35;21;27.5;75;5204;2.8;8.5;;
2105427;Itinga do Maranhão;MA;5A;ABNT_TR_15220-3-1_2024;-4.45;-47.52;159;26.5;74;4801;2.5;10.4;;
2105450;Jatobá;MA;5B;ABNT_TR_15220-3-1_2024;-5.82;-44.22;213;26.7;65;5333;2.2;10.9;;
2105476;Jenipapo dos Vieiras;MA;5A;ABNT_TR_15220-3-1_2024;-5.36;-45.64;187;26.5;70;5093;2.8;11.1;;
2105500;João Lisboa;MA;6A;ABNT_TR_15220-3-1_2024;-5.44;-47.41;174;27.0;74;5018;2.5;11.1;;
2105609;Joselândia;MA;6A;ABNT_TR_15220-3-1_2024;-4.99;-44.70;134;27.2;68;5247;2.5;10.5;;
2105658;Junco do Maranhão;MA;5A;ABNT_TR_15220-3-1_2024;-1.84;-46.09;34;26.3;77;4837;2.9;8.6;;
2105708;Lago da Pedra;MA;5A;ABNT_TR_15220-3-1_2024;-4.57;-45.13;80;26.8;71;5091;2.9;10.6;;
2105807;Lago do Junco;MA;6A;ABNT_TR_15220-3-1_2024;-4.61;-45.05;75;27.0;71;5118;2.9;10.6;;
2105906;Lago Verde;MA;6A;ABNT_TR_15220-3-1_2024;-3.95;-44.83;18;27.6;74;5204;2.8;9.5;;
2105922;Lagoa do Mato;MA;5B;ABNT_TR_15220-3-1_2024;-6.05;-43.53;203;26.6;65;5491;2.8;11.0;;
2105948;Lago dos Rodrigues;MA;6A;ABNT_TR_15220-3-1_2024;-4.61;-44.98;61;27.0;71;5138;2.8;10.5;;
2105963;Lagoa Grande do Maranhão;MA;5A;ABNT_TR_15220-3-1_2024;-4.99;-45.38;198;26.3;70;5071;2.7;10.6;;
2105989;Lajeado Novo;MA;6A;ABNT_TR_15220-3-1_2024;-6.19;-47.03;193;27.2;74;5128;2.6;11.3;;
2106003;Lima Campos;MA;6A;ABNT_TR_15220-3-1_2024;-4.52;-44.46;54;27.3;71;5251;2.6;10.5;;
2106102;Loreto;MA;6B;ABNT_TR_15220-3-1_2024;-7.08;-45.15;211;27.3;63;5449;3.2;11.5;;
2106201;Luís Domingues;MA;5A;ABNT_TR_15220-3-1_2024;-1.27;-45.87;12;26.4;77;4921;3.4;7.8;;
2106300;Magalhães de Almeida;MA;6A;ABNT_TR_15220-3-1_2024;-3.39;-42.21;40;28.1;72;5578;3.3;8.7;;
2106326;Maracaçumé;MA;5A;ABNT_TR_15220-3-1_2024;-2.05;-45.96;34;26.3;77;4840;3.2;8.4;;
2106359;Marajá do Sena;MA;5A;ABNT_TR_15220-3-1_2024;-4.63;-45.45;127;26.2;72;5082;2.2;10.6;;
2106375;Maranhãozinho;MA;5A;ABNT_TR_15220-3-1_2024;-2.24;-45.85;57;26.4;76;4913;3.0;8.4;;
2106409;Mata Roma;MA;6A;ABNT_TR_15220-3-1_2024;-3.62;-43.11;81;27.6;73;5555;3.1;9.3;;
2106508;Matinha;MA;6A;ABNT_TR_15220-3-1_2024;-3.10;-45.04;22;27.2;75;5144;3.3;9.1;;
2106607;Matões;MA;5B;ABNT_TR_15220-3-1_2024;-5.51;-43.20;188;26.9;66;5513;2.3;11.0;;
2106631;Matões do Norte;MA;6A;ABNT_TR_15220-3-1_2024;-3.62;-44.55;35;27.5;74;5200;3.0;9.5;;
2106672;Milagres do Maranhão;MA;6A;ABNT_TR_15220-3-1_2024;-3.57;-42.61;27;28.0;73;5646;3.0;9.3;;
2106706;Mirador;MA;5B;ABNT_TR_15220-3-1_2024;-6.37;-44.37;191;26.8;65;5411;2.6;11.1;;
2106755;Miranda do Norte;MA;6A;ABNT_TR_15220-3-1_2024;-3.56;-44.58;63;27.5;74;5200;3.0;9.5;;
2106805;Mirinzal;MA;5A;ABNT_TR_15220-3-1_2024;-2.07;-44.78;17;26.3;76;5030;3.0;7.8;;
2106904;Monção;MA;6A;ABNT_TR_15220-3-1_2024;-3.48;-45.25;20;27.3;75;5153;2.9;9.1;;
2107001;Montes Altos;MA;5A;ABNT_TR_15220-3-1_2024;-5.83;-47.07;234;26.8;72;5118;2.9;11.2;;
2107100;Morros;MA;5A;ABNT_TR_15220-3-1_2024;-2.85;-44.04;24;26.9;76;4986;2.7;7.8;;
2107209;Nina Rodrigues;MA;6A;ABNT_TR_15220-3-1_2024;-3.47;-43.91;28;27.7;74;5324;2.7;8.5;;
2107258;Nova Colinas;MA;5B;ABNT_TR_15220-3-1_2024;-7.12;-46.26;410;25.9;67;5212;2.8;11.6;;
2107308;Nova Iorque;MA;6B;ABNT_TR_15220-3-1_2024;-6.73;-44.05;203;27.3;64;5506;2.9;11.2;;
2107357;Nova Olinda do Maranhão;MA;5A;ABNT_TR_15220-3-1_2024;-2.84;-45.70;23;26.7;76;4960;3.0;8.9;;
2107407;Olho d'Água das Cunhãs;MA;6A;ABNT_TR_15220-3-1_2024;-4.13;-45.12;36;27.5;73;5118;3.0;10.2;;
2107456;Olinda Nova do Maranhão;MA;6A;ABNT_TR_15220-3-1_2024;-2.99;-44.99;20;27.0;76;5149;3.3;8.3;;
2107506;Paço do Lumiar;MA;5A;ABNT_TR_15220-3-1_2024;-2.52;-44.10;33;26.9;76;5170;3.9;7.8;;
2107605;Palmeirândia;MA;5A;ABNT_TR_15220-3-1_2024;-2.64;-44.89;8;26.8;76;5098;3.4;8.3;;
2107704;Paraibano;MA;5B;ABNT_TR_15220-3-1_2024;-6.43;-43.98;240;26.6;64;5440;2.6;11.0;;
2107803;Parnarama;MA;6A;ABNT_TR_15220-3-1_2024;-5.67;-43.10;116;27.5;67;5542;2.6;11.0;;
2107902;Passagem Franca;MA;5B;ABNT_TR_15220-3-1_2024;-6.18;-43.78;234;26.4;64;5442;2.8;11.0;;
2108009;Pastos Bons;MA;5B;ABNT_TR_15220-3-1_2024;-6.60;-44.07;253;26.5;64;5467;2.9;11.2;;
2108058;Paulino Neves;MA;6A;ABNT_TR_15220-3-1_2024;-2.72;-42.53;5;27.0;74;5289;3.4;8.1;;
2108108;Paulo Ramos;MA;6A;ABNT_TR_15220-3-1_2024;-4.44;-45.24;59;27.2;72;5052;3.1;10.2;;
2108207;Pedreiras;MA;6A;ABNT_TR_15220-3-1_2024;-4.56;-44.60;27;27.3;71;5222;2.7;10.5;;
2108256;Pedro do Rosário;MA;5A;ABNT_TR_15220-3-1_2024;-2.97;-45.35;22;26.7;76;5033;2.9;8.6;;
2108306;Penalva;MA;6A;ABNT_TR_15220-3-1_2024;-3.28;-45.18;14;27.2;75;5272;2.8;9.1;;
2108405;Peri Mirim;MA;5A;ABNT_TR_15220-3-1_2024;-2.58;-44.85;2;26.8;76;5098;3.4;8.3;;
2108454;Peritoró;MA;6A;ABNT_TR_15220-3-1_2024;-4.37;-44.34;45;27.2;71;5297;2.4;10.0;;
2108504;Pindaré-Mirim;MA;6A;ABNT_TR_15220-3-1_2024;-3.61;-45.34;23;27.3;75;5148;2.9;9.7;;
2108603;Pinheiro;MA;5A;ABNT_TR_15220-3-1_2024;-2.52;-45.08;6;26.8;76;5036;3.1;8.6;;
2108702;Pio XII;MA;6A;ABNT_TR_15220-3-1_2024;-3.89;-45.18;41;27.4;74;5137;2.9;9.7;;
2108801;Pirapemas;MA;6A;ABNT_TR_15220-3-1_2024;-3.72;-44.22;23;27.6;74;5316;2.7;9.2;;
2108900;Poção de Pedras;MA;6A;ABNT_TR_15220-3-1_2024;-4.75;-44.94;51;27.0;70;5151;2.5;10.5;;
2109007;Porto Franco;MA;6A;ABNT_TR_15220-3-1_2024;-6.34;-47.40;165;27.2;75;5129;2.6;11.3;;
2109056;Porto Rico do Maranhão;MA;5A;ABNT_TR_15220-3-1_2024;-1.86;-44.58;5;26.5;76;5182;3.4;7.5;;
2109106;Presidente Dutra;MA;5B;ABNT_TR_15220-3-1_2024;-5.29;-44.50;100;26.9;67;5298;2.8;10.8;;
2109205;Presidente Juscelino;MA;6A;ABNT_TR_15220-3-1_2024;-2.92;-44.07;18;27.0;76;4986;3.0;7.8;;
2109239;Presidente Médici;MA;5A;ABNT_TR_15220-3-1_2024;-2.39;-45.82;39;26.6;76;4920;3.2;8.4;;
2109270;Presidente Sarney;MA;5A;ABNT_TR_15220-3-1_2024;-2.59;-45.36;25;26.7;76;5010;2.9;8.6;;
2109304;Presidente Vargas;MA;6A;ABNT_TR_15220-3-1_2024;-3.41;-44.02;58;27.5;74;5311;2.6;8.5;;
2109403;Primeira Cruz;MA;6A;ABNT_TR_15220-3-1_2024;-2.51;-43.42;6;27.0;75;5304;3.5;8.0;;
2109452;Raposa;MA;5A;ABNT_TR_15220-3-1_2024;-2.43;-44.10;3;26.9;76;5453;4.4;8.8;;
2109502;Riachão;MA;5A;ABNT_TR_15220-3-1_2024;-7.36;-46.62;388;26.6;70;5208;3.1;11.5;;
2109551;Ribamar Fiquene;MA;6A;ABNT_TR_15220-3-1_2024;-5.93;-47.39;158;27.3;72;5069;2.3;11.2;;
2109601;Rosário;MA;6A;ABNT_TR_15220-3-1_2024;-2.93;-44.25;18;27.2;76;5169;2.8;7.8;;
2109700;Sambaíba;MA;6B;ABNT_TR_15220-3-1_2024;-7.13;-45.35;218;27.2;64;5412;3.2;11.5;;
2109759;Santa Filomena do Maranhão;MA;5B;ABNT_TR_15220-3-1_2024;-5.50;-44.56;158;26.8;66;5279;2.9;10.8;;
2109809;Santa Helena;MA;5A;ABNT_TR_15220-3-1_2024;-2.24;-45.29;12;26.6;76;4900;3.0;8.1;;
2109908;Santa Inês;MA;6A;ABNT_TR_15220-3-1_2024;-3.65;-45.38;19;27.2;74;5067;2.9;9.7;;
2110005;Santa Luzia;MA;5A;ABNT_TR_15220-3-1_2024;-4.07;-45.69;45;26.8;74;4974;2.6;10.4;;
2110039;Santa Luzia do Paruá;MA;5A;ABNT_TR_15220-3-1_2024;-2.51;-45.78;27;26.7;76;4950;3.2;8.9;;
2110104;Santa Quitéria do Maranhão;MA;6A;ABNT_TR_15220-3-1_2024;-3.49;-42.57;30;27.9;73;5618;3.2;8.7;;
2110203;Santa Rita;MA;6A;ABNT_TR_15220-3-1_2024;-3.14;-44.32;25;27.2;75;5173;3.1;8.5;;
2110237;Santana do Maranhão;MA;6A;ABNT_TR_15220-3-1_2024;-3.11;-42.41;54;27.4;73;5458;3.0;8.7;;
2110278;Santo Amaro do Maranhão;MA;5A;ABNT_TR_15220-3-1_2024;-2.50;-43.24;7;26.9;75;5360;3.9;8.0;;
2110302;Santo Antônio dos Lopes;MA;5B;ABNT_TR_15220-3-1_2024;-4.87;-44.37;127;26.9;68;5297;2.4;10.5;;
2110401;São Benedito do Rio Preto;MA;6A;ABNT_TR_15220-3-1_2024;-3.34;-43.53;35;27.4;74;5361;2.7;8.5;;
2110500;São Bento;MA;5A;ABNT_TR_15220-3-1_2024;-2.70;-44.83;8;26.9;76;5140;3.6;8.3;;
2110609;São Bernardo;MA;6A;ABNT_TR_15220-3-1_2024;-3.37;-42.42;54;27.9;73;5588;3.3;8.7;;
2110658;São Domingos do Azeitão;MA;5B;ABNT_TR_15220-3-1_2024;-6.81;-44.65;363;26.5;62;5370;3.1;11.4;;
2110708;São Domingos do Maranhão;MA;5B;ABNT_TR_15220-3-1_2024;-5.58;-44.38;185;26.7;66;5309;2.4;10.9;;
2110807;São Félix de Balsas;MA;6B;ABNT_TR_15220-3-1_2024;-7.08;-44.81;190;27.2;63;5482;3.2;11.4;;
2110856;São Francisco do Brejão;MA;5A;ABNT_TR_15220-3-1_2024;-5.13;-47.39;261;26.3;72;4904;2.6;11.1;;
2110906;São Francisco do Maranhão;MA;6B;ABNT_TR_15220-3-1_2024;-6.25;-42.87;107;27.8;65;5638;3.0;11.0;;
2111003;São João Batista;MA;6A;ABNT_TR_15220-3-1_2024;-2.95;-44.80;3;27.3;76;5220;3.5;8.3;;
2111029;São João do Carú;MA;5A;ABNT_TR_15220-3-1_2024;-3.55;-46.25;56;26.5;75;4867;2.6;10.1;;
2111052;São João do Paraíso;MA;5A;ABNT_TR_15220-3-1_2024;-6.46;-47.06;282;26.9;74;5118;2.9;11.3;;
2111078;São João do Soter;MA;6A;ABNT_TR_15220-3-1_2024;-5.11;-43.82;140;27.1;67;5392;2.2;10.8;;
2111102;São João dos Patos;MA;5B;ABNT_TR_15220-3-1_2024;-6.49;-43.70;353;26.5;63;5423;2.9;11.0;;
2111201;São José de Ribamar;MA;5A;ABNT_TR_15220-3-1_2024;-2.55;-44.06;22;26.9;76;5407;3.9;7.8;;
2111250;São José dos Basílios;MA;6A;ABNT_TR_15220-3-1_2024;-5.05;-44.58;71;27.3;68;5241;2.5;10.8;;
2111300;São Luís;MA;6A;ABNT_TR_15220-3-1_2024;-2.54;-44.28;8;27.6;74;5402;4.1;6.2;;
2111409;São Luís Gonzaga do Maranhão;MA;6A;ABNT_TR_15220-3-1_2024;-4.39;-44.67;23;27.2;72;5216;2.5;10.1;;
2111508;São Mateus do Maranhão;MA;6A;ABNT_TR_15220-3-1_2024;-4.04;-44.47;48;27.7;73;5310;2.9;10.0;;
2111532;São Pedro da Água Branca;MA;6A;ABNT_TR_15220-3-1_2024;-5.08;-48.43;158;27.3;76;4872;2.6;10.5;;
2111573;São Pedro dos Crentes;MA;5A;ABNT_TR_15220-3-1_2024;-6.82;-46.53;340;26.1;71;5174;3.0;11.6;;
2111607;São Raimundo das Mangabeiras;MA;6B;ABNT_TR_15220-3-1_2024;-7.02;-45.48;239;27.1;64;5352;3.4;11.5;;
2111631;São Raimundo do Doca Bezerra;MA;5B;ABNT_TR_15220-3-1_2024;-5.11;-45.07;193;26.7;68;5200;2.6;10.8;;
2111672;São Roberto;MA;5A;ABNT_TR_15220-3-1_2024;-5.02;-45.00;97;26.7;69;5181;2.4;10.8;;
2111706;São Vicente Ferrer;MA;6A;ABNT_TR_15220-3-1_2024;-2.89;-44.87;5;27.0;76;5137;3.3;8.3;;
2111722;Satubinha;MA;6A;ABNT_TR_15220-3-1_2024;-4.05;-45.25;40;27.3;73;5093;3.0;10.2;;
2111748;Senador Alexandre Costa;MA;5B;ABNT_TR_15220-3-1_2024;-5.25;-44.05;119;26.9;67;5338;2.2;10.8;;
2111763;Senador La Rocque;MA;5A;ABNT_TR_15220-3-1_2024;-5.45;-47.30;184;26.6;73;5018;2.4;11.1;;
2111789;Serrano do Maranhão;MA;5A;ABNT_TR_15220-3-1_2024;-1.85;-45.12;27;26.4;76;4899;2.7;7.6;;
2111805;Sítio Novo;MA;5A;ABNT_TR_15220-3-1_2024;-5.88;-46.70;254;26.4;72;5126;2.8;11.7;;
2111904;Sucupira do Norte;MA;5B;ABNT_TR_15220-3-1_2024;-6.48;-44.19;480;26.0;62;5410;2.7;11.1;;
2111953;Sucupira do Riachão;MA;5B;ABNT_TR_15220-3-1_2024;-6.41;-43.55;296;26.8;63;5482;2.7;11.0;;
2112001;Tasso Fragoso;MA;5B;ABNT_TR_15220-3-1_2024;-8.47;-45.75;278;26.9;59;5476;3.0;11.9;;
2112100;Timbiras;MA;6A;ABNT_TR_15220-3-1_2024;-4.26;-43.93;50;27.2;72;5367;2.5;10.1;;
2112209;Timon;MA;6A;ABNT_TR_15220-3-1_2024;-5.10;-42.83;76;28.1;68;5572;2.3;11.0;;
2112233;Trizidela do Vale;MA;6A;ABNT_TR_15220-3-1_2024;-4.54;-44.63;48;27.3;71;5208;2.6;10.5;;
2112274;Tufilândia;MA;6A;ABNT_TR_15220-3-1_2024;-3.67;-45.62;14;27.1;74;5007;2.8;9.9;;
2112308;Tuntum;MA;5B;ABNT_TR_15220-3-1_2024;-5.25;-44.64;102;26.9;68;5274;2.8;10.8;;
2112407;Turiaçu;MA;5A;ABNT_TR_15220-3-1_2024;-1.66;-45.38;8;26.4;76;4828;3.3;7.6;;
2112456;Turilândia;MA;5A;ABNT_TR_15220-3-1_2024;-2.22;-45.30;17;26.6;76;4913;3.0;8.1;;
2112506;Tutóia;MA;6A;ABNT_TR_15220-3-1_2024;-2.76;-42.28;7;27.2;74;5549;3.6;8.1;;
2112605;Urbano Santos;MA;6A;ABNT_TR_15220-3-1_2024;-3.21;-43.39;63;27.2;74;5358;2.9;8.6;;
2112704;Vargem Grande;MA;6A;ABNT_TR_15220-3-1_2024;-3.54;-43.92;27;27.7;74;5324;2.5;9.2;;
2112803;Viana;MA;6A;ABNT_TR_15220-3-1_2024;-3.20;-44.99;9;27.3;75;5146;3.1;8.9;;
2112852;Vila Nova dos Martírios;MA;6A;ABNT_TR_15220-3-1_2024;-5.19;-48.13;128;27.6;75;4923;2.6;10.5;;
2112902;Vitória do Mearim;MA;6A;ABNT_TR_15220-3-1_2024;-3.45;-44.86;5;27.5;75;5212;2.9;8.9;;
2113009;Vitorino Freire;MA;6A;ABNT_TR_15220-3-1_2024;-4.28;-45.25;56;27.3;73;5057;3.1;10.2;;
2114007;Zé Doca;MA;5A;ABNT_TR_15220-3-1_2024;-3.27;-45.66;37;26.8;75;5013;2.8;9.4;;
2200053;Acauã;PI;6B;ABNT_TR_15220-3-1_2024;-8.22;-41.08;374;27.2;57;5869;4.0;10.1;;
2200103;Agricolândia;PI;6B;ABNT_TR_15220-3-1_2024;-5.80;-42.67;254;27.0;65;5637;2.6;11.0;;
2200202;Água Branca;PI;6B;ABNT_TR_15220-3-1_2024;-5.89;-42.64;238;27.7;65;5645;2.8;11.0;;
2200251;Alagoinha do Piauí;PI;6B;ABNT_TR_15220-3-1_2024;-7.00;-40.93;291;27.2;56;5771;3.7;10.8;;
2200277;Alegrete do Piauí;PI;5B;ABNT_TR_15220-3-1_2024;-7.24;-40.86;420;26.9;57;5772;4.2;10.8;;
2200301;Alto Longá;PI;6B;ABNT_TR_15220-3-1_2024;-5.26;-42.21;135;28.8;66;5696;2.8;11.0;;
2200400;Altos;PI;6B;ABNT_TR_15220-3-1_2024;-5.04;-42.46;192;27.8;66;5646;2.6;11.0;;
2200459;Alvorada do Gurguéia;PI;6B;ABNT_TR_15220-3-1_2024;-8.42;-43.78;274;27.6;58;5817;1.8;12.0;;
2200509;Amarante;PI;6B;ABNT_TR_15220-3-1_2024;-6.24;-42.84;108;28.1;65;5620;3.0;11.0;;
2200608;Angical do Piauí;PI;6B;ABNT_TR_15220-3-1_2024;-6.09;-42.74;191;27.7;65;5607;3.0;11.0;;
2200707;Anísio de Abreu;PI;5B;ABNT_TR_15220-3-1_2024;-9.19;-43.05;436;26.3;62;5902;3.6;11.7;;
2200806;Antônio Almeida;PI;5B;ABNT_TR_15220-3-1_2024;-7.21;-44.19;368;26.9;60;5530;3.5;11.3;;
2200905;Aroazes;PI;6B;ABNT_TR_15220-3-1_2024;-6.11;-41.78;214;28.3;63;5652;3.1;11.3;;
2200954;Aroeiras do Itaim;PI;6B;ABNT_TR_15220-3-1_2024;-7.25;-41.53;215;28.6;62;5794;3.5;11.3;;
2201002;Arraial;PI;6B;ABNT_TR_15220-3-1_2024;-6.65;-42.54;146;28.5;62;5686;3.6;10.9;;
2201051;Assunção do Piauí;PI;5B;ABNT_TR_15220-3-1_2024;-5.86;-41.04;483;25.5;59;5749;4.1;11.2;;
2201101;Avelino Lopes;PI;5B;ABNT_TR_15220-3-1_2024;-10.13;-43.96;402;26.9;59;5866;4.3;12.9;;
2201150;Baixa Grande do Ribeiro;PI;5B;ABNT_TR_15220-3-1_2024;-7.85;-45.22;362;26.9;60;5437;3.1;11.7;;
2201176;Barra D'Alcântara;PI;6B;ABNT_TR_15220-3-1_2024;-6.52;-42.11;276;27.6;61;5638;3.5;11.1;;
2201200;Barras;PI;6A;ABNT_TR_15220-3-1_2024;-4.24;-42.29;89;28.5;69;5669;2.7;10.3;;
2201309;Barreiras do Piauí;PI;5B;ABNT_TR_15220-3-1_2024;-9.93;-45.47;422;26.4;60;5676;3.6;12.9;;
2201408;Barro Duro;PI;6B;ABNT_TR_15220-3-1_2024;-5.82;-42.51;192;27.9;65;5642;2.6;11.0;;
2201507;Batalha;PI;6A;ABNT_TR_15220-3-1_2024;-4.02;-42.08;122;28.5;69;5708;2.7;10.3;;
2201556;Bela Vista do Piauí;PI;6B;ABNT_TR_15220-3-1_2024;-7.99;-41.87;326;27.7;57;5843;3.7;10.8;;
2201572;Belém do Piauí;PI;6B;ABNT_TR_15220-3-1_2024;-7.37;-40.97;351;27.6;57;5801;3.9;10.8;;
2201606;Beneditinos;PI;6A;ABNT_TR_15220-3-1_2024;-5.46;-42.36;107;28.9;67;5707;2.6;11.0;;
2201705;Bertolínia;PI;6B;ABNT_TR_15220-3-1_2024;-7.63;-43.95;309;27.2;60;5610;3.3;11.3;;
2201739;Betânia do Piauí;PI;5B;ABNT_TR_15220-3-1_2024;-8.14;-40.80;473;26.2;57;5818;4.1;10.1;;
2201770;Boa Hora;PI;6A;ABNT_TR_15220-3-1_2024;-4.41;-42.14;118;28.5;68;5658;2.7;10.3;;
2201804;Bocaina;PI;6B;ABNT_TR_15220-3-1_2024;-6.94;-41.32;233;28.0;61;5766;3.4;11.3;;
2201903;Bom Jesus;PI;6B;ABNT_TR_15220-3-1_2024;-9.07;-44.36;299;27.5;58;5809;1.0;11.8;;
2201919;Bom Princípio do Piauí;PI;6A;ABNT_TR_15220-3-1_2024;-3.20;-41.64;63;27.8;73;5646;3.9;8.8;;
2201929;Bonfim do Piauí;PI;5B;ABNT_TR_15220-3-1_2024;-9.16;-42.89;410;26.5;62;5895;3.6;11.3;;
2201945;Boqueirão do Piauí;PI;6A;ABNT_TR_15220-3-1_2024;-4.48;-42.12;117;28.6;68;5662;2.7;10.3;;
2201960;Brasileira;PI;6A;ABNT_TR_15220-3-1_2024;-4.13;-41.79;148;28.7;68;5742;3.2;10.4;;
2201988;Brejo do Piauí;PI;6B;ABNT_TR_15220-3-1_2024;-8.20;-42.82;248;27.8;60;5800;3.8;11.0;;
2202000;Buriti dos Lopes;PI;6A;ABNT_TR_15220-3-1_2024;-3.18;-41.87;17;28.0;73;5548;3.6;8.8;;
2202026;Buriti dos Montes;PI;5B;ABNT_TR_15220-3-1_2024;-5.31;-41.09;560;26.0;61;5761;4.0;11.1;;
2202059;Cabeceiras do Piauí;PI;6A;ABNT_TR_15220-3-1_2024;-4.48;-42.31;118;28.6;68;5648;2.7;10.3;;
2202075;Cajazeiras do Piauí;PI;6B;ABNT_TR_15220-3-1_2024;-6.80;-42.39;141;28.5;62;5717;3.7;11.1;;
2202083;Cajueiro da Praia;PI;6A;ABNT_TR_15220-3-1_2024;-2.93;-41.34;10;27.7;75;5635;4.6;8.8;;
2202091;Caldeirão Grande do Piauí;PI;4B;ABNT_TR_15220-3-1_2024;-7.33;-40.64;582;24.9;57;5825;4.3;10.8;;
2202109;Campinas do Piauí;PI;6B;ABNT_TR_15220-3-1_2024;-7.66;-41.88;254;28.3;61;5836;3.5;10.8;;
2202117;Campo Alegre do Fidalgo;PI;6B;ABNT_TR_15220-3-1_2024;-8.38;-41.83;329;27.3;57;5873;4.1;10.5;;
2202133;Campo Grande do Piauí;PI;6B;ABNT_TR_15220-3-1_2024;-7.13;-41.03;441;27.1;56;5768;3.7;11.2;;
2202174;Campo Largo do Piauí;PI;6A;ABNT_TR_15220-3-1_2024;-3.80;-42.64;39;28.1;72;5616;2.9;9.3;;
2202208;Campo Maior;PI;6A;ABNT_TR_15220-3-1_2024;-4.82;-42.16;119;28.8;67;5695;2.7;10.7;;
2202251;Canavieira;PI;6B;ABNT_TR_15220-3-1_2024;-7.69;-43.72;178;27.6;60;5648;3.5;11.3;;
2202307;Canto do Buriti;PI;6B;ABNT_TR_15220-3-1_2024;-8.11;-42.95;281;27.6;59;5772;3.7;11.0;;
2202406;Capitão de Campos;PI;6A;ABNT_TR_15220-3-1_2024;-4.46;-41.94;140;28.7;68;5679;2.9;10.4;;
2202455;Capitão Gervásio Oliveira;PI;6B;ABNT_TR_15220-3-1_2024;-8.50;-41.81;331;27.4;57;5855;4.2;10.5;;
2202505;Caracol;PI;5A;ABNT_TR_15220-3-1_2024;-9.28;-43.33;519;26.0;69;5873;2.4;11.2;;
2202539;Caraúbas do Piauí;PI;6A;ABNT_TR_15220-3-1_2024;-3.48;-41.84;36;28.3;72;5577;3.3;8.8;;
2202554;Caridade do Piauí;PI;6B;ABNT_TR_15220-3-1_2024;-7.73;-40.98;365;27.2;57;5851;4.2;10.4;;
2202604;Castelo do Piauí;PI;6B;ABNT_TR_15220-3-1_2024;-5.32;-41.55;244;28.0;65;5660;3.2;11.1;;
2202653;Caxingó;PI;6A;ABNT_TR_15220-3-1_2024;-3.42;-41.90;11;28.3;73;5570;3.3;8.8;;
2202703;Cocal;PI;6A;ABNT_TR_15220-3-1_2024;-3.47;-41.55;133;28.1;72;5570;3.8;8.8;;
2202711;Cocal de Telha;PI;6A;ABNT_TR_15220-3-1_2024;-4.56;-41.96;148;28.7;67;5670;2.9;10.8;;
2202729;Cocal dos Alves;PI;6A;ABNT_TR_15220-3-1_2024;-3.62;-41.44;146;27.5;72;5542;3.7;9.8;;
2202737;Coivaras;PI;6B;ABNT_TR_15220-3-1_2024;-5.09;-42.21;189;28.6;66;5677;2.8;11.0;;
2202752;Colônia do Gurguéia;PI;6B;ABNT_TR_15220-3-1_2024;-8.18;-43.79;221;27.6;58;5644;3.8;11.5;;
2202778;Colônia do Piauí;PI;6B;ABNT_TR_15220-3-1_2024;-7.23;-42.18;202;28.5;63;5785;3.6;11.1;;
2202802;Conceição do Canindé;PI;6B;ABNT_TR_15220-3-1_2024;-7.88;-41.59;246;28.1;57;5850;3.8;10.8;;
2202851;Coronel José Dias;PI;5B;ABNT_TR_15220-3-1_2024;-8.81;-42.52;412;26.6;61;5885;3.6;11.2;;
2202901;Corrente;PI;5B;ABNT_TR_15220-3-1_2024;-10.43;-45.16;463;26.0;59;5768;3.2;13.3;;
2203008;Cristalândia do Piauí;PI;5B;ABNT_TR_15220-3-1_2024;-10.64;-45.19;486;26.2;59;5793;3.4;13.5;;
2203107;Cristino Castro;PI;6B;ABNT_TR_15220-3-1_2024;-8.82;-44.22;237;27.4;58;5727;3.7;11.9;;
2203206;Curimatá;PI;6B;ABNT_TR_15220-3-1_2024;-10.03;-44.30;339;27.5;58;5853;4.2;13.2;;
2203230;Currais;PI;5B;ABNT_TR_15220-3-1_2024;-9.01;-44.41;333;26.9;59;5733;3.4;12.2;;
2203255;Curralinhos;PI;6B;ABNT_TR_15220-3-1_2024;-5.61;-42.84;134;27.4;66;5573;2.4;11.0;;
2203271;Curral Novo do Piauí;PI;5B;ABNT_TR_15220-3-1_2024;-7.83;-40.90;412;26.7;57;5877;4.2;10.4;;
2203305;Demerval Lobão;PI;6A;ABNT_TR_15220-3-1_2024;-5.36;-42.68;114;27.9;67;5645;2.2;11.0;;
2203354;Dirceu Arcoverde;PI;5B;ABNT_TR_15220-3-1_2024;-9.34;-42.43;411;26.7;62;5902;3.9;10.8;;
2203404;Dom Expedito Lopes;PI;6B;ABNT_TR_15220-3-1_2024;-6.95;-41.64;415;27.0;61;5800;3.7;11.4;;
2203420;Domingos Mourão;PI;6A;ABNT_TR_15220-3-1_2024;-4.25;-41.27;148;28.5;69;5609;3.9;10.5;;
2203453;Dom Inocêncio;PI;5B;ABNT_TR_15220-3-1_2024;-9.01;-41.97;349;26.9;56;5946;4.1;10.5;;
2203503;Elesbão Veloso;PI;6B;ABNT_TR_15220-3-1_2024;-6.20;-42.14;184;28.5;63;5696;3.0;11.1;;
2203602;Eliseu Martins;PI;6B;ABNT_TR_15220-3-1_2024;-8.10;-43.67;252;27.5;57;5653;4.0;11.5;;
2203701;Esperantina;PI;6A;ABNT_TR_15220-3-1_2024;-3.89;-42.23;85;28.5;70;5713;2.9;9.4;;
2203750;Fartura do Piauí;PI;5B;ABNT_TR_15220-3-1_2024;-9.48;-42.79;404;26.6;62;5899;3.7;11.3;;
2203800;Flores do Piauí;PI;6B;ABNT_TR_15220-3-1_2024;-7.79;-42.92;356;27.3;59;5727;3.7;11.0;;
2203859;Floresta do Piauí;PI;6B;ABNT_TR_15220-3-1_2024;-7.47;-41.79;210;28.5;62;5832;3.7;11.3;;
2203909;Floriano;PI;6B;ABNT_TR_15220-3-1_2024;-6.77;-43.02;125;28.3;64;5641;3.5;10.8;;
2204006;Francinópolis;PI;6B;ABNT_TR_15220-3-1_2024;-6.39;-42.26;245;28.0;61;5652;3.4;11.1;;
2204105;Francisco Ayres;PI;6B;ABNT_TR_15220-3-1_2024;-6.63;-42.69;135;28.4;63;5670;3.6;10.9;;
2204154;Francisco Macedo;PI;5B;ABNT_TR_15220-3-1_2024;-7.33;-40.79;394;26.6;57;5818;4.4;10.8;;
2204204;Francisco Santos;PI;6B;ABNT_TR_15220-3-1_2024;-6.99;-41.13;248;27.2;58;5823;3.5;11.3;;
2204303;Fronteiras;PI;5B;ABNT_TR_15220-3-1_2024;-7.08;-40.61;427;25.9;56;5805;4.0;10.8;;
2204352;Geminiano;PI;6B;ABNT_TR_15220-3-1_2024;-7.15;-41.34;265;27.9;60;5761;3.4;11.2;;
2204402;Gilbués;PI;6B;ABNT_TR_15220-3-1_2024;-9.83;-45.34;496;27.3;58;5821;2.3;11.0;;
2204501;Guadalupe;PI;6B;ABNT_TR_15220-3-1_2024;-6.78;-43.56;149;27.8;64;5590;3.2;11.0;;
2204550;Guaribas;PI;5B;ABNT_TR_15220-3-1_2024;-9.39;-43.69;505;25.6;62;5823;3.9;12.1;;
2204600;Hugo Napoleão;PI;6B;ABNT_TR_15220-3-1_2024;-5.99;-42.56;220;27.8;64;5636;3.0;11.0;;
2204659;Ilha Grande;PI;6A;ABNT_TR_15220-3-1_2024;-2.86;-41.82;1;27.6;74;5677;4.6;9.0;;
2204709;Inhuma;PI;6B;ABNT_TR_15220-3-1_2024;-6.66;-41.70;390;27.2;60;5676;3.8;11.4;;
2204808;Ipiranga do Piauí;PI;5B;ABNT_TR_15220-3-1_2024;-6.82;-41.74;438;26.9;60;5668;3.8;11.4;;
2204907;Isaías Coelho;PI;6B;ABNT_TR_15220-3-1_2024;-7.74;-41.67;241;28.4;56;5848;3.6;10.8;;
2205003;Itainópolis;PI;6B;ABNT_TR_15220-3-1_2024;-7.44;-41.47;222;28.5;57;5808;3.6;11.2;;
2205102;Itaueira;PI;6B;ABNT_TR_15220-3-1_2024;-7.60;-43.02;267;27.7;61;5705;3.8;11.1;;
2205151;Jacobina do Piauí;PI;6B;ABNT_TR_15220-3-1_2024;-7.93;-41.21;325;27.6;57;5866;4.2;10.5;;
2205201;Jaicós;PI;6B;ABNT_TR_15220-3-1_2024;-7.36;-41.14;285;27.9;56;5802;3.6;11.2;;
2205250;Jardim do Mulato;PI;6B;ABNT_TR_15220-3-1_2024;-6.10;-42.63;178;27.8;64;5623;3.0;11.0;;
2205276;Jatobá do Piauí;PI;6B;ABNT_TR_15220-3-1_2024;-4.77;-41.82;226;28.4;66;5667;3.4;10.8;;
2205300;Jerumenha;PI;6B;ABNT_TR_15220-3-1_2024;-7.09;-43.50;150;27.9;63;5631;3.4;11.1;;
2205359;João Costa;PI;6B;ABNT_TR_15220-3-1_2024;-8.51;-42.43;346;27.6;59;5867;3.8;10.8;;
2205409;Joaquim Pires;PI;6A;ABNT_TR_15220-3-1_2024;-3.50;-42.19;71;28.2;72;5582;3.1;9.4;;
2205458;Joca Marques;PI;6A;ABNT_TR_15220-3-1_2024;-3.48;-42.43;20;28.1;73;5625;3.2;8.7;;
2205508;José de Freitas;PI;6A;ABNT_TR_15220-3-1_2024;-4.75;-42.57;136;28.1;67;5639;2.6;10.7;;
2205516;Juazeiro do Piauí;PI;6B;ABNT_TR_15220-3-1_2024;-5.17;-41.70;177;28.8;66;5674;3.2;11.1;;
2205524;Júlio Borges;PI;6B;ABNT_TR_15220-3-1_2024;-10.32;-44.24;415;27.1;59;5845;3.9;13.2;;
2205532;Jurema;PI;5B;ABNT_TR_15220-3-1_2024;-9.22;-43.13;457;26.2;62;5876;3.7;11.7;;
2205540;Lagoinha do Piauí;PI;6B;ABNT_TR_15220-3-1_2024;-5.83;-42.62;245;27.4;65;5637;2.8;11.0;;
2205557;Lagoa Alegre;PI;6A;ABNT_TR_15220-3-1_2024;-4.52;-42.63;123;28.1;68;5625;2.6;10.7;;
2205565;Lagoa do Barro do Piauí;PI;5B;ABNT_TR_15220-3-1_2024;-8.48;-41.53;426;26.5;57;5927;4.3;10.5;;
2205573;Lagoa de São Francisco;PI;6B;ABNT_TR_15220-3-1_2024;-4.39;-41.60;388;27.4;65;5642;4.1;10.4;;
2205581;Lagoa do Piauí;PI;6A;ABNT_TR_15220-3-1_2024;-5.42;-42.64;115;28.3;67;5645;2.5;11.0;;
2205599;Lagoa do Sítio;PI;5B;ABNT_TR_15220-3-1_2024;-6.51;-41.57;448;26.7;60;5653;3.5;11.4;;
2205607;Landri Sales;PI;6B;ABNT_TR_15220-3-1_2024;-7.26;-43.94;334;27.3;60;5582;3.4;11.1;;
2205706;Luís Correia;PI;6A;ABNT_TR_15220-3-1_2024;-2.88;-41.66;4;27.6;74;5484;5.1;9.0;;
2205805;Luzilândia;PI;6A;ABNT_TR_15220-3-1_2024;-3.47;-42.37;22;28.1;73;5612;3.2;8.7;;
2205854;Madeiro;PI;6A;ABNT_TR_15220-3-1_2024;-3.49;-42.50;29;28.0;73;5625;3.2;8.7;;
2205904;Manoel Emídio;PI;6B;ABNT_TR_15220-3-1_2024;-8.01;-43.88;237;27.3;57;5673;3.6;11.5;;
2205953;Marcolândia;PI;5B;ABNT_TR_15220-3-1_2024;-7.44;-40.66;785;25.1;56;5768;4.3;10.8;;
2206001;Marcos Parente;PI;6B;ABNT_TR_15220-3-1_2024;-7.12;-43.89;270;27.5;61;5577;3.4;11.1;;
2206050;Massapê do Piauí;PI;6B;ABNT_TR_15220-3-1_2024;-7.47;-41.11;255;27.9;57;5824;4.0;11.2;;
2206100;Matias Olímpio;PI;6A;ABNT_TR_15220-3-1_2024;-3.71;-42.55;69;28.0;72;5629;2.9;9.3;;
2206209;Miguel Alves;PI;6A;ABNT_TR_15220-3-1_2024;-4.17;-42.90;39;28.1;71;5571;2.5;10.2;;
2206308;Miguel Leão;PI;6B;ABNT_TR_15220-3-1_2024;-5.68;-42.74;176;27.2;66;5570;2.5;11.0;;
2206357;Milton Brandão;PI;6B;ABNT_TR_15220-3-1_2024;-4.68;-41.42;290;27.8;65;5709;3.5;10.9;;
2206407;Monsenhor Gil;PI;6B;ABNT_TR_15220-3-1_2024;-5.56;-42.61;148;28.0;66;5639;2.7;11.0;;
2206506;Monsenhor Hipólito;PI;6B;ABNT_TR_15220-3-1_2024;-6.99;-41.03;296;27.3;57;5800;3.6;11.3;;
2206605;Monte Alegre do Piauí;PI;5B;ABNT_TR_15220-3-1_2024;-9.75;-45.30;450;26.3;60;5703;3.7;12.9;;
2206654;Morro Cabeça no Tempo;PI;5B;ABNT_TR_15220-3-1_2024;-9.72;-43.91;533;26.1;61;5873;4.0;12.4;;
2206670;Morro do Chapéu do Piauí;PI;6A;ABNT_TR_15220-3-1_2024;-3.73;-42.30;71;28.2;71;5657;2.9;9.4;;
2206696;Murici dos Portelas;PI;6A;ABNT_TR_15220-3-1_2024;-3.32;-42.09;16;28.0;73;5608;3.2;8.7;;
2206704;Nazaré do Piauí;PI;6B;ABNT_TR_15220-3-1_2024;-6.97;-42.68;169;28.4;62;5694;3.6;10.9;;
2206720;Nazária;PI;6A;ABNT_TR_15220-3-1_2024;-5.35;-42.82;87;27.8;67;5631;2.1;11.0;;
2206753;Nossa Senhora de Nazaré;PI;6A;ABNT_TR_15220-3-1_2024;-4.63;-42.17;122;28.8;67;5637;2.7;10.7;;
2206803;Nossa Senhora dos Remédios;PI;6A;ABNT_TR_15220-3-1_2024;-3.98;-42.62;48;27.9;71;5641;2.7;9.3;;
2206902;Novo Oriente do Piauí;PI;6B;ABNT_TR_15220-3-1_2024;-6.45;-41.93;238;28.2;62;5691;3.4;11.3;;
2206951;Novo Santo Antônio;PI;6B;ABNT_TR_15220-3-1_2024;-5.29;-41.93;152;29.0;66;5689;2.8;11.1;;
2207009;Oeiras;PI;6B;ABNT_TR_15220-3-1_2024;-7.02;-42.13;174;28.0;61;5638;2.1;12.5;;
2207108;Olho D'Água do Piauí;PI;6B;ABNT_TR_15220-3-1_2024;-5.84;-42.56;246;27.4;65;5642;2.8;11.0;;
2207207;Padre Marcos;PI;6B;ABNT_TR_15220-3-1_2024;-7.35;-40.90;355;27.0;57;5801;4.2;10.8;;
2207306;Paes Landim;PI;6B;ABNT_TR_15220-3-1_2024;-7.77;-42.25;239;28.4;61;5806;3.4;10.9;;
2207355;Pajeú do Piauí;PI;6B;ABNT_TR_15220-3-1_2024;-7.86;-42.82;283;27.7;60;5765;3.4;11.0;;
2207405;Palmeira do Piauí;PI;6B;ABNT_TR_15220-3-1_2024;-8.73;-44.25;339;27.2;58;5735;3.6;11.9;;
2207504;Palmeirais;PI;6B;ABNT_TR_15220-3-1_2024;-5.97;-43.06;113;27.7;66;5564;2.8;11.0;;
2207553;Paquetá;PI;6B;ABNT_TR_15220-3-1_2024;-7.10;-41.70;341;28.0;61;5801;3.6;11.3;;
2207603;Parnaguá;PI;6B;ABNT_TR_15220-3-1_2024;-10.22;-44.63;345;27.1;58;5836;3.7;13.3;;
2207702;Parnaíba;PI;6A;ABNT_TR_15220-3-1_2024;-2.91;-41.78;9;27.6;74;5577;4.2;9.0;;
2207751;Passagem Franca do Piauí;PI;6B;ABNT_TR_15220-3-1_2024;-5.86;-42.44;140;28.2;66;5685;2.9;11.1;;
2207777;Patos do Piauí;PI;6B;ABNT_TR_15220-3-1_2024;-7.67;-41.24;225;28.0;57;5848;3.8;10.5;;
2207793;Pau D'Arco do Piauí;PI;6A;ABNT_TR_15220-3-1_2024;-5.26;-42.39;111;28.6;67;5699;2.7;11.0;;
2207801;Paulistana;PI;6B;ABNT_TR_15220-3-1_2024;-8.13;-41.14;376;28.0;52;5893;3.3;9.6;;
2207850;Pavussu;PI;6B;ABNT_TR_15220-3-1_2024;-7.96;-43.23;355;27.0;57;5721;3.9;11.1;;
2207900;Pedro II;PI;5B;ABNT_TR_15220-3-1_2024;-4.43;-41.45;611;26.8;62;5686;4.2;10.5;;
2207934;Pedro Laurentino;PI;6B;ABNT_TR_15220-3-1_2024;-8.07;-42.28;257;27.9;58;5795;3.7;10.8;;
2207959;Nova Santa Rita;PI;6B;ABNT_TR_15220-3-1_2024;-8.10;-42.05;255;28.0;56;5816;3.7;10.8;;
2208007;Picos;PI;6B;ABNT_TR_15220-3-1_2024;-7.08;-41.47;207;28.4;62;5804;3.4;11.2;;
2208106;Pimenteiras;PI;6B;ABNT_TR_15220-3-1_2024;-6.24;-41.41;278;28.0;61;5663;3.3;11.3;;
2208205;Pio IX;PI;5B;ABNT_TR_15220-3-1_2024;-6.83;-40.61;508;26.0;56;5703;3.8;11.0;;
2208304;Piracuruca;PI;6A;ABNT_TR_15220-3-1_2024;-3.93;-41.71;65;28.9;70;5707;3.1;9.5;;
2208403;Piripiri;PI;6A;ABNT_TR_15220-3-1_2024;-4.27;-41.77;183;28.6;68;5666;3.2;10.4;;
2208502;Porto;PI;6A;ABNT_TR_15220-3-1_2024;-3.89;-42.70;49;28.2;72;5654;2.8;9.3;;
2208551;Porto Alegre do Piauí;PI;6B;ABNT_TR_15220-3-1_2024;-6.96;-44.18;217;27.3;62;5517;3.3;11.2;;
2208601;Prata do Piauí;PI;6B;ABNT_TR_15220-3-1_2024;-5.67;-42.20;96;29.0;66;5715;2.7;11.1;;
2208650;Queimada Nova;PI;5B;ABNT_TR_15220-3-1_2024;-8.57;-41.41;416;26.0;57;5876;4.3;10.2;;
2208700;Redenção do Gurguéia;PI;6B;ABNT_TR_15220-3-1_2024;-9.48;-44.58;300;27.2;58;5743;3.8;12.5;;
2208809;Regeneração;PI;6B;ABNT_TR_15220-3-1_2024;-6.23;-42.68;179;28.0;64;5587;3.3;11.0;;
2208858;Riacho Frio;PI;5B;ABNT_TR_15220-3-1_2024;-10.12;-44.95;402;26.7;59;5787;3.5;13.3;;
2208874;Ribeira do Piauí;PI;6B;ABNT_TR_15220-3-1_2024;-7.69;-42.71;203;28.3;62;5763;3.3;11.0;;
2208908;Ribeiro Gonçalves;PI;6B;ABNT_TR_15220-3-1_2024;-7.56;-45.24;207;27.2;63;5467;3.0;11.7;;
2209005;Rio Grande do Piauí;PI;6B;ABNT_TR_15220-3-1_2024;-7.78;-43.14;315;27.4;58;5690;3.8;11.1;;
2209104;Santa Cruz do Piauí;PI;6B;ABNT_TR_15220-3-1_2024;-7.18;-41.76;215;28.6;62;5826;3.5;11.3;;
2209153;Santa Cruz dos Milagres;PI;6B;ABNT_TR_15220-3-1_2024;-5.81;-41.95;117;29.0;65;5712;2.9;11.2;;
2209203;Santa Filomena;PI;6B;ABNT_TR_15220-3-1_2024;-9.11;-45.91;290;27.2;57;5508;3.3;12.4;;
2209302;Santa Luz;PI;5B;ABNT_TR_15220-3-1_2024;-8.95;-44.13;324;26.9;59;5683;3.8;11.9;;
2209351;Santana do Piauí;PI;5B;ABNT_TR_15220-3-1_2024;-6.95;-41.52;365;26.8;61;5779;3.5;11.4;;
2209377;Santa Rosa do Piauí;PI;6B;ABNT_TR_15220-3-1_2024;-6.80;-42.28;158;28.4;61;5701;3.6;11.1;;
2209401;Santo Antônio de Lisboa;PI;6B;ABNT_TR_15220-3-1_2024;-6.99;-41.23;260;27.5;60;5799;3.5;11.3;;
2209450;Santo Antônio dos Milagres;PI;6B;ABNT_TR_15220-3-1_2024;-6.05;-42.71;246;27.4;64;5604;3.0;11.0;;
2209500;Santo Inácio do Piauí;PI;6B;ABNT_TR_15220-3-1_2024;-7.42;-41.91;220;28.5;62;5807;3.5;11.3;;
2209559;São Braz do Piauí;PI;5B;ABNT_TR_15220-3-1_2024;-9.06;-43.01;488;26.1;62;5886;3.7;11.7;;
2209609;São Félix do Piauí;PI;6B;ABNT_TR_15220-3-1_2024;-5.93;-42.12;132;28.7;65;5697;2.9;11.1;;
2209658;São Francisco de Assis do Piauí;PI;6B;ABNT_TR_15220-3-1_2024;-8.24;-41.69;425;27.2;57;5883;4.1;10.5;;
2209708;São Francisco do Piauí;PI;6B;ABNT_TR_15220-3-1_2024;-7.25;-42.54;152;28.6;63;5707;3.5;10.9;;
2209757;São Gonçalo do Gurguéia;PI;5B;ABNT_TR_15220-3-1_2024;-10.03;-45.31;440;26.1;60;5729;3.9;13.3;;
2209807;São Gonçalo do Piauí;PI;6B;ABNT_TR_15220-3-1_2024;-5.99;-42.71;246;27.4;64;5604;3.1;11.0;;
2209856;São João da Canabrava;PI;6B;ABNT_TR_15220-3-1_2024;-6.81;-41.34;282;27.5;61;5732;3.4;11.3;;
2209872;São João da Fronteira;PI;6A;ABNT_TR_15220-3-1_2024;-3.95;-41.26;235;28.2;70;5637;4.1;9.8;;
2209906;São João da Serra;PI;6B;ABNT_TR_15220-3-1_2024;-5.51;-41.89;160;29.0;66;5678;2.9;11.2;;
2209955;São João da Varjota;PI;6B;ABNT_TR_15220-3-1_2024;-6.94;-41.89;297;27.5;62;5707;3.9;11.4;;
2209971;São João do Arraial;PI;6A;ABNT_TR_15220-3-1_2024;-3.82;-42.45;102;28.1;71;5697;2.9;9.4;;
2210003;São João do Piauí;PI;6B;ABNT_TR_15220-3-1_2024;-8.35;-42.26;216;28.0;57;5850;3.9;10.8;;
2210052;São José do Divino;PI;6A;ABNT_TR_15220-3-1_2024;-3.81;-41.83;55;29.0;71;5669;3.0;9.5;;
2210102;São José do Peixe;PI;6B;ABNT_TR_15220-3-1_2024;-7.49;-42.57;190;28.4;62;5749;3.4;10.9;;
2210201;São José do Piauí;PI;5B;ABNT_TR_15220-3-1_2024;-6.87;-41.47;392;26.8;60;5773;3.4;11.3;;
2210300;São Julião;PI;5B;ABNT_TR_15220-3-1_2024;-7.08;-40.82;382;26.8;56;5803;4.0;10.8;;
2210359;São Lourenço do Piauí;PI;6B;ABNT_TR_15220-3-1_2024;-9.16;-42.55;337;27.1;62;5901;3.9;11.3;;
2210375;São Luis do Piauí;PI;6B;ABNT_TR_15220-3-1_2024;-6.82;-41.32;275;27.5;61;5732;3.5;11.3;;
2210383;São Miguel da Baixa Grande;PI;6B;ABNT_TR_15220-3-1_2024;-5.86;-42.19;184;28.5;65;5697;2.9;11.1;;
2210391;São Miguel do Fidalgo;PI;6B;ABNT_TR_15220-3-1_2024;-7.60;-42.37;211;28.4;62;5794;3.4;10.9;;
2210409;São Miguel do Tapuio;PI;6B;ABNT_TR_15220-3-1_2024;-5.50;-41.32;281;27.5;63;5684;3.5;11.1;;
2210508;São Pedro do Piauí;PI;6B;ABNT_TR_15220-3-1_2024;-5.92;-42.72;273;27.2;64;5612;3.1;11.0;;
2210607;São Raimundo Nonato;PI;5B;ABNT_TR_15220-3-1_2024;-9.01;-42.70;345;26.8;62;5894;3.7;11.3;;
2210623;Sebastião Barros;PI;5B;ABNT_TR_15220-3-1_2024;-10.82;-44.83;539;25.7;58;5780;4.0;13.9;;
2210631;Sebastião Leal;PI;5B;ABNT_TR_15220-3-1_2024;-7.57;-44.06;371;26.5;60;5603;3.4;11.5;;
2210656;Sigefredo Pacheco;PI;6B;ABNT_TR_15220-3-1_2024;-4.92;-41.73;240;28.4;66;5743;3.3;10.8;;
2210706;Simões;PI;5B;ABNT_TR_15220-3-1_2024;-7.59;-40.81;428;26.0;57;5851;4.6;10.4;;
2210805;Simplício Mendes;PI;6B;ABNT_TR_15220-3-1_2024;-7.85;-41.91;287;27.8;57;5851;3.7;10.8;;
2210904;Socorro do Piauí;PI;6B;ABNT_TR_15220-3-1_2024;-7.87;-42.49;221;28.0;61;5781;3.6;10.9;;
2210938;Sussuapara;PI;6B;ABNT_TR_15220-3-1_2024;-7.04;-41.38;230;28.2;61;5780;3.4;11.2;;
2210953;Tamboril do Piauí;PI;6B;ABNT_TR_15220-3-1_2024;-8.41;-42.92;315;27.4;60;5772;4.0;11.0;;
2210979;Tanque do Piauí;PI;6B;ABNT_TR_15220-3-1_2024;-6.60;-42.28;417;27.8;59;5643;3.9;11.1;;
2211001;Teresina;PI;6A;ABNT_TR_15220-3-1_2024;-5.09;-42.80;88;29.1;68;5560;2.0;10.3;;
2211100;União;PI;6A;ABNT_TR_15220-3-1_2024;-4.59;-42.86;65;28.0;68;5593;2.4;10.7;;
2211209;Uruçuí;PI;5B;ABNT_TR_15220-3-1_2024;-7.24;-44.56;222;26.5;62;5598;1.0;10.8;;
2211308;Valença do Piauí;PI;6B;ABNT_TR_15220-3-1_2024;-6.40;-41.74;324;27.6;61;5683;3.3;11.3;;
2211357;Várzea Branca;PI;5B;ABNT_TR_15220-3-1_2024;-9.24;-42.97;434;26.3;62;5909;3.8;11.3;;
2211407;Várzea Grande;PI;6B;ABNT_TR_15220-3-1_2024;-6.55;-42.25;257;27.6;61;5641;3.9;11.1;;
2211506;Vera Mendes;PI;6B;ABNT_TR_15220-3-1_2024;-7.60;-41.47;277;28.2;57;5849;3.7;10.5;;
2211605;Vila Nova do Piauí;PI;6B;ABNT_TR_15220-3-1_2024;-7.13;-40.93;425;27.0;56;5763;3.9;10.8;;
2211704;Wall Ferraz;PI;6B;ABNT_TR_15220-3-1_2024;-7.23;-41.90;167;28.6;63;5824;3.6;11.3;;
2300101;Abaiara;CE;5B;ABNT_TR_15220-3-1_2024;-7.35;-39.04;431;26.4;57;5918;3.1;10.9;;
2300150;Acarape;CE;5A;ABNT_TR_15220-3-1_2024;-4.22;-38.71;98;26.2;73;5410;3.5;8.2;;
2300200;Acaraú;CE;6A;ABNT_TR_15220-3-1_2024;-2.89;-40.12;15;27.2;76;5577;4.6;8.5;;
2300309;Acopiara;CE;5B;ABNT_TR_15220-3-1_2024;-6.09;-39.45;298;26.9;58;5721;3.3;10.7;;
2300408;Aiuaba;CE;5B;ABNT_TR_15220-3-1_2024;-6.57;-40.12;456;26.1;57;5719;3.4;10.8;;
2300507;Alcântaras;CE;4B;ABNT_TR_15220-3-1_2024;-3.59;-40.55;646;24.9;69;5499;4.2;9.8;;
2300606;Altaneira;CE;5B;ABNT_TR_15220-3-1_2024;-7.00;-39.74;680;25.5;57;5852;3.6;10.7;;
2300705;Alto Santo;CE;6B;ABNT_TR_15220-3-1_2024;-5.51;-38.27;62;28.3;64;5861;3.4;10.7;;
2300754;Amontada;CE;6A;ABNT_TR_15220-3-1_2024;-3.36;-39.83;34;27.5;76;5580;3.9;8.4;;
2300804;Antonina do Norte;CE;5B;ABNT_TR_15220-3-1_2024;-6.77;-39.99;358;26.8;56;5759;3.5;10.7;;
2300903;Apuiarés;CE;6A;ABNT_TR_15220-3-1_2024;-3.95;-39.44;105;27.1;73;5509;3.5;8.0;;
2301000;Aquiraz;CE;5A;ABNT_TR_15220-3-1_2024;-3.90;-38.39;17;26.7;74;5729;4.4;8.0;;
2301109;Aracati;CE;6A;ABNT_TR_15220-3-1_2024;-4.56;-37.77;9;27.1;70;5908;5.0;9.5;;
2301208;Aracoiaba;CE;5A;ABNT_TR_15220-3-1_2024;-4.37;-38.81;139;26.5;71;5443;3.5;8.2;;
2301257;Ararendá;CE;5B;ABNT_TR_15220-3-1_2024;-4.75;-40.83;393;25.6;63;5526;3.0;10.8;;
2301307;Araripe;CE;4B;ABNT_TR_15220-3-1_2024;-7.21;-40.14;609;24.5;57;5738;4.0;10.6;;
2301406;Aratuba;CE;4B;ABNT_TR_15220-3-1_2024;-4.41;-39.05;814;24.9;65;5629;4.1;8.7;;
2301505;Arneiroz;CE;5B;ABNT_TR_15220-3-1_2024;-6.32;-40.17;353;26.6;56;5683;3.2;10.8;;
2301604;Assaré;CE;5B;ABNT_TR_15220-3-1_2024;-6.87;-39.87;444;26.2;57;5812;3.7;10.7;;
2301703;Aurora;CE;6B;ABNT_TR_15220-3-1_2024;-6.93;-38.97;277;27.4;57;5897;3.6;11.1;;
2301802;Baixio;CE;6B;ABNT_TR_15220-3-1_2024;-6.72;-38.71;301;27.5;58;5974;3.6;11.1;;
2301851;Banabuiú;CE;6B;ABNT_TR_15220-3-1_2024;-5.30;-38.91;156;27.6;62;5754;3.3;9.9;;
2301901;Barbalha;CE;5B;ABNT_TR_15220-3-1_2024;-7.30;-39.30;397;25.7;57;5831;3.4;10.9;;
2301950;Barreira;CE;5A;ABNT_TR_15220-3-1_2024;-4.29;-38.64;123;26.6;72;5526;3.6;8.2;;
2302008;Barro;CE;5B;ABNT_TR_15220-3-1_2024;-7.17;-38.77;382;26.5;58;5875;4.0;11.1;;
2302057;Barroquinha;CE;6A;ABNT_TR_15220-3-1_2024;-3.02;-41.14;21;27.7;75;5604;4.1;9.0;;
2302107;Baturité;CE;4A;ABNT_TR_15220-3-1_2024;-4.33;-38.88;145;24.6;71;5291;3.4;8.2;;
2302206;Beberibe;CE;5A;ABNT_TR_15220-3-1_2024;-4.18;-38.13;17;26.8;73;5872;4.2;8.2;;
2302305;Bela Cruz;CE;6A;ABNT_TR_15220-3-1_2024;-3.05;-40.17;12;27.3;77;5566;4.0;8.9;;
2302404;Boa Viagem;CE;5B;ABNT_TR_15220-3-1_2024;-5.11;-39.73;297;26.5;60;5594;3.2;10.3;;
2302503;Brejo Santo;CE;5B;ABNT_TR_15220-3-1_2024;-7.48;-38.98;391;25.9;57;5869;3.2;11.1;;
2302602;Camocim;CE;6A;ABNT_TR_15220-3-1_2024;-2.90;-40.85;15;27.6;76;5529;4.3;8.7;;
2302701;Campos Sales;CE;5B;ABNT_TR_15220-3-1_2024;-7.07;-40.37;576;25.3;57;5789;3.8;10.6;;
2302800;Canindé;CE;5A;ABNT_TR_15220-3-1_2024;-4.35;-39.32;161;26.7;70;5630;3.5;8.7;;
2302909;Capistrano;CE;5A;ABNT_TR_15220-3-1_2024;-4.46;-38.90;167;26.5;70;5514;3.5;8.2;;
2303006;Caridade;CE;6A;ABNT_TR_15220-3-1_2024;-4.23;-39.19;136;27.1;71;5681;4.0;8.7;;
2303105;Cariré;CE;6A;ABNT_TR_15220-3-1_2024;-3.95;-40.48;148;27.3;74;5532;3.2;9.8;;
2303204;Caririaçu;CE;5B;ABNT_TR_15220-3-1_2024;-7.03;-39.28;616;25.5;57;5849;3.6;10.9;;
2303303;Cariús;CE;6B;ABNT_TR_15220-3-1_2024;-6.52;-39.49;249;27.2;58;5830;3.6;10.8;;
2303402;Carnaubal;CE;4B;ABNT_TR_15220-3-1_2024;-4.16;-40.94;785;24.0;65;5616;4.6;10.5;;
2303501;Cascavel;CE;5A;ABNT_TR_15220-3-1_2024;-4.13;-38.24;40;26.8;74;5863;4.0;8.2;;
2303600;Catarina;CE;5B;ABNT_TR_15220-3-1_2024;-6.12;-39.87;596;25.8;57;5710;3.7;10.7;;
2303659;Catunda;CE;5B;ABNT_TR_15220-3-1_2024;-4.64;-40.20;274;26.7;65;5651;4.1;10.5;;
2303709;Caucaia;CE;5A;ABNT_TR_15220-3-1_2024;-3.73;-38.66;21;26.8;74;5701;3.6;7.3;;
2303808;Cedro;CE;6B;ABNT_TR_15220-3-1_2024;-6.60;-39.06;253;27.6;57;5936;3.2;10.8;;
2303907;Chaval;CE;6A;ABNT_TR_15220-3-1_2024;-3.04;-41.24;10;27.8;75;5570;4.0;9.0;;
2303931;Choró;CE;5B;ABNT_TR_15220-3-1_2024;-4.84;-39.13;201;26.6;64;5636;3.8;9.3;;
2303956;Chorozinho;CE;5A;ABNT_TR_15220-3-1_2024;-4.29;-38.50;72;26.7;73;5668;3.6;8.2;;
2304004;Coreaú;CE;6A;ABNT_TR_15220-3-1_2024;-3.54;-40.66;73;27.5;75;5552;4.3;9.8;;
2304103;Crateús;CE;6B;ABNT_TR_15220-3-1_2024;-5.17;-40.65;273;27.2;62;5589;2.9;11.1;;
2304202;Crato;CE;5B;ABNT_TR_15220-3-1_2024;-7.22;-39.41;412;25.6;57;5848;3.6;10.9;;
2304236;Croatá;CE;5B;ABNT_TR_15220-3-1_2024;-4.40;-40.90;644;25.0;64;5737;3.7;10.5;;
2304251;Cruz;CE;6A;ABNT_TR_15220-3-1_2024;-2.92;-40.18;21;27.2;76;5577;4.6;8.5;;
2304269;Deputado Irapuan Pinheiro;CE;6B;ABNT_TR_15220-3-1_2024;-5.91;-39.26;278;27.4;57;5764;3.2;10.6;;
2304277;Ereré;CE;6B;ABNT_TR_15220-3-1_2024;-6.03;-38.35;199;27.7;57;5908;2.8;11.2;;
2304285;Eusébio;CE;5A;ABNT_TR_15220-3-1_2024;-3.89;-38.46;32;26.7;74;5730;4.3;8.0;;
2304301;Farias Brito;CE;5B;ABNT_TR_15220-3-1_2024;-6.92;-39.57;340;26.4;57;5833;3.8;10.7;;
2304350;Forquilha;CE;6A;ABNT_TR_15220-3-1_2024;-3.80;-40.26;87;27.8;75;5533;3.5;9.8;;
2304400;Fortaleza;CE;6A;ABNT_TR_15220-3-1_2024;-3.72;-38.54;17;27.1;74;5767;5.1;5.5;;
2304459;Fortim;CE;5A;ABNT_TR_15220-3-1_2024;-4.45;-37.80;22;26.9;70;5666;4.8;8.3;;
2304509;Frecheirinha;CE;5A;ABNT_TR_15220-3-1_2024;-3.76;-40.82;120;26.7;74;5383;2.7;9.8;;
2304608;General Sampaio;CE;5A;ABNT_TR_15220-3-1_2024;-4.04;-39.45;135;26.9;72;5542;3.4;8.7;;
2304657;Graça;CE;5A;ABNT_TR_15220-3-1_2024;-4.04;-40.75;169;26.5;73;5408;2.7;10.5;;
2304707;Granja;CE;6A;ABNT_TR_15220-3-1_2024;-3.13;-40.84;24;27.6;76;5455;3.6;9.1;;
2304806;Granjeiro;CE;5B;ABNT_TR_15220-3-1_2024;-6.88;-39.21;313;26.7;57;5885;3.4;10.8;;
2304905;Groaíras;CE;6A;ABNT_TR_15220-3-1_2024;-3.92;-40.39;94;27.6;74;5530;3.4;9.8;;
2304954;Guaiúba;CE;5A;ABNT_TR_15220-3-1_2024;-4.04;-38.64;76;26.4;74;5433;3.7;8.2;;
2305001;Guaraciaba do Norte;CE;5B;ABNT_TR_15220-3-1_2024;-4.16;-40.75;916;25.0;65;5491;2.7;10.5;;
2305100;Guaramiranga;CE;4B;ABNT_TR_15220-3-1_2024;-4.26;-38.93;865;24.6;65;5438;3.4;8.2;;
2305209;Hidrolândia;CE;6A;ABNT_TR_15220-3-1_2024;-4.41;-40.41;193;27.1;69;5616;3.3;10.2;;
2305233;Horizonte;CE;5A;ABNT_TR_15220-3-1_2024;-4.12;-38.47;65;26.7;73;5719;3.7;8.2;;
2305266;Ibaretama;CE;5B;ABNT_TR_15220-3-1_2024;-4.80;-38.75;177;26.9;65;5694;3.6;9.1;;
2305308;Ibiapina;CE;4B;ABNT_TR_15220-3-1_2024;-3.92;-40.89;898;24.7;66;5324;3.1;9.8;;
2305332;Ibicuitinga;CE;6B;ABNT_TR_15220-3-1_2024;-4.97;-38.64;187;27.3;65;5775;3.6;9.1;;
2305357;Icapuí;CE;5A;ABNT_TR_15220-3-1_2024;-4.71;-37.35;5;26.9;72;5981;5.0;9.4;;
2305407;Icó;CE;6B;ABNT_TR_15220-3-1_2024;-6.40;-38.86;155;27.9;57;5918;3.4;10.9;;
2305506;Iguatu;CE;6B;ABNT_TR_15220-3-1_2024;-6.36;-39.29;211;27.8;57;5884;2.7;10.4;;
2305605;Independência;CE;5B;ABNT_TR_15220-3-1_2024;-5.39;-40.31;332;26.8;58;5672;3.8;10.7;;
2305654;Ipaporanga;CE;5B;ABNT_TR_15220-3-1_2024;-4.90;-40.75;291;26.9;64;5533;3.0;10.8;;
2305704;Ipaumirim;CE;6B;ABNT_TR_15220-3-1_2024;-6.78;-38.72;269;27.4;58;5965;3.6;11.1;;
2305803;Ipu;CE;5A;ABNT_TR_15220-3-1_2024;-4.32;-40.71;248;25.5;69;5493;2.7;10.5;;
2305902;Ipueiras;CE;5B;ABNT_TR_15220-3-1_2024;-4.54;-40.71;244;26.6;67;5461;2.7;10.8;;
2306009;Iracema;CE;6B;ABNT_TR_15220-3-1_2024;-5.81;-38.29;134;27.9;57;5912;2.9;10.7;;
2306108;Irauçuba;CE;5A;ABNT_TR_15220-3-1_2024;-3.75;-39.78;157;26.7;74;5554;3.8;8.9;;
2306207;Itaiçaba;CE;6A;ABNT_TR_15220-3-1_2024;-4.67;-37.83;8;27.3;69;5817;4.0;9.5;;
2306256;Itaitinga;CE;5A;ABNT_TR_15220-3-1_2024;-3.97;-38.53;65;26.6;74;5586;3.9;7.3;;
2306306;Itapajé;CE;5A;ABNT_TR_15220-3-1_2024;-3.68;-39.59;256;25.4;72;5416;3.8;8.9;;
2306405;Itapipoca;CE;5A;ABNT_TR_15220-3-1_2024;-3.50;-39.58;104;26.0;75;5561;3.6;8.4;;
2306504;Itapiúna;CE;5B;ABNT_TR_15220-3-1_2024;-4.56;-38.93;152;26.9;68;5585;3.6;9.1;;
2306553;Itarema;CE;5A;ABNT_TR_15220-3-1_2024;-2.92;-39.92;16;26.9;76;5630;4.8;8.2;;
2306603;Itatira;CE;4B;ABNT_TR_15220-3-1_2024;-4.53;-39.62;773;24.6;63;5574;4.2;9.8;;
2306702;Jaguaretama;CE;6B;ABNT_TR_15220-3-1_2024;-5.61;-38.76;116;28.1;57;5911;3.1;10.6;;
2306801;Jaguaribara;CE;6B;ABNT_TR_15220-3-1_2024;-5.68;-38.54;133;27.9;57;5874;3.3;10.6;;
2306900;Jaguaribe;CE;6B;ABNT_TR_15220-3-1_2024;-5.90;-38.62;131;29.0;56;5952;2.6;10.9;;
2307007;Jaguaruana;CE;6A;ABNT_TR_15220-3-1_2024;-4.83;-37.78;14;27.4;69;5782;3.9;9.5;;
2307106;Jardim;CE;4B;ABNT_TR_15220-3-1_2024;-7.58;-39.28;651;24.1;56;5709;3.4;10.7;;
2307205;Jati;CE;5B;ABNT_TR_15220-3-1_2024;-7.68;-39.00;484;25.9;57;5712;3.4;10.7;;
2307254;Jijoca de Jericoacoara;CE;6A;ABNT_TR_15220-3-1_2024;-2.79;-40.51;36;27.4;76;5644;5.3;8.7;;
2307304;Juazeiro do Norte;CE;5B;ABNT_TR_15220-3-1_2024;-7.20;-39.31;371;26.7;57;5875;3.4;10.9;;
2307403;Jucás;CE;6B;ABNT_TR_15220-3-1_2024;-6.52;-39.52;269;27.2;58;5802;3.6;10.7;;
2307502;Lavras da Mangabeira;CE;6B;ABNT_TR_15220-3-1_2024;-6.74;-38.97;257;27.8;57;5936;3.4;11.1;;
2307601;Limoeiro do Norte;CE;6B;ABNT_TR_15220-3-1_2024;-5.14;-38.08;30;27.8;66;5796;3.7;10.1;;
2307635;Madalena;CE;5B;ABNT_TR_15220-3-1_2024;-4.85;-39.57;314;26.2;63;5517;3.4;9.8;;
2307650;Maracanaú;CE;5A;ABNT_TR_15220-3-1_2024;-3.87;-38.63;42;26.4;74;5448;3.7;7.3;;
2307700;Maranguape;CE;5A;ABNT_TR_15220-3-1_2024;-3.89;-38.68;73;26.2;74;5448;3.7;7.3;;
2307809;Marco;CE;6A;ABNT_TR_15220-3-1_2024;-3.13;-40.16;39;27.1;76;5562;3.0;8.7;;
2307908;Martinópole;CE;6A;ABNT_TR_15220-3-1_2024;-3.23;-40.69;96;27.5;75;5531;3.6;9.1;;
2308005;Massapê;CE;6A;ABNT_TR_15220-3-1_2024;-3.52;-40.34;83;27.4;75;5514;3.4;9.8;;
2308104;Mauriti;CE;5B;ABNT_TR_15220-3-1_2024;-7.39;-38.77;388;26.9;57;5886;3.8;11.1;;
2308203;Meruoca;CE;5B;ABNT_TR_15220-3-1_2024;-3.54;-40.45;676;25.5;68;5607;3.7;9.8;;
2308302;Milagres;CE;5B;ABNT_TR_15220-3-1_2024;-7.30;-38.94;419;26.5;57;5891;3.4;11.1;;
2308351;Milhã;CE;6B;ABNT_TR_15220-3-1_2024;-5.67;-39.19;202;27.5;56;5760;3.0;10.6;;
2308377;Miraíma;CE;6A;ABNT_TR_15220-3-1_2024;-3.57;-39.97;77;27.3;75;5558;3.7;8.9;;
2308401;Missão Velha;CE;5B;ABNT_TR_15220-3-1_2024;-7.24;-39.14;340;26.9;57;5867;3.1;10.9;;
2308500;Mombaça;CE;5B;ABNT_TR_15220-3-1_2024;-5.74;-39.63;247;26.9;56;5657;3.1;10.6;;
2308609;Monsenhor Tabosa;CE;4B;ABNT_TR_15220-3-1_2024;-4.79;-40.06;681;24.7;61;5471;4.1;10.5;;
2308708;Morada Nova;CE;6A;ABNT_TR_15220-3-1_2024;-5.10;-38.37;64;28.1;68;5871;2.8;11.4;;
2308807;Moraújo;CE;6A;ABNT_TR_15220-3-1_2024;-3.46;-40.68;72;27.5;75;5552;3.4;9.1;;
2308906;Morrinhos;CE;6A;ABNT_TR_15220-3-1_2024;-3.23;-40.12;26;27.2;77;5499;3.8;8.9;;
2309003;Mucambo;CE;5A;ABNT_TR_15220-3-1_2024;-3.90;-40.75;176;26.9;73;5434;2.8;9.8;;
2309102;Mulungu;CE;4B;ABNT_TR_15220-3-1_2024;-4.30;-39.00;804;24.4;65;5438;3.8;8.2;;
2309201;Nova Olinda;CE;5B;ABNT_TR_15220-3-1_2024;-7.08;-39.67;468;25.2;57;5861;3.5;10.6;;
2309300;Nova Russas;CE;5B;ABNT_TR_15220-3-1_2024;-4.71;-40.56;240;26.9;66;5595;3.0;10.8;;
2309409;Novo Oriente;CE;5B;ABNT_TR_15220-3-1_2024;-5.53;-40.77;335;26.8;60;5564;3.2;11.0;;
2309458;Ocara;CE;5A;ABNT_TR_15220-3-1_2024;-4.49;-38.59;172;26.7;69;5672;4.0;8.2;;
2309508;Orós;CE;6B;ABNT_TR_15220-3-1_2024;-6.25;-38.91;180;27.9;57;5889;3.1;10.9;;
2309607;Pacajus;CE;5A;ABNT_TR_15220-3-1_2024;-4.17;-38.47;81;26.7;73;5694;3.6;8.2;;
2309706;Pacatuba;CE;5A;ABNT_TR_15220-3-1_2024;-3.98;-38.62;71;26.4;74;5433;3.8;7.3;;
2309805;Pacoti;CE;4B;ABNT_TR_15220-3-1_2024;-4.22;-38.92;738;24.5;65;5615;3.4;8.2;;
2309904;Pacujá;CE;5A;ABNT_TR_15220-3-1_2024;-3.98;-40.70;136;26.5;73;5507;2.8;9.8;;
2310001;Palhano;CE;6A;ABNT_TR_15220-3-1_2024;-4.74;-37.97;24;27.3;68;5777;3.8;9.5;;
2310100;Palmácia;CE;5B;ABNT_TR_15220-3-1_2024;-4.14;-38.84;500;25.6;68;5590;3.7;8.2;;
2310209;Paracuru;CE;5A;ABNT_TR_15220-3-1_2024;-3.41;-39.03;32;26.8;74;5693;5.2;7.7;;
2310258;Paraipaba;CE;5A;ABNT_TR_15220-3-1_2024;-3.44;-39.15;29;26.9;74;5684;4.2;7.7;;
2310308;Parambu;CE;5B;ABNT_TR_15220-3-1_2024;-6.21;-40.69;488;25.6;56;5622;3.7;11.0;;
2310407;Paramoti;CE;6A;ABNT_TR_15220-3-1_2024;-4.09;-39.24;91;27.1;73;5610;3.5;8.7;;
2310506;Pedra Branca;CE;5B;ABNT_TR_15220-3-1_2024;-5.45;-39.71;487;25.6;56;5594;3.5;10.3;;
2310605;Penaforte;CE;5B;ABNT_TR_15220-3-1_2024;-7.82;-39.07;518;25.7;56;5743;3.3;10.7;;
2310704;Pentecoste;CE;6A;ABNT_TR_15220-3-1_2024;-3.79;-39.27;59;27.1;73;5608;3.6;8.0;;
2310803;Pereiro;CE;5B;ABNT_TR_15220-3-1_2024;-6.04;-38.46;551;26.7;57;5931;3.0;11.2;;
2310852;Pindoretama;CE;5A;ABNT_TR_15220-3-1_2024;-4.02;-38.31;26;26.7;74;5802;4.5;8.2;;
2310902;Piquet Carneiro;CE;6B;ABNT_TR_15220-3-1_2024;-5.80;-39.42;247;27.1;56;5693;3.1;10.6;;
2310951;Pires Ferreira;CE;5A;ABNT_TR_15220-3-1_2024;-4.24;-40.64;202;26.8;71;5405;2.7;10.5;;
2311009;Poranga;CE;4B;ABNT_TR_15220-3-1_2024;-4.75;-40.92;721;24.8;61;5797;3.3;10.8;;
2311108;Porteiras;CE;4B;ABNT_TR_15220-3-1_2024;-7.52;-39.11;532;24.8;57;5764;3.3;10.7;;
2311207;Potengi;CE;5B;ABNT_TR_15220-3-1_2024;-7.09;-40.02;552;25.0;57;5775;3.8;10.6;;
2311231;Potiretama;CE;6B;ABNT_TR_15220-3-1_2024;-5.71;-38.16;142;28.0;58;5921;3.2;10.7;;
2311264;Quiterianópolis;CE;5B;ABNT_TR_15220-3-1_2024;-5.84;-40.70;403;26.2;57;5540;3.5;11.0;;
2311306;Quixadá;CE;6B;ABNT_TR_15220-3-1_2024;-4.97;-39.02;196;27.2;64;5686;3.6;9.3;;
2311355;Quixelô;CE;6B;ABNT_TR_15220-3-1_2024;-6.25;-39.20;209;27.8;58;5861;3.1;10.7;;
2311405;Quixeramobim;CE;6B;ABNT_TR_15220-3-1_2024;-5.19;-39.29;205;27.2;61;5683;3.3;9.9;;
2311504;Quixeré;CE;6B;ABNT_TR_15220-3-1_2024;-5.07;-37.98;28;27.7;66;5803;3.8;10.3;;
2311603;Redenção;CE;5A;ABNT_TR_15220-3-1_2024;-4.22;-38.73;155;26.2;72;5410;3.5;8.2;;
2311702;Reriutaba;CE;5A;ABNT_TR_15220-3-1_2024;-4.14;-40.58;145;26.9;73;5554;2.7;10.5;;
2311801;Russas;CE;6A;ABNT_TR_15220-3-1_2024;-4.93;-37.97;21;27.6;67;5788;3.6;9.5;;
2311900;Saboeiro;CE;5B;ABNT_TR_15220-3-1_2024;-6.53;-39.90;327;26.7;57;5756;3.1;10.7;;
2311959;Salitre;CE;4B;ABNT_TR_15220-3-1_2024;-7.28;-40.45;676;24.2;57;5713;4.1;10.6;;
2312007;Santana do Acaraú;CE;6A;ABNT_TR_15220-3-1_2024;-3.46;-40.21;41;27.5;76;5506;3.8;8.9;;
2312106;Santana do Cariri;CE;4B;ABNT_TR_15220-3-1_2024;-7.18;-39.73;564;24.0;57;5708;3.7;10.6;;
2312205;Santa Quitéria;CE;6A;ABNT_TR_15220-3-1_2024;-4.33;-40.15;197;27.6;70;5635;3.6;10.2;;
2312304;São Benedito;CE;4B;ABNT_TR_15220-3-1_2024;-4.05;-40.86;897;24.3;65;5418;4.1;10.5;;
2312403;São Gonçalo do Amarante;CE;6A;ABNT_TR_15220-3-1_2024;-3.61;-38.97;18;27.0;74;5766;4.3;7.3;;
2312502;São João do Jaguaribe;CE;6B;ABNT_TR_15220-3-1_2024;-5.28;-38.27;44;28.2;66;5825;3.5;10.1;;
2312601;São Luís do Curu;CE;6A;ABNT_TR_15220-3-1_2024;-3.67;-39.24;44;27.1;74;5554;3.5;8.0;;
2312700;Senador Pompeu;CE;6B;ABNT_TR_15220-3-1_2024;-5.58;-39.37;184;27.2;56;5680;3.2;10.6;;
2312809;Senador Sá;CE;5A;ABNT_TR_15220-3-1_2024;-3.35;-40.47;91;26.9;75;5571;3.9;8.9;;
2312908;Sobral;CE;6A;ABNT_TR_15220-3-1_2024;-3.69;-40.35;73;27.7;75;5491;3.4;9.8;;
2313005;Solonópole;CE;6B;ABNT_TR_15220-3-1_2024;-5.72;-39.01;190;27.8;57;5807;3.0;10.6;;
2313104;Tabuleiro do Norte;CE;6B;ABNT_TR_15220-3-1_2024;-5.24;-38.13;36;28.0;66;5840;3.5;10.1;;
2313203;Tamboril;CE;5B;ABNT_TR_15220-3-1_2024;-4.83;-40.32;323;26.4;63;5609;4.1;10.5;;
2313252;Tarrafas;CE;5B;ABNT_TR_15220-3-1_2024;-6.68;-39.75;286;26.6;57;5784;3.5;10.7;;
2313302;Tauá;CE;5B;ABNT_TR_15220-3-1_2024;-5.99;-40.30;418;26.2;56;5638;3.5;10.8;;
2313351;Tejuçuoca;CE;5A;ABNT_TR_15220-3-1_2024;-3.99;-39.58;141;26.6;73;5593;3.5;8.9;;
2313401;Tianguá;CE;4B;ABNT_TR_15220-3-1_2024;-3.73;-40.99;783;24.6;66;5479;3.4;9.8;;
2313500;Trairi;CE;5A;ABNT_TR_15220-3-1_2024;-3.27;-39.27;27;26.7;75;5594;4.6;7.7;;
2313559;Tururu;CE;5A;ABNT_TR_15220-3-1_2024;-3.58;-39.43;91;26.9;74;5329;3.4;8.0;;
2313609;Ubajara;CE;4B;ABNT_TR_15220-3-1_2024;-3.85;-40.92;849;24.7;66;5661;3.1;9.8;;
2313708;Umari;CE;6B;ABNT_TR_15220-3-1_2024;-6.64;-38.70;273;27.3;58;5934;3.4;11.1;;
2313757;Umirim;CE;6A;ABNT_TR_15220-3-1_2024;-3.68;-39.35;62;27.2;74;5513;3.5;8.0;;
2313807;Uruburetama;CE;5A;ABNT_TR_15220-3-1_2024;-3.62;-39.51;134;25.9;74;5353;3.7;8.9;;
2313906;Uruoca;CE;6A;ABNT_TR_15220-3-1_2024;-3.31;-40.56;98;27.5;75;5552;3.9;9.1;;
2313955;Varjota;CE;6A;ABNT_TR_15220-3-1_2024;-4.19;-40.47;182;27.6;72;5604;3.1;10.2;;
2314003;Várzea Alegre;CE;5B;ABNT_TR_15220-3-1_2024;-6.78;-39.29;307;26.8;57;5893;3.7;10.8;;
2314102;Viçosa do Ceará;CE;4B;ABNT_TR_15220-3-1_2024;-3.57;-41.09;702;24.9;67;5487;3.0;9.8;;
2400109;Acari;RN;5B;ABNT_TR_15220-3-1_2024;-6.43;-36.63;275;25.7;55;5761;4.6;10.9;;
2400208;Assú;RN;6B;ABNT_TR_15220-3-1_2024;-5.58;-36.91;55;28.1;66;5890;3.9;10.4;Açu;grafia divergente na ABNT
2400307;Afonso Bezerra;RN;6A;ABNT_TR_15220-3-1_2024;-5.49;-36.51;57;27.5;69;5698;4.7;9.6;;
2400406;Água Nova;RN;6B;ABNT_TR_15220-3-1_2024;-6.20;-38.29;267;27.4;57;5926;2.9;11.2;;
2400505;Alexandria;RN;6B;ABNT_TR_15220-3-1_2024;-6.41;-38.01;316;27.1;57;5979;3.3;11.2;;
2400604;Almino Afonso;RN;6B;ABNT_TR_15220-3-1_2024;-6.15;-37.76;236;27.5;57;6005;3.2;11.3;;
2400703;Alto do Rodrigues;RN;6A;ABNT_TR_15220-3-1_2024;-5.28;-36.75;8;27.9;70;5739;4.1;9.6;;
2400802;Angicos;RN;6B;ABNT_TR_15220-3-1_2024;-5.66;-36.61;108;27.3;65;5803;4.6;10.4;;
2400901;Antônio Martins;RN;5B;ABNT_TR_15220-3-1_2024;-6.21;-37.88;312;26.8;57;5965;3.2;11.3;;
2401008;Apodi;RN;6B;ABNT_TR_15220-3-1_2024;-5.65;-37.79;71;28.0;61;5965;2.4;10.9;;
2401107;Areia Branca;RN;5A;ABNT_TR_15220-3-1_2024;-4.95;-37.13;11;26.8;72;5746;4.8;9.4;;
2401206;Arez;RN;5A;ABNT_TR_15220-3-1_2024;-6.19;-35.16;47;25.8;77;5660;4.8;8.2;Arês;grafia divergente na ABNT
2401305;Campo Grande;RN;6B;ABNT_TR_15220-3-1_2024;-5.86;-37.31;104;28.1;60;5944;3.4;10.8;;
2401404;Baía Formosa;RN;5A;ABNT_TR_15220-3-1_2024;-6.37;-35.00;24;25.9;77;5629;4.6;8.2;;
2401453;Baraúna;RN;6A;ABNT_TR_15220-3-1_2024;-5.07;-37.61;94;27.2;70;5826;3.8;10.3;;
2401503;Barcelona;RN;5A;ABNT_TR_15220-3-1_2024;-5.94;-35.92;130;25.8;75;5484;3.7;8.9;;
2401602;Bento Fernandes;RN;5A;ABNT_TR_15220-3-1_2024;-5.70;-35.81;127;26.0;76;5561;4.0;8.9;;
2401651;Bodó;RN;4B;ABNT_TR_15220-3-1_2024;-5.98;-36.42;578;24.7;61;5832;4.5;9.7;;
2401701;Bom Jesus;RN;5A;ABNT_TR_15220-3-1_2024;-5.99;-35.58;105;25.9;77;5579;3.9;8.9;;
2401800;Brejinho;RN;5A;ABNT_TR_15220-3-1_2024;-6.19;-35.36;138;25.8;77;5563;4.4;8.2;;
2401859;Caiçara do Norte;RN;5A;ABNT_TR_15220-3-1_2024;-5.07;-36.07;4;26.9;75;5589;4.5;9.1;;
2401909;Caiçara do Rio do Vento;RN;5A;ABNT_TR_15220-3-1_2024;-5.77;-35.99;175;25.5;74;5558;4.2;8.9;;
2402006;Caicó;RN;6B;ABNT_TR_15220-3-1_2024;-6.45;-37.11;152;28.4;57;6022;3.1;11.1;;
2402105;Campo Redondo;RN;4B;ABNT_TR_15220-3-1_2024;-6.24;-36.19;463;24.6;69;5520;3.7;10.1;;
2402204;Canguaretama;RN;5A;ABNT_TR_15220-3-1_2024;-6.37;-35.13;4;25.8;77;5548;4.2;8.2;;
2402303;Caraúbas;RN;6B;ABNT_TR_15220-3-1_2024;-5.78;-37.56;170;28.0;59;5932;3.4;10.9;;
2402402;Carnaúba dos Dantas;RN;5B;ABNT_TR_15220-3-1_2024;-6.55;-36.59;316;25.9;55;5717;4.5;10.9;;
2402501;Carnaubais;RN;6A;ABNT_TR_15220-3-1_2024;-5.34;-36.83;31;27.9;70;5804;3.9;9.6;;
2402600;Ceará-Mirim;RN;5A;ABNT_TR_15220-3-1_2024;-5.64;-35.42;66;26.1;77;5642;4.8;8.2;;
2402709;Cerro Corá;RN;4B;ABNT_TR_15220-3-1_2024;-6.04;-36.35;569;24.7;62;5777;3.9;10.1;;
2402808;Coronel Ezequiel;RN;4B;ABNT_TR_15220-3-1_2024;-6.37;-36.22;550;24.0;68;5648;4.1;10.1;;
2402907;Coronel João Pessoa;RN;5B;ABNT_TR_15220-3-1_2024;-6.25;-38.44;427;26.3;58;5884;2.9;11.2;;
2403004;Cruzeta;RN;6B;ABNT_TR_15220-3-1_2024;-6.41;-36.78;233;27.1;56;5780;4.1;10.9;;
2403103;Currais Novos;RN;5B;ABNT_TR_15220-3-1_2024;-6.25;-36.51;337;25.7;57;5692;4.3;10.9;;
2403202;Doutor Severiano;RN;5B;ABNT_TR_15220-3-1_2024;-6.08;-38.38;376;26.4;58;5873;2.9;11.2;;
2403251;Parnamirim;RN;5A;ABNT_TR_15220-3-1_2024;-5.91;-35.27;55;26.3;78;5588;4.8;6.7;;
2403301;Encanto;RN;6B;ABNT_TR_15220-3-1_2024;-6.11;-38.30;204;27.6;57;5873;2.9;11.2;;
2403400;Equador;RN;4B;ABNT_TR_15220-3-1_2024;-6.94;-36.72;561;24.8;57;5783;4.0;10.9;;
2403509;Espírito Santo;RN;5A;ABNT_TR_15220-3-1_2024;-6.34;-35.31;39;25.7;77;5553;4.3;8.2;;
2403608;Extremoz;RN;5A;ABNT_TR_15220-3-1_2024;-5.70;-35.30;46;26.0;77;5711;5.0;8.2;;
2403707;Felipe Guerra;RN;6B;ABNT_TR_15220-3-1_2024;-5.59;-37.69;44;28.3;60;5908;3.3;10.9;;
2403756;Fernando Pedroza;RN;6B;ABNT_TR_15220-3-1_2024;-5.69;-36.53;141;27.2;65;5779;4.5;10.4;;
2403806;Florânia;RN;5B;ABNT_TR_15220-3-1_2024;-6.12;-36.82;323;26.3;56;5767;4.5;10.9;;
2403905;Francisco Dantas;RN;6B;ABNT_TR_15220-3-1_2024;-6.07;-38.12;219;27.1;57;5920;3.4;11.2;;
2404002;Frutuoso Gomes;RN;6B;ABNT_TR_15220-3-1_2024;-6.16;-37.84;226;27.1;57;5965;3.2;11.3;;
2404101;Galinhos;RN;6A;ABNT_TR_15220-3-1_2024;-5.09;-36.28;1;27.4;74;5749;4.5;9.1;;
2404200;Goianinha;RN;5A;ABNT_TR_15220-3-1_2024;-6.26;-35.19;24;25.7;77;5575;4.5;8.2;;
2404309;Governador Dix-Sept Rosado;RN;6B;ABNT_TR_15220-3-1_2024;-5.45;-37.52;27;28.1;64;5854;3.4;10.3;;
2404408;Grossos;RN;5A;ABNT_TR_15220-3-1_2024;-4.98;-37.16;1;26.8;72;5746;4.8;9.4;;
2404507;Guamaré;RN;6A;ABNT_TR_15220-3-1_2024;-5.11;-36.32;0;27.3;73;5620;4.5;9.1;;
2404606;Ielmo Marinho;RN;5A;ABNT_TR_15220-3-1_2024;-5.82;-35.55;57;26.0;77;5582;4.2;8.9;;
2404705;Ipanguaçu;RN;6A;ABNT_TR_15220-3-1_2024;-5.49;-36.85;17;28.1;68;5808;3.8;9.6;;
2404804;Ipueira;RN;6B;ABNT_TR_15220-3-1_2024;-6.81;-37.20;214;27.7;56;5944;3.4;11.3;;
2404853;Itajá;RN;6B;ABNT_TR_15220-3-1_2024;-5.64;-36.87;35;28.1;66;5803;3.8;10.4;;
2404903;Itaú;RN;6B;ABNT_TR_15220-3-1_2024;-5.84;-37.99;152;27.9;59;5974;3.1;10.9;;
2405009;Jaçanã;RN;4B;ABNT_TR_15220-3-1_2024;-6.42;-36.20;661;24.0;68;5648;4.1;10.1;;
2405108;Jandaíra;RN;5A;ABNT_TR_15220-3-1_2024;-5.35;-36.13;111;26.3;74;5674;4.4;9.1;;
2405207;Janduís;RN;6B;ABNT_TR_15220-3-1_2024;-6.01;-37.40;144;28.2;57;5961;3.2;11.2;;
2405306;Januário Cicco;RN;5A;ABNT_TR_15220-3-1_2024;-6.17;-35.62;113;25.8;76;5489;3.8;9.1;;
2405405;Japi;RN;4A;ABNT_TR_15220-3-1_2024;-6.47;-35.93;274;24.2;76;5438;4.0;9.1;;
2405504;Jardim de Angicos;RN;5A;ABNT_TR_15220-3-1_2024;-5.65;-35.97;144;26.1;75;5581;4.1;8.9;;
2405603;Jardim de Piranhas;RN;6B;ABNT_TR_15220-3-1_2024;-6.38;-37.35;144;28.2;57;5966;3.3;11.2;;
2405702;Jardim do Seridó;RN;6B;ABNT_TR_15220-3-1_2024;-6.58;-36.77;231;27.2;56;5828;4.1;10.9;;
2405801;João Câmara;RN;5A;ABNT_TR_15220-3-1_2024;-5.54;-35.81;166;25.8;75;5591;4.3;8.9;;
2405900;João Dias;RN;5B;ABNT_TR_15220-3-1_2024;-6.27;-37.79;450;26.9;57;5950;3.1;11.3;;
2406007;José da Penha;RN;6B;ABNT_TR_15220-3-1_2024;-6.31;-38.28;265;27.1;57;5932;3.0;11.2;;
2406106;Jucurutu;RN;6B;ABNT_TR_15220-3-1_2024;-6.03;-37.01;90;28.0;56;5889;3.5;11.2;;
2406155;Jundiá;RN;5A;ABNT_TR_15220-3-1_2024;-6.27;-35.35;91;25.7;77;5553;4.4;8.2;;
2406205;Lagoa d'Anta;RN;5A;ABNT_TR_15220-3-1_2024;-6.39;-35.59;161;25.6;77;5476;3.5;9.1;;
2406304;Lagoa de Pedras;RN;5A;ABNT_TR_15220-3-1_2024;-6.15;-35.43;91;25.8;77;5541;4.1;8.2;;
2406403;Lagoa de Velhos;RN;5A;ABNT_TR_15220-3-1_2024;-6.01;-35.87;133;25.8;75;5491;3.8;9.1;;
2406502;Lagoa Nova;RN;4B;ABNT_TR_15220-3-1_2024;-6.09;-36.47;691;24.8;58;5601;4.5;10.1;;
2406601;Lagoa Salgada;RN;5A;ABNT_TR_15220-3-1_2024;-6.12;-35.47;105;25.9;77;5519;4.1;8.2;;
2406700;Lajes;RN;5A;ABNT_TR_15220-3-1_2024;-5.69;-36.25;202;26.0;72;5769;4.2;9.7;;
2406809;Lajes Pintadas;RN;5A;ABNT_TR_15220-3-1_2024;-6.15;-36.12;336;25.2;72;5524;3.7;10.1;;
2406908;Lucrécia;RN;6B;ABNT_TR_15220-3-1_2024;-6.11;-37.81;217;27.5;57;5982;3.5;11.3;;
2407005;Luís Gomes;RN;5B;ABNT_TR_15220-3-1_2024;-6.41;-38.39;608;26.8;56;5930;3.4;11.2;;
2407104;Macaíba;RN;5A;ABNT_TR_15220-3-1_2024;-5.85;-35.36;23;25.9;78;5639;4.5;8.2;;
2407203;Macau;RN;6A;ABNT_TR_15220-3-1_2024;-5.11;-36.63;0;27.6;71;5853;4.5;9.6;;
2407252;Major Sales;RN;6B;ABNT_TR_15220-3-1_2024;-6.40;-38.32;294;27.1;58;5930;3.2;11.2;;
2407302;Marcelino Vieira;RN;6B;ABNT_TR_15220-3-1_2024;-6.28;-38.16;224;27.3;57;5937;3.1;11.2;;
2407401;Martins;RN;5B;ABNT_TR_15220-3-1_2024;-6.08;-37.91;721;26.9;57;5992;3.2;11.3;;
2407500;Maxaranguape;RN;5A;ABNT_TR_15220-3-1_2024;-5.52;-35.26;11;26.2;77;5853;5.1;8.2;;
2407609;Messias Targino;RN;6B;ABNT_TR_15220-3-1_2024;-6.07;-37.52;183;27.8;57;5981;3.1;11.3;;
2407708;Montanhas;RN;5A;ABNT_TR_15220-3-1_2024;-6.49;-35.28;91;25.3;77;5533;4.3;8.2;;
2407807;Monte Alegre;RN;5A;ABNT_TR_15220-3-1_2024;-6.07;-35.33;42;25.8;77;5599;4.4;8.2;;
2407906;Monte das Gameleiras;RN;5A;ABNT_TR_15220-3-1_2024;-6.44;-35.78;433;25.0;76;5536;4.0;9.1;;
2408003;Mossoró;RN;6A;ABNT_TR_15220-3-1_2024;-5.18;-37.35;29;27.6;71;5870;3.5;8.5;;
2408102;Natal;RN;5A;ABNT_TR_15220-3-1_2024;-5.79;-35.20;39;26.3;78;5589;4.8;6.7;;
2408201;Nísia Floresta;RN;5A;ABNT_TR_15220-3-1_2024;-6.09;-35.20;15;25.9;77;5678;4.8;8.2;;
2408300;Nova Cruz;RN;5A;ABNT_TR_15220-3-1_2024;-6.48;-35.43;83;25.5;78;5461;4.0;8.2;;
2408409;Olho d'Água do Borges;RN;6B;ABNT_TR_15220-3-1_2024;-5.95;-37.70;143;28.1;59;5958;3.4;10.9;;
2408508;Ouro Branco;RN;6B;ABNT_TR_15220-3-1_2024;-6.70;-36.94;231;27.2;57;5910;4.2;10.9;;
2408607;Paraná;RN;6B;ABNT_TR_15220-3-1_2024;-6.48;-38.31;377;27.1;58;5934;3.3;11.2;;
2408706;Paraú;RN;6B;ABNT_TR_15220-3-1_2024;-5.77;-37.10;73;28.1;63;5962;3.9;10.8;;
2408805;Parazinho;RN;5A;ABNT_TR_15220-3-1_2024;-5.22;-35.84;70;26.4;75;5647;4.8;8.5;;
2408904;Parelhas;RN;5B;ABNT_TR_15220-3-1_2024;-6.68;-36.66;267;26.4;55;5789;4.1;10.9;;
2408953;Rio do Fogo;RN;5A;ABNT_TR_15220-3-1_2024;-5.28;-35.38;13;26.1;77;5862;5.5;8.0;;
2409100;Passa e Fica;RN;5A;ABNT_TR_15220-3-1_2024;-6.43;-35.64;175;25.6;77;5480;3.5;9.1;;
2409209;Passagem;RN;5A;ABNT_TR_15220-3-1_2024;-6.27;-35.37;91;25.8;77;5553;4.4;8.2;;
2409308;Patu;RN;6B;ABNT_TR_15220-3-1_2024;-6.11;-37.64;241;27.7;57;6014;3.3;11.3;;
2409332;Santa Maria;RN;5A;ABNT_TR_15220-3-1_2024;-5.84;-35.69;107;26.1;76;5536;3.9;8.9;;
2409407;Pau dos Ferros;RN;6B;ABNT_TR_15220-3-1_2024;-6.10;-38.21;196;27.8;57;5918;3.0;11.2;;
2409506;Pedra Grande;RN;5A;ABNT_TR_15220-3-1_2024;-5.15;-35.88;30;26.8;76;5576;4.5;8.5;;
2409605;Pedra Preta;RN;5A;ABNT_TR_15220-3-1_2024;-5.57;-36.11;191;26.2;73;5688;4.3;9.7;;
2409704;Pedro Avelino;RN;6A;ABNT_TR_15220-3-1_2024;-5.52;-36.39;89;27.2;71;5684;4.3;9.7;;
2409803;Pedro Velho;RN;5A;ABNT_TR_15220-3-1_2024;-6.44;-35.22;23;25.6;77;5505;4.5;8.2;;
2409902;Pendências;RN;6A;ABNT_TR_15220-3-1_2024;-5.26;-36.71;16;27.8;70;5739;4.1;9.6;;
2410009;Pilões;RN;6B;ABNT_TR_15220-3-1_2024;-6.26;-38.05;258;27.3;57;5973;3.2;11.2;;
2410108;Poço Branco;RN;5A;ABNT_TR_15220-3-1_2024;-5.62;-35.66;94;26.0;76;5584;4.5;8.9;;
2410207;Portalegre;RN;5B;ABNT_TR_15220-3-1_2024;-6.02;-37.99;625;26.8;58;6018;3.3;11.3;;
2410256;Porto do Mangue;RN;6A;ABNT_TR_15220-3-1_2024;-5.05;-36.79;6;27.2;71;5818;4.7;9.6;;
2410306;Serra Caiada;RN;5A;ABNT_TR_15220-3-1_2024;-6.10;-35.71;125;25.8;76;5496;3.9;9.1;;
2410405;Pureza;RN;5A;ABNT_TR_15220-3-1_2024;-5.46;-35.56;60;25.9;77;5606;4.9;8.5;;
2410504;Rafael Fernandes;RN;6B;ABNT_TR_15220-3-1_2024;-6.19;-38.22;230;27.8;57;5926;3.0;11.2;;
2410603;Rafael Godeiro;RN;6B;ABNT_TR_15220-3-1_2024;-6.07;-37.72;188;27.8;58;6005;3.6;11.3;;
2410702;Riacho da Cruz;RN;6B;ABNT_TR_15220-3-1_2024;-5.93;-37.95;155;28.0;58;5996;3.2;10.9;;
2410801;Riacho de Santana;RN;6B;ABNT_TR_15220-3-1_2024;-6.25;-38.31;271;27.1;57;5904;3.0;11.2;;
2410900;Riachuelo;RN;5A;ABNT_TR_15220-3-1_2024;-5.82;-35.82;118;25.9;76;5481;3.9;8.9;;
2411007;Rodolfo Fernandes;RN;6B;ABNT_TR_15220-3-1_2024;-5.78;-38.06;195;27.9;58;5971;3.1;10.7;;
2411056;Tibau;RN;5A;ABNT_TR_15220-3-1_2024;-4.84;-37.26;44;26.9;71;5961;4.9;9.4;;
2411106;Ruy Barbosa;RN;5A;ABNT_TR_15220-3-1_2024;-5.89;-35.93;165;25.8;75;5484;3.8;8.9;;
2411205;Santa Cruz;RN;5A;ABNT_TR_15220-3-1_2024;-6.22;-36.02;247;25.4;74;5468;3.7;10.1;;
2411403;Santana do Matos;RN;6B;ABNT_TR_15220-3-1_2024;-5.95;-36.66;153;27.5;59;5811;4.2;10.4;;
2411429;Santana do Seridó;RN;5B;ABNT_TR_15220-3-1_2024;-6.77;-36.73;317;25.6;55;5805;4.0;10.9;;
2411502;Santo Antônio;RN;5A;ABNT_TR_15220-3-1_2024;-6.31;-35.47;79;25.9;77;5521;3.7;8.2;;
2411601;São Bento do Norte;RN;5A;ABNT_TR_15220-3-1_2024;-5.09;-35.96;13;26.9;75;5629;4.7;8.5;;
2411700;São Bento do Trairí;RN;5A;ABNT_TR_15220-3-1_2024;-6.34;-36.09;259;25.1;74;5467;3.6;10.1;;
2411809;São Fernando;RN;6B;ABNT_TR_15220-3-1_2024;-6.38;-37.19;142;28.2;58;5927;3.4;11.2;;
2411908;São Francisco do Oeste;RN;6B;ABNT_TR_15220-3-1_2024;-5.97;-38.15;180;27.9;57;5917;3.1;10.7;;
2412005;São Gonçalo do Amarante;RN;5A;ABNT_TR_15220-3-1_2024;-5.79;-35.33;7;26.0;78;5662;4.7;8.2;;
2412104;São João do Sabugi;RN;6B;ABNT_TR_15220-3-1_2024;-6.71;-37.20;195;27.9;57;5950;3.4;11.3;;
2412203;São José de Mipibu;RN;5A;ABNT_TR_15220-3-1_2024;-6.08;-35.24;37;25.9;77;5678;4.7;8.2;;
2412302;São José do Campestre;RN;5A;ABNT_TR_15220-3-1_2024;-6.31;-35.71;181;25.7;76;5523;3.8;9.1;;
2412401;São José do Seridó;RN;6B;ABNT_TR_15220-3-1_2024;-6.44;-36.87;215;27.1;57;5806;3.7;10.9;;
2412500;São Miguel;RN;5B;ABNT_TR_15220-3-1_2024;-6.20;-38.49;639;25.5;56;5884;3.0;11.2;;
2412559;São Miguel do Gostoso;RN;5A;ABNT_TR_15220-3-1_2024;-5.12;-35.64;11;26.3;76;5861;5.7;8.5;;
2412609;São Paulo do Potengi;RN;5A;ABNT_TR_15220-3-1_2024;-5.90;-35.76;88;26.1;76;5520;3.8;8.9;;
2412708;São Pedro;RN;5A;ABNT_TR_15220-3-1_2024;-5.91;-35.63;80;26.0;77;5537;4.0;8.9;;
2412807;São Rafael;RN;6B;ABNT_TR_15220-3-1_2024;-5.80;-36.88;84;28.1;62;5824;3.9;10.4;;
2412906;São Tomé;RN;5A;ABNT_TR_15220-3-1_2024;-5.96;-36.08;179;25.7;74;5536;3.7;9.7;;
2413003;São Vicente;RN;5B;ABNT_TR_15220-3-1_2024;-6.22;-36.68;315;25.9;55;5743;4.4;10.9;;
2413102;Senador Elói de Souza;RN;5A;ABNT_TR_15220-3-1_2024;-6.03;-35.70;121;26.0;76;5559;3.8;9.1;;
2413201;Senador Georgino Avelino;RN;5A;ABNT_TR_15220-3-1_2024;-6.16;-35.13;53;26.0;77;5660;4.8;8.2;;
2413300;Serra de São Bento;RN;5A;ABNT_TR_15220-3-1_2024;-6.42;-35.70;385;25.2;76;5536;3.6;9.1;;
2413359;Serra do Mel;RN;5A;ABNT_TR_15220-3-1_2024;-5.18;-37.02;204;26.9;69;5837;3.9;10.3;;
2413409;Serra Negra do Norte;RN;6B;ABNT_TR_15220-3-1_2024;-6.66;-37.40;194;28.0;57;5950;3.1;11.3;;
2413508;Serrinha;RN;5A;ABNT_TR_15220-3-1_2024;-6.28;-35.50;134;25.9;76;5507;3.7;9.1;;
2413557;Serrinha dos Pintos;RN;5B;ABNT_TR_15220-3-1_2024;-6.11;-37.95;615;26.6;58;5992;3.5;11.3;;
2413607;Severiano Melo;RN;6B;ABNT_TR_15220-3-1_2024;-5.78;-37.96;142;27.9;59;5974;3.1;10.9;;
2413706;Sítio Novo;RN;5A;ABNT_TR_15220-3-1_2024;-6.11;-35.91;194;25.5;75;5498;3.8;9.1;;
2413805;Taboleiro Grande;RN;6B;ABNT_TR_15220-3-1_2024;-5.92;-38.04;159;27.6;58;5959;3.2;10.7;;
2413904;Taipu;RN;5A;ABNT_TR_15220-3-1_2024;-5.63;-35.59;51;26.0;77;5619;4.5;8.9;;
2414001;Tangará;RN;5A;ABNT_TR_15220-3-1_2024;-6.20;-35.80;185;25.7;76;5500;3.8;9.1;;
2414100;Tenente Ananias;RN;5B;ABNT_TR_15220-3-1_2024;-6.46;-38.18;330;26.9;58;5943;3.1;11.2;;
2414159;Tenente Laurentino Cruz;RN;5B;ABNT_TR_15220-3-1_2024;-6.14;-36.71;729;25.5;56;5718;4.4;10.9;;
2414209;Tibau do Sul;RN;5A;ABNT_TR_15220-3-1_2024;-6.19;-35.09;31;26.0;77;5842;4.8;8.2;;
2414308;Timbaúba dos Batistas;RN;6B;ABNT_TR_15220-3-1_2024;-6.46;-37.27;158;28.1;58;5949;3.3;11.2;;
2414407;Touros;RN;5A;ABNT_TR_15220-3-1_2024;-5.20;-35.46;10;26.3;77;5824;5.9;8.0;;
2414456;Triunfo Potiguar;RN;6B;ABNT_TR_15220-3-1_2024;-5.85;-37.18;94;27.7;60;5952;3.8;10.8;;
2414506;Umarizal;RN;6B;ABNT_TR_15220-3-1_2024;-5.98;-37.82;169;27.9;58;6025;3.4;10.9;;
2414605;Upanema;RN;6B;ABNT_TR_15220-3-1_2024;-5.64;-37.26;45;28.2;64;5916;3.6;10.8;;
2414704;Várzea;RN;5A;ABNT_TR_15220-3-1_2024;-6.35;-35.37;62;25.8;77;5553;4.3;8.2;;
2414753;Venha-Ver;RN;5B;ABNT_TR_15220-3-1_2024;-6.32;-38.49;636;25.3;56;5910;3.3;11.2;;
2414803;Vera Cruz;RN;5A;ABNT_TR_15220-3-1_2024;-6.04;-35.43;93;25.9;77;5589;4.1;8.2;;
2414902;Viçosa;RN;6B;ABNT_TR_15220-3-1_2024;-5.98;-37.95;200;27.3;58;6018;3.3;10.9;;
2415008;Vila Flor;RN;5A;ABNT_TR_15220-3-1_2024;-6.31;-35.07;30;25.9;77;5718;4.7;8.2;;
2500106;Água Branca;PB;4B;ABNT_TR_15220-3-1_2024;-7.51;-37.64;730;24.5;57;5899;3.7;11.2;;
2500205;Aguiar;PB;6B;ABNT_TR_15220-3-1_2024;-7.09;-38.17;263;27.1;58;6041;3.2;11.3;;
2500304;Alagoa Grande;PB;4A;ABNT_TR_15220-3-1_2024;-7.04;-35.62;122;24.7;83;5205;3.5;8.8;;
2500403;Alagoa Nova;PB;4A;ABNT_TR_15220-3-1_2024;-7.05;-35.76;538;23.4;82;5261;3.5;8.8;;
2500502;Alagoinha;PB;5A;ABNT_TR_15220-3-1_2024;-6.95;-35.53;167;25.1;83;5184;3.4;9.0;;
2500536;Alcantil;PB;4A;ABNT_TR_15220-3-1_2024;-7.74;-36.05;562;24.3;73;5384;4.6;9.8;;
2500577;Algodão de Jandaíra;PB;4A;ABNT_TR_15220-3-1_2024;-6.89;-36.01;442;23.6;79;5403;4.0;10.0;;
2500601;Alhandra;PB;5A;ABNT_TR_15220-3-1_2024;-7.43;-34.91;64;25.6;77;5416;3.9;7.3;;
2500700;São João do Rio do Peixe;PB;6B;ABNT_TR_15220-3-1_2024;-6.72;-38.45;246;27.6;59;5993;3.2;11.5;;
2500734;Amparo;PB;4B;ABNT_TR_15220-3-1_2024;-7.56;-37.06;644;24.5;57;5778;3.4;11.4;;
2500775;Aparecida;PB;6B;ABNT_TR_15220-3-1_2024;-6.78;-38.08;225;28.0;58;6021;3.1;11.5;;
2500809;Araçagi;PB;5A;ABNT_TR_15220-3-1_2024;-6.84;-35.37;69;25.4;81;5360;3.5;8.2;;
2500908;Arara;PB;4A;ABNT_TR_15220-3-1_2024;-6.83;-35.76;439;23.6;82;5431;3.6;9.0;;
2501005;Araruna;PB;4A;ABNT_TR_15220-3-1_2024;-6.55;-35.75;542;24.6;78;5482;3.6;9.0;;
2501104;Areia;PB;3A;ABNT_TR_15220-3-1_2024;-6.96;-35.70;548;22.7;81;5252;3.6;7.3;;
2501153;Areia de Baraúnas;PB;4B;ABNT_TR_15220-3-1_2024;-7.12;-36.94;391;24.8;57;5842;4.0;10.8;;
2501203;Areial;PB;4A;ABNT_TR_15220-3-1_2024;-7.05;-35.93;693;23.1;79;5454;3.9;8.8;;
2501302;Aroeiras;PB;4A;ABNT_TR_15220-3-1_2024;-7.54;-35.71;340;24.8;78;5303;3.5;9.0;;
2501351;Assunção;PB;4B;ABNT_TR_15220-3-1_2024;-7.07;-36.72;574;24.7;60;5642;3.8;10.8;;
2501401;Baía da Traição;PB;5A;ABNT_TR_15220-3-1_2024;-6.69;-34.94;2;25.8;77;5756;4.1;8.2;;
2501500;Bananeiras;PB;4A;ABNT_TR_15220-3-1_2024;-6.75;-35.62;536;24.3;81;5440;3.5;9.0;;
2501534;Baraúna;PB;4B;ABNT_TR_15220-3-1_2024;-6.63;-36.26;625;24.1;70;5579;4.1;10.0;;
2501575;Barra de Santana;PB;4A;ABNT_TR_15220-3-1_2024;-7.52;-35.99;364;24.5;77;5334;3.5;9.0;;
2501609;Barra de Santa Rosa;PB;4A;ABNT_TR_15220-3-1_2024;-6.72;-36.07;437;24.0;77;5435;3.8;10.0;;
2501708;Barra de São Miguel;PB;4B;ABNT_TR_15220-3-1_2024;-7.75;-36.32;485;24.5;70;5506;3.9;9.8;;
2501807;Bayeux;PB;5A;ABNT_TR_15220-3-1_2024;-7.12;-34.93;15;25.9;78;5473;4.0;7.3;;
2501906;Belém;PB;4A;ABNT_TR_15220-3-1_2024;-6.74;-35.52;302;24.9;81;5324;3.5;9.0;;
2502003;Belém do Brejo do Cruz;PB;6B;ABNT_TR_15220-3-1_2024;-6.19;-37.53;179;27.9;56;5970;3.1;11.3;;
2502052;Bernardino Batista;PB;5B;ABNT_TR_15220-3-1_2024;-6.45;-38.55;727;25.9;55;5885;3.4;10.9;;
2502102;Boa Ventura;PB;6B;ABNT_TR_15220-3-1_2024;-7.41;-38.21;304;27.2;57;5987;3.4;11.3;;
2502151;Boa Vista;PB;4A;ABNT_TR_15220-3-1_2024;-7.26;-36.24;486;24.2;76;5442;3.9;9.8;;
2502201;Bom Jesus;PB;6B;ABNT_TR_15220-3-1_2024;-6.82;-38.65;317;27.4;58;5995;3.8;11.1;;
2502300;Bom Sucesso;PB;6B;ABNT_TR_15220-3-1_2024;-6.44;-37.92;297;27.2;57;6006;3.2;11.3;;
2502409;Bonito de Santa Fé;PB;5B;ABNT_TR_15220-3-1_2024;-7.31;-38.51;591;25.1;57;5938;3.7;11.1;;
2502508;Boqueirão;PB;4A;ABNT_TR_15220-3-1_2024;-7.49;-36.13;351;24.6;77;5440;3.8;9.8;;
2502607;Igaracy;PB;6B;ABNT_TR_15220-3-1_2024;-7.17;-38.15;301;27.4;58;5999;3.1;11.3;;
2502706;Borborema;PB;4A;ABNT_TR_15220-3-1_2024;-6.80;-35.62;441;24.0;82;5352;3.5;9.0;;
2502805;Brejo do Cruz;PB;6B;ABNT_TR_15220-3-1_2024;-6.34;-37.49;193;28.0;56;5993;3.1;11.2;;
2502904;Brejo dos Santos;PB;6B;ABNT_TR_15220-3-1_2024;-6.37;-37.83;332;27.3;57;5998;3.1;11.3;;
2503001;Caaporã;PB;5A;ABNT_TR_15220-3-1_2024;-7.51;-34.91;18;25.7;77;5410;3.9;7.3;;
2503100;Cabaceiras;PB;4A;ABNT_TR_15220-3-1_2024;-7.49;-36.29;384;24.8;74;5561;4.0;9.8;;
2503209;Cabedelo;PB;5A;ABNT_TR_15220-3-1_2024;-6.99;-34.83;6;25.8;77;5619;4.2;7.3;;
2503308;Cachoeira dos Índios;PB;6B;ABNT_TR_15220-3-1_2024;-6.91;-38.68;320;27.3;58;6003;3.9;11.1;;
2503407;Cacimba de Areia;PB;5B;ABNT_TR_15220-3-1_2024;-7.12;-37.16;279;26.7;56;5950;4.1;11.3;;
2503506;Cacimba de Dentro;PB;4A;ABNT_TR_15220-3-1_2024;-6.64;-35.78;499;23.9;79;5326;3.5;9.0;;
2503555;Cacimbas;PB;5B;ABNT_TR_15220-3-1_2024;-7.21;-37.06;649;25.1;57;5810;3.9;11.3;;
2503605;Caiçara;PB;5A;ABNT_TR_15220-3-1_2024;-6.62;-35.46;128;25.2;79;5456;3.6;8.2;;
2503704;Cajazeiras;PB;6B;ABNT_TR_15220-3-1_2024;-6.88;-38.56;295;27.4;58;6022;3.7;11.1;;
2503753;Cajazeirinhas;PB;6B;ABNT_TR_15220-3-1_2024;-6.96;-37.80;249;27.4;56;5979;3.3;11.5;;
2503803;Caldas Brandão;PB;5A;ABNT_TR_15220-3-1_2024;-7.10;-35.33;79;25.5;80;5378;3.6;8.1;;
2503902;Camalaú;PB;4B;ABNT_TR_15220-3-1_2024;-7.89;-36.82;522;24.6;57;5728;3.8;10.8;;
2504009;Campina Grande;PB;4A;ABNT_TR_15220-3-1_2024;-7.22;-35.87;524;24.1;79;5280;3.9;8.9;;
2504033;Capim;PB;5A;ABNT_TR_15220-3-1_2024;-6.92;-35.17;89;25.4;79;5416;3.7;8.2;;
2504074;Caraúbas;PB;4B;ABNT_TR_15220-3-1_2024;-7.72;-36.49;450;24.9;65;5533;3.8;9.8;;
2504108;Carrapateira;PB;6B;ABNT_TR_15220-3-1_2024;-7.03;-38.34;406;27.2;58;6039;3.8;11.3;;
2504157;Casserengue;PB;4A;ABNT_TR_15220-3-1_2024;-6.78;-35.82;512;23.6;81;5439;3.7;9.0;;
2504207;Catingueira;PB;6B;ABNT_TR_15220-3-1_2024;-7.12;-37.61;322;27.3;55;5983;3.8;11.4;;
2504306;Catolé do Rocha;PB;6B;ABNT_TR_15220-3-1_2024;-6.34;-37.75;275;27.3;56;5950;3.1;11.3;;
2504355;Caturité;PB;4A;ABNT_TR_15220-3-1_2024;-7.42;-36.03;417;24.3;78;5417;3.5;9.8;;
2504405;Conceição;PB;5B;ABNT_TR_15220-3-1_2024;-7.55;-38.50;388;26.2;57;5897;3.5;11.0;;
2504504;Condado;PB;6B;ABNT_TR_15220-3-1_2024;-6.90;-37.61;241;27.7;56;6017;3.7;11.5;;
2504603;Conde;PB;5A;ABNT_TR_15220-3-1_2024;-7.26;-34.90;85;25.6;77;5449;4.2;7.3;;
2504702;Congo;PB;4B;ABNT_TR_15220-3-1_2024;-7.79;-36.66;475;24.7;59;5657;4.1;10.8;;
2504801;Coremas;PB;6B;ABNT_TR_15220-3-1_2024;-7.01;-37.93;238;27.8;57;6013;3.2;11.4;;
2504850;Coxixola;PB;4B;ABNT_TR_15220-3-1_2024;-7.62;-36.61;474;24.7;61;5599;3.8;10.8;;
2504900;Cruz do Espírito Santo;PB;5A;ABNT_TR_15220-3-1_2024;-7.14;-35.09;18;25.6;78;5395;3.9;8.1;;
2505006;Cubati;PB;4A;ABNT_TR_15220-3-1_2024;-6.87;-36.36;558;24.1;71;5596;4.1;10.0;;
2505105;Cuité;PB;4B;ABNT_TR_15220-3-1_2024;-6.48;-36.15;664;24.0;70;5428;3.8;10.1;;
2505204;Cuitegi;PB;5A;ABNT_TR_15220-3-1_2024;-6.89;-35.52;104;25.1;82;5184;3.4;9.0;;
2505238;Cuité de Mamanguape;PB;5A;ABNT_TR_15220-3-1_2024;-6.91;-35.25;69;25.4;80;5375;3.5;8.2;;
2505279;Curral de Cima;PB;5A;ABNT_TR_15220-3-1_2024;-6.72;-35.26;80;25.2;79;5433;3.9;8.2;;
2505303;Curral Velho;PB;6B;ABNT_TR_15220-3-1_2024;-7.53;-38.20;344;27.0;57;5974;3.6;11.1;;
2505352;Damião;PB;4A;ABNT_TR_15220-3-1_2024;-6.63;-35.91;580;23.9;78;5446;3.8;9.0;;
2505402;Desterro;PB;4B;ABNT_TR_15220-3-1_2024;-7.29;-37.09;602;24.5;57;5753;3.8;11.3;;
2505501;Vista Serrana;PB;6B;ABNT_TR_15220-3-1_2024;-6.73;-37.57;255;27.8;56;5972;3.8;11.5;;
2505600;Diamante;PB;5B;ABNT_TR_15220-3-1_2024;-7.42;-38.26;306;26.9;57;5987;3.4;11.3;;
2505709;Dona Inês;PB;4A;ABNT_TR_15220-3-1_2024;-6.62;-35.62;446;24.7;80;5364;3.5;9.0;;
2505808;Duas Estradas;PB;5A;ABNT_TR_15220-3-1_2024;-6.68;-35.42;148;25.3;80;5346;3.6;8.2;;
2505907;Emas;PB;6B;ABNT_TR_15220-3-1_2024;-7.10;-37.72;286;27.5;56;5973;3.5;11.4;;
2506004;Esperança;PB;4A;ABNT_TR_15220-3-1_2024;-7.02;-35.86;630;23.1;81;5442;3.8;8.8;;
2506103;Fagundes;PB;4A;ABNT_TR_15220-3-1_2024;-7.34;-35.79;594;24.1;79;5288;3.5;8.8;;
2506202;Frei Martinho;PB;5B;ABNT_TR_15220-3-1_2024;-6.40;-36.45;374;25.4;60;5678;4.2;10.1;;
2506251;Gado Bravo;PB;4A;ABNT_TR_15220-3-1_2024;-7.58;-35.79;356;24.5;77;5278;3.4;9.0;;
2506301;Guarabira;PB;5A;ABNT_TR_15220-3-1_2024;-6.85;-35.48;103;25.1;82;5241;3.4;8.2;;
2506400;Gurinhém;PB;5A;ABNT_TR_15220-3-1_2024;-7.12;-35.42;89;25.5;81;5320;3.5;8.1;;
2506509;Gurjão;PB;4A;ABNT_TR_15220-3-1_2024;-7.25;-36.49;482;24.5;71;5543;3.7;9.8;;
2506608;Ibiara;PB;5B;ABNT_TR_15220-3-1_2024;-7.48;-38.41;404;26.8;57;5941;3.5;11.3;;
2506707;Imaculada;PB;4B;ABNT_TR_15220-3-1_2024;-7.39;-37.51;763;24.3;57;5885;4.2;11.4;;
2506806;Ingá;PB;5A;ABNT_TR_15220-3-1_2024;-7.28;-35.60;157;25.0;80;5267;3.5;8.8;;
2506905;Itabaiana;PB;5A;ABNT_TR_15220-3-1_2024;-7.33;-35.33;54;25.5;79;5359;3.8;8.1;;
2507002;Itaporanga;PB;5B;ABNT_TR_15220-3-1_2024;-7.30;-38.15;297;26.9;57;5997;3.3;11.3;;
2507101;Itapororoca;PB;5A;ABNT_TR_15220-3-1_2024;-6.82;-35.24;79;25.4;79;5418;3.6;8.2;;
2507200;Itatuba;PB;5A;ABNT_TR_15220-3-1_2024;-7.38;-35.64;120;25.1;79;5277;3.4;8.8;;
2507309;Jacaraú;PB;5A;ABNT_TR_15220-3-1_2024;-6.61;-35.29;201;25.1;78;5516;4.0;8.2;;
2507408;Jericó;PB;6B;ABNT_TR_15220-3-1_2024;-6.55;-37.80;239;27.7;56;5999;3.1;11.5;;
2507507;João Pessoa;PB;5A;ABNT_TR_15220-3-1_2024;-7.12;-34.86;45;26.0;80;5475;3.7;6.4;;
2507606;Juarez Távora;PB;4A;ABNT_TR_15220-3-1_2024;-7.17;-35.57;179;24.7;81;5253;3.5;8.8;;
2507705;Juazeirinho;PB;4B;ABNT_TR_15220-3-1_2024;-7.06;-36.58;559;24.5;66;5561;3.8;10.8;;
2507804;Junco do Seridó;PB;4B;ABNT_TR_15220-3-1_2024;-6.99;-36.72;588;24.6;59;5735;3.9;10.9;;
2507903;Juripiranga;PB;5A;ABNT_TR_15220-3-1_2024;-7.36;-35.23;96;25.2;78;5385;4.0;8.1;;
2508000;Juru;PB;5B;ABNT_TR_15220-3-1_2024;-7.53;-37.82;591;25.2;57;5899;3.5;11.2;;
2508109;Lagoa;PB;6B;ABNT_TR_15220-3-1_2024;-6.59;-37.91;267;27.3;57;5999;3.1;11.5;;
2508208;Lagoa de Dentro;PB;5A;ABNT_TR_15220-3-1_2024;-6.67;-35.37;145;25.3;79;5394;3.7;8.2;;
2508307;Lagoa Seca;PB;4A;ABNT_TR_15220-3-1_2024;-7.16;-35.85;625;23.7;79;5247;3.6;8.8;;
2508406;Lastro;PB;5B;ABNT_TR_15220-3-1_2024;-6.51;-38.17;366;26.9;58;5943;3.6;11.5;;
2508505;Livramento;PB;4B;ABNT_TR_15220-3-1_2024;-7.37;-36.95;584;24.4;58;5711;3.6;10.8;;
2508554;Logradouro;PB;5A;ABNT_TR_15220-3-1_2024;-6.61;-35.44;123;25.3;79;5456;3.7;8.2;;
2508604;Lucena;PB;5A;ABNT_TR_15220-3-1_2024;-6.90;-34.87;6;25.8;78;5730;4.3;7.3;;
2508703;Mãe d'Água;PB;4B;ABNT_TR_15220-3-1_2024;-7.25;-37.43;419;24.6;56;5897;4.7;11.3;;
2508802;Malta;PB;6B;ABNT_TR_15220-3-1_2024;-6.90;-37.52;261;27.6;56;6013;3.6;11.5;;
2508901;Mamanguape;PB;5A;ABNT_TR_15220-3-1_2024;-6.83;-35.12;17;25.6;79;5432;3.9;8.2;;
2509008;Manaíra;PB;4B;ABNT_TR_15220-3-1_2024;-7.70;-38.15;736;24.5;56;5890;3.9;11.1;;
2509057;Marcação;PB;5A;ABNT_TR_15220-3-1_2024;-6.77;-35.01;97;25.8;78;5472;4.1;8.2;;
2509107;Mari;PB;5A;ABNT_TR_15220-3-1_2024;-7.06;-35.32;148;25.5;80;5378;3.6;8.1;;
2509156;Marizópolis;PB;6B;ABNT_TR_15220-3-1_2024;-6.83;-38.35;246;27.7;59;6046;3.4;11.5;;
2509206;Massaranduba;PB;4A;ABNT_TR_15220-3-1_2024;-7.19;-35.78;434;23.7;80;5215;3.5;8.8;;
2509305;Mataraca;PB;5A;ABNT_TR_15220-3-1_2024;-6.60;-35.05;66;25.5;77;5596;4.2;8.2;;
2509339;Matinhas;PB;4A;ABNT_TR_15220-3-1_2024;-7.12;-35.77;459;23.4;81;5261;3.5;8.8;;
2509370;Mato Grosso;PB;6B;ABNT_TR_15220-3-1_2024;-6.54;-37.73;195;27.9;56;6013;3.1;11.5;;
2509396;Maturéia;PB;4B;ABNT_TR_15220-3-1_2024;-7.26;-37.35;812;24.6;57;5866;4.4;11.3;;
2509404;Mogeiro;PB;5A;ABNT_TR_15220-3-1_2024;-7.29;-35.48;122;25.2;80;5273;3.7;8.1;;
2509503;Montadas;PB;4A;ABNT_TR_15220-3-1_2024;-7.09;-35.96;710;23.0;78;5437;3.9;8.8;;
2509602;Monte Horebe;PB;5B;ABNT_TR_15220-3-1_2024;-7.20;-38.58;737;25.8;55;5948;3.7;11.1;;
2509701;Monteiro;PB;5B;ABNT_TR_15220-3-1_2024;-7.88;-37.12;600;25.1;61;5887;3.3;11.4;;
2509800;Mulungu;PB;5A;ABNT_TR_15220-3-1_2024;-7.03;-35.46;99;25.3;82;5295;3.5;8.1;;
2509909;Natuba;PB;4A;ABNT_TR_15220-3-1_2024;-7.64;-35.56;422;24.1;76;5376;3.6;9.0;;
2510006;Nazarezinho;PB;6B;ABNT_TR_15220-3-1_2024;-6.91;-38.32;286;27.6;59;6059;3.6;11.5;;
2510105;Nova Floresta;PB;4B;ABNT_TR_15220-3-1_2024;-6.45;-36.21;665;24.0;68;5599;4.0;10.1;;
2510204;Nova Olinda;PB;5B;ABNT_TR_15220-3-1_2024;-7.47;-38.04;312;26.7;56;5977;3.8;11.3;;
2510303;Nova Palmeira;PB;4B;ABNT_TR_15220-3-1_2024;-6.67;-36.42;560;24.3;64;5680;4.2;10.0;;
2510402;Olho d'Água;PB;6B;ABNT_TR_15220-3-1_2024;-7.22;-37.74;276;27.7;55;5990;3.7;11.4;;
2510501;Olivedos;PB;4A;ABNT_TR_15220-3-1_2024;-6.98;-36.24;573;23.8;74;5451;4.2;10.0;;
2510600;Ouro Velho;PB;4B;ABNT_TR_15220-3-1_2024;-7.62;-37.15;593;24.6;57;5803;3.4;11.4;;
2510659;Parari;PB;4B;ABNT_TR_15220-3-1_2024;-7.31;-36.65;477;24.8;64;5627;3.7;10.8;;
2510709;Passagem;PB;5B;ABNT_TR_15220-3-1_2024;-7.13;-37.04;306;25.4;56;5882;4.0;11.3;;
2510808;Patos;PB;6B;ABNT_TR_15220-3-1_2024;-7.02;-37.27;247;27.5;55;5939;3.7;11.3;;
2510907;Paulista;PB;6B;ABNT_TR_15220-3-1_2024;-6.59;-37.62;164;27.9;56;6007;3.6;11.5;;
2511004;Pedra Branca;PB;6B;ABNT_TR_15220-3-1_2024;-7.42;-38.07;301;27.2;56;5991;3.6;11.3;;
2511103;Pedra Lavrada;PB;5B;ABNT_TR_15220-3-1_2024;-6.75;-36.48;517;25.1;63;5680;4.2;10.0;;
2511202;Pedras de Fogo;PB;5A;ABNT_TR_15220-3-1_2024;-7.39;-35.11;127;25.1;77;5403;4.2;8.1;;
2511301;Piancó;PB;6B;ABNT_TR_15220-3-1_2024;-7.19;-37.93;258;27.6;57;6001;3.2;11.4;;
2511400;Picuí;PB;4B;ABNT_TR_15220-3-1_2024;-6.51;-36.35;452;24.2;66;5671;4.2;10.0;;
2511509;Pilar;PB;5A;ABNT_TR_15220-3-1_2024;-7.26;-35.25;35;25.5;79;5387;3.7;8.1;;
2511608;Pilões;PB;4A;ABNT_TR_15220-3-1_2024;-6.87;-35.61;318;24.2;83;5292;3.5;9.0;;
2511707;Pilõezinhos;PB;4A;ABNT_TR_15220-3-1_2024;-6.84;-35.53;139;24.8;82;5210;3.5;9.0;;
2511806;Pirpirituba;PB;4A;ABNT_TR_15220-3-1_2024;-6.78;-35.49;94;24.8;81;5263;3.5;8.2;;
2511905;Pitimbu;PB;5A;ABNT_TR_15220-3-1_2024;-7.47;-34.82;4;25.9;77;5504;3.9;7.3;;
2512002;Pocinhos;PB;4A;ABNT_TR_15220-3-1_2024;-7.07;-36.07;648;23.4;77;5417;4.1;9.8;;
2512036;Poço Dantas;PB;5B;ABNT_TR_15220-3-1_2024;-6.40;-38.49;555;25.9;57;5867;3.5;11.2;;
2512077;Poço de José de Moura;PB;6B;ABNT_TR_15220-3-1_2024;-6.56;-38.51;291;27.5;58;5934;3.3;11.1;;
2512101;Pombal;PB;6B;ABNT_TR_15220-3-1_2024;-6.77;-37.80;188;28.2;56;6009;3.3;11.5;;
2512200;Prata;PB;4B;ABNT_TR_15220-3-1_2024;-7.69;-37.08;569;24.6;58;5766;3.3;11.4;;
2512309;Princesa Isabel;PB;4B;ABNT_TR_15220-3-1_2024;-7.73;-37.99;675;24.4;57;5879;3.2;11.2;;
2512408;Puxinanã;PB;4A;ABNT_TR_15220-3-1_2024;-7.15;-35.95;652;23.3;78;5404;3.8;8.8;;
2512507;Queimadas;PB;4A;ABNT_TR_15220-3-1_2024;-7.35;-35.90;548;24.2;79;5397;3.5;8.8;;
2512606;Quixaba;PB;5B;ABNT_TR_15220-3-1_2024;-7.02;-37.15;309;26.8;55;5913;4.2;11.3;;
2512705;Remígio;PB;4A;ABNT_TR_15220-3-1_2024;-6.95;-35.80;534;23.2;83;5449;3.6;9.0;;
2512721;Pedro Régis;PB;5A;ABNT_TR_15220-3-1_2024;-6.63;-35.30;157;25.1;78;5516;4.0;8.2;;
2512747;Riachão;PB;4A;ABNT_TR_15220-3-1_2024;-6.54;-35.66;179;24.6;79;5373;3.4;9.0;;
2512754;Riachão do Bacamarte;PB;4A;ABNT_TR_15220-3-1_2024;-7.25;-35.67;180;24.6;80;5267;3.4;8.8;;
2512762;Riachão do Poço;PB;5A;ABNT_TR_15220-3-1_2024;-7.14;-35.29;69;25.5;80;5380;3.6;8.1;;
2512788;Riacho de Santo Antônio;PB;4A;ABNT_TR_15220-3-1_2024;-7.68;-36.16;437;24.3;74;5435;4.4;9.8;;
2512804;Riacho dos Cavalos;PB;6B;ABNT_TR_15220-3-1_2024;-6.44;-37.65;198;27.8;56;5985;3.1;11.3;;
2512903;Rio Tinto;PB;5A;ABNT_TR_15220-3-1_2024;-6.80;-35.08;17;25.6;78;5472;4.1;8.2;;
2513000;Salgadinho;PB;4B;ABNT_TR_15220-3-1_2024;-7.10;-36.85;434;24.6;58;5747;3.9;10.8;;
2513109;Salgado de São Félix;PB;5A;ABNT_TR_15220-3-1_2024;-7.35;-35.43;50;25.0;79;5362;3.7;8.1;;
2513158;Santa Cecília;PB;4A;ABNT_TR_15220-3-1_2024;-7.74;-35.88;519;24.4;75;5339;3.7;9.0;;
2513208;Santa Cruz;PB;5B;ABNT_TR_15220-3-1_2024;-6.52;-38.06;320;26.9;58;5984;3.7;11.5;;
2513307;Santa Helena;PB;6B;ABNT_TR_15220-3-1_2024;-6.72;-38.64;293;27.6;58;5990;3.6;11.1;;
2513356;Santa Inês;PB;5B;ABNT_TR_15220-3-1_2024;-7.62;-38.55;419;25.8;57;5897;3.5;11.0;;
2513406;Santa Luzia;PB;5B;ABNT_TR_15220-3-1_2024;-6.86;-36.92;319;26.0;55;5860;4.3;10.9;;
2513505;Santana de Mangueira;PB;6B;ABNT_TR_15220-3-1_2024;-7.55;-38.32;367;27.1;57;5956;3.5;11.1;;
2513604;Santana dos Garrotes;PB;6B;ABNT_TR_15220-3-1_2024;-7.38;-37.98;303;27.2;56;5944;3.8;11.4;;
2513653;Joca Claudino;PB;5B;ABNT_TR_15220-3-1_2024;-6.48;-38.48;358;26.8;58;5885;3.4;11.2;;
2513703;Santa Rita;PB;5A;ABNT_TR_15220-3-1_2024;-7.12;-34.98;6;25.7;78;5473;4.0;7.3;;
2513802;Santa Teresinha;PB;6B;ABNT_TR_15220-3-1_2024;-7.08;-37.44;290;27.1;55;6032;3.9;11.3;;
2513851;Santo André;PB;4B;ABNT_TR_15220-3-1_2024;-7.22;-36.62;505;24.6;66;5622;3.7;10.8;;
2513901;São Bento;PB;6B;ABNT_TR_15220-3-1_2024;-6.49;-37.45;145;28.2;57;5979;3.1;11.2;;
2513927;São Bentinho;PB;6B;ABNT_TR_15220-3-1_2024;-6.89;-37.72;254;27.8;56;6006;3.4;11.5;;
2513943;São Domingos do Cariri;PB;4B;ABNT_TR_15220-3-1_2024;-7.63;-36.44;415;24.8;69;5497;3.6;9.8;;
2513968;São Domingos;PB;6B;ABNT_TR_15220-3-1_2024;-6.80;-37.95;192;28.1;57;6001;3.1;11.5;;
2513984;São Francisco;PB;6B;ABNT_TR_15220-3-1_2024;-6.61;-38.10;343;27.2;58;5976;3.6;11.5;;
2514008;São João do Cariri;PB;4B;ABNT_TR_15220-3-1_2024;-7.38;-36.53;453;24.7;69;5604;3.7;10.8;;
2514107;São João do Tigre;PB;4B;ABNT_TR_15220-3-1_2024;-8.08;-36.85;602;24.4;59;5662;3.9;10.5;;
2514206;São José da Lagoa Tapada;PB;6B;ABNT_TR_15220-3-1_2024;-6.94;-38.16;257;27.6;59;6042;3.4;11.5;;
2514305;São José de Caiana;PB;5B;ABNT_TR_15220-3-1_2024;-7.25;-38.30;587;26.4;56;6028;3.4;11.3;;
2514404;São José de Espinharas;PB;6B;ABNT_TR_15220-3-1_2024;-6.84;-37.32;214;28.0;56;5944;3.4;11.3;;
2514453;São José dos Ramos;PB;5A;ABNT_TR_15220-3-1_2024;-7.25;-35.37;97;25.4;80;5359;3.6;8.1;;
2514503;São José de Piranhas;PB;5B;ABNT_TR_15220-3-1_2024;-7.12;-38.50;339;26.7;58;6023;3.7;11.1;;
2514552;São José de Princesa;PB;4B;ABNT_TR_15220-3-1_2024;-7.74;-38.09;724;24.2;56;5923;3.6;11.1;;
2514602;São José do Bonfim;PB;5B;ABNT_TR_15220-3-1_2024;-7.16;-37.30;297;25.6;56;5951;3.9;11.3;;
2514651;São José do Brejo do Cruz;PB;6B;ABNT_TR_15220-3-1_2024;-6.21;-37.36;166;28.3;56;5945;3.1;11.2;;
2514701;São José do Sabugi;PB;5B;ABNT_TR_15220-3-1_2024;-6.76;-36.80;335;26.0;55;5805;4.0;10.9;;
2514800;São José dos Cordeiros;PB;4B;ABNT_TR_15220-3-1_2024;-7.39;-36.81;516;24.5;59;5680;3.6;10.8;;
2514909;São Mamede;PB;6B;ABNT_TR_15220-3-1_2024;-6.92;-37.10;257;27.2;55;5895;4.2;11.3;;
2515005;São Miguel de Taipu;PB;5A;ABNT_TR_15220-3-1_2024;-7.25;-35.20;30;25.6;79;5344;3.9;8.1;;
2515104;São Sebastião de Lagoa de Roça;PB;4A;ABNT_TR_15220-3-1_2024;-7.11;-35.87;622;23.0;79;5349;3.7;8.8;;
2515203;São Sebastião do Umbuzeiro;PB;4B;ABNT_TR_15220-3-1_2024;-8.15;-37.01;597;23.8;60;5664;3.9;11.1;;
2515302;Sapé;PB;5A;ABNT_TR_15220-3-1_2024;-7.09;-35.23;122;25.5;79;5380;3.7;8.1;;
2515401;São Vicente do Seridó;PB;4B;ABNT_TR_15220-3-1_2024;-6.85;-36.41;512;24.1;69;5658;4.1;10.0;;
2515500;Serra Branca;PB;4B;ABNT_TR_15220-3-1_2024;-7.48;-36.67;504;24.6;61;5606;3.9;10.8;;
2515609;Serra da Raiz;PB;5A;ABNT_TR_15220-3-1_2024;-6.69;-35.44;301;25.3;80;5346;3.6;8.2;;
2515708;Serra Grande;PB;5B;ABNT_TR_15220-3-1_2024;-7.21;-38.36;546;25.9;57;6002;3.5;11.3;;
2515807;Serra Redonda;PB;4A;ABNT_TR_15220-3-1_2024;-7.19;-35.68;363;24.2;81;5185;3.5;8.8;;
2515906;Serraria;PB;4A;ABNT_TR_15220-3-1_2024;-6.82;-35.63;505;24.0;82;5352;3.5;9.0;;
2515930;Sertãozinho;PB;5A;ABNT_TR_15220-3-1_2024;-6.75;-35.44;132;25.4;81;5263;3.6;8.2;;
2515971;Sobrado;PB;5A;ABNT_TR_15220-3-1_2024;-7.14;-35.24;52;25.5;79;5380;3.8;8.1;;
2516003;Solânea;PB;4A;ABNT_TR_15220-3-1_2024;-6.75;-35.66;623;23.4;81;5352;3.4;9.0;;
2516102;Soledade;PB;4A;ABNT_TR_15220-3-1_2024;-7.06;-36.37;522;24.2;72;5478;3.8;9.8;;
2516151;Sossêgo;PB;4A;ABNT_TR_15220-3-1_2024;-6.77;-36.25;575;23.8;72;5496;4.1;10.0;;
2516201;Sousa;PB;6B;ABNT_TR_15220-3-1_2024;-6.75;-38.23;223;27.9;56;6086;2.1;10.9;;
2516300;Sumé;PB;4B;ABNT_TR_15220-3-1_2024;-7.66;-36.88;560;24.9;57;5695;3.4;10.8;;
2516409;Tacima;PB;5A;ABNT_TR_15220-3-1_2024;-6.49;-35.64;166;25.2;78;5373;3.5;9.1;;
2516508;Taperoá;PB;4B;ABNT_TR_15220-3-1_2024;-7.21;-36.82;527;24.7;59;5703;3.8;10.8;;
2516607;Tavares;PB;5B;ABNT_TR_15220-3-1_2024;-7.63;-37.87;740;25.1;56;5882;3.3;11.2;;
2516706;Teixeira;PB;5B;ABNT_TR_15220-3-1_2024;-7.22;-37.25;777;25.6;57;5914;4.1;11.3;;
2516755;Tenório;PB;4B;ABNT_TR_15220-3-1_2024;-6.94;-36.63;608;24.8;60;5688;4.0;10.9;;
2516805;Triunfo;PB;6B;ABNT_TR_15220-3-1_2024;-6.57;-38.60;302;27.4;58;5934;3.3;11.1;;
2516904;Uiraúna;PB;6B;ABNT_TR_15220-3-1_2024;-6.52;-38.41;300;27.2;58;5885;3.3;11.5;;
2517001;Umbuzeiro;PB;4A;ABNT_TR_15220-3-1_2024;-7.69;-35.66;483;24.0;75;5310;3.7;9.0;;
2517100;Várzea;PB;6B;ABNT_TR_15220-3-1_2024;-6.76;-36.99;278;27.2;57;5881;4.2;10.9;;
2517209;Vieirópolis;PB;6B;ABNT_TR_15220-3-1_2024;-6.51;-38.26;327;27.1;58;5942;3.2;11.5;;
2517407;Zabelê;PB;4B;ABNT_TR_15220-3-1_2024;-8.08;-37.11;624;24.5;58;5686;3.4;11.1;;
2600054;Abreu e Lima;PE;5A;ABNT_TR_15220-3-1_2024;-7.90;-34.90;43;25.7;77;5404;3.4;7.3;;
2600104;Afogados da Ingazeira;PE;5B;ABNT_TR_15220-3-1_2024;-7.74;-37.63;506;25.2;56;5844;3.3;11.2;;
2600203;Afrânio;PE;5B;ABNT_TR_15220-3-1_2024;-8.51;-41.01;540;25.8;56;5845;4.2;10.2;;
2600302;Agrestina;PE;4A;ABNT_TR_15220-3-1_2024;-8.46;-35.94;428;23.1;73;5307;3.4;8.8;;
2600401;Água Preta;PE;4A;ABNT_TR_15220-3-1_2024;-8.71;-35.53;130;24.4;77;5145;3.2;8.4;;
2600500;Águas Belas;PE;4B;ABNT_TR_15220-3-1_2024;-9.11;-37.12;382;24.6;70;5473;3.4;10.1;;
2600609;Alagoinha;PE;4B;ABNT_TR_15220-3-1_2024;-8.47;-36.78;737;23.4;62;5465;3.9;10.5;;
2600708;Aliança;PE;5A;ABNT_TR_15220-3-1_2024;-7.60;-35.22;82;25.4;77;5205;3.9;8.1;;
2600807;Altinho;PE;3B;ABNT_TR_15220-3-1_2024;-8.48;-36.06;444;22.8;72;5272;3.5;9.6;;
2600906;Amaraji;PE;4A;ABNT_TR_15220-3-1_2024;-8.38;-35.45;292;23.4;75;4983;3.2;7.9;;
2601003;Angelim;PE;3B;ABNT_TR_15220-3-1_2024;-8.88;-36.29;660;21.7;72;5198;3.7;9.1;;
2601052;Araçoiaba;PE;5A;ABNT_TR_15220-3-1_2024;-7.78;-35.08;140;25.0;76;5313;3.4;8.1;;
2601102;Araripina;PE;4B;ABNT_TR_15220-3-1_2024;-7.57;-40.49;632;24.7;57;5636;3.8;10.4;;
2601201;Arcoverde;PE;4B;ABNT_TR_15220-3-1_2024;-8.42;-37.06;702;23.9;68;5633;3.4;10.6;;
2601300;Barra de Guabiraba;PE;3B;ABNT_TR_15220-3-1_2024;-8.42;-35.66;489;22.2;73;5122;3.2;8.8;;
2601409;Barreiros;PE;5A;ABNT_TR_15220-3-1_2024;-8.82;-35.18;21;25.4;78;5337;3.6;7.7;;
2601508;Belém de Maria;PE;4A;ABNT_TR_15220-3-1_2024;-8.63;-35.83;279;23.3;76;5256;3.0;8.4;;
2601607;Belém do São Francisco;PE;5B;ABNT_TR_15220-3-1_2024;-8.75;-38.96;316;26.6;55;5954;4.3;11.1;;
2601706;Belo Jardim;PE;3B;ABNT_TR_15220-3-1_2024;-8.33;-36.43;616;22.4;64;5326;3.7;9.6;;
2601805;Betânia;PE;5B;ABNT_TR_15220-3-1_2024;-8.27;-38.03;449;25.9;56;5752;3.2;11.2;;
2601904;Bezerros;PE;4A;ABNT_TR_15220-3-1_2024;-8.23;-35.80;505;23.0;72;5161;3.8;8.8;;
2602001;Bodocó;PE;5B;ABNT_TR_15220-3-1_2024;-7.78;-39.93;449;25.7;58;5647;3.9;10.5;;
2602100;Bom Conselho;PE;4A;ABNT_TR_15220-3-1_2024;-9.17;-36.69;632;23.1;74;5356;3.9;9.6;;
2602209;Bom Jardim;PE;4A;ABNT_TR_15220-3-1_2024;-7.80;-35.58;360;24.2;75;5192;3.5;9.0;;
2602308;Bonito;PE;3A;ABNT_TR_15220-3-1_2024;-8.47;-35.73;430;22.8;74;5174;3.2;8.8;;
2602407;Brejão;PE;3B;ABNT_TR_15220-3-1_2024;-9.03;-36.57;764;22.1;71;5304;4.0;9.6;;
2602506;Brejinho;PE;4B;ABNT_TR_15220-3-1_2024;-7.35;-37.29;741;24.3;57;5833;3.7;11.3;;
2602605;Brejo da Madre de Deus;PE;4B;ABNT_TR_15220-3-1_2024;-8.15;-36.37;697;23.4;64;5452;3.5;9.6;;
2602704;Buenos Aires;PE;5A;ABNT_TR_15220-3-1_2024;-7.72;-35.32;148;25.1;76;5141;3.6;8.1;;
2602803;Buíque;PE;4B;ABNT_TR_15220-3-1_2024;-8.62;-37.16;830;23.2;63;5650;3.3;10.6;;
2602902;Cabo de Santo Agostinho;PE;5A;ABNT_TR_15220-3-1_2024;-8.28;-35.03;17;25.4;76;5252;3.2;7.9;;
2603009;Cabrobó;PE;6B;ABNT_TR_15220-3-1_2024;-8.51;-39.31;333;27.3;43;5644;1.8;9.9;;
2603108;Cachoeirinha;PE;3B;ABNT_TR_15220-3-1_2024;-8.49;-36.24;535;22.8;69;5303;3.3;9.6;;
2603207;Caetés;PE;3B;ABNT_TR_15220-3-1_2024;-8.78;-36.63;864;21.6;65;5442;3.8;9.9;;
2603306;Calçado;PE;3B;ABNT_TR_15220-3-1_2024;-8.73;-36.34;705;22.0;69;5295;3.8;9.1;;
2603405;Calumbi;PE;5B;ABNT_TR_15220-3-1_2024;-7.94;-38.15;444;25.2;58;5823;3.2;11.1;;
2603454;Camaragibe;PE;5A;ABNT_TR_15220-3-1_2024;-8.02;-34.98;49;25.5;78;5284;3.4;7.2;;
2603504;Camocim de São Félix;PE;3B;ABNT_TR_15220-3-1_2024;-8.36;-35.77;694;22.6;71;5192;3.6;8.8;;
2603603;Camutanga;PE;5A;ABNT_TR_15220-3-1_2024;-7.41;-35.27;97;25.2;78;5385;3.8;8.1;;
2603702;Canhotinho;PE;3A;ABNT_TR_15220-3-1_2024;-8.88;-36.20;546;22.0;74;5155;3.5;9.1;;
2603801;Capoeiras;PE;3B;ABNT_TR_15220-3-1_2024;-8.73;-36.63;880;21.8;65;5478;3.8;9.9;;
2603900;Carnaíba;PE;5B;ABNT_TR_15220-3-1_2024;-7.79;-37.79;514;25.5;56;5843;3.3;11.2;;
2603926;Carnaubeira da Penha;PE;5B;ABNT_TR_15220-3-1_2024;-8.32;-38.75;460;25.2;56;5745;3.5;11.0;;
2604007;Carpina;PE;4A;ABNT_TR_15220-3-1_2024;-7.85;-35.25;181;24.9;76;5265;3.5;8.1;;
2604106;Caruaru;PE;3B;ABNT_TR_15220-3-1_2024;-8.28;-35.97;546;22.6;71;5255;3.7;8.8;;
2604155;Casinhas;PE;4A;ABNT_TR_15220-3-1_2024;-7.74;-35.72;435;24.0;75;5320;3.6;9.0;;
2604205;Catende;PE;4A;ABNT_TR_15220-3-1_2024;-8.68;-35.70;163;23.9;77;5093;2.9;8.4;;
2604304;Cedro;PE;5B;ABNT_TR_15220-3-1_2024;-7.71;-39.24;552;25.7;56;5698;3.4;10.7;;
2604403;Chã de Alegria;PE;4A;ABNT_TR_15220-3-1_2024;-8.01;-35.20;94;24.9;77;5326;3.3;7.9;;
2604502;Chã Grande;PE;4A;ABNT_TR_15220-3-1_2024;-8.24;-35.46;455;23.2;73;5247;3.3;7.9;;
2604601;Condado;PE;5A;ABNT_TR_15220-3-1_2024;-7.59;-35.10;133;25.4;76;5328;4.2;8.1;;
2604700;Correntes;PE;3A;ABNT_TR_15220-3-1_2024;-9.12;-36.32;435;22.4;75;5244;3.4;8.8;;
2604809;Cortês;PE;4A;ABNT_TR_15220-3-1_2024;-8.47;-35.55;310;24.0;75;4985;3.1;8.8;;
2604908;Cumaru;PE;4A;ABNT_TR_15220-3-1_2024;-8.01;-35.70;374;24.3;74;5206;3.8;8.8;;
2605004;Cupira;PE;3A;ABNT_TR_15220-3-1_2024;-8.62;-35.95;425;22.5;74;5283;3.2;8.4;;
2605103;Custódia;PE;5B;ABNT_TR_15220-3-1_2024;-8.09;-37.64;540;25.3;57;5793;3.0;11.2;;
2605152;Dormentes;PE;5B;ABNT_TR_15220-3-1_2024;-8.44;-40.77;496;25.8;57;5719;3.6;10.1;;
2605202;Escada;PE;4A;ABNT_TR_15220-3-1_2024;-8.36;-35.22;92;24.7;76;5198;3.6;7.9;;
2605301;Exu;PE;4B;ABNT_TR_15220-3-1_2024;-7.50;-39.72;510;24.5;58;5650;3.9;10.5;;
2605400;Feira Nova;PE;4A;ABNT_TR_15220-3-1_2024;-7.95;-35.38;171;24.8;76;5288;3.5;8.1;;
2605459;Fernando de Noronha;PE;5A;ABNT_TR_15220-3-1_2024;-3.84;-32.41;44;26.1;75;6027;5.1;6.0;;
2605509;Ferreiros;PE;5A;ABNT_TR_15220-3-1_2024;-7.45;-35.24;85;25.2;78;5385;3.7;8.1;;
2605608;Flores;PE;5B;ABNT_TR_15220-3-1_2024;-7.86;-37.97;478;25.6;57;5783;3.2;11.2;;
2605707;Floresta;PE;5B;ABNT_TR_15220-3-1_2024;-8.60;-38.57;318;26.5;56;5734;3.3;11.1;;
2605806;Frei Miguelinho;PE;4A;ABNT_TR_15220-3-1_2024;-7.94;-35.91;419;24.2;74;5302;3.5;9.0;;
2605905;Gameleira;PE;4A;ABNT_TR_15220-3-1_2024;-8.58;-35.38;88;24.5;77;5201;3.2;7.7;;
2606002;Garanhuns;PE;3B;ABNT_TR_15220-3-1_2024;-8.88;-36.50;944;21.8;68;5252;4.0;9.1;;
2606101;Glória do Goitá;PE;4A;ABNT_TR_15220-3-1_2024;-8.01;-35.29;164;24.8;76;5326;3.4;7.9;;
2606200;Goiana;PE;5A;ABNT_TR_15220-3-1_2024;-7.56;-35.00;15;25.5;77;5451;4.0;7.3;;
2606309;Granito;PE;5B;ABNT_TR_15220-3-1_2024;-7.71;-39.62;446;26.0;58;5674;3.5;10.5;;
2606408;Gravatá;PE;4A;ABNT_TR_15220-3-1_2024;-8.21;-35.57;509;23.0;73;5242;3.9;8.8;;
2606507;Iati;PE;4A;ABNT_TR_15220-3-1_2024;-9.05;-36.85;485;23.7;72;5439;4.3;9.6;;
2606606;Ibimirim;PE;5B;ABNT_TR_15220-3-1_2024;-8.54;-37.70;435;25.5;60;5781;2.9;11.0;;
2606705;Ibirajuba;PE;3B;ABNT_TR_15220-3-1_2024;-8.58;-36.18;640;22.4;69;5235;3.6;9.1;;
2606804;Igarassu;PE;5A;ABNT_TR_15220-3-1_2024;-7.83;-34.90;2;25.8;77;5333;3.6;7.3;;
2606903;Iguaracy;PE;5B;ABNT_TR_15220-3-1_2024;-7.83;-37.51;567;25.0;57;5837;3.4;11.2;;
2607000;Inajá;PE;5B;ABNT_TR_15220-3-1_2024;-8.90;-37.84;364;25.2;61;5622;3.3;11.0;;
2607109;Ingazeira;PE;5B;ABNT_TR_15220-3-1_2024;-7.67;-37.46;534;25.3;57;5813;3.3;11.4;;
2607208;Ipojuca;PE;5A;ABNT_TR_15220-3-1_2024;-8.39;-35.06;55;25.1;76;5275;2.9;7.9;;
2607307;Ipubi;PE;4B;ABNT_TR_15220-3-1_2024;-7.65;-40.15;523;24.7;58;5589;3.6;10.4;;
2607406;Itacuruba;PE;5B;ABNT_TR_15220-3-1_2024;-8.82;-38.70;306;26.3;55;5816;3.8;11.1;;
2607505;Itaíba;PE;4B;ABNT_TR_15220-3-1_2024;-8.95;-37.42;486;24.0;63;5628;3.3;10.6;;
2607604;Ilha de Itamaracá;PE;5A;ABNT_TR_15220-3-1_2024;-7.75;-34.83;8;25.7;77;5532;3.5;7.3;;
2607653;Itambé;PE;5A;ABNT_TR_15220-3-1_2024;-7.41;-35.10;111;25.1;77;5377;4.2;8.1;;
2607703;Itapetim;PE;4B;ABNT_TR_15220-3-1_2024;-7.37;-37.19;642;24.4;57;5754;3.5;11.3;;
2607752;Itapissuma;PE;5A;ABNT_TR_15220-3-1_2024;-7.77;-34.90;17;25.8;77;5518;3.6;7.3;;
2607802;Itaquitinga;PE;5A;ABNT_TR_15220-3-1_2024;-7.66;-35.10;89;25.1;77;5311;4.1;8.1;;
2607901;Jaboatão dos Guararapes;PE;5A;ABNT_TR_15220-3-1_2024;-8.11;-35.02;45;25.5;77;5297;3.4;7.9;;
2607950;Jaqueira;PE;4A;ABNT_TR_15220-3-1_2024;-8.73;-35.79;197;23.3;77;5093;3.1;8.4;;
2608008;Jataúba;PE;4B;ABNT_TR_15220-3-1_2024;-7.98;-36.49;648;23.9;61;5515;3.9;9.8;;
2608057;Jatobá;PE;5B;ABNT_TR_15220-3-1_2024;-9.17;-38.26;287;25.6;62;5580;3.1;10.8;;
2608107;João Alfredo;PE;4A;ABNT_TR_15220-3-1_2024;-7.87;-35.58;283;24.4;75;5163;3.5;9.0;;
2608206;Joaquim Nabuco;PE;4A;ABNT_TR_15220-3-1_2024;-8.62;-35.53;175;24.2;77;5045;3.1;8.4;;
2608255;Jucati;PE;3B;ABNT_TR_15220-3-1_2024;-8.70;-36.49;820;22.0;66;5307;3.8;9.1;;
2608305;Jupi;PE;3B;ABNT_TR_15220-3-1_2024;-8.71;-36.41;765;22.0;67;5307;3.7;9.1;;
2608404;Jurema;PE;3B;ABNT_TR_15220-3-1_2024;-8.71;-36.13;704;21.9;71;5278;3.9;9.1;;
2608453;Lagoa do Carro;PE;4A;ABNT_TR_15220-3-1_2024;-7.84;-35.31;128;24.9;76;5199;3.5;8.1;;
2608503;Lagoa de Itaenga;PE;4A;ABNT_TR_15220-3-1_2024;-7.93;-35.29;143;24.9;76;5324;3.4;8.1;;
2608602;Lagoa do Ouro;PE;3A;ABNT_TR_15220-3-1_2024;-9.13;-36.46;660;22.3;74;5277;3.6;8.8;;
2608701;Lagoa dos Gatos;PE;3A;ABNT_TR_15220-3-1_2024;-8.66;-35.90;465;22.5;74;5162;3.0;8.4;;
2608750;Lagoa Grande;PE;5B;ABNT_TR_15220-3-1_2024;-8.99;-40.28;367;26.9;57;5695;3.5;10.1;;
2608800;Lajedo;PE;3B;ABNT_TR_15220-3-1_2024;-8.66;-36.33;692;22.0;68;5295;3.5;9.1;;
2608909;Limoeiro;PE;4A;ABNT_TR_15220-3-1_2024;-7.87;-35.44;128;24.8;76;5191;3.5;8.1;;
2609006;Macaparana;PE;4A;ABNT_TR_15220-3-1_2024;-7.56;-35.44;305;24.3;77;5166;3.4;8.1;;
2609105;Machados;PE;4A;ABNT_TR_15220-3-1_2024;-7.69;-35.51;386;24.3;76;5237;3.6;9.0;;
2609154;Manari;PE;4B;ABNT_TR_15220-3-1_2024;-8.96;-37.63;552;24.6;61;5578;3.4;11.0;;
2609204;Maraial;PE;4A;ABNT_TR_15220-3-1_2024;-8.79;-35.83;313;23.4;77;5063;3.0;8.4;;
2609303;Mirandiba;PE;5B;ABNT_TR_15220-3-1_2024;-8.12;-38.74;476;25.9;57;5775;3.3;11.0;;
2609402;Moreno;PE;5A;ABNT_TR_15220-3-1_2024;-8.11;-35.08;98;25.1;77;5297;3.3;7.9;;
2609501;Nazaré da Mata;PE;5A;ABNT_TR_15220-3-1_2024;-7.74;-35.22;70;25.2;77;5217;3.8;8.1;;
2609600;Olinda;PE;5A;ABNT_TR_15220-3-1_2024;-8.01;-34.85;32;25.8;77;5462;3.6;7.2;;
2609709;Orobó;PE;4A;ABNT_TR_15220-3-1_2024;-7.75;-35.60;403;24.0;75;5237;3.5;9.0;;
2609808;Orocó;PE;5B;ABNT_TR_15220-3-1_2024;-8.61;-39.60;360;26.8;54;5755;3.8;10.2;;
2609907;Ouricuri;PE;5B;ABNT_TR_15220-3-1_2024;-7.88;-40.08;446;26.9;55;5573;3.2;10.1;;
2610004;Palmares;PE;4A;ABNT_TR_15220-3-1_2024;-8.68;-35.59;111;24.2;77;5145;3.0;8.4;;
2610103;Palmeirina;PE;3A;ABNT_TR_15220-3-1_2024;-9.01;-36.32;559;22.0;74;5206;3.5;8.8;;
2610202;Panelas;PE;3A;ABNT_TR_15220-3-1_2024;-8.66;-36.01;484;22.0;74;5227;3.7;9.1;;
2610301;Paranatama;PE;3B;ABNT_TR_15220-3-1_2024;-8.92;-36.65;847;22.4;68;5412;4.2;9.9;;
2610400;Parnamirim;PE;5B;ABNT_TR_15220-3-1_2024;-8.09;-39.58;385;26.6;56;5704;3.7;10.3;;
2610509;Passira;PE;4A;ABNT_TR_15220-3-1_2024;-8.00;-35.58;203;24.6;76;5191;3.8;9.0;;
2610608;Paudalho;PE;4A;ABNT_TR_15220-3-1_2024;-7.90;-35.17;96;24.9;77;5341;3.2;8.1;;
2610707;Paulista;PE;5A;ABNT_TR_15220-3-1_2024;-7.93;-34.87;8;25.7;77;5404;3.4;7.3;;
2610806;Pedra;PE;4B;ABNT_TR_15220-3-1_2024;-8.50;-36.94;618;23.8;62;5570;3.7;10.5;;
2610905;Pesqueira;PE;4B;ABNT_TR_15220-3-1_2024;-8.36;-36.70;654;23.0;62;5402;3.8;10.5;;
2611002;Petrolândia;PE;5B;ABNT_TR_15220-3-1_2024;-9.07;-38.30;302;25.4;59;5707;3.4;10.8;;
2611101;Petrolina;PE;6B;ABNT_TR_15220-3-1_2024;-9.39;-40.50;385;27.5;58;5718;3.9;10.5;;
2611200;Poção;PE;3B;ABNT_TR_15220-3-1_2024;-8.19;-36.71;1033;22.4;62;5671;4.1;10.5;;
2611309;Pombos;PE;4A;ABNT_TR_15220-3-1_2024;-8.14;-35.40;204;24.2;75;5252;3.6;7.9;;
2611408;Primavera;PE;4A;ABNT_TR_15220-3-1_2024;-8.33;-35.35;207;23.4;75;5002;3.4;7.9;;
2611507;Quipapá;PE;3A;ABNT_TR_15220-3-1_2024;-8.81;-36.01;523;22.0;75;5067;3.3;9.1;;
2611533;Quixaba;PE;4B;ABNT_TR_15220-3-1_2024;-7.71;-37.84;588;24.9;57;5875;3.3;11.2;;
2611606;Recife;PE;5A;ABNT_TR_15220-3-1_2024;-8.05;-34.88;7;26.7;76;5331;4.3;4.9;;
2611705;Riacho das Almas;PE;4A;ABNT_TR_15220-3-1_2024;-8.14;-35.86;413;23.9;73;5254;3.6;8.8;;
2611804;Ribeirão;PE;4A;ABNT_TR_15220-3-1_2024;-8.51;-35.37;109;24.5;76;5158;3.1;7.7;;
2611903;Rio Formoso;PE;5A;ABNT_TR_15220-3-1_2024;-8.66;-35.15;6;25.2;77;5302;3.1;7.7;;
2612000;Sairé;PE;3B;ABNT_TR_15220-3-1_2024;-8.33;-35.70;647;22.2;71;5212;3.5;8.8;;
2612109;Salgadinho;PE;4A;ABNT_TR_15220-3-1_2024;-7.93;-35.65;291;24.1;75;5269;3.6;9.0;;
2612208;Salgueiro;PE;5B;ABNT_TR_15220-3-1_2024;-8.07;-39.12;420;26.2;55;5704;3.5;10.5;;
2612307;Saloá;PE;3B;ABNT_TR_15220-3-1_2024;-8.97;-36.69;774;22.6;69;5349;4.2;9.9;;
2612406;Sanharó;PE;3B;ABNT_TR_15220-3-1_2024;-8.36;-36.57;658;22.8;62;5377;3.9;10.5;;
2612455;Santa Cruz;PE;5B;ABNT_TR_15220-3-1_2024;-8.24;-40.34;536;25.8;58;5591;3.5;10.2;;
2612471;Santa Cruz da Baixa Verde;PE;4B;ABNT_TR_15220-3-1_2024;-7.81;-38.15;867;24.1;55;5864;3.8;11.1;;
2612505;Santa Cruz do Capibaribe;PE;4A;ABNT_TR_15220-3-1_2024;-7.95;-36.21;444;24.1;71;5429;3.9;9.8;;
2612554;Santa Filomena;PE;5B;ABNT_TR_15220-3-1_2024;-8.17;-40.61;650;25.6;56;5771;3.9;10.1;;
2612604;Santa Maria da Boa Vista;PE;5B;ABNT_TR_15220-3-1_2024;-8.80;-39.82;378;26.8;55;5670;3.6;10.2;;
2612703;Santa Maria do Cambucá;PE;4A;ABNT_TR_15220-3-1_2024;-7.84;-35.89;543;24.0;73;5341;3.7;9.0;;
2612802;Santa Terezinha;PE;4B;ABNT_TR_15220-3-1_2024;-7.38;-37.48;823;24.3;57;5865;4.1;11.3;;
2612901;São Benedito do Sul;PE;3A;ABNT_TR_15220-3-1_2024;-8.82;-35.95;418;22.5;76;5095;3.2;8.4;;
2613008;São Bento do Una;PE;3B;ABNT_TR_15220-3-1_2024;-8.53;-36.45;633;22.8;65;5312;3.4;9.1;;
2613107;São Caitano;PE;3B;ABNT_TR_15220-3-1_2024;-8.34;-36.29;597;22.8;66;5267;3.6;9.6;;
2613206;São João;PE;3B;ABNT_TR_15220-3-1_2024;-8.88;-36.37;714;21.8;70;5219;3.9;9.1;;
2613305;São Joaquim do Monte;PE;3B;ABNT_TR_15220-3-1_2024;-8.43;-35.80;489;22.6;73;5184;3.2;8.8;;
2613404;São José da Coroa Grande;PE;5A;ABNT_TR_15220-3-1_2024;-8.89;-35.15;13;25.4;78;5417;3.4;7.7;;
2613503;São José do Belmonte;PE;5B;ABNT_TR_15220-3-1_2024;-7.86;-38.76;473;25.7;58;5790;3.3;11.0;;
2613602;São José do Egito;PE;4B;ABNT_TR_15220-3-1_2024;-7.47;-37.27;595;24.8;57;5769;3.4;11.3;;
2613701;São Lourenço da Mata;PE;5A;ABNT_TR_15220-3-1_2024;-8.01;-35.01;62;25.5;77;5318;3.4;7.9;;
2613800;São Vicente Férrer;PE;4A;ABNT_TR_15220-3-1_2024;-7.59;-35.48;434;23.9;76;5166;3.4;8.1;;
2613909;Serra Talhada;PE;5B;ABNT_TR_15220-3-1_2024;-7.98;-38.29;448;26.2;56;5809;2.7;10.9;;
2614006;Serrita;PE;5B;ABNT_TR_15220-3-1_2024;-7.94;-39.30;425;25.8;55;5694;3.3;10.7;;
2614105;Sertânia;PE;4B;ABNT_TR_15220-3-1_2024;-8.07;-37.27;575;24.9;58;5729;3.2;11.1;;
2614204;Sirinhaém;PE;5A;ABNT_TR_15220-3-1_2024;-8.59;-35.11;5;25.4;77;5277;3.2;7.7;;
2614303;Moreilândia;PE;4B;ABNT_TR_15220-3-1_2024;-7.62;-39.55;515;24.6;57;5676;3.6;10.5;;
2614402;Solidão;PE;4B;ABNT_TR_15220-3-1_2024;-7.59;-37.64;627;24.9;57;5879;3.5;11.2;;
2614501;Surubim;PE;4A;ABNT_TR_15220-3-1_2024;-7.85;-35.75;398;23.9;75;5300;3.5;9.0;;
2614600;Tabira;PE;5B;ABNT_TR_15220-3-1_2024;-7.58;-37.54;576;25.1;57;5860;3.4;11.2;;
2614709;Tacaimbó;PE;3B;ABNT_TR_15220-3-1_2024;-8.31;-36.30;595;22.8;66;5229;3.6;9.6;;
2614808;Tacaratu;PE;5B;ABNT_TR_15220-3-1_2024;-9.10;-38.15;542;25.3;59;5637;3.2;10.8;;
2614857;Tamandaré;PE;5A;ABNT_TR_15220-3-1_2024;-8.76;-35.10;8;25.6;77;5337;3.3;7.7;;
2615003;Taquaritinga do Norte;PE;4B;ABNT_TR_15220-3-1_2024;-7.89;-36.04;776;24.0;70;5402;4.4;9.8;;
2615102;Terezinha;PE;3B;ABNT_TR_15220-3-1_2024;-9.06;-36.63;712;22.3;72;5398;4.0;9.6;;
2615201;Terra Nova;PE;5B;ABNT_TR_15220-3-1_2024;-8.22;-39.38;382;26.6;54;5723;3.7;10.5;;
2615300;Timbaúba;PE;4A;ABNT_TR_15220-3-1_2024;-7.50;-35.31;128;24.9;77;5222;3.7;8.1;;
2615409;Toritama;PE;4A;ABNT_TR_15220-3-1_2024;-8.01;-36.06;384;24.1;72;5335;3.7;9.6;;
2615508;Tracunhaém;PE;4A;ABNT_TR_15220-3-1_2024;-7.80;-35.23;121;24.9;76;5265;3.5;8.1;;
2615607;Trindade;PE;5B;ABNT_TR_15220-3-1_2024;-7.76;-40.26;518;25.5;58;5636;3.7;10.4;;
2615706;Triunfo;PE;4B;ABNT_TR_15220-3-1_2024;-7.83;-38.10;1060;24.1;53;5876;3.2;11.1;;
2615805;Tupanatinga;PE;4B;ABNT_TR_15220-3-1_2024;-8.75;-37.34;733;23.6;62;5738;3.6;10.6;;
2615904;Tuparetama;PE;4B;ABNT_TR_15220-3-1_2024;-7.60;-37.32;554;24.9;57;5805;3.4;11.4;;
2616001;Venturosa;PE;4B;ABNT_TR_15220-3-1_2024;-8.58;-36.87;527;24.2;63;5508;3.9;9.9;;
2616100;Verdejante;PE;5B;ABNT_TR_15220-3-1_2024;-7.92;-38.97;481;25.7;56;5733;3.5;11.0;;
2616183;Vertente do Lério;PE;4A;ABNT_TR_15220-3-1_2024;-7.77;-35.85;476;24.0;75;5341;3.7;9.0;;
2616209;Vertentes;PE;4A;ABNT_TR_15220-3-1_2024;-7.90;-35.97;391;24.0;74;5302;3.5;9.0;;
2616308;Vicência;PE;5A;ABNT_TR_15220-3-1_2024;-7.66;-35.31;107;25.1;77;5141;3.7;8.1;;
2616407;Vitória de Santo Antão;PE;4A;ABNT_TR_15220-3-1_2024;-8.13;-35.30;146;24.3;76;5261;3.5;7.9;;
2616506;Xexéu;PE;4A;ABNT_TR_15220-3-1_2024;-8.80;-35.62;158;24.3;78;5087;3.1;8.4;;
2700102;Água Branca;AL;5B;ABNT_TR_15220-3-1_2024;-9.26;-37.94;541;25.5;61;5471;3.4;10.5;;
2700201;Anadia;AL;4A;ABNT_TR_15220-3-1_2024;-9.68;-36.31;162;24.6;77;5234;3.4;8.1;;
2700300;Arapiraca;AL;4A;ABNT_TR_15220-3-1_2024;-9.75;-36.66;273;24.9;76;5288;3.9;8.9;;
2700409;Atalaia;AL;4A;ABNT_TR_15220-3-1_2024;-9.51;-36.01;148;24.8;81;5212;3.2;8.1;;
2700508;Barra de Santo Antônio;AL;5A;ABNT_TR_15220-3-1_2024;-9.40;-35.51;28;25.6;81;5434;3.3;8.0;;
2700607;Barra de São Miguel;AL;5A;ABNT_TR_15220-3-1_2024;-9.84;-35.91;42;25.5;79;5398;3.8;7.3;;
2700706;Batalha;AL;5B;ABNT_TR_15220-3-1_2024;-9.67;-37.13;152;25.8;66;5309;4.0;9.4;;
2700805;Belém;AL;4A;ABNT_TR_15220-3-1_2024;-9.57;-36.49;314;24.4;77;5247;3.8;8.1;;
2700904;Belo Monte;AL;5B;ABNT_TR_15220-3-1_2024;-9.82;-37.28;7;26.4;65;5374;3.8;9.4;;
2701001;Boca da Mata;AL;4A;ABNT_TR_15220-3-1_2024;-9.64;-36.21;169;24.5;77;5147;3.4;8.1;;
2701100;Branquinha;AL;4A;ABNT_TR_15220-3-1_2024;-9.23;-36.02;136;23.9;80;5171;3.0;8.8;;
2701209;Cacimbinhas;AL;5A;ABNT_TR_15220-3-1_2024;-9.40;-36.99;255;25.1;74;5381;3.7;9.6;;
2701308;Cajueiro;AL;4A;ABNT_TR_15220-3-1_2024;-9.40;-36.16;111;24.0;79;5109;3.1;8.8;;
2701357;Campestre;AL;4A;ABNT_TR_15220-3-1_2024;-8.85;-35.57;106;24.3;79;5155;3.2;8.4;;
2701407;Campo Alegre;AL;4A;ABNT_TR_15220-3-1_2024;-9.78;-36.35;182;24.8;75;5238;3.5;8.1;;
2701506;Campo Grande;AL;5A;ABNT_TR_15220-3-1_2024;-9.96;-36.79;177;25.3;75;5252;4.0;8.9;;
2701605;Canapi;AL;5B;ABNT_TR_15220-3-1_2024;-9.12;-37.60;342;25.1;64;5514;3.2;10.5;;
2701704;Capela;AL;4A;ABNT_TR_15220-3-1_2024;-9.42;-36.08;134;24.4;80;5153;3.1;8.8;;
2701803;Carneiros;AL;5B;ABNT_TR_15220-3-1_2024;-9.48;-37.38;336;25.4;62;5434;3.3;10.1;;
2701902;Chã Preta;AL;4A;ABNT_TR_15220-3-1_2024;-9.26;-36.30;447;23.0;76;5174;3.4;8.8;;
2702009;Coité do Nóia;AL;4A;ABNT_TR_15220-3-1_2024;-9.63;-36.58;265;24.5;77;5339;4.2;8.9;;
2702108;Colônia Leopoldina;AL;4A;ABNT_TR_15220-3-1_2024;-8.92;-35.72;157;24.0;79;5008;2.8;8.4;;
2702207;Coqueiro Seco;AL;5A;ABNT_TR_15220-3-1_2024;-9.64;-35.80;46;25.3;82;5360;3.7;7.3;;
2702306;Coruripe;AL;5A;ABNT_TR_15220-3-1_2024;-10.13;-36.17;10;26.0;76;5534;2.5;6.5;;
2702355;Craíbas;AL;5A;ABNT_TR_15220-3-1_2024;-9.62;-36.77;250;25.1;76;5389;4.0;8.9;;
2702405;Delmiro Gouveia;AL;5B;ABNT_TR_15220-3-1_2024;-9.39;-38.00;256;26.0;64;5467;3.3;10.5;;
2702504;Dois Riachos;AL;5A;ABNT_TR_15220-3-1_2024;-9.38;-37.10;238;25.2;72;5415;3.6;10.1;;
2702553;Estrela de Alagoas;AL;4A;ABNT_TR_15220-3-1_2024;-9.39;-36.76;335;24.9;77;5447;4.0;9.6;;
2702603;Feira Grande;AL;5A;ABNT_TR_15220-3-1_2024;-9.90;-36.68;202;25.0;75;5246;3.8;8.9;;
2702702;Feliz Deserto;AL;5A;ABNT_TR_15220-3-1_2024;-10.29;-36.30;10;25.7;76;5439;4.1;7.3;;
2702801;Flexeiras;AL;4A;ABNT_TR_15220-3-1_2024;-9.27;-35.71;78;24.8;81;5113;3.3;8.0;;
2702900;Girau do Ponciano;AL;5A;ABNT_TR_15220-3-1_2024;-9.88;-36.83;239;25.1;74;5290;4.0;8.9;;
2703007;Ibateguara;AL;4A;ABNT_TR_15220-3-1_2024;-8.98;-35.94;498;23.0;77;5153;3.3;8.4;;
2703106;Igaci;AL;4A;ABNT_TR_15220-3-1_2024;-9.54;-36.64;269;24.3;78;5364;4.2;8.9;;
2703205;Igreja Nova;AL;5A;ABNT_TR_15220-3-1_2024;-10.12;-36.66;18;25.5;76;5265;3.9;7.8;;
2703304;Inhapi;AL;5B;ABNT_TR_15220-3-1_2024;-9.23;-37.75;377;25.1;63;5525;3.2;10.5;;
2703403;Jacaré dos Homens;AL;5B;ABNT_TR_15220-3-1_2024;-9.64;-37.21;139;25.9;64;5360;3.8;9.4;;
2703502;Jacuípe;AL;4A;ABNT_TR_15220-3-1_2024;-8.84;-35.46;74;24.6;78;5185;3.4;7.7;;
2703601;Japaratinga;AL;5A;ABNT_TR_15220-3-1_2024;-9.09;-35.26;30;25.6;79;5518;3.2;7.3;;
2703700;Jaramataia;AL;5A;ABNT_TR_15220-3-1_2024;-9.66;-37.00;182;25.5;72;5269;4.2;9.4;;
2703759;Jequiá da Praia;AL;5A;ABNT_TR_15220-3-1_2024;-10.01;-36.01;41;26.0;76;5455;4.0;7.3;;
2703809;Joaquim Gomes;AL;4A;ABNT_TR_15220-3-1_2024;-9.13;-35.75;120;24.5;80;4983;3.3;8.0;;
2703908;Jundiá;AL;4A;ABNT_TR_15220-3-1_2024;-8.93;-35.57;165;24.5;79;5147;3.3;8.4;;
2704005;Junqueiro;AL;4A;ABNT_TR_15220-3-1_2024;-9.91;-36.48;264;24.9;74;5237;3.8;8.1;;
2704104;Lagoa da Canoa;AL;4A;ABNT_TR_15220-3-1_2024;-9.83;-36.74;278;24.9;74;5316;3.8;8.9;;
2704203;Limoeiro de Anadia;AL;4A;ABNT_TR_15220-3-1_2024;-9.74;-36.51;134;24.6;76;5290;3.8;8.9;;
2704302;Maceió;AL;5A;ABNT_TR_15220-3-1_2024;-9.67;-35.74;13;25.0;83;5334;3.3;7.7;;
2704401;Major Isidoro;AL;5A;ABNT_TR_15220-3-1_2024;-9.53;-36.99;209;25.4;74;5361;3.8;8.9;;
2704500;Maragogi;AL;5A;ABNT_TR_15220-3-1_2024;-9.01;-35.23;36;25.5;79;5352;3.4;7.3;;
2704609;Maravilha;AL;5B;ABNT_TR_15220-3-1_2024;-9.23;-37.35;367;25.1;64;5487;3.3;10.1;;
2704708;Marechal Deodoro;AL;5A;ABNT_TR_15220-3-1_2024;-9.71;-35.90;22;25.3;81;5451;3.6;7.3;;
2704807;Maribondo;AL;4A;ABNT_TR_15220-3-1_2024;-9.58;-36.30;151;24.2;77;5233;3.4;8.1;;
2704906;Mar Vermelho;AL;4A;ABNT_TR_15220-3-1_2024;-9.45;-36.39;538;23.5;76;5234;3.7;8.8;;
2705002;Mata Grande;AL;4B;ABNT_TR_15220-3-1_2024;-9.12;-37.73;622;24.8;61;5617;3.3;10.5;;
2705101;Matriz de Camaragibe;AL;5A;ABNT_TR_15220-3-1_2024;-9.15;-35.52;18;25.2;81;5221;3.3;8.0;;
2705200;Messias;AL;4A;ABNT_TR_15220-3-1_2024;-9.39;-35.84;150;24.8;82;5219;3.3;8.0;;
2705309;Minador do Negrão;AL;4A;ABNT_TR_15220-3-1_2024;-9.31;-36.87;295;24.9;76;5405;4.2;9.6;;
2705408;Monteirópolis;AL;5B;ABNT_TR_15220-3-1_2024;-9.60;-37.25;222;25.8;63;5360;3.6;9.4;;
2705507;Murici;AL;4A;ABNT_TR_15220-3-1_2024;-9.31;-35.94;98;24.2;81;5188;3.1;8.0;;
2705606;Novo Lino;AL;4A;ABNT_TR_15220-3-1_2024;-8.94;-35.66;166;24.0;79;5082;3.1;8.4;;
2705705;Olho d'Água das Flores;AL;5B;ABNT_TR_15220-3-1_2024;-9.54;-37.30;263;25.5;63;5415;3.4;9.4;;
2705804;Olho d'Água do Casado;AL;5B;ABNT_TR_15220-3-1_2024;-9.50;-37.83;240;26.0;64;5484;3.3;10.0;;
2705903;Olho d'Água Grande;AL;5A;ABNT_TR_15220-3-1_2024;-10.06;-36.81;129;25.6;75;5321;3.9;7.8;;
2706000;Olivença;AL;5B;ABNT_TR_15220-3-1_2024;-9.52;-37.20;211;25.6;65;5384;3.6;9.4;;
2706109;Ouro Branco;AL;5B;ABNT_TR_15220-3-1_2024;-9.16;-37.36;386;25.1;65;5487;3.2;10.1;;
2706208;Palestina;AL;5B;ABNT_TR_15220-3-1_2024;-9.67;-37.34;178;26.3;62;5341;3.5;9.4;;
2706307;Palmeira dos Índios;AL;5A;ABNT_TR_15220-3-1_2024;-9.41;-36.63;328;25.0;78;5222;2.2;8.7;;
2706406;Pão de Açúcar;AL;6B;ABNT_TR_15220-3-1_2024;-9.74;-37.44;38;27.2;64;5329;2.2;10.6;;
2706422;Pariconha;AL;5B;ABNT_TR_15220-3-1_2024;-9.26;-38.00;393;25.6;62;5471;3.5;10.5;;
2706448;Paripueira;AL;5A;ABNT_TR_15220-3-1_2024;-9.46;-35.55;15;25.3;81;5546;3.4;8.0;;
2706505;Passo de Camaragibe;AL;5A;ABNT_TR_15220-3-1_2024;-9.25;-35.47;9;25.2;81;5284;3.2;7.3;;
2706604;Paulo Jacinto;AL;4A;ABNT_TR_15220-3-1_2024;-9.37;-36.37;312;23.5;77;5234;3.8;8.8;;
2706703;Penedo;AL;5A;ABNT_TR_15220-3-1_2024;-10.29;-36.58;13;25.6;78;5338;4.1;7.8;;
2706802;Piaçabuçu;AL;5A;ABNT_TR_15220-3-1_2024;-10.41;-36.43;7;25.8;79;5441;4.3;7.3;;
2706901;Pilar;AL;4A;ABNT_TR_15220-3-1_2024;-9.60;-35.95;81;24.9;82;5307;3.6;7.3;;
2707008;Pindoba;AL;4A;ABNT_TR_15220-3-1_2024;-9.47;-36.29;325;23.9;77;5143;3.3;8.8;;
2707107;Piranhas;AL;5B;ABNT_TR_15220-3-1_2024;-9.62;-37.76;51;26.0;66;5469;3.1;10.0;;
2707206;Poço das Trincheiras;AL;5B;ABNT_TR_15220-3-1_2024;-9.31;-37.29;308;25.1;65;5455;3.5;10.1;;
2707305;Porto Calvo;AL;5A;ABNT_TR_15220-3-1_2024;-9.05;-35.40;47;25.3;80;5350;3.3;7.3;;
2707404;Porto de Pedras;AL;5A;ABNT_TR_15220-3-1_2024;-9.16;-35.30;29;25.6;80;5418;3.1;7.3;;
2707503;Porto Real do Colégio;AL;5A;ABNT_TR_15220-3-1_2024;-10.18;-36.84;10;25.8;76;5434;3.5;7.8;;
2707602;Quebrangulo;AL;4A;ABNT_TR_15220-3-1_2024;-9.32;-36.47;362;22.9;77;5273;3.9;8.8;;
2707701;Rio Largo;AL;5A;ABNT_TR_15220-3-1_2024;-9.48;-35.84;136;25.0;83;5333;3.3;7.7;;
2707800;Roteiro;AL;5A;ABNT_TR_15220-3-1_2024;-9.84;-35.98;24;25.2;78;5398;3.6;7.3;;
2707909;Santa Luzia do Norte;AL;5A;ABNT_TR_15220-3-1_2024;-9.60;-35.82;29;25.3;83;5360;3.6;7.3;;
2708006;Santana do Ipanema;AL;5B;ABNT_TR_15220-3-1_2024;-9.37;-37.25;254;25.3;66;5462;3.3;10.1;;
2708105;Santana do Mundaú;AL;4A;ABNT_TR_15220-3-1_2024;-9.17;-36.22;244;23.4;77;5130;3.1;8.8;;
2708204;São Brás;AL;5A;ABNT_TR_15220-3-1_2024;-10.11;-36.85;60;25.7;76;5321;3.5;7.8;;
2708303;São José da Laje;AL;4A;ABNT_TR_15220-3-1_2024;-9.01;-36.05;322;23.1;77;5080;3.4;8.8;;
2708402;São José da Tapera;AL;5B;ABNT_TR_15220-3-1_2024;-9.56;-37.38;255;25.9;62;5405;3.4;9.4;;
2708501;São Luís do Quitunde;AL;5A;ABNT_TR_15220-3-1_2024;-9.32;-35.56;9;25.4;81;5381;2.2;7.6;;
2708600;São Miguel dos Campos;AL;5A;ABNT_TR_15220-3-1_2024;-9.78;-36.10;17;25.0;78;5319;3.5;8.1;;
2708709;São Miguel dos Milagres;AL;5A;ABNT_TR_15220-3-1_2024;-9.26;-35.38;23;25.4;81;5595;3.2;7.3;;
2708808;São Sebastião;AL;4A;ABNT_TR_15220-3-1_2024;-9.93;-36.56;211;24.9;75;5258;4.0;8.9;;
2708907;Satuba;AL;5A;ABNT_TR_15220-3-1_2024;-9.57;-35.82;13;25.3;83;5360;3.6;7.3;;
2708956;Senador Rui Palmeira;AL;5B;ABNT_TR_15220-3-1_2024;-9.47;-37.46;233;25.6;63;5423;3.3;10.1;;
2709004;Tanque d'Arca;AL;4A;ABNT_TR_15220-3-1_2024;-9.53;-36.44;213;23.8;78;5285;4.0;8.1;;
2709103;Taquarana;AL;4A;ABNT_TR_15220-3-1_2024;-9.65;-36.49;280;24.4;77;5247;3.8;8.1;;
2709152;Teotônio Vilela;AL;5A;ABNT_TR_15220-3-1_2024;-9.92;-36.35;155;25.0;75;5230;4.0;8.1;;
2709202;Traipu;AL;5A;ABNT_TR_15220-3-1_2024;-9.96;-37.01;7;25.8;73;5463;4.1;9.4;;
2709301;União dos Palmares;AL;4A;ABNT_TR_15220-3-1_2024;-9.16;-36.02;136;23.9;79;5171;3.1;8.8;;
2709400;Viçosa;AL;4A;ABNT_TR_15220-3-1_2024;-9.37;-36.24;246;24.0;78;5193;3.4;8.8;;
2800100;Amparo do São Francisco;SE;5A;ABNT_TR_15220-3-1_2024;-10.13;-36.94;27;25.7;75;5399;3.7;7.8;Amparo de São Francisco;grafia divergente na ABNT
2800209;Aquidabã;SE;5A;ABNT_TR_15220-3-1_2024;-10.28;-37.01;214;25.3;74;5245;3.8;8.6;;
2800308;Aracaju;SE;5A;ABNT_TR_15220-3-1_2024;-10.91;-37.07;11;26.6;77;5609;4.7;4.8;;
2800407;Arauá;SE;4A;ABNT_TR_15220-3-1_2024;-11.26;-37.62;98;24.9;76;5275;3.4;8.8;;
2800506;Areia Branca;SE;4A;ABNT_TR_15220-3-1_2024;-10.76;-37.33;106;24.8;75;5154;4.1;7.6;;
2800605;Barra dos Coqueiros;SE;5A;ABNT_TR_15220-3-1_2024;-10.90;-37.03;4;25.5;76;5496;4.0;7.6;;
2800670;Boquim;SE;4A;ABNT_TR_15220-3-1_2024;-11.14;-37.62;159;24.7;75;5236;3.5;8.8;;
2800704;Brejo Grande;SE;5A;ABNT_TR_15220-3-1_2024;-10.43;-36.46;3;26.4;81;5657;1.9;7.2;;
2801009;Campo do Brito;SE;4A;ABNT_TR_15220-3-1_2024;-10.74;-37.50;205;24.5;74;5256;3.6;7.6;;
2801108;Canhoba;SE;5A;ABNT_TR_15220-3-1_2024;-10.14;-36.98;33;25.6;75;5399;3.7;7.8;;
2801207;Canindé de São Francisco;SE;5B;ABNT_TR_15220-3-1_2024;-9.65;-37.79;170;26.0;64;5469;3.3;10.0;;
2801306;Capela;SE;5A;ABNT_TR_15220-3-1_2024;-10.51;-37.06;132;25.0;75;5258;4.1;7.6;;
2801405;Carira;SE;5A;ABNT_TR_15220-3-1_2024;-10.35;-37.70;373;25.1;76;5202;3.0;9.5;;
2801504;Carmópolis;SE;5A;ABNT_TR_15220-3-1_2024;-10.64;-36.99;17;25.4;76;5369;4.2;7.0;;
2801603;Cedro de São João;SE;5A;ABNT_TR_15220-3-1_2024;-10.25;-36.89;18;25.5;76;5256;3.7;7.8;;
2801702;Cristinápolis;SE;4A;ABNT_TR_15220-3-1_2024;-11.47;-37.76;130;24.8;78;5249;3.2;8.8;;
2801900;Cumbe;SE;4A;ABNT_TR_15220-3-1_2024;-10.35;-37.18;187;24.9;74;5265;3.8;8.6;;
2802007;Divina Pastora;SE;5A;ABNT_TR_15220-3-1_2024;-10.68;-37.15;153;25.2;75;5335;4.3;7.6;;
2802106;Estância;SE;5A;ABNT_TR_15220-3-1_2024;-11.27;-37.45;45;25.5;76;5306;3.6;7.3;;
2802205;Feira Nova;SE;4A;ABNT_TR_15220-3-1_2024;-10.26;-37.31;234;24.9;72;5256;4.0;8.6;;
2802304;Frei Paulo;SE;4A;ABNT_TR_15220-3-1_2024;-10.55;-37.53;255;24.5;75;5254;3.9;9.2;;
2802403;Gararu;SE;5A;ABNT_TR_15220-3-1_2024;-9.97;-37.09;41;26.0;70;5463;4.0;9.4;;
2802502;General Maynard;SE;5A;ABNT_TR_15220-3-1_2024;-10.68;-36.98;21;25.5;76;5504;4.1;7.0;;
2802601;Graccho Cardoso;SE;5A;ABNT_TR_15220-3-1_2024;-10.23;-37.20;233;25.1;71;5248;4.0;8.6;;
2802700;Ilha das Flores;SE;5A;ABNT_TR_15220-3-1_2024;-10.44;-36.55;4;25.9;79;5418;4.2;7.8;;
2802809;Indiaroba;SE;5A;ABNT_TR_15220-3-1_2024;-11.52;-37.52;10;25.4;79;5319;3.5;8.5;;
2802908;Itabaiana;SE;4A;ABNT_TR_15220-3-1_2024;-10.68;-37.43;184;24.5;75;5256;3.8;7.6;;
2803005;Itabaianinha;SE;4A;ABNT_TR_15220-3-1_2024;-11.27;-37.79;180;24.6;75;5249;3.6;8.8;;
2803104;Itabi;SE;5A;ABNT_TR_15220-3-1_2024;-10.12;-37.11;168;25.6;71;5306;4.0;8.6;;
2803203;Itaporanga d'Ajuda;SE;5A;ABNT_TR_15220-3-1_2024;-10.99;-37.31;7;25.2;76;5311;3.8;7.6;;
2803302;Japaratuba;SE;5A;ABNT_TR_15220-3-1_2024;-10.58;-36.94;52;25.6;76;5369;4.2;7.0;;
2803401;Japoatã;SE;5A;ABNT_TR_15220-3-1_2024;-10.35;-36.80;53;25.6;77;5256;4.0;7.8;;
2803500;Lagarto;SE;4A;ABNT_TR_15220-3-1_2024;-10.91;-37.67;187;24.6;74;5213;3.4;9.2;;
2803609;Laranjeiras;SE;5A;ABNT_TR_15220-3-1_2024;-10.80;-37.17;33;25.2;76;5389;4.2;7.6;;
2803708;Macambira;SE;4A;ABNT_TR_15220-3-1_2024;-10.66;-37.54;234;24.5;74;5226;3.5;9.2;;
2803807;Malhada dos Bois;SE;5A;ABNT_TR_15220-3-1_2024;-10.34;-36.93;73;25.5;76;5207;4.1;7.8;;
2803906;Malhador;SE;4A;ABNT_TR_15220-3-1_2024;-10.66;-37.30;190;24.8;74;5276;4.0;7.6;;
2804003;Maruim;SE;5A;ABNT_TR_15220-3-1_2024;-10.73;-37.09;7;25.4;76;5424;4.2;7.6;;
2804102;Moita Bonita;SE;4A;ABNT_TR_15220-3-1_2024;-10.58;-37.35;219;24.5;74;5308;3.9;7.6;;
2804201;Monte Alegre de Sergipe;SE;5B;ABNT_TR_15220-3-1_2024;-10.03;-37.56;267;25.4;65;5299;3.9;9.5;;
2804300;Muribeca;SE;5A;ABNT_TR_15220-3-1_2024;-10.43;-36.96;107;25.2;76;5205;4.2;7.8;;
2804409;Neópolis;SE;5A;ABNT_TR_15220-3-1_2024;-10.32;-36.58;20;25.6;78;5338;4.1;7.8;;
2804458;Nossa Senhora Aparecida;SE;4A;ABNT_TR_15220-3-1_2024;-10.39;-37.45;219;24.8;75;5274;3.9;8.6;;
2804508;Nossa Senhora da Glória;SE;5A;ABNT_TR_15220-3-1_2024;-10.22;-37.42;283;25.2;72;5321;3.9;8.6;;
2804607;Nossa Senhora das Dores;SE;4A;ABNT_TR_15220-3-1_2024;-10.49;-37.20;206;24.9;74;5273;3.8;8.6;;
2804706;Nossa Senhora de Lourdes;SE;5A;ABNT_TR_15220-3-1_2024;-10.08;-37.06;211;25.6;71;5370;4.0;8.6;;
2804805;Nossa Senhora do Socorro;SE;5A;ABNT_TR_15220-3-1_2024;-10.85;-37.12;31;25.4;76;5389;4.1;7.6;;
2804904;Pacatuba;SE;5A;ABNT_TR_15220-3-1_2024;-10.45;-36.65;71;25.5;78;5305;4.2;7.8;;
2805000;Pedra Mole;SE;4A;ABNT_TR_15220-3-1_2024;-10.61;-37.69;191;24.9;75;5231;3.5;9.2;;
2805109;Pedrinhas;SE;4A;ABNT_TR_15220-3-1_2024;-11.19;-37.68;151;24.6;75;5247;3.4;8.8;;
2805208;Pinhão;SE;4A;ABNT_TR_15220-3-1_2024;-10.57;-37.72;257;24.9;75;5233;3.7;9.2;;
2805307;Pirambu;SE;5A;ABNT_TR_15220-3-1_2024;-10.72;-36.85;2;25.6;76;5531;4.1;7.0;;
2805406;Poço Redondo;SE;5B;ABNT_TR_15220-3-1_2024;-9.81;-37.68;179;26.0;64;5343;3.6;10.0;;
2805505;Poço Verde;SE;4A;ABNT_TR_15220-3-1_2024;-10.72;-38.18;262;24.5;72;5190;2.2;9.9;;
2805604;Porto da Folha;SE;5B;ABNT_TR_15220-3-1_2024;-9.92;-37.28;15;26.3;66;5424;3.9;9.4;;
2805703;Propriá;SE;5A;ABNT_TR_15220-3-1_2024;-10.21;-36.84;8;25.8;76;5434;3.7;7.8;;
2805802;Riachão do Dantas;SE;4A;ABNT_TR_15220-3-1_2024;-11.07;-37.73;153;24.6;74;5196;3.6;8.8;;
2805901;Riachuelo;SE;5A;ABNT_TR_15220-3-1_2024;-10.74;-37.20;18;25.2;76;5335;4.2;7.6;;
2806008;Ribeirópolis;SE;4A;ABNT_TR_15220-3-1_2024;-10.54;-37.44;268;24.7;74;5263;3.7;7.6;;
2806107;Rosário do Catete;SE;5A;ABNT_TR_15220-3-1_2024;-10.69;-37.04;22;25.5;76;5424;4.2;7.6;;
2806206;Salgado;SE;4A;ABNT_TR_15220-3-1_2024;-11.03;-37.48;88;24.8;75;5268;3.8;7.3;;
2806305;Santa Luzia do Itanhy;SE;5A;ABNT_TR_15220-3-1_2024;-11.35;-37.46;51;25.3;77;5347;3.6;7.3;;
2806404;Santana do São Francisco;SE;5A;ABNT_TR_15220-3-1_2024;-10.29;-36.61;58;25.6;77;5384;4.1;7.8;;
2806503;Santa Rosa de Lima;SE;5A;ABNT_TR_15220-3-1_2024;-10.64;-37.19;65;25.0;75;5288;4.0;7.6;;
2806602;Santo Amaro das Brotas;SE;5A;ABNT_TR_15220-3-1_2024;-10.79;-37.06;43;25.4;76;5437;4.2;7.6;;
2806701;São Cristóvão;SE;5A;ABNT_TR_15220-3-1_2024;-11.01;-37.20;13;25.4;76;5353;4.1;7.3;;
2806800;São Domingos;SE;4A;ABNT_TR_15220-3-1_2024;-10.79;-37.57;212;24.5;74;5242;3.3;9.2;;
2806909;São Francisco;SE;5A;ABNT_TR_15220-3-1_2024;-10.34;-36.89;80;25.5;76;5256;4.1;7.8;;
2807006;São Miguel do Aleixo;SE;4A;ABNT_TR_15220-3-1_2024;-10.38;-37.38;182;24.9;74;5257;3.9;8.6;;
2807105;Simão Dias;SE;4A;ABNT_TR_15220-3-1_2024;-10.74;-37.81;267;24.4;73;5219;3.5;9.2;;
2807204;Siriri;SE;5A;ABNT_TR_15220-3-1_2024;-10.60;-37.11;61;25.2;75;5288;4.1;7.6;;
2807303;Telha;SE;5A;ABNT_TR_15220-3-1_2024;-10.21;-36.88;10;25.8;76;5434;3.7;7.8;;
2807402;Tobias Barreto;SE;4A;ABNT_TR_15220-3-1_2024;-11.18;-38.00;164;24.8;74;5183;3.7;8.8;;
2807501;Tomar do Geru;SE;4A;ABNT_TR_15220-3-1_2024;-11.37;-37.84;188;24.8;76;5215;3.7;8.8;;
2807600;Umbaúba;SE;4A;ABNT_TR_15220-3-1_2024;-11.38;-37.66;146;24.8;77;5272;3.2;8.8;;
2900108;Abaíra;BA;2M;ABNT_TR_15220-3-1_2024;-13.25;-41.66;623;20.6;68;5272;3.3;10.8;;
2900207;Abaré;BA;5B;ABNT_TR_15220-3-1_2024;-8.72;-39.12;312;26.7;55;5823;3.9;10.4;;
2900306;Acajutiba;BA;4A;ABNT_TR_15220-3-1_2024;-11.66;-38.02;182;24.8;77;5171;3.1;9.6;;
2900355;Adustina;BA;4A;ABNT_TR_15220-3-1_2024;-10.54;-38.11;280;24.8;73;5213;3.9;10.4;;
2900405;Água Fria;BA;4A;ABNT_TR_15220-3-1_2024;-11.86;-38.76;324;24.5;73;5094;3.6;10.1;;
2900504;Érico Cardoso;BA;3B;ABNT_TR_15220-3-1_2024;-13.42;-42.14;717;22.1;64;5780;4.2;11.2;;
2900603;Aiquara;BA;4A;ABNT_TR_15220-3-1_2024;-14.13;-39.89;190;23.3;80;4919;2.5;8.1;;
2900702;Alagoinhas;BA;4A;ABNT_TR_15220-3-1_2024;-12.13;-38.42;164;24.7;75;5077;2.6;9.0;;
2900801;Alcobaça;BA;4A;ABNT_TR_15220-3-1_2024;-17.52;-39.20;8;24.6;78;5111;4.1;7.7;;
2900900;Almadina;BA;3A;ABNT_TR_15220-3-1_2024;-14.71;-39.64;295;22.6;81;4694;2.7;8.0;;
2901007;Amargosa;BA;4A;ABNT_TR_15220-3-1_2024;-13.02;-39.60;365;23.1;80;4828;0.9;7.8;;
2901106;Amélia Rodrigues;BA;4A;ABNT_TR_15220-3-1_2024;-12.39;-38.76;208;24.4;75;5053;3.0;9.7;;
2901155;América Dourada;BA;3B;ABNT_TR_15220-3-1_2024;-11.44;-41.44;694;22.6;58;5618;4.7;10.4;;
2901205;Anagé;BA;4A;ABNT_TR_15220-3-1_2024;-14.62;-41.14;396;24.2;76;5304;4.1;9.7;;
2901304;Andaraí;BA;4B;ABNT_TR_15220-3-1_2024;-12.80;-41.33;417;22.9;67;4988;2.1;10.8;;
2901353;Andorinha;BA;4B;ABNT_TR_15220-3-1_2024;-10.35;-39.84;428;24.8;62;5311;3.5;10.4;;
2901403;Angical;BA;5B;ABNT_TR_15220-3-1_2024;-12.01;-44.70;471;26.5;62;5891;3.8;13.5;;
2901502;Anguera;BA;4A;ABNT_TR_15220-3-1_2024;-12.15;-39.25;236;24.9;74;5053;2.8;9.8;;
2901601;Antas;BA;4A;ABNT_TR_15220-3-1_2024;-10.39;-38.34;370;24.4;71;5228;3.7;10.4;;
2901700;Antônio Cardoso;BA;4A;ABNT_TR_15220-3-1_2024;-12.43;-39.12;161;24.6;78;5073;2.8;9.8;;
2901809;Antônio Gonçalves;BA;4B;ABNT_TR_15220-3-1_2024;-10.58;-40.28;482;23.0;60;5124;2.8;10.1;;
2901908;Aporá;BA;4A;ABNT_TR_15220-3-1_2024;-11.66;-38.08;184;24.8;77;5171;3.2;9.6;;
2901957;Apuarema;BA;3A;ABNT_TR_15220-3-1_2024;-13.85;-39.75;298;22.7;80;4765;2.7;8.5;;
2902005;Aracatu;BA;4B;ABNT_TR_15220-3-1_2024;-14.43;-41.46;727;23.9;58;5390;3.7;9.9;;
2902054;Araçás;BA;4A;ABNT_TR_15220-3-1_2024;-12.22;-38.20;95;24.9;76;5102;2.7;9.0;;
2902104;Araci;BA;5A;ABNT_TR_15220-3-1_2024;-11.33;-38.96;247;25.3;73;5202;3.8;10.7;;
2902203;Aramari;BA;4A;ABNT_TR_15220-3-1_2024;-12.09;-38.50;173;24.6;75;5077;2.8;9.0;;
2902252;Arataca;BA;4A;ABNT_TR_15220-3-1_2024;-15.27;-39.42;173;22.9;80;4694;2.8;7.5;;
2902302;Aratuípe;BA;4A;ABNT_TR_15220-3-1_2024;-13.07;-39.00;11;24.5;78;5058;3.0;8.2;;
2902401;Aurelino Leal;BA;4A;ABNT_TR_15220-3-1_2024;-14.32;-39.33;72;23.5;81;4868;2.7;7.3;;
2902500;Baianópolis;BA;4B;ABNT_TR_15220-3-1_2024;-12.30;-44.54;669;24.6;62;5816;3.6;13.5;;
2902609;Baixa Grande;BA;4A;ABNT_TR_15220-3-1_2024;-11.95;-40.17;395;24.4;72;4997;2.9;10.4;;
2902658;Banzaê;BA;4B;ABNT_TR_15220-3-1_2024;-10.58;-38.62;330;24.3;70;5281;4.0;10.9;;
2902708;Barra;BA;6B;ABNT_TR_15220-3-1_2024;-11.09;-43.15;405;28.0;58;6031;1.9;12.5;;
2902807;Barra da Estiva;BA;2M;ABNT_TR_15220-3-1_2024;-13.62;-41.33;1049;20.3;64;5241;3.5;10.1;;
2902906;Barra do Choça;BA;2M;ABNT_TR_15220-3-1_2024;-14.87;-40.58;873;20.6;81;4954;2.7;9.3;;
2903003;Barra do Mendes;BA;3B;ABNT_TR_15220-3-1_2024;-11.81;-42.06;721;22.4;57;5590;3.6;11.8;;
2903102;Barra do Rocha;BA;4A;ABNT_TR_15220-3-1_2024;-14.20;-39.60;140;23.8;81;4901;2.5;8.1;;
2903201;Barreiras;BA;5B;ABNT_TR_15220-3-1_2024;-12.14;-45.00;449;25.8;64;5792;1.5;12.0;;
2903235;Barro Alto;BA;4B;ABNT_TR_15220-3-1_2024;-11.76;-41.91;719;22.9;58;5595;3.6;11.2;;
2903276;Barrocas;BA;4A;ABNT_TR_15220-3-1_2024;-11.53;-39.08;365;24.7;73;5182;3.7;10.1;;
2903300;Barro Preto;BA;4A;ABNT_TR_15220-3-1_2024;-14.79;-39.48;180;23.1;82;4756;2.6;7.1;;
2903409;Belmonte;BA;4A;ABNT_TR_15220-3-1_2024;-15.86;-38.88;7;23.8;82;4970;1.9;9.3;;
2903508;Belo Campo;BA;4A;ABNT_TR_15220-3-1_2024;-15.03;-41.27;839;22.9;74;5230;3.9;9.7;;
2903607;Biritinga;BA;4A;ABNT_TR_15220-3-1_2024;-11.61;-38.81;335;24.8;73;5142;3.5;10.1;;
2903706;Boa Nova;BA;2M;ABNT_TR_15220-3-1_2024;-14.36;-40.21;710;20.6;79;4999;3.1;8.9;;
2903805;Boa Vista do Tupim;BA;4A;ABNT_TR_15220-3-1_2024;-12.65;-40.61;301;24.5;73;4968;2.8;10.6;;
2903904;Bom Jesus da Lapa;BA;6B;ABNT_TR_15220-3-1_2024;-13.25;-43.41;444;27.2;57;5904;3.9;12.3;;
2903953;Bom Jesus da Serra;BA;3A;ABNT_TR_15220-3-1_2024;-14.37;-40.51;608;21.9;77;5017;3.9;9.4;;
2904001;Boninal;BA;2M;ABNT_TR_15220-3-1_2024;-12.71;-41.83;955;20.5;66;5469;3.4;11.1;;
2904050;Bonito;BA;2M;ABNT_TR_15220-3-1_2024;-11.97;-41.26;1002;20.7;64;5044;2.7;10.6;;
2904100;Boquira;BA;4B;ABNT_TR_15220-3-1_2024;-12.82;-42.73;639;24.9;58;5908;3.4;12.1;;
2904209;Botuporã;BA;4B;ABNT_TR_15220-3-1_2024;-13.38;-42.52;650;24.0;60;5826;4.0;11.7;;
2904308;Brejões;BA;3A;ABNT_TR_15220-3-1_2024;-13.10;-39.80;634;21.4;81;4920;3.1;9.1;;
2904407;Brejolândia;BA;5B;ABNT_TR_15220-3-1_2024;-12.48;-43.97;540;25.2;58;5865;3.0;13.2;;
2904506;Brotas de Macaúbas;BA;4B;ABNT_TR_15220-3-1_2024;-11.99;-42.63;798;23.1;55;5799;4.1;12.4;;
2904605;Brumado;BA;5B;ABNT_TR_15220-3-1_2024;-14.20;-41.67;450;25.3;61;5415;1.6;11.7;;
2904704;Buerarema;BA;4A;ABNT_TR_15220-3-1_2024;-14.96;-39.30;108;23.1;81;4822;2.8;7.1;;
2904753;Buritirama;BA;5B;ABNT_TR_15220-3-1_2024;-10.72;-43.63;484;26.7;58;6006;1.2;12.0;;
2904803;Caatiba;BA;3A;ABNT_TR_15220-3-1_2024;-14.97;-40.41;474;22.2;79;4902;2.8;8.7;;
2904852;Cabaceiras do Paraguaçu;BA;4A;ABNT_TR_15220-3-1_2024;-12.53;-39.19;179;24.5;81;5115;2.6;9.0;;
2904902;Cachoeira;BA;4A;ABNT_TR_15220-3-1_2024;-12.60;-38.96;65;24.2;80;5106;2.7;8.3;;
2905008;Caculé;BA;4B;ABNT_TR_15220-3-1_2024;-14.50;-42.22;588;23.7;57;5433;3.7;10.4;;
2905107;Caém;BA;4B;ABNT_TR_15220-3-1_2024;-11.07;-40.43;482;23.3;61;5079;3.0;10.3;;
2905156;Caetanos;BA;4A;ABNT_TR_15220-3-1_2024;-14.33;-40.92;497;24.2;74;5236;3.6;9.4;;
2905206;Caetité;BA;3B;ABNT_TR_15220-3-1_2024;-14.07;-42.49;818;22.2;55;5601;3.6;10.5;;
2905305;Cafarnaum;BA;3B;ABNT_TR_15220-3-1_2024;-11.69;-41.47;764;22.7;61;5585;4.2;10.6;;
2905404;Cairu;BA;4A;ABNT_TR_15220-3-1_2024;-13.49;-39.05;19;24.8;78;5050;3.0;8.2;;
2905503;Caldeirão Grande;BA;4B;ABNT_TR_15220-3-1_2024;-11.02;-40.30;473;24.0;62;5118;3.1;10.3;;
2905602;Camacan;BA;4A;ABNT_TR_15220-3-1_2024;-15.41;-39.49;216;23.0;80;4787;2.7;7.5;;
2905701;Camaçari;BA;5A;ABNT_TR_15220-3-1_2024;-12.70;-38.33;32;25.5;75;5050;3.6;7.8;;
2905800;Camamu;BA;4A;ABNT_TR_15220-3-1_2024;-13.94;-39.11;21;24.2;79;4890;3.1;7.7;;
2905909;Campo Alegre de Lourdes;BA;5B;ABNT_TR_15220-3-1_2024;-9.52;-43.01;467;26.3;62;5887;3.8;12.0;;
2906006;Campo Formoso;BA;3B;ABNT_TR_15220-3-1_2024;-10.51;-40.32;564;22.7;58;5324;3.0;10.1;;
2906105;Canápolis;BA;4B;ABNT_TR_15220-3-1_2024;-13.07;-44.20;670;24.9;59;5827;3.2;12.8;;
2906204;Canarana;BA;4B;ABNT_TR_15220-3-1_2024;-11.69;-41.77;696;23.0;59;5595;3.5;11.2;;
2906303;Canavieiras;BA;4A;ABNT_TR_15220-3-1_2024;-15.67;-38.95;9;24.5;81;5199;3.5;7.0;;
2906402;Candeal;BA;4A;ABNT_TR_15220-3-1_2024;-11.80;-39.12;243;24.9;74;5133;3.5;10.1;;
2906501;Candeias;BA;5A;ABNT_TR_15220-3-1_2024;-12.67;-38.55;125;25.3;75;4983;3.4;8.3;;
2906600;Candiba;BA;4B;ABNT_TR_15220-3-1_2024;-14.41;-42.87;577;23.9;57;5804;4.4;10.9;;
2906709;Cândido Sales;BA;3B;ABNT_TR_15220-3-1_2024;-15.50;-41.24;693;22.0;71;5055;3.2;9.7;;
2906808;Cansanção;BA;4B;ABNT_TR_15220-3-1_2024;-10.66;-39.49;389;24.9;63;5254;3.5;10.7;;
2906824;Canudos;BA;5B;ABNT_TR_15220-3-1_2024;-9.90;-39.15;381;25.2;65;5450;4.1;10.6;;
2906857;Capela do Alto Alegre;BA;4B;ABNT_TR_15220-3-1_2024;-11.67;-39.83;412;24.8;69;5075;3.4;10.3;;
2906873;Capim Grosso;BA;4B;ABNT_TR_15220-3-1_2024;-11.38;-40.01;418;24.6;64;5102;3.4;10.3;;
2906899;Caraíbas;BA;4A;ABNT_TR_15220-3-1_2024;-14.72;-41.26;458;24.2;74;5339;3.8;9.7;;
2906907;Caravelas;BA;4A;ABNT_TR_15220-3-1_2024;-17.73;-39.26;6;24.7;78;5042;3.6;7.7;;
2907004;Cardeal da Silva;BA;4A;ABNT_TR_15220-3-1_2024;-11.95;-37.95;59;24.9;79;5144;2.9;8.5;;
2907103;Carinhanha;BA;5B;ABNT_TR_15220-3-1_2024;-14.30;-43.77;455;26.6;59;5864;3.8;11.9;;
2907202;Casa Nova;BA;5B;ABNT_TR_15220-3-1_2024;-9.16;-40.97;402;26.5;57;5774;3.9;10.2;;
2907301;Castro Alves;BA;4A;ABNT_TR_15220-3-1_2024;-12.76;-39.42;257;23.7;80;4948;2.7;9.0;;
2907400;Catolândia;BA;5B;ABNT_TR_15220-3-1_2024;-12.31;-44.86;622;25.3;62;5783;3.3;13.5;;
2907509;Catu;BA;4A;ABNT_TR_15220-3-1_2024;-12.35;-38.38;77;24.8;75;5090;2.7;9.0;;
2907558;Caturama;BA;4B;ABNT_TR_15220-3-1_2024;-13.32;-42.29;563;23.9;63;5853;4.0;11.2;;
2907608;Central;BA;5B;ABNT_TR_15220-3-1_2024;-11.14;-42.11;708;25.2;58;5836;3.6;11.8;;
2907707;Chorrochó;BA;5B;ABNT_TR_15220-3-1_2024;-8.97;-39.10;330;26.6;54;5615;4.0;10.4;;
2907806;Cícero Dantas;BA;4A;ABNT_TR_15220-3-1_2024;-10.59;-38.38;446;24.0;71;5224;3.8;10.4;;
2907905;Cipó;BA;5A;ABNT_TR_15220-3-1_2024;-11.10;-38.52;132;25.6;73;5208;3.3;10.7;;
2908002;Coaraci;BA;4A;ABNT_TR_15220-3-1_2024;-14.64;-39.56;209;22.9;82;4730;2.7;8.0;;
2908101;Cocos;BA;5B;ABNT_TR_15220-3-1_2024;-14.18;-44.54;565;25.4;61;5870;3.4;11.8;;
2908200;Conceição da Feira;BA;4A;ABNT_TR_15220-3-1_2024;-12.51;-39.00;224;24.3;79;5078;2.9;8.3;;
2908309;Conceição do Almeida;BA;4A;ABNT_TR_15220-3-1_2024;-12.78;-39.17;195;23.9;81;5039;3.0;9.0;;
2908408;Conceição do Coité;BA;4A;ABNT_TR_15220-3-1_2024;-11.56;-39.28;408;24.9;72;5163;3.5;10.1;;
2908507;Conceição do Jacuípe;BA;4A;ABNT_TR_15220-3-1_2024;-12.33;-38.77;215;24.4;75;5065;3.2;9.7;;
2908606;Conde;BA;5A;ABNT_TR_15220-3-1_2024;-11.82;-37.61;4;25.8;84;5525;3.7;5.4;;
2908705;Condeúba;BA;4B;ABNT_TR_15220-3-1_2024;-14.90;-41.97;688;23.1;62;5349;4.0;10.1;;
2908804;Contendas do Sincorá;BA;4B;ABNT_TR_15220-3-1_2024;-13.75;-41.05;311;24.4;68;5201;2.8;10.1;;
2908903;Coração de Maria;BA;4A;ABNT_TR_15220-3-1_2024;-12.23;-38.75;225;24.6;74;5084;3.2;9.7;;
2909000;Cordeiros;BA;3B;ABNT_TR_15220-3-1_2024;-15.04;-41.93;718;22.6;64;5317;3.5;10.1;;
2909109;Coribe;BA;4B;ABNT_TR_15220-3-1_2024;-13.82;-44.46;685;24.7;60;5810;3.4;12.4;;
2909208;Coronel João Sá;BA;5A;ABNT_TR_15220-3-1_2024;-10.28;-37.92;221;25.2;75;5258;3.8;9.5;;
2909307;Correntina;BA;5B;ABNT_TR_15220-3-1_2024;-13.35;-44.63;582;25.5;60;5849;3.4;12.7;;
2909406;Cotegipe;BA;5B;ABNT_TR_15220-3-1_2024;-12.02;-44.26;475;26.8;59;5897;3.7;13.4;;
2909505;Cravolândia;BA;3A;ABNT_TR_15220-3-1_2024;-13.35;-39.80;534;21.3;80;4857;3.2;9.1;;
2909604;Crisópolis;BA;5A;ABNT_TR_15220-3-1_2024;-11.51;-38.15;207;25.0;75;5189;3.3;9.6;;
2909703;Cristópolis;BA;4B;ABNT_TR_15220-3-1_2024;-12.22;-44.42;719;24.4;61;5832;3.6;13.4;;
2909802;Cruz das Almas;BA;4A;ABNT_TR_15220-3-1_2024;-12.67;-39.10;223;24.2;81;4981;2.6;8.0;;
2909901;Curaçá;BA;5B;ABNT_TR_15220-3-1_2024;-8.98;-39.90;364;26.8;56;5664;3.6;10.2;;
2910008;Dário Meira;BA;4A;ABNT_TR_15220-3-1_2024;-14.42;-39.90;193;23.3;80;4835;2.6;8.1;;
2910057;Dias d'Ávila;BA;5A;ABNT_TR_15220-3-1_2024;-12.62;-38.29;37;25.3;76;5197;3.2;7.8;;
2910107;Dom Basílio;BA;4B;ABNT_TR_15220-3-1_2024;-13.76;-41.77;456;23.9;61;5610;3.1;10.5;;
2910206;Dom Macedo Costa;BA;4A;ABNT_TR_15220-3-1_2024;-12.90;-39.19;181;23.9;80;5046;2.6;9.0;;
2910305;Elísio Medrado;BA;4A;ABNT_TR_15220-3-1_2024;-12.94;-39.52;373;23.2;82;4990;2.8;9.6;;
2910404;Encruzilhada;BA;3B;ABNT_TR_15220-3-1_2024;-15.53;-40.91;609;21.5;72;4986;3.4;9.4;;
2910503;Entre Rios;BA;4A;ABNT_TR_15220-3-1_2024;-11.94;-38.09;157;24.8;77;5168;2.8;9.6;;
2910602;Esplanada;BA;4A;ABNT_TR_15220-3-1_2024;-11.79;-37.94;153;24.9;79;5143;3.0;8.5;;
2910701;Euclides da Cunha;BA;4A;ABNT_TR_15220-3-1_2024;-10.51;-39.02;477;24.8;71;5248;3.2;10.2;;
2910727;Eunápolis;BA;4A;ABNT_TR_15220-3-1_2024;-16.37;-39.58;189;23.7;82;4846;2.9;8.8;;
2910750;Fátima;BA;4A;ABNT_TR_15220-3-1_2024;-10.62;-38.22;359;24.6;72;5206;3.7;10.4;;
2910776;Feira da Mata;BA;5B;ABNT_TR_15220-3-1_2024;-14.20;-44.27;504;26.0;61;5843;3.2;12.0;;
2910800;Feira de Santana;BA;5A;ABNT_TR_15220-3-1_2024;-12.27;-38.97;231;25.0;73;5035;2.6;9.4;;
2910859;Filadélfia;BA;4B;ABNT_TR_15220-3-1_2024;-10.74;-40.14;435;24.3;62;5188;3.1;10.1;;
2910909;Firmino Alves;BA;4A;ABNT_TR_15220-3-1_2024;-14.98;-39.93;330;23.3;79;4818;2.6;8.0;;
2911006;Floresta Azul;BA;4A;ABNT_TR_15220-3-1_2024;-14.86;-39.66;193;23.2;80;4870;2.5;8.0;;
2911105;Formosa do Rio Preto;BA;5B;ABNT_TR_15220-3-1_2024;-11.03;-45.19;518;25.8;59;5789;3.5;13.6;;
2911204;Gandu;BA;4A;ABNT_TR_15220-3-1_2024;-13.74;-39.47;255;23.1;79;4844;2.7;7.7;;
2911253;Gavião;BA;4B;ABNT_TR_15220-3-1_2024;-11.47;-39.78;297;24.9;66;5151;3.2;10.4;;
2911303;Gentio do Ouro;BA;3B;ABNT_TR_15220-3-1_2024;-11.43;-42.51;1085;22.6;54;5992;3.5;12.3;;
2911402;Glória;BA;5B;ABNT_TR_15220-3-1_2024;-9.34;-38.25;278;25.7;63;5596;3.2;10.8;;
2911501;Gongogi;BA;4A;ABNT_TR_15220-3-1_2024;-14.32;-39.47;98;23.6;81;4881;2.6;7.3;;
2911600;Governador Mangabeira;BA;4A;ABNT_TR_15220-3-1_2024;-12.60;-39.04;217;24.2;81;5122;2.7;9.0;;
2911659;Guajeru;BA;4B;ABNT_TR_15220-3-1_2024;-14.55;-41.94;615;24.1;58;5424;4.0;10.1;;
2911709;Guanambi;BA;5B;ABNT_TR_15220-3-1_2024;-14.22;-42.78;525;25.7;53;5863;3.8;9.6;;
2911808;Guaratinga;BA;4A;ABNT_TR_15220-3-1_2024;-16.58;-39.78;200;23.2;80;4862;2.6;9.1;;
2911857;Heliópolis;BA;4A;ABNT_TR_15220-3-1_2024;-10.68;-38.29;325;24.5;72;5222;3.6;10.4;;
2911907;Iaçu;BA;5A;ABNT_TR_15220-3-1_2024;-12.77;-40.21;231;25.0;77;5027;3.3;10.3;;
2912004;Ibiassucê;BA;4B;ABNT_TR_15220-3-1_2024;-14.27;-42.26;590;23.6;58;5499;3.9;10.5;;
2912103;Ibicaraí;BA;4A;ABNT_TR_15220-3-1_2024;-14.86;-39.59;160;23.4;81;4857;2.5;8.0;;
2912202;Ibicoara;BA;2M;ABNT_TR_15220-3-1_2024;-13.41;-41.28;1019;20.2;66;5095;3.0;10.5;;
2912301;Ibicuí;BA;3A;ABNT_TR_15220-3-1_2024;-14.84;-39.99;371;22.6;79;4834;2.6;8.0;;
2912400;Ibipeba;BA;4B;ABNT_TR_15220-3-1_2024;-11.64;-42.02;679;23.3;57;5603;3.4;11.8;;
2912509;Ibipitanga;BA;5B;ABNT_TR_15220-3-1_2024;-12.88;-42.49;507;26.2;61;5928;3.5;11.5;;
2912608;Ibiquera;BA;4B;ABNT_TR_15220-3-1_2024;-12.64;-40.93;587;23.3;70;5015;2.6;10.6;;
2912707;Ibirapitanga;BA;4A;ABNT_TR_15220-3-1_2024;-14.16;-39.38;87;23.4;80;4823;2.5;7.3;;
2912806;Ibirapuã;BA;4A;ABNT_TR_15220-3-1_2024;-17.68;-40.11;161;24.1;78;4922;3.3;9.9;;
2912905;Ibirataia;BA;4A;ABNT_TR_15220-3-1_2024;-14.06;-39.65;148;23.4;81;4848;2.7;8.1;;
2913002;Ibitiara;BA;3B;ABNT_TR_15220-3-1_2024;-12.65;-42.22;894;22.5;64;5774;5.1;11.5;;
2913101;Ibititá;BA;4B;ABNT_TR_15220-3-1_2024;-11.54;-41.97;796;23.2;57;5709;3.5;11.2;;
2913200;Ibotirama;BA;6B;ABNT_TR_15220-3-1_2024;-12.18;-43.22;428;27.6;52;6013;2.0;12.9;;
2913309;Ichu;BA;4A;ABNT_TR_15220-3-1_2024;-11.74;-39.19;268;24.9;74;5121;3.6;10.1;;
2913408;Igaporã;BA;4B;ABNT_TR_15220-3-1_2024;-13.77;-42.72;761;23.5;56;5816;4.7;11.2;;
2913457;Igrapiúna;BA;4A;ABNT_TR_15220-3-1_2024;-13.83;-39.14;12;24.3;79;4925;3.1;7.7;;
2913507;Iguaí;BA;3A;ABNT_TR_15220-3-1_2024;-14.75;-40.09;353;22.1;79;4855;3.0;8.7;;
2913606;Ilhéus;BA;4A;ABNT_TR_15220-3-1_2024;-14.79;-39.05;35;24.0;84;4968;2.3;7.5;;
2913705;Inhambupe;BA;4A;ABNT_TR_15220-3-1_2024;-11.78;-38.35;158;24.8;75;5124;2.8;9.6;;
2913804;Ipecaetá;BA;4A;ABNT_TR_15220-3-1_2024;-12.30;-39.31;216;24.5;76;5050;3.0;9.8;;
2913903;Ipiaú;BA;4A;ABNT_TR_15220-3-1_2024;-14.12;-39.74;166;23.6;81;4885;2.4;8.1;;
2914000;Ipirá;BA;4A;ABNT_TR_15220-3-1_2024;-12.16;-39.74;323;24.5;74;5057;3.1;10.1;;
2914109;Ipupiara;BA;4B;ABNT_TR_15220-3-1_2024;-11.82;-42.62;732;24.0;56;5916;4.6;12.4;;
2914208;Irajuba;BA;3A;ABNT_TR_15220-3-1_2024;-13.26;-40.08;566;21.6;80;4847;3.1;9.7;;
2914307;Iramaia;BA;4A;ABNT_TR_15220-3-1_2024;-13.29;-40.96;596;22.9;71;5075;2.7;10.2;;
2914406;Iraquara;BA;3B;ABNT_TR_15220-3-1_2024;-12.24;-41.62;717;22.3;62;5238;3.2;11.2;;
2914505;Irará;BA;4A;ABNT_TR_15220-3-1_2024;-12.05;-38.76;271;24.6;74;5111;3.3;9.7;;
2914604;Irecê;BA;4B;ABNT_TR_15220-3-1_2024;-11.30;-41.85;728;24.3;57;5772;3.9;11.2;;
2914653;Itabela;BA;4A;ABNT_TR_15220-3-1_2024;-16.57;-39.56;163;23.8;82;4850;2.9;9.1;;
2914703;Itaberaba;BA;4A;ABNT_TR_15220-3-1_2024;-12.52;-40.31;268;24.8;74;4954;2.8;10.3;;
2914802;Itabuna;BA;4A;ABNT_TR_15220-3-1_2024;-14.79;-39.28;63;23.5;83;4900;2.8;7.1;;
2914901;Itacaré;BA;4A;ABNT_TR_15220-3-1_2024;-14.28;-39.00;8;24.4;80;5290;2.8;7.2;;
2915007;Itaeté;BA;4A;ABNT_TR_15220-3-1_2024;-12.98;-40.97;331;24.2;71;5112;2.3;10.6;;
2915106;Itagi;BA;3A;ABNT_TR_15220-3-1_2024;-14.16;-40.01;239;22.5;80;4888;2.8;8.9;;
2915205;Itagibá;BA;4A;ABNT_TR_15220-3-1_2024;-14.28;-39.84;183;24.0;79;4686;1.5;9.8;;
2915304;Itagimirim;BA;4A;ABNT_TR_15220-3-1_2024;-16.08;-39.61;198;23.6;81;4878;3.0;8.8;;
2915353;Itaguaçu da Bahia;BA;5B;ABNT_TR_15220-3-1_2024;-11.01;-42.40;449;26.1;58;6006;3.9;11.8;;
2915403;Itaju do Colônia;BA;4A;ABNT_TR_15220-3-1_2024;-15.14;-39.73;169;23.7;79;4865;3.1;8.1;;
2915502;Itajuípe;BA;4A;ABNT_TR_15220-3-1_2024;-14.68;-39.37;85;23.4;83;4815;2.6;7.1;;
2915601;Itamaraju;BA;4A;ABNT_TR_15220-3-1_2024;-17.04;-39.54;89;24.0;80;4863;2.9;9.0;;
2915700;Itamari;BA;3A;ABNT_TR_15220-3-1_2024;-13.78;-39.68;229;22.8;80;4815;2.6;8.5;;
2915809;Itambé;BA;3A;ABNT_TR_15220-3-1_2024;-15.24;-40.63;351;22.4;78;4946;2.8;9.3;;
2915908;Itanagra;BA;4A;ABNT_TR_15220-3-1_2024;-12.26;-38.04;66;24.9;76;5193;3.1;9.0;;
2916005;Itanhém;BA;4A;ABNT_TR_15220-3-1_2024;-17.16;-40.33;191;23.9;76;4982;3.2;9.8;;
2916104;Itaparica;BA;4A;ABNT_TR_15220-3-1_2024;-12.89;-38.68;10;24.7;76;5345;4.3;8.3;;
2916203;Itapé;BA;4A;ABNT_TR_15220-3-1_2024;-14.89;-39.42;106;23.4;82;4864;2.7;7.1;;
2916302;Itapebi;BA;4A;ABNT_TR_15220-3-1_2024;-15.96;-39.53;131;23.8;82;4863;2.7;8.4;;
2916401;Itapetinga;BA;4A;ABNT_TR_15220-3-1_2024;-15.25;-40.25;284;23.4;77;4899;3.0;8.7;;
2916500;Itapicuru;BA;5A;ABNT_TR_15220-3-1_2024;-11.31;-38.23;123;25.0;74;5220;3.4;10.2;;
2916609;Itapitanga;BA;4A;ABNT_TR_15220-3-1_2024;-14.41;-39.57;139;23.6;81;4839;2.6;8.1;;
2916708;Itaquara;BA;3A;ABNT_TR_15220-3-1_2024;-13.45;-39.94;567;21.4;81;4854;3.0;9.1;;
2916807;Itarantim;BA;4A;ABNT_TR_15220-3-1_2024;-15.65;-40.06;274;23.8;76;4934;3.3;8.9;;
2916856;Itatim;BA;4A;ABNT_TR_15220-3-1_2024;-12.71;-39.70;229;24.2;80;4998;3.1;9.6;;
2916906;Itiruçu;BA;3A;ABNT_TR_15220-3-1_2024;-13.53;-40.15;814;21.2;78;4831;2.2;9.4;;
2917003;Itiúba;BA;4B;ABNT_TR_15220-3-1_2024;-10.69;-39.84;523;24.8;61;5225;3.1;10.4;;
2917102;Itororó;BA;3A;ABNT_TR_15220-3-1_2024;-15.11;-40.07;281;22.8;78;4863;3.3;8.7;;
2917201;Ituaçu;BA;3B;ABNT_TR_15220-3-1_2024;-13.81;-41.30;538;21.6;61;5284;2.9;10.1;;
2917300;Ituberá;BA;4A;ABNT_TR_15220-3-1_2024;-13.72;-39.15;120;24.4;79;4914;2.9;7.7;;
2917334;Iuiu;BA;5B;ABNT_TR_15220-3-1_2024;-14.41;-43.56;508;25.7;58;5779;3.9;11.9;;
2917359;Jaborandi;BA;5B;ABNT_TR_15220-3-1_2024;-13.61;-44.43;543;25.5;60;5804;3.4;12.4;;
2917409;Jacaraci;BA;3B;ABNT_TR_15220-3-1_2024;-14.85;-42.43;841;22.5;58;5346;3.8;10.4;;
2917508;Jacobina;BA;4B;ABNT_TR_15220-3-1_2024;-11.18;-40.51;545;23.2;61;5251;2.8;10.2;;
2917607;Jaguaquara;BA;3A;ABNT_TR_15220-3-1_2024;-13.52;-39.96;676;21.1;81;4888;3.1;8.5;;
2917706;Jaguarari;BA;3B;ABNT_TR_15220-3-1_2024;-10.26;-40.20;690;22.7;57;5369;3.4;10.1;;
2917805;Jaguaripe;BA;4A;ABNT_TR_15220-3-1_2024;-13.11;-38.89;-1;24.9;77;5221;3.1;8.3;;
2917904;Jandaíra;BA;4A;ABNT_TR_15220-3-1_2024;-11.56;-37.79;151;24.9;79;5223;3.1;8.5;;
2918001;Jequié;BA;4A;ABNT_TR_15220-3-1_2024;-13.85;-40.09;227;23.2;80;4979;2.7;9.2;;
2918100;Jeremoabo;BA;4A;ABNT_TR_15220-3-1_2024;-10.07;-38.35;274;24.7;72;5287;3.6;10.4;;
2918209;Jiquiriçá;BA;3A;ABNT_TR_15220-3-1_2024;-13.26;-39.57;296;21.9;81;4814;2.6;9.1;;
2918308;Jitaúna;BA;4A;ABNT_TR_15220-3-1_2024;-14.01;-39.90;185;22.9;80;4876;2.5;8.1;;
2918357;João Dourado;BA;4B;ABNT_TR_15220-3-1_2024;-11.35;-41.65;809;23.4;57;5759;3.8;11.2;;
2918407;Juazeiro;BA;5B;ABNT_TR_15220-3-1_2024;-9.42;-40.50;366;26.7;58;5767;3.8;10.2;;
2918456;Jucuruçu;BA;3A;ABNT_TR_15220-3-1_2024;-16.85;-40.16;193;22.3;76;4899;3.3;9.6;;
2918506;Jussara;BA;5B;ABNT_TR_15220-3-1_2024;-11.04;-41.97;623;25.4;57;5846;4.1;11.2;;
2918555;Jussari;BA;3A;ABNT_TR_15220-3-1_2024;-15.19;-39.49;182;22.8;80;4723;2.9;7.5;;
2918605;Jussiape;BA;3B;ABNT_TR_15220-3-1_2024;-13.52;-41.59;534;22.2;65;5419;4.4;10.5;;
2918704;Lafaiete Coutinho;BA;3A;ABNT_TR_15220-3-1_2024;-13.65;-40.21;559;22.3;81;4914;2.7;9.2;;
2918753;Lagoa Real;BA;3A;ABNT_TR_15220-3-1_2024;-13.47;-40.22;814;21.4;81;4920;2.9;9.7;;
2918803;Laje;BA;4B;ABNT_TR_15220-3-1_2024;-14.03;-42.13;514;24.3;57;5561;3.5;10.5;;
2918902;Lajedão;BA;4A;ABNT_TR_15220-3-1_2024;-13.17;-39.42;218;23.4;81;4884;2.6;8.2;;
2919009;Lajedinho;BA;4A;ABNT_TR_15220-3-1_2024;-17.61;-40.34;273;24.0;78;4933;3.9;9.9;;
2919058;Lajedo do Tabocal;BA;3B;ABNT_TR_15220-3-1_2024;-12.35;-40.90;631;22.7;69;5026;2.5;10.7;;
2919108;Lamarão;BA;4A;ABNT_TR_15220-3-1_2024;-11.77;-38.89;293;24.8;73;5065;3.7;10.1;;
2919157;Lapão;BA;4B;ABNT_TR_15220-3-1_2024;-11.39;-41.83;774;23.4;57;5751;3.7;11.2;;
2919207;Lauro de Freitas;BA;5A;ABNT_TR_15220-3-1_2024;-12.90;-38.32;12;25.6;75;5249;3.7;7.8;;
2919306;Lençóis;BA;3B;ABNT_TR_15220-3-1_2024;-12.56;-41.39;392;21.9;66;5048;2.0;10.8;;
2919405;Licínio de Almeida;BA;3B;ABNT_TR_15220-3-1_2024;-14.68;-42.51;851;22.6;56;5589;4.0;10.8;;
2919504;Livramento de Nossa Senhora;BA;3B;ABNT_TR_15220-3-1_2024;-13.64;-41.84;499;22.4;63;5492;3.0;10.5;;
2919553;Luís Eduardo Magalhães;BA;4B;ABNT_TR_15220-3-1_2024;-12.10;-45.79;755;24.0;66;5708;2.4;12.4;;
2919603;Macajuba;BA;4A;ABNT_TR_15220-3-1_2024;-12.13;-40.36;330;24.7;71;4866;2.7;10.3;;
2919702;Macarani;BA;4A;ABNT_TR_15220-3-1_2024;-15.56;-40.42;328;23.0;74;4897;3.1;8.9;;
2919801;Macaúbas;BA;4B;ABNT_TR_15220-3-1_2024;-13.02;-42.69;673;24.2;58;5880;3.7;11.7;;
2919900;Macururé;BA;5B;ABNT_TR_15220-3-1_2024;-9.16;-39.05;354;26.2;54;5565;4.2;10.5;;
2919926;Madre de Deus;BA;5A;ABNT_TR_15220-3-1_2024;-12.74;-38.62;14;25.3;76;5218;4.1;8.3;;
2919959;Maetinga;BA;4B;ABNT_TR_15220-3-1_2024;-14.66;-41.49;601;23.3;62;5299;3.9;9.7;;
2920007;Maiquinique;BA;4A;ABNT_TR_15220-3-1_2024;-15.62;-40.26;360;23.0;74;4851;3.4;8.9;;
2920106;Mairi;BA;4A;ABNT_TR_15220-3-1_2024;-11.71;-40.14;433;24.2;71;5021;2.8;10.4;;
2920205;Malhada;BA;5B;ABNT_TR_15220-3-1_2024;-14.34;-43.77;442;26.6;58;5864;4.2;11.9;;
2920304;Malhada de Pedras;BA;4B;ABNT_TR_15220-3-1_2024;-14.38;-41.88;498;24.6;58;5455;3.6;10.2;;
2920403;Manoel Vitorino;BA;3A;ABNT_TR_15220-3-1_2024;-14.15;-40.24;326;22.3;79;4950;3.4;8.9;;
2920452;Mansidão;BA;5B;ABNT_TR_15220-3-1_2024;-10.72;-44.04;522;25.9;59;5809;4.1;13.8;;
2920502;Maracás;BA;3A;ABNT_TR_15220-3-1_2024;-13.44;-40.43;976;21.2;79;4972;3.7;9.7;;
2920601;Maragogipe;BA;4A;ABNT_TR_15220-3-1_2024;-12.78;-38.92;7;24.4;79;5124;2.9;8.3;;
2920700;Maraú;BA;5A;ABNT_TR_15220-3-1_2024;-14.10;-39.01;20;25.4;80;5274;2.3;5.7;;
2920809;Marcionílio Souza;BA;4A;ABNT_TR_15220-3-1_2024;-13.01;-40.53;302;24.9;77;5166;3.3;10.2;;
2920908;Mascote;BA;4A;ABNT_TR_15220-3-1_2024;-15.55;-39.30;100;23.7;81;4854;2.6;7.8;;
2921005;Mata de São João;BA;5A;ABNT_TR_15220-3-1_2024;-12.53;-38.30;37;25.1;76;5096;3.0;7.8;;
2921054;Matina;BA;4B;ABNT_TR_15220-3-1_2024;-13.91;-42.84;524;24.9;57;5836;5.0;11.2;;
2921104;Medeiros Neto;BA;4A;ABNT_TR_15220-3-1_2024;-17.37;-40.22;197;24.0;77;4959;3.4;9.8;;
2921203;Miguel Calmon;BA;3B;ABNT_TR_15220-3-1_2024;-11.43;-40.60;550;22.6;65;5102;2.9;10.2;;
2921302;Milagres;BA;4A;ABNT_TR_15220-3-1_2024;-12.86;-39.86;410;23.2;80;4954;3.6;9.6;;
2921401;Mirangaba;BA;3B;ABNT_TR_15220-3-1_2024;-10.96;-40.57;852;22.4;57;5274;3.5;10.1;;
2921450;Mirante;BA;4A;ABNT_TR_15220-3-1_2024;-14.24;-40.77;349;24.5;76;5149;3.6;9.4;;
2921500;Monte Santo;BA;4B;ABNT_TR_15220-3-1_2024;-10.44;-39.33;491;24.6;66;5294;3.9;10.6;;
2921609;Morpará;BA;6B;ABNT_TR_15220-3-1_2024;-11.56;-43.28;480;27.4;59;5969;3.9;12.9;;
2921708;Morro do Chapéu;BA;2M;ABNT_TR_15220-3-1_2024;-11.55;-41.16;1019;20.8;62;5247;3.5;10.6;;
2921807;Mortugaba;BA;3B;ABNT_TR_15220-3-1_2024;-15.02;-42.37;840;22.2;63;5336;4.0;10.5;;
2921906;Mucugê;BA;2M;ABNT_TR_15220-3-1_2024;-13.01;-41.37;987;19.8;67;5065;3.4;10.5;;
2922003;Mucuri;BA;4A;ABNT_TR_15220-3-1_2024;-18.08;-39.56;7;24.6;77;5135;3.8;9.2;;
2922052;Mulungu do Morro;BA;3B;ABNT_TR_15220-3-1_2024;-11.96;-41.64;847;22.2;62;5400;3.9;11.2;;
2922102;Mundo Novo;BA;3B;ABNT_TR_15220-3-1_2024;-11.85;-40.47;509;22.8;71;4943;2.7;10.4;;
2922201;Muniz Ferreira;BA;4A;ABNT_TR_15220-3-1_2024;-13.01;-39.11;84;24.0;79;5036;2.7;8.2;;
2922250;Muquém do São Francisco;BA;5B;ABNT_TR_15220-3-1_2024;-12.06;-43.55;436;26.8;57;5912;3.3;13.2;Muquém de São Francisco;grafia divergente na ABNT
2922300;Muritiba;BA;4A;ABNT_TR_15220-3-1_2024;-12.63;-38.99;167;24.2;81;5106;2.7;8.3;;
2922409;Mutuípe;BA;4A;ABNT_TR_15220-3-1_2024;-13.23;-39.50;217;23.0;81;4801;2.4;9.1;;
2922508;Nazaré;BA;4A;ABNT_TR_15220-3-1_2024;-13.02;-39.01;44;24.4;78;5048;3.0;8.2;;
2922607;Nilo Peçanha;BA;4A;ABNT_TR_15220-3-1_2024;-13.60;-39.11;43;24.3;78;4910;2.8;7.7;;
2922656;Nordestina;BA;5B;ABNT_TR_15220-3-1_2024;-10.82;-39.43;328;25.1;63;5247;3.4;10.7;;
2922706;Nova Canaã;BA;3A;ABNT_TR_15220-3-1_2024;-14.79;-40.15;441;22.1;78;4888;3.2;8.7;;
2922730;Nova Fátima;BA;5A;ABNT_TR_15220-3-1_2024;-11.60;-39.63;291;25.3;70;5156;3.3;10.3;;
2922755;Nova Ibiá;BA;3A;ABNT_TR_15220-3-1_2024;-13.81;-39.62;281;22.7;80;4815;2.7;8.5;;
2922805;Nova Itarana;BA;3A;ABNT_TR_15220-3-1_2024;-13.02;-40.07;566;22.6;79;4902;3.6;9.7;;
2922854;Nova Redenção;BA;4B;ABNT_TR_15220-3-1_2024;-12.82;-41.07;416;24.1;69;5005;2.4;10.8;;
2922904;Nova Soure;BA;5A;ABNT_TR_15220-3-1_2024;-11.23;-38.49;151;25.5;74;5223;3.3;10.2;;
2923001;Nova Viçosa;BA;4A;ABNT_TR_15220-3-1_2024;-17.89;-39.37;4;24.7;78;5066;3.6;7.7;;
2923035;Novo Horizonte;BA;4B;ABNT_TR_15220-3-1_2024;-12.81;-42.17;842;23.0;65;5739;4.8;11.5;;
2923050;Novo Triunfo;BA;4A;ABNT_TR_15220-3-1_2024;-10.32;-38.40;408;23.8;71;5227;4.0;10.4;;
2923100;Olindina;BA;5A;ABNT_TR_15220-3-1_2024;-11.35;-38.34;132;25.2;74;5249;3.3;10.2;;
2923209;Oliveira dos Brejinhos;BA;5B;ABNT_TR_15220-3-1_2024;-12.31;-42.90;561;25.4;56;5961;3.7;12.2;;
2923308;Ouriçangas;BA;4A;ABNT_TR_15220-3-1_2024;-12.02;-38.62;246;24.4;74;5109;3.1;9.7;;
2923357;Ourolândia;BA;4B;ABNT_TR_15220-3-1_2024;-10.96;-41.08;550;23.8;57;5419;4.0;10.4;;
2923407;Palmas de Monte Alto;BA;5B;ABNT_TR_15220-3-1_2024;-14.27;-43.16;566;25.7;58;5823;4.5;11.5;;
2923506;Palmeiras;BA;3B;ABNT_TR_15220-3-1_2024;-12.51;-41.58;840;21.2;64;5290;3.1;11.1;;
2923605;Paramirim;BA;4B;ABNT_TR_15220-3-1_2024;-13.44;-42.24;621;23.5;63;5859;4.0;11.2;;
2923704;Paratinga;BA;5B;ABNT_TR_15220-3-1_2024;-12.69;-43.18;431;26.8;57;5913;4.3;12.6;;
2923803;Paripiranga;BA;4A;ABNT_TR_15220-3-1_2024;-10.69;-37.86;443;24.0;72;5219;3.5;9.2;;
2923902;Pau Brasil;BA;4A;ABNT_TR_15220-3-1_2024;-15.46;-39.65;196;23.6;79;4880;2.5;8.1;;
2924009;Paulo Afonso;BA;5B;ABNT_TR_15220-3-1_2024;-9.40;-38.22;254;26.0;64;5539;3.3;10.8;;
2924058;Pé de Serra;BA;5A;ABNT_TR_15220-3-1_2024;-11.83;-39.61;269;25.1;73;5111;3.2;10.3;;
2924108;Pedrão;BA;4A;ABNT_TR_15220-3-1_2024;-12.15;-38.65;187;24.6;74;5096;2.9;9.7;;
2924207;Pedro Alexandre;BA;4A;ABNT_TR_15220-3-1_2024;-10.01;-37.89;341;24.9;71;5248;3.8;9.5;;
2924306;Piatã;BA;2M;ABNT_TR_15220-3-1_2024;-13.15;-41.77;1246;19.9;69;5506;2.4;8.7;;
2924405;Pilão Arcado;BA;6B;ABNT_TR_15220-3-1_2024;-10.01;-42.49;397;27.1;59;6018;3.7;11.3;;
2924504;Pindaí;BA;4B;ABNT_TR_15220-3-1_2024;-14.49;-42.69;605;23.8;57;5837;5.0;10.9;;
2924603;Pindobaçu;BA;3B;ABNT_TR_15220-3-1_2024;-10.74;-40.37;457;22.8;60;5092;3.0;10.1;;
2924652;Pintadas;BA;4A;ABNT_TR_15220-3-1_2024;-11.81;-39.90;301;24.8;72;5025;3.1;10.3;;
2924678;Piraí do Norte;BA;3A;ABNT_TR_15220-3-1_2024;-13.76;-39.38;189;22.8;79;4811;2.5;7.7;;
2924702;Piripá;BA;4B;ABNT_TR_15220-3-1_2024;-14.94;-41.72;661;23.2;64;5324;3.9;10.1;;
2924801;Piritiba;BA;3B;ABNT_TR_15220-3-1_2024;-11.73;-40.56;536;22.8;69;5008;2.9;10.5;;
2924900;Planaltino;BA;3A;ABNT_TR_15220-3-1_2024;-13.26;-40.37;720;21.6;79;4986;3.4;9.7;;
2925006;Planalto;BA;2M;ABNT_TR_15220-3-1_2024;-14.67;-40.47;931;20.2;79;4933;3.6;8.7;;
2925105;Poções;BA;3A;ABNT_TR_15220-3-1_2024;-14.52;-40.36;765;21.4;78;4959;3.6;8.7;;
2925204;Pojuca;BA;4A;ABNT_TR_15220-3-1_2024;-12.43;-38.34;67;24.9;75;5090;2.8;9.0;;
2925253;Ponto Novo;BA;4B;ABNT_TR_15220-3-1_2024;-10.87;-40.13;363;24.6;63;5168;3.2;10.1;;
2925303;Porto Seguro;BA;4A;ABNT_TR_15220-3-1_2024;-16.44;-39.06;5;24.4;84;5074;3.2;6.2;;
2925402;Potiraguá;BA;4A;ABNT_TR_15220-3-1_2024;-15.59;-39.86;221;23.8;78;4859;2.7;8.4;;
2925501;Prado;BA;4A;ABNT_TR_15220-3-1_2024;-17.34;-39.22;6;24.8;79;5127;4.2;8.1;;
2925600;Presidente Dutra;BA;4B;ABNT_TR_15220-3-1_2024;-11.29;-41.98;665;24.5;57;5789;3.8;11.2;;
2925709;Presidente Jânio Quadros;BA;4B;ABNT_TR_15220-3-1_2024;-14.69;-41.68;703;23.2;60;5309;4.1;10.1;;
2925758;Presidente Tancredo Neves;BA;4A;ABNT_TR_15220-3-1_2024;-13.45;-39.42;222;23.1;79;4796;2.3;8.2;;
2925808;Queimadas;BA;5B;ABNT_TR_15220-3-1_2024;-10.97;-39.63;272;25.9;64;5086;3.1;10.6;;
2925907;Quijingue;BA;5B;ABNT_TR_15220-3-1_2024;-10.75;-39.21;338;25.2;68;5255;3.3;10.7;;
2925931;Quixabeira;BA;4B;ABNT_TR_15220-3-1_2024;-11.40;-40.12;430;24.3;65;5091;3.4;10.3;;
2925956;Rafael Jambeiro;BA;4A;ABNT_TR_15220-3-1_2024;-12.41;-39.50;233;24.7;78;5012;3.0;10.1;;
2926004;Remanso;BA;5B;ABNT_TR_15220-3-1_2024;-9.62;-42.08;404;26.7;57;5950;4.1;11.0;;
2926103;Retirolândia;BA;4A;ABNT_TR_15220-3-1_2024;-11.48;-39.42;309;24.9;71;5145;3.6;10.5;;
2926202;Riachão das Neves;BA;5B;ABNT_TR_15220-3-1_2024;-11.75;-44.91;509;25.8;62;5863;3.4;13.8;;
2926301;Riachão do Jacuípe;BA;5A;ABNT_TR_15220-3-1_2024;-11.81;-39.38;223;25.2;74;5117;3.2;10.1;;
2926400;Riacho de Santana;BA;4B;ABNT_TR_15220-3-1_2024;-13.61;-42.94;614;24.2;58;5816;4.9;11.2;;
2926509;Ribeira do Amparo;BA;5A;ABNT_TR_15220-3-1_2024;-11.04;-38.42;161;25.2;73;5146;3.4;10.2;;
2926608;Ribeira do Pombal;BA;5A;ABNT_TR_15220-3-1_2024;-10.84;-38.54;225;25.0;72;5219;3.6;10.9;;
2926657;Ribeirão do Largo;BA;2M;ABNT_TR_15220-3-1_2024;-15.45;-40.74;824;20.6;74;4929;3.1;9.3;;
2926707;Rio de Contas;BA;3B;ABNT_TR_15220-3-1_2024;-13.59;-41.80;1029;22.4;65;5492;3.2;10.5;;
2926806;Rio do Antônio;BA;4B;ABNT_TR_15220-3-1_2024;-14.41;-42.07;527;23.7;57;5471;3.7;10.5;;
2926905;Rio do Pires;BA;4B;ABNT_TR_15220-3-1_2024;-13.12;-42.29;559;24.7;64;5853;4.1;11.2;;
2927002;Rio Real;BA;4A;ABNT_TR_15220-3-1_2024;-11.48;-37.93;161;24.9;77;5218;3.4;8.8;;
2927101;Rodelas;BA;5B;ABNT_TR_15220-3-1_2024;-8.85;-38.78;322;26.0;54;5821;4.1;11.1;;
2927200;Ruy Barbosa;BA;4A;ABNT_TR_15220-3-1_2024;-12.28;-40.49;352;24.0;72;4977;2.8;10.5;;
2927309;Salinas da Margarida;BA;4A;ABNT_TR_15220-3-1_2024;-12.87;-38.76;2;24.7;76;5312;4.0;8.3;;
2927408;Salvador;BA;5A;ABNT_TR_15220-3-1_2024;-12.97;-38.50;68;26.4;77;5633;4.3;4.9;;
2927507;Santa Bárbara;BA;4A;ABNT_TR_15220-3-1_2024;-11.95;-38.97;256;24.9;74;5070;3.5;10.1;;
2927606;Santa Brígida;BA;5B;ABNT_TR_15220-3-1_2024;-9.73;-38.12;299;25.4;68;5360;3.6;10.5;;
2927705;Santa Cruz Cabrália;BA;4A;ABNT_TR_15220-3-1_2024;-16.28;-39.03;35;23.7;84;4960;1.4;8.4;;
2927804;Santa Cruz da Vitória;BA;4A;ABNT_TR_15220-3-1_2024;-14.96;-39.81;243;23.4;79;4834;2.7;8.0;;
2927903;Santa Inês;BA;3A;ABNT_TR_15220-3-1_2024;-13.28;-39.81;472;21.7;80;4856;3.0;9.1;;
2928000;Santaluz;BA;4B;ABNT_TR_15220-3-1_2024;-11.25;-39.38;365;24.9;64;5157;3.5;10.5;;
2928059;Santa Luzia;BA;4A;ABNT_TR_15220-3-1_2024;-15.43;-39.33;113;23.3;80;4762;2.6;7.5;;
2928109;Santa Maria da Vitória;BA;5B;ABNT_TR_15220-3-1_2024;-13.39;-44.20;466;26.2;58;5861;3.3;12.8;;
2928208;Santana;BA;5B;ABNT_TR_15220-3-1_2024;-12.98;-44.05;542;25.6;58;5884;3.1;13.1;;
2928307;Santanópolis;BA;4A;ABNT_TR_15220-3-1_2024;-12.03;-38.87;258;24.8;74;5105;3.6;9.7;;
2928406;Santa Rita de Cássia;BA;5B;ABNT_TR_15220-3-1_2024;-11.01;-44.53;437;26.8;56;5950;2.0;12.6;;
2928505;Santa Terezinha;BA;4A;ABNT_TR_15220-3-1_2024;-12.77;-39.52;219;23.5;80;4945;2.7;9.6;Santa Teresinha;grafia divergente na ABNT
2928604;Santo Amaro;BA;4A;ABNT_TR_15220-3-1_2024;-12.55;-38.71;12;24.8;76;5064;2.8;8.3;;
2928703;Santo Antônio de Jesus;BA;4A;ABNT_TR_15220-3-1_2024;-12.96;-39.26;211;23.6;80;4992;2.5;9.0;;
2928802;Santo Estêvão;BA;4A;ABNT_TR_15220-3-1_2024;-12.43;-39.25;242;24.6;79;5073;2.8;9.8;;
2928901;São Desidério;BA;5B;ABNT_TR_15220-3-1_2024;-12.36;-44.98;499;25.3;62;5820;3.1;13.5;;
2928950;São Domingos;BA;5B;ABNT_TR_15220-3-1_2024;-11.46;-39.53;298;25.2;67;5134;3.4;10.4;;
2929008;São Félix;BA;4A;ABNT_TR_15220-3-1_2024;-12.61;-38.97;74;24.2;80;5106;2.7;8.3;;
2929057;São Félix do Coribe;BA;5B;ABNT_TR_15220-3-1_2024;-13.40;-44.18;453;26.2;58;5861;3.3;12.8;;
2929107;São Felipe;BA;4A;ABNT_TR_15220-3-1_2024;-12.84;-39.09;158;23.8;81;5046;2.9;9.0;;
2929206;São Francisco do Conde;BA;4A;ABNT_TR_15220-3-1_2024;-12.62;-38.68;79;24.9;76;5050;2.9;8.3;;
2929255;São Gabriel;BA;4B;ABNT_TR_15220-3-1_2024;-11.22;-41.88;683;24.5;57;5774;4.0;11.2;;
2929305;São Gonçalo dos Campos;BA;4A;ABNT_TR_15220-3-1_2024;-12.43;-38.97;221;24.4;76;5041;3.0;9.7;;
2929354;São José da Vitória;BA;3A;ABNT_TR_15220-3-1_2024;-15.08;-39.34;160;22.8;81;4712;2.9;7.5;;
2929370;São José do Jacuípe;BA;4B;ABNT_TR_15220-3-1_2024;-11.41;-39.87;396;24.8;64;5121;3.3;10.4;;
2929404;São Miguel das Matas;BA;4A;ABNT_TR_15220-3-1_2024;-13.04;-39.46;311;23.1;81;4898;2.6;8.2;;
2929503;São Sebastião do Passé;BA;5A;ABNT_TR_15220-3-1_2024;-12.51;-38.49;53;25.0;76;5048;3.0;7.8;;
2929602;Sapeaçu;BA;4A;ABNT_TR_15220-3-1_2024;-12.72;-39.18;201;23.8;82;5050;2.9;9.0;;
2929701;Sátiro Dias;BA;4A;ABNT_TR_15220-3-1_2024;-11.59;-38.59;266;24.7;73;5139;3.2;10.1;;
2929750;Saubara;BA;4A;ABNT_TR_15220-3-1_2024;-12.74;-38.76;9;24.8;77;5311;3.9;8.3;;
2929800;Saúde;BA;4B;ABNT_TR_15220-3-1_2024;-10.94;-40.42;540;23.2;60;5202;2.9;10.1;;
2929909;Seabra;BA;2M;ABNT_TR_15220-3-1_2024;-12.42;-41.77;821;20.7;63;5233;3.2;11.2;;
2930006;Sebastião Laranjeiras;BA;4B;ABNT_TR_15220-3-1_2024;-14.57;-42.94;545;24.6;58;5809;4.7;10.8;;
2930105;Senhor do Bonfim;BA;4B;ABNT_TR_15220-3-1_2024;-10.46;-40.19;549;23.2;60;5145;2.9;10.1;;
2930154;Serra do Ramalho;BA;5B;ABNT_TR_15220-3-1_2024;-13.57;-43.59;445;26.8;57;5875;3.3;12.2;;
2930204;Sento Sé;BA;5B;ABNT_TR_15220-3-1_2024;-9.74;-41.88;405;26.4;56;6010;4.0;10.6;;
2930303;Serra Dourada;BA;5B;ABNT_TR_15220-3-1_2024;-12.76;-43.95;528;25.5;58;5894;3.0;12.9;;
2930402;Serra Preta;BA;4A;ABNT_TR_15220-3-1_2024;-12.16;-39.33;276;24.5;75;5031;3.0;9.8;;
2930501;Serrinha;BA;4A;ABNT_TR_15220-3-1_2024;-11.66;-39.01;382;24.8;73;5086;3.0;9.5;;
2930600;Serrolândia;BA;4B;ABNT_TR_15220-3-1_2024;-11.41;-40.30;437;24.0;66;5061;3.2;10.3;;
2930709;Simões Filho;BA;5A;ABNT_TR_15220-3-1_2024;-12.79;-38.40;33;25.4;75;5091;3.4;7.8;;
2930758;Sítio do Mato;BA;6B;ABNT_TR_15220-3-1_2024;-13.08;-43.47;429;27.2;57;5906;3.9;12.3;;
2930766;Sítio do Quinto;BA;4A;ABNT_TR_15220-3-1_2024;-10.35;-38.22;386;24.7;72;5241;3.8;10.4;;
2930774;Sobradinho;BA;5B;ABNT_TR_15220-3-1_2024;-9.45;-40.81;371;26.7;57;5952;3.8;10.2;;
2930808;Souto Soares;BA;3B;ABNT_TR_15220-3-1_2024;-12.09;-41.64;828;22.4;62;5305;3.5;11.2;;
2930907;Tabocas do Brejo Velho;BA;5B;ABNT_TR_15220-3-1_2024;-12.70;-44.01;545;25.7;58;5879;3.0;13.1;;
2931004;Tanhaçu;BA;4B;ABNT_TR_15220-3-1_2024;-14.02;-41.25;432;24.1;61;5355;3.1;9.9;;
2931053;Tanque Novo;BA;4B;ABNT_TR_15220-3-1_2024;-13.55;-42.49;808;23.3;58;5832;4.3;10.8;;
2931103;Tanquinho;BA;5A;ABNT_TR_15220-3-1_2024;-11.97;-39.10;228;25.1;74;5066;3.3;10.1;;
2931202;Taperoá;BA;4A;ABNT_TR_15220-3-1_2024;-13.53;-39.10;32;24.3;78;4931;3.0;7.7;;
2931301;Tapiramutá;BA;3B;ABNT_TR_15220-3-1_2024;-11.85;-40.79;826;21.5;67;4975;2.3;10.5;;
2931350;Teixeira de Freitas;BA;4A;ABNT_TR_15220-3-1_2024;-17.54;-39.74;119;24.2;78;4892;3.0;8.9;;
2931400;Teodoro Sampaio;BA;4A;ABNT_TR_15220-3-1_2024;-12.30;-38.63;104;24.8;75;5057;2.7;9.7;;
2931509;Teofilândia;BA;4A;ABNT_TR_15220-3-1_2024;-11.48;-38.99;364;24.7;73;5183;3.7;10.7;;
2931608;Teolândia;BA;4A;ABNT_TR_15220-3-1_2024;-13.59;-39.48;185;23.2;79;4849;2.4;7.7;;
2931707;Terra Nova;BA;4A;ABNT_TR_15220-3-1_2024;-12.39;-38.62;200;24.8;75;5007;2.9;9.7;;
2931806;Tremedal;BA;4A;ABNT_TR_15220-3-1_2024;-14.97;-41.41;506;23.2;73;5250;4.3;9.7;;
2931905;Tucano;BA;5A;ABNT_TR_15220-3-1_2024;-10.96;-38.79;221;25.6;71;5325;3.9;10.9;;
2932002;Uauá;BA;5B;ABNT_TR_15220-3-1_2024;-9.83;-39.48;443;25.4;62;5487;4.1;10.6;;
2932101;Ubaíra;BA;3A;ABNT_TR_15220-3-1_2024;-13.27;-39.67;371;21.6;81;4836;2.6;9.1;;
2932200;Ubaitaba;BA;4A;ABNT_TR_15220-3-1_2024;-14.30;-39.32;61;23.5;81;4868;2.7;7.3;;
2932309;Ubatã;BA;4A;ABNT_TR_15220-3-1_2024;-14.21;-39.52;132;23.6;81;4870;2.5;8.1;;
2932408;Uibaí;BA;4B;ABNT_TR_15220-3-1_2024;-11.34;-42.14;578;24.4;57;5829;3.5;11.8;;
2932457;Umburanas;BA;4B;ABNT_TR_15220-3-1_2024;-10.73;-41.32;728;24.3;56;5817;2.5;11.4;;
2932507;Una;BA;4A;ABNT_TR_15220-3-1_2024;-15.28;-39.08;44;23.9;80;5044;3.7;7.5;;
2932606;Urandi;BA;3B;ABNT_TR_15220-3-1_2024;-14.77;-42.65;720;22.8;58;5793;4.9;10.8;;
2932705;Uruçuca;BA;4A;ABNT_TR_15220-3-1_2024;-14.60;-39.29;108;23.5;84;4870;2.7;7.1;;
2932804;Utinga;BA;3B;ABNT_TR_15220-3-1_2024;-12.08;-41.10;558;22.7;68;4976;2.8;10.9;;
2932903;Valença;BA;4A;ABNT_TR_15220-3-1_2024;-13.37;-39.07;4;24.4;78;5078;3.0;8.2;;
2933000;Valente;BA;4B;ABNT_TR_15220-3-1_2024;-11.41;-39.46;359;24.9;66;5150;3.6;10.5;;
2933059;Várzea da Roça;BA;4B;ABNT_TR_15220-3-1_2024;-11.60;-40.13;458;24.2;69;5068;3.1;10.4;;
2933109;Várzea do Poço;BA;4B;ABNT_TR_15220-3-1_2024;-11.53;-40.31;473;24.0;68;4980;3.0;10.4;;
2933158;Várzea Nova;BA;3B;ABNT_TR_15220-3-1_2024;-11.26;-40.94;721;21.9;58;5343;3.6;10.2;;
2933174;Varzedo;BA;4A;ABNT_TR_15220-3-1_2024;-12.97;-39.39;258;23.4;81;4939;2.6;9.0;;
2933208;Vera Cruz;BA;5A;ABNT_TR_15220-3-1_2024;-12.96;-38.62;33;25.3;75;5327;3.9;8.3;;
2933257;Vereda;BA;4A;ABNT_TR_15220-3-1_2024;-17.22;-40.10;298;23.7;77;4981;3.5;9.8;;
2933307;Vitória da Conquista;BA;3A;ABNT_TR_15220-3-1_2024;-14.86;-40.84;882;20.9;81;5122;2.4;9.7;;
2933406;Wagner;BA;3B;ABNT_TR_15220-3-1_2024;-12.28;-41.17;502;22.8;68;4919;2.4;10.9;;
2933455;Wanderley;BA;5B;ABNT_TR_15220-3-1_2024;-12.11;-43.90;548;25.9;58;5905;3.7;13.2;;
2933505;Wenceslau Guimarães;BA;4A;ABNT_TR_15220-3-1_2024;-13.69;-39.48;181;23.1;79;4844;2.4;7.7;;
2933604;Xique-Xique;BA;6B;ABNT_TR_15220-3-1_2024;-10.82;-42.72;408;27.3;59;6021;4.9;12.1;;
3100104;Abadia dos Dourados;MG;3B;ABNT_TR_15220-3-1_2024;-18.48;-47.39;783;22.6;68;5339;3.8;11.4;;
3100203;Abaeté;MG;3B;ABNT_TR_15220-3-1_2024;-19.16;-45.44;637;22.9;65;5344;3.0;13.0;;
3100302;Abre Campo;MG;3A;ABNT_TR_15220-3-1_2024;-20.30;-42.47;631;21.2;78;4826;4.1;12.0;;
3100401;Acaiaca;MG;3A;ABNT_TR_15220-3-1_2024;-20.36;-43.14;491;21.3;77;4753;3.2;11.6;;
3100500;Açucena;MG;3B;ABNT_TR_15220-3-1_2024;-19.07;-42.54;495;22.3;70;4728;2.4;11.8;;
3100609;Água Boa;MG;3B;ABNT_TR_15220-3-1_2024;-17.99;-42.38;503;22.7;68;4985;2.9;11.6;;
3100708;Água Comprida;MG;4B;ABNT_TR_15220-3-1_2024;-20.06;-48.11;534;24.5;64;5150;4.1;11.6;;
3100807;Aguanil;MG;2M;ABNT_TR_15220-3-1_2024;-20.94;-45.39;817;20.8;70;4974;3.4;12.3;;
3100906;Águas Formosas;MG;4B;ABNT_TR_15220-3-1_2024;-17.08;-40.94;265;23.9;68;5011;3.0;10.4;;
3101003;Águas Vermelhas;MG;3B;ABNT_TR_15220-3-1_2024;-15.74;-41.46;729;21.4;72;5152;2.2;12.1;;
3101102;Aimorés;MG;4A;ABNT_TR_15220-3-1_2024;-19.50;-41.07;177;24.2;77;4961;3.4;11.3;;
3101201;Aiuruoca;MG;1M;ABNT_TR_15220-3-1_2024;-21.97;-44.60;992;17.7;77;4760;3.1;12.3;;
3101300;Alagoa;MG;1M;ABNT_TR_15220-3-1_2024;-22.17;-44.64;1145;16.8;79;4580;3.3;11.8;;
3101409;Albertina;MG;2M;ABNT_TR_15220-3-1_2024;-22.20;-46.61;993;20.0;71;4848;3.7;11.0;;
3101508;Além Paraíba;MG;3A;ABNT_TR_15220-3-1_2024;-21.88;-42.72;227;21.9;81;4701;2.5;11.1;;
3101607;Alfenas;MG;3B;ABNT_TR_15220-3-1_2024;-21.43;-45.95;887;21.2;72;4935;2.8;12.4;;
3101631;Alfredo Vasconcelos;MG;1M;ABNT_TR_15220-3-1_2024;-21.15;-43.77;1062;18.5;75;4694;3.6;10.8;;
3101706;Almenara;MG;5A;ABNT_TR_15220-3-1_2024;-16.18;-40.69;190;25.3;69;4834;1.5;9.9;;
3101805;Alpercata;MG;4B;ABNT_TR_15220-3-1_2024;-18.97;-41.97;191;24.5;69;4916;3.3;11.5;;
3101904;Alpinópolis;MG;2M;ABNT_TR_15220-3-1_2024;-20.86;-46.39;880;20.6;69;5028;3.1;12.0;;
3102001;Alterosa;MG;3B;ABNT_TR_15220-3-1_2024;-21.25;-46.14;800;21.0;70;4898;2.9;11.9;;
3102050;Alto Caparaó;MG;1M;ABNT_TR_15220-3-1_2024;-20.43;-41.87;1072;18.5;78;4669;3.5;12.3;;
3102100;Alto Rio Doce;MG;2M;ABNT_TR_15220-3-1_2024;-21.03;-43.41;775;20.1;75;4667;3.8;11.5;;
3102209;Alvarenga;MG;3B;ABNT_TR_15220-3-1_2024;-19.42;-41.73;376;22.3;72;4677;3.1;11.5;;
3102308;Alvinópolis;MG;3A;ABNT_TR_15220-3-1_2024;-20.11;-43.05;644;21.0;74;4680;2.8;11.6;;
3102407;Alvorada de Minas;MG;2M;ABNT_TR_15220-3-1_2024;-18.73;-43.36;662;20.7;66;4842;2.0;12.1;;
3102506;Amparo do Serra;MG;3A;ABNT_TR_15220-3-1_2024;-20.51;-42.80;603;21.3;80;4749;3.7;11.6;;
3102605;Andradas;MG;2M;ABNT_TR_15220-3-1_2024;-22.07;-46.57;891;19.7;70;4795;4.0;11.0;;
3102704;Cachoeira de Pajeú;MG;3B;ABNT_TR_15220-3-1_2024;-15.97;-41.49;792;21.8;70;5074;3.4;9.9;;
3102803;Andrelândia;MG;1M;ABNT_TR_15220-3-1_2024;-21.74;-44.31;971;18.7;76;4750;3.7;11.4;;
3102852;Angelândia;MG;2M;ABNT_TR_15220-3-1_2024;-17.73;-42.26;868;20.7;65;4885;3.7;11.6;;
3102902;Antônio Carlos;MG;1M;ABNT_TR_15220-3-1_2024;-21.32;-43.75;1045;18.4;75;4656;3.3;10.8;;
3103009;Antônio Dias;MG;3B;ABNT_TR_15220-3-1_2024;-19.65;-42.87;619;21.5;71;4742;2.6;11.7;;
3103108;Antônio Prado de Minas;MG;3A;ABNT_TR_15220-3-1_2024;-21.02;-42.11;333;22.3;76;4757;2.6;11.2;;
3103207;Araçaí;MG;3B;ABNT_TR_15220-3-1_2024;-19.20;-44.25;706;22.6;66;5323;3.2;12.3;;
3103306;Aracitaba;MG;2M;ABNT_TR_15220-3-1_2024;-21.34;-43.37;603;20.3;77;4621;3.0;11.5;;
3103405;Araçuaí;MG;4B;ABNT_TR_15220-3-1_2024;-16.85;-42.06;321;24.6;64;5260;4.0;11.5;;
3103504;Araguari;MG;3B;ABNT_TR_15220-3-1_2024;-18.65;-48.19;930;22.3;66;5299;4.0;11.6;;
3103603;Arantina;MG;1M;ABNT_TR_15220-3-1_2024;-21.91;-44.26;1052;18.2;77;4689;3.5;11.4;;
3103702;Araponga;MG;2M;ABNT_TR_15220-3-1_2024;-20.67;-42.52;962;19.0;79;4793;3.9;11.6;;
3103751;Araporã;MG;4B;ABNT_TR_15220-3-1_2024;-18.44;-49.18;472;24.9;65;5404;0.9;11.9;;
3103801;Arapuá;MG;3B;ABNT_TR_15220-3-1_2024;-19.03;-46.15;986;21.6;67;5250;3.6;12.0;;
3103900;Araújos;MG;3B;ABNT_TR_15220-3-1_2024;-19.94;-45.17;769;21.8;68;5189;3.2;13.2;;
3104007;Araxá;MG;3B;ABNT_TR_15220-3-1_2024;-19.59;-46.94;982;21.6;65;5176;2.4;9.9;;
3104106;Arceburgo;MG;3B;ABNT_TR_15220-3-1_2024;-21.36;-46.94;706;21.8;67;5011;3.2;11.1;;
3104205;Arcos;MG;3B;ABNT_TR_15220-3-1_2024;-20.29;-45.54;738;21.6;68;5136;3.2;13.1;;
3104304;Areado;MG;2M;ABNT_TR_15220-3-1_2024;-21.36;-46.14;786;20.9;70;4899;2.8;11.9;;
3104403;Argirita;MG;3A;ABNT_TR_15220-3-1_2024;-21.61;-42.83;412;22.2;79;4697;3.1;11.1;;
3104452;Aricanduva;MG;3B;ABNT_TR_15220-3-1_2024;-17.87;-42.55;808;20.9;66;4913;2.8;11.5;;
3104502;Arinos;MG;5B;ABNT_TR_15220-3-1_2024;-15.92;-46.10;509;25.0;63;5647;2.7;11.2;;
3104601;Astolfo Dutra;MG;3A;ABNT_TR_15220-3-1_2024;-21.32;-42.86;412;21.7;78;4804;2.5;11.5;;
3104700;Ataléia;MG;4A;ABNT_TR_15220-3-1_2024;-18.04;-41.11;236;23.5;73;4810;3.4;11.3;;
3104809;Augusto de Lima;MG;4B;ABNT_TR_15220-3-1_2024;-18.10;-44.27;529;23.1;63;5489;3.8;12.1;;
3104908;Baependi;MG;2M;ABNT_TR_15220-3-1_2024;-21.96;-44.89;928;18.9;77;4897;3.4;12.3;;
3105004;Baldim;MG;3B;ABNT_TR_15220-3-1_2024;-19.28;-43.96;685;22.4;67;5319;4.1;12.0;;
3105103;Bambuí;MG;3B;ABNT_TR_15220-3-1_2024;-20.02;-45.98;708;22.0;68;5172;3.0;13.1;;
3105202;Bandeira;MG;3B;ABNT_TR_15220-3-1_2024;-15.88;-40.56;376;22.4;70;4976;3.4;9.4;;
3105301;Bandeira do Sul;MG;2M;ABNT_TR_15220-3-1_2024;-21.73;-46.38;958;19.8;71;4848;3.2;11.8;;
3105400;Barão de Cocais;MG;2M;ABNT_TR_15220-3-1_2024;-19.94;-43.48;751;20.1;68;4699;2.9;11.7;;
3105509;Barão do Monte Alto;MG;3A;ABNT_TR_15220-3-1_2024;-21.24;-42.24;205;22.4;77;4904;2.7;11.2;Barão de Monte Alto;grafia divergente na ABNT
3105608;Barbacena;MG;2M;ABNT_TR_15220-3-1_2024;-21.22;-43.77;1124;18.9;69;5009;0.7;9.5;;
3105707;Barra Longa;MG;3A;ABNT_TR_15220-3-1_2024;-20.29;-43.04;400;22.2;77;4760;2.8;11.6;;
3105905;Barroso;MG;2M;ABNT_TR_15220-3-1_2024;-21.19;-43.97;970;19.3;74;4762;3.8;10.8;;
3106002;Bela Vista de Minas;MG;3B;ABNT_TR_15220-3-1_2024;-19.83;-43.09;716;21.0;71;4774;3.1;11.7;;
3106101;Belmiro Braga;MG;2M;ABNT_TR_15220-3-1_2024;-21.94;-43.41;574;20.7;81;4530;3.2;10.9;;
3106200;Belo Horizonte;MG;3B;ABNT_TR_15220-3-1_2024;-19.91;-43.93;842;22.1;65;5251;2.6;10.4;;
3106309;Belo Oriente;MG;4A;ABNT_TR_15220-3-1_2024;-19.22;-42.48;282;23.2;72;4892;2.6;11.5;;
3106408;Belo Vale;MG;2M;ABNT_TR_15220-3-1_2024;-20.41;-44.03;809;19.6;74;5066;3.4;12.5;;
3106507;Berilo;MG;4B;ABNT_TR_15220-3-1_2024;-16.96;-42.46;457;23.8;64;5216;3.3;11.5;;
3106606;Bertópolis;MG;4A;ABNT_TR_15220-3-1_2024;-17.06;-40.58;264;23.9;74;4974;2.9;10.4;;
3106655;Berizal;MG;3B;ABNT_TR_15220-3-1_2024;-15.61;-41.74;728;22.0;70;5152;3.5;10.4;;
3106705;Betim;MG;3B;ABNT_TR_15220-3-1_2024;-19.97;-44.20;817;21.1;69;5158;3.6;12.3;;
3106804;Bias Fortes;MG;2M;ABNT_TR_15220-3-1_2024;-21.60;-43.76;797;19.1;76;4543;2.7;10.4;;
3106903;Bicas;MG;3A;ABNT_TR_15220-3-1_2024;-21.72;-43.06;647;21.0;80;4640;3.5;10.9;;
3107000;Biquinhas;MG;4B;ABNT_TR_15220-3-1_2024;-18.78;-45.50;637;23.2;64;5431;3.1;12.6;;
3107109;Boa Esperança;MG;3B;ABNT_TR_15220-3-1_2024;-21.09;-45.56;803;21.0;70;4955;3.4;12.4;;
3107208;Bocaina de Minas;MG;1M;ABNT_TR_15220-3-1_2024;-22.17;-44.40;1197;17.9;79;4494;2.8;11.5;;
3107307;Bocaiúva;MG;4B;ABNT_TR_15220-3-1_2024;-17.11;-43.81;692;23.2;63;5545;3.9;11.9;;
3107406;Bom Despacho;MG;3B;ABNT_TR_15220-3-1_2024;-19.74;-45.26;708;22.5;68;5247;3.0;13.2;;
3107505;Bom Jardim de Minas;MG;1M;ABNT_TR_15220-3-1_2024;-21.95;-44.19;1109;18.0;78;4659;3.0;11.4;;
3107604;Bom Jesus da Penha;MG;2M;ABNT_TR_15220-3-1_2024;-21.01;-46.52;983;20.2;69;4986;3.6;11.1;;
3107703;Bom Jesus do Amparo;MG;2M;ABNT_TR_15220-3-1_2024;-19.71;-43.48;663;20.5;67;4862;3.0;11.7;;
3107802;Bom Jesus do Galho;MG;3A;ABNT_TR_15220-3-1_2024;-19.84;-42.32;553;22.3;75;4847;3.9;11.2;;
3107901;Bom Repouso;MG;1M;ABNT_TR_15220-3-1_2024;-22.47;-46.14;1361;18.3;83;4701;3.3;11.3;;
3108008;Bom Sucesso;MG;2M;ABNT_TR_15220-3-1_2024;-21.03;-44.75;932;20.0;72;4884;3.3;11.8;;
3108107;Bonfim;MG;2M;ABNT_TR_15220-3-1_2024;-20.33;-44.24;963;20.8;71;5064;3.7;12.5;;
3108206;Bonfinópolis de Minas;MG;4B;ABNT_TR_15220-3-1_2024;-16.57;-45.98;656;24.3;63;5594;3.2;11.8;;
3108255;Bonito de Minas;MG;4B;ABNT_TR_15220-3-1_2024;-15.32;-44.75;611;24.6;59;5744;3.7;11.5;;
3108305;Borda da Mata;MG;2M;ABNT_TR_15220-3-1_2024;-22.27;-46.17;890;19.3;77;4811;3.1;11.3;;
3108404;Botelhos;MG;2M;ABNT_TR_15220-3-1_2024;-21.64;-46.39;956;20.4;71;4873;3.2;11.8;;
3108503;Botumirim;MG;3B;ABNT_TR_15220-3-1_2024;-16.87;-43.01;937;21.7;64;5163;2.7;11.7;;
3108552;Brasilândia de Minas;MG;4B;ABNT_TR_15220-3-1_2024;-17.00;-46.01;541;24.9;61;5593;2.8;11.7;;
3108602;Brasília de Minas;MG;4B;ABNT_TR_15220-3-1_2024;-16.21;-44.43;721;23.6;63;5664;4.6;11.9;;
3108701;Brás Pires;MG;2M;ABNT_TR_15220-3-1_2024;-20.84;-43.24;672;20.7;78;4657;3.4;11.5;;
3108800;Braúnas;MG;3B;ABNT_TR_15220-3-1_2024;-19.06;-42.71;422;22.6;71;4851;2.5;11.8;;
3108909;Brazópolis;MG;2M;ABNT_TR_15220-3-1_2024;-22.47;-45.62;881;19.6;81;4810;3.0;11.9;;
3109006;Brumadinho;MG;3B;ABNT_TR_15220-3-1_2024;-20.15;-44.20;771;20.9;69;5080;3.5;12.5;;
3109105;Bueno Brandão;MG;1M;ABNT_TR_15220-3-1_2024;-22.44;-46.35;1181;18.6;77;4896;4.2;11.3;;
3109204;Buenópolis;MG;3B;ABNT_TR_15220-3-1_2024;-17.87;-44.18;611;22.1;63;5449;3.6;11.8;;
3109253;Bugre;MG;4A;ABNT_TR_15220-3-1_2024;-19.42;-42.26;405;23.2;72;4830;3.7;11.5;;
3109303;Buritis;MG;4B;ABNT_TR_15220-3-1_2024;-15.62;-46.42;550;23.2;64;5610;2.5;10.4;;
3109402;Buritizeiro;MG;4B;ABNT_TR_15220-3-1_2024;-17.37;-44.96;494;24.7;62;5630;3.6;12.1;;
3109451;Cabeceira Grande;MG;3B;ABNT_TR_15220-3-1_2024;-16.03;-47.09;946;22.7;65;5403;3.1;11.2;;
3109501;Cabo Verde;MG;2M;ABNT_TR_15220-3-1_2024;-21.47;-46.39;943;20.2;70;4846;3.1;11.9;;
3109600;Cachoeira da Prata;MG;3B;ABNT_TR_15220-3-1_2024;-19.52;-44.45;693;22.4;69;5255;3.8;12.3;;
3109709;Cachoeira de Minas;MG;2M;ABNT_TR_15220-3-1_2024;-22.35;-45.78;890;19.4;80;4839;2.6;11.9;;
3109808;Cachoeira Dourada;MG;5B;ABNT_TR_15220-3-1_2024;-18.52;-49.50;467;25.2;64;5242;3.9;12.3;;
3109907;Caetanópolis;MG;3B;ABNT_TR_15220-3-1_2024;-19.30;-44.42;725;22.2;67;5294;3.8;12.3;;
3110004;Caeté;MG;2M;ABNT_TR_15220-3-1_2024;-19.88;-43.67;917;19.7;68;4981;3.0;11.3;;
3110103;Caiana;MG;2M;ABNT_TR_15220-3-1_2024;-20.70;-41.93;843;20.2;75;4809;3.6;12.3;;
3110202;Cajuri;MG;2M;ABNT_TR_15220-3-1_2024;-20.79;-42.79;729;20.8;82;4762;4.1;11.6;;
3110301;Caldas;MG;2M;ABNT_TR_15220-3-1_2024;-21.92;-46.38;1096;19.1;72;4752;3.2;11.8;;
3110400;Camacho;MG;2M;ABNT_TR_15220-3-1_2024;-20.63;-45.16;948;20.3;69;5015;3.5;12.3;;
3110509;Camanducaia;MG;1M;ABNT_TR_15220-3-1_2024;-22.75;-46.15;1109;15.9;81;4940;1.4;10.9;;
3110608;Cambuí;MG;1M;ABNT_TR_15220-3-1_2024;-22.61;-46.06;890;18.5;81;4737;3.7;10.5;;
3110707;Cambuquira;MG;2M;ABNT_TR_15220-3-1_2024;-21.85;-45.29;936;19.4;75;4827;2.8;12.7;;
3110806;Campanário;MG;4B;ABNT_TR_15220-3-1_2024;-18.24;-41.74;247;23.6;70;4929;3.8;11.6;;
3110905;Campanha;MG;2M;ABNT_TR_15220-3-1_2024;-21.84;-45.40;925;20.0;74;4853;2.9;12.7;;
3111002;Campestre;MG;2M;ABNT_TR_15220-3-1_2024;-21.71;-46.24;1097;19.2;73;4834;3.1;11.8;;
3111101;Campina Verde;MG;4B;ABNT_TR_15220-3-1_2024;-19.54;-49.49;549;24.4;65;5205;4.1;12.3;;
3111150;Campo Azul;MG;4B;ABNT_TR_15220-3-1_2024;-16.50;-44.81;595;24.9;62;5640;4.5;12.1;;
3111200;Campo Belo;MG;2M;ABNT_TR_15220-3-1_2024;-20.89;-45.27;823;20.7;69;4944;3.5;12.3;;
3111309;Campo do Meio;MG;3B;ABNT_TR_15220-3-1_2024;-21.11;-45.83;777;21.2;70;4967;3.4;12.4;;
3111408;Campo Florido;MG;4B;ABNT_TR_15220-3-1_2024;-19.76;-48.57;615;23.8;65;5172;3.9;12.2;;
3111507;Campos Altos;MG;2M;ABNT_TR_15220-3-1_2024;-19.69;-46.17;1024;20.5;68;5022;2.9;12.3;;
3111606;Campos Gerais;MG;3B;ABNT_TR_15220-3-1_2024;-21.24;-45.76;850;21.0;71;4949;3.3;12.4;;
3111705;Canaã;MG;2M;ABNT_TR_15220-3-1_2024;-20.69;-42.62;726;20.0;80;4849;3.9;11.6;;
3111804;Canápolis;MG;4B;ABNT_TR_15220-3-1_2024;-18.72;-49.20;665;24.4;64;5285;3.9;12.2;;
3111903;Cana Verde;MG;3B;ABNT_TR_15220-3-1_2024;-21.02;-45.18;837;21.0;70;4956;3.5;12.0;;
3112000;Candeias;MG;2M;ABNT_TR_15220-3-1_2024;-20.77;-45.28;965;20.6;70;4946;3.6;12.3;;
3112059;Cantagalo;MG;3B;ABNT_TR_15220-3-1_2024;-18.52;-42.62;685;21.7;67;4852;2.9;11.8;;
3112109;Caparaó;MG;1M;ABNT_TR_15220-3-1_2024;-20.53;-41.91;913;18.3;77;4728;3.8;12.3;;
3112208;Capela Nova;MG;2M;ABNT_TR_15220-3-1_2024;-20.92;-43.62;749;20.2;74;4704;3.3;11.5;;
3112307;Capelinha;MG;3B;ABNT_TR_15220-3-1_2024;-17.69;-42.51;976;21.0;66;4960;3.7;11.5;;
3112406;Capetinga;MG;2M;ABNT_TR_15220-3-1_2024;-20.62;-47.06;758;20.8;68;5051;3.6;9.5;;
3112505;Capim Branco;MG;3B;ABNT_TR_15220-3-1_2024;-19.55;-44.13;857;21.8;69;5242;3.8;12.3;;
3112604;Capinópolis;MG;4B;ABNT_TR_15220-3-1_2024;-18.69;-49.57;546;24.9;64;5259;4.0;12.3;;
3112653;Capitão Andrade;MG;4B;ABNT_TR_15220-3-1_2024;-19.07;-41.86;241;23.8;69;4860;3.2;11.5;;
3112703;Capitão Enéas;MG;4B;ABNT_TR_15220-3-1_2024;-16.33;-43.71;596;24.7;62;5663;3.9;11.9;;
3112802;Capitólio;MG;3B;ABNT_TR_15220-3-1_2024;-20.62;-46.05;788;21.1;69;5016;3.1;12.0;;
3112901;Caputira;MG;3A;ABNT_TR_15220-3-1_2024;-20.17;-42.27;595;21.1;79;4781;4.2;12.0;;
3113008;Caraí;MG;3B;ABNT_TR_15220-3-1_2024;-17.19;-41.70;841;21.2;62;4964;3.7;11.3;;
3113107;Caranaíba;MG;2M;ABNT_TR_15220-3-1_2024;-20.87;-43.74;795;19.7;75;4731;3.3;11.5;;
3113206;Carandaí;MG;1M;ABNT_TR_15220-3-1_2024;-20.96;-43.81;1128;18.6;75;4801;4.0;11.5;;
3113305;Carangola;MG;2M;ABNT_TR_15220-3-1_2024;-20.73;-42.03;414;20.4;77;4837;3.5;12.2;;
3113404;Caratinga;MG;2M;ABNT_TR_15220-3-1_2024;-19.79;-42.13;661;20.9;75;4715;3.9;11.2;;
3113503;Carbonita;MG;3B;ABNT_TR_15220-3-1_2024;-17.53;-43.01;734;22.1;64;5116;2.8;11.5;;
3113602;Careaçu;MG;2M;ABNT_TR_15220-3-1_2024;-22.04;-45.70;840;20.2;78;4843;2.7;11.9;;
3113701;Carlos Chagas;MG;4A;ABNT_TR_15220-3-1_2024;-17.70;-40.77;171;24.4;76;4909;3.4;10.6;;
3113800;Carmésia;MG;3B;ABNT_TR_15220-3-1_2024;-19.09;-43.14;579;21.1;69;4770;2.5;12.2;;
3113909;Carmo da Cachoeira;MG;2M;ABNT_TR_15220-3-1_2024;-21.46;-45.22;962;19.8;73;4852;3.0;12.0;;
3114006;Carmo da Mata;MG;2M;ABNT_TR_15220-3-1_2024;-20.56;-44.87;804;20.3;69;5053;3.5;12.1;;
3114105;Carmo de Minas;MG;2M;ABNT_TR_15220-3-1_2024;-22.12;-45.13;902;19.4;79;4809;2.7;12.4;;
3114204;Carmo do Cajuru;MG;3B;ABNT_TR_15220-3-1_2024;-20.19;-44.77;781;21.5;71;5140;3.7;12.8;;
3114303;Carmo do Paranaíba;MG;3B;ABNT_TR_15220-3-1_2024;-18.99;-46.32;1016;21.3;68;5252;3.8;11.9;;
3114402;Carmo do Rio Claro;MG;3B;ABNT_TR_15220-3-1_2024;-20.97;-46.11;825;21.2;69;4962;3.0;12.0;;
3114501;Carmópolis de Minas;MG;2M;ABNT_TR_15220-3-1_2024;-20.54;-44.63;897;20.9;71;5066;3.5;12.1;;
3114550;Carneirinho;MG;5B;ABNT_TR_15220-3-1_2024;-19.70;-50.69;426;25.0;63;5226;3.5;12.6;;
3114600;Carrancas;MG;2M;ABNT_TR_15220-3-1_2024;-21.49;-44.64;1092;18.8;76;4862;3.4;11.8;;
3114709;Carvalhópolis;MG;2M;ABNT_TR_15220-3-1_2024;-21.77;-45.84;822;20.3;73;4837;2.6;12.5;;
3114808;Carvalhos;MG;1M;ABNT_TR_15220-3-1_2024;-22.00;-44.46;1074;17.9;78;4730;3.3;11.5;;
3114907;Casa Grande;MG;2M;ABNT_TR_15220-3-1_2024;-20.79;-43.93;952;19.0;76;4855;3.5;11.5;;
3115003;Cascalho Rico;MG;3B;ABNT_TR_15220-3-1_2024;-18.58;-47.87;712;22.9;66;5360;3.5;11.4;;
3115102;Cássia;MG;3B;ABNT_TR_15220-3-1_2024;-20.58;-46.92;718;21.9;68;5073;3.3;10.9;;
3115201;Conceição da Barra de Minas;MG;2M;ABNT_TR_15220-3-1_2024;-21.13;-44.47;893;20.0;73;4849;3.3;11.5;;
3115300;Cataguases;MG;4A;ABNT_TR_15220-3-1_2024;-21.39;-42.69;178;23.0;78;4797;2.6;11.5;;
3115359;Catas Altas;MG;2M;ABNT_TR_15220-3-1_2024;-20.07;-43.41;756;19.8;69;4617;2.5;11.6;;
3115409;Catas Altas da Noruega;MG;2M;ABNT_TR_15220-3-1_2024;-20.69;-43.49;799;20.0;76;4711;3.2;11.5;;
3115458;Catuji;MG;3B;ABNT_TR_15220-3-1_2024;-17.30;-41.53;656;21.5;63;4850;2.9;11.3;;
3115474;Catuti;MG;5B;ABNT_TR_15220-3-1_2024;-15.36;-42.96;518;25.4;64;5787;4.8;10.7;;
3115508;Caxambu;MG;2M;ABNT_TR_15220-3-1_2024;-21.98;-44.93;912;18.9;77;4885;3.3;12.3;;
3115607;Cedro do Abaeté;MG;3B;ABNT_TR_15220-3-1_2024;-19.15;-45.71;915;22.2;66;5270;2.9;12.8;;
3115706;Central de Minas;MG;4A;ABNT_TR_15220-3-1_2024;-18.76;-41.31;270;23.5;70;4882;4.0;11.3;;
3115805;Centralina;MG;5B;ABNT_TR_15220-3-1_2024;-18.59;-49.20;520;25.0;63;5296;4.0;12.2;;
3115904;Chácara;MG;2M;ABNT_TR_15220-3-1_2024;-21.67;-43.22;800;20.5;81;4556;3.5;10.9;;
3116001;Chalé;MG;3A;ABNT_TR_15220-3-1_2024;-20.05;-41.69;372;21.3;77;4781;3.4;12.3;;
3116100;Chapada do Norte;MG;4B;ABNT_TR_15220-3-1_2024;-17.09;-42.54;542;23.3;63;5145;3.2;11.7;;
3116159;Chapada Gaúcha;MG;4B;ABNT_TR_15220-3-1_2024;-15.30;-45.61;873;23.5;61;5635;2.8;10.6;;
3116209;Chiador;MG;3A;ABNT_TR_15220-3-1_2024;-22.00;-43.06;379;21.6;81;4667;3.0;10.9;;
3116308;Cipotânea;MG;2M;ABNT_TR_15220-3-1_2024;-20.90;-43.36;665;20.1;76;4687;3.7;11.5;;
3116407;Claraval;MG;3B;ABNT_TR_15220-3-1_2024;-20.40;-47.28;795;21.8;67;5154;3.9;9.9;;
3116506;Claro dos Poções;MG;4B;ABNT_TR_15220-3-1_2024;-17.08;-44.21;665;23.4;62;5575;4.7;12.1;;
3116605;Cláudio;MG;3B;ABNT_TR_15220-3-1_2024;-20.44;-44.77;845;21.1;70;5119;3.4;12.8;;
3116704;Coimbra;MG;3A;ABNT_TR_15220-3-1_2024;-20.85;-42.80;763;21.3;81;4755;3.8;11.6;;
3116803;Coluna;MG;3B;ABNT_TR_15220-3-1_2024;-18.23;-42.84;642;21.3;67;4912;2.5;11.6;;
3116902;Comendador Gomes;MG;4B;ABNT_TR_15220-3-1_2024;-19.70;-49.08;589;24.0;65;5200;4.2;12.3;;
3117009;Comercinho;MG;4B;ABNT_TR_15220-3-1_2024;-16.30;-41.79;592;23.3;62;5136;3.4;10.7;;
3117108;Conceição da Aparecida;MG;2M;ABNT_TR_15220-3-1_2024;-21.10;-46.20;984;20.7;70;4875;3.0;11.9;;
3117207;Conceição das Pedras;MG;2M;ABNT_TR_15220-3-1_2024;-22.16;-45.46;1053;19.1;82;4767;3.0;12.4;;
3117306;Conceição das Alagoas;MG;4B;ABNT_TR_15220-3-1_2024;-19.92;-48.38;515;23.8;66;5490;1.9;12.6;;
3117405;Conceição de Ipanema;MG;3A;ABNT_TR_15220-3-1_2024;-19.93;-41.69;359;21.9;77;4816;3.4;11.5;;
3117504;Conceição do Mato Dentro;MG;3B;ABNT_TR_15220-3-1_2024;-19.03;-43.42;693;21.4;67;4808;2.2;12.2;;
3117603;Conceição do Pará;MG;3B;ABNT_TR_15220-3-1_2024;-19.75;-44.89;698;22.2;70;5192;3.5;12.9;;
3117702;Conceição do Rio Verde;MG;2M;ABNT_TR_15220-3-1_2024;-21.88;-45.09;869;19.5;76;4853;2.7;12.7;;
3117801;Conceição dos Ouros;MG;2M;ABNT_TR_15220-3-1_2024;-22.41;-45.80;843;19.4;80;4830;2.8;11.9;;
3117836;Cônego Marinho;MG;4B;ABNT_TR_15220-3-1_2024;-15.29;-44.42;644;24.8;59;5773;3.6;11.6;;
3117876;Confins;MG;3B;ABNT_TR_15220-3-1_2024;-19.63;-43.99;741;21.2;70;5362;2.9;9.9;;
3117900;Congonhal;MG;2M;ABNT_TR_15220-3-1_2024;-22.15;-46.04;829;19.2;77;4678;2.6;11.3;;
3118007;Congonhas;MG;2M;ABNT_TR_15220-3-1_2024;-20.50;-43.85;904;19.8;75;4946;2.1;9.7;;
3118106;Congonhas do Norte;MG;2M;ABNT_TR_15220-3-1_2024;-18.80;-43.68;1058;19.3;67;4959;2.8;11.7;;
3118205;Conquista;MG;3B;ABNT_TR_15220-3-1_2024;-19.93;-47.55;694;22.6;65;5112;4.0;11.7;;
3118304;Conselheiro Lafaiete;MG;2M;ABNT_TR_15220-3-1_2024;-20.66;-43.78;962;19.2;77;4849;3.3;11.5;;
3118403;Conselheiro Pena;MG;4A;ABNT_TR_15220-3-1_2024;-19.18;-41.47;137;23.3;72;4985;3.2;11.5;;
3118502;Consolação;MG;2M;ABNT_TR_15220-3-1_2024;-22.55;-45.93;1046;19.3;82;4778;3.5;10.8;;
3118601;Contagem;MG;2M;ABNT_TR_15220-3-1_2024;-19.93;-44.05;946;20.8;67;5135;3.3;12.3;;
3118700;Coqueiral;MG;2M;ABNT_TR_15220-3-1_2024;-21.19;-45.44;824;20.7;71;4966;3.5;12.0;;
3118809;Coração de Jesus;MG;4B;ABNT_TR_15220-3-1_2024;-16.68;-44.36;768;23.4;63;5615;4.5;12.1;;
3118908;Cordisburgo;MG;3B;ABNT_TR_15220-3-1_2024;-19.12;-44.32;693;22.4;64;5329;3.5;12.3;;
3119005;Cordislândia;MG;2M;ABNT_TR_15220-3-1_2024;-21.79;-45.70;810;20.2;73;4855;2.8;12.5;;
3119104;Corinto;MG;4B;ABNT_TR_15220-3-1_2024;-18.37;-44.45;645;23.6;63;5480;3.6;12.1;;
3119203;Coroaci;MG;3B;ABNT_TR_15220-3-1_2024;-18.62;-42.28;470;21.7;67;4721;2.7;11.6;;
3119302;Coromandel;MG;3B;ABNT_TR_15220-3-1_2024;-18.47;-47.19;940;22.3;69;5330;3.9;11.4;;
3119401;Coronel Fabriciano;MG;4A;ABNT_TR_15220-3-1_2024;-19.52;-42.63;235;23.1;72;4675;2.3;11.7;;
3119500;Coronel Murta;MG;4B;ABNT_TR_15220-3-1_2024;-16.61;-42.18;306;24.0;64;5149;3.2;11.5;;
3119609;Coronel Pacheco;MG;2M;ABNT_TR_15220-3-1_2024;-21.59;-43.26;495;20.7;80;4621;3.5;10.9;;
3119708;Coronel Xavier Chaves;MG;2M;ABNT_TR_15220-3-1_2024;-21.03;-44.22;926;19.4;74;4807;3.4;11.5;;
3119807;Córrego Danta;MG;3B;ABNT_TR_15220-3-1_2024;-19.82;-45.90;678;22.1;67;5110;2.9;13.3;;
3119906;Córrego do Bom Jesus;MG;1M;ABNT_TR_15220-3-1_2024;-22.63;-46.02;917;18.5;82;4737;3.7;10.5;;
3119955;Córrego Fundo;MG;3B;ABNT_TR_15220-3-1_2024;-20.45;-45.56;846;21.6;68;5081;3.2;13.1;;
3120003;Córrego Novo;MG;4A;ABNT_TR_15220-3-1_2024;-19.84;-42.40;392;23.1;74;4847;3.8;11.2;;
3120102;Couto de Magalhães de Minas;MG;2M;ABNT_TR_15220-3-1_2024;-18.07;-43.46;723;20.5;64;5112;3.5;11.2;;
3120151;Crisólita;MG;4A;ABNT_TR_15220-3-1_2024;-17.24;-40.92;274;23.9;71;4988;3.3;10.4;;
3120201;Cristais;MG;3B;ABNT_TR_15220-3-1_2024;-20.87;-45.52;859;21.1;69;4999;3.4;12.5;;
3120300;Cristália;MG;3B;ABNT_TR_15220-3-1_2024;-16.72;-42.86;681;22.2;63;5166;2.6;11.6;;
3120409;Cristiano Otoni;MG;2M;ABNT_TR_15220-3-1_2024;-20.83;-43.82;1020;19.0;77;4831;3.7;11.5;;
3120508;Cristina;MG;1M;ABNT_TR_15220-3-1_2024;-22.21;-45.27;1029;18.0;82;4773;3.1;12.4;;
3120607;Crucilândia;MG;2M;ABNT_TR_15220-3-1_2024;-20.39;-44.33;899;19.8;71;5014;3.7;12.5;;
3120706;Cruzeiro da Fortaleza;MG;3B;ABNT_TR_15220-3-1_2024;-18.94;-46.67;854;21.5;70;5269;3.7;11.5;;
3120805;Cruzília;MG;2M;ABNT_TR_15220-3-1_2024;-21.84;-44.81;1050;19.0;77;4818;3.4;12.3;;
3120839;Cuparaque;MG;3B;ABNT_TR_15220-3-1_2024;-18.96;-41.10;217;22.9;70;4758;3.9;11.3;;
3120870;Curral de Dentro;MG;3B;ABNT_TR_15220-3-1_2024;-15.93;-41.86;897;21.8;66;5172;4.5;10.4;;
3120904;Curvelo;MG;4B;ABNT_TR_15220-3-1_2024;-18.75;-44.43;638;23.2;64;5587;1.8;11.9;;
3121001;Datas;MG;2M;ABNT_TR_15220-3-1_2024;-18.45;-43.66;1232;19.3;65;5111;3.3;10.9;;
3121100;Delfim Moreira;MG;1M;ABNT_TR_15220-3-1_2024;-22.50;-45.28;1289;17.3;84;4675;3.3;11.0;;
3121209;Delfinópolis;MG;3B;ABNT_TR_15220-3-1_2024;-20.35;-46.85;716;21.4;68;5045;3.2;10.9;;
3121258;Delta;MG;4B;ABNT_TR_15220-3-1_2024;-19.97;-47.78;539;23.8;64;5155;4.0;11.7;;
3121308;Descoberto;MG;3A;ABNT_TR_15220-3-1_2024;-21.46;-42.96;406;21.7;79;4715;2.9;11.5;;
3121407;Desterro de Entre Rios;MG;2M;ABNT_TR_15220-3-1_2024;-20.67;-44.33;1046;19.1;74;4952;3.8;11.8;;
3121506;Desterro do Melo;MG;2M;ABNT_TR_15220-3-1_2024;-21.14;-43.52;825;19.8;73;4575;3.3;10.8;;
3121605;Diamantina;MG;2M;ABNT_TR_15220-3-1_2024;-18.24;-43.60;1265;19.5;65;5126;3.4;10.9;;
3121704;Diogo de Vasconcelos;MG;2M;ABNT_TR_15220-3-1_2024;-20.49;-43.20;636;20.6;77;4685;3.1;11.6;;
3121803;Dionísio;MG;3B;ABNT_TR_15220-3-1_2024;-19.84;-42.77;353;21.6;73;4703;2.3;11.7;;
3121902;Divinésia;MG;2M;ABNT_TR_15220-3-1_2024;-20.99;-43.00;801;20.7;80;4656;3.4;11.5;;
3122009;Divino;MG;2M;ABNT_TR_15220-3-1_2024;-20.61;-42.14;679;19.6;78;4815;4.0;12.2;;
3122108;Divino das Laranjeiras;MG;4B;ABNT_TR_15220-3-1_2024;-18.78;-41.48;233;24.1;70;4872;3.7;11.3;;
3122207;Divinolândia de Minas;MG;3B;ABNT_TR_15220-3-1_2024;-18.80;-42.61;764;21.3;68;4685;2.7;11.8;;
3122306;Divinópolis;MG;3B;ABNT_TR_15220-3-1_2024;-20.14;-44.89;734;21.6;70;5165;3.5;12.8;;
3122355;Divisa Alegre;MG;3B;ABNT_TR_15220-3-1_2024;-15.72;-41.35;988;21.3;72;5053;3.2;9.9;;
3122405;Divisa Nova;MG;2M;ABNT_TR_15220-3-1_2024;-21.51;-46.19;845;20.8;71;4911;2.9;11.8;;
3122454;Divisópolis;MG;3B;ABNT_TR_15220-3-1_2024;-15.73;-41.00;935;20.9;69;4995;2.9;9.4;;
3122470;Dom Bosco;MG;4B;ABNT_TR_15220-3-1_2024;-16.65;-46.26;649;24.4;63;5536;2.9;11.7;;
3122504;Dom Cavati;MG;4A;ABNT_TR_15220-3-1_2024;-19.37;-42.11;416;23.2;72;4805;3.7;11.5;;
3122603;Dom Joaquim;MG;3B;ABNT_TR_15220-3-1_2024;-18.96;-43.25;671;21.0;68;4835;2.4;12.1;;
3122702;Dom Silvério;MG;3A;ABNT_TR_15220-3-1_2024;-20.16;-42.96;523;21.8;75;4725;2.8;11.8;;
3122801;Dom Viçoso;MG;1M;ABNT_TR_15220-3-1_2024;-22.25;-45.16;916;17.4;80;4662;2.9;12.4;;
3122900;Dona Euzébia;MG;3A;ABNT_TR_15220-3-1_2024;-21.32;-42.81;225;21.8;78;4804;2.5;11.5;Dona Eusébia;grafia divergente na ABNT
3123007;Dores de Campos;MG;2M;ABNT_TR_15220-3-1_2024;-21.11;-44.02;942;19.3;74;4774;3.7;11.5;;
3123106;Dores de Guanhães;MG;3B;ABNT_TR_15220-3-1_2024;-19.05;-42.93;603;21.9;70;4788;2.3;11.8;;
3123205;Dores do Indaiá;MG;3B;ABNT_TR_15220-3-1_2024;-19.46;-45.59;706;22.7;67;5269;2.9;12.8;;
3123304;Dores do Turvo;MG;2M;ABNT_TR_15220-3-1_2024;-20.98;-43.18;732;20.2;78;4649;3.6;11.5;;
3123403;Doresópolis;MG;3B;ABNT_TR_15220-3-1_2024;-20.29;-45.90;692;22.0;68;5107;2.9;13.1;;
3123502;Douradoquara;MG;4B;ABNT_TR_15220-3-1_2024;-18.43;-47.60;697;23.4;66;5368;3.7;11.3;;
3123528;Durandé;MG;2M;ABNT_TR_15220-3-1_2024;-20.21;-41.80;714;20.7;77;4728;3.6;12.3;;
3123601;Elói Mendes;MG;2M;ABNT_TR_15220-3-1_2024;-21.61;-45.57;878;20.6;72;4908;3.1;12.5;;
3123700;Engenheiro Caldas;MG;4B;ABNT_TR_15220-3-1_2024;-19.21;-42.05;252;23.8;70;4830;3.5;11.5;;
3123809;Engenheiro Navarro;MG;3B;ABNT_TR_15220-3-1_2024;-17.28;-43.95;668;22.9;62;5561;4.4;11.9;;
3123858;Entre Folhas;MG;3B;ABNT_TR_15220-3-1_2024;-19.62;-42.23;509;22.1;73;4746;3.9;11.2;;
3123908;Entre Rios de Minas;MG;2M;ABNT_TR_15220-3-1_2024;-20.67;-44.07;938;19.7;76;4872;3.3;11.8;;
3124005;Ervália;MG;2M;ABNT_TR_15220-3-1_2024;-20.84;-42.65;737;20.7;80;4825;3.9;11.6;;
3124104;Esmeraldas;MG;3B;ABNT_TR_15220-3-1_2024;-19.76;-44.31;751;21.6;72;5198;3.9;12.3;;
3124203;Espera Feliz;MG;2M;ABNT_TR_15220-3-1_2024;-20.65;-41.91;743;20.2;76;4809;3.6;12.3;;
3124302;Espinosa;MG;4B;ABNT_TR_15220-3-1_2024;-14.92;-42.81;572;24.4;57;5743;4.9;10.8;;
3124401;Espírito Santo do Dourado;MG;1M;ABNT_TR_15220-3-1_2024;-22.05;-45.95;896;18.6;77;4705;2.5;11.9;;
3124500;Estiva;MG;2M;ABNT_TR_15220-3-1_2024;-22.46;-46.02;892;19.3;80;4694;2.9;11.3;;
3124609;Estrela Dalva;MG;3A;ABNT_TR_15220-3-1_2024;-21.74;-42.46;191;22.6;79;4722;2.7;10.6;;
3124708;Estrela do Indaiá;MG;3B;ABNT_TR_15220-3-1_2024;-19.52;-45.79;683;22.2;67;5241;3.0;13.3;;
3124807;Estrela do Sul;MG;3B;ABNT_TR_15220-3-1_2024;-18.74;-47.70;792;22.4;67;5292;3.9;11.4;;
3124906;Eugenópolis;MG;3A;ABNT_TR_15220-3-1_2024;-21.10;-42.19;206;22.4;77;4853;2.6;11.2;;
3125002;Ewbank da Câmara;MG;2M;ABNT_TR_15220-3-1_2024;-21.55;-43.51;791;19.7;79;4531;3.3;10.4;;
3125101;Extrema;MG;1M;ABNT_TR_15220-3-1_2024;-22.85;-46.32;924;18.6;81;4745;4.2;10.5;;
3125200;Fama;MG;3B;ABNT_TR_15220-3-1_2024;-21.41;-45.83;757;21.0;71;4941;2.9;12.4;;
3125309;Faria Lemos;MG;3A;ABNT_TR_15220-3-1_2024;-20.81;-42.02;403;21.0;76;4841;3.3;12.2;;
3125408;Felício dos Santos;MG;2M;ABNT_TR_15220-3-1_2024;-18.08;-43.24;729;20.7;65;5035;2.8;11.2;;
3125507;São Gonçalo do Rio Preto;MG;3B;ABNT_TR_15220-3-1_2024;-18.00;-43.39;753;21.3;65;5070;3.0;11.2;;
3125606;Felisburgo;MG;3B;ABNT_TR_15220-3-1_2024;-16.63;-40.76;666;22.0;66;4870;3.8;10.1;;
3125705;Felixlândia;MG;4B;ABNT_TR_15220-3-1_2024;-18.75;-44.90;611;23.8;63;5427;3.3;12.5;;
3125804;Fernandes Tourinho;MG;4B;ABNT_TR_15220-3-1_2024;-19.15;-42.08;254;23.8;70;4830;3.4;11.5;;
3125903;Ferros;MG;3B;ABNT_TR_15220-3-1_2024;-19.23;-43.02;421;22.0;71;4818;2.9;12.2;;
3125952;Fervedouro;MG;2M;ABNT_TR_15220-3-1_2024;-20.73;-42.28;702;19.7;77;4780;3.5;12.2;;
3126000;Florestal;MG;3A;ABNT_TR_15220-3-1_2024;-19.89;-44.43;770;21.2;74;5309;1.0;13.3;;
3126109;Formiga;MG;3B;ABNT_TR_15220-3-1_2024;-20.46;-45.43;832;21.5;68;5298;1.7;11.3;;
3126208;Formoso;MG;4B;ABNT_TR_15220-3-1_2024;-14.94;-46.24;840;23.4;62;5539;3.4;10.6;;
3126307;Fortaleza de Minas;MG;2M;ABNT_TR_15220-3-1_2024;-20.85;-46.71;833;20.4;69;5048;3.3;10.9;;
3126406;Fortuna de Minas;MG;3B;ABNT_TR_15220-3-1_2024;-19.56;-44.45;718;22.1;70;5225;3.8;12.3;;
3126505;Francisco Badaró;MG;4B;ABNT_TR_15220-3-1_2024;-16.99;-42.36;425;24.0;64;5218;3.2;11.5;;
3126604;Francisco Dumont;MG;4B;ABNT_TR_15220-3-1_2024;-17.31;-44.23;635;23.5;62;5627;3.9;12.1;;
3126703;Francisco Sá;MG;4B;ABNT_TR_15220-3-1_2024;-16.48;-43.49;672;23.5;63;5621;4.4;11.6;;
3126752;Franciscópolis;MG;4B;ABNT_TR_15220-3-1_2024;-17.96;-42.01;353;23.4;69;4950;3.1;11.6;;
3126802;Frei Gaspar;MG;3B;ABNT_TR_15220-3-1_2024;-18.07;-41.43;499;22.6;70;4825;3.6;11.3;;
3126901;Frei Inocêncio;MG;4B;ABNT_TR_15220-3-1_2024;-18.56;-41.91;200;24.6;69;4928;3.1;11.5;;
3126950;Frei Lagonegro;MG;3B;ABNT_TR_15220-3-1_2024;-18.18;-42.76;695;21.3;67;4874;2.7;11.6;;
3127008;Fronteira;MG;4B;ABNT_TR_15220-3-1_2024;-20.27;-49.20;473;24.5;65;5160;3.7;12.3;;
3127057;Fronteira dos Vales;MG;4B;ABNT_TR_15220-3-1_2024;-16.89;-40.92;314;23.0;66;4976;3.1;10.1;;
3127073;Fruta de Leite;MG;3B;ABNT_TR_15220-3-1_2024;-16.12;-42.53;896;22.4;63;5258;3.6;11.3;;
3127107;Frutal;MG;4B;ABNT_TR_15220-3-1_2024;-20.03;-48.94;527;24.2;65;5170;4.0;12.1;;
3127206;Funilândia;MG;3B;ABNT_TR_15220-3-1_2024;-19.37;-44.06;696;22.3;68;5291;3.5;12.3;;
3127305;Galiléia;MG;4A;ABNT_TR_15220-3-1_2024;-19.00;-41.54;142;24.2;71;4929;3.4;11.5;;
3127339;Gameleiras;MG;4B;ABNT_TR_15220-3-1_2024;-15.08;-43.13;530;24.5;60;5713;4.4;11.2;;
3127354;Glaucilândia;MG;4B;ABNT_TR_15220-3-1_2024;-16.85;-43.69;640;23.6;62;5555;4.1;12.1;;
3127370;Goiabeira;MG;4A;ABNT_TR_15220-3-1_2024;-18.98;-41.22;170;23.7;71;4879;3.5;11.3;;
3127388;Goianá;MG;3A;ABNT_TR_15220-3-1_2024;-21.54;-43.20;405;21.6;80;4665;3.5;10.9;;
3127404;Gonçalves;MG;1M;ABNT_TR_15220-3-1_2024;-22.65;-45.86;1279;16.9;85;4612;3.3;10.8;;
3127503;Gonzaga;MG;3B;ABNT_TR_15220-3-1_2024;-18.82;-42.48;855;21.2;67;4637;2.6;11.6;;
3127602;Gouveia;MG;2M;ABNT_TR_15220-3-1_2024;-18.45;-43.74;1104;19.9;65;5167;3.8;10.9;;
3127701;Governador Valadares;MG;4B;ABNT_TR_15220-3-1_2024;-18.85;-41.96;180;24.4;68;4850;1.7;10.5;;
3127800;Grão Mogol;MG;3B;ABNT_TR_15220-3-1_2024;-16.57;-42.89;837;22.3;63;5180;2.9;11.6;;
3127909;Grupiara;MG;4B;ABNT_TR_15220-3-1_2024;-18.50;-47.73;669;23.3;66;5373;3.7;11.4;;
3128006;Guanhães;MG;3B;ABNT_TR_15220-3-1_2024;-18.77;-42.93;796;21.1;68;4768;2.7;11.8;;
3128105;Guapé;MG;3B;ABNT_TR_15220-3-1_2024;-20.76;-45.92;835;21.1;69;5060;3.4;12.5;;
3128204;Guaraciaba;MG;3A;ABNT_TR_15220-3-1_2024;-20.57;-43.01;562;21.2;80;4702;3.6;11.5;;
3128253;Guaraciama;MG;3B;ABNT_TR_15220-3-1_2024;-17.01;-43.67;787;22.9;63;5504;4.1;11.9;;
3128303;Guaranésia;MG;3B;ABNT_TR_15220-3-1_2024;-21.30;-46.80;803;21.2;68;4938;3.4;11.1;;
3128402;Guarani;MG;3A;ABNT_TR_15220-3-1_2024;-21.36;-43.03;457;21.2;78;4712;3.2;11.5;;
3128501;Guarará;MG;3A;ABNT_TR_15220-3-1_2024;-21.73;-43.03;577;21.3;80;4640;3.5;10.9;;
3128600;Guarda-Mor;MG;3B;ABNT_TR_15220-3-1_2024;-17.77;-47.10;612;22.0;68;5543;1.3;10.5;;
3128709;Guaxupé;MG;2M;ABNT_TR_15220-3-1_2024;-21.31;-46.71;850;20.6;69;4938;3.2;11.1;;
3128808;Guidoval;MG;3A;ABNT_TR_15220-3-1_2024;-21.16;-42.79;336;21.9;78;4791;3.3;11.5;;
3128907;Guimarânia;MG;3B;ABNT_TR_15220-3-1_2024;-18.84;-46.79;900;21.1;70;5239;3.7;11.5;;
3129004;Guiricema;MG;3A;ABNT_TR_15220-3-1_2024;-21.01;-42.72;324;21.3;79;4858;3.8;11.5;;
3129103;Gurinhatã;MG;4B;ABNT_TR_15220-3-1_2024;-19.21;-49.79;525;24.4;64;5243;3.9;12.4;;
3129202;Heliodora;MG;2M;ABNT_TR_15220-3-1_2024;-22.06;-45.55;847;19.2;79;4833;3.1;11.9;;
3129301;Iapu;MG;4A;ABNT_TR_15220-3-1_2024;-19.44;-42.21;458;23.2;72;4830;3.7;11.5;;
3129400;Ibertioga;MG;1M;ABNT_TR_15220-3-1_2024;-21.43;-43.96;1047;18.7;75;4730;3.8;10.8;;
3129509;Ibiá;MG;3B;ABNT_TR_15220-3-1_2024;-19.47;-46.55;900;21.1;68;5134;3.5;11.5;;
3129608;Ibiaí;MG;5B;ABNT_TR_15220-3-1_2024;-16.86;-44.90;485;25.3;62;5673;3.7;12.1;;
3129657;Ibiracatu;MG;4B;ABNT_TR_15220-3-1_2024;-15.66;-44.17;775;24.4;58;5733;4.1;11.7;;
3129707;Ibiraci;MG;2M;ABNT_TR_15220-3-1_2024;-20.46;-47.12;1064;20.3;67;5076;3.9;9.9;;
3129806;Ibirité;MG;2M;ABNT_TR_15220-3-1_2024;-20.03;-44.06;886;20.5;67;5091;3.8;12.5;;
3129905;Ibitiúra de Minas;MG;2M;ABNT_TR_15220-3-1_2024;-22.06;-46.44;907;18.9;71;4765;3.9;11.3;;
3130002;Ibituruna;MG;2M;ABNT_TR_15220-3-1_2024;-21.15;-44.75;883;20.3;72;4916;3.0;11.8;;
3130051;Icaraí de Minas;MG;5B;ABNT_TR_15220-3-1_2024;-16.21;-44.90;575;25.4;62;5703;3.8;11.9;;
3130101;Igarapé;MG;2M;ABNT_TR_15220-3-1_2024;-20.07;-44.30;796;20.8;71;5123;3.4;12.5;;
3130200;Igaratinga;MG;3B;ABNT_TR_15220-3-1_2024;-19.95;-44.71;797;21.8;72;5182;3.7;12.9;;
3130309;Iguatama;MG;3B;ABNT_TR_15220-3-1_2024;-20.18;-45.71;664;22.2;68;5159;3.1;13.1;;
3130408;Ijaci;MG;2M;ABNT_TR_15220-3-1_2024;-21.17;-44.92;837;20.4;72;4940;3.3;11.8;;
3130507;Ilicínea;MG;2M;ABNT_TR_15220-3-1_2024;-20.94;-45.83;885;20.6;70;4994;3.3;12.5;;
3130556;Imbé de Minas;MG;3A;ABNT_TR_15220-3-1_2024;-19.60;-41.97;611;21.7;74;4676;3.2;11.5;;
3130606;Inconfidentes;MG;2M;ABNT_TR_15220-3-1_2024;-22.31;-46.33;858;19.7;74;4838;3.6;11.3;;
3130655;Indaiabira;MG;3B;ABNT_TR_15220-3-1_2024;-15.49;-42.20;860;22.1;67;5239;3.4;10.5;;
3130705;Indianópolis;MG;3B;ABNT_TR_15220-3-1_2024;-19.03;-47.92;846;22.3;66;5197;4.0;11.6;;
3130804;Ingaí;MG;2M;ABNT_TR_15220-3-1_2024;-21.40;-44.92;930;19.8;73;4899;3.4;11.8;;
3130903;Inhapim;MG;3B;ABNT_TR_15220-3-1_2024;-19.55;-42.11;496;22.3;73;4744;3.9;11.2;;
3131000;Inhaúma;MG;3B;ABNT_TR_15220-3-1_2024;-19.49;-44.39;756;22.2;69;5250;4.0;12.3;;
3131109;Inimutaba;MG;4B;ABNT_TR_15220-3-1_2024;-18.73;-44.36;586;23.3;63;5437;3.3;12.3;;
3131158;Ipaba;MG;4A;ABNT_TR_15220-3-1_2024;-19.42;-42.41;232;23.8;73;4916;3.0;11.5;;
3131208;Ipanema;MG;3A;ABNT_TR_15220-3-1_2024;-19.80;-41.72;243;22.4;76;4739;3.2;11.5;;
3131307;Ipatinga;MG;4A;ABNT_TR_15220-3-1_2024;-19.47;-42.55;246;23.9;72;4844;2.5;11.8;;
3131406;Ipiaçu;MG;5B;ABNT_TR_15220-3-1_2024;-18.69;-49.94;441;25.5;65;5297;3.6;12.3;;
3131505;Ipuiúna;MG;1M;ABNT_TR_15220-3-1_2024;-22.10;-46.19;1174;18.5;77;4677;2.8;11.3;;
3131604;Iraí de Minas;MG;3B;ABNT_TR_15220-3-1_2024;-18.98;-47.46;963;21.6;69;5155;3.6;11.4;;
3131703;Itabira;MG;2M;ABNT_TR_15220-3-1_2024;-19.62;-43.23;785;20.4;69;4768;2.7;11.7;;
3131802;Itabirinha;MG;4B;ABNT_TR_15220-3-1_2024;-18.57;-41.23;338;23.2;70;4822;3.6;11.3;;
3131901;Itabirito;MG;2M;ABNT_TR_15220-3-1_2024;-20.25;-43.80;847;19.5;72;4864;3.3;11.5;;
3132008;Itacambira;MG;2M;ABNT_TR_15220-3-1_2024;-17.06;-43.31;1042;20.6;64;5407;3.7;11.7;;
3132107;Itacarambi;MG;5B;ABNT_TR_15220-3-1_2024;-15.09;-44.10;456;25.9;60;5809;3.0;11.6;;
3132206;Itaguara;MG;2M;ABNT_TR_15220-3-1_2024;-20.39;-44.49;843;20.6;71;5006;3.6;12.5;;
3132305;Itaipé;MG;2M;ABNT_TR_15220-3-1_2024;-17.40;-41.67;665;20.5;63;4876;2.8;11.3;;
3132404;Itajubá;MG;2M;ABNT_TR_15220-3-1_2024;-22.42;-45.46;848;20.6;81;4839;3.1;12.4;;
3132503;Itamarandiba;MG;2M;ABNT_TR_15220-3-1_2024;-17.86;-42.86;915;20.7;66;4962;3.2;11.5;;
3132602;Itamarati de Minas;MG;3A;ABNT_TR_15220-3-1_2024;-21.42;-42.81;226;22.3;78;4721;2.6;11.5;;
3132701;Itambacuri;MG;3B;ABNT_TR_15220-3-1_2024;-18.04;-41.68;302;22.4;70;4847;3.5;11.6;;
3132800;Itambé do Mato Dentro;MG;3B;ABNT_TR_15220-3-1_2024;-19.42;-43.32;644;21.3;68;4708;2.6;12.2;;
3132909;Itamogi;MG;2M;ABNT_TR_15220-3-1_2024;-21.08;-47.05;1022;20.8;69;4993;3.8;11.0;;
3133006;Itamonte;MG;1M;ABNT_TR_15220-3-1_2024;-22.29;-44.87;898;18.4;77;4838;3.1;11.8;;
3133105;Itanhandu;MG;1M;ABNT_TR_15220-3-1_2024;-22.29;-44.94;895;18.4;77;4897;3.1;11.8;;
3133204;Itanhomi;MG;4B;ABNT_TR_15220-3-1_2024;-19.17;-41.86;252;23.6;70;4822;3.2;11.5;;
3133303;Itaobim;MG;5B;ABNT_TR_15220-3-1_2024;-16.56;-41.50;259;25.3;63;5075;1.5;10.9;;
3133402;Itapagipe;MG;4B;ABNT_TR_15220-3-1_2024;-19.91;-49.38;493;24.8;65;5181;3.8;12.3;;
3133501;Itapecerica;MG;2M;ABNT_TR_15220-3-1_2024;-20.47;-45.13;827;20.8;69;5045;3.4;12.8;;
3133600;Itapeva;MG;1M;ABNT_TR_15220-3-1_2024;-22.77;-46.22;917;18.4;82;4731;4.1;10.5;;
3133709;Itatiaiuçu;MG;2M;ABNT_TR_15220-3-1_2024;-20.20;-44.42;876;20.1;72;5062;3.5;12.5;;
3133758;Itaú de Minas;MG;3B;ABNT_TR_15220-3-1_2024;-20.74;-46.75;711;21.8;68;5132;3.5;10.9;;
3133808;Itaúna;MG;3B;ABNT_TR_15220-3-1_2024;-20.08;-44.58;829;20.9;72;5102;3.9;12.8;;
3133907;Itaverava;MG;2M;ABNT_TR_15220-3-1_2024;-20.68;-43.61;755;19.8;76;4780;3.0;11.5;;
3134004;Itinga;MG;4B;ABNT_TR_15220-3-1_2024;-16.61;-41.77;242;24.5;63;5292;4.1;11.1;;
3134103;Itueta;MG;4A;ABNT_TR_15220-3-1_2024;-19.40;-41.17;168;24.0;75;4911;3.0;11.5;;
3134202;Ituiutaba;MG;4B;ABNT_TR_15220-3-1_2024;-18.98;-49.46;570;24.2;66;5446;1.6;12.3;;
3134301;Itumirim;MG;2M;ABNT_TR_15220-3-1_2024;-21.32;-44.87;870;20.1;72;4939;3.3;11.8;;
3134400;Iturama;MG;4B;ABNT_TR_15220-3-1_2024;-19.73;-50.20;467;24.9;63;5206;3.5;12.5;;
3134509;Itutinga;MG;2M;ABNT_TR_15220-3-1_2024;-21.30;-44.66;976;19.9;74;4892;3.2;11.8;;
3134608;Jaboticatubas;MG;2M;ABNT_TR_15220-3-1_2024;-19.51;-43.74;740;20.9;67;5260;4.4;11.3;;
3134707;Jacinto;MG;4A;ABNT_TR_15220-3-1_2024;-16.14;-40.30;173;24.1;72;4938;3.3;9.3;;
3134806;Jacuí;MG;2M;ABNT_TR_15220-3-1_2024;-21.01;-46.74;983;20.3;69;4974;3.5;11.1;;
3134905;Jacutinga;MG;2M;ABNT_TR_15220-3-1_2024;-22.29;-46.62;879;20.3;70;4861;3.7;11.0;;
3135001;Jaguaraçu;MG;3B;ABNT_TR_15220-3-1_2024;-19.65;-42.75;503;22.6;71;4846;2.6;11.7;;
3135050;Jaíba;MG;5B;ABNT_TR_15220-3-1_2024;-15.34;-43.67;464;25.3;59;5822;1.4;12.8;;
3135076;Jampruca;MG;4B;ABNT_TR_15220-3-1_2024;-18.46;-41.81;213;24.6;69;4919;3.5;11.6;;
3135100;Janaúba;MG;5B;ABNT_TR_15220-3-1_2024;-15.80;-43.31;537;25.2;62;5737;4.8;11.4;;
3135209;Januária;MG;5B;ABNT_TR_15220-3-1_2024;-15.48;-44.36;458;25.9;58;5815;3.7;11.6;;
3135308;Japaraíba;MG;3B;ABNT_TR_15220-3-1_2024;-20.14;-45.50;713;22.3;68;5186;3.1;13.1;;
3135357;Japonvar;MG;4B;ABNT_TR_15220-3-1_2024;-15.99;-44.28;852;23.9;61;5714;4.3;11.7;;
3135407;Jeceaba;MG;2M;ABNT_TR_15220-3-1_2024;-20.53;-43.99;929;19.7;76;4945;3.3;11.5;;
3135456;Jenipapo de Minas;MG;4B;ABNT_TR_15220-3-1_2024;-17.08;-42.26;386;23.5;64;5178;3.1;11.6;;
3135506;Jequeri;MG;3A;ABNT_TR_15220-3-1_2024;-20.45;-42.67;416;21.9;78;4884;4.2;11.8;;
3135605;Jequitaí;MG;4B;ABNT_TR_15220-3-1_2024;-17.23;-44.44;529;24.0;62;5630;4.2;12.1;;
3135704;Jequitibá;MG;3B;ABNT_TR_15220-3-1_2024;-19.23;-44.03;611;22.3;67;5364;3.7;12.3;;
3135803;Jequitinhonha;MG;4B;ABNT_TR_15220-3-1_2024;-16.44;-41.01;234;22.9;67;5029;3.7;10.2;;
3135902;Jesuânia;MG;2M;ABNT_TR_15220-3-1_2024;-21.99;-45.29;944;19.1;78;4834;2.6;12.7;;
3136009;Joaíma;MG;4B;ABNT_TR_15220-3-1_2024;-16.65;-41.02;261;23.5;65;5011;3.5;10.6;;
3136108;Joanésia;MG;3B;ABNT_TR_15220-3-1_2024;-19.17;-42.68;405;22.6;71;4913;2.5;11.8;;
3136207;João Monlevade;MG;2M;ABNT_TR_15220-3-1_2024;-19.81;-43.17;763;20.5;70;4734;2.8;11.7;;
3136306;João Pinheiro;MG;4B;ABNT_TR_15220-3-1_2024;-17.74;-46.17;764;23.0;59;5597;2.2;9.8;;
3136405;Joaquim Felício;MG;3B;ABNT_TR_15220-3-1_2024;-17.76;-44.16;646;21.6;63;5442;3.0;11.8;;
3136504;Jordânia;MG;4A;ABNT_TR_15220-3-1_2024;-15.90;-40.18;188;24.3;74;4944;3.5;8.9;;
3136520;José Gonçalves de Minas;MG;4B;ABNT_TR_15220-3-1_2024;-16.91;-42.60;569;23.0;63;5135;2.8;11.6;;
3136553;José Raydan;MG;3B;ABNT_TR_15220-3-1_2024;-18.22;-42.49;513;22.7;68;4938;2.7;11.7;;
3136579;Josenópolis;MG;3B;ABNT_TR_15220-3-1_2024;-16.54;-42.52;654;22.7;62;5130;2.5;11.6;;
3136603;Nova União;MG;2M;ABNT_TR_15220-3-1_2024;-19.69;-43.58;877;19.9;68;5023;3.4;11.3;;
3136652;Juatuba;MG;3B;ABNT_TR_15220-3-1_2024;-19.94;-44.35;740;21.5;73;5173;3.1;12.3;;
3136702;Juiz de Fora;MG;2M;ABNT_TR_15220-3-1_2024;-21.76;-43.34;706;19.5;79;4788;2.4;7.8;;
3136801;Juramento;MG;4B;ABNT_TR_15220-3-1_2024;-16.85;-43.59;700;23.1;63;5548;4.3;12.1;;
3136900;Juruaia;MG;2M;ABNT_TR_15220-3-1_2024;-21.25;-46.57;884;20.3;69;4863;3.4;11.1;;
3136959;Juvenília;MG;5B;ABNT_TR_15220-3-1_2024;-14.27;-44.16;452;26.1;60;5857;3.3;12.0;;
3137007;Ladainha;MG;3B;ABNT_TR_15220-3-1_2024;-17.63;-41.75;472;21.9;67;4898;2.6;11.5;;
3137106;Lagamar;MG;3B;ABNT_TR_15220-3-1_2024;-18.18;-46.81;802;22.5;66;5400;3.7;11.7;;
3137205;Lagoa da Prata;MG;3B;ABNT_TR_15220-3-1_2024;-20.02;-45.54;661;22.3;68;5208;3.2;13.1;;
3137304;Lagoa dos Patos;MG;4B;ABNT_TR_15220-3-1_2024;-16.98;-44.58;712;24.3;62;5567;4.5;12.1;;
3137403;Lagoa Dourada;MG;2M;ABNT_TR_15220-3-1_2024;-20.91;-44.08;1081;19.3;76;4816;3.6;11.8;;
3137502;Lagoa Formosa;MG;3B;ABNT_TR_15220-3-1_2024;-18.77;-46.40;885;21.7;68;5307;3.7;11.9;;
3137536;Lagoa Grande;MG;4B;ABNT_TR_15220-3-1_2024;-17.83;-46.52;585;24.2;60;5510;3.4;11.9;;
3137601;Lagoa Santa;MG;3B;ABNT_TR_15220-3-1_2024;-19.64;-43.89;739;21.9;68;5246;3.1;10.3;;
3137700;Lajinha;MG;2M;ABNT_TR_15220-3-1_2024;-20.15;-41.62;495;20.9;76;4741;3.7;12.3;;
3137809;Lambari;MG;2M;ABNT_TR_15220-3-1_2024;-21.97;-45.35;888;19.1;78;4779;2.8;12.7;;
3137908;Lamim;MG;2M;ABNT_TR_15220-3-1_2024;-20.79;-43.47;754;20.2;76;4758;3.3;11.5;;
3138005;Laranjal;MG;4A;ABNT_TR_15220-3-1_2024;-21.37;-42.47;253;23.0;77;4802;2.4;11.2;;
3138104;Lassance;MG;4B;ABNT_TR_15220-3-1_2024;-17.89;-44.57;547;24.0;62;5533;3.7;12.1;;
3138203;Lavras;MG;2M;ABNT_TR_15220-3-1_2024;-21.25;-45.00;923;20.4;72;4977;3.2;12.0;;
3138302;Leandro Ferreira;MG;3B;ABNT_TR_15220-3-1_2024;-19.72;-45.03;705;22.5;69;5228;3.3;13.2;;
3138351;Leme do Prado;MG;3B;ABNT_TR_15220-3-1_2024;-17.08;-42.69;560;22.9;63;5154;3.0;11.7;;
3138401;Leopoldina;MG;3A;ABNT_TR_15220-3-1_2024;-21.53;-42.64;222;22.8;78;4813;2.5;11.1;;
3138500;Liberdade;MG;1M;ABNT_TR_15220-3-1_2024;-22.03;-44.32;1172;17.7;79;4694;2.9;11.5;;
3138609;Lima Duarte;MG;2M;ABNT_TR_15220-3-1_2024;-21.84;-43.79;738;19.4;78;4527;2.8;10.4;;
3138625;Limeira do Oeste;MG;5B;ABNT_TR_15220-3-1_2024;-19.55;-50.58;437;25.1;63;5236;3.7;12.6;;
3138658;Lontra;MG;4B;ABNT_TR_15220-3-1_2024;-15.90;-44.31;767;24.1;60;5700;4.3;11.7;;
3138674;Luisburgo;MG;2M;ABNT_TR_15220-3-1_2024;-20.45;-42.10;951;19.3;79;4616;3.9;12.0;;
3138682;Luislândia;MG;4B;ABNT_TR_15220-3-1_2024;-16.11;-44.59;759;24.3;63;5687;4.2;11.9;;
3138708;Luminárias;MG;2M;ABNT_TR_15220-3-1_2024;-21.51;-44.90;974;19.6;74;4882;3.4;12.3;;
3138807;Luz;MG;3B;ABNT_TR_15220-3-1_2024;-19.79;-45.68;683;22.2;67;5223;3.0;13.3;;
3138906;Machacalis;MG;4A;ABNT_TR_15220-3-1_2024;-17.07;-40.72;267;23.8;72;4996;2.9;10.4;;
3139003;Machado;MG;2M;ABNT_TR_15220-3-1_2024;-21.68;-45.92;843;20.4;73;4824;2.7;12.5;;
3139102;Madre de Deus de Minas;MG;2M;ABNT_TR_15220-3-1_2024;-21.48;-44.33;973;19.1;75;4795;3.7;11.5;;
3139201;Malacacheta;MG;3B;ABNT_TR_15220-3-1_2024;-17.85;-42.08;680;21.0;66;4834;3.5;11.6;;
3139250;Mamonas;MG;4B;ABNT_TR_15220-3-1_2024;-15.05;-42.95;635;23.7;61;5709;4.0;10.7;;
3139300;Manga;MG;5B;ABNT_TR_15220-3-1_2024;-14.75;-43.94;459;26.2;59;5847;3.4;11.6;;
3139409;Manhuaçu;MG;2M;ABNT_TR_15220-3-1_2024;-20.26;-42.03;713;20.0;76;4790;1.9;9.4;;
3139508;Manhumirim;MG;2M;ABNT_TR_15220-3-1_2024;-20.36;-41.96;594;19.5;78;4668;3.6;12.3;;
3139607;Mantena;MG;4B;ABNT_TR_15220-3-1_2024;-18.78;-40.99;217;24.1;69;4741;1.1;9.7;;
3139706;Maravilhas;MG;3B;ABNT_TR_15220-3-1_2024;-19.51;-44.68;782;22.4;70;5264;3.2;12.9;;
3139805;Mar de Espanha;MG;3A;ABNT_TR_15220-3-1_2024;-21.87;-43.01;519;21.1;81;4617;3.0;10.9;;
3139904;Maria da Fé;MG;1M;ABNT_TR_15220-3-1_2024;-22.30;-45.38;1260;17.0;80;5040;0.7;12.3;;
3140001;Mariana;MG;2M;ABNT_TR_15220-3-1_2024;-20.38;-43.41;704;19.8;75;4556;2.9;11.6;;
3140100;Marilac;MG;4B;ABNT_TR_15220-3-1_2024;-18.51;-42.08;240;24.1;69;4939;2.8;11.6;;
3140159;Mário Campos;MG;3B;ABNT_TR_15220-3-1_2024;-20.06;-44.19;749;21.0;68;5118;3.7;12.5;;
3140209;Maripá de Minas;MG;3A;ABNT_TR_15220-3-1_2024;-21.70;-42.95;531;21.3;80;4642;3.4;11.1;;
3140308;Marliéria;MG;3B;ABNT_TR_15220-3-1_2024;-19.71;-42.73;626;22.4;71;4761;2.4;11.7;;
3140407;Marmelópolis;MG;1M;ABNT_TR_15220-3-1_2024;-22.45;-45.16;1273;16.6;82;4624;3.3;12.4;;
3140506;Martinho Campos;MG;4B;ABNT_TR_15220-3-1_2024;-19.33;-45.24;665;23.1;66;5306;3.1;13.0;;
3140530;Martins Soares;MG;2M;ABNT_TR_15220-3-1_2024;-20.25;-41.88;703;19.9;78;4648;3.4;12.3;;
3140555;Mata Verde;MG;3B;ABNT_TR_15220-3-1_2024;-15.69;-40.74;850;21.5;69;4897;3.3;9.4;;
3140605;Materlândia;MG;2M;ABNT_TR_15220-3-1_2024;-18.47;-43.06;801;20.9;67;4894;2.7;11.2;;
3140704;Mateus Leme;MG;3B;ABNT_TR_15220-3-1_2024;-19.98;-44.43;781;21.1;73;5115;3.3;12.3;;
3140803;Matias Barbosa;MG;2M;ABNT_TR_15220-3-1_2024;-21.87;-43.31;523;20.9;81;4563;3.2;10.9;;
3140852;Matias Cardoso;MG;5B;ABNT_TR_15220-3-1_2024;-14.86;-43.91;464;26.4;59;5826;3.1;11.6;;
3140902;Matipó;MG;2M;ABNT_TR_15220-3-1_2024;-20.29;-42.34;625;20.6;79;4786;4.2;12.0;;
3141009;Mato Verde;MG;4B;ABNT_TR_15220-3-1_2024;-15.39;-42.86;566;24.4;65;5803;5.1;10.7;;
3141108;Matozinhos;MG;3B;ABNT_TR_15220-3-1_2024;-19.55;-44.09;801;21.3;69;5202;3.8;12.3;;
3141207;Matutina;MG;2M;ABNT_TR_15220-3-1_2024;-19.22;-45.97;1003;20.9;67;5186;3.2;12.8;;
3141306;Medeiros;MG;3B;ABNT_TR_15220-3-1_2024;-19.99;-46.22;873;21.1;68;4991;3.0;12.3;;
3141405;Medina;MG;3B;ABNT_TR_15220-3-1_2024;-16.22;-41.47;583;22.3;62;5039;3.3;10.2;;
3141504;Mendes Pimentel;MG;4B;ABNT_TR_15220-3-1_2024;-18.66;-41.41;360;23.5;70;4822;3.6;11.3;;
3141603;Mercês;MG;2M;ABNT_TR_15220-3-1_2024;-21.20;-43.33;624;20.6;76;4606;3.1;11.5;;
3141702;Mesquita;MG;3B;ABNT_TR_15220-3-1_2024;-19.22;-42.61;356;22.8;72;4913;2.3;11.8;;
3141801;Minas Novas;MG;4B;ABNT_TR_15220-3-1_2024;-17.22;-42.59;511;23.1;64;5104;3.4;11.7;;
3141900;Minduri;MG;2M;ABNT_TR_15220-3-1_2024;-21.68;-44.61;961;18.9;76;4798;3.2;12.3;;
3142007;Mirabela;MG;4B;ABNT_TR_15220-3-1_2024;-16.26;-44.16;820;23.3;63;5678;4.0;11.9;;
3142106;Miradouro;MG;2M;ABNT_TR_15220-3-1_2024;-20.89;-42.35;408;20.6;76;4730;3.6;12.2;;
3142205;Miraí;MG;3A;ABNT_TR_15220-3-1_2024;-21.20;-42.61;350;21.8;77;4712;2.8;11.5;;
3142254;Miravânia;MG;4B;ABNT_TR_15220-3-1_2024;-14.73;-44.41;647;24.7;60;5819;3.3;11.7;;
3142304;Moeda;MG;2M;ABNT_TR_15220-3-1_2024;-20.34;-44.05;961;20.5;73;5073;3.6;12.5;;
3142403;Moema;MG;3B;ABNT_TR_15220-3-1_2024;-19.84;-45.41;671;22.6;67;5237;3.4;13.2;;
3142502;Monjolos;MG;4B;ABNT_TR_15220-3-1_2024;-18.32;-44.12;547;23.3;63;5459;3.9;12.1;;
3142601;Monsenhor Paulo;MG;2M;ABNT_TR_15220-3-1_2024;-21.76;-45.54;908;20.0;73;4840;2.9;12.5;;
3142700;Montalvânia;MG;4B;ABNT_TR_15220-3-1_2024;-14.42;-44.37;497;24.5;62;5723;1.9;14.3;;
3142809;Monte Alegre de Minas;MG;4B;ABNT_TR_15220-3-1_2024;-18.87;-48.88;736;23.6;65;5217;4.1;12.0;;
3142908;Monte Azul;MG;4B;ABNT_TR_15220-3-1_2024;-15.15;-42.87;589;23.9;62;5715;5.1;10.7;;
3143005;Monte Belo;MG;2M;ABNT_TR_15220-3-1_2024;-21.33;-46.36;842;20.5;70;4861;3.1;11.9;;
3143104;Monte Carmelo;MG;3B;ABNT_TR_15220-3-1_2024;-18.73;-47.49;875;22.1;69;5301;3.8;11.4;;
3143153;Monte Formoso;MG;3B;ABNT_TR_15220-3-1_2024;-16.87;-41.25;670;21.5;61;4917;3.3;10.6;;
3143203;Monte Santo de Minas;MG;3B;ABNT_TR_15220-3-1_2024;-21.19;-46.98;881;21.3;69;4941;3.7;11.1;;
3143302;Montes Claros;MG;4B;ABNT_TR_15220-3-1_2024;-16.73;-43.86;656;23.3;62;5561;3.7;12.1;;
3143401;Monte Sião;MG;2M;ABNT_TR_15220-3-1_2024;-22.43;-46.57;857;20.6;70;4896;3.9;11.0;;
3143450;Montezuma;MG;3B;ABNT_TR_15220-3-1_2024;-15.17;-42.49;929;22.2;65;5314;4.5;10.5;;
3143500;Morada Nova de Minas;MG;4B;ABNT_TR_15220-3-1_2024;-18.60;-45.36;596;23.9;63;5475;3.2;12.6;;
3143609;Morro da Garça;MG;4B;ABNT_TR_15220-3-1_2024;-18.54;-44.60;640;23.6;63;5445;3.6;12.5;;
3143708;Morro do Pilar;MG;2M;ABNT_TR_15220-3-1_2024;-19.22;-43.38;636;20.8;67;4787;2.4;12.2;;
3143807;Munhoz;MG;1M;ABNT_TR_15220-3-1_2024;-22.61;-46.36;1223;18.3;80;4816;4.4;10.5;;
3143906;Muriaé;MG;4A;ABNT_TR_15220-3-1_2024;-21.13;-42.37;205;23.1;75;4844;0.8;10.2;;
3144003;Mutum;MG;4A;ABNT_TR_15220-3-1_2024;-19.81;-41.44;287;23.0;76;4853;3.3;11.3;;
3144102;Muzambinho;MG;2M;ABNT_TR_15220-3-1_2024;-21.37;-46.52;1062;19.9;69;4876;3.3;11.1;;
3144201;Nacip Raydan;MG;4B;ABNT_TR_15220-3-1_2024;-18.45;-42.25;315;23.3;69;4866;2.8;11.7;;
3144300;Nanuque;MG;4A;ABNT_TR_15220-3-1_2024;-17.85;-40.35;113;24.3;78;4910;3.4;9.9;;
3144359;Naque;MG;4A;ABNT_TR_15220-3-1_2024;-19.23;-42.33;251;24.0;72;4895;3.0;11.5;;
3144375;Natalândia;MG;4B;ABNT_TR_15220-3-1_2024;-16.50;-46.49;562;24.0;63;5490;3.0;11.7;;
3144409;Natércia;MG;2M;ABNT_TR_15220-3-1_2024;-22.12;-45.51;889;19.2;80;4833;3.2;11.9;;
3144508;Nazareno;MG;2M;ABNT_TR_15220-3-1_2024;-21.22;-44.61;929;20.0;74;4875;3.1;11.8;;
3144607;Nepomuceno;MG;2M;ABNT_TR_15220-3-1_2024;-21.23;-45.24;839;20.7;71;4981;3.4;12.0;;
3144656;Ninheira;MG;3B;ABNT_TR_15220-3-1_2024;-15.31;-41.76;959;21.7;68;5138;3.7;10.1;;
3144672;Nova Belém;MG;3B;ABNT_TR_15220-3-1_2024;-18.49;-41.11;608;22.1;69;4716;3.7;11.3;;
3144706;Nova Era;MG;3B;ABNT_TR_15220-3-1_2024;-19.76;-43.03;620;21.4;71;4774;2.8;11.7;;
3144805;Nova Lima;MG;2M;ABNT_TR_15220-3-1_2024;-19.98;-43.85;783;19.8;66;5011;3.7;11.3;;
3144904;Nova Módica;MG;4B;ABNT_TR_15220-3-1_2024;-18.44;-41.50;322;23.5;70;4933;4.3;11.3;;
3145000;Nova Ponte;MG;3B;ABNT_TR_15220-3-1_2024;-19.15;-47.68;913;22.0;67;5141;3.8;11.6;;
3145059;Nova Porteirinha;MG;5B;ABNT_TR_15220-3-1_2024;-15.80;-43.29;535;25.2;62;5724;4.8;11.4;;
3145109;Nova Resende;MG;2M;ABNT_TR_15220-3-1_2024;-21.13;-46.42;1128;20.0;69;4893;3.2;11.9;;
3145208;Nova Serrana;MG;3B;ABNT_TR_15220-3-1_2024;-19.87;-44.98;715;22.0;70;5161;3.0;12.9;;
3145307;Novo Cruzeiro;MG;2M;ABNT_TR_15220-3-1_2024;-17.47;-41.88;783;20.8;63;4862;3.1;11.3;;
3145356;Novo Oriente de Minas;MG;4B;ABNT_TR_15220-3-1_2024;-17.41;-41.22;275;23.3;69;4993;3.2;11.0;;
3145372;Novorizonte;MG;3B;ABNT_TR_15220-3-1_2024;-16.02;-42.40;954;22.3;63;5227;3.7;11.1;;
3145406;Olaria;MG;2M;ABNT_TR_15220-3-1_2024;-21.86;-43.94;841;18.9;77;4565;3.0;10.4;;
3145455;Olhos-d'Água;MG;3B;ABNT_TR_15220-3-1_2024;-17.40;-43.57;760;22.2;63;5326;3.2;11.9;;
3145505;Olímpio Noronha;MG;1M;ABNT_TR_15220-3-1_2024;-22.07;-45.27;874;18.7;79;4795;2.4;12.4;;
3145604;Oliveira;MG;2M;ABNT_TR_15220-3-1_2024;-20.70;-44.83;981;20.0;71;5006;3.8;12.1;;
3145703;Oliveira Fortes;MG;2M;ABNT_TR_15220-3-1_2024;-21.34;-43.45;934;20.3;76;4584;2.9;11.5;;
3145802;Onça de Pitangui;MG;3B;ABNT_TR_15220-3-1_2024;-19.73;-44.81;718;22.0;71;5192;3.9;12.9;;
3145851;Oratórios;MG;3A;ABNT_TR_15220-3-1_2024;-20.43;-42.80;502;21.9;79;4811;3.6;11.8;;
3145877;Orizânia;MG;2M;ABNT_TR_15220-3-1_2024;-20.51;-42.20;823;19.5;78;4720;3.9;12.2;;
3145901;Ouro Branco;MG;1M;ABNT_TR_15220-3-1_2024;-20.53;-43.70;1054;18.7;78;4791;3.5;11.5;;
3146008;Ouro Fino;MG;2M;ABNT_TR_15220-3-1_2024;-22.28;-46.37;865;20.2;72;4838;3.3;11.3;;
3146107;Ouro Preto;MG;1M;ABNT_TR_15220-3-1_2024;-20.38;-43.51;1154;18.5;78;4825;3.0;11.5;;
3146206;Ouro Verde de Minas;MG;3B;ABNT_TR_15220-3-1_2024;-18.07;-41.27;460;22.7;71;4840;3.6;11.3;;
3146255;Padre Carvalho;MG;3B;ABNT_TR_15220-3-1_2024;-16.36;-42.51;784;22.3;62;5144;2.9;11.3;;
3146305;Padre Paraíso;MG;3B;ABNT_TR_15220-3-1_2024;-17.08;-41.48;695;21.4;61;4883;3.1;11.0;;
3146404;Paineiras;MG;4B;ABNT_TR_15220-3-1_2024;-18.90;-45.53;626;23.2;64;5372;3.1;12.5;;
3146503;Pains;MG;3B;ABNT_TR_15220-3-1_2024;-20.37;-45.66;690;21.6;68;5106;3.2;13.1;;
3146552;Pai Pedro;MG;5B;ABNT_TR_15220-3-1_2024;-15.53;-43.07;510;25.3;64;5767;4.2;11.4;;
3146602;Paiva;MG;2M;ABNT_TR_15220-3-1_2024;-21.29;-43.41;612;20.3;75;4584;3.0;11.5;;
3146701;Palma;MG;4A;ABNT_TR_15220-3-1_2024;-21.37;-42.31;195;23.0;77;4785;2.6;11.2;;
3146750;Palmópolis;MG;3B;ABNT_TR_15220-3-1_2024;-16.74;-40.43;652;21.4;70;4834;3.6;9.6;;
3146909;Papagaios;MG;3B;ABNT_TR_15220-3-1_2024;-19.44;-44.75;715;22.7;68;5291;3.2;12.8;;
3147006;Paracatu;MG;4B;ABNT_TR_15220-3-1_2024;-17.23;-46.87;681;23.4;65;5457;2.6;11.8;;
3147105;Pará de Minas;MG;3B;ABNT_TR_15220-3-1_2024;-19.85;-44.61;786;21.2;72;5152;3.5;12.9;;
3147204;Paraguaçu;MG;3B;ABNT_TR_15220-3-1_2024;-21.55;-45.74;826;20.9;72;4938;2.9;12.5;;
3147303;Paraisópolis;MG;1M;ABNT_TR_15220-3-1_2024;-22.55;-45.78;927;18.2;82;4801;3.4;10.8;;
3147402;Paraopeba;MG;3B;ABNT_TR_15220-3-1_2024;-19.27;-44.40;734;22.2;66;5294;3.8;12.3;;
3147501;Passabém;MG;3B;ABNT_TR_15220-3-1_2024;-19.35;-43.14;625;21.3;69;4830;2.7;12.2;;
3147600;Passa Quatro;MG;2M;ABNT_TR_15220-3-1_2024;-22.39;-44.97;969;19.1;75;4935;2.0;12.0;;
3147709;Passa Tempo;MG;2M;ABNT_TR_15220-3-1_2024;-20.65;-44.49;1000;19.6;73;4989;3.8;11.8;;
3147808;Passa Vinte;MG;2M;ABNT_TR_15220-3-1_2024;-22.21;-44.23;729;19.6;77;4478;2.7;11.5;;
3147907;Passos;MG;3B;ABNT_TR_15220-3-1_2024;-20.72;-46.61;757;21.6;69;5403;1.8;12.5;;
3147956;Patis;MG;4B;ABNT_TR_15220-3-1_2024;-16.08;-44.08;752;23.8;61;5666;3.2;11.9;;
3148004;Patos de Minas;MG;3B;ABNT_TR_15220-3-1_2024;-18.57;-46.50;967;22.0;67;5299;3.8;11.5;;
3148103;Patrocínio;MG;2M;ABNT_TR_15220-3-1_2024;-18.94;-46.99;974;20.9;71;5375;0.9;12.9;;
3148202;Patrocínio do Muriaé;MG;3A;ABNT_TR_15220-3-1_2024;-21.15;-42.21;223;22.4;76;4904;2.6;11.2;;
3148301;Paula Cândido;MG;2M;ABNT_TR_15220-3-1_2024;-20.88;-42.98;774;20.4;81;4676;3.7;11.6;;
3148400;Paulistas;MG;3B;ABNT_TR_15220-3-1_2024;-18.43;-42.86;851;21.3;67;4914;2.7;11.6;;
3148509;Pavão;MG;4A;ABNT_TR_15220-3-1_2024;-17.43;-41.00;314;23.9;72;4934;3.2;11.0;;
3148608;Peçanha;MG;3B;ABNT_TR_15220-3-1_2024;-18.54;-42.56;741;21.7;67;4861;2.9;11.8;;
3148707;Pedra Azul;MG;3B;ABNT_TR_15220-3-1_2024;-16.01;-41.29;682;22.1;69;5062;3.3;10.2;;
3148756;Pedra Bonita;MG;2M;ABNT_TR_15220-3-1_2024;-20.52;-42.33;901;19.8;78;4658;3.9;12.2;;
3148806;Pedra do Anta;MG;3A;ABNT_TR_15220-3-1_2024;-20.60;-42.71;647;21.4;80;4756;4.0;11.6;;
3148905;Pedra do Indaiá;MG;2M;ABNT_TR_15220-3-1_2024;-20.26;-45.21;841;20.8;69;5057;3.0;12.8;;
3149002;Pedra Dourada;MG;2M;ABNT_TR_15220-3-1_2024;-20.83;-42.15;701;20.2;76;4745;3.1;12.2;;
3149101;Pedralva;MG;2M;ABNT_TR_15220-3-1_2024;-22.24;-45.47;877;19.1;81;4767;3.2;12.4;;
3149150;Pedras de Maria da Cruz;MG;5B;ABNT_TR_15220-3-1_2024;-15.60;-44.39;482;26.0;58;5787;4.1;11.7;;
3149200;Pedrinópolis;MG;3B;ABNT_TR_15220-3-1_2024;-19.22;-47.46;893;21.8;68;5240;3.6;11.3;;
3149309;Pedro Leopoldo;MG;3B;ABNT_TR_15220-3-1_2024;-19.63;-44.04;710;21.5;68;5202;3.7;12.3;;
3149408;Pedro Teixeira;MG;2M;ABNT_TR_15220-3-1_2024;-21.71;-43.74;804;20.0;78;4537;2.7;10.4;;
3149507;Pequeri;MG;2M;ABNT_TR_15220-3-1_2024;-21.83;-43.11;620;20.8;81;4570;3.4;10.9;;
3149606;Pequi;MG;3B;ABNT_TR_15220-3-1_2024;-19.63;-44.66;788;22.0;71;5229;3.5;12.9;;
3149705;Perdigão;MG;3B;ABNT_TR_15220-3-1_2024;-19.94;-45.08;803;21.9;69;5187;3.0;13.2;;
3149804;Perdizes;MG;3B;ABNT_TR_15220-3-1_2024;-19.34;-47.30;1065;21.3;68;5217;3.5;11.3;;
3149903;Perdões;MG;2M;ABNT_TR_15220-3-1_2024;-21.09;-45.09;827;20.6;71;4948;3.5;12.0;;
3149952;Periquito;MG;4A;ABNT_TR_15220-3-1_2024;-19.16;-42.23;187;24.1;71;4916;2.9;11.5;;
3150000;Pescador;MG;4B;ABNT_TR_15220-3-1_2024;-18.36;-41.60;369;23.9;69;4899;4.0;11.6;;
3150109;Piau;MG;3A;ABNT_TR_15220-3-1_2024;-21.51;-43.31;501;21.0;80;4565;3.4;10.9;;
3150158;Piedade de Caratinga;MG;2M;ABNT_TR_15220-3-1_2024;-19.76;-42.08;836;20.9;75;4627;3.9;11.2;;
3150208;Piedade de Ponte Nova;MG;3A;ABNT_TR_15220-3-1_2024;-20.24;-42.74;424;22.7;77;4868;3.4;11.8;;
3150307;Piedade do Rio Grande;MG;2M;ABNT_TR_15220-3-1_2024;-21.47;-44.19;991;19.0;75;4757;3.6;11.5;;
3150406;Piedade dos Gerais;MG;2M;ABNT_TR_15220-3-1_2024;-20.47;-44.22;1020;19.4;74;5004;3.7;12.5;;
3150505;Pimenta;MG;3B;ABNT_TR_15220-3-1_2024;-20.48;-45.80;830;21.1;69;5025;3.0;13.1;;
3150539;Pingo-d'Água;MG;4A;ABNT_TR_15220-3-1_2024;-19.73;-42.41;268;23.4;73;4955;3.7;11.2;;
3150570;Pintópolis;MG;5B;ABNT_TR_15220-3-1_2024;-16.06;-45.14;505;26.0;62;5768;3.2;11.7;;
3150604;Piracema;MG;2M;ABNT_TR_15220-3-1_2024;-20.51;-44.48;843;20.8;71;5049;3.5;11.8;;
3150703;Pirajuba;MG;4B;ABNT_TR_15220-3-1_2024;-19.91;-48.70;541;24.2;65;5177;4.1;12.2;;
3150802;Piranga;MG;2M;ABNT_TR_15220-3-1_2024;-20.68;-43.30;636;20.4;77;4667;3.2;11.5;;
3150901;Piranguçu;MG;2M;ABNT_TR_15220-3-1_2024;-22.52;-45.49;893;19.6;82;4832;3.1;11.0;;
3151008;Piranguinho;MG;2M;ABNT_TR_15220-3-1_2024;-22.40;-45.53;838;20.6;81;4852;3.1;11.9;;
3151107;Pirapetinga;MG;3A;ABNT_TR_15220-3-1_2024;-21.66;-42.34;165;22.8;78;4772;2.6;10.6;;
3151206;Pirapora;MG;4B;ABNT_TR_15220-3-1_2024;-17.34;-44.93;509;24.6;64;5623;1.3;12.6;;
3151305;Piraúba;MG;3A;ABNT_TR_15220-3-1_2024;-21.28;-43.02;344;21.7;78;4727;3.0;11.5;;
3151404;Pitangui;MG;3B;ABNT_TR_15220-3-1_2024;-19.67;-44.90;730;22.2;70;5192;3.6;12.9;;
3151503;Piumhi;MG;3B;ABNT_TR_15220-3-1_2024;-20.48;-45.96;826;21.2;69;5060;3.5;13.1;;
3151602;Planura;MG;4B;ABNT_TR_15220-3-1_2024;-20.14;-48.70;483;24.5;65;5165;3.9;12.1;;
3151701;Poço Fundo;MG;2M;ABNT_TR_15220-3-1_2024;-21.78;-45.97;837;19.5;74;4807;2.6;12.5;;
3151800;Poços de Caldas;MG;1M;ABNT_TR_15220-3-1_2024;-21.78;-46.57;1256;18.3;68;4801;3.8;11.2;;
3151909;Pocrane;MG;4A;ABNT_TR_15220-3-1_2024;-19.62;-41.63;231;23.3;75;4835;2.9;11.5;;
3152006;Pompéu;MG;4B;ABNT_TR_15220-3-1_2024;-19.23;-45.01;672;23.1;66;5345;3.9;13.0;;
3152105;Ponte Nova;MG;3A;ABNT_TR_15220-3-1_2024;-20.41;-42.90;440;21.9;78;4820;3.4;11.8;;
3152131;Ponto Chique;MG;5B;ABNT_TR_15220-3-1_2024;-16.63;-45.06;479;25.5;62;5709;3.8;11.9;;
3152170;Ponto dos Volantes;MG;4B;ABNT_TR_15220-3-1_2024;-16.75;-41.50;380;23.0;61;5067;3.2;11.1;;
3152204;Porteirinha;MG;5B;ABNT_TR_15220-3-1_2024;-15.74;-43.03;582;25.1;64;5694;4.5;11.4;;
3152303;Porto Firme;MG;3A;ABNT_TR_15220-3-1_2024;-20.66;-43.08;578;20.9;80;4702;3.8;11.5;;
3152402;Poté;MG;3B;ABNT_TR_15220-3-1_2024;-17.81;-41.79;507;22.0;68;4902;3.5;11.5;;
3152501;Pouso Alegre;MG;2M;ABNT_TR_15220-3-1_2024;-22.23;-45.94;879;19.8;78;4794;2.7;11.9;;
3152600;Pouso Alto;MG;2M;ABNT_TR_15220-3-1_2024;-22.20;-44.97;887;20.4;77;4877;3.1;11.8;;
3152709;Prados;MG;2M;ABNT_TR_15220-3-1_2024;-21.06;-44.08;984;19.5;74;4774;3.7;11.5;;
3152808;Prata;MG;4B;ABNT_TR_15220-3-1_2024;-19.31;-48.93;630;23.8;65;5207;4.1;12.1;;
3152907;Pratápolis;MG;3B;ABNT_TR_15220-3-1_2024;-20.74;-46.86;694;21.9;68;5114;3.3;10.9;;
3153004;Pratinha;MG;2M;ABNT_TR_15220-3-1_2024;-19.74;-46.38;1226;20.4;67;5088;3.5;12.3;;
3153103;Presidente Bernardes;MG;2M;ABNT_TR_15220-3-1_2024;-20.77;-43.19;682;20.7;79;4674;3.6;11.5;;
3153202;Presidente Juscelino;MG;4B;ABNT_TR_15220-3-1_2024;-18.64;-44.06;577;23.2;63;5433;4.0;12.3;;
3153301;Presidente Kubitschek;MG;2M;ABNT_TR_15220-3-1_2024;-18.62;-43.56;1166;19.0;66;5073;2.4;11.7;;
3153400;Presidente Olegário;MG;3B;ABNT_TR_15220-3-1_2024;-18.41;-46.42;924;22.0;64;5345;3.8;12.0;;
3153509;Alto Jequitibá;MG;2M;ABNT_TR_15220-3-1_2024;-20.42;-41.97;642;19.5;78;4668;3.6;12.3;;
3153608;Prudente de Morais;MG;3B;ABNT_TR_15220-3-1_2024;-19.47;-44.16;765;21.6;68;5242;3.5;12.3;;
3153707;Quartel Geral;MG;3B;ABNT_TR_15220-3-1_2024;-19.27;-45.56;700;22.6;66;5305;3.0;12.8;;
3153806;Queluzito;MG;2M;ABNT_TR_15220-3-1_2024;-20.74;-43.89;992;19.3;77;4882;3.4;11.5;;
3153905;Raposos;MG;2M;ABNT_TR_15220-3-1_2024;-19.96;-43.81;719;20.1;66;5011;3.7;11.3;;
3154002;Raul Soares;MG;4A;ABNT_TR_15220-3-1_2024;-20.11;-42.45;367;23.0;78;4918;3.9;12.0;;
3154101;Recreio;MG;3A;ABNT_TR_15220-3-1_2024;-21.53;-42.47;178;22.8;77;4833;2.5;10.6;;
3154150;Reduto;MG;2M;ABNT_TR_15220-3-1_2024;-20.24;-41.98;651;20.7;78;4683;3.2;12.3;;
3154200;Resende Costa;MG;2M;ABNT_TR_15220-3-1_2024;-20.92;-44.24;1032;19.3;75;4834;3.3;11.8;;
3154309;Resplendor;MG;4A;ABNT_TR_15220-3-1_2024;-19.32;-41.25;194;23.9;74;4901;2.8;11.5;;
3154408;Ressaquinha;MG;1M;ABNT_TR_15220-3-1_2024;-21.06;-43.76;1133;18.5;75;4736;3.7;10.8;;
3154457;Riachinho;MG;4B;ABNT_TR_15220-3-1_2024;-16.23;-45.99;548;24.6;63;5685;3.1;11.6;;
3154507;Riacho dos Machados;MG;4B;ABNT_TR_15220-3-1_2024;-16.01;-43.05;849;23.2;64;5620;4.1;11.6;;
3154606;Ribeirão das Neves;MG;3B;ABNT_TR_15220-3-1_2024;-19.76;-44.08;798;21.0;67;5150;3.4;12.3;;
3154705;Ribeirão Vermelho;MG;2M;ABNT_TR_15220-3-1_2024;-21.19;-45.06;790;20.5;71;4977;3.5;12.0;;
3154804;Rio Acima;MG;2M;ABNT_TR_15220-3-1_2024;-20.09;-43.79;748;19.8;67;4997;3.5;11.5;;
3154903;Rio Casca;MG;3A;ABNT_TR_15220-3-1_2024;-20.23;-42.65;414;22.3;77;4882;3.9;11.8;;
3155009;Rio Doce;MG;3A;ABNT_TR_15220-3-1_2024;-20.24;-42.90;432;22.2;77;4725;2.9;11.8;;
3155108;Rio do Prado;MG;3B;ABNT_TR_15220-3-1_2024;-16.61;-40.57;362;22.7;70;4943;4.2;10.1;;
3155207;Rio Espera;MG;2M;ABNT_TR_15220-3-1_2024;-20.86;-43.47;773;20.2;75;4711;3.3;11.5;;
3155306;Rio Manso;MG;2M;ABNT_TR_15220-3-1_2024;-20.27;-44.31;886;20.2;71;5032;3.5;12.5;;
3155405;Rio Novo;MG;3A;ABNT_TR_15220-3-1_2024;-21.46;-43.12;420;21.8;79;4665;3.3;11.5;;
3155504;Rio Paranaíba;MG;2M;ABNT_TR_15220-3-1_2024;-19.19;-46.25;1024;20.9;68;5190;3.6;12.0;;
3155603;Rio Pardo de Minas;MG;3B;ABNT_TR_15220-3-1_2024;-15.62;-42.54;797;21.7;71;5488;2.0;11.8;;
3155702;Rio Piracicaba;MG;2M;ABNT_TR_15220-3-1_2024;-19.93;-43.18;670;20.5;70;4682;2.9;11.7;;
3155801;Rio Pomba;MG;3A;ABNT_TR_15220-3-1_2024;-21.27;-43.17;470;21.2;78;4676;3.0;11.5;;
3155900;Rio Preto;MG;2M;ABNT_TR_15220-3-1_2024;-22.09;-43.83;497;20.7;79;4532;3.2;11.0;;
3156007;Rio Vermelho;MG;3B;ABNT_TR_15220-3-1_2024;-18.29;-43.00;679;21.4;67;4925;2.6;11.2;;
3156106;Ritápolis;MG;2M;ABNT_TR_15220-3-1_2024;-21.03;-44.32;1018;19.5;74;4825;3.3;11.5;;
3156205;Rochedo de Minas;MG;3A;ABNT_TR_15220-3-1_2024;-21.63;-43.02;351;22.0;79;4678;3.5;10.9;;
3156304;Rodeiro;MG;3A;ABNT_TR_15220-3-1_2024;-21.20;-42.86;383;22.3;78;4811;3.1;11.5;;
3156403;Romaria;MG;3B;ABNT_TR_15220-3-1_2024;-18.88;-47.58;975;21.5;68;5209;3.8;11.4;;
3156452;Rosário da Limeira;MG;2M;ABNT_TR_15220-3-1_2024;-20.98;-42.51;693;20.7;76;4624;3.1;11.6;;
3156502;Rubelita;MG;4B;ABNT_TR_15220-3-1_2024;-16.41;-42.26;439;23.7;62;5203;3.6;11.1;;
3156601;Rubim;MG;4B;ABNT_TR_15220-3-1_2024;-16.38;-40.54;264;23.4;69;4969;3.5;9.7;;
3156700;Sabará;MG;2M;ABNT_TR_15220-3-1_2024;-19.88;-43.83;784;20.7;66;5097;3.8;11.3;;
3156809;Sabinópolis;MG;2M;ABNT_TR_15220-3-1_2024;-18.67;-43.08;709;20.8;67;4807;2.8;12.1;;
3156908;Sacramento;MG;3B;ABNT_TR_15220-3-1_2024;-19.86;-47.45;832;22.6;66;5116;4.4;10.8;;
3157005;Salinas;MG;4B;ABNT_TR_15220-3-1_2024;-16.18;-42.30;522;24.0;64;5264;1.5;12.1;;
3157104;Salto da Divisa;MG;4A;ABNT_TR_15220-3-1_2024;-16.01;-39.94;153;24.1;78;4905;3.0;8.8;;
3157203;Santa Bárbara;MG;2M;ABNT_TR_15220-3-1_2024;-19.96;-43.41;761;20.6;68;4718;2.9;11.7;;
3157252;Santa Bárbara do Leste;MG;2M;ABNT_TR_15220-3-1_2024;-19.98;-42.15;778;19.8;78;4683;4.0;11.2;;
3157278;Santa Bárbara do Monte Verde;MG;2M;ABNT_TR_15220-3-1_2024;-21.96;-43.70;767;20.1;79;4501;2.9;10.4;;
3157302;Santa Bárbara do Tugúrio;MG;1M;ABNT_TR_15220-3-1_2024;-21.24;-43.56;625;18.8;72;4530;3.2;10.8;;
3157336;Santa Cruz de Minas;MG;2M;ABNT_TR_15220-3-1_2024;-21.12;-44.22;892;19.6;73;4806;3.7;11.5;;
3157377;Santa Cruz de Salinas;MG;3B;ABNT_TR_15220-3-1_2024;-16.10;-41.74;800;21.8;65;5127;3.8;10.7;;
3157401;Santa Cruz do Escalvado;MG;3A;ABNT_TR_15220-3-1_2024;-20.24;-42.82;399;22.4;77;4820;3.1;11.8;;
3157500;Santa Efigênia de Minas;MG;3B;ABNT_TR_15220-3-1_2024;-18.82;-42.44;680;21.8;67;4637;2.6;11.6;;
3157609;Santa Fé de Minas;MG;5B;ABNT_TR_15220-3-1_2024;-16.69;-45.41;498;25.1;62;5661;3.2;11.9;;
3157658;Santa Helena de Minas;MG;4A;ABNT_TR_15220-3-1_2024;-16.97;-40.67;286;23.9;71;4968;3.0;10.1;;
3157708;Santa Juliana;MG;3B;ABNT_TR_15220-3-1_2024;-19.31;-47.53;944;21.4;67;5210;4.1;11.6;;
3157807;Santa Luzia;MG;3B;ABNT_TR_15220-3-1_2024;-19.75;-43.85;736;21.1;67;5191;3.7;11.3;;
3157906;Santa Margarida;MG;2M;ABNT_TR_15220-3-1_2024;-20.38;-42.25;735;20.2;79;4768;4.2;12.0;;
3158003;Santa Maria de Itabira;MG;3B;ABNT_TR_15220-3-1_2024;-19.44;-43.11;592;21.3;70;4830;2.8;12.2;;
3158102;Santa Maria do Salto;MG;4A;ABNT_TR_15220-3-1_2024;-16.25;-40.15;177;23.9;74;4899;4.1;9.3;;
3158201;Santa Maria do Suaçuí;MG;3B;ABNT_TR_15220-3-1_2024;-18.19;-42.41;495;22.7;68;4938;3.2;11.7;;
3158300;Santana da Vargem;MG;3B;ABNT_TR_15220-3-1_2024;-21.24;-45.50;842;20.9;71;4949;3.5;12.4;;
3158409;Santana de Cataguases;MG;3A;ABNT_TR_15220-3-1_2024;-21.29;-42.55;240;22.7;77;4758;2.6;11.5;;
3158508;Santana de Pirapama;MG;3B;ABNT_TR_15220-3-1_2024;-19.00;-44.04;630;22.9;65;5430;3.7;12.3;;
3158607;Santana do Deserto;MG;3A;ABNT_TR_15220-3-1_2024;-21.95;-43.16;410;21.4;81;4640;3.1;10.9;;
3158706;Santana do Garambéu;MG;1M;ABNT_TR_15220-3-1_2024;-21.60;-44.11;1098;18.5;76;4761;3.5;11.4;;
3158805;Santana do Jacaré;MG;2M;ABNT_TR_15220-3-1_2024;-20.90;-45.13;809;20.7;70;4938;3.5;12.3;;
3158904;Santana do Manhuaçu;MG;2M;ABNT_TR_15220-3-1_2024;-20.10;-41.93;565;20.8;78;4659;3.4;12.3;;
3158953;Santana do Paraíso;MG;4A;ABNT_TR_15220-3-1_2024;-19.37;-42.54;250;23.6;72;4761;2.4;11.8;;
3159001;Santana do Riacho;MG;2M;ABNT_TR_15220-3-1_2024;-19.17;-43.72;738;20.7;67;5324;4.3;12.0;;
3159100;Santana dos Montes;MG;2M;ABNT_TR_15220-3-1_2024;-20.79;-43.69;733;19.7;76;4740;3.2;11.5;;
3159209;Santa Rita de Caldas;MG;2M;ABNT_TR_15220-3-1_2024;-22.03;-46.34;1071;18.9;73;4712;3.2;11.3;;
3159308;Santa Rita de Jacutinga;MG;2M;ABNT_TR_15220-3-1_2024;-22.15;-44.10;645;19.7;77;4521;2.8;11.5;;
3159357;Santa Rita de Minas;MG;2M;ABNT_TR_15220-3-1_2024;-19.88;-42.14;729;20.3;77;4720;3.9;11.2;;
3159407;Santa Rita de Ibitipoca;MG;1M;ABNT_TR_15220-3-1_2024;-21.57;-43.92;1091;18.3;76;4679;2.8;10.4;;
3159506;Santa Rita do Itueto;MG;3A;ABNT_TR_15220-3-1_2024;-19.36;-41.38;313;22.5;74;4727;2.9;11.5;;
3159605;Santa Rita do Sapucaí;MG;2M;ABNT_TR_15220-3-1_2024;-22.25;-45.70;833;19.5;79;4835;2.6;11.9;;
3159704;Santa Rosa da Serra;MG;3B;ABNT_TR_15220-3-1_2024;-19.52;-45.96;962;21.0;68;5131;3.0;13.3;;
3159803;Santa Vitória;MG;5B;ABNT_TR_15220-3-1_2024;-18.84;-50.12;481;25.2;65;5302;3.9;12.3;;
3159902;Santo Antônio do Amparo;MG;2M;ABNT_TR_15220-3-1_2024;-20.94;-44.92;948;20.2;71;4910;3.5;12.1;;
3160009;Santo Antônio do Aventureiro;MG;3A;ABNT_TR_15220-3-1_2024;-21.76;-42.81;581;21.3;80;4561;2.8;11.1;;
3160108;Santo Antônio do Grama;MG;3A;ABNT_TR_15220-3-1_2024;-20.32;-42.60;417;21.8;78;4872;4.0;11.8;;
3160207;Santo Antônio do Itambé;MG;2M;ABNT_TR_15220-3-1_2024;-18.46;-43.30;788;20.7;66;4903;2.2;11.2;;
3160306;Santo Antônio do Jacinto;MG;3B;ABNT_TR_15220-3-1_2024;-16.53;-40.18;482;22.2;73;4832;3.6;9.6;;
3160405;Santo Antônio do Monte;MG;3B;ABNT_TR_15220-3-1_2024;-20.09;-45.29;946;21.2;69;5114;3.1;12.8;;
3160454;Santo Antônio do Retiro;MG;3B;ABNT_TR_15220-3-1_2024;-15.34;-42.62;843;22.4;66;5306;3.9;10.7;;
3160504;Santo Antônio do Rio Abaixo;MG;3B;ABNT_TR_15220-3-1_2024;-19.24;-43.26;566;21.4;68;4776;2.4;12.2;;
3160603;Santo Hipólito;MG;4B;ABNT_TR_15220-3-1_2024;-18.30;-44.22;532;24.1;63;5496;3.8;12.1;;
3160702;Santos Dumont;MG;2M;ABNT_TR_15220-3-1_2024;-21.46;-43.55;893;19.7;76;4531;3.1;10.8;;
3160801;São Bento Abade;MG;2M;ABNT_TR_15220-3-1_2024;-21.58;-45.07;997;20.0;73;4823;3.5;12.7;;
3160900;São Brás do Suaçuí;MG;2M;ABNT_TR_15220-3-1_2024;-20.62;-43.95;946;19.8;76;4934;3.3;11.5;;
3160959;São Domingos das Dores;MG;3B;ABNT_TR_15220-3-1_2024;-19.52;-42.01;775;22.2;72;4714;3.6;11.2;;
3161007;São Domingos do Prata;MG;3B;ABNT_TR_15220-3-1_2024;-19.87;-42.97;664;21.0;72;4732;2.8;11.7;;
3161056;São Félix de Minas;MG;4B;ABNT_TR_15220-3-1_2024;-18.60;-41.49;558;23.2;68;4800;4.0;11.3;;
3161106;São Francisco;MG;5B;ABNT_TR_15220-3-1_2024;-15.95;-44.86;481;26.0;62;5731;3.9;11.7;;
3161205;São Francisco de Paula;MG;2M;ABNT_TR_15220-3-1_2024;-20.70;-44.98;949;20.2;70;4982;3.4;12.1;;
3161304;São Francisco de Sales;MG;4B;ABNT_TR_15220-3-1_2024;-19.86;-49.77;427;24.8;65;5174;3.6;12.5;;
3161403;São Francisco do Glória;MG;2M;ABNT_TR_15220-3-1_2024;-20.79;-42.27;747;20.2;76;4789;3.5;12.2;;
3161502;São Geraldo;MG;3A;ABNT_TR_15220-3-1_2024;-20.93;-42.84;376;21.3;80;4755;3.8;11.6;;
3161601;São Geraldo da Piedade;MG;3B;ABNT_TR_15220-3-1_2024;-18.84;-42.29;357;22.7;68;4745;2.6;11.6;;
3161650;São Geraldo do Baixio;MG;4A;ABNT_TR_15220-3-1_2024;-18.91;-41.36;238;23.6;71;4837;3.6;11.3;;
3161700;São Gonçalo do Abaeté;MG;3B;ABNT_TR_15220-3-1_2024;-18.33;-45.83;784;22.5;63;5569;2.4;9.8;;
3161809;São Gonçalo do Pará;MG;3B;ABNT_TR_15220-3-1_2024;-19.98;-44.86;731;21.9;71;5178;3.4;12.9;;
3161908;São Gonçalo do Rio Abaixo;MG;2M;ABNT_TR_15220-3-1_2024;-19.82;-43.37;703;20.8;68;4777;2.8;11.7;;
3162005;São Gonçalo do Sapucaí;MG;2M;ABNT_TR_15220-3-1_2024;-21.89;-45.59;882;20.1;75;4822;2.8;12.5;;
3162104;São Gotardo;MG;2M;ABNT_TR_15220-3-1_2024;-19.31;-46.05;1058;20.7;67;5120;3.3;12.0;;
3162203;São João Batista do Glória;MG;3B;ABNT_TR_15220-3-1_2024;-20.64;-46.51;720;21.6;68;5075;3.2;10.9;;
3162252;São João da Lagoa;MG;4B;ABNT_TR_15220-3-1_2024;-16.85;-44.35;840;23.5;63;5584;4.5;12.1;;
3162302;São João da Mata;MG;2M;ABNT_TR_15220-3-1_2024;-21.93;-45.93;905;19.8;76;4759;2.4;12.5;;
3162401;São João da Ponte;MG;4B;ABNT_TR_15220-3-1_2024;-15.93;-44.01;699;24.2;59;5699;3.2;11.7;;
3162450;São João das Missões;MG;5B;ABNT_TR_15220-3-1_2024;-14.89;-44.09;487;25.5;59;5818;2.9;11.7;;
3162500;São João del Rei;MG;2M;ABNT_TR_15220-3-1_2024;-21.13;-44.25;903;19.7;73;4806;3.7;11.5;;
3162559;São João do Manhuaçu;MG;2M;ABNT_TR_15220-3-1_2024;-20.39;-42.15;823;19.5;79;4659;4.1;12.0;;
3162575;São João do Manteninha;MG;4B;ABNT_TR_15220-3-1_2024;-18.72;-41.16;252;23.4;70;4942;4.2;11.3;;
3162609;São João do Oriente;MG;4A;ABNT_TR_15220-3-1_2024;-19.34;-42.16;220;23.9;72;4837;3.7;11.5;;
3162658;São João do Pacuí;MG;4B;ABNT_TR_15220-3-1_2024;-16.54;-44.51;691;24.2;63;5659;4.6;12.1;;
3162708;São João do Paraíso;MG;3B;ABNT_TR_15220-3-1_2024;-15.32;-42.02;844;21.9;66;5183;3.3;10.5;;
3162807;São João Evangelista;MG;3B;ABNT_TR_15220-3-1_2024;-18.55;-42.77;705;21.4;67;4849;2.8;11.8;;
3162906;São João Nepomuceno;MG;3A;ABNT_TR_15220-3-1_2024;-21.54;-43.01;396;21.7;79;4700;3.4;10.9;;
3162922;São Joaquim de Bicas;MG;3B;ABNT_TR_15220-3-1_2024;-20.05;-44.27;752;21.3;71;5158;3.4;12.5;;
3162948;São José da Barra;MG;3B;ABNT_TR_15220-3-1_2024;-20.72;-46.31;738;21.4;68;5063;3.0;12.0;;
3162955;São José da Lapa;MG;3B;ABNT_TR_15220-3-1_2024;-19.70;-43.96;727;21.3;68;5199;3.4;11.3;;
3163003;São José da Safira;MG;4B;ABNT_TR_15220-3-1_2024;-18.32;-42.14;262;23.8;69;4819;2.8;11.7;;
3163102;São José da Varginha;MG;3B;ABNT_TR_15220-3-1_2024;-19.70;-44.56;790;21.9;72;5219;3.3;12.9;;
3163201;São José do Alegre;MG;2M;ABNT_TR_15220-3-1_2024;-22.32;-45.53;840;19.9;81;4796;3.2;11.9;;
3163300;São José do Divino;MG;4B;ABNT_TR_15220-3-1_2024;-18.48;-41.39;333;23.0;70;4851;4.0;11.3;;
3163409;São José do Goiabal;MG;4A;ABNT_TR_15220-3-1_2024;-19.92;-42.70;305;23.0;74;4801;2.5;11.7;;
3163508;São José do Jacuri;MG;3B;ABNT_TR_15220-3-1_2024;-18.28;-42.67;571;21.8;68;4856;2.7;11.6;;
3163607;São José do Mantimento;MG;3A;ABNT_TR_15220-3-1_2024;-20.01;-41.75;372;21.3;77;4746;3.4;12.3;;
3163706;São Lourenço;MG;2M;ABNT_TR_15220-3-1_2024;-22.12;-45.05;871;19.4;78;4866;3.0;12.4;;
3163805;São Miguel do Anta;MG;2M;ABNT_TR_15220-3-1_2024;-20.71;-42.72;663;20.8;81;4752;3.9;11.6;;
3163904;São Pedro da União;MG;2M;ABNT_TR_15220-3-1_2024;-21.13;-46.61;995;20.1;69;4914;3.5;11.1;;
3164001;São Pedro dos Ferros;MG;3A;ABNT_TR_15220-3-1_2024;-20.17;-42.53;374;21.9;77;4893;4.0;11.8;;
3164100;São Pedro do Suaçuí;MG;3B;ABNT_TR_15220-3-1_2024;-18.36;-42.60;472;22.2;68;4927;2.9;11.6;;
3164209;São Romão;MG;4B;ABNT_TR_15220-3-1_2024;-16.36;-45.07;490;25.0;66;5626;1.3;15.0;;
3164308;São Roque de Minas;MG;2M;ABNT_TR_15220-3-1_2024;-20.25;-46.36;816;20.7;68;4978;2.8;12.3;;
3164407;São Sebastião da Bela Vista;MG;2M;ABNT_TR_15220-3-1_2024;-22.16;-45.75;843;19.6;79;4835;2.5;11.9;;
3164431;São Sebastião da Vargem Alegre;MG;3B;ABNT_TR_15220-3-1_2024;-19.75;-43.37;686;21.1;68;4811;2.7;11.7;;
3164472;São Sebastião do Anta;MG;3B;ABNT_TR_15220-3-1_2024;-19.51;-41.99;754;22.2;72;4683;3.6;11.5;;
3164506;São Sebastião do Maranhão;MG;3B;ABNT_TR_15220-3-1_2024;-18.09;-42.57;554;22.0;67;4921;2.6;11.6;;
3164605;São Sebastião do Oeste;MG;3B;ABNT_TR_15220-3-1_2024;-20.28;-45.01;770;21.4;68;5098;3.0;12.8;;
3164704;São Sebastião do Paraíso;MG;3B;ABNT_TR_15220-3-1_2024;-20.92;-46.98;981;21.1;69;5053;3.9;10.9;;
3164803;São Sebastião do Rio Preto;MG;3B;ABNT_TR_15220-3-1_2024;-19.30;-43.18;599;21.7;69;4891;2.7;12.2;;
3164902;São Sebastião do Rio Verde;MG;2M;ABNT_TR_15220-3-1_2024;-22.22;-44.98;883;20.4;77;4877;2.9;11.8;;
3165008;São Tiago;MG;2M;ABNT_TR_15220-3-1_2024;-20.91;-44.51;1072;19.5;74;4892;3.2;12.1;;
3165107;São Tomás de Aquino;MG;3B;ABNT_TR_15220-3-1_2024;-20.78;-47.10;956;21.1;68;5064;4.0;9.5;;
3165206;São Tomé das Letras;MG;2M;ABNT_TR_15220-3-1_2024;-21.72;-44.98;1269;19.4;76;4822;3.4;12.3;São Thomé das Letras;grafia divergente na ABNT
3165305;São Vicente de Minas;MG;2M;ABNT_TR_15220-3-1_2024;-21.70;-44.44;989;19.0;76;4736;3.3;11.4;;
3165404;Sapucaí-Mirim;MG;1M;ABNT_TR_15220-3-1_2024;-22.74;-45.74;923;17.9;83;4725;3.2;10.8;;
3165503;Sardoá;MG;3B;ABNT_TR_15220-3-1_2024;-18.78;-42.36;672;21.8;66;4673;2.6;11.6;;
3165537;Sarzedo;MG;2M;ABNT_TR_15220-3-1_2024;-20.04;-44.14;802;20.5;67;5140;3.9;12.5;;
3165552;Setubinha;MG;2M;ABNT_TR_15220-3-1_2024;-17.60;-42.16;710;20.5;65;4914;3.5;11.6;;
3165560;Sem-Peixe;MG;3A;ABNT_TR_15220-3-1_2024;-20.10;-42.85;415;22.5;75;4718;2.7;11.8;;
3165578;Senador Amaral;MG;1M;ABNT_TR_15220-3-1_2024;-22.59;-46.18;1478;17.6;85;4657;3.6;10.5;;
3165602;Senador Cortes;MG;2M;ABNT_TR_15220-3-1_2024;-21.80;-42.94;613;20.7;81;4619;3.1;11.1;;
3165701;Senador Firmino;MG;2M;ABNT_TR_15220-3-1_2024;-20.92;-43.09;807;20.4;80;4670;3.6;11.5;;
3165800;Senador José Bento;MG;2M;ABNT_TR_15220-3-1_2024;-22.16;-46.18;877;19.4;76;4731;2.9;11.3;;
3165909;Senador Modestino Gonçalves;MG;3B;ABNT_TR_15220-3-1_2024;-17.95;-43.22;805;21.8;65;5061;3.2;11.5;;
3166006;Senhora de Oliveira;MG;2M;ABNT_TR_15220-3-1_2024;-20.80;-43.34;757;20.4;77;4687;3.4;11.5;;
3166105;Senhora do Porto;MG;3B;ABNT_TR_15220-3-1_2024;-18.89;-43.08;710;21.2;68;4772;2.2;12.1;;
3166204;Senhora dos Remédios;MG;2M;ABNT_TR_15220-3-1_2024;-21.04;-43.58;817;19.6;73;4676;3.3;10.8;;
3166303;Sericita;MG;2M;ABNT_TR_15220-3-1_2024;-20.47;-42.48;699;19.8;78;4699;4.0;12.0;;
3166402;Seritinga;MG;1M;ABNT_TR_15220-3-1_2024;-21.91;-44.52;1017;18.6;77;4756;3.3;12.3;;
3166501;Serra Azul de Minas;MG;2M;ABNT_TR_15220-3-1_2024;-18.36;-43.17;730;20.7;66;4906;2.4;11.2;;
3166600;Serra da Saudade;MG;3B;ABNT_TR_15220-3-1_2024;-19.44;-45.80;698;22.0;67;5231;3.0;12.8;;
3166709;Serra dos Aimorés;MG;4A;ABNT_TR_15220-3-1_2024;-17.79;-40.25;189;23.9;77;4783;2.8;9.0;;
3166808;Serra do Salitre;MG;2M;ABNT_TR_15220-3-1_2024;-19.11;-46.70;1152;20.8;70;5209;3.7;11.5;;
3166907;Serrania;MG;2M;ABNT_TR_15220-3-1_2024;-21.54;-46.04;886;20.7;72;4936;2.8;11.8;;
3166956;Serranópolis de Minas;MG;4B;ABNT_TR_15220-3-1_2024;-15.82;-42.87;625;23.7;65;5699;4.4;11.0;;
3167004;Serranos;MG;1M;ABNT_TR_15220-3-1_2024;-21.89;-44.51;970;18.6;77;4756;3.3;12.3;;
3167103;Serro;MG;2M;ABNT_TR_15220-3-1_2024;-18.60;-43.37;886;20.4;67;4877;2.3;12.1;;
3167202;Sete Lagoas;MG;3B;ABNT_TR_15220-3-1_2024;-19.46;-44.24;780;21.6;68;5224;3.7;12.3;;
3167301;Silveirânia;MG;3A;ABNT_TR_15220-3-1_2024;-21.16;-43.21;530;20.9;77;4601;3.0;11.5;;
3167400;Silvianópolis;MG;2M;ABNT_TR_15220-3-1_2024;-22.03;-45.84;854;20.1;77;4773;2.5;11.9;;
3167509;Simão Pereira;MG;3A;ABNT_TR_15220-3-1_2024;-21.96;-43.31;496;21.2;81;4598;3.1;10.9;;
3167608;Simonésia;MG;2M;ABNT_TR_15220-3-1_2024;-20.13;-42.01;720;20.2;78;4486;3.4;12.0;;
3167707;Sobrália;MG;4A;ABNT_TR_15220-3-1_2024;-19.23;-42.10;271;23.8;70;4868;3.5;11.5;;
3167806;Soledade de Minas;MG;2M;ABNT_TR_15220-3-1_2024;-22.06;-45.05;870;19.6;78;4866;3.0;12.4;;
3167905;Tabuleiro;MG;3A;ABNT_TR_15220-3-1_2024;-21.36;-43.24;484;21.3;78;4621;3.0;11.5;;
3168002;Taiobeiras;MG;3B;ABNT_TR_15220-3-1_2024;-15.81;-42.23;819;22.9;66;5190;3.8;10.7;;
3168051;Taparuba;MG;3A;ABNT_TR_15220-3-1_2024;-19.76;-41.61;246;22.7;76;4838;3.0;11.5;;
3168101;Tapira;MG;2M;ABNT_TR_15220-3-1_2024;-19.92;-46.83;1124;19.8;67;5044;4.1;11.1;;
3168200;Tapiraí;MG;3B;ABNT_TR_15220-3-1_2024;-19.89;-46.02;684;22.1;67;5135;2.9;12.3;;
3168309;Taquaraçu de Minas;MG;2M;ABNT_TR_15220-3-1_2024;-19.67;-43.69;721;20.6;67;5183;3.6;11.3;;
3168408;Tarumirim;MG;4A;ABNT_TR_15220-3-1_2024;-19.28;-42.01;290;23.7;71;4775;3.5;11.5;;
3168507;Teixeiras;MG;2M;ABNT_TR_15220-3-1_2024;-20.66;-42.86;675;20.5;81;4703;3.9;11.6;;
3168606;Teófilo Otoni;MG;4A;ABNT_TR_15220-3-1_2024;-17.86;-41.51;329;23.0;70;4869;3.0;11.5;;
3168705;Timóteo;MG;3B;ABNT_TR_15220-3-1_2024;-19.58;-42.65;303;22.5;71;4870;0.9;8.7;;
3168804;Tiradentes;MG;2M;ABNT_TR_15220-3-1_2024;-21.11;-44.17;901;19.6;73;4791;3.4;11.5;;
3168903;Tiros;MG;3B;ABNT_TR_15220-3-1_2024;-19.00;-45.96;1027;21.8;66;5244;3.4;12.8;;
3169000;Tocantins;MG;3A;ABNT_TR_15220-3-1_2024;-21.18;-43.01;344;22.2;78;4691;2.9;11.5;;
3169059;Tocos do Moji;MG;1M;ABNT_TR_15220-3-1_2024;-22.37;-46.10;1046;18.5;80;4771;2.9;11.3;;
3169109;Toledo;MG;1M;ABNT_TR_15220-3-1_2024;-22.74;-46.37;1112;18.4;81;4752;4.1;10.5;;
3169208;Tombos;MG;3A;ABNT_TR_15220-3-1_2024;-20.91;-42.02;371;21.8;76;4861;3.0;12.2;;
3169307;Três Corações;MG;2M;ABNT_TR_15220-3-1_2024;-21.69;-45.25;916;20.3;73;4839;3.1;12.7;;
3169356;Três Marias;MG;4B;ABNT_TR_15220-3-1_2024;-18.20;-45.25;540;23.9;63;5492;3.3;12.4;;
3169406;Três Pontas;MG;2M;ABNT_TR_15220-3-1_2024;-21.37;-45.51;906;20.5;72;4891;3.4;12.4;;
3169505;Tumiritinga;MG;4B;ABNT_TR_15220-3-1_2024;-18.98;-41.65;223;24.7;70;4960;3.1;11.5;;
3169604;Tupaciguara;MG;3B;ABNT_TR_15220-3-1_2024;-18.59;-48.70;886;22.8;65;5274;3.6;12.0;;
3169703;Turmalina;MG;3B;ABNT_TR_15220-3-1_2024;-17.28;-42.73;783;22.7;63;5125;3.0;11.7;;
3169802;Turvolândia;MG;2M;ABNT_TR_15220-3-1_2024;-21.87;-45.79;839;20.3;75;4842;2.5;12.5;;
3169901;Ubá;MG;3A;ABNT_TR_15220-3-1_2024;-21.12;-42.94;339;22.3;79;4716;3.1;11.5;;
3170008;Ubaí;MG;5B;ABNT_TR_15220-3-1_2024;-16.29;-44.78;590;25.1;62;5661;3.9;11.9;;
3170057;Ubaporanga;MG;3A;ABNT_TR_15220-3-1_2024;-19.64;-42.11;527;21.9;74;4738;4.1;11.2;;
3170107;Uberaba;MG;4B;ABNT_TR_15220-3-1_2024;-19.75;-47.94;747;23.3;64;5401;3.2;9.7;;
3170206;Uberlândia;MG;3B;ABNT_TR_15220-3-1_2024;-18.91;-48.27;872;22.5;66;5238;3.8;11.6;;
3170305;Umburatiba;MG;4A;ABNT_TR_15220-3-1_2024;-17.25;-40.58;278;24.0;75;4966;3.4;10.4;;
3170404;Unaí;MG;4B;ABNT_TR_15220-3-1_2024;-16.36;-46.90;587;23.9;64;5512;2.5;11.3;;
3170438;União de Minas;MG;4B;ABNT_TR_15220-3-1_2024;-19.53;-50.34;514;24.9;64;5236;3.5;12.5;;
3170479;Uruana de Minas;MG;4B;ABNT_TR_15220-3-1_2024;-16.06;-46.24;540;24.5;63;5591;2.8;11.4;;
3170503;Urucânia;MG;3A;ABNT_TR_15220-3-1_2024;-20.35;-42.74;499;22.1;78;4811;3.6;11.8;;
3170529;Urucuia;MG;5B;ABNT_TR_15220-3-1_2024;-16.12;-45.74;506;25.4;63;5672;3.0;11.6;;
3170578;Vargem Alegre;MG;3B;ABNT_TR_15220-3-1_2024;-19.60;-42.29;282;22.6;73;4746;3.8;11.2;;
3170602;Vargem Bonita;MG;2M;ABNT_TR_15220-3-1_2024;-20.33;-46.37;772;20.5;68;4936;2.9;12.3;;
3170651;Vargem Grande do Rio Pardo;MG;3B;ABNT_TR_15220-3-1_2024;-15.40;-42.31;822;21.7;67;5248;4.2;10.5;;
3170701;Varginha;MG;2M;ABNT_TR_15220-3-1_2024;-21.56;-45.44;921;20.3;69;5170;1.8;11.4;;
3170750;Varjão de Minas;MG;3B;ABNT_TR_15220-3-1_2024;-18.37;-46.03;935;21.8;60;5383;3.5;12.0;;
3170800;Várzea da Palma;MG;4B;ABNT_TR_15220-3-1_2024;-17.59;-44.72;513;24.8;62;5591;3.9;12.1;;
3170909;Varzelândia;MG;4B;ABNT_TR_15220-3-1_2024;-15.70;-44.03;754;24.5;58;5741;3.7;11.7;;
3171006;Vazante;MG;4B;ABNT_TR_15220-3-1_2024;-17.98;-46.91;673;23.0;66;5388;3.0;11.9;;
3171030;Verdelândia;MG;5B;ABNT_TR_15220-3-1_2024;-15.58;-43.61;483;25.8;58;5742;4.0;11.6;;
3171071;Veredinha;MG;3B;ABNT_TR_15220-3-1_2024;-17.40;-42.73;772;22.5;64;5083;3.6;11.7;;
3171105;Veríssimo;MG;4B;ABNT_TR_15220-3-1_2024;-19.67;-48.31;666;23.6;65;5186;3.6;12.1;;
3171154;Vermelho Novo;MG;3A;ABNT_TR_15220-3-1_2024;-20.04;-42.27;622;21.6;78;4778;4.3;12.0;;
3171204;Vespasiano;MG;3B;ABNT_TR_15220-3-1_2024;-19.69;-43.92;682;21.7;67;5199;3.4;11.3;;
3171303;Viçosa;MG;2M;ABNT_TR_15220-3-1_2024;-20.76;-42.87;658;20.5;80;4856;0.8;10.8;;
3171402;Vieiras;MG;2M;ABNT_TR_15220-3-1_2024;-20.87;-42.24;780;20.5;76;4770;3.5;12.2;;
3171501;Mathias Lobato;MG;4B;ABNT_TR_15220-3-1_2024;-18.59;-41.92;257;24.6;68;4928;3.1;11.5;;
3171600;Virgem da Lapa;MG;4B;ABNT_TR_15220-3-1_2024;-16.81;-42.34;404;23.7;64;5119;3.1;11.5;;
3171709;Virgínia;MG;1M;ABNT_TR_15220-3-1_2024;-22.33;-45.10;920;18.4;78;4820;3.0;12.4;;
3171808;Virginópolis;MG;3B;ABNT_TR_15220-3-1_2024;-18.82;-42.70;811;21.2;68;4695;2.7;11.8;;
3171907;Virgolândia;MG;3B;ABNT_TR_15220-3-1_2024;-18.47;-42.31;411;22.5;68;4857;3.0;11.7;;
3172004;Visconde do Rio Branco;MG;3A;ABNT_TR_15220-3-1_2024;-21.01;-42.84;379;22.2;79;4795;3.4;11.5;;
3172103;Volta Grande;MG;3A;ABNT_TR_15220-3-1_2024;-21.77;-42.54;216;22.3;80;4727;2.5;11.1;;
3172202;Wenceslau Braz;MG;1M;ABNT_TR_15220-3-1_2024;-22.54;-45.36;984;18.7;82;4805;3.4;11.0;;
3200102;Afonso Cláudio;ES;2M;ABNT_TR_15220-3-1_2024;-20.08;-41.13;379;20.7;78;4753;3.6;11.4;;
3200136;Águia Branca;ES;4A;ABNT_TR_15220-3-1_2024;-18.98;-40.74;144;23.5;73;4799;3.1;10.9;;
3200169;Água Doce do Norte;ES;3B;ABNT_TR_15220-3-1_2024;-18.55;-40.99;205;22.3;71;4767;3.2;10.9;;
3200201;Alegre;ES;4A;ABNT_TR_15220-3-1_2024;-20.76;-41.54;265;23.6;73;4831;1.4;11.2;;
3200300;Alfredo Chaves;ES;4A;ABNT_TR_15220-3-1_2024;-20.64;-40.75;118;23.5;75;5099;2.0;8.7;;
3200359;Alto Rio Novo;ES;3B;ABNT_TR_15220-3-1_2024;-19.06;-41.02;528;22.8;69;4816;4.0;11.5;;
3200409;Anchieta;ES;4A;ABNT_TR_15220-3-1_2024;-20.80;-40.64;21;23.8;76;5018;4.1;9.4;;
3200508;Apiacá;ES;4A;ABNT_TR_15220-3-1_2024;-21.15;-41.57;96;22.9;76;4909;3.4;10.8;;
3200607;Aracruz;ES;4A;ABNT_TR_15220-3-1_2024;-19.82;-40.28;66;23.5;79;4835;3.4;8.8;;
3200706;Atílio Vivácqua;ES;3A;ABNT_TR_15220-3-1_2024;-20.91;-41.20;75;22.4;76;4947;3.9;10.9;;
3200805;Baixo Guandu;ES;4A;ABNT_TR_15220-3-1_2024;-19.52;-41.01;73;23.9;77;4961;3.4;11.3;;
3200904;Barra de São Francisco;ES;4B;ABNT_TR_15220-3-1_2024;-18.75;-40.90;198;23.0;70;4846;3.4;10.9;;
3201001;Boa Esperança;ES;4A;ABNT_TR_15220-3-1_2024;-18.54;-40.30;138;24.1;77;4820;3.3;10.2;;
3201100;Bom Jesus do Norte;ES;3A;ABNT_TR_15220-3-1_2024;-21.12;-41.67;188;22.7;76;4870;3.1;10.8;;
3201159;Brejetuba;ES;2M;ABNT_TR_15220-3-1_2024;-20.14;-41.30;882;20.2;76;4625;3.8;11.4;;
3201209;Cachoeiro de Itapemirim;ES;3A;ABNT_TR_15220-3-1_2024;-20.85;-41.12;28;22.8;76;5013;3.5;10.9;;
3201308;Cariacica;ES;4A;ABNT_TR_15220-3-1_2024;-20.26;-40.42;43;23.2;77;4783;3.5;7.6;;
3201407;Castelo;ES;3A;ABNT_TR_15220-3-1_2024;-20.60;-41.20;108;22.2;76;4896;3.2;10.9;;
3201506;Colatina;ES;4A;ABNT_TR_15220-3-1_2024;-19.55;-40.63;154;23.8;79;4849;3.8;10.3;;
3201605;Conceição da Barra;ES;4A;ABNT_TR_15220-3-1_2024;-18.59;-39.74;4;24.3;77;5130;3.8;9.5;;
3201704;Conceição do Castelo;ES;2M;ABNT_TR_15220-3-1_2024;-20.36;-41.24;628;20.1;75;4759;3.7;11.4;;
3201803;Divino de São Lourenço;ES;2M;ABNT_TR_15220-3-1_2024;-20.62;-41.69;870;19.6;73;4786;3.1;12.3;;
3201902;Domingos Martins;ES;2M;ABNT_TR_15220-3-1_2024;-20.36;-40.66;529;20.2;76;4673;3.7;10.1;;
3202009;Dores do Rio Preto;ES;2M;ABNT_TR_15220-3-1_2024;-20.69;-41.84;839;20.0;74;4800;3.2;12.3;;
3202108;Ecoporanga;ES;4A;ABNT_TR_15220-3-1_2024;-18.37;-40.84;226;23.3;73;4784;3.3;10.8;;
3202207;Fundão;ES;3A;ABNT_TR_15220-3-1_2024;-19.94;-40.41;57;22.7;82;4604;3.4;8.8;;
3202256;Governador Lindenberg;ES;4A;ABNT_TR_15220-3-1_2024;-19.19;-40.45;185;23.3;77;4761;3.6;9.8;;
3202306;Guaçuí;ES;2M;ABNT_TR_15220-3-1_2024;-20.77;-41.67;591;20.3;74;4800;3.1;12.3;;
3202405;Guarapari;ES;4A;ABNT_TR_15220-3-1_2024;-20.68;-40.51;13;23.3;76;4954;4.0;9.4;;
3202454;Ibatiba;ES;2M;ABNT_TR_15220-3-1_2024;-20.23;-41.51;746;20.2;75;4707;3.7;12.3;;
3202504;Ibiraçu;ES;3A;ABNT_TR_15220-3-1_2024;-19.84;-40.37;48;22.6;81;4746;3.4;8.8;;
3202553;Ibitirama;ES;1M;ABNT_TR_15220-3-1_2024;-20.55;-41.67;888;18.5;73;4742;3.3;12.3;;
3202603;Iconha;ES;3A;ABNT_TR_15220-3-1_2024;-20.79;-40.81;14;22.9;76;4676;4.0;9.4;;
3202652;Irupi;ES;2M;ABNT_TR_15220-3-1_2024;-20.35;-41.64;806;19.9;75;4715;3.4;12.3;;
3202702;Itaguaçu;ES;3A;ABNT_TR_15220-3-1_2024;-19.80;-40.86;141;22.5;80;4820;3.7;10.3;;
3202801;Itapemirim;ES;4A;ABNT_TR_15220-3-1_2024;-21.01;-40.83;5;23.8;76;5021;4.6;9.1;;
3202900;Itarana;ES;3A;ABNT_TR_15220-3-1_2024;-19.88;-40.88;154;21.8;81;4798;4.0;10.3;;
3203007;Iúna;ES;2M;ABNT_TR_15220-3-1_2024;-20.35;-41.53;660;20.3;75;4782;3.4;12.3;;
3203056;Jaguaré;ES;4A;ABNT_TR_15220-3-1_2024;-18.91;-40.08;74;24.0;77;4821;3.1;10.2;;
3203106;Jerônimo Monteiro;ES;3A;ABNT_TR_15220-3-1_2024;-20.80;-41.39;339;21.9;74;4950;3.5;10.9;;
3203130;João Neiva;ES;3A;ABNT_TR_15220-3-1_2024;-19.76;-40.39;60;22.6;80;4746;3.4;8.8;;
3203163;Laranja da Terra;ES;3A;ABNT_TR_15220-3-1_2024;-19.90;-41.06;272;22.5;79;4836;3.8;11.3;;
3203205;Linhares;ES;4A;ABNT_TR_15220-3-1_2024;-19.39;-40.06;31;24.4;78;4966;2.9;8.2;;
3203304;Mantenópolis;ES;3B;ABNT_TR_15220-3-1_2024;-18.86;-41.12;422;22.1;69;4787;4.3;11.3;;
3203320;Marataízes;ES;4A;ABNT_TR_15220-3-1_2024;-21.04;-40.84;25;23.8;76;5021;4.6;9.1;;
3203346;Marechal Floriano;ES;2M;ABNT_TR_15220-3-1_2024;-20.42;-40.67;699;20.2;74;4673;3.8;10.1;;
3203353;Marilândia;ES;4A;ABNT_TR_15220-3-1_2024;-19.41;-40.55;100;23.0;78;4753;3.6;10.9;;
3203403;Mimoso do Sul;ES;3A;ABNT_TR_15220-3-1_2024;-21.06;-41.36;97;22.6;76;4834;3.4;10.0;;
3203502;Montanha;ES;4A;ABNT_TR_15220-3-1_2024;-18.13;-40.37;186;24.0;77;4903;3.4;10.1;;
3203601;Mucurici;ES;4A;ABNT_TR_15220-3-1_2024;-18.10;-40.52;224;23.9;77;4865;3.5;10.8;;
3203700;Muniz Freire;ES;2M;ABNT_TR_15220-3-1_2024;-20.47;-41.42;610;20.5;74;4866;3.8;11.4;;
3203809;Muqui;ES;3A;ABNT_TR_15220-3-1_2024;-20.95;-41.35;235;21.8;75;4792;3.4;10.9;;
3203908;Nova Venécia;ES;4A;ABNT_TR_15220-3-1_2024;-18.72;-40.41;68;24.0;75;4770;2.2;10.1;;
3204005;Pancas;ES;3A;ABNT_TR_15220-3-1_2024;-19.22;-40.85;115;22.5;74;4745;3.2;10.9;;
3204054;Pedro Canário;ES;4A;ABNT_TR_15220-3-1_2024;-18.30;-39.96;69;24.3;77;4897;3.6;9.2;;
3204104;Pinheiros;ES;4A;ABNT_TR_15220-3-1_2024;-18.41;-40.22;125;24.1;77;4861;3.3;10.1;;
3204203;Piúma;ES;4A;ABNT_TR_15220-3-1_2024;-20.83;-40.73;9;23.6;76;4868;4.1;9.4;;
3204252;Ponto Belo;ES;4A;ABNT_TR_15220-3-1_2024;-18.13;-40.55;249;23.9;77;4865;3.4;10.8;;
3204302;Presidente Kennedy;ES;4A;ABNT_TR_15220-3-1_2024;-21.10;-41.05;57;23.5;76;4952;4.7;10.0;;
3204351;Rio Bananal;ES;4A;ABNT_TR_15220-3-1_2024;-19.27;-40.34;187;23.6;77;4716;3.4;9.8;;
3204401;Rio Novo do Sul;ES;4A;ABNT_TR_15220-3-1_2024;-20.86;-40.94;195;23.4;76;4868;3.8;9.4;;
3204500;Santa Leopoldina;ES;3A;ABNT_TR_15220-3-1_2024;-20.10;-40.53;42;22.0;82;4591;3.2;10.1;;
3204559;Santa Maria de Jetibá;ES;2M;ABNT_TR_15220-3-1_2024;-20.03;-40.74;706;20.3;83;4619;3.9;10.1;;
3204609;Santa Teresa;ES;2M;ABNT_TR_15220-3-1_2024;-19.94;-40.60;683;19.1;81;4797;1.8;7.4;;
3204658;São Domingos do Norte;ES;4A;ABNT_TR_15220-3-1_2024;-19.15;-40.63;191;23.6;76;4806;3.5;10.9;;
3204708;São Gabriel da Palha;ES;4A;ABNT_TR_15220-3-1_2024;-19.02;-40.54;112;23.7;76;4803;3.2;10.9;;
3204807;São José do Calçado;ES;3A;ABNT_TR_15220-3-1_2024;-21.03;-41.66;302;21.7;75;4794;3.6;10.8;;
3204906;São Mateus;ES;4A;ABNT_TR_15220-3-1_2024;-18.72;-39.86;37;24.0;77;4997;3.8;9.5;;
3204955;São Roque do Canaã;ES;4A;ABNT_TR_15220-3-1_2024;-19.74;-40.65;141;23.3;81;4810;4.2;10.3;;
3205002;Serra;ES;4A;ABNT_TR_15220-3-1_2024;-20.12;-40.31;37;23.6;77;4903;3.5;7.6;;
3205010;Sooretama;ES;4A;ABNT_TR_15220-3-1_2024;-19.19;-40.10;61;24.0;78;4821;3.4;9.8;;
3205036;Vargem Alta;ES;3A;ABNT_TR_15220-3-1_2024;-20.67;-41.02;751;21.0;73;4822;4.0;10.9;;
3205069;Venda Nova do Imigrante;ES;2M;ABNT_TR_15220-3-1_2024;-20.33;-41.14;731;19.1;75;4684;4.1;11.4;;
3205101;Viana;ES;3A;ABNT_TR_15220-3-1_2024;-20.38;-40.49;97;22.9;77;4866;3.8;7.6;;
3205150;Vila Pavão;ES;4A;ABNT_TR_15220-3-1_2024;-18.61;-40.61;193;23.8;76;4795;3.1;10.9;;
3205176;Vila Valério;ES;4A;ABNT_TR_15220-3-1_2024;-19.00;-40.38;103;23.8;77;4787;3.3;10.2;;
3205200;Vila Velha;ES;4A;ABNT_TR_15220-3-1_2024;-20.34;-40.29;14;23.5;76;5026;3.7;7.6;;
3205309;Vitória;ES;4A;ABNT_TR_15220-3-1_2024;-20.32;-40.31;1;24.8;77;5123;3.8;8.0;;
3300100;Angra dos Reis;RJ;2M;ABNT_TR_15220-3-1_2024;-23.00;-44.32;160;20.8;78;4334;2.6;10.0;;
3300159;Aperibé;RJ;4A;ABNT_TR_15220-3-1_2024;-21.63;-42.10;66;23.5;77;4863;2.7;10.6;;
3300209;Araruama;RJ;4A;ABNT_TR_15220-3-1_2024;-22.87;-42.33;26;23.3;80;4860;3.9;7.3;;
3300225;Areal;RJ;3A;ABNT_TR_15220-3-1_2024;-22.23;-43.11;529;21.1;83;4754;3.5;10.0;;
3300233;Armação dos Búzios;RJ;4A;ABNT_TR_15220-3-1_2024;-22.75;-41.88;12;23.3;79;5064;4.1;7.3;;
3300258;Arraial do Cabo;RJ;4A;ABNT_TR_15220-3-1_2024;-22.98;-42.03;12;23.3;79;5023;4.2;7.3;;
3300308;Barra do Piraí;RJ;3A;ABNT_TR_15220-3-1_2024;-22.47;-43.83;369;21.5;78;4653;3.5;11.0;;
3300407;Barra Mansa;RJ;2M;ABNT_TR_15220-3-1_2024;-22.55;-44.18;427;20.9;77;4652;2.7;10.5;;
3300456;Belford Roxo;RJ;4A;ABNT_TR_15220-3-1_2024;-22.76;-43.40;40;23.1;78;4615;2.7;8.4;;
3300506;Bom Jardim;RJ;2M;ABNT_TR_15220-3-1_2024;-22.15;-42.43;740;20.0;84;4546;3.3;10.1;;
3300605;Bom Jesus do Itabapoana;RJ;3A;ABNT_TR_15220-3-1_2024;-21.14;-41.68;92;22.7;76;4870;3.3;10.8;;
3300704;Cabo Frio;RJ;4A;ABNT_TR_15220-3-1_2024;-22.89;-42.03;10;23.3;79;4921;3.9;7.3;;
3300803;Cachoeiras de Macacu;RJ;3A;ABNT_TR_15220-3-1_2024;-22.47;-42.65;50;22.0;83;4569;2.7;10.1;;
3300902;Cambuci;RJ;4A;ABNT_TR_15220-3-1_2024;-21.57;-41.92;45;24.1;75;4739;1.1;10.4;;
3300936;Carapebus;RJ;4A;ABNT_TR_15220-3-1_2024;-22.18;-41.66;12;23.2;79;4865;4.1;8.5;;
3300951;Comendador Levy Gasparian;RJ;3A;ABNT_TR_15220-3-1_2024;-22.04;-43.21;458;21.4;81;4597;3.1;10.0;;
3301009;Campos dos Goytacazes;RJ;4A;ABNT_TR_15220-3-1_2024;-21.76;-41.32;11;24.0;74;5149;3.0;9.5;;
3301108;Cantagalo;RJ;2M;ABNT_TR_15220-3-1_2024;-21.98;-42.37;423;20.4;82;4668;3.0;10.6;;
3301157;Cardoso Moreira;RJ;4A;ABNT_TR_15220-3-1_2024;-21.48;-41.62;90;23.7;76;4917;3.4;10.8;;
3301207;Carmo;RJ;3A;ABNT_TR_15220-3-1_2024;-21.93;-42.60;310;21.6;82;4784;2.8;11.1;;
3301306;Casimiro de Abreu;RJ;3A;ABNT_TR_15220-3-1_2024;-22.48;-42.21;49;22.7;81;4574;3.4;10.1;;
3301405;Conceição de Macabu;RJ;3A;ABNT_TR_15220-3-1_2024;-22.08;-41.87;65;22.4;79;4649;3.6;8.5;;
3301504;Cordeiro;RJ;2M;ABNT_TR_15220-3-1_2024;-22.03;-42.36;520;20.4;83;4668;3.0;10.1;;
3301603;Duas Barras;RJ;2M;ABNT_TR_15220-3-1_2024;-22.05;-42.52;599;20.3;84;4596;2.9;10.1;;
3301702;Duque de Caxias;RJ;3A;ABNT_TR_15220-3-1_2024;-22.79;-43.30;26;22.5;80;4595;0.9;10.2;;
3301801;Engenheiro Paulo de Frontin;RJ;3A;ABNT_TR_15220-3-1_2024;-22.55;-43.68;413;21.5;79;4681;3.2;10.2;;
3301850;Guapimirim;RJ;2M;ABNT_TR_15220-3-1_2024;-22.53;-42.99;44;20.7;84;4319;2.4;7.8;;
3301876;Iguaba Grande;RJ;3A;ABNT_TR_15220-3-1_2024;-22.85;-42.23;7;22.9;80;4860;4.2;7.3;;
3301900;Itaboraí;RJ;3A;ABNT_TR_15220-3-1_2024;-22.76;-42.86;18;22.9;80;4785;3.3;7.8;;
3302007;Itaguaí;RJ;4A;ABNT_TR_15220-3-1_2024;-22.86;-43.78;28;23.0;78;4688;3.6;10.2;;
3302056;Italva;RJ;4A;ABNT_TR_15220-3-1_2024;-21.43;-41.70;49;23.3;77;4931;3.3;10.8;;
3302106;Itaocara;RJ;4A;ABNT_TR_15220-3-1_2024;-21.67;-42.08;118;23.8;77;4934;2.7;10.6;;
3302205;Itaperuna;RJ;4A;ABNT_TR_15220-3-1_2024;-21.20;-41.88;197;23.2;77;4954;2.8;10.8;;
3302254;Itatiaia;RJ;2M;ABNT_TR_15220-3-1_2024;-22.49;-44.57;408;20.8;77;4436;2.3;11.8;;
3302270;Japeri;RJ;3A;ABNT_TR_15220-3-1_2024;-22.64;-43.66;53;22.2;78;4614;2.7;10.2;;
3302304;Laje do Muriaé;RJ;3A;ABNT_TR_15220-3-1_2024;-21.21;-42.13;216;22.8;77;4906;2.7;11.2;;
3302403;Macaé;RJ;4A;ABNT_TR_15220-3-1_2024;-22.38;-41.78;8;23.9;81;4981;2.7;9.0;;
3302452;Macuco;RJ;3A;ABNT_TR_15220-3-1_2024;-21.98;-42.25;267;21.3;80;4736;3.7;10.6;;
3302502;Magé;RJ;4A;ABNT_TR_15220-3-1_2024;-22.66;-43.03;9;23.2;81;4655;2.5;8.4;;
3302601;Mangaratiba;RJ;3A;ABNT_TR_15220-3-1_2024;-22.96;-44.04;37;21.5;78;4399;3.8;10.5;;
3302700;Maricá;RJ;4A;ABNT_TR_15220-3-1_2024;-22.94;-42.82;3;23.4;79;4785;3.2;7.8;;
3302809;Mendes;RJ;3A;ABNT_TR_15220-3-1_2024;-22.52;-43.73;458;21.5;79;4698;3.2;10.2;;
3302858;Mesquita;RJ;3A;ABNT_TR_15220-3-1_2024;-22.80;-43.46;557;22.9;79;4615;2.7;8.4;;
3302908;Miguel Pereira;RJ;2M;ABNT_TR_15220-3-1_2024;-22.46;-43.48;684;20.8;81;4691;3.3;10.0;;
3303005;Miracema;RJ;4A;ABNT_TR_15220-3-1_2024;-21.41;-42.19;148;23.1;77;4797;2.6;11.2;;
3303104;Natividade;RJ;3A;ABNT_TR_15220-3-1_2024;-21.04;-41.97;409;22.5;76;4917;2.8;10.8;;
3303203;Nilópolis;RJ;4A;ABNT_TR_15220-3-1_2024;-22.81;-43.42;17;23.1;79;4615;2.7;8.4;;
3303302;Niterói;RJ;4A;ABNT_TR_15220-3-1_2024;-22.88;-43.10;17;23.4;80;4785;2.7;8.4;;
3303401;Nova Friburgo;RJ;1M;ABNT_TR_15220-3-1_2024;-22.29;-42.54;857;17.5;84;4867;2.0;9.9;;
3303500;Nova Iguaçu;RJ;3A;ABNT_TR_15220-3-1_2024;-22.76;-43.46;20;22.9;79;4615;2.4;8.4;;
3303609;Paracambi;RJ;3A;ABNT_TR_15220-3-1_2024;-22.61;-43.71;80;22.2;78;4641;3.1;10.2;;
3303708;Paraíba do Sul;RJ;3A;ABNT_TR_15220-3-1_2024;-22.16;-43.30;346;21.6;81;4711;3.2;10.0;;
3303807;Paraty;RJ;3A;ABNT_TR_15220-3-1_2024;-23.22;-44.72;6;22.7;82;4844;1.5;7.6;;
3303856;Paty do Alferes;RJ;2M;ABNT_TR_15220-3-1_2024;-22.43;-43.43;592;20.0;81;4757;3.3;10.0;;
3303906;Petrópolis;RJ;2M;ABNT_TR_15220-3-1_2024;-22.52;-43.19;858;19.8;82;4508;2.7;8.4;;
3303955;Pinheiral;RJ;3A;ABNT_TR_15220-3-1_2024;-22.52;-44.00;402;21.4;78;4671;2.7;10.5;;
3304003;Piraí;RJ;3A;ABNT_TR_15220-3-1_2024;-22.62;-43.91;388;21.6;78;4650;3.1;10.2;;
3304102;Porciúncula;RJ;3A;ABNT_TR_15220-3-1_2024;-20.96;-42.05;246;22.5;77;4897;3.0;12.2;;
3304110;Porto Real;RJ;2M;ABNT_TR_15220-3-1_2024;-22.42;-44.30;395;20.5;77;4600;2.3;11.5;;
3304128;Quatis;RJ;2M;ABNT_TR_15220-3-1_2024;-22.40;-44.26;409;20.5;77;4600;2.5;11.5;;
3304144;Queimados;RJ;4A;ABNT_TR_15220-3-1_2024;-22.71;-43.55;65;23.1;79;4659;2.5;10.2;;
3304151;Quissamã;RJ;4A;ABNT_TR_15220-3-1_2024;-22.10;-41.47;9;23.8;78;4939;4.2;9.0;;
3304201;Resende;RJ;3A;ABNT_TR_15220-3-1_2024;-22.47;-44.45;406;21.7;74;4711;1.9;10.5;;
3304300;Rio Bonito;RJ;3A;ABNT_TR_15220-3-1_2024;-22.72;-42.63;95;22.0;81;4721;3.2;7.8;;
3304409;Rio Claro;RJ;3A;ABNT_TR_15220-3-1_2024;-22.72;-44.14;529;21.0;77;4608;2.7;10.5;;
3304508;Rio das Flores;RJ;3A;ABNT_TR_15220-3-1_2024;-22.17;-43.59;531;21.2;80;4633;3.4;11.0;;
3304524;Rio das Ostras;RJ;4A;ABNT_TR_15220-3-1_2024;-22.52;-41.95;13;23.2;79;4784;3.6;8.5;;
3304557;Rio de Janeiro;RJ;4A;ABNT_TR_15220-3-1_2024;-22.91;-43.20;11;24.4;75;4686;3.0;8.4;;
3304607;Santa Maria Madalena;RJ;3A;ABNT_TR_15220-3-1_2024;-21.95;-42.01;601;21.1;78;4736;3.5;10.6;;
3304706;Santo Antônio de Pádua;RJ;4A;ABNT_TR_15220-3-1_2024;-21.54;-42.18;89;23.6;77;4848;2.6;10.6;;
3304755;São Francisco de Itabapoana;RJ;4A;ABNT_TR_15220-3-1_2024;-21.47;-41.11;16;24.0;77;4993;4.4;10.0;;
3304805;São Fidélis;RJ;3A;ABNT_TR_15220-3-1_2024;-21.66;-41.76;71;22.2;77;4876;3.6;10.0;;
3304904;São Gonçalo;RJ;4A;ABNT_TR_15220-3-1_2024;-22.83;-43.06;19;23.0;79;4750;2.8;8.4;;
3305000;São João da Barra;RJ;4A;ABNT_TR_15220-3-1_2024;-21.64;-41.04;3;24.2;77;5060;4.4;9.0;;
3305109;São João de Meriti;RJ;4A;ABNT_TR_15220-3-1_2024;-22.81;-43.37;12;23.1;78;4693;2.7;8.4;;
3305133;São José de Ubá;RJ;3A;ABNT_TR_15220-3-1_2024;-21.37;-41.95;202;22.6;76;4885;2.9;10.8;;
3305158;São José do Vale do Rio Preto;RJ;2M;ABNT_TR_15220-3-1_2024;-22.15;-42.93;700;19.5;83;4645;3.5;10.1;;
3305208;São Pedro da Aldeia;RJ;4A;ABNT_TR_15220-3-1_2024;-22.84;-42.10;15;23.1;79;4887;4.1;7.3;;
3305307;São Sebastião do Alto;RJ;3A;ABNT_TR_15220-3-1_2024;-21.96;-42.13;603;21.1;79;4779;3.9;10.6;;
3305406;Sapucaia;RJ;2M;ABNT_TR_15220-3-1_2024;-21.99;-42.91;217;20.8;81;4708;2.8;11.1;;
3305505;Saquarema;RJ;4A;ABNT_TR_15220-3-1_2024;-22.93;-42.51;12;23.3;80;4764;3.4;7.8;;
3305554;Seropédica;RJ;4A;ABNT_TR_15220-3-1_2024;-22.75;-43.72;47;23.4;78;4674;3.1;10.2;;
3305604;Silva Jardim;RJ;3A;ABNT_TR_15220-3-1_2024;-22.66;-42.40;13;22.8;81;4760;3.8;7.3;;
3305703;Sumidouro;RJ;2M;ABNT_TR_15220-3-1_2024;-22.05;-42.68;359;20.9;83;4756;2.8;10.1;;
3305752;Tanguá;RJ;3A;ABNT_TR_15220-3-1_2024;-22.74;-42.72;41;22.1;81;4741;3.2;7.8;;
3305802;Teresópolis;RJ;2M;ABNT_TR_15220-3-1_2024;-22.42;-42.98;895;18.8;83;4704;0.8;7.7;;
3305901;Trajano de Moraes;RJ;2M;ABNT_TR_15220-3-1_2024;-22.06;-42.06;675;20.1;79;4594;3.8;10.1;;
3306008;Três Rios;RJ;3A;ABNT_TR_15220-3-1_2024;-22.12;-43.22;350;21.7;81;4660;3.2;10.0;;
3306107;Valença;RJ;3A;ABNT_TR_15220-3-1_2024;-22.24;-43.71;561;21.0;79;4671;3.3;11.0;;
3306156;Varre-Sai;RJ;3A;ABNT_TR_15220-3-1_2024;-20.93;-41.87;664;21.3;75;4770;3.6;12.3;;
3306206;Vassouras;RJ;3A;ABNT_TR_15220-3-1_2024;-22.41;-43.67;420;21.1;79;4694;3.5;11.0;;
3306305;Volta Redonda;RJ;3A;ABNT_TR_15220-3-1_2024;-22.52;-44.10;438;21.2;77;4652;2.7;10.5;;
3500105;Adamantina;SP;4B;ABNT_TR_15220-3-1_2024;-21.68;-51.07;465;23.9;66;5125;3.9;11.6;;
3500204;Adolfo;SP;4B;ABNT_TR_15220-3-1_2024;-21.23;-49.65;437;24.2;65;5115;3.7;12.2;;
3500303;Aguaí;SP;3B;ABNT_TR_15220-3-1_2024;-22.06;-46.97;668;21.8;68;5001;3.7;11.0;;
3500402;Águas da Prata;SP;2M;ABNT_TR_15220-3-1_2024;-21.93;-46.72;896;19.6;69;4893;4.2;11.2;;
3500501;Águas de Lindóia;SP;2M;ABNT_TR_15220-3-1_2024;-22.47;-46.63;885;20.6;70;4931;3.9;11.0;;
3500550;Águas de Santa Bárbara;SP;3B;ABNT_TR_15220-3-1_2024;-22.88;-49.24;551;21.2;70;4893;4.4;11.8;;
3500600;Águas de São Pedro;SP;3B;ABNT_TR_15220-3-1_2024;-22.60;-47.87;494;22.2;68;4824;3.5;10.4;;
3500709;Agudos;SP;3B;ABNT_TR_15220-3-1_2024;-22.47;-48.99;590;21.9;69;4929;3.9;11.4;;
3500758;Alambari;SP;2M;ABNT_TR_15220-3-1_2024;-23.55;-47.90;586;20.0;80;4762;3.8;9.8;;
3500808;Alfredo Marcondes;SP;4B;ABNT_TR_15220-3-1_2024;-21.95;-51.41;421;23.7;65;5144;4.2;11.6;;
3500907;Altair;SP;4B;ABNT_TR_15220-3-1_2024;-20.52;-49.06;559;24.2;65;5178;3.6;12.2;;
3501004;Altinópolis;SP;3B;ABNT_TR_15220-3-1_2024;-21.02;-47.37;926;21.8;68;5034;4.1;11.0;;
3501103;Alto Alegre;SP;4B;ABNT_TR_15220-3-1_2024;-21.58;-50.17;504;23.7;65;5097;3.9;12.1;;
3501152;Alumínio;SP;2M;ABNT_TR_15220-3-1_2024;-23.53;-47.25;772;20.1;71;4768;4.3;9.5;;
3501202;Álvares Florence;SP;4B;ABNT_TR_15220-3-1_2024;-20.32;-49.91;444;24.2;64;5194;3.6;12.4;;
3501301;Álvares Machado;SP;4B;ABNT_TR_15220-3-1_2024;-22.08;-51.47;472;23.6;65;5119;4.0;11.3;;
3501400;Álvaro de Carvalho;SP;4B;ABNT_TR_15220-3-1_2024;-22.08;-49.72;625;22.9;66;5036;4.1;12.1;;
3501509;Alvinlândia;SP;3B;ABNT_TR_15220-3-1_2024;-22.44;-49.76;658;22.3;69;4964;4.2;12.1;;
3501608;Americana;SP;3B;ABNT_TR_15220-3-1_2024;-22.74;-47.33;562;21.9;67;4913;3.8;10.3;;
3501707;Américo Brasiliense;SP;3B;ABNT_TR_15220-3-1_2024;-21.73;-48.11;694;22.5;67;5027;3.9;11.1;;
3501806;Américo de Campos;SP;4B;ABNT_TR_15220-3-1_2024;-20.30;-49.74;471;24.5;65;5184;3.5;12.4;;
3501905;Amparo;SP;2M;ABNT_TR_15220-3-1_2024;-22.71;-46.77;669;20.6;69;4924;4.1;10.3;;
3502002;Analândia;SP;3B;ABNT_TR_15220-3-1_2024;-22.13;-47.66;670;21.1;70;4938;3.7;10.4;;
3502101;Andradina;SP;4B;ABNT_TR_15220-3-1_2024;-20.89;-51.38;408;24.7;65;5172;3.8;12.1;;
3502200;Angatuba;SP;2M;ABNT_TR_15220-3-1_2024;-23.49;-48.41;635;20.2;80;4694;4.0;10.6;;
3502309;Anhembi;SP;3B;ABNT_TR_15220-3-1_2024;-22.79;-48.13;496;21.9;69;4941;3.7;10.8;;
3502408;Anhumas;SP;4B;ABNT_TR_15220-3-1_2024;-22.29;-51.39;459;23.3;65;5090;4.2;11.3;;
3502507;Aparecida;SP;2M;ABNT_TR_15220-3-1_2024;-22.85;-45.23;550;20.8;80;4628;2.5;11.0;;
3502606;Aparecida d'Oeste;SP;4B;ABNT_TR_15220-3-1_2024;-20.45;-50.88;416;24.9;63;5202;3.6;12.5;;
3502705;Apiaí;SP;1M;ABNT_TR_15220-3-1_2024;-24.51;-48.84;902;18.0;79;4189;2.5;9.7;;
3502754;Araçariguama;SP;2M;ABNT_TR_15220-3-1_2024;-23.44;-47.06;712;19.7;72;4707;4.1;9.9;;
3502804;Araçatuba;SP;4B;ABNT_TR_15220-3-1_2024;-21.21;-50.44;405;24.3;66;5159;3.7;12.2;;
3502903;Araçoiaba da Serra;SP;2M;ABNT_TR_15220-3-1_2024;-23.50;-47.62;616;20.6;74;4756;3.8;9.8;;
3503000;Aramina;SP;4B;ABNT_TR_15220-3-1_2024;-20.09;-47.79;618;23.8;65;5202;4.2;10.7;;
3503109;Arandu;SP;2M;ABNT_TR_15220-3-1_2024;-23.14;-49.05;624;20.6;71;4826;4.0;11.7;;
3503158;Arapeí;SP;2M;ABNT_TR_15220-3-1_2024;-22.67;-44.44;498;19.1;77;4591;2.7;10.5;;
3503208;Araraquara;SP;3B;ABNT_TR_15220-3-1_2024;-21.78;-48.18;681;22.5;67;5009;4.0;11.1;;
3503307;Araras;SP;3B;ABNT_TR_15220-3-1_2024;-22.36;-47.38;637;21.5;69;4941;3.7;10.8;;
3503356;Arco-Íris;SP;4B;ABNT_TR_15220-3-1_2024;-21.77;-50.47;428;23.6;67;5088;4.1;12.1;;
3503406;Arealva;SP;4B;ABNT_TR_15220-3-1_2024;-22.03;-48.91;433;23.3;67;5080;4.0;11.4;;
3503505;Areias;SP;3A;ABNT_TR_15220-3-1_2024;-22.58;-44.70;518;21.3;77;4704;2.8;10.9;;
3503604;Areiópolis;SP;3B;ABNT_TR_15220-3-1_2024;-22.67;-48.67;648;21.2;68;4968;4.3;11.2;;
3503703;Ariranha;SP;4B;ABNT_TR_15220-3-1_2024;-21.19;-48.79;579;23.2;68;5355;2.0;13.4;;
3503802;Artur Nogueira;SP;3B;ABNT_TR_15220-3-1_2024;-22.57;-47.17;645;21.9;68;4948;3.6;10.3;;
3503901;Arujá;SP;2M;ABNT_TR_15220-3-1_2024;-23.40;-46.32;792;19.4;75;4398;3.2;9.6;;
3503950;Aspásia;SP;4B;ABNT_TR_15220-3-1_2024;-20.16;-50.73;402;24.8;62;5208;3.5;12.5;;
3504008;Assis;SP;3B;ABNT_TR_15220-3-1_2024;-22.66;-50.42;580;22.4;69;4958;4.3;12.1;;
3504107;Atibaia;SP;2M;ABNT_TR_15220-3-1_2024;-23.12;-46.56;785;19.7;75;4782;3.6;9.7;;
3504206;Auriflama;SP;4B;ABNT_TR_15220-3-1_2024;-20.68;-50.56;451;24.5;64;5186;3.6;12.3;;
3504305;Avaí;SP;3B;ABNT_TR_15220-3-1_2024;-22.15;-49.34;459;22.8;69;4986;4.0;11.8;;
3504404;Avanhandava;SP;4B;ABNT_TR_15220-3-1_2024;-21.46;-49.95;442;23.7;65;5114;3.7;12.2;;
3504503;Avaré;SP;2M;ABNT_TR_15220-3-1_2024;-23.11;-48.93;789;20.5;71;4823;4.1;11.2;;
3504602;Bady Bassitt;SP;4B;ABNT_TR_15220-3-1_2024;-20.92;-49.44;520;23.7;66;5121;3.5;12.2;;
3504701;Balbinos;SP;4B;ABNT_TR_15220-3-1_2024;-21.90;-49.36;448;23.2;66;5071;4.1;12.0;;
3504800;Bálsamo;SP;4B;ABNT_TR_15220-3-1_2024;-20.73;-49.59;550;23.7;66;5152;3.5;12.3;;
3504909;Bananal;SP;2M;ABNT_TR_15220-3-1_2024;-22.68;-44.33;484;19.9;77;4622;2.8;10.5;;
3505005;Barão de Antonina;SP;3B;ABNT_TR_15220-3-1_2024;-23.63;-49.56;579;21.3;73;4845;3.9;11.8;;
3505104;Barbosa;SP;4B;ABNT_TR_15220-3-1_2024;-21.27;-49.95;401;24.2;65;5137;3.7;12.2;;
3505203;Bariri;SP;4B;ABNT_TR_15220-3-1_2024;-22.07;-48.74;426;23.1;67;5053;4.1;11.4;;
3505302;Barra Bonita;SP;3B;ABNT_TR_15220-3-1_2024;-22.49;-48.56;473;22.6;68;5199;1.7;11.9;;
3505351;Barra do Chapéu;SP;1M;ABNT_TR_15220-3-1_2024;-24.47;-49.02;785;18.4;78;4215;3.0;11.2;;
3505401;Barra do Turvo;SP;2M;ABNT_TR_15220-3-1_2024;-24.76;-48.50;166;19.2;79;4056;2.8;9.7;;
3505500;Barretos;SP;4B;ABNT_TR_15220-3-1_2024;-20.55;-48.57;541;23.1;66;5472;1.2;14.4;;
3505609;Barrinha;SP;4B;ABNT_TR_15220-3-1_2024;-21.19;-48.16;508;23.3;66;5106;3.7;11.4;;
3505708;Barueri;SP;2M;ABNT_TR_15220-3-1_2024;-23.51;-46.88;753;19.5;74;4525;3.1;9.2;;
3505807;Bastos;SP;4B;ABNT_TR_15220-3-1_2024;-21.92;-50.74;449;23.3;68;5075;4.2;11.9;;
3505906;Batatais;SP;3B;ABNT_TR_15220-3-1_2024;-20.89;-47.59;857;21.6;67;5073;4.4;10.2;;
3506003;Bauru;SP;3B;ABNT_TR_15220-3-1_2024;-22.32;-49.09;512;22.1;71;5284;1.6;11.5;;
3506102;Bebedouro;SP;4B;ABNT_TR_15220-3-1_2024;-20.95;-48.48;568;23.5;65;5136;3.6;11.3;;
3506201;Bento de Abreu;SP;4B;ABNT_TR_15220-3-1_2024;-21.27;-50.81;444;24.1;66;5388;2.0;12.8;;
3506300;Bernardino de Campos;SP;3B;ABNT_TR_15220-3-1_2024;-23.02;-49.47;684;21.6;70;4916;4.4;11.7;;
3506359;Bertioga;SP;3A;ABNT_TR_15220-3-1_2024;-23.85;-46.14;36;21.2;75;3970;3.0;8.8;;
3506409;Bilac;SP;4B;ABNT_TR_15220-3-1_2024;-21.40;-50.47;437;23.8;66;5128;4.0;12.2;;
3506508;Birigui;SP;4B;ABNT_TR_15220-3-1_2024;-21.29;-50.34;410;24.1;66;5144;3.8;12.2;;
3506607;Biritiba Mirim;SP;2M;ABNT_TR_15220-3-1_2024;-23.57;-46.04;766;19.4;76;4422;3.5;8.8;;
3506706;Boa Esperança do Sul;SP;3B;ABNT_TR_15220-3-1_2024;-21.99;-48.39;478;22.8;67;5005;4.3;11.1;;
3506805;Bocaina;SP;3B;ABNT_TR_15220-3-1_2024;-22.14;-48.52;596;22.8;67;5002;4.4;11.4;;
3506904;Bofete;SP;2M;ABNT_TR_15220-3-1_2024;-23.11;-48.26;564;20.6;72;4800;3.6;10.6;;
3507001;Boituva;SP;3B;ABNT_TR_15220-3-1_2024;-23.29;-47.68;656;21.1;70;4837;3.8;10.1;;
3507100;Bom Jesus dos Perdões;SP;2M;ABNT_TR_15220-3-1_2024;-23.14;-46.47;765;19.3;76;4751;3.4;9.6;;
3507159;Bom Sucesso de Itararé;SP;1M;ABNT_TR_15220-3-1_2024;-24.32;-49.15;996;17.7;79;4450;3.2;11.2;;
3507209;Borá;SP;3B;ABNT_TR_15220-3-1_2024;-22.27;-50.54;435;22.8;69;5019;4.4;11.8;;
3507308;Boracéia;SP;4B;ABNT_TR_15220-3-1_2024;-22.19;-48.78;489;23.0;68;5021;4.1;11.4;;
3507407;Borborema;SP;4B;ABNT_TR_15220-3-1_2024;-21.62;-49.07;406;23.9;67;5081;3.9;12.0;;
3507456;Borebi;SP;3B;ABNT_TR_15220-3-1_2024;-22.57;-48.97;617;21.7;69;4931;3.7;11.2;;
3507506;Botucatu;SP;2M;ABNT_TR_15220-3-1_2024;-22.88;-48.44;826;20.7;69;4893;4.0;10.8;;
3507605;Bragança Paulista;SP;2M;ABNT_TR_15220-3-1_2024;-22.95;-46.54;854;19.7;76;4807;3.8;10.3;;
3507704;Braúna;SP;4B;ABNT_TR_15220-3-1_2024;-21.50;-50.32;453;23.7;66;5118;4.0;12.2;;
3507753;Brejo Alegre;SP;4B;ABNT_TR_15220-3-1_2024;-21.17;-50.19;398;24.3;66;5117;3.6;12.2;;
3507803;Brodowski;SP;3B;ABNT_TR_15220-3-1_2024;-20.98;-47.66;864;22.8;67;5050;4.1;10.2;;
3507902;Brotas;SP;3B;ABNT_TR_15220-3-1_2024;-22.28;-48.13;662;21.4;68;4955;4.6;10.8;;
3508009;Buri;SP;2M;ABNT_TR_15220-3-1_2024;-23.80;-48.60;606;19.9;79;4592;3.3;11.0;;
3508108;Buritama;SP;4B;ABNT_TR_15220-3-1_2024;-21.07;-50.15;402;24.4;65;5109;3.5;12.2;;
3508207;Buritizal;SP;3B;ABNT_TR_15220-3-1_2024;-20.19;-47.71;847;22.8;66;5195;4.6;10.7;;
3508306;Cabrália Paulista;SP;3B;ABNT_TR_15220-3-1_2024;-22.46;-49.34;554;22.0;69;4949;4.3;11.8;;
3508405;Cabreúva;SP;2M;ABNT_TR_15220-3-1_2024;-23.31;-47.14;638;19.8;70;4821;4.1;9.9;;
3508504;Caçapava;SP;2M;ABNT_TR_15220-3-1_2024;-23.10;-45.71;556;20.3;80;4615;2.9;9.5;;
3508603;Cachoeira Paulista;SP;3A;ABNT_TR_15220-3-1_2024;-22.67;-45.02;524;21.0;77;4698;2.7;11.0;;
3508702;Caconde;SP;2M;ABNT_TR_15220-3-1_2024;-21.53;-46.64;801;20.5;68;4930;3.3;11.2;;
3508801;Cafelândia;SP;4B;ABNT_TR_15220-3-1_2024;-21.80;-49.61;452;23.4;64;5057;3.9;12.1;;
3508900;Caiabu;SP;4B;ABNT_TR_15220-3-1_2024;-22.01;-51.24;392;23.7;65;5132;4.4;11.3;;
3509007;Caieiras;SP;2M;ABNT_TR_15220-3-1_2024;-23.36;-46.74;781;19.3;75;4570;3.3;9.7;;
3509106;Caiuá;SP;4B;ABNT_TR_15220-3-1_2024;-21.83;-52.00;344;24.3;67;5134;4.0;11.3;;
3509205;Cajamar;SP;2M;ABNT_TR_15220-3-1_2024;-23.36;-46.88;734;19.5;73;4546;3.3;9.7;;
3509254;Cajati;SP;3A;ABNT_TR_15220-3-1_2024;-24.73;-48.12;37;21.1;79;4095;2.6;8.9;;
3509304;Cajobi;SP;4B;ABNT_TR_15220-3-1_2024;-20.88;-48.81;552;23.8;66;5146;3.7;11.9;;
3509403;Cajuru;SP;3B;ABNT_TR_15220-3-1_2024;-21.27;-47.30;771;21.9;68;5031;3.6;11.0;;
3509452;Campina do Monte Alegre;SP;2M;ABNT_TR_15220-3-1_2024;-23.59;-48.48;608;20.3;80;4674;3.8;10.3;;
3509502;Campinas;SP;3B;ABNT_TR_15220-3-1_2024;-22.91;-47.07;685;21.6;69;5088;4.0;10.5;;
3509601;Campo Limpo Paulista;SP;2M;ABNT_TR_15220-3-1_2024;-23.21;-46.79;780;19.6;73;4752;4.0;9.7;;
3509700;Campos do Jordão;SP;1M;ABNT_TR_15220-3-1_2024;-22.73;-45.58;1600;16.6;81;4932;1.4;10.1;;
3509809;Campos Novos Paulista;SP;3B;ABNT_TR_15220-3-1_2024;-22.60;-50.00;485;22.2;70;4964;4.2;12.2;;
3509908;Cananéia;SP;3A;ABNT_TR_15220-3-1_2024;-25.01;-47.93;6;21.6;79;3943;2.9;8.1;;
3509957;Canas;SP;3A;ABNT_TR_15220-3-1_2024;-22.70;-45.05;534;21.3;78;4698;2.6;11.0;;
3510005;Cândido Mota;SP;3B;ABNT_TR_15220-3-1_2024;-22.75;-50.39;483;22.4;70;4943;4.2;12.1;;
3510104;Cândido Rodrigues;SP;4B;ABNT_TR_15220-3-1_2024;-21.33;-48.63;617;23.2;66;5121;3.8;11.8;;
3510153;Canitar;SP;3B;ABNT_TR_15220-3-1_2024;-23.00;-49.78;504;22.4;70;4926;4.2;12.2;;
3510203;Capão Bonito;SP;2M;ABNT_TR_15220-3-1_2024;-24.01;-48.35;685;19.2;83;4480;3.9;9.8;;
3510302;Capela do Alto;SP;2M;ABNT_TR_15220-3-1_2024;-23.47;-47.74;628;20.6;76;4772;3.7;10.1;;
3510401;Capivari;SP;3B;ABNT_TR_15220-3-1_2024;-23.00;-47.51;555;21.7;68;4891;4.0;10.4;;
3510500;Caraguatatuba;SP;3A;ABNT_TR_15220-3-1_2024;-23.61;-45.41;84;21.4;78;4232;3.0;9.2;;
3510609;Carapicuíba;SP;2M;ABNT_TR_15220-3-1_2024;-23.52;-46.84;768;19.5;74;4525;2.8;9.2;;
3510708;Cardoso;SP;4B;ABNT_TR_15220-3-1_2024;-20.08;-49.92;421;24.8;64;5213;3.4;12.4;;
3510807;Casa Branca;SP;3B;ABNT_TR_15220-3-1_2024;-21.77;-47.09;673;22.4;65;5292;1.7;11.2;;
3510906;Cássia dos Coqueiros;SP;3B;ABNT_TR_15220-3-1_2024;-21.28;-47.16;923;21.6;68;4954;3.7;11.0;;
3511003;Castilho;SP;4B;ABNT_TR_15220-3-1_2024;-20.87;-51.49;377;24.9;64;5169;3.5;12.1;;
3511102;Catanduva;SP;4B;ABNT_TR_15220-3-1_2024;-21.13;-48.98;491;23.5;66;5110;3.8;11.8;;
3511201;Catiguá;SP;4B;ABNT_TR_15220-3-1_2024;-21.05;-49.06;486;23.7;66;5107;3.5;12.2;;
3511300;Cedral;SP;4B;ABNT_TR_15220-3-1_2024;-20.90;-49.27;573;23.6;66;5134;3.5;12.2;;
3511409;Cerqueira César;SP;3B;ABNT_TR_15220-3-1_2024;-23.04;-49.17;752;21.0;70;4869;3.9;11.7;;
3511508;Cerquilho;SP;3B;ABNT_TR_15220-3-1_2024;-23.17;-47.75;602;21.3;70;4866;3.9;10.1;;
3511607;Cesário Lange;SP;3A;ABNT_TR_15220-3-1_2024;-23.23;-47.95;605;21.0;73;4856;3.9;10.1;;
3511706;Charqueada;SP;3B;ABNT_TR_15220-3-1_2024;-22.51;-47.78;601;21.6;68;4845;3.5;10.4;;
3511904;Clementina;SP;4B;ABNT_TR_15220-3-1_2024;-21.56;-50.45;449;23.8;66;5101;3.9;12.1;;
3512001;Colina;SP;4B;ABNT_TR_15220-3-1_2024;-20.71;-48.54;609;23.7;65;5169;3.8;11.9;;
3512100;Colômbia;SP;4B;ABNT_TR_15220-3-1_2024;-20.18;-48.69;477;24.4;65;5204;3.9;12.1;;
3512209;Conchal;SP;3B;ABNT_TR_15220-3-1_2024;-22.34;-47.17;603;21.9;69;4977;3.7;10.8;;
3512308;Conchas;SP;3B;ABNT_TR_15220-3-1_2024;-23.02;-48.01;499;21.9;70;4895;4.0;10.6;;
3512407;Cordeirópolis;SP;3B;ABNT_TR_15220-3-1_2024;-22.48;-47.45;651;21.5;68;4899;3.7;10.8;;
3512506;Coroados;SP;4B;ABNT_TR_15220-3-1_2024;-21.35;-50.29;412;23.9;66;5137;3.7;12.2;;
3512605;Coronel Macedo;SP;2M;ABNT_TR_15220-3-1_2024;-23.63;-49.31;608;20.8;75;4786;4.0;11.5;;
3512704;Corumbataí;SP;3B;ABNT_TR_15220-3-1_2024;-22.22;-47.62;581;21.5;70;4893;3.4;10.4;;
3512803;Cosmópolis;SP;3B;ABNT_TR_15220-3-1_2024;-22.64;-47.19;587;21.9;68;4948;3.7;10.3;;
3512902;Cosmorama;SP;4B;ABNT_TR_15220-3-1_2024;-20.48;-49.78;496;24.1;65;5173;3.5;12.4;;
3513009;Cotia;SP;2M;ABNT_TR_15220-3-1_2024;-23.60;-46.92;794;19.0;74;4508;3.6;9.2;;
3513108;Cravinhos;SP;3B;ABNT_TR_15220-3-1_2024;-21.34;-47.73;790;22.7;67;5041;3.7;11.2;;
3513207;Cristais Paulista;SP;3B;ABNT_TR_15220-3-1_2024;-20.40;-47.42;990;21.7;66;5112;3.8;9.9;;
3513306;Cruzália;SP;4B;ABNT_TR_15220-3-1_2024;-22.74;-50.79;349;23.2;70;4967;4.6;11.7;;
3513405;Cruzeiro;SP;3A;ABNT_TR_15220-3-1_2024;-22.57;-44.97;548;21.3;77;4681;2.8;10.9;;
3513504;Cubatão;SP;3A;ABNT_TR_15220-3-1_2024;-23.89;-46.42;6;21.8;74;3865;3.0;8.8;;
3513603;Cunha;SP;1M;ABNT_TR_15220-3-1_2024;-23.07;-44.96;925;18.8;81;4772;3.3;8.9;;
3513702;Descalvado;SP;3B;ABNT_TR_15220-3-1_2024;-21.90;-47.62;661;22.1;70;5007;3.6;11.1;;
3513801;Diadema;SP;2M;ABNT_TR_15220-3-1_2024;-23.68;-46.62;802;19.2;73;4379;3.8;9.2;;
3513850;Dirce Reis;SP;4B;ABNT_TR_15220-3-1_2024;-20.46;-50.61;404;24.8;62;5189;3.5;12.5;;
3513900;Divinolândia;SP;2M;ABNT_TR_15220-3-1_2024;-21.66;-46.74;1066;19.5;68;5002;3.8;11.2;;
3514007;Dobrada;SP;4B;ABNT_TR_15220-3-1_2024;-21.52;-48.39;587;22.9;66;5064;4.0;11.1;;
3514106;Dois Córregos;SP;3B;ABNT_TR_15220-3-1_2024;-22.37;-48.38;685;21.5;68;4950;4.2;10.8;;
3514205;Dolcinópolis;SP;4B;ABNT_TR_15220-3-1_2024;-20.12;-50.51;467;24.7;62;5193;3.6;12.5;;
3514304;Dourado;SP;3B;ABNT_TR_15220-3-1_2024;-22.10;-48.32;710;22.6;68;5010;4.2;10.8;;
3514403;Dracena;SP;4B;ABNT_TR_15220-3-1_2024;-21.48;-51.54;412;24.3;66;5120;3.8;11.6;;
3514502;Duartina;SP;3B;ABNT_TR_15220-3-1_2024;-22.41;-49.41;498;22.2;69;4963;4.1;11.8;;
3514601;Dumont;SP;4B;ABNT_TR_15220-3-1_2024;-21.23;-47.98;624;23.3;66;5098;3.7;11.2;;
3514700;Echaporã;SP;3B;ABNT_TR_15220-3-1_2024;-22.43;-50.20;696;22.7;69;5014;4.5;12.1;;
3514809;Eldorado;SP;2M;ABNT_TR_15220-3-1_2024;-24.53;-48.11;77;20.8;79;3932;2.5;8.9;;
3514908;Elias Fausto;SP;3B;ABNT_TR_15220-3-1_2024;-23.04;-47.37;565;21.6;69;4914;3.9;9.9;;
3514924;Elisiário;SP;4B;ABNT_TR_15220-3-1_2024;-21.17;-49.11;503;23.7;66;5116;3.6;12.2;;
3514957;Embaúba;SP;4B;ABNT_TR_15220-3-1_2024;-20.98;-48.83;528;23.7;66;5132;3.7;11.9;;
3515004;Embu das Artes;SP;2M;ABNT_TR_15220-3-1_2024;-23.64;-46.86;845;19.0;74;4499;3.6;9.2;;
3515103;Embu-Guaçu;SP;2M;ABNT_TR_15220-3-1_2024;-23.83;-46.81;764;19.0;73;4271;3.8;9.2;;
3515129;Emilianópolis;SP;4B;ABNT_TR_15220-3-1_2024;-21.83;-51.48;345;24.2;65;5099;4.0;11.6;;
3515152;Engenheiro Coelho;SP;3B;ABNT_TR_15220-3-1_2024;-22.48;-47.21;630;21.8;68;4956;3.8;10.8;;
3515186;Espírito Santo do Pinhal;SP;2M;ABNT_TR_15220-3-1_2024;-22.19;-46.75;854;20.4;70;4909;3.9;11.0;;
3515194;Espírito Santo do Turvo;SP;3B;ABNT_TR_15220-3-1_2024;-22.69;-49.43;504;21.9;70;4933;4.1;11.8;;
3515202;Estrela d'Oeste;SP;4B;ABNT_TR_15220-3-1_2024;-20.29;-50.40;482;24.4;62;5189;3.5;12.5;;
3515301;Estrela do Norte;SP;4B;ABNT_TR_15220-3-1_2024;-22.49;-51.66;401;23.4;66;5046;4.3;10.8;;
3515350;Euclides da Cunha Paulista;SP;4B;ABNT_TR_15220-3-1_2024;-22.55;-52.59;298;23.9;68;5012;3.8;10.2;;
3515400;Fartura;SP;3B;ABNT_TR_15220-3-1_2024;-23.39;-49.51;518;21.2;72;4889;4.2;12.2;;
3515509;Fernandópolis;SP;4B;ABNT_TR_15220-3-1_2024;-20.28;-50.25;544;24.3;62;5186;3.4;12.5;;
3515608;Fernando Prestes;SP;4B;ABNT_TR_15220-3-1_2024;-21.27;-48.69;532;23.3;66;5121;3.8;11.8;;
3515657;Fernão;SP;3B;ABNT_TR_15220-3-1_2024;-22.36;-49.52;565;22.2;69;4957;4.2;12.1;;
3515707;Ferraz de Vasconcelos;SP;2M;ABNT_TR_15220-3-1_2024;-23.54;-46.37;791;19.8;75;4420;3.5;8.8;;
3515806;Flora Rica;SP;4B;ABNT_TR_15220-3-1_2024;-21.67;-51.38;356;24.3;66;5103;3.9;11.6;;
3515905;Floreal;SP;4B;ABNT_TR_15220-3-1_2024;-20.68;-50.15;515;24.2;64;5158;3.4;12.3;;
3516002;Flórida Paulista;SP;4B;ABNT_TR_15220-3-1_2024;-21.61;-51.17;425;24.0;66;5125;4.1;11.6;;
3516101;Florínea;SP;4B;ABNT_TR_15220-3-1_2024;-22.87;-50.68;382;23.2;70;4980;4.3;11.7;Florínia;grafia divergente na ABNT
3516200;Franca;SP;3B;ABNT_TR_15220-3-1_2024;-20.54;-47.40;991;21.5;66;5094;3.9;9.5;;
3516309;Francisco Morato;SP;2M;ABNT_TR_15220-3-1_2024;-23.28;-46.74;780;19.3;74;4665;3.6;9.7;;
3516408;Franco da Rocha;SP;2M;ABNT_TR_15220-3-1_2024;-23.32;-46.73;778;19.3;75;4665;3.3;9.7;;
3516507;Gabriel Monteiro;SP;4B;ABNT_TR_15220-3-1_2024;-21.53;-50.56;424;23.8;66;5121;4.0;11.9;;
3516606;Gália;SP;3B;ABNT_TR_15220-3-1_2024;-22.29;-49.55;562;22.1;68;4979;4.2;12.1;;
3516705;Garça;SP;3B;ABNT_TR_15220-3-1_2024;-22.21;-49.65;682;22.5;67;5009;4.0;12.1;;
3516804;Gastão Vidigal;SP;4B;ABNT_TR_15220-3-1_2024;-20.79;-50.19;422;24.3;65;5161;3.5;12.3;;
3516853;Gavião Peixoto;SP;4B;ABNT_TR_15220-3-1_2024;-21.84;-48.50;536;23.2;67;5020;3.9;11.1;;
3516903;General Salgado;SP;4B;ABNT_TR_15220-3-1_2024;-20.65;-50.36;502;24.4;63;5177;3.6;12.3;;
3517000;Getulina;SP;4B;ABNT_TR_15220-3-1_2024;-21.80;-49.93;473;23.3;65;5058;4.1;12.1;;
3517109;Glicério;SP;4B;ABNT_TR_15220-3-1_2024;-21.38;-50.21;388;24.0;66;5137;3.8;12.2;;
3517208;Guaiçara;SP;4B;ABNT_TR_15220-3-1_2024;-21.62;-49.80;446;23.7;64;5105;4.1;12.1;;
3517307;Guaimbê;SP;4B;ABNT_TR_15220-3-1_2024;-21.91;-49.90;465;23.2;65;5049;4.0;12.1;;
3517406;Guaíra;SP;4B;ABNT_TR_15220-3-1_2024;-20.32;-48.31;514;24.4;64;5219;4.2;11.6;;
3517505;Guapiaçu;SP;4B;ABNT_TR_15220-3-1_2024;-20.80;-49.22;490;23.8;66;5144;3.5;12.2;;
3517604;Guapiara;SP;1M;ABNT_TR_15220-3-1_2024;-24.19;-48.53;756;18.5;79;4374;3.6;10.6;;
3517703;Guará;SP;4B;ABNT_TR_15220-3-1_2024;-20.43;-47.82;574;23.9;65;5186;4.3;10.7;;
3517802;Guaraçaí;SP;4B;ABNT_TR_15220-3-1_2024;-21.03;-51.21;457;24.4;65;5160;3.9;11.9;;
3517901;Guaraci;SP;4B;ABNT_TR_15220-3-1_2024;-20.50;-48.94;482;24.3;65;5200;3.7;12.1;;
3518008;Guarani d'Oeste;SP;4B;ABNT_TR_15220-3-1_2024;-20.07;-50.34;502;24.4;62;5200;3.6;12.5;;
3518107;Guarantã;SP;4B;ABNT_TR_15220-3-1_2024;-21.89;-49.59;503;23.2;65;5038;3.9;12.1;;
3518206;Guararapes;SP;4B;ABNT_TR_15220-3-1_2024;-21.25;-50.65;413;24.0;65;5139;3.8;12.1;;
3518305;Guararema;SP;2M;ABNT_TR_15220-3-1_2024;-23.41;-46.04;579;19.8;78;4515;3.4;9.6;;
3518404;Guaratinguetá;SP;2M;ABNT_TR_15220-3-1_2024;-22.81;-45.19;537;20.8;79;4735;2.7;11.0;;
3518503;Guareí;SP;2M;ABNT_TR_15220-3-1_2024;-23.37;-48.18;641;20.1;79;4730;4.1;10.6;;
3518602;Guariba;SP;4B;ABNT_TR_15220-3-1_2024;-21.36;-48.23;625;23.0;66;5078;3.5;11.4;;
3518701;Guarujá;SP;3A;ABNT_TR_15220-3-1_2024;-23.99;-46.26;100;22.0;75;4183;3.2;8.8;;
3518800;Guarulhos;SP;2M;ABNT_TR_15220-3-1_2024;-23.45;-46.53;756;19.6;75;4436;3.1;9.7;;
3518859;Guatapará;SP;4B;ABNT_TR_15220-3-1_2024;-21.49;-48.04;518;23.2;66;5061;3.8;11.4;;
3518909;Guzolândia;SP;4B;ABNT_TR_15220-3-1_2024;-20.65;-50.66;443;24.7;64;5186;3.7;12.3;;
3519006;Herculândia;SP;4B;ABNT_TR_15220-3-1_2024;-22.00;-50.39;496;23.2;67;5051;4.4;12.1;;
3519055;Holambra;SP;3B;ABNT_TR_15220-3-1_2024;-22.64;-47.05;604;21.9;69;4955;4.0;10.3;;
3519071;Hortolândia;SP;3B;ABNT_TR_15220-3-1_2024;-22.85;-47.21;611;21.6;69;4933;3.8;10.3;;
3519105;Iacanga;SP;4B;ABNT_TR_15220-3-1_2024;-21.89;-49.03;456;23.4;67;5095;4.1;12.0;;
3519204;Iacri;SP;4B;ABNT_TR_15220-3-1_2024;-21.86;-50.69;518;23.3;67;5073;4.3;11.9;;
3519253;Iaras;SP;3B;ABNT_TR_15220-3-1_2024;-22.87;-49.16;624;21.2;69;4879;4.3;11.8;;
3519303;Ibaté;SP;3B;ABNT_TR_15220-3-1_2024;-21.96;-47.99;847;21.5;69;4964;3.8;11.1;;
3519402;Ibirá;SP;4B;ABNT_TR_15220-3-1_2024;-21.08;-49.24;429;23.9;66;5130;3.6;12.2;;
3519501;Ibirarema;SP;3B;ABNT_TR_15220-3-1_2024;-22.82;-50.07;481;22.6;70;4927;4.0;12.1;;
3519600;Ibitinga;SP;3B;ABNT_TR_15220-3-1_2024;-21.76;-48.83;519;22.7;68;5283;1.6;12.9;;
3519709;Ibiúna;SP;1M;ABNT_TR_15220-3-1_2024;-23.66;-47.22;862;18.6;73;4550;4.0;9.5;;
3519808;Icém;SP;4B;ABNT_TR_15220-3-1_2024;-20.34;-49.19;450;24.5;66;5160;3.7;12.3;;
3519907;Iepê;SP;4B;ABNT_TR_15220-3-1_2024;-22.66;-51.08;400;23.2;70;4995;4.4;11.0;;
3520004;Igaraçu do Tietê;SP;3B;ABNT_TR_15220-3-1_2024;-22.51;-48.56;506;22.3;67;5009;3.6;11.2;;
3520103;Igarapava;SP;4B;ABNT_TR_15220-3-1_2024;-20.04;-47.75;579;23.4;65;5155;4.2;10.7;;
3520202;Igaratá;SP;2M;ABNT_TR_15220-3-1_2024;-23.20;-46.16;709;19.7;79;4469;2.7;9.6;;
3520301;Iguape;SP;3A;ABNT_TR_15220-3-1_2024;-24.70;-47.55;67;22.2;78;4110;3.3;8.4;;
3520400;Ilhabela;SP;3A;ABNT_TR_15220-3-1_2024;-23.78;-45.36;31;21.6;78;4387;3.1;9.2;;
3520426;Ilha Comprida;SP;3A;ABNT_TR_15220-3-1_2024;-24.73;-47.54;3;22.2;78;4110;3.3;8.4;;
3520442;Ilha Solteira;SP;5B;ABNT_TR_15220-3-1_2024;-20.43;-51.34;372;25.1;65;5180;3.7;12.4;;
3520509;Indaiatuba;SP;3B;ABNT_TR_15220-3-1_2024;-23.08;-47.21;630;21.1;69;4884;4.2;9.9;;
3520608;Indiana;SP;4B;ABNT_TR_15220-3-1_2024;-22.17;-51.26;461;23.4;65;5095;4.4;11.3;;
3520707;Indiaporã;SP;4B;ABNT_TR_15220-3-1_2024;-19.98;-50.29;455;24.6;62;5210;3.5;12.5;;
3520806;Inúbia Paulista;SP;4B;ABNT_TR_15220-3-1_2024;-21.77;-50.96;458;23.8;66;5105;4.1;11.9;;
3520905;Ipaussu;SP;3B;ABNT_TR_15220-3-1_2024;-23.06;-49.63;564;21.4;70;4899;4.2;12.2;;
3521002;Iperó;SP;2M;ABNT_TR_15220-3-1_2024;-23.35;-47.69;590;20.9;72;4806;3.7;10.1;;
3521101;Ipeúna;SP;3B;ABNT_TR_15220-3-1_2024;-22.44;-47.72;626;21.6;68;4886;3.6;10.4;;
3521150;Ipiguá;SP;4B;ABNT_TR_15220-3-1_2024;-20.66;-49.38;519;23.8;66;5149;3.6;12.2;;
3521200;Iporanga;SP;2M;ABNT_TR_15220-3-1_2024;-24.58;-48.60;113;19.8;79;4068;2.2;9.7;;
3521309;Ipuã;SP;4B;ABNT_TR_15220-3-1_2024;-20.44;-48.01;563;24.3;65;5201;4.1;11.6;;
3521408;Iracemápolis;SP;3B;ABNT_TR_15220-3-1_2024;-22.58;-47.52;608;21.9;67;4904;3.7;10.4;;
3521507;Irapuã;SP;4B;ABNT_TR_15220-3-1_2024;-21.28;-49.42;418;24.0;66;5122;3.7;12.2;;
3521606;Irapuru;SP;4B;ABNT_TR_15220-3-1_2024;-21.57;-51.35;432;24.1;66;5110;3.9;11.6;;
3521705;Itaberá;SP;2M;ABNT_TR_15220-3-1_2024;-23.86;-49.14;643;20.0;78;4728;4.1;11.5;;
3521804;Itaí;SP;2M;ABNT_TR_15220-3-1_2024;-23.42;-49.09;633;20.8;75;4803;4.1;11.7;;
3521903;Itajobi;SP;4B;ABNT_TR_15220-3-1_2024;-21.31;-49.06;479;23.7;66;5103;3.7;12.2;;
3522000;Itaju;SP;4B;ABNT_TR_15220-3-1_2024;-21.99;-48.81;490;23.4;67;5068;4.0;11.6;;
3522109;Itanhaém;SP;3A;ABNT_TR_15220-3-1_2024;-24.17;-46.79;5;21.4;74;4142;3.0;8.6;;
3522158;Itaoca;SP;2M;ABNT_TR_15220-3-1_2024;-24.64;-48.84;148;19.2;79;4129;2.3;9.7;;
3522208;Itapecerica da Serra;SP;2M;ABNT_TR_15220-3-1_2024;-23.72;-46.86;855;18.8;74;4397;3.6;9.2;;
3522307;Itapetininga;SP;2M;ABNT_TR_15220-3-1_2024;-23.59;-48.05;664;19.9;82;4671;4.0;10.3;;
3522406;Itapeva;SP;2M;ABNT_TR_15220-3-1_2024;-23.98;-48.88;646;19.9;77;4641;1.9;9.7;;
3522505;Itapevi;SP;2M;ABNT_TR_15220-3-1_2024;-23.55;-46.93;745;19.5;74;4558;3.1;9.2;;
3522604;Itapira;SP;3B;ABNT_TR_15220-3-1_2024;-22.44;-46.82;652;21.8;68;5228;1.0;12.6;;
3522653;Itapirapuã Paulista;SP;2M;ABNT_TR_15220-3-1_2024;-24.57;-49.17;579;19.0;79;4182;2.3;10.4;;
3522703;Itápolis;SP;4B;ABNT_TR_15220-3-1_2024;-21.59;-48.81;479;23.4;67;5064;3.9;11.6;;
3522802;Itaporanga;SP;3A;ABNT_TR_15220-3-1_2024;-23.70;-49.48;552;21.1;74;4797;3.9;11.5;;
3522901;Itapuí;SP;4B;ABNT_TR_15220-3-1_2024;-22.23;-48.72;459;23.0;68;5021;4.2;11.4;;
3523008;Itapura;SP;5B;ABNT_TR_15220-3-1_2024;-20.64;-51.51;296;25.2;65;5141;3.7;11.9;;
3523107;Itaquaquecetuba;SP;2M;ABNT_TR_15220-3-1_2024;-23.48;-46.35;733;19.7;75;4420;3.5;9.6;;
3523206;Itararé;SP;2M;ABNT_TR_15220-3-1_2024;-24.11;-49.34;762;19.5;77;4698;3.4;11.2;;
3523305;Itariri;SP;2M;ABNT_TR_15220-3-1_2024;-24.28;-47.17;61;20.7;75;4131;2.8;8.7;;
3523404;Itatiba;SP;2M;ABNT_TR_15220-3-1_2024;-23.00;-46.85;736;20.1;70;4877;4.2;9.7;;
3523503;Itatinga;SP;2M;ABNT_TR_15220-3-1_2024;-23.10;-48.62;855;20.0;71;4780;3.6;11.2;;
3523602;Itirapina;SP;3B;ABNT_TR_15220-3-1_2024;-22.26;-47.82;766;21.1;69;4888;3.9;10.4;;
3523701;Itirapuã;SP;3B;ABNT_TR_15220-3-1_2024;-20.64;-47.22;871;21.3;68;5066;3.9;9.5;;
3523800;Itobi;SP;3B;ABNT_TR_15220-3-1_2024;-21.73;-46.97;677;21.9;66;5068;3.6;11.2;;
3523909;Itu;SP;2M;ABNT_TR_15220-3-1_2024;-23.25;-47.29;590;20.9;70;4841;4.2;9.9;;
3524006;Itupeva;SP;2M;ABNT_TR_15220-3-1_2024;-23.15;-47.06;675;20.2;70;4843;4.0;9.9;;
3524105;Ituverava;SP;4B;ABNT_TR_15220-3-1_2024;-20.34;-47.79;616;23.0;66;5450;1.7;13.8;;
3524204;Jaborandi;SP;4B;ABNT_TR_15220-3-1_2024;-20.69;-48.41;506;23.9;65;5172;3.7;11.3;;
3524303;Jaboticabal;SP;3B;ABNT_TR_15220-3-1_2024;-21.25;-48.33;592;22.9;66;5099;3.7;11.4;;
3524402;Jacareí;SP;2M;ABNT_TR_15220-3-1_2024;-23.30;-45.97;570;20.1;79;4543;3.0;9.5;;
3524501;Jaci;SP;4B;ABNT_TR_15220-3-1_2024;-20.88;-49.58;528;23.8;66;5141;3.4;12.3;;
3524600;Jacupiranga;SP;3A;ABNT_TR_15220-3-1_2024;-24.70;-48.01;37;21.4;79;4075;2.9;8.9;;
3524709;Jaguariúna;SP;3B;ABNT_TR_15220-3-1_2024;-22.70;-46.99;615;21.8;69;4955;4.0;10.3;;
3524808;Jales;SP;4B;ABNT_TR_15220-3-1_2024;-20.27;-50.55;486;24.5;61;5524;2.6;11.7;;
3524907;Jambeiro;SP;2M;ABNT_TR_15220-3-1_2024;-23.25;-45.69;703;20.2;80;4651;3.3;9.5;;
3525003;Jandira;SP;2M;ABNT_TR_15220-3-1_2024;-23.53;-46.90;733;19.5;74;4558;3.1;9.2;;
3525102;Jardinópolis;SP;4B;ABNT_TR_15220-3-1_2024;-21.02;-47.76;597;23.4;66;5094;3.7;11.2;;
3525201;Jarinu;SP;2M;ABNT_TR_15220-3-1_2024;-23.10;-46.73;801;19.8;72;4823;3.9;9.7;;
3525300;Jaú;SP;3B;ABNT_TR_15220-3-1_2024;-22.29;-48.56;514;22.5;67;5014;4.4;11.4;;
3525409;Jeriquara;SP;3B;ABNT_TR_15220-3-1_2024;-20.31;-47.59;862;21.9;66;5153;4.5;10.7;;
3525508;Joanópolis;SP;1M;ABNT_TR_15220-3-1_2024;-22.93;-46.27;880;18.6;81;4718;3.5;10.5;;
3525607;João Ramalho;SP;4B;ABNT_TR_15220-3-1_2024;-22.25;-50.77;558;23.0;69;5041;4.4;11.8;;
3525706;José Bonifácio;SP;4B;ABNT_TR_15220-3-1_2024;-21.06;-49.69;441;24.1;65;5125;3.4;12.2;;
3525805;Júlio Mesquita;SP;4B;ABNT_TR_15220-3-1_2024;-22.01;-49.79;519;23.3;65;5027;4.0;12.1;;
3525854;Jumirim;SP;3B;ABNT_TR_15220-3-1_2024;-23.09;-47.79;535;21.6;69;4899;4.0;10.1;;
3525904;Jundiaí;SP;2M;ABNT_TR_15220-3-1_2024;-23.19;-46.90;723;19.6;70;4785;4.1;9.7;;
3526001;Junqueirópolis;SP;4B;ABNT_TR_15220-3-1_2024;-21.51;-51.43;435;24.1;66;5118;3.8;11.6;;
3526100;Juquiá;SP;3A;ABNT_TR_15220-3-1_2024;-24.31;-47.64;183;21.3;78;3975;2.6;9.1;;
3526209;Juquitiba;SP;2M;ABNT_TR_15220-3-1_2024;-23.92;-47.07;746;19.1;74;4207;3.7;9.5;;
3526308;Lagoinha;SP;2M;ABNT_TR_15220-3-1_2024;-23.08;-45.19;889;19.5;80;4678;3.3;9.6;;
3526407;Laranjal Paulista;SP;3B;ABNT_TR_15220-3-1_2024;-23.05;-47.84;538;21.6;69;4880;3.8;10.1;;
3526506;Lavínia;SP;4B;ABNT_TR_15220-3-1_2024;-21.16;-51.04;460;24.2;65;5134;3.7;11.9;;
3526605;Lavrinhas;SP;3A;ABNT_TR_15220-3-1_2024;-22.57;-44.90;521;21.3;77;4681;2.8;10.9;;
3526704;Leme;SP;3B;ABNT_TR_15220-3-1_2024;-22.18;-47.38;618;21.8;71;4974;3.6;10.8;;
3526803;Lençóis Paulista;SP;3B;ABNT_TR_15220-3-1_2024;-22.60;-48.80;592;21.9;68;4941;3.6;11.2;;
3526902;Limeira;SP;3B;ABNT_TR_15220-3-1_2024;-22.57;-47.40;556;22.2;66;5222;1.8;11.9;;
3527009;Lindóia;SP;2M;ABNT_TR_15220-3-1_2024;-22.52;-46.65;678;20.7;69;4931;4.0;10.3;;
3527108;Lins;SP;4B;ABNT_TR_15220-3-1_2024;-21.67;-49.75;439;23.9;63;5337;1.9;11.7;;
3527207;Lorena;SP;3A;ABNT_TR_15220-3-1_2024;-22.73;-45.12;531;21.3;78;4605;2.6;11.0;;
3527256;Lourdes;SP;4B;ABNT_TR_15220-3-1_2024;-20.97;-50.23;400;24.3;65;5135;3.5;12.3;;
3527306;Louveira;SP;2M;ABNT_TR_15220-3-1_2024;-23.09;-46.95;675;20.2;70;4868;4.4;9.7;;
3527405;Lucélia;SP;4B;ABNT_TR_15220-3-1_2024;-21.72;-51.02;436;23.8;66;5125;3.9;11.6;;
3527504;Lucianópolis;SP;3B;ABNT_TR_15220-3-1_2024;-22.43;-49.52;534;22.2;69;4957;4.2;12.1;;
3527603;Luís Antônio;SP;3B;ABNT_TR_15220-3-1_2024;-21.55;-47.78;602;22.8;66;5018;3.4;11.1;;
3527702;Luiziânia;SP;4B;ABNT_TR_15220-3-1_2024;-21.67;-50.33;416;23.7;66;5093;3.8;12.1;;
3527801;Lupércio;SP;3B;ABNT_TR_15220-3-1_2024;-22.41;-49.82;670;22.3;69;4987;4.1;12.1;;
3527900;Lutécia;SP;3B;ABNT_TR_15220-3-1_2024;-22.34;-50.39;559;22.8;69;5025;4.6;12.1;;
3528007;Macatuba;SP;3B;ABNT_TR_15220-3-1_2024;-22.50;-48.71;534;22.2;68;5005;3.4;11.2;;
3528106;Macaubal;SP;4B;ABNT_TR_15220-3-1_2024;-20.80;-49.97;500;24.1;65;5151;3.4;12.3;;
3528205;Macedônia;SP;4B;ABNT_TR_15220-3-1_2024;-20.14;-50.20;513;24.5;62;5223;3.5;12.5;;
3528304;Magda;SP;4B;ABNT_TR_15220-3-1_2024;-20.64;-50.23;500;24.2;64;5160;3.5;12.3;;
3528403;Mairinque;SP;2M;ABNT_TR_15220-3-1_2024;-23.54;-47.19;829;19.7;72;4706;3.9;9.5;;
3528502;Mairiporã;SP;2M;ABNT_TR_15220-3-1_2024;-23.32;-46.59;748;19.1;75;4628;3.4;9.7;;
3528601;Manduri;SP;3B;ABNT_TR_15220-3-1_2024;-23.01;-49.32;701;21.2;70;4882;4.4;11.7;;
3528700;Marabá Paulista;SP;4B;ABNT_TR_15220-3-1_2024;-22.11;-51.96;375;23.9;67;5094;4.2;10.8;;
3528809;Maracaí;SP;4B;ABNT_TR_15220-3-1_2024;-22.61;-50.67;405;23.0;70;4981;4.5;11.7;;
3528858;Marapoama;SP;4B;ABNT_TR_15220-3-1_2024;-21.26;-49.13;476;23.7;66;5111;3.6;12.2;;
3528908;Mariápolis;SP;4B;ABNT_TR_15220-3-1_2024;-21.80;-51.18;391;24.1;66;5118;3.9;11.6;;
3529005;Marília;SP;3B;ABNT_TR_15220-3-1_2024;-22.22;-49.95;671;22.8;67;5007;4.3;12.1;;
3529104;Marinópolis;SP;4B;ABNT_TR_15220-3-1_2024;-20.44;-50.83;404;24.9;63;5202;3.6;12.5;;
3529203;Martinópolis;SP;4B;ABNT_TR_15220-3-1_2024;-22.15;-51.17;493;23.5;66;5107;4.6;11.3;;
3529302;Matão;SP;3B;ABNT_TR_15220-3-1_2024;-21.60;-48.36;565;22.9;66;5053;4.1;11.1;;
3529401;Mauá;SP;2M;ABNT_TR_15220-3-1_2024;-23.67;-46.46;773;19.3;74;4279;3.9;8.8;;
3529500;Mendonça;SP;4B;ABNT_TR_15220-3-1_2024;-21.18;-49.58;458;24.2;65;5113;3.7;12.2;;
3529609;Meridiano;SP;4B;ABNT_TR_15220-3-1_2024;-20.36;-50.18;513;24.4;63;5166;3.4;12.5;;
3529658;Mesópolis;SP;5B;ABNT_TR_15220-3-1_2024;-19.97;-50.63;417;25.1;62;5191;3.5;12.6;;
3529708;Miguelópolis;SP;4B;ABNT_TR_15220-3-1_2024;-20.18;-48.03;519;24.4;64;5211;4.1;11.6;;
3529807;Mineiros do Tietê;SP;3B;ABNT_TR_15220-3-1_2024;-22.41;-48.45;682;21.9;67;4980;3.6;10.8;;
3529906;Miracatu;SP;3A;ABNT_TR_15220-3-1_2024;-24.28;-47.46;31;21.0;77;4050;2.7;8.7;;
3530003;Mira Estrela;SP;4B;ABNT_TR_15220-3-1_2024;-19.98;-50.14;449;24.9;63;5222;3.5;12.5;;
3530102;Mirandópolis;SP;4B;ABNT_TR_15220-3-1_2024;-21.13;-51.10;425;24.3;65;5153;3.7;11.9;;
3530201;Mirante do Paranapanema;SP;4B;ABNT_TR_15220-3-1_2024;-22.29;-51.91;445;23.5;66;5081;4.0;10.8;;
3530300;Mirassol;SP;4B;ABNT_TR_15220-3-1_2024;-20.82;-49.52;570;23.7;66;5145;3.4;12.3;;
3530409;Mirassolândia;SP;4B;ABNT_TR_15220-3-1_2024;-20.62;-49.46;534;23.9;66;5156;3.5;12.2;;
3530508;Mococa;SP;3B;ABNT_TR_15220-3-1_2024;-21.46;-47.00;608;22.2;66;5032;3.6;11.0;;
3530607;Mogi das Cruzes;SP;2M;ABNT_TR_15220-3-1_2024;-23.52;-46.19;765;19.5;76;4425;3.5;8.8;;
3530706;Mogi Guaçu;SP;3B;ABNT_TR_15220-3-1_2024;-22.37;-46.94;598;21.8;68;4968;3.9;11.0;;
3530805;Mogi Mirim;SP;3B;ABNT_TR_15220-3-1_2024;-22.43;-46.95;619;21.6;68;4968;3.8;11.0;;
3530904;Mombuca;SP;3B;ABNT_TR_15220-3-1_2024;-22.93;-47.56;532;21.7;68;4900;3.9;10.4;;
3531001;Monções;SP;4B;ABNT_TR_15220-3-1_2024;-20.85;-50.10;451;24.3;65;5147;3.5;12.3;;
3531100;Mongaguá;SP;3A;ABNT_TR_15220-3-1_2024;-24.08;-46.63;181;21.6;74;3932;3.4;8.6;;
3531209;Monte Alegre do Sul;SP;2M;ABNT_TR_15220-3-1_2024;-22.68;-46.68;747;20.0;70;4878;4.2;10.3;;
3531308;Monte Alto;SP;4B;ABNT_TR_15220-3-1_2024;-21.27;-48.50;713;23.0;66;5100;3.7;11.4;;
3531407;Monte Aprazível;SP;4B;ABNT_TR_15220-3-1_2024;-20.77;-49.72;448;23.9;65;5157;3.5;12.3;;
3531506;Monte Azul Paulista;SP;4B;ABNT_TR_15220-3-1_2024;-20.91;-48.64;609;23.5;66;5156;3.7;11.9;;
3531605;Monte Castelo;SP;4B;ABNT_TR_15220-3-1_2024;-21.30;-51.57;327;24.5;66;5132;3.6;11.6;;
3531704;Monteiro Lobato;SP;2M;ABNT_TR_15220-3-1_2024;-22.95;-45.84;660;19.9;81;4438;2.7;10.8;;
3531803;Monte Mor;SP;3B;ABNT_TR_15220-3-1_2024;-22.95;-47.31;549;21.6;69;4930;3.9;10.3;;
3531902;Morro Agudo;SP;4B;ABNT_TR_15220-3-1_2024;-20.73;-48.06;549;23.8;65;5145;3.9;11.3;;
3532009;Morungaba;SP;2M;ABNT_TR_15220-3-1_2024;-22.88;-46.79;800;20.1;71;4864;4.2;10.3;;
3532058;Motuca;SP;3B;ABNT_TR_15220-3-1_2024;-21.51;-48.15;616;22.9;66;5049;3.9;11.1;;
3532108;Murutinga do Sul;SP;4B;ABNT_TR_15220-3-1_2024;-20.99;-51.28;423;24.6;65;5160;3.9;12.1;;
3532157;Nantes;SP;4B;ABNT_TR_15220-3-1_2024;-22.62;-51.24;430;23.2;68;4991;4.3;11.0;;
3532207;Narandiba;SP;4B;ABNT_TR_15220-3-1_2024;-22.41;-51.53;414;23.2;66;5063;4.3;10.8;;
3532306;Natividade da Serra;SP;2M;ABNT_TR_15220-3-1_2024;-23.37;-45.45;841;19.2;79;4605;3.4;9.6;;
3532405;Nazaré Paulista;SP;2M;ABNT_TR_15220-3-1_2024;-23.17;-46.40;774;19.0;77;4626;3.4;9.6;;
3532504;Neves Paulista;SP;4B;ABNT_TR_15220-3-1_2024;-20.84;-49.64;537;23.8;65;5153;3.4;12.3;;
3532603;Nhandeara;SP;4B;ABNT_TR_15220-3-1_2024;-20.69;-50.04;520;24.0;64;5142;3.5;12.3;;
3532702;Nipoã;SP;4B;ABNT_TR_15220-3-1_2024;-20.91;-49.78;451;24.1;65;5147;3.5;12.3;;
3532801;Nova Aliança;SP;4B;ABNT_TR_15220-3-1_2024;-21.02;-49.50;467;23.9;66;5123;3.4;12.2;;
3532827;Nova Campina;SP;2M;ABNT_TR_15220-3-1_2024;-24.12;-48.90;827;18.9;79;4615;3.7;10.6;;
3532843;Nova Canaã Paulista;SP;4B;ABNT_TR_15220-3-1_2024;-20.38;-50.95;392;24.9;63;5218;3.7;12.5;;
3532868;Nova Castilho;SP;4B;ABNT_TR_15220-3-1_2024;-20.76;-50.35;394;24.4;64;5165;3.6;12.3;;
3532900;Nova Europa;SP;4B;ABNT_TR_15220-3-1_2024;-21.78;-48.57;529;23.5;67;5032;3.9;11.6;;
3533007;Nova Granada;SP;4B;ABNT_TR_15220-3-1_2024;-20.53;-49.31;507;24.0;66;5159;3.6;12.2;;
3533106;Nova Guataporanga;SP;4B;ABNT_TR_15220-3-1_2024;-21.33;-51.64;391;24.5;66;5144;3.8;11.6;;
3533205;Nova Independência;SP;4B;ABNT_TR_15220-3-1_2024;-21.10;-51.49;325;24.8;65;5143;3.8;11.9;;
3533254;Novais;SP;4B;ABNT_TR_15220-3-1_2024;-20.99;-48.91;528;23.6;66;5131;3.7;11.9;;
3533304;Nova Luzitânia;SP;4B;ABNT_TR_15220-3-1_2024;-20.86;-50.26;421;24.4;65;5147;3.5;12.3;;
3533403;Nova Odessa;SP;3B;ABNT_TR_15220-3-1_2024;-22.78;-47.29;572;21.7;68;4929;3.8;10.3;;
3533502;Novo Horizonte;SP;4B;ABNT_TR_15220-3-1_2024;-21.47;-49.22;464;23.9;66;5107;3.8;12.2;;
3533601;Nuporanga;SP;3B;ABNT_TR_15220-3-1_2024;-20.73;-47.74;773;22.7;66;5118;4.1;10.2;;
3533700;Ocauçu;SP;3B;ABNT_TR_15220-3-1_2024;-22.44;-49.92;544;22.6;69;4996;4.3;12.1;;
3533809;Óleo;SP;3B;ABNT_TR_15220-3-1_2024;-22.94;-49.34;611;21.3;70;4891;4.5;11.8;;
3533908;Olímpia;SP;4B;ABNT_TR_15220-3-1_2024;-20.74;-48.91;478;23.9;65;5161;3.7;11.9;;
3534005;Onda Verde;SP;4B;ABNT_TR_15220-3-1_2024;-20.60;-49.29;527;24.0;66;5150;3.6;12.2;;
3534104;Oriente;SP;4B;ABNT_TR_15220-3-1_2024;-22.15;-50.10;598;23.0;67;5018;4.5;12.1;;
3534203;Orindiúva;SP;4B;ABNT_TR_15220-3-1_2024;-20.19;-49.35;485;24.6;65;5176;3.8;12.3;;
3534302;Orlândia;SP;4B;ABNT_TR_15220-3-1_2024;-20.72;-47.89;696;22.9;66;5110;4.1;10.2;;
3534401;Osasco;SP;2M;ABNT_TR_15220-3-1_2024;-23.53;-46.79;740;19.5;74;4492;2.8;9.2;;
3534500;Oscar Bressane;SP;3B;ABNT_TR_15220-3-1_2024;-22.31;-50.28;484;22.9;69;5027;4.5;12.1;;
3534609;Osvaldo Cruz;SP;4B;ABNT_TR_15220-3-1_2024;-21.80;-50.88;469;23.7;66;5094;4.2;11.9;;
3534708;Ourinhos;SP;3B;ABNT_TR_15220-3-1_2024;-22.98;-49.87;492;22.4;72;5116;1.3;11.7;;
3534757;Ouroeste;SP;4B;ABNT_TR_15220-3-1_2024;-20.01;-50.38;494;24.6;62;5198;3.6;12.5;;
3534807;Ouro Verde;SP;4B;ABNT_TR_15220-3-1_2024;-21.49;-51.70;372;24.5;66;5118;3.9;11.6;;
3534906;Pacaembu;SP;4B;ABNT_TR_15220-3-1_2024;-21.56;-51.27;421;24.1;66;5121;4.0;11.6;;
3535002;Palestina;SP;4B;ABNT_TR_15220-3-1_2024;-20.39;-49.43;543;24.1;65;5160;3.6;12.3;;
3535101;Palmares Paulista;SP;4B;ABNT_TR_15220-3-1_2024;-21.09;-48.80;514;23.5;65;5128;3.7;11.8;;
3535200;Palmeira d'Oeste;SP;4B;ABNT_TR_15220-3-1_2024;-20.41;-50.76;426;24.9;62;5204;3.6;12.5;;
3535309;Palmital;SP;3B;ABNT_TR_15220-3-1_2024;-22.79;-50.22;507;22.7;70;4934;4.2;12.1;;
3535408;Panorama;SP;4B;ABNT_TR_15220-3-1_2024;-21.35;-51.86;280;24.8;67;5117;3.9;11.6;;
3535507;Paraguaçu Paulista;SP;3B;ABNT_TR_15220-3-1_2024;-22.41;-50.57;504;22.9;69;5005;4.5;11.8;;
3535606;Paraibuna;SP;2M;ABNT_TR_15220-3-1_2024;-23.39;-45.66;636;19.9;79;4660;3.7;9.5;;
3535705;Paraíso;SP;4B;ABNT_TR_15220-3-1_2024;-21.02;-48.78;583;23.7;65;5132;3.7;11.8;;
3535804;Paranapanema;SP;2M;ABNT_TR_15220-3-1_2024;-23.39;-48.72;598;20.5;76;4781;3.9;11.2;;
3535903;Paranapuã;SP;4B;ABNT_TR_15220-3-1_2024;-20.10;-50.59;474;24.9;62;5193;3.5;12.5;;
3536000;Parapuã;SP;4B;ABNT_TR_15220-3-1_2024;-21.78;-50.79;474;23.6;66;5088;4.3;11.9;;
3536109;Pardinho;SP;2M;ABNT_TR_15220-3-1_2024;-23.08;-48.37;916;20.2;72;4759;3.3;10.6;;
3536208;Pariquera-Açu;SP;3A;ABNT_TR_15220-3-1_2024;-24.71;-47.87;36;21.5;79;4063;3.1;8.4;;
3536257;Parisi;SP;4B;ABNT_TR_15220-3-1_2024;-20.30;-50.02;514;24.4;63;5186;3.4;12.5;;
3536307;Patrocínio Paulista;SP;3B;ABNT_TR_15220-3-1_2024;-20.64;-47.28;733;21.8;67;5066;4.1;9.5;;
3536406;Paulicéia;SP;4B;ABNT_TR_15220-3-1_2024;-21.32;-51.83;344;24.7;66;5107;3.9;11.6;;
3536505;Paulínia;SP;3B;ABNT_TR_15220-3-1_2024;-22.75;-47.15;565;21.6;69;4936;3.8;10.3;;
3536570;Paulistânia;SP;3B;ABNT_TR_15220-3-1_2024;-22.58;-49.40;550;22.1;69;4940;4.1;11.8;;
3536604;Paulo de Faria;SP;4B;ABNT_TR_15220-3-1_2024;-20.03;-49.40;444;24.7;65;5170;3.8;12.3;;
3536703;Pederneiras;SP;3B;ABNT_TR_15220-3-1_2024;-22.35;-48.78;506;22.3;68;5008;4.0;11.4;;
3536802;Pedra Bela;SP;1M;ABNT_TR_15220-3-1_2024;-22.79;-46.45;1054;18.8;79;4816;4.1;10.5;;
3536901;Pedranópolis;SP;4B;ABNT_TR_15220-3-1_2024;-20.25;-50.11;477;24.6;63;5204;3.4;12.5;;
3537008;Pedregulho;SP;3B;ABNT_TR_15220-3-1_2024;-20.25;-47.48;1038;21.4;66;5136;4.0;9.9;;
3537107;Pedreira;SP;3B;ABNT_TR_15220-3-1_2024;-22.74;-46.89;610;21.4;69;4954;4.3;10.3;;
3537156;Pedrinhas Paulista;SP;4B;ABNT_TR_15220-3-1_2024;-22.82;-50.79;354;23.2;70;4967;4.3;11.7;;
3537206;Pedro de Toledo;SP;2M;ABNT_TR_15220-3-1_2024;-24.28;-47.24;58;20.7;76;4175;2.9;8.7;;
3537305;Penápolis;SP;4B;ABNT_TR_15220-3-1_2024;-21.41;-50.08;405;24.0;65;5149;3.8;12.2;;
3537404;Pereira Barreto;SP;4B;ABNT_TR_15220-3-1_2024;-20.64;-51.11;355;25.0;65;5164;3.8;12.1;;
3537503;Pereiras;SP;3B;ABNT_TR_15220-3-1_2024;-23.08;-47.97;501;21.4;70;4888;4.0;10.1;;
3537602;Peruíbe;SP;3A;ABNT_TR_15220-3-1_2024;-24.31;-47.00;8;21.8;75;4050;2.7;8.7;;
3537701;Piacatu;SP;4B;ABNT_TR_15220-3-1_2024;-21.59;-50.60;426;23.9;66;5088;3.9;11.9;;
3537800;Piedade;SP;1M;ABNT_TR_15220-3-1_2024;-23.71;-47.43;810;18.8;74;4715;4.2;9.5;;
3537909;Pilar do Sul;SP;2M;ABNT_TR_15220-3-1_2024;-23.81;-47.72;685;19.3;80;4667;3.9;9.8;;
3538006;Pindamonhangaba;SP;2M;ABNT_TR_15220-3-1_2024;-22.92;-45.46;562;20.8;81;4592;2.5;11.0;;
3538105;Pindorama;SP;4B;ABNT_TR_15220-3-1_2024;-21.19;-48.91;546;23.4;65;5089;3.8;11.8;;
3538204;Pinhalzinho;SP;2M;ABNT_TR_15220-3-1_2024;-22.78;-46.59;938;19.8;73;4856;4.1;10.3;;
3538303;Piquerobi;SP;4B;ABNT_TR_15220-3-1_2024;-21.87;-51.73;418;23.8;66;5113;4.2;11.3;;
3538501;Piquete;SP;2M;ABNT_TR_15220-3-1_2024;-22.61;-45.19;648;18.8;78;4465;2.6;11.0;;
3538600;Piracaia;SP;2M;ABNT_TR_15220-3-1_2024;-23.05;-46.36;822;19.2;78;4712;3.3;9.6;;
3538709;Piracicaba;SP;3B;ABNT_TR_15220-3-1_2024;-22.73;-47.65;538;22.0;67;4900;4.0;10.4;;
3538808;Piraju;SP;3B;ABNT_TR_15220-3-1_2024;-23.20;-49.38;621;21.0;71;4848;4.0;11.7;;
3538907;Pirajuí;SP;4B;ABNT_TR_15220-3-1_2024;-22.00;-49.46;483;22.9;66;5022;4.1;12.0;;
3539004;Pirangi;SP;4B;ABNT_TR_15220-3-1_2024;-21.09;-48.66;535;23.5;66;5132;3.7;11.8;;
3539103;Pirapora do Bom Jesus;SP;2M;ABNT_TR_15220-3-1_2024;-23.40;-47.00;730;19.6;72;4707;3.6;9.7;;
3539202;Pirapozinho;SP;4B;ABNT_TR_15220-3-1_2024;-22.27;-51.50;460;23.3;66;5098;4.2;11.3;;
3539301;Pirassununga;SP;3A;ABNT_TR_15220-3-1_2024;-22.00;-47.43;635;21.7;74;5182;2.4;13.2;;
3539400;Piratininga;SP;3B;ABNT_TR_15220-3-1_2024;-22.41;-49.13;540;22.2;69;4979;4.0;11.8;;
3539509;Pitangueiras;SP;4B;ABNT_TR_15220-3-1_2024;-21.01;-48.22;522;23.7;65;5142;3.6;11.4;;
3539608;Planalto;SP;4B;ABNT_TR_15220-3-1_2024;-21.03;-49.93;433;24.2;65;5141;3.6;12.2;;
3539707;Platina;SP;3B;ABNT_TR_15220-3-1_2024;-22.64;-50.21;477;22.3;70;4968;4.2;12.1;;
3539806;Poá;SP;2M;ABNT_TR_15220-3-1_2024;-23.53;-46.35;758;19.7;75;4420;3.5;8.8;;
3539905;Poloni;SP;4B;ABNT_TR_15220-3-1_2024;-20.78;-49.83;498;24.0;65;5149;3.6;12.3;;
3540002;Pompéia;SP;4B;ABNT_TR_15220-3-1_2024;-22.11;-50.18;600;23.1;67;5032;4.5;12.1;;
3540101;Pongaí;SP;4B;ABNT_TR_15220-3-1_2024;-21.74;-49.36;443;23.6;65;5138;3.8;12.0;;
3540200;Pontal;SP;4B;ABNT_TR_15220-3-1_2024;-21.02;-48.04;530;23.9;66;5158;3.7;11.4;;
3540259;Pontalinda;SP;4B;ABNT_TR_15220-3-1_2024;-20.44;-50.53;388;24.7;62;5182;3.4;12.5;;
3540309;Pontes Gestal;SP;4B;ABNT_TR_15220-3-1_2024;-20.17;-49.71;447;24.6;65;5188;3.5;12.4;;
3540408;Populina;SP;5B;ABNT_TR_15220-3-1_2024;-19.95;-50.54;434;25.1;62;5185;3.6;12.6;;
3540507;Porangaba;SP;3A;ABNT_TR_15220-3-1_2024;-23.18;-48.12;531;21.0;74;4821;4.0;10.6;;
3540606;Porto Feliz;SP;3B;ABNT_TR_15220-3-1_2024;-23.21;-47.53;523;21.4;70;4864;4.0;10.1;;
3540705;Porto Ferreira;SP;3B;ABNT_TR_15220-3-1_2024;-21.85;-47.49;539;22.5;71;5026;3.4;11.3;;
3540754;Potim;SP;3A;ABNT_TR_15220-3-1_2024;-22.83;-45.26;534;21.1;80;4628;2.5;11.0;;
3540804;Potirendaba;SP;4B;ABNT_TR_15220-3-1_2024;-21.04;-49.38;472;23.9;66;5122;3.5;12.2;;
3540853;Pracinha;SP;4B;ABNT_TR_15220-3-1_2024;-21.85;-51.09;384;24.0;66;5121;3.9;11.6;;
3540903;Pradópolis;SP;3B;ABNT_TR_15220-3-1_2024;-21.36;-48.07;537;22.6;65;5355;2.1;13.9;;
3541000;Praia Grande;SP;3A;ABNT_TR_15220-3-1_2024;-24.01;-46.41;9;21.9;74;3910;3.2;8.1;;
3541059;Pratânia;SP;2M;ABNT_TR_15220-3-1_2024;-22.81;-48.66;707;20.7;68;4919;4.4;11.2;;
3541109;Presidente Alves;SP;4B;ABNT_TR_15220-3-1_2024;-22.10;-49.44;578;22.9;67;5017;3.9;11.8;;
3541208;Presidente Bernardes;SP;4B;ABNT_TR_15220-3-1_2024;-22.01;-51.56;437;23.8;65;5125;4.0;10.8;;
3541307;Presidente Epitácio;SP;4B;ABNT_TR_15220-3-1_2024;-21.77;-52.11;308;24.5;67;5150;3.8;11.1;;
3541406;Presidente Prudente;SP;4B;ABNT_TR_15220-3-1_2024;-22.12;-51.39;449;24.1;62;5351;1.4;10.5;;
3541505;Presidente Venceslau;SP;4B;ABNT_TR_15220-3-1_2024;-21.87;-51.84;425;23.9;66;5120;4.1;11.3;;
3541604;Promissão;SP;4B;ABNT_TR_15220-3-1_2024;-21.54;-49.86;434;23.8;64;5126;4.1;12.1;;
3541653;Quadra;SP;2M;ABNT_TR_15220-3-1_2024;-23.30;-48.05;631;20.5;77;4808;3.9;10.6;;
3541703;Quatá;SP;4B;ABNT_TR_15220-3-1_2024;-22.25;-50.70;541;22.9;69;5029;4.4;11.8;;
3541802;Queiroz;SP;4B;ABNT_TR_15220-3-1_2024;-21.80;-50.24;413;23.6;66;5080;3.9;12.1;;
3541901;Queluz;SP;2M;ABNT_TR_15220-3-1_2024;-22.53;-44.78;500;19.2;77;4394;2.6;10.9;;
3542008;Quintana;SP;4B;ABNT_TR_15220-3-1_2024;-22.07;-50.31;603;23.1;67;5035;4.4;12.1;;
3542107;Rafard;SP;3B;ABNT_TR_15220-3-1_2024;-23.01;-47.53;542;21.7;68;4891;4.0;10.1;;
3542206;Rancharia;SP;3B;ABNT_TR_15220-3-1_2024;-22.23;-50.89;521;22.2;73;5302;1.6;14.3;;
3542305;Redenção da Serra;SP;2M;ABNT_TR_15220-3-1_2024;-23.26;-45.54;775;19.9;80;4637;3.3;9.5;;
3542404;Regente Feijó;SP;4B;ABNT_TR_15220-3-1_2024;-22.22;-51.31;486;23.4;65;5092;4.2;11.3;;
3542503;Reginópolis;SP;4B;ABNT_TR_15220-3-1_2024;-21.89;-49.23;412;23.4;68;5078;4.2;12.0;;
3542602;Registro;SP;3A;ABNT_TR_15220-3-1_2024;-24.50;-47.84;25;21.5;79;4015;2.6;9.1;;
3542701;Restinga;SP;3B;ABNT_TR_15220-3-1_2024;-20.61;-47.48;916;21.8;66;5068;4.2;9.5;;
3542800;Ribeira;SP;2M;ABNT_TR_15220-3-1_2024;-24.65;-49.00;351;19.3;79;4241;2.2;10.4;;
3542909;Ribeirão Bonito;SP;3B;ABNT_TR_15220-3-1_2024;-22.07;-48.18;583;22.3;68;4982;4.2;10.8;;
3543006;Ribeirão Branco;SP;1M;ABNT_TR_15220-3-1_2024;-24.22;-48.76;853;18.5;79;4467;3.8;10.6;;
3543105;Ribeirão Corrente;SP;3B;ABNT_TR_15220-3-1_2024;-20.46;-47.59;862;22.3;66;5106;4.3;10.7;;
3543204;Ribeirão do Sul;SP;3B;ABNT_TR_15220-3-1_2024;-22.79;-49.93;484;22.3;70;4923;4.0;12.2;;
3543238;Ribeirão dos Índios;SP;4B;ABNT_TR_15220-3-1_2024;-21.84;-51.61;399;24.1;66;5117;4.1;11.3;;
3543253;Ribeirão Grande;SP;2M;ABNT_TR_15220-3-1_2024;-24.10;-48.37;687;18.9;82;4449;3.5;9.8;;
3543303;Ribeirão Pires;SP;2M;ABNT_TR_15220-3-1_2024;-23.71;-46.41;790;19.3;74;4279;4.0;8.8;;
3543402;Ribeirão Preto;SP;4B;ABNT_TR_15220-3-1_2024;-21.17;-47.81;524;22.9;66;5078;3.4;11.2;;
3543501;Riversul;SP;2M;ABNT_TR_15220-3-1_2024;-23.83;-49.43;531;20.6;76;4787;3.7;11.5;;
3543600;Rifaina;SP;3B;ABNT_TR_15220-3-1_2024;-20.08;-47.43;613;22.8;65;5191;3.9;9.9;;
3543709;Rincão;SP;3B;ABNT_TR_15220-3-1_2024;-21.59;-48.07;537;22.9;66;5051;3.9;11.1;;
3543808;Rinópolis;SP;4B;ABNT_TR_15220-3-1_2024;-21.73;-50.72;442;23.7;66;5084;4.3;11.9;;
3543907;Rio Claro;SP;3B;ABNT_TR_15220-3-1_2024;-22.40;-47.55;624;21.7;68;4902;3.6;10.4;;
3544004;Rio das Pedras;SP;3B;ABNT_TR_15220-3-1_2024;-22.84;-47.60;624;21.8;68;4912;4.0;10.4;;
3544103;Rio Grande da Serra;SP;2M;ABNT_TR_15220-3-1_2024;-23.74;-46.40;766;19.3;74;4251;3.3;8.8;;
3544202;Riolândia;SP;4B;ABNT_TR_15220-3-1_2024;-19.99;-49.68;444;24.7;65;5178;3.8;12.5;;
3544251;Rosana;SP;4B;ABNT_TR_15220-3-1_2024;-22.58;-53.06;278;24.2;69;5025;3.9;10.6;;
3544301;Roseira;SP;2M;ABNT_TR_15220-3-1_2024;-22.89;-45.31;547;20.9;80;4682;2.7;11.0;;
3544400;Rubiácea;SP;4B;ABNT_TR_15220-3-1_2024;-21.30;-50.73;425;24.0;65;5123;3.9;12.1;;
3544509;Rubinéia;SP;4B;ABNT_TR_15220-3-1_2024;-20.18;-51.01;332;24.9;63;5192;3.3;12.4;;
3544608;Sabino;SP;4B;ABNT_TR_15220-3-1_2024;-21.46;-49.58;417;23.9;65;5150;3.9;12.2;;
3544707;Sagres;SP;4B;ABNT_TR_15220-3-1_2024;-21.88;-50.96;433;23.9;67;5101;4.0;11.9;;
3544806;Sales;SP;4B;ABNT_TR_15220-3-1_2024;-21.34;-49.49;432;24.0;65;5122;3.8;12.2;;
3544905;Sales Oliveira;SP;3B;ABNT_TR_15220-3-1_2024;-20.77;-47.84;742;22.6;66;5099;4.1;10.2;;
3545001;Salesópolis;SP;1M;ABNT_TR_15220-3-1_2024;-23.53;-45.85;800;18.8;78;4575;3.6;8.5;;
3545100;Salmourão;SP;4B;ABNT_TR_15220-3-1_2024;-21.63;-50.86;465;24.1;65;5080;3.9;11.9;;
3545159;Saltinho;SP;3B;ABNT_TR_15220-3-1_2024;-22.84;-47.68;602;21.8;68;4912;4.0;10.4;;
3545209;Salto;SP;3B;ABNT_TR_15220-3-1_2024;-23.20;-47.29;543;21.2;70;4854;4.1;9.9;;
3545308;Salto de Pirapora;SP;2M;ABNT_TR_15220-3-1_2024;-23.65;-47.57;622;20.3;76;4731;4.2;9.8;;
3545407;Salto Grande;SP;3B;ABNT_TR_15220-3-1_2024;-22.89;-49.98;412;22.7;71;4924;4.0;12.2;;
3545506;Sandovalina;SP;4B;ABNT_TR_15220-3-1_2024;-22.46;-51.76;408;23.5;66;5050;4.2;10.8;;
3545605;Santa Adélia;SP;4B;ABNT_TR_15220-3-1_2024;-21.24;-48.81;604;23.3;66;5109;3.7;11.8;;
3545704;Santa Albertina;SP;5B;ABNT_TR_15220-3-1_2024;-20.03;-50.73;420;25.2;62;5203;3.5;12.5;;
3545803;Santa Bárbara d'Oeste;SP;3B;ABNT_TR_15220-3-1_2024;-22.76;-47.41;567;21.8;67;4923;3.8;10.3;;
3546009;Santa Branca;SP;2M;ABNT_TR_15220-3-1_2024;-23.39;-45.89;662;19.8;78;4609;3.4;9.5;;
3546108;Santa Clara d'Oeste;SP;5B;ABNT_TR_15220-3-1_2024;-20.09;-50.95;378;25.1;62;5194;3.5;12.5;;
3546207;Santa Cruz da Conceição;SP;3B;ABNT_TR_15220-3-1_2024;-22.14;-47.45;650;21.6;71;4987;3.5;10.8;;
3546256;Santa Cruz da Esperança;SP;3B;ABNT_TR_15220-3-1_2024;-21.30;-47.43;592;22.5;67;5058;3.5;11.0;;
3546306;Santa Cruz das Palmeiras;SP;3B;ABNT_TR_15220-3-1_2024;-21.82;-47.25;656;22.2;68;5001;3.3;11.3;;
3546405;Santa Cruz do Rio Pardo;SP;3B;ABNT_TR_15220-3-1_2024;-22.90;-49.64;462;22.0;70;4925;4.4;12.2;;
3546504;Santa Ernestina;SP;4B;ABNT_TR_15220-3-1_2024;-21.46;-48.40;584;22.9;66;5064;3.9;11.4;;
3546603;Santa Fé do Sul;SP;5B;ABNT_TR_15220-3-1_2024;-20.21;-50.93;390;25.0;62;5204;3.6;12.5;;
3546702;Santa Gertrudes;SP;3B;ABNT_TR_15220-3-1_2024;-22.46;-47.53;587;21.5;67;4899;3.6;10.4;;
3546801;Santa Isabel;SP;2M;ABNT_TR_15220-3-1_2024;-23.32;-46.22;680;19.6;77;4462;3.0;9.6;;
3546900;Santa Lúcia;SP;3B;ABNT_TR_15220-3-1_2024;-21.69;-48.09;706;22.5;67;5016;3.9;11.1;;
3547007;Santa Maria da Serra;SP;3B;ABNT_TR_15220-3-1_2024;-22.57;-48.16;495;22.3;68;4876;3.6;10.8;;
3547106;Santa Mercedes;SP;4B;ABNT_TR_15220-3-1_2024;-21.35;-51.76;358;24.7;66;5130;3.8;11.6;;
3547205;Santana da Ponte Pensa;SP;4B;ABNT_TR_15220-3-1_2024;-20.25;-50.80;423;24.9;62;5211;3.6;12.5;;
3547304;Santana de Parnaíba;SP;2M;ABNT_TR_15220-3-1_2024;-23.44;-46.92;712;19.5;73;4581;2.9;9.7;;
3547403;Santa Rita d'Oeste;SP;4B;ABNT_TR_15220-3-1_2024;-20.14;-50.84;416;25.0;62;5217;3.6;12.5;;
3547502;Santa Rita do Passa Quatro;SP;3B;ABNT_TR_15220-3-1_2024;-21.71;-47.48;760;22.2;70;5016;3.5;11.3;;
3547601;Santa Rosa de Viterbo;SP;3B;ABNT_TR_15220-3-1_2024;-21.48;-47.36;719;22.2;68;5050;3.5;11.0;;
3547650;Santa Salete;SP;4B;ABNT_TR_15220-3-1_2024;-20.24;-50.69;440;24.8;62;5199;3.5;12.5;;
3547700;Santo Anastácio;SP;4B;ABNT_TR_15220-3-1_2024;-21.97;-51.65;448;23.8;65;5109;4.0;11.3;;
3547809;Santo André;SP;2M;ABNT_TR_15220-3-1_2024;-23.67;-46.54;796;19.3;73;4333;3.8;9.2;;
3547908;Santo Antônio da Alegria;SP;3B;ABNT_TR_15220-3-1_2024;-21.09;-47.15;790;21.0;68;5012;4.1;11.0;;
3548005;Santo Antônio de Posse;SP;3B;ABNT_TR_15220-3-1_2024;-22.60;-46.92;646;21.6;69;4960;4.1;10.3;;
3548054;Santo Antônio do Aracanguá;SP;4B;ABNT_TR_15220-3-1_2024;-20.93;-50.50;392;24.6;65;5149;3.5;12.3;;
3548104;Santo Antônio do Jardim;SP;2M;ABNT_TR_15220-3-1_2024;-22.11;-46.68;831;20.5;70;4859;3.8;11.0;;
3548203;Santo Antônio do Pinhal;SP;1M;ABNT_TR_15220-3-1_2024;-22.83;-45.66;1090;18.3;84;4693;2.5;10.8;;
3548302;Santo Expedito;SP;4B;ABNT_TR_15220-3-1_2024;-21.85;-51.39;390;24.2;65;5101;3.9;11.6;;
3548401;Santópolis do Aguapeí;SP;4B;ABNT_TR_15220-3-1_2024;-21.64;-50.50;427;23.8;66;5101;3.9;11.9;;
3548500;Santos;SP;3A;ABNT_TR_15220-3-1_2024;-23.95;-46.34;6;22.0;75;4142;3.2;8.8;;
3548609;São Bento do Sapucaí;SP;1M;ABNT_TR_15220-3-1_2024;-22.68;-45.73;869;17.9;82;4725;3.2;10.8;;
3548708;São Bernardo do Campo;SP;2M;ABNT_TR_15220-3-1_2024;-23.69;-46.56;799;19.2;73;4333;3.8;9.2;;
3548807;São Caetano do Sul;SP;2M;ABNT_TR_15220-3-1_2024;-23.62;-46.55;760;19.6;73;4419;3.3;9.2;;
3548906;São Carlos;SP;3B;ABNT_TR_15220-3-1_2024;-22.02;-47.89;844;21.2;70;4971;4.1;10.4;;
3549003;São Francisco;SP;4B;ABNT_TR_15220-3-1_2024;-20.36;-50.70;421;24.8;62;5199;3.4;12.5;;
3549102;São João da Boa Vista;SP;3B;ABNT_TR_15220-3-1_2024;-21.97;-46.79;749;21.3;68;4933;3.9;11.2;;
3549201;São João das Duas Pontes;SP;4B;ABNT_TR_15220-3-1_2024;-20.39;-50.38;436;24.6;62;5186;3.5;12.5;;
3549250;São João de Iracema;SP;4B;ABNT_TR_15220-3-1_2024;-20.51;-50.36;408;24.6;63;5171;3.6;12.3;;
3549300;São João do Pau d'Alho;SP;4B;ABNT_TR_15220-3-1_2024;-21.27;-51.67;377;24.5;66;5144;3.8;11.6;;
3549409;São Joaquim da Barra;SP;4B;ABNT_TR_15220-3-1_2024;-20.58;-47.86;622;23.2;65;5147;4.0;10.2;;
3549508;São José da Bela Vista;SP;3B;ABNT_TR_15220-3-1_2024;-20.59;-47.64;711;22.5;66;5109;4.2;10.2;;
3549607;São José do Barreiro;SP;3A;ABNT_TR_15220-3-1_2024;-22.64;-44.58;611;21.3;77;4667;2.6;10.9;;
3549706;São José do Rio Pardo;SP;3B;ABNT_TR_15220-3-1_2024;-21.60;-46.89;697;21.5;67;5060;4.2;11.2;;
3549805;São José do Rio Preto;SP;4B;ABNT_TR_15220-3-1_2024;-20.81;-49.38;481;23.7;66;5132;3.5;12.2;;
3549904;São José dos Campos;SP;2M;ABNT_TR_15220-3-1_2024;-23.19;-45.88;598;20.4;80;4570;3.0;9.5;;
3549953;São Lourenço da Serra;SP;2M;ABNT_TR_15220-3-1_2024;-23.85;-46.94;715;18.9;73;4259;3.8;9.2;;
3550001;São Luiz do Paraitinga;SP;2M;ABNT_TR_15220-3-1_2024;-23.22;-45.31;743;19.5;80;4714;3.3;9.6;;
3550100;São Manuel;SP;3B;ABNT_TR_15220-3-1_2024;-22.73;-48.57;714;21.1;68;4981;4.0;11.2;;
3550209;São Miguel Arcanjo;SP;2M;ABNT_TR_15220-3-1_2024;-23.88;-47.99;659;19.7;82;4537;2.5;9.9;;
3550308;São Paulo;SP;2M;ABNT_TR_15220-3-1_2024;-23.53;-46.64;744;20.4;71;4625;3.3;8.4;;
3550407;São Pedro;SP;3B;ABNT_TR_15220-3-1_2024;-22.55;-47.91;560;21.2;68;4838;3.5;10.4;;
3550506;São Pedro do Turvo;SP;3B;ABNT_TR_15220-3-1_2024;-22.75;-49.74;483;22.1;70;4940;4.2;12.2;;
3550605;São Roque;SP;2M;ABNT_TR_15220-3-1_2024;-23.52;-47.14;759;19.5;72;4706;3.8;9.5;;
3550704;São Sebastião;SP;3A;ABNT_TR_15220-3-1_2024;-23.80;-45.41;119;21.9;78;4214;3.1;9.2;;
3550803;São Sebastião da Grama;SP;2M;ABNT_TR_15220-3-1_2024;-21.70;-46.82;942;20.2;68;5049;4.1;11.2;;
3550902;São Simão;SP;3B;ABNT_TR_15220-3-1_2024;-21.47;-47.55;676;22.4;68;5021;3.4;11.2;;
3551009;São Vicente;SP;3A;ABNT_TR_15220-3-1_2024;-23.96;-46.39;13;21.8;74;4142;3.2;8.8;;
3551108;Sarapuí;SP;2M;ABNT_TR_15220-3-1_2024;-23.64;-47.82;586;20.2;80;4728;3.9;9.8;;
3551207;Sarutaiá;SP;2M;ABNT_TR_15220-3-1_2024;-23.27;-49.48;755;20.8;72;4842;4.2;11.7;;
3551306;Sebastianópolis do Sul;SP;4B;ABNT_TR_15220-3-1_2024;-20.65;-49.93;456;24.0;65;5152;3.5;12.3;;
3551405;Serra Azul;SP;3B;ABNT_TR_15220-3-1_2024;-21.31;-47.56;613;22.7;67;5056;3.9;11.2;;
3551504;Serrana;SP;4B;ABNT_TR_15220-3-1_2024;-21.20;-47.60;554;23.1;66;5051;3.8;11.2;;
3551603;Serra Negra;SP;2M;ABNT_TR_15220-3-1_2024;-22.61;-46.70;954;20.3;71;4956;3.9;10.3;;
3551702;Sertãozinho;SP;4B;ABNT_TR_15220-3-1_2024;-21.13;-47.99;572;23.6;66;5123;3.6;11.2;;
3551801;Sete Barras;SP;3A;ABNT_TR_15220-3-1_2024;-24.38;-47.93;38;21.1;79;3944;2.4;9.1;;
3551900;Severínia;SP;4B;ABNT_TR_15220-3-1_2024;-20.81;-48.81;590;23.8;65;5161;3.9;11.9;;
3552007;Silveiras;SP;2M;ABNT_TR_15220-3-1_2024;-22.66;-44.85;619;20.0;77;4835;2.9;10.9;;
3552106;Socorro;SP;2M;ABNT_TR_15220-3-1_2024;-22.59;-46.53;776;19.8;71;4919;4.2;10.3;;
3552205;Sorocaba;SP;2M;ABNT_TR_15220-3-1_2024;-23.50;-47.45;561;20.5;71;4758;4.0;9.9;;
3552304;Sud Mennucci;SP;4B;ABNT_TR_15220-3-1_2024;-20.69;-50.92;374;24.9;65;5155;3.8;12.3;;
3552403;Sumaré;SP;3B;ABNT_TR_15220-3-1_2024;-22.82;-47.27;583;21.7;68;4929;3.8;10.3;;
3552502;Suzano;SP;2M;ABNT_TR_15220-3-1_2024;-23.54;-46.31;749;19.7;75;4420;3.5;8.8;;
3552551;Suzanápolis;SP;4B;ABNT_TR_15220-3-1_2024;-20.50;-51.03;349;24.9;64;5194;3.6;12.4;;
3552601;Tabapuã;SP;4B;ABNT_TR_15220-3-1_2024;-20.96;-49.03;504;23.6;66;5130;3.8;12.2;;
3552700;Tabatinga;SP;4B;ABNT_TR_15220-3-1_2024;-21.72;-48.69;491;23.4;67;5061;3.9;11.6;;
3552809;Taboão da Serra;SP;2M;ABNT_TR_15220-3-1_2024;-23.60;-46.75;750;19.4;73;4476;3.2;9.2;;
3552908;Taciba;SP;4B;ABNT_TR_15220-3-1_2024;-22.39;-51.29;395;23.2;66;5044;4.3;11.3;;
3553005;Taguaí;SP;2M;ABNT_TR_15220-3-1_2024;-23.45;-49.40;572;20.8;73;4829;4.0;11.7;;
3553104;Taiaçu;SP;4B;ABNT_TR_15220-3-1_2024;-21.14;-48.51;556;23.3;66;5134;3.8;11.8;;
3553203;Taiúva;SP;4B;ABNT_TR_15220-3-1_2024;-21.12;-48.45;631;23.3;66;5133;3.6;11.4;;
3553302;Tambaú;SP;3B;ABNT_TR_15220-3-1_2024;-21.70;-47.27;687;21.6;67;5008;3.2;11.3;;
3553401;Tanabi;SP;4B;ABNT_TR_15220-3-1_2024;-20.62;-49.66;483;23.9;65;5155;3.5;12.3;;
3553500;Tapiraí;SP;2M;ABNT_TR_15220-3-1_2024;-23.96;-47.51;859;19.0;77;4115;3.1;9.8;;
3553609;Tapiratiba;SP;3B;ABNT_TR_15220-3-1_2024;-21.47;-46.74;796;21.0;68;4989;3.4;11.1;;
3553658;Taquaral;SP;4B;ABNT_TR_15220-3-1_2024;-21.07;-48.41;648;23.1;66;5133;3.6;11.4;;
3553708;Taquaritinga;SP;4B;ABNT_TR_15220-3-1_2024;-21.40;-48.51;583;23.1;66;5098;4.0;11.8;;
3553807;Taquarituba;SP;2M;ABNT_TR_15220-3-1_2024;-23.53;-49.24;600;20.9;75;4741;3.9;11.5;;
3553856;Taquarivaí;SP;2M;ABNT_TR_15220-3-1_2024;-23.92;-48.69;672;19.6;79;4562;3.4;11.0;;
3553906;Tarabai;SP;4B;ABNT_TR_15220-3-1_2024;-22.30;-51.56;431;23.5;66;5093;4.3;10.8;;
3553955;Tarumã;SP;3B;ABNT_TR_15220-3-1_2024;-22.74;-50.58;458;22.7;70;4971;4.2;11.7;;
3554003;Tatuí;SP;3A;ABNT_TR_15220-3-1_2024;-23.35;-47.85;615;21.0;75;4817;3.8;10.1;;
3554102;Taubaté;SP;2M;ABNT_TR_15220-3-1_2024;-23.01;-45.56;565;20.6;81;4640;2.5;9.5;;
3554201;Tejupá;SP;2M;ABNT_TR_15220-3-1_2024;-23.34;-49.37;780;20.6;72;4818;3.9;11.7;;
3554300;Teodoro Sampaio;SP;4B;ABNT_TR_15220-3-1_2024;-22.53;-52.17;342;23.5;66;5025;4.0;9.9;;
3554409;Terra Roxa;SP;4B;ABNT_TR_15220-3-1_2024;-20.79;-48.33;509;24.0;65;5172;3.6;11.3;;
3554508;Tietê;SP;3B;ABNT_TR_15220-3-1_2024;-23.11;-47.72;491;21.7;69;4899;3.9;10.1;;
3554607;Timburi;SP;3B;ABNT_TR_15220-3-1_2024;-23.21;-49.61;740;21.1;71;4889;3.9;12.2;;
3554656;Torre de Pedra;SP;2M;ABNT_TR_15220-3-1_2024;-23.25;-48.20;572;20.8;76;4821;4.0;10.6;;
3554706;Torrinha;SP;3B;ABNT_TR_15220-3-1_2024;-22.42;-48.17;781;21.2;68;4925;4.3;10.8;;
3554755;Trabiju;SP;3B;ABNT_TR_15220-3-1_2024;-22.04;-48.33;529;22.7;67;5005;4.2;10.8;;
3554805;Tremembé;SP;2M;ABNT_TR_15220-3-1_2024;-22.96;-45.55;540;20.6;81;4640;2.5;10.8;;
3554904;Três Fronteiras;SP;5B;ABNT_TR_15220-3-1_2024;-20.23;-50.89;402;25.0;62;5223;3.6;12.5;;
3554953;Tuiuti;SP;2M;ABNT_TR_15220-3-1_2024;-22.82;-46.69;849;19.9;71;4878;4.0;10.3;;
3555000;Tupã;SP;4B;ABNT_TR_15220-3-1_2024;-21.93;-50.52;517;23.3;67;5080;4.2;11.9;;
3555109;Tupi Paulista;SP;4B;ABNT_TR_15220-3-1_2024;-21.38;-51.58;395;24.3;66;5130;3.7;11.6;;
3555208;Turiúba;SP;4B;ABNT_TR_15220-3-1_2024;-20.94;-50.11;453;24.3;65;5153;3.4;12.3;;
3555307;Turmalina;SP;4B;ABNT_TR_15220-3-1_2024;-20.05;-50.48;455;24.8;62;5191;3.6;12.5;;
3555356;Ubarana;SP;4B;ABNT_TR_15220-3-1_2024;-21.17;-49.72;424;24.2;65;5119;3.7;12.2;;
3555406;Ubatuba;SP;2M;ABNT_TR_15220-3-1_2024;-23.43;-45.08;6;20.6;79;4028;2.6;9.6;;
3555505;Ubirajara;SP;3B;ABNT_TR_15220-3-1_2024;-22.53;-49.66;510;22.3;69;4952;4.1;12.2;;
3555604;Uchoa;SP;4B;ABNT_TR_15220-3-1_2024;-20.95;-49.17;483;23.7;66;5123;3.7;12.2;;
3555703;União Paulista;SP;4B;ABNT_TR_15220-3-1_2024;-20.89;-49.90;457;24.1;65;5143;3.5;12.3;;
3555802;Urânia;SP;4B;ABNT_TR_15220-3-1_2024;-20.25;-50.65;454;24.6;62;5199;3.3;12.5;;
3555901;Uru;SP;4B;ABNT_TR_15220-3-1_2024;-21.79;-49.28;464;23.5;66;5116;4.0;12.0;;
3556008;Urupês;SP;4B;ABNT_TR_15220-3-1_2024;-21.20;-49.29;450;24.0;66;5126;3.5;12.2;;
3556107;Valentim Gentil;SP;4B;ABNT_TR_15220-3-1_2024;-20.42;-50.09;507;24.4;63;5170;3.4;12.5;;
3556206;Valinhos;SP;2M;ABNT_TR_15220-3-1_2024;-22.97;-47.00;688;20.8;69;4881;4.4;10.3;;
3556305;Valparaíso;SP;4B;ABNT_TR_15220-3-1_2024;-21.22;-50.87;448;24.1;65;5141;3.8;12.1;;
3556354;Vargem;SP;2M;ABNT_TR_15220-3-1_2024;-22.89;-46.41;828;19.1;78;4822;4.3;10.5;;
3556404;Vargem Grande do Sul;SP;3B;ABNT_TR_15220-3-1_2024;-21.83;-46.89;728;21.4;67;5006;3.6;11.2;;
3556453;Vargem Grande Paulista;SP;2M;ABNT_TR_15220-3-1_2024;-23.60;-47.02;905;18.9;74;4548;3.7;9.5;;
3556503;Várzea Paulista;SP;2M;ABNT_TR_15220-3-1_2024;-23.21;-46.82;768;19.6;72;4785;4.0;9.7;;
3556602;Vera Cruz;SP;3B;ABNT_TR_15220-3-1_2024;-22.22;-49.82;634;22.6;67;5021;4.3;12.1;;
3556701;Vinhedo;SP;2M;ABNT_TR_15220-3-1_2024;-23.03;-46.98;738;20.8;70;4881;4.4;9.7;;
3556800;Viradouro;SP;4B;ABNT_TR_15220-3-1_2024;-20.87;-48.29;533;23.7;65;5163;3.5;11.3;;
3556909;Vista Alegre do Alto;SP;4B;ABNT_TR_15220-3-1_2024;-21.17;-48.63;605;23.2;66;5131;3.8;11.8;;
3556958;Vitória Brasil;SP;4B;ABNT_TR_15220-3-1_2024;-20.20;-50.49;493;24.5;62;5186;3.6;12.5;;
3557006;Votorantim;SP;2M;ABNT_TR_15220-3-1_2024;-23.54;-47.44;571;20.5;72;4758;4.3;9.5;;
3557105;Votuporanga;SP;4B;ABNT_TR_15220-3-1_2024;-20.42;-49.98;506;24.3;64;5182;3.4;12.4;;
3557154;Zacarias;SP;4B;ABNT_TR_15220-3-1_2024;-21.05;-50.06;414;24.4;65;5129;3.5;12.2;;
3557204;Chavantes;SP;3B;ABNT_TR_15220-3-1_2024;-23.04;-49.71;563;22.1;70;4926;4.2;12.2;;
3557303;Estiva Gerbi;SP;3B;ABNT_TR_15220-3-1_2024;-22.27;-46.95;605;21.7;68;4982;3.8;11.0;;
4100103;Abatiá;PR;3B;ABNT_TR_15220-3-1_2024;-23.30;-50.31;618;21.5;71;4937;3.8;12.2;;
4100202;Adrianópolis;PR;2M;ABNT_TR_15220-3-1_2024;-24.66;-48.99;201;19.2;79;4229;2.3;9.7;;
4100301;Agudos do Sul;PR;1M;ABNT_TR_15220-3-1_2024;-25.99;-49.33;855;17.4;85;4136;3.0;10.4;;
4100400;Almirante Tamandaré;PR;1M;ABNT_TR_15220-3-1_2024;-25.32;-49.30;956;17.1;84;4237;2.7;10.4;;
4100459;Altamira do Paraná;PR;2R;ABNT_TR_15220-3-1_2024;-24.80;-52.71;576;20.7;71;4814;3.5;10.9;;
4100509;Altônia;PR;4B;ABNT_TR_15220-3-1_2024;-23.88;-53.90;377;23.0;70;4874;3.5;10.7;;
4100608;Alto Paraná;PR;3B;ABNT_TR_15220-3-1_2024;-23.13;-52.32;516;22.6;67;4977;4.3;9.2;;
4100707;Alto Piquiri;PR;3B;ABNT_TR_15220-3-1_2024;-24.02;-53.44;413;22.5;70;4886;3.7;10.7;;
4100806;Alvorada do Sul;PR;4B;ABNT_TR_15220-3-1_2024;-22.78;-51.23;357;23.0;69;5042;4.4;11.0;;
4100905;Amaporã;PR;4B;ABNT_TR_15220-3-1_2024;-23.09;-52.79;408;23.2;68;4948;3.9;9.9;;
4101002;Ampére;PR;2R;ABNT_TR_15220-3-1_2024;-25.92;-53.47;492;20.5;71;4763;4.0;11.5;;
4101051;Anahy;PR;3B;ABNT_TR_15220-3-1_2024;-24.64;-53.13;470;21.2;71;4834;3.4;11.0;;
4101101;Andirá;PR;3B;ABNT_TR_15220-3-1_2024;-23.05;-50.23;477;22.3;71;4956;4.1;12.2;;
4101150;Ângulo;PR;3B;ABNT_TR_15220-3-1_2024;-23.19;-51.92;452;22.4;67;4944;4.3;9.4;;
4101200;Antonina;PR;3A;ABNT_TR_15220-3-1_2024;-25.44;-48.72;93;21.2;84;3825;2.2;9.2;;
4101309;Antônio Olinto;PR;1M;ABNT_TR_15220-3-1_2024;-25.98;-50.20;812;17.9;83;4165;2.9;11.5;;
4101408;Apucarana;PR;2M;ABNT_TR_15220-3-1_2024;-23.55;-51.46;843;20.6;70;4864;4.0;11.0;;
4101507;Arapongas;PR;2M;ABNT_TR_15220-3-1_2024;-23.42;-51.43;817;20.6;70;4884;3.7;11.1;;
4101606;Arapoti;PR;1M;ABNT_TR_15220-3-1_2024;-24.15;-49.83;847;18.4;74;4707;3.6;11.6;;
4101655;Arapuã;PR;2R;ABNT_TR_15220-3-1_2024;-24.31;-51.79;679;20.4;72;4849;3.8;10.4;;
4101705;Araruna;PR;3B;ABNT_TR_15220-3-1_2024;-23.93;-52.50;569;21.3;69;4901;3.5;10.1;;
4101804;Araucária;PR;1M;ABNT_TR_15220-3-1_2024;-25.59;-49.40;897;17.4;84;4198;2.9;10.4;;
4101853;Ariranha do Ivaí;PR;2R;ABNT_TR_15220-3-1_2024;-24.39;-51.58;730;19.7;72;4827;3.2;10.4;;
4101903;Assaí;PR;3B;ABNT_TR_15220-3-1_2024;-23.37;-50.85;592;21.3;70;4909;4.2;11.8;;
4102000;Assis Chateaubriand;PR;3B;ABNT_TR_15220-3-1_2024;-24.42;-53.52;399;22.1;71;4841;3.5;10.8;;
4102109;Astorga;PR;3B;ABNT_TR_15220-3-1_2024;-23.23;-51.67;677;21.7;68;4958;4.5;9.4;;
4102208;Atalaia;PR;3B;ABNT_TR_15220-3-1_2024;-23.15;-52.06;520;22.4;67;4942;4.2;9.2;;
4102307;Balsa Nova;PR;1M;ABNT_TR_15220-3-1_2024;-25.58;-49.63;887;17.5;84;4251;3.5;11.2;;
4102406;Bandeirantes;PR;3B;ABNT_TR_15220-3-1_2024;-23.11;-50.37;433;22.4;71;4966;4.0;12.2;;
4102505;Barbosa Ferraz;PR;3B;ABNT_TR_15220-3-1_2024;-24.03;-52.00;382;21.7;71;4898;3.2;10.5;;
4102604;Barracão;PR;2R;ABNT_TR_15220-3-1_2024;-26.25;-53.63;763;18.9;73;4713;4.2;11.7;;
4102703;Barra do Jacaré;PR;3B;ABNT_TR_15220-3-1_2024;-23.12;-50.18;426;22.3;71;4949;4.0;12.2;;
4102752;Bela Vista da Caroba;PR;2R;ABNT_TR_15220-3-1_2024;-25.88;-53.67;537;20.6;71;4778;4.0;11.7;;
4102802;Bela Vista do Paraíso;PR;3B;ABNT_TR_15220-3-1_2024;-22.99;-51.19;618;22.3;69;5004;3.9;11.0;;
4102901;Bituruna;PR;1M;ABNT_TR_15220-3-1_2024;-26.16;-51.55;888;16.5;78;4288;3.5;11.0;;
4103008;Boa Esperança;PR;3B;ABNT_TR_15220-3-1_2024;-24.25;-52.79;559;21.4;70;4867;3.7;10.6;;
4103024;Boa Esperança do Iguaçu;PR;2R;ABNT_TR_15220-3-1_2024;-25.63;-53.21;450;20.7;72;4760;3.8;11.5;;
4103040;Boa Ventura de São Roque;PR;1M;ABNT_TR_15220-3-1_2024;-24.87;-51.63;871;17.8;74;4642;3.8;10.9;;
4103057;Boa Vista da Aparecida;PR;3B;ABNT_TR_15220-3-1_2024;-25.43;-53.41;483;21.2;71;4716;3.5;11.3;;
4103107;Bocaiúva do Sul;PR;1M;ABNT_TR_15220-3-1_2024;-25.21;-49.11;980;17.7;84;4223;3.0;10.4;;
4103156;Bom Jesus do Sul;PR;2R;ABNT_TR_15220-3-1_2024;-26.20;-53.60;557;19.4;72;4736;4.2;11.7;;
4103206;Bom Sucesso;PR;3B;ABNT_TR_15220-3-1_2024;-23.71;-51.77;541;21.7;68;4854;4.0;9.7;;
4103222;Bom Sucesso do Sul;PR;2R;ABNT_TR_15220-3-1_2024;-26.07;-52.84;557;19.2;73;4723;3.7;11.1;;
4103305;Borrazópolis;PR;3B;ABNT_TR_15220-3-1_2024;-23.94;-51.59;631;21.7;70;4850;3.6;9.7;;
4103354;Braganey;PR;2R;ABNT_TR_15220-3-1_2024;-24.82;-53.12;657;20.3;71;4801;3.8;11.0;;
4103370;Brasilândia do Sul;PR;3B;ABNT_TR_15220-3-1_2024;-24.20;-53.53;369;22.7;70;4868;3.4;10.8;;
4103404;Cafeara;PR;4B;ABNT_TR_15220-3-1_2024;-22.79;-51.71;437;23.0;67;5062;4.4;10.2;;
4103453;Cafelândia;PR;3B;ABNT_TR_15220-3-1_2024;-24.62;-53.32;578;21.1;71;4817;3.3;11.0;;
4103479;Cafezal do Sul;PR;3B;ABNT_TR_15220-3-1_2024;-23.90;-53.51;388;22.8;69;4882;3.6;10.7;;
4103503;Califórnia;PR;3B;ABNT_TR_15220-3-1_2024;-23.66;-51.36;777;21.0;70;4842;3.9;11.0;;
4103602;Cambará;PR;3B;ABNT_TR_15220-3-1_2024;-23.04;-50.08;460;22.6;70;4962;4.1;12.2;;
4103701;Cambé;PR;2M;ABNT_TR_15220-3-1_2024;-23.28;-51.28;667;20.8;70;4891;3.8;11.1;;
4103800;Cambira;PR;2M;ABNT_TR_15220-3-1_2024;-23.59;-51.58;783;20.8;69;4844;4.2;9.7;;
4103909;Campina da Lagoa;PR;3B;ABNT_TR_15220-3-1_2024;-24.59;-52.80;585;21.0;71;4792;4.1;10.9;;
4103958;Campina do Simão;PR;1M;ABNT_TR_15220-3-1_2024;-25.08;-51.82;1008;17.8;76;4674;3.8;11.2;;
4104006;Campina Grande do Sul;PR;1M;ABNT_TR_15220-3-1_2024;-25.30;-49.06;884;17.6;84;4177;3.4;10.4;;
4104055;Campo Bonito;PR;2R;ABNT_TR_15220-3-1_2024;-25.03;-52.99;676;19.7;72;4784;4.1;11.1;;
4104105;Campo do Tenente;PR;1M;ABNT_TR_15220-3-1_2024;-25.98;-49.68;801;17.7;85;4162;3.0;11.2;;
4104204;Campo Largo;PR;1M;ABNT_TR_15220-3-1_2024;-25.45;-49.53;967;17.4;84;4188;3.1;11.1;;
4104253;Campo Magro;PR;1M;ABNT_TR_15220-3-1_2024;-25.37;-49.45;933;17.5;84;4211;2.9;10.4;;
4104303;Campo Mourão;PR;3B;ABNT_TR_15220-3-1_2024;-24.05;-52.38;603;21.2;70;4876;3.6;10.5;;
4104402;Cândido de Abreu;PR;2R;ABNT_TR_15220-3-1_2024;-24.56;-51.34;529;19.0;73;4812;3.2;11.1;;
4104428;Candói;PR;1M;ABNT_TR_15220-3-1_2024;-25.58;-52.04;929;18.3;76;4685;3.9;11.1;;
4104451;Cantagalo;PR;2R;ABNT_TR_15220-3-1_2024;-25.37;-52.12;791;19.2;74;4693;4.0;11.1;;
4104501;Capanema;PR;3B;ABNT_TR_15220-3-1_2024;-25.67;-53.81;355;21.4;71;4764;3.7;11.7;;
4104600;Capitão Leônidas Marques;PR;3B;ABNT_TR_15220-3-1_2024;-25.48;-53.61;340;21.5;72;4716;3.5;11.5;;
4104659;Carambeí;PR;1M;ABNT_TR_15220-3-1_2024;-24.92;-50.10;1132;17.7;81;4387;3.8;11.5;;
4104709;Carlópolis;PR;3B;ABNT_TR_15220-3-1_2024;-23.43;-49.72;509;21.8;73;4857;3.7;12.2;;
4104808;Cascavel;PR;2R;ABNT_TR_15220-3-1_2024;-24.96;-53.46;783;20.1;72;4724;4.2;11.0;;
4104907;Castro;PR;1M;ABNT_TR_15220-3-1_2024;-24.79;-50.01;979;17.8;79;4394;3.8;11.5;;
4105003;Catanduvas;PR;2R;ABNT_TR_15220-3-1_2024;-25.20;-53.15;712;19.7;72;4702;3.8;11.3;;
4105102;Centenário do Sul;PR;4B;ABNT_TR_15220-3-1_2024;-22.82;-51.60;481;23.0;67;5048;4.3;10.2;;
4105201;Cerro Azul;PR;2R;ABNT_TR_15220-3-1_2024;-26.09;-52.87;617;19.3;73;4723;3.9;11.1;;
4105300;Céu Azul;PR;2R;ABNT_TR_15220-3-1_2024;-25.15;-53.84;671;20.8;71;4728;3.8;11.5;;
4105409;Chopinzinho;PR;1M;ABNT_TR_15220-3-1_2024;-25.85;-52.52;673;18.7;73;4720;4.1;11.2;;
4105508;Cianorte;PR;3B;ABNT_TR_15220-3-1_2024;-23.66;-52.61;550;22.0;68;4917;3.5;10.1;;
4105607;Cidade Gaúcha;PR;4B;ABNT_TR_15220-3-1_2024;-23.38;-52.94;393;23.3;65;5275;2.0;11.2;;
4105706;Clevelândia;PR;1M;ABNT_TR_15220-3-1_2024;-26.40;-52.35;959;17.7;73;5014;2.9;10.1;;
4105805;Colombo;PR;1M;ABNT_TR_15220-3-1_2024;-25.29;-49.23;1002;17.4;83;4194;3.2;10.4;;
4105904;Colorado;PR;4B;ABNT_TR_15220-3-1_2024;-22.84;-51.97;450;23.2;66;5041;4.0;10.2;;
4106001;Congonhinhas;PR;2M;ABNT_TR_15220-3-1_2024;-23.55;-50.56;754;20.6;71;4889;3.2;11.7;;
4106100;Conselheiro Mairinck;PR;3B;ABNT_TR_15220-3-1_2024;-23.62;-50.17;498;21.1;73;4853;3.3;11.9;;
4106209;Contenda;PR;1M;ABNT_TR_15220-3-1_2024;-25.68;-49.54;880;17.5;84;4205;3.3;11.2;;
4106308;Corbélia;PR;2R;ABNT_TR_15220-3-1_2024;-24.80;-53.30;683;20.4;71;4778;3.7;11.0;;
4106407;Cornélio Procópio;PR;3B;ABNT_TR_15220-3-1_2024;-23.18;-50.65;680;22.1;70;4962;3.9;11.8;;
4106456;Coronel Domingos Soares;PR;1M;ABNT_TR_15220-3-1_2024;-26.23;-52.04;1075;17.0;77;4604;4.6;10.9;;
4106506;Coronel Vivida;PR;2R;ABNT_TR_15220-3-1_2024;-25.98;-52.56;708;19.3;73;4709;4.1;11.2;;
4106555;Corumbataí do Sul;PR;3B;ABNT_TR_15220-3-1_2024;-24.10;-52.12;573;21.0;71;4884;3.5;10.5;;
4106571;Cruzeiro do Iguaçu;PR;2R;ABNT_TR_15220-3-1_2024;-25.62;-53.13;458;20.6;72;4757;3.6;11.5;;
4106605;Cruzeiro do Oeste;PR;3B;ABNT_TR_15220-3-1_2024;-23.78;-53.08;456;22.6;68;4912;4.1;10.5;;
4106704;Cruzeiro do Sul;PR;4B;ABNT_TR_15220-3-1_2024;-22.96;-52.16;453;23.0;67;4988;4.1;9.9;;
4106803;Cruz Machado;PR;1M;ABNT_TR_15220-3-1_2024;-26.02;-51.34;831;17.4;81;4300;2.9;11.2;;
4106852;Cruzmaltina;PR;3B;ABNT_TR_15220-3-1_2024;-24.01;-51.46;591;21.0;70;4813;3.4;11.0;;
4106902;Curitiba;PR;1M;ABNT_TR_15220-3-1_2024;-25.42;-49.26;919;17.5;83;4153;3.2;9.8;;
4107009;Curiúva;PR;2M;ABNT_TR_15220-3-1_2024;-24.04;-50.46;762;19.6;72;4721;3.6;11.7;;
4107108;Diamante do Norte;PR;4B;ABNT_TR_15220-3-1_2024;-22.66;-52.86;339;23.6;68;5245;2.3;10.2;;
4107124;Diamante do Sul;PR;2R;ABNT_TR_15220-3-1_2024;-25.04;-52.68;637;20.2;72;4818;3.6;11.1;;
4107157;Diamante D'Oeste;PR;3B;ABNT_TR_15220-3-1_2024;-24.94;-54.11;510;22.2;72;4799;4.1;11.3;;
4107207;Dois Vizinhos;PR;2R;ABNT_TR_15220-3-1_2024;-25.74;-53.06;496;20.8;73;5023;2.2;10.9;;
4107256;Douradina;PR;4B;ABNT_TR_15220-3-1_2024;-23.38;-53.29;405;23.0;68;4931;3.9;10.4;;
4107306;Doutor Camargo;PR;3B;ABNT_TR_15220-3-1_2024;-23.56;-52.22;387;22.6;68;4891;3.8;9.6;;
4107405;Enéas Marques;PR;2R;ABNT_TR_15220-3-1_2024;-25.94;-53.17;651;19.6;72;4750;3.7;11.5;;
4107504;Engenheiro Beltrão;PR;3B;ABNT_TR_15220-3-1_2024;-23.80;-52.27;475;22.0;69;4900;3.4;9.6;;
4107520;Esperança Nova;PR;4B;ABNT_TR_15220-3-1_2024;-23.72;-53.81;386;23.0;69;4902;3.4;10.7;;
4107538;Entre Rios do Oeste;PR;3B;ABNT_TR_15220-3-1_2024;-24.70;-54.24;246;22.7;72;4811;4.0;11.3;;
4107546;Espigão Alto do Iguaçu;PR;2R;ABNT_TR_15220-3-1_2024;-25.42;-52.83;618;20.0;72;4725;3.7;11.1;;
4107553;Farol;PR;3B;ABNT_TR_15220-3-1_2024;-24.10;-52.62;587;21.3;70;4867;3.6;10.6;;
4107603;Faxinal;PR;2M;ABNT_TR_15220-3-1_2024;-24.01;-51.32;809;19.8;71;4770;3.3;11.0;;
4107652;Fazenda Rio Grande;PR;1M;ABNT_TR_15220-3-1_2024;-25.66;-49.31;909;17.1;84;4175;3.2;10.4;;
4107702;Fênix;PR;3B;ABNT_TR_15220-3-1_2024;-23.91;-51.98;375;21.9;70;4896;3.3;9.7;;
4107736;Fernandes Pinheiro;PR;1M;ABNT_TR_15220-3-1_2024;-25.41;-50.55;796;18.3;82;4333;3.5;11.4;;
4107751;Figueira;PR;2M;ABNT_TR_15220-3-1_2024;-23.85;-50.40;580;20.5;72;4710;3.1;11.9;;
4107801;Floraí;PR;3B;ABNT_TR_15220-3-1_2024;-23.32;-52.30;499;22.4;67;4938;4.1;9.2;;
4107850;Flor da Serra do Sul;PR;1M;ABNT_TR_15220-3-1_2024;-26.25;-53.31;888;18.5;74;4677;4.4;11.5;;
4107900;Floresta;PR;3B;ABNT_TR_15220-3-1_2024;-23.60;-52.08;384;22.5;68;4878;3.8;9.6;;
4108007;Florestópolis;PR;3B;ABNT_TR_15220-3-1_2024;-22.86;-51.39;527;22.6;68;5014;3.9;11.0;;
4108106;Flórida;PR;3B;ABNT_TR_15220-3-1_2024;-23.08;-51.95;460;22.6;67;4991;4.3;9.4;;
4108205;Formosa do Oeste;PR;3B;ABNT_TR_15220-3-1_2024;-24.30;-53.31;429;22.3;70;4857;3.3;10.7;;
4108304;Foz do Iguaçu;PR;3A;ABNT_TR_15220-3-1_2024;-25.54;-54.58;183;22.0;76;4892;2.8;10.9;;
4108320;Francisco Alves;PR;4B;ABNT_TR_15220-3-1_2024;-24.07;-53.85;353;23.0;70;4860;3.3;10.8;;
4108403;Francisco Beltrão;PR;2R;ABNT_TR_15220-3-1_2024;-26.08;-53.05;574;19.2;72;4703;3.5;11.5;;
4108452;Foz do Jordão;PR;2R;ABNT_TR_15220-3-1_2024;-25.74;-52.12;764;18.8;74;4710;3.7;11.1;;
4108502;General Carneiro;PR;1M;ABNT_TR_15220-3-1_2024;-26.42;-51.32;923;16.4;79;4184;3.4;11.2;;
4108551;Godoy Moreira;PR;3B;ABNT_TR_15220-3-1_2024;-24.17;-51.92;403;21.2;72;4895;3.5;10.4;;
4108601;Goioerê;PR;3B;ABNT_TR_15220-3-1_2024;-24.18;-53.02;489;21.7;70;4870;3.7;10.7;;
4108650;Goioxim;PR;1M;ABNT_TR_15220-3-1_2024;-25.19;-51.99;848;18.2;75;4704;3.9;11.2;;
4108700;Grandes Rios;PR;2M;ABNT_TR_15220-3-1_2024;-24.15;-51.51;604;20.8;71;4888;3.2;10.4;;
4108809;Guaíra;PR;3B;ABNT_TR_15220-3-1_2024;-24.08;-54.26;265;22.8;71;4847;3.5;10.8;;
4108908;Guairaçá;PR;3B;ABNT_TR_15220-3-1_2024;-22.93;-52.69;503;22.8;68;5003;4.1;10.2;;
4108957;Guamiranga;PR;1M;ABNT_TR_15220-3-1_2024;-25.19;-50.80;786;18.0;82;4495;3.5;11.4;;
4109005;Guapirama;PR;3A;ABNT_TR_15220-3-1_2024;-23.52;-50.04;479;21.5;74;4880;3.5;11.9;;
4109104;Guaporema;PR;4B;ABNT_TR_15220-3-1_2024;-23.34;-52.78;343;23.2;68;4948;3.3;9.9;;
4109203;Guaraci;PR;3B;ABNT_TR_15220-3-1_2024;-22.97;-51.65;572;22.5;67;5026;4.6;10.2;;
4109302;Guaraniaçu;PR;2R;ABNT_TR_15220-3-1_2024;-25.10;-52.88;892;19.4;73;4762;3.9;11.1;;
4109401;Guarapuava;PR;1M;ABNT_TR_15220-3-1_2024;-25.39;-51.46;1098;17.5;82;4543;3.7;11.3;;
4109500;Guaraqueçaba;PR;3A;ABNT_TR_15220-3-1_2024;-25.31;-48.32;7;21.3;83;3910;2.9;8.1;;
4109609;Guaratuba;PR;3A;ABNT_TR_15220-3-1_2024;-25.88;-48.58;8;21.3;85;3968;3.0;8.7;;
4109658;Honório Serpa;PR;1M;ABNT_TR_15220-3-1_2024;-26.14;-52.38;846;18.4;74;4667;4.1;10.9;;
4109708;Ibaiti;PR;2M;ABNT_TR_15220-3-1_2024;-23.85;-50.19;852;20.1;73;4806;3.2;11.9;;
4109757;Ibema;PR;2R;ABNT_TR_15220-3-1_2024;-25.12;-53.01;874;19.5;73;4722;3.7;11.3;;
4109807;Ibiporã;PR;3B;ABNT_TR_15220-3-1_2024;-23.27;-51.05;480;21.7;70;4910;3.9;11.1;;
4109906;Icaraíma;PR;4B;ABNT_TR_15220-3-1_2024;-23.39;-53.62;345;23.8;66;5134;2.5;9.2;;
4110003;Iguaraçu;PR;3B;ABNT_TR_15220-3-1_2024;-23.19;-51.83;557;21.9;67;4966;4.6;9.4;;
4110052;Iguatu;PR;2R;ABNT_TR_15220-3-1_2024;-24.72;-53.08;531;20.8;71;4822;3.5;11.0;;
4110078;Imbaú;PR;2R;ABNT_TR_15220-3-1_2024;-24.45;-50.75;914;18.9;75;4680;3.1;11.5;;
4110102;Imbituva;PR;1M;ABNT_TR_15220-3-1_2024;-25.23;-50.60;866;18.4;81;4440;3.4;11.4;;
4110201;Inácio Martins;PR;1M;ABNT_TR_15220-3-1_2024;-25.57;-51.08;1219;16.6;83;4647;2.0;9.2;;
4110300;Inajá;PR;4B;ABNT_TR_15220-3-1_2024;-22.75;-52.20;400;23.2;66;5025;3.9;9.9;;
4110409;Indianópolis;PR;3B;ABNT_TR_15220-3-1_2024;-23.48;-52.70;468;22.6;68;4934;3.6;9.9;;
4110508;Ipiranga;PR;1M;ABNT_TR_15220-3-1_2024;-25.02;-50.58;803;18.3;80;4523;3.8;11.4;;
4110607;Iporã;PR;3B;ABNT_TR_15220-3-1_2024;-24.01;-53.71;373;22.8;70;4872;3.3;10.8;;
4110656;Iracema do Oeste;PR;3B;ABNT_TR_15220-3-1_2024;-24.43;-53.35;489;21.9;70;4844;3.4;10.7;;
4110706;Irati;PR;1M;ABNT_TR_15220-3-1_2024;-25.47;-50.65;829;18.1;82;4311;3.6;11.4;;
4110805;Iretama;PR;2R;ABNT_TR_15220-3-1_2024;-24.43;-52.10;547;20.4;72;4845;3.6;10.5;;
4110904;Itaguajé;PR;4B;ABNT_TR_15220-3-1_2024;-22.62;-51.97;354;23.7;66;5046;4.3;10.2;;
4110953;Itaipulândia;PR;3B;ABNT_TR_15220-3-1_2024;-25.14;-54.30;258;22.8;73;4819;3.3;11.8;;
4111001;Itambaracá;PR;3B;ABNT_TR_15220-3-1_2024;-23.02;-50.41;415;22.8;71;4964;4.0;12.2;;
4111100;Itambé;PR;3B;ABNT_TR_15220-3-1_2024;-23.66;-51.99;417;22.4;68;4877;3.6;9.7;;
4111209;Itapejara d'Oeste;PR;2R;ABNT_TR_15220-3-1_2024;-25.96;-52.82;528;19.8;72;4747;3.8;11.2;;
4111258;Itaperuçu;PR;1M;ABNT_TR_15220-3-1_2024;-25.22;-49.35;978;17.3;84;4260;2.8;10.4;;
4111308;Itaúna do Sul;PR;4B;ABNT_TR_15220-3-1_2024;-22.73;-52.89;443;23.7;67;5041;3.7;10.2;;
4111407;Ivaí;PR;1M;ABNT_TR_15220-3-1_2024;-25.01;-50.86;783;18.7;80;4564;3.6;11.4;;
4111506;Ivaiporã;PR;2R;ABNT_TR_15220-3-1_2024;-24.25;-51.68;666;20.4;71;4871;3.7;10.4;;
4111555;Ivaté;PR;4B;ABNT_TR_15220-3-1_2024;-23.41;-53.37;408;23.0;68;4928;3.8;10.4;;
4111605;Ivatuba;PR;3B;ABNT_TR_15220-3-1_2024;-23.62;-52.22;336;22.6;68;4891;3.8;9.6;;
4111704;Jaboti;PR;3B;ABNT_TR_15220-3-1_2024;-23.74;-50.07;558;21.1;73;4851;3.0;11.9;;
4111803;Jacarezinho;PR;3B;ABNT_TR_15220-3-1_2024;-23.16;-49.97;484;21.9;71;4942;3.6;12.2;;
4111902;Jaguapitã;PR;3B;ABNT_TR_15220-3-1_2024;-23.11;-51.53;581;22.1;68;5000;4.3;9.4;;
4112009;Jaguariaíva;PR;1M;ABNT_TR_15220-3-1_2024;-24.24;-49.71;888;18.4;76;4666;3.6;11.6;;
4112108;Jandaia do Sul;PR;2M;ABNT_TR_15220-3-1_2024;-23.60;-51.64;795;20.8;69;4858;4.2;9.7;;
4112207;Janiópolis;PR;3B;ABNT_TR_15220-3-1_2024;-24.14;-52.78;524;21.7;70;4875;3.9;10.6;;
4112306;Japira;PR;2M;ABNT_TR_15220-3-1_2024;-23.81;-50.14;653;20.5;73;4806;2.9;11.9;;
4112405;Japurá;PR;3B;ABNT_TR_15220-3-1_2024;-23.47;-52.56;470;22.5;68;4929;3.6;9.9;;
4112504;Jardim Alegre;PR;2M;ABNT_TR_15220-3-1_2024;-24.18;-51.69;670;20.4;71;4871;3.7;10.4;;
4112603;Jardim Olinda;PR;4B;ABNT_TR_15220-3-1_2024;-22.55;-52.05;312;23.8;66;5042;4.2;9.9;;
4112702;Jataizinho;PR;3B;ABNT_TR_15220-3-1_2024;-23.26;-50.98;376;22.1;70;4928;3.9;11.8;;
4112751;Jesuítas;PR;3B;ABNT_TR_15220-3-1_2024;-24.38;-53.38;476;21.9;70;4844;3.4;10.7;;
4112801;Joaquim Távora;PR;3A;ABNT_TR_15220-3-1_2024;-23.50;-49.91;669;21.5;74;4959;2.2;10.8;;
4112900;Jundiaí do Sul;PR;3B;ABNT_TR_15220-3-1_2024;-23.44;-50.25;513;21.5;72;4884;3.5;12.2;;
4112959;Juranda;PR;3B;ABNT_TR_15220-3-1_2024;-24.42;-52.84;552;21.3;71;4813;4.0;10.6;;
4113007;Jussara;PR;3B;ABNT_TR_15220-3-1_2024;-23.62;-52.47;399;22.2;68;4913;3.5;9.6;;
4113106;Kaloré;PR;3B;ABNT_TR_15220-3-1_2024;-23.82;-51.67;518;21.6;69;4843;3.5;9.7;;
4113205;Lapa;PR;1M;ABNT_TR_15220-3-1_2024;-25.77;-49.72;924;17.6;84;4208;3.1;11.2;;
4113254;Laranjal;PR;2R;ABNT_TR_15220-3-1_2024;-24.89;-52.47;693;20.4;72;4799;3.7;10.9;;
4113304;Laranjeiras do Sul;PR;1M;ABNT_TR_15220-3-1_2024;-25.41;-52.41;827;18.7;73;4721;4.3;11.1;;
4113403;Leópolis;PR;3B;ABNT_TR_15220-3-1_2024;-23.08;-50.75;485;22.5;70;4991;4.1;11.8;;
4113429;Lidianópolis;PR;3B;ABNT_TR_15220-3-1_2024;-24.11;-51.65;545;21.0;71;4891;3.6;10.4;;
4113452;Lindoeste;PR;3B;ABNT_TR_15220-3-1_2024;-25.26;-53.57;578;21.0;71;4696;3.7;11.5;;
4113502;Loanda;PR;4B;ABNT_TR_15220-3-1_2024;-22.92;-53.14;463;23.2;68;4994;3.9;10.6;;
4113601;Lobato;PR;4B;ABNT_TR_15220-3-1_2024;-23.01;-51.95;459;22.9;67;5001;4.3;9.4;;
4113700;Londrina;PR;3B;ABNT_TR_15220-3-1_2024;-23.30;-51.17;601;22.6;71;5089;2.3;10.7;;
4113734;Luiziana;PR;2R;ABNT_TR_15220-3-1_2024;-24.29;-52.27;749;20.1;72;4818;3.7;10.5;;
4113759;Lunardelli;PR;3B;ABNT_TR_15220-3-1_2024;-24.08;-51.74;539;21.0;71;4891;3.6;10.4;;
4113809;Lupionópolis;PR;4B;ABNT_TR_15220-3-1_2024;-22.76;-51.66;451;23.0;67;5053;4.4;10.2;;
4113908;Mallet;PR;1M;ABNT_TR_15220-3-1_2024;-25.88;-50.82;866;17.7;82;4089;2.8;11.5;;
4114005;Mamborê;PR;2R;ABNT_TR_15220-3-1_2024;-24.32;-52.53;758;20.0;72;4833;3.9;10.6;;
4114104;Mandaguaçu;PR;3B;ABNT_TR_15220-3-1_2024;-23.35;-52.09;581;22.1;67;4922;4.0;9.2;;
4114203;Mandaguari;PR;3B;ABNT_TR_15220-3-1_2024;-23.54;-51.67;759;21.3;68;4892;4.2;9.7;;
4114302;Mandirituba;PR;1M;ABNT_TR_15220-3-1_2024;-25.78;-49.33;901;17.1;84;4164;2.9;10.4;;
4114351;Manfrinópolis;PR;2R;ABNT_TR_15220-3-1_2024;-26.14;-53.31;547;19.2;72;4722;4.3;11.5;;
4114401;Mangueirinha;PR;1M;ABNT_TR_15220-3-1_2024;-25.94;-52.17;892;18.5;75;4714;3.6;11.1;;
4114500;Manoel Ribas;PR;2R;ABNT_TR_15220-3-1_2024;-24.51;-51.67;882;19.1;73;4791;3.5;10.9;;
4114609;Marechal Cândido Rondon;PR;3B;ABNT_TR_15220-3-1_2024;-24.56;-54.06;429;22.4;71;4806;3.9;11.3;;
4114708;Maria Helena;PR;3B;ABNT_TR_15220-3-1_2024;-23.62;-53.21;358;22.8;69;4917;3.8;10.5;;
4114807;Marialva;PR;3B;ABNT_TR_15220-3-1_2024;-23.48;-51.79;653;21.6;68;4888;4.3;9.4;;
4114906;Marilândia do Sul;PR;2M;ABNT_TR_15220-3-1_2024;-23.74;-51.31;721;20.5;70;4842;4.3;11.0;;
4115002;Marilena;PR;4B;ABNT_TR_15220-3-1_2024;-22.73;-53.04;390;23.8;68;5036;3.9;10.6;;
4115101;Mariluz;PR;3B;ABNT_TR_15220-3-1_2024;-24.01;-53.14;411;22.4;69;4889;3.7;10.7;;
4115200;Maringá;PR;4B;ABNT_TR_15220-3-1_2024;-23.42;-51.93;555;22.9;62;5217;2.2;9.8;;
4115309;Mariópolis;PR;1M;ABNT_TR_15220-3-1_2024;-26.36;-52.55;861;18.3;75;4664;4.5;11.1;;
4115358;Maripá;PR;3B;ABNT_TR_15220-3-1_2024;-24.42;-53.83;412;22.4;71;4834;4.2;10.8;;
4115408;Marmeleiro;PR;2R;ABNT_TR_15220-3-1_2024;-26.15;-53.03;655;19.3;73;4703;3.6;11.5;;
4115457;Marquinho;PR;2R;ABNT_TR_15220-3-1_2024;-25.11;-52.25;845;19.1;73;4767;4.3;11.1;;
4115507;Marumbi;PR;3B;ABNT_TR_15220-3-1_2024;-23.71;-51.64;670;21.3;69;4841;3.8;9.7;;
4115606;Matelândia;PR;3B;ABNT_TR_15220-3-1_2024;-25.25;-53.99;470;21.3;71;4734;3.7;11.5;;
4115705;Matinhos;PR;3A;ABNT_TR_15220-3-1_2024;-25.82;-48.55;9;21.1;85;3845;3.0;8.7;;
4115739;Mato Rico;PR;2R;ABNT_TR_15220-3-1_2024;-24.70;-52.15;748;19.2;72;4794;4.3;10.9;;
4115754;Mauá da Serra;PR;2M;ABNT_TR_15220-3-1_2024;-23.90;-51.23;1001;18.8;72;4776;3.8;11.0;;
4115804;Medianeira;PR;3B;ABNT_TR_15220-3-1_2024;-25.30;-54.09;423;22.0;72;4729;3.4;11.8;;
4115853;Mercedes;PR;3B;ABNT_TR_15220-3-1_2024;-24.45;-54.16;397;22.7;71;4816;3.9;10.8;;
4115903;Mirador;PR;4B;ABNT_TR_15220-3-1_2024;-23.26;-52.78;310;23.2;68;4948;3.6;9.9;;
4116000;Miraselva;PR;3B;ABNT_TR_15220-3-1_2024;-22.97;-51.48;581;22.3;68;5009;4.5;11.0;;
4116059;Missal;PR;3B;ABNT_TR_15220-3-1_2024;-25.09;-54.25;315;22.4;73;4792;3.9;11.8;;
4116109;Moreira Sales;PR;3B;ABNT_TR_15220-3-1_2024;-24.05;-53.01;497;21.9;69;4885;3.9;10.7;;
4116208;Morretes;PR;2M;ABNT_TR_15220-3-1_2024;-25.47;-48.83;13;20.3;84;3785;2.4;9.2;;
4116307;Munhoz de Melo;PR;3B;ABNT_TR_15220-3-1_2024;-23.15;-51.77;577;22.2;67;4985;4.5;9.4;;
4116406;Nossa Senhora das Graças;PR;3B;ABNT_TR_15220-3-1_2024;-22.91;-51.80;483;22.8;67;5035;4.4;10.2;;
4116505;Nova Aliança do Ivaí;PR;4B;ABNT_TR_15220-3-1_2024;-23.18;-52.60;406;23.1;68;4949;4.0;9.9;;
4116604;Nova América da Colina;PR;3B;ABNT_TR_15220-3-1_2024;-23.33;-50.72;613;21.6;70;4932;3.9;11.8;;
4116703;Nova Aurora;PR;3B;ABNT_TR_15220-3-1_2024;-24.53;-53.26;528;21.5;71;4829;3.1;11.0;;
4116802;Nova Cantu;PR;2R;ABNT_TR_15220-3-1_2024;-24.67;-52.57;496;20.7;72;4789;3.9;10.9;;
4116901;Nova Esperança;PR;3B;ABNT_TR_15220-3-1_2024;-23.18;-52.20;560;22.3;67;4955;4.2;9.2;;
4116950;Nova Esperança do Sudoeste;PR;2R;ABNT_TR_15220-3-1_2024;-25.90;-53.26;549;19.7;72;4759;4.0;11.5;;
4117008;Nova Fátima;PR;3B;ABNT_TR_15220-3-1_2024;-23.43;-50.57;655;21.2;70;4911;3.6;11.8;;
4117057;Nova Laranjeiras;PR;2R;ABNT_TR_15220-3-1_2024;-25.31;-52.54;690;19.0;72;4718;4.2;11.1;;
4117107;Nova Londrina;PR;4B;ABNT_TR_15220-3-1_2024;-22.76;-52.99;346;23.4;68;5013;3.9;10.2;;
4117206;Nova Olímpia;PR;4B;ABNT_TR_15220-3-1_2024;-23.47;-53.09;424;23.0;68;4934;3.7;10.4;;
4117214;Nova Santa Bárbara;PR;2M;ABNT_TR_15220-3-1_2024;-23.59;-50.76;730;20.5;70;4870;4.0;11.7;;
4117222;Nova Santa Rosa;PR;3B;ABNT_TR_15220-3-1_2024;-24.47;-53.96;391;22.4;71;4815;4.1;10.8;;
4117255;Nova Prata do Iguaçu;PR;3B;ABNT_TR_15220-3-1_2024;-25.63;-53.35;487;20.9;72;4760;3.8;11.5;;
4117271;Nova Tebas;PR;3B;ABNT_TR_15220-3-1_2024;-24.44;-51.95;644;21.0;73;5058;1.5;9.8;;
4117297;Novo Itacolomi;PR;3B;ABNT_TR_15220-3-1_2024;-23.76;-51.51;611;21.5;69;4852;3.9;9.7;;
4117305;Ortigueira;PR;2R;ABNT_TR_15220-3-1_2024;-24.21;-50.92;781;18.9;72;4676;3.3;11.5;;
4117404;Ourizona;PR;3B;ABNT_TR_15220-3-1_2024;-23.41;-52.20;542;22.3;67;4913;4.0;9.2;;
4117453;Ouro Verde do Oeste;PR;3B;ABNT_TR_15220-3-1_2024;-24.79;-53.90;420;21.6;71;4787;4.2;11.2;;
4117503;Paiçandu;PR;3B;ABNT_TR_15220-3-1_2024;-23.46;-52.05;475;22.2;67;4880;4.0;9.2;;
4117602;Palmas;PR;1M;ABNT_TR_15220-3-1_2024;-26.48;-51.99;1082;16.6;77;4571;4.4;11.0;;
4117701;Palmeira;PR;1M;ABNT_TR_15220-3-1_2024;-25.43;-50.01;902;18.1;83;4372;3.9;11.4;;
4117800;Palmital;PR;2R;ABNT_TR_15220-3-1_2024;-24.89;-52.20;863;19.3;73;4775;4.2;10.9;;
4117909;Palotina;PR;3B;ABNT_TR_15220-3-1_2024;-24.29;-53.84;341;22.7;71;4848;4.2;10.8;;
4118006;Paraíso do Norte;PR;4B;ABNT_TR_15220-3-1_2024;-23.28;-52.61;354;23.1;68;4944;3.8;9.9;;
4118105;Paranacity;PR;4B;ABNT_TR_15220-3-1_2024;-22.93;-52.15;428;23.1;67;4999;4.1;9.9;;
4118204;Paranaguá;PR;3A;ABNT_TR_15220-3-1_2024;-25.52;-48.52;11;21.3;84;3904;2.8;8.7;;
4118303;Paranapoema;PR;4B;ABNT_TR_15220-3-1_2024;-22.64;-52.09;377;23.8;66;5322;3.0;11.8;;
4118402;Paranavaí;PR;3B;ABNT_TR_15220-3-1_2024;-23.08;-52.46;466;22.8;67;4971;4.1;9.2;;
4118451;Pato Bragado;PR;3B;ABNT_TR_15220-3-1_2024;-24.63;-54.23;280;22.7;72;4812;4.1;11.3;;
4118501;Pato Branco;PR;1M;ABNT_TR_15220-3-1_2024;-26.23;-52.67;791;18.6;74;4690;4.3;11.1;;
4118600;Paula Freitas;PR;1M;ABNT_TR_15220-3-1_2024;-26.21;-50.93;793;17.4;81;4090;2.7;11.3;;
4118709;Paulo Frontin;PR;1M;ABNT_TR_15220-3-1_2024;-26.05;-50.83;813;17.5;82;4058;2.8;11.3;;
4118808;Peabiru;PR;3B;ABNT_TR_15220-3-1_2024;-23.91;-52.34;530;21.9;70;4886;3.3;9.6;;
4118857;Perobal;PR;3B;ABNT_TR_15220-3-1_2024;-23.89;-53.41;410;22.6;69;4890;3.8;10.5;;
4118907;Pérola;PR;4B;ABNT_TR_15220-3-1_2024;-23.80;-53.68;446;23.0;69;4888;3.4;10.7;;
4119004;Pérola d'Oeste;PR;3B;ABNT_TR_15220-3-1_2024;-25.83;-53.74;403;21.0;71;4782;4.0;11.7;;
4119103;Piên;PR;1M;ABNT_TR_15220-3-1_2024;-26.10;-49.43;843;17.4;85;4122;2.8;10.0;;
4119152;Pinhais;PR;1M;ABNT_TR_15220-3-1_2024;-25.44;-49.19;894;17.4;84;4176;3.3;10.4;;
4119202;Pinhalão;PR;2M;ABNT_TR_15220-3-1_2024;-23.80;-50.05;662;20.5;73;4823;2.9;11.9;;
4119251;Pinhal de São Bento;PR;2R;ABNT_TR_15220-3-1_2024;-26.03;-53.48;488;20.4;72;4757;4.0;11.5;;
4119301;Pinhão;PR;1M;ABNT_TR_15220-3-1_2024;-25.69;-51.65;1048;17.3;81;4593;3.6;11.2;;
4119400;Piraí do Sul;PR;1M;ABNT_TR_15220-3-1_2024;-24.53;-49.94;1016;17.5;78;4528;3.7;11.3;;
4119509;Piraquara;PR;1M;ABNT_TR_15220-3-1_2024;-25.44;-49.06;910;17.4;84;4165;3.2;10.4;;
4119608;Pitanga;PR;1M;ABNT_TR_15220-3-1_2024;-24.76;-51.76;904;17.9;73;4670;3.7;10.9;;
4119657;Pitangueiras;PR;3B;ABNT_TR_15220-3-1_2024;-23.23;-51.59;639;21.6;68;4956;4.4;9.4;;
4119707;Planaltina do Paraná;PR;4B;ABNT_TR_15220-3-1_2024;-23.01;-52.92;404;23.1;68;4968;3.9;9.9;;
4119806;Planalto;PR;3B;ABNT_TR_15220-3-1_2024;-25.72;-53.76;387;21.8;67;4960;2.4;10.9;;
4119905;Ponta Grossa;PR;1M;ABNT_TR_15220-3-1_2024;-25.09;-50.17;959;18.4;81;4490;3.9;11.4;;
4119954;Pontal do Paraná;PR;3A;ABNT_TR_15220-3-1_2024;-25.67;-48.51;9;21.3;85;3802;2.6;8.7;;
4120002;Porecatu;PR;4B;ABNT_TR_15220-3-1_2024;-22.75;-51.38;393;23.0;68;5033;3.9;11.0;;
4120101;Porto Amazonas;PR;1M;ABNT_TR_15220-3-1_2024;-25.54;-49.89;827;17.9;84;4310;3.6;11.2;;
4120150;Porto Barreiro;PR;2R;ABNT_TR_15220-3-1_2024;-25.55;-52.41;773;19.0;73;4701;3.5;11.1;;
4120200;Porto Rico;PR;4B;ABNT_TR_15220-3-1_2024;-22.77;-53.27;265;23.9;69;4995;3.9;10.6;;
4120309;Porto Vitória;PR;1M;ABNT_TR_15220-3-1_2024;-26.17;-51.23;857;17.2;80;4231;3.0;11.2;;
4120333;Prado Ferreira;PR;3B;ABNT_TR_15220-3-1_2024;-23.04;-51.44;609;22.4;69;5009;4.3;11.1;;
4120358;Pranchita;PR;2R;ABNT_TR_15220-3-1_2024;-26.02;-53.74;525;20.2;72;4751;4.2;11.7;;
4120408;Presidente Castelo Branco;PR;3B;ABNT_TR_15220-3-1_2024;-23.28;-52.15;574;22.1;67;4939;3.9;9.2;;
4120507;Primeiro de Maio;PR;4B;ABNT_TR_15220-3-1_2024;-22.85;-51.03;370;23.2;70;5038;4.1;11.0;;
4120606;Prudentópolis;PR;1M;ABNT_TR_15220-3-1_2024;-25.21;-50.98;756;18.5;82;4458;3.3;11.4;;
4120655;Quarto Centenário;PR;3B;ABNT_TR_15220-3-1_2024;-24.28;-53.08;492;22.1;70;4845;3.7;10.7;;
4120705;Quatiguá;PR;2M;ABNT_TR_15220-3-1_2024;-23.57;-49.92;678;20.7;73;4869;3.4;11.8;;
4120804;Quatro Barras;PR;1M;ABNT_TR_15220-3-1_2024;-25.37;-49.08;930;17.4;84;4165;3.4;10.4;;
4120853;Quatro Pontes;PR;3B;ABNT_TR_15220-3-1_2024;-24.58;-53.98;434;22.2;71;4803;3.8;11.2;;
4120903;Quedas do Iguaçu;PR;2R;ABNT_TR_15220-3-1_2024;-25.45;-52.91;582;20.2;72;4739;3.8;11.1;;
4121000;Querência do Norte;PR;4B;ABNT_TR_15220-3-1_2024;-23.08;-53.48;316;23.6;69;4950;3.8;10.4;;
4121109;Quinta do Sol;PR;3B;ABNT_TR_15220-3-1_2024;-23.85;-52.13;385;21.9;69;4901;3.3;9.6;;
4121208;Quitandinha;PR;1M;ABNT_TR_15220-3-1_2024;-25.87;-49.50;830;17.5;85;4165;2.8;10.4;;
4121257;Ramilândia;PR;3B;ABNT_TR_15220-3-1_2024;-25.12;-54.02;565;21.4;71;4778;4.3;11.8;;
4121307;Rancho Alegre;PR;3B;ABNT_TR_15220-3-1_2024;-23.07;-50.91;442;22.7;70;4966;4.1;11.8;;
4121356;Rancho Alegre D'Oeste;PR;3B;ABNT_TR_15220-3-1_2024;-24.31;-52.96;532;21.6;70;4850;3.9;10.6;;
4121406;Realeza;PR;2R;ABNT_TR_15220-3-1_2024;-25.77;-53.53;459;20.8;71;4786;3.9;11.7;;
4121505;Rebouças;PR;1M;ABNT_TR_15220-3-1_2024;-25.62;-50.69;785;18.0;82;4253;3.4;11.5;;
4121604;Renascença;PR;2R;ABNT_TR_15220-3-1_2024;-26.16;-52.97;685;19.0;73;4695;3.7;11.1;;
4121703;Reserva;PR;1M;ABNT_TR_15220-3-1_2024;-24.65;-50.85;933;18.6;77;4669;3.4;11.4;;
4121752;Reserva do Iguaçu;PR;1M;ABNT_TR_15220-3-1_2024;-25.83;-52.03;959;18.0;76;4692;3.5;11.1;;
4121802;Ribeirão Claro;PR;3B;ABNT_TR_15220-3-1_2024;-23.19;-49.76;610;21.4;71;4927;3.8;12.2;;
4121901;Ribeirão do Pinhal;PR;3B;ABNT_TR_15220-3-1_2024;-23.41;-50.36;603;21.2;72;4904;3.4;12.2;;
4122008;Rio Azul;PR;1M;ABNT_TR_15220-3-1_2024;-25.73;-50.80;887;17.5;83;4203;3.2;11.5;;
4122107;Rio Bom;PR;2M;ABNT_TR_15220-3-1_2024;-23.76;-51.41;678;20.7;70;4853;4.3;11.0;;
4122156;Rio Bonito do Iguaçu;PR;2R;ABNT_TR_15220-3-1_2024;-25.49;-52.53;675;19.3;73;4699;3.9;11.1;;
4122172;Rio Branco do Ivaí;PR;2R;ABNT_TR_15220-3-1_2024;-24.32;-51.32;656;19.8;71;4828;3.5;11.0;;
4122206;Rio Branco do Sul;PR;1M;ABNT_TR_15220-3-1_2024;-25.19;-49.31;959;17.3;84;4260;2.8;10.4;;
4122305;Rio Negro;PR;1M;ABNT_TR_15220-3-1_2024;-26.10;-49.80;803;17.6;85;4139;2.9;11.3;;
4122404;Rolândia;PR;3B;ABNT_TR_15220-3-1_2024;-23.31;-51.37;743;21.0;70;4899;3.9;11.1;;
4122503;Roncador;PR;2R;ABNT_TR_15220-3-1_2024;-24.60;-52.27;734;19.6;72;4789;4.1;10.9;;
4122602;Rondon;PR;3B;ABNT_TR_15220-3-1_2024;-23.41;-52.77;397;22.8;68;4946;3.5;9.9;;
4122651;Rosário do Ivaí;PR;2R;ABNT_TR_15220-3-1_2024;-24.27;-51.27;808;19.8;72;4853;3.5;11.0;;
4122701;Sabáudia;PR;3B;ABNT_TR_15220-3-1_2024;-23.32;-51.56;723;21.5;69;4928;4.4;9.4;;
4122800;Salgado Filho;PR;2R;ABNT_TR_15220-3-1_2024;-26.18;-53.36;513;19.2;72;4711;4.4;11.5;;
4122909;Salto do Itararé;PR;3B;ABNT_TR_15220-3-1_2024;-23.61;-49.64;515;21.3;73;4837;3.6;11.8;;
4123006;Salto do Lontra;PR;2R;ABNT_TR_15220-3-1_2024;-25.78;-53.31;467;20.3;72;4785;4.1;11.5;;
4123105;Santa Amélia;PR;3B;ABNT_TR_15220-3-1_2024;-23.27;-50.43;483;21.6;71;4923;3.8;12.2;;
4123204;Santa Cecília do Pavão;PR;3B;ABNT_TR_15220-3-1_2024;-23.52;-50.78;667;21.0;70;4886;4.1;11.7;;
4123303;Santa Cruz de Monte Castelo;PR;4B;ABNT_TR_15220-3-1_2024;-22.96;-53.29;398;23.4;68;4972;3.9;10.6;;
4123402;Santa Fé;PR;3B;ABNT_TR_15220-3-1_2024;-23.04;-51.81;486;22.6;67;5001;4.4;9.4;;
4123501;Santa Helena;PR;3B;ABNT_TR_15220-3-1_2024;-24.86;-54.34;264;22.8;72;4836;3.9;11.3;;
4123600;Santa Inês;PR;4B;ABNT_TR_15220-3-1_2024;-22.64;-51.90;360;23.8;67;5046;4.1;10.2;;
4123709;Santa Isabel do Ivaí;PR;4B;ABNT_TR_15220-3-1_2024;-23.00;-53.20;394;23.3;68;4961;3.8;10.4;;
4123808;Santa Izabel do Oeste;PR;2R;ABNT_TR_15220-3-1_2024;-25.82;-53.48;504;20.8;71;4781;4.1;11.5;;
4123824;Santa Lúcia;PR;3B;ABNT_TR_15220-3-1_2024;-25.41;-53.56;426;21.3;71;4707;3.5;11.5;;
4123857;Santa Maria do Oeste;PR;1M;ABNT_TR_15220-3-1_2024;-24.94;-51.87;937;18.1;74;4684;4.0;10.9;;
4123907;Santa Mariana;PR;3B;ABNT_TR_15220-3-1_2024;-23.15;-50.52;489;22.4;70;4961;3.9;11.8;;
4123956;Santa Mônica;PR;4B;ABNT_TR_15220-3-1_2024;-23.11;-53.11;372;23.4;68;4940;3.8;10.4;;
4124004;Santana do Itararé;PR;2M;ABNT_TR_15220-3-1_2024;-23.76;-49.63;552;20.8;73;4768;3.7;11.8;;
4124020;Santa Tereza do Oeste;PR;2R;ABNT_TR_15220-3-1_2024;-25.05;-53.63;742;20.4;71;4697;4.1;11.5;;
4124053;Santa Terezinha de Itaipu;PR;3A;ABNT_TR_15220-3-1_2024;-25.44;-54.40;284;22.2;75;4802;3.3;11.8;;
4124103;Santo Antônio da Platina;PR;3B;ABNT_TR_15220-3-1_2024;-23.30;-50.08;489;21.9;72;4931;3.8;12.2;;
4124202;Santo Antônio do Caiuá;PR;4B;ABNT_TR_15220-3-1_2024;-22.74;-52.34;379;23.4;67;5038;4.1;9.9;;
4124301;Santo Antônio do Paraíso;PR;2M;ABNT_TR_15220-3-1_2024;-23.50;-50.65;680;20.6;70;4888;3.6;11.8;;
4124400;Santo Antônio do Sudoeste;PR;2R;ABNT_TR_15220-3-1_2024;-26.07;-53.73;550;19.9;72;4736;4.2;11.7;;
4124509;Santo Inácio;PR;4B;ABNT_TR_15220-3-1_2024;-22.70;-51.80;377;23.4;67;5050;4.2;10.2;;
4124608;São Carlos do Ivaí;PR;4B;ABNT_TR_15220-3-1_2024;-23.32;-52.48;386;23.1;68;4940;3.6;9.2;;
4124707;São Jerônimo da Serra;PR;2M;ABNT_TR_15220-3-1_2024;-23.72;-50.75;912;19.1;71;4826;3.8;11.7;;
4124806;São João;PR;2R;ABNT_TR_15220-3-1_2024;-25.82;-52.73;672;19.5;72;4763;3.9;11.2;;
4124905;São João do Caiuá;PR;4B;ABNT_TR_15220-3-1_2024;-22.85;-52.34;458;23.0;67;5015;4.2;9.9;;
4125001;São João do Ivaí;PR;3B;ABNT_TR_15220-3-1_2024;-23.98;-51.82;454;21.8;71;4914;3.6;9.7;;
4125100;São João do Triunfo;PR;1M;ABNT_TR_15220-3-1_2024;-25.68;-50.29;820;18.1;83;4219;3.3;11.5;;
4125209;São Jorge d'Oeste;PR;2R;ABNT_TR_15220-3-1_2024;-25.71;-52.92;484;20.3;72;4750;3.7;11.2;;
4125308;São Jorge do Ivaí;PR;3B;ABNT_TR_15220-3-1_2024;-23.43;-52.29;437;22.6;68;4908;3.8;9.2;;
4125357;São Jorge do Patrocínio;PR;4B;ABNT_TR_15220-3-1_2024;-23.76;-53.88;375;23.1;69;4891;3.3;10.7;;
4125407;São José da Boa Vista;PR;2M;ABNT_TR_15220-3-1_2024;-23.91;-49.66;541;20.2;74;4753;3.3;11.8;;
4125456;São José das Palmeiras;PR;3B;ABNT_TR_15220-3-1_2024;-24.84;-54.06;514;22.2;71;4793;3.8;11.3;;
4125506;São José dos Pinhais;PR;1M;ABNT_TR_15220-3-1_2024;-25.53;-49.20;906;17.5;83;4152;3.2;9.8;;
4125555;São Manoel do Paraná;PR;4B;ABNT_TR_15220-3-1_2024;-23.39;-52.65;406;23.0;68;4934;3.6;9.9;;
4125605;São Mateus do Sul;PR;1M;ABNT_TR_15220-3-1_2024;-25.87;-50.38;776;18.0;83;4148;3.1;11.5;;
4125704;São Miguel do Iguaçu;PR;3A;ABNT_TR_15220-3-1_2024;-25.35;-54.24;296;22.2;74;4771;3.5;11.8;;
4125753;São Pedro do Iguaçu;PR;3B;ABNT_TR_15220-3-1_2024;-24.94;-53.85;541;21.6;71;4768;4.0;11.2;;
4125803;São Pedro do Ivaí;PR;3B;ABNT_TR_15220-3-1_2024;-23.86;-51.86;404;22.1;69;4892;3.6;9.7;;
4125902;São Pedro do Paraná;PR;4B;ABNT_TR_15220-3-1_2024;-22.82;-53.22;302;23.8;69;4995;3.9;10.6;;
4126009;São Sebastião da Amoreira;PR;3B;ABNT_TR_15220-3-1_2024;-23.47;-50.76;671;21.0;70;4886;4.0;11.8;;
4126108;São Tomé;PR;3B;ABNT_TR_15220-3-1_2024;-23.53;-52.59;448;22.5;68;4929;3.6;10.1;;
4126207;Sapopema;PR;2M;ABNT_TR_15220-3-1_2024;-23.91;-50.58;702;19.7;71;4691;3.0;11.7;;
4126256;Sarandi;PR;3B;ABNT_TR_15220-3-1_2024;-23.44;-51.88;581;22.1;67;4902;4.6;9.4;;
4126272;Saudade do Iguaçu;PR;2R;ABNT_TR_15220-3-1_2024;-25.69;-52.62;625;19.9;72;4742;4.0;11.2;;
4126306;Sengés;PR;2M;ABNT_TR_15220-3-1_2024;-24.11;-49.46;613;19.7;77;4704;3.3;11.2;;
4126355;Serranópolis do Iguaçu;PR;3B;ABNT_TR_15220-3-1_2024;-25.38;-54.05;327;22.0;72;4724;3.1;11.8;;
4126405;Sertaneja;PR;3B;ABNT_TR_15220-3-1_2024;-23.04;-50.83;407;22.8;70;4996;4.1;11.8;;
4126504;Sertanópolis;PR;3B;ABNT_TR_15220-3-1_2024;-23.06;-51.04;404;22.6;70;4953;4.0;11.1;;
4126603;Siqueira Campos;PR;2M;ABNT_TR_15220-3-1_2024;-23.69;-49.83;632;20.4;73;4824;3.3;11.8;;
4126652;Sulina;PR;2R;ABNT_TR_15220-3-1_2024;-25.71;-52.73;503;19.9;72;4754;3.9;11.2;;
4126678;Tamarana;PR;2M;ABNT_TR_15220-3-1_2024;-23.72;-51.10;756;20.1;70;4825;3.7;11.0;;
4126702;Tamboara;PR;4B;ABNT_TR_15220-3-1_2024;-23.20;-52.47;385;23.0;68;4951;3.8;9.2;;
4126801;Tapejara;PR;3B;ABNT_TR_15220-3-1_2024;-23.73;-52.87;512;22.4;68;4921;3.6;10.1;;
4126900;Tapira;PR;4B;ABNT_TR_15220-3-1_2024;-23.32;-53.07;386;23.2;68;4957;3.7;10.4;;
4127007;Teixeira Soares;PR;1M;ABNT_TR_15220-3-1_2024;-25.37;-50.46;924;18.3;82;4353;3.5;11.4;;
4127106;Telêmaco Borba;PR;2R;ABNT_TR_15220-3-1_2024;-24.32;-50.62;756;19.4;73;4690;3.0;11.5;;
4127205;Terra Boa;PR;3B;ABNT_TR_15220-3-1_2024;-23.77;-52.45;575;21.7;69;4906;3.6;9.6;;
4127304;Terra Rica;PR;4B;ABNT_TR_15220-3-1_2024;-22.71;-52.62;402;23.5;68;5044;3.9;10.2;;
4127403;Terra Roxa;PR;3B;ABNT_TR_15220-3-1_2024;-24.16;-54.10;354;22.7;71;4857;3.5;10.8;;
4127502;Tibagi;PR;2R;ABNT_TR_15220-3-1_2024;-24.52;-50.42;724;19.0;76;4665;4.0;11.5;;
4127601;Tijucas do Sul;PR;1M;ABNT_TR_15220-3-1_2024;-25.93;-49.20;912;17.2;84;4101;3.2;10.4;;
4127700;Toledo;PR;3B;ABNT_TR_15220-3-1_2024;-24.72;-53.74;563;21.1;71;4797;3.7;11.2;;
4127809;Tomazina;PR;2M;ABNT_TR_15220-3-1_2024;-23.78;-49.95;530;20.5;73;4823;3.0;11.8;;
4127858;Três Barras do Paraná;PR;2R;ABNT_TR_15220-3-1_2024;-25.42;-53.18;519;20.8;72;4717;3.5;11.3;;
4127882;Tunas do Paraná;PR;1M;ABNT_TR_15220-3-1_2024;-24.97;-49.09;898;17.9;83;4248;3.0;10.4;;
4127908;Tuneiras do Oeste;PR;3B;ABNT_TR_15220-3-1_2024;-23.86;-52.88;507;22.3;69;4897;4.0;10.1;;
4127957;Tupãssi;PR;3B;ABNT_TR_15220-3-1_2024;-24.59;-53.51;559;21.2;71;4824;3.8;11.2;;
4127965;Turvo;PR;1M;ABNT_TR_15220-3-1_2024;-25.04;-51.53;1057;17.6;79;4613;3.8;11.2;;
4128005;Ubiratã;PR;3B;ABNT_TR_15220-3-1_2024;-24.54;-52.99;486;21.6;71;4809;3.7;10.9;;
4128104;Umuarama;PR;3B;ABNT_TR_15220-3-1_2024;-23.77;-53.32;458;22.5;69;4896;3.6;10.5;;
4128203;União da Vitória;PR;1M;ABNT_TR_15220-3-1_2024;-26.23;-51.09;756;17.3;81;4144;2.7;11.2;;
4128302;Uniflor;PR;3B;ABNT_TR_15220-3-1_2024;-23.09;-52.16;543;22.6;67;4983;4.2;9.2;;
4128401;Uraí;PR;3B;ABNT_TR_15220-3-1_2024;-23.20;-50.79;429;22.2;70;4960;4.2;11.8;;
4128500;Wenceslau Braz;PR;2M;ABNT_TR_15220-3-1_2024;-23.87;-49.80;830;19.9;73;4799;3.1;11.8;;
4128534;Ventania;PR;1M;ABNT_TR_15220-3-1_2024;-24.25;-50.24;1015;18.7;75;4680;4.1;11.7;;
4128559;Vera Cruz do Oeste;PR;3B;ABNT_TR_15220-3-1_2024;-25.06;-53.88;633;21.1;71;4728;4.1;11.5;;
4128609;Verê;PR;2R;ABNT_TR_15220-3-1_2024;-25.88;-52.91;481;19.9;72;4766;3.6;11.2;;
4128625;Alto Paraíso;PR;2R;ABNT_TR_15220-3-1_2024;-26.11;-52.75;738;19.2;73;4727;3.9;11.1;;
4128633;Doutor Ulysses;PR;1M;ABNT_TR_15220-3-1_2024;-24.57;-49.42;816;18.0;79;4183;2.3;10.4;;
4128658;Virmond;PR;2R;ABNT_TR_15220-3-1_2024;-25.38;-52.20;738;19.2;74;4693;4.0;11.1;;
4128708;Vitorino;PR;1M;ABNT_TR_15220-3-1_2024;-26.27;-52.78;714;18.4;73;4683;4.4;11.1;;
4128807;Xambrê;PR;3B;ABNT_TR_15220-3-1_2024;-23.74;-53.49;397;22.8;69;4900;3.8;10.5;;
4200051;Abdon Batista;SC;1M;ABNT_TR_15220-3-1_2024;-27.61;-51.02;721;17.2;80;4437;3.6;9.9;;
4200101;Abelardo Luz;SC;1M;ABNT_TR_15220-3-1_2024;-26.57;-52.32;790;18.2;74;4618;4.2;10.5;;
4200200;Agrolândia;SC;1M;ABNT_TR_15220-3-1_2024;-27.41;-49.82;387;17.6;83;4098;3.0;9.5;;
4200309;Agronômica;SC;1M;ABNT_TR_15220-3-1_2024;-27.27;-49.71;356;18.0;84;4102;2.6;9.5;;
4200408;Água Doce;SC;1M;ABNT_TR_15220-3-1_2024;-27.00;-51.55;864;17.2;78;4460;3.6;10.7;;
4200507;Águas de Chapecó;SC;2R;ABNT_TR_15220-3-1_2024;-27.08;-52.98;317;20.5;74;4643;3.4;10.9;;
4200556;Águas Frias;SC;2R;ABNT_TR_15220-3-1_2024;-26.88;-52.86;358;20.3;74;4641;3.5;10.9;;
4200606;Águas Mornas;SC;1M;ABNT_TR_15220-3-1_2024;-27.70;-48.82;78;18.5;81;4020;3.8;7.5;;
4200705;Alfredo Wagner;SC;1R;ABNT_TR_15220-3-1_2024;-27.80;-49.33;628;16.3;80;4193;3.1;8.7;;
4200754;Alto Bela Vista;SC;2R;ABNT_TR_15220-3-1_2024;-27.43;-51.90;475;19.2;77;4604;3.4;10.2;;
4200804;Anchieta;SC;2R;ABNT_TR_15220-3-1_2024;-26.54;-53.33;685;19.6;72;4665;3.7;11.6;;
4200903;Angelina;SC;1M;ABNT_TR_15220-3-1_2024;-27.57;-48.99;491;17.3;82;4016;3.1;7.5;;
4201000;Anita Garibaldi;SC;1M;ABNT_TR_15220-3-1_2024;-27.69;-51.13;884;17.2;79;4506;3.5;9.9;;
4201109;Anitápolis;SC;1M;ABNT_TR_15220-3-1_2024;-27.90;-49.13;524;17.2;76;4082;4.3;8.7;;
4201208;Antônio Carlos;SC;2M;ABNT_TR_15220-3-1_2024;-27.52;-48.77;20;18.9;82;4016;3.0;7.5;;
4201257;Apiúna;SC;1M;ABNT_TR_15220-3-1_2024;-27.04;-49.39;86;18.7;84;4007;2.7;8.9;;
4201273;Arabutã;SC;2R;ABNT_TR_15220-3-1_2024;-27.16;-52.14;416;18.8;76;4572;3.3;10.2;;
4201307;Araquari;SC;3A;ABNT_TR_15220-3-1_2024;-26.38;-48.72;11;21.0;85;3930;2.9;8.3;;
4201406;Araranguá;SC;2M;ABNT_TR_15220-3-1_2024;-28.94;-49.49;6;19.9;83;4717;2.5;7.9;;
4201505;Armazém;SC;2M;ABNT_TR_15220-3-1_2024;-28.24;-49.02;60;19.3;76;4248;3.6;7.8;;
4201604;Arroio Trinta;SC;1M;ABNT_TR_15220-3-1_2024;-26.93;-51.34;905;17.0;78;4400;3.6;10.8;;
4201653;Arvoredo;SC;2R;ABNT_TR_15220-3-1_2024;-27.07;-52.45;369;19.1;75;4610;3.5;10.2;;
4201703;Ascurra;SC;1M;ABNT_TR_15220-3-1_2024;-26.95;-49.38;78;18.7;84;4007;2.5;9.2;;
4201802;Atalanta;SC;1M;ABNT_TR_15220-3-1_2024;-27.42;-49.78;542;17.6;84;4119;3.0;9.5;;
4201901;Aurora;SC;1M;ABNT_TR_15220-3-1_2024;-27.31;-49.63;432;17.6;84;4095;2.8;9.5;;
4201950;Balneário Arroio do Silva;SC;2M;ABNT_TR_15220-3-1_2024;-28.98;-49.42;9;19.9;82;4331;3.7;7.0;;
4202008;Balneário Camboriú;SC;2M;ABNT_TR_15220-3-1_2024;-26.99;-48.64;8;20.7;83;4134;3.1;8.1;;
4202057;Balneário Barra do Sul;SC;3A;ABNT_TR_15220-3-1_2024;-26.46;-48.61;3;21.2;85;4056;2.8;8.3;;
4202073;Balneário Gaivota;SC;2M;ABNT_TR_15220-3-1_2024;-29.15;-49.58;11;19.4;81;4363;3.6;6.9;;
4202081;Bandeirante;SC;2R;ABNT_TR_15220-3-1_2024;-26.77;-53.64;507;19.9;72;4610;3.7;11.9;;
4202099;Barra Bonita;SC;2R;ABNT_TR_15220-3-1_2024;-26.65;-53.44;316;20.2;72;4631;3.3;11.6;;
4202107;Barra Velha;SC;2M;ABNT_TR_15220-3-1_2024;-26.64;-48.69;12;20.8;84;4139;2.6;8.1;;
4202131;Bela Vista do Toldo;SC;1M;ABNT_TR_15220-3-1_2024;-26.27;-50.47;769;17.4;84;4085;2.8;11.4;;
4202156;Belmonte;SC;2R;ABNT_TR_15220-3-1_2024;-26.84;-53.58;584;19.9;72;4631;3.6;11.9;;
4202206;Benedito Novo;SC;1M;ABNT_TR_15220-3-1_2024;-26.78;-49.36;281;18.2;85;3940;2.1;9.2;;
4202305;Biguaçu;SC;2M;ABNT_TR_15220-3-1_2024;-27.50;-48.66;3;19.8;82;4126;3.4;7.7;;
4202404;Blumenau;SC;2M;ABNT_TR_15220-3-1_2024;-26.92;-49.07;12;19.6;84;4007;2.3;9.2;;
4202438;Bocaina do Sul;SC;1R;ABNT_TR_15220-3-1_2024;-27.75;-49.94;847;16.0;82;4149;3.5;9.3;;
4202453;Bombinhas;SC;2M;ABNT_TR_15220-3-1_2024;-27.14;-48.51;51;20.5;82;4239;3.2;7.7;;
4202503;Bom Jardim da Serra;SC;1R;ABNT_TR_15220-3-1_2024;-28.34;-49.64;1237;14.6;77;4354;4.2;9.2;;
4202537;Bom Jesus;SC;1M;ABNT_TR_15220-3-1_2024;-26.73;-52.39;664;18.7;75;4612;4.1;10.5;;
4202578;Bom Jesus do Oeste;SC;2R;ABNT_TR_15220-3-1_2024;-26.69;-53.10;608;19.4;73;4605;3.9;11.6;;
4202602;Bom Retiro;SC;1R;ABNT_TR_15220-3-1_2024;-27.80;-49.49;891;15.7;76;4175;3.4;8.7;;
4202701;Botuverá;SC;1M;ABNT_TR_15220-3-1_2024;-27.20;-49.07;157;18.3;84;3951;2.7;8.9;;
4202800;Braço do Norte;SC;1M;ABNT_TR_15220-3-1_2024;-28.27;-49.17;73;18.6;74;4217;4.0;7.8;;
4202859;Braço do Trombudo;SC;1M;ABNT_TR_15220-3-1_2024;-27.36;-49.88;405;17.1;83;4098;2.8;9.5;;
4202875;Brunópolis;SC;1M;ABNT_TR_15220-3-1_2024;-27.31;-50.87;906;16.8;81;4355;3.5;10.3;;
4202909;Brusque;SC;2M;ABNT_TR_15220-3-1_2024;-27.10;-48.91;19;19.6;84;3987;2.5;7.7;;
4203006;Caçador;SC;1M;ABNT_TR_15220-3-1_2024;-26.78;-51.01;941;16.9;77;4608;0.6;10.6;;
4203105;Caibi;SC;2R;ABNT_TR_15220-3-1_2024;-27.07;-53.25;358;20.6;73;4623;3.4;12.1;;
4203154;Calmon;SC;1M;ABNT_TR_15220-3-1_2024;-26.59;-51.10;1181;15.8;81;4208;3.5;10.8;;
4203204;Camboriú;SC;2M;ABNT_TR_15220-3-1_2024;-27.02;-48.65;8;20.4;83;4134;3.0;7.7;;
4203253;Capão Alto;SC;1R;ABNT_TR_15220-3-1_2024;-27.94;-50.51;1037;16.0;81;4305;3.9;9.9;;
4203303;Campo Alegre;SC;1M;ABNT_TR_15220-3-1_2024;-26.20;-49.27;888;17.1;85;4053;3.2;10.0;;
4203402;Campo Belo do Sul;SC;1R;ABNT_TR_15220-3-1_2024;-27.90;-50.76;994;16.2;81;4365;3.5;9.9;;
4203501;Campo Erê;SC;1M;ABNT_TR_15220-3-1_2024;-26.39;-53.09;929;18.2;75;4645;3.9;11.5;;
4203600;Campos Novos;SC;1M;ABNT_TR_15220-3-1_2024;-27.40;-51.23;933;17.2;79;4519;4.0;10.3;;
4203709;Canelinha;SC;2M;ABNT_TR_15220-3-1_2024;-27.26;-48.77;15;19.5;82;4050;2.8;7.7;;
4203808;Canoinhas;SC;1M;ABNT_TR_15220-3-1_2024;-26.18;-50.40;766;17.7;84;4090;2.7;11.4;;
4203907;Capinzal;SC;1M;ABNT_TR_15220-3-1_2024;-27.35;-51.61;465;18.4;77;4561;3.9;10.2;;
4203956;Capivari de Baixo;SC;2M;ABNT_TR_15220-3-1_2024;-28.45;-48.96;10;20.0;78;4281;4.5;6.9;;
4204004;Catanduvas;SC;1M;ABNT_TR_15220-3-1_2024;-27.07;-51.66;953;17.9;78;4492;3.5;10.2;;
4204103;Caxambu do Sul;SC;2R;ABNT_TR_15220-3-1_2024;-27.16;-52.88;313;20.1;74;4649;3.3;10.9;;
4204152;Celso Ramos;SC;1M;ABNT_TR_15220-3-1_2024;-27.63;-51.34;747;17.9;78;4527;3.4;9.9;;
4204178;Cerro Negro;SC;1R;ABNT_TR_15220-3-1_2024;-27.79;-50.87;1011;16.3;81;4393;3.7;9.9;;
4204194;Chapadão do Lageado;SC;1M;ABNT_TR_15220-3-1_2024;-27.59;-49.55;606;16.6;83;4176;2.9;9.3;;
4204202;Chapecó;SC;2R;ABNT_TR_15220-3-1_2024;-27.10;-52.62;659;19.0;75;4621;3.3;10.9;;
4204251;Cocal do Sul;SC;2M;ABNT_TR_15220-3-1_2024;-28.60;-49.33;72;19.4;79;4111;4.0;7.0;;
4204301;Concórdia;SC;1M;ABNT_TR_15220-3-1_2024;-27.23;-52.03;593;18.7;76;4570;3.4;10.2;;
4204350;Cordilheira Alta;SC;2R;ABNT_TR_15220-3-1_2024;-26.98;-52.61;727;18.8;75;4650;3.8;10.9;;
4204400;Coronel Freitas;SC;2R;ABNT_TR_15220-3-1_2024;-26.91;-52.70;359;19.6;75;4659;3.9;10.9;;
4204459;Coronel Martins;SC;2R;ABNT_TR_15220-3-1_2024;-26.51;-52.67;674;18.9;73;4639;3.9;10.9;;
4204509;Corupá;SC;2M;ABNT_TR_15220-3-1_2024;-26.42;-49.25;118;19.2;85;3948;2.2;10.0;;
4204558;Correia Pinto;SC;1M;ABNT_TR_15220-3-1_2024;-27.59;-50.36;848;16.2;82;4212;3.7;9.8;;
4204608;Criciúma;SC;2M;ABNT_TR_15220-3-1_2024;-28.67;-49.37;65;19.7;81;4183;3.9;7.0;;
4204707;Cunha Porã;SC;2R;ABNT_TR_15220-3-1_2024;-26.90;-53.17;567;19.8;73;4610;3.4;11.6;;
4204756;Cunhataí;SC;2R;ABNT_TR_15220-3-1_2024;-26.97;-53.09;431;20.2;73;4610;3.3;11.6;;
4204806;Curitibanos;SC;1M;ABNT_TR_15220-3-1_2024;-27.28;-50.58;1000;16.7;79;4551;2.0;9.5;;
4204905;Descanso;SC;2R;ABNT_TR_15220-3-1_2024;-26.83;-53.50;545;19.9;72;4631;3.6;11.9;;
4205001;Dionísio Cerqueira;SC;2R;ABNT_TR_15220-3-1_2024;-26.26;-53.64;813;19.4;71;4919;2.6;8.5;;
4205100;Dona Emma;SC;1M;ABNT_TR_15220-3-1_2024;-26.98;-49.73;393;18.5;84;4035;2.6;10.4;;
4205159;Doutor Pedrinho;SC;1M;ABNT_TR_15220-3-1_2024;-26.72;-49.48;567;17.2;84;3918;2.7;9.2;;
4205175;Entre Rios;SC;2R;ABNT_TR_15220-3-1_2024;-26.72;-52.56;537;19.7;74;4650;3.9;10.9;;
4205191;Ermo;SC;2M;ABNT_TR_15220-3-1_2024;-28.99;-49.64;12;19.1;82;4185;3.5;8.1;;
4205209;Erval Velho;SC;1M;ABNT_TR_15220-3-1_2024;-27.27;-51.44;682;17.7;78;4573;3.9;10.3;;
4205308;Faxinal dos Guedes;SC;1M;ABNT_TR_15220-3-1_2024;-26.85;-52.26;972;18.2;77;4596;4.3;10.5;;
4205357;Flor do Sertão;SC;2R;ABNT_TR_15220-3-1_2024;-26.78;-53.35;319;20.5;72;4628;3.6;11.6;;
4205407;Florianópolis;SC;3A;ABNT_TR_15220-3-1_2024;-27.59;-48.55;34;21.2;80;4323;3.5;6.8;;
4205431;Formosa do Sul;SC;2R;ABNT_TR_15220-3-1_2024;-26.65;-52.79;559;19.3;73;4623;3.7;10.9;;
4205456;Forquilhinha;SC;2M;ABNT_TR_15220-3-1_2024;-28.75;-49.48;26;19.4;82;4108;3.7;7.0;;
4205506;Fraiburgo;SC;1M;ABNT_TR_15220-3-1_2024;-27.02;-50.92;1023;16.4;80;4356;3.5;10.3;;
4205555;Frei Rogério;SC;1M;ABNT_TR_15220-3-1_2024;-27.18;-50.81;946;17.0;81;4353;3.6;10.3;;
4205605;Galvão;SC;2R;ABNT_TR_15220-3-1_2024;-26.45;-52.69;645;18.9;73;4639;3.9;11.1;;
4205704;Garopaba;SC;2M;ABNT_TR_15220-3-1_2024;-28.03;-48.62;12;19.7;81;4139;4.0;6.9;;
4205803;Garuva;SC;1M;ABNT_TR_15220-3-1_2024;-26.03;-48.85;24;18.5;85;3594;3.0;8.3;;
4205902;Gaspar;SC;2M;ABNT_TR_15220-3-1_2024;-26.93;-48.95;15;19.8;84;3967;2.6;8.1;;
4206009;Governador Celso Ramos;SC;2M;ABNT_TR_15220-3-1_2024;-27.32;-48.56;33;20.6;82;4248;2.9;7.7;;
4206108;Grão-Pará;SC;2M;ABNT_TR_15220-3-1_2024;-28.18;-49.23;142;18.8;73;4103;3.5;7.8;;
4206207;Gravatal;SC;2M;ABNT_TR_15220-3-1_2024;-28.32;-49.04;13;19.7;76;4249;3.8;7.8;;
4206306;Guabiruba;SC;2M;ABNT_TR_15220-3-1_2024;-27.08;-48.98;43;19.1;84;3987;2.2;7.7;;
4206405;Guaraciaba;SC;2R;ABNT_TR_15220-3-1_2024;-26.60;-53.52;656;19.6;72;4651;3.8;11.9;;
4206504;Guaramirim;SC;2M;ABNT_TR_15220-3-1_2024;-26.47;-49.00;50;20.3;85;3924;2.3;10.0;;
4206603;Guarujá do Sul;SC;2R;ABNT_TR_15220-3-1_2024;-26.39;-53.53;716;19.1;72;4672;4.1;11.7;;
4206652;Guatambú;SC;2R;ABNT_TR_15220-3-1_2024;-27.13;-52.79;537;19.6;74;4631;3.5;10.9;;
4206702;Herval d'Oeste;SC;1M;ABNT_TR_15220-3-1_2024;-27.19;-51.49;557;18.2;78;4533;3.6;10.3;;
4206751;Ibiam;SC;1M;ABNT_TR_15220-3-1_2024;-27.18;-51.24;770;17.2;78;4493;3.8;10.3;;
4206801;Ibicaré;SC;1M;ABNT_TR_15220-3-1_2024;-27.09;-51.37;552;18.1;78;4496;3.8;10.3;;
4206900;Ibirama;SC;1M;ABNT_TR_15220-3-1_2024;-27.05;-49.52;161;18.6;84;4083;2.4;9.5;;
4207007;Içara;SC;2M;ABNT_TR_15220-3-1_2024;-28.71;-49.31;46;19.8;81;4183;3.9;7.0;;
4207106;Ilhota;SC;2M;ABNT_TR_15220-3-1_2024;-26.90;-48.83;9;20.6;84;3979;2.8;8.1;;
4207205;Imaruí;SC;2M;ABNT_TR_15220-3-1_2024;-28.33;-48.82;61;20.3;79;4231;4.6;6.9;;
4207304;Imbituba;SC;2M;ABNT_TR_15220-3-1_2024;-28.23;-48.67;13;20.5;80;4310;4.4;6.9;;
4207403;Imbuia;SC;1M;ABNT_TR_15220-3-1_2024;-27.49;-49.42;714;17.0;83;4102;2.6;8.9;;
4207502;Indaial;SC;2M;ABNT_TR_15220-3-1_2024;-26.90;-49.24;87;20.4;83;4048;1.0;8.5;;
4207577;Iomerê;SC;1M;ABNT_TR_15220-3-1_2024;-27.00;-51.24;836;17.4;78;4412;3.7;10.3;;
4207601;Ipira;SC;2R;ABNT_TR_15220-3-1_2024;-27.40;-51.78;446;19.0;77;4594;3.6;10.2;;
4207650;Iporã do Oeste;SC;2R;ABNT_TR_15220-3-1_2024;-26.99;-53.54;555;20.2;72;4621;3.7;11.9;;
4207684;Ipuaçu;SC;2R;ABNT_TR_15220-3-1_2024;-26.64;-52.46;681;19.1;74;4622;4.0;10.5;;
4207700;Ipumirim;SC;1M;ABNT_TR_15220-3-1_2024;-27.08;-52.13;679;18.7;76;4543;3.4;10.2;;
4207759;Iraceminha;SC;2R;ABNT_TR_15220-3-1_2024;-26.82;-53.28;455;20.3;72;4636;3.8;11.6;;
4207809;Irani;SC;1M;ABNT_TR_15220-3-1_2024;-27.03;-51.90;1066;17.7;79;4516;3.6;10.2;;
4207858;Irati;SC;2R;ABNT_TR_15220-3-1_2024;-26.65;-52.90;471;19.6;73;4621;3.5;10.9;;
4207908;Irineópolis;SC;1M;ABNT_TR_15220-3-1_2024;-26.24;-50.80;770;17.6;82;4055;2.9;11.3;;
4208005;Itá;SC;2R;ABNT_TR_15220-3-1_2024;-27.29;-52.32;406;19.4;76;4599;3.3;10.2;;
4208104;Itaiópolis;SC;1M;ABNT_TR_15220-3-1_2024;-26.34;-49.91;930;17.1;84;4135;3.1;11.3;;
4208203;Itajaí;SC;2M;ABNT_TR_15220-3-1_2024;-26.91;-48.67;4;20.8;84;4148;2.8;8.1;;
4208302;Itapema;SC;2M;ABNT_TR_15220-3-1_2024;-27.09;-48.62;5;19.9;83;4044;3.4;7.7;;
4208401;Itapiranga;SC;2R;ABNT_TR_15220-3-1_2024;-27.17;-53.72;225;20.5;72;4625;3.4;11.9;;
4208450;Itapoá;SC;2M;ABNT_TR_15220-3-1_2024;-26.12;-48.62;8;20.8;86;4014;1.1;7.7;;
4208500;Ituporanga;SC;1M;ABNT_TR_15220-3-1_2024;-27.41;-49.60;406;18.3;82;4365;1.1;9.3;;
4208609;Jaborá;SC;1M;ABNT_TR_15220-3-1_2024;-27.18;-51.73;719;18.2;77;4530;3.6;10.2;;
4208708;Jacinto Machado;SC;1M;ABNT_TR_15220-3-1_2024;-29.00;-49.76;42;18.6;82;4092;3.4;8.1;;
4208807;Jaguaruna;SC;2M;ABNT_TR_15220-3-1_2024;-28.61;-49.03;5;20.5;79;4270;4.6;7.0;;
4208906;Jaraguá do Sul;SC;2M;ABNT_TR_15220-3-1_2024;-26.49;-49.07;30;20.0;84;3924;2.3;10.0;;
4208955;Jardinópolis;SC;2R;ABNT_TR_15220-3-1_2024;-26.72;-52.86;541;19.6;73;4621;3.4;10.9;;
4209003;Joaçaba;SC;1M;ABNT_TR_15220-3-1_2024;-27.17;-51.51;538;18.3;77;4892;1.7;10.5;;
4209102;Joinville;SC;2M;ABNT_TR_15220-3-1_2024;-26.30;-48.85;8;20.8;85;3787;2.8;8.3;;
4209151;José Boiteux;SC;1M;ABNT_TR_15220-3-1_2024;-26.96;-49.63;289;18.3;84;4053;2.5;10.4;;
4209177;Jupiá;SC;1M;ABNT_TR_15220-3-1_2024;-26.40;-52.73;819;18.5;74;4650;3.9;11.1;;
4209201;Lacerdópolis;SC;1M;ABNT_TR_15220-3-1_2024;-27.26;-51.56;577;18.4;78;4579;3.9;10.2;;
4209300;Lages;SC;1R;ABNT_TR_15220-3-1_2024;-27.82;-50.33;917;16.1;81;4227;3.7;9.8;;
4209409;Laguna;SC;2M;ABNT_TR_15220-3-1_2024;-28.48;-48.78;36;20.6;79;4438;4.8;6.9;;
4209458;Lajeado Grande;SC;2R;ABNT_TR_15220-3-1_2024;-26.86;-52.56;499;19.2;75;4655;4.0;10.9;;
4209508;Laurentino;SC;1M;ABNT_TR_15220-3-1_2024;-27.22;-49.73;345;18.1;83;4066;2.6;9.5;;
4209607;Lauro Müller;SC;1M;ABNT_TR_15220-3-1_2024;-28.39;-49.40;320;18.5;73;3960;3.4;7.8;;
4209706;Lebon Régis;SC;1M;ABNT_TR_15220-3-1_2024;-26.93;-50.69;992;16.1;80;4284;3.6;11.0;;
4209805;Leoberto Leal;SC;1M;ABNT_TR_15220-3-1_2024;-27.51;-49.28;632;16.6;83;4058;2.7;8.7;;
4209854;Lindóia do Sul;SC;1M;ABNT_TR_15220-3-1_2024;-27.05;-52.07;751;18.7;76;4529;3.6;10.2;;
4209904;Lontras;SC;1M;ABNT_TR_15220-3-1_2024;-27.17;-49.54;352;17.8;84;4079;2.6;9.5;;
4210001;Luiz Alves;SC;2M;ABNT_TR_15220-3-1_2024;-26.72;-48.93;142;19.9;84;3927;2.5;8.1;;
4210035;Luzerna;SC;1M;ABNT_TR_15220-3-1_2024;-27.13;-51.47;542;18.1;78;4488;3.7;10.3;;
4210050;Macieira;SC;1M;ABNT_TR_15220-3-1_2024;-26.86;-51.37;1021;16.9;79;4400;3.8;10.8;;
4210100;Mafra;SC;1M;ABNT_TR_15220-3-1_2024;-26.12;-49.81;796;17.6;85;4152;3.3;11.3;;
4210209;Major Gercino;SC;1M;ABNT_TR_15220-3-1_2024;-27.42;-48.95;208;18.4;82;4026;2.7;7.7;;
4210308;Major Vieira;SC;1M;ABNT_TR_15220-3-1_2024;-26.37;-50.33;797;17.1;82;4460;2.1;10.6;;
4210407;Maracajá;SC;2M;ABNT_TR_15220-3-1_2024;-28.85;-49.46;13;19.3;82;4219;4.0;7.0;;
4210506;Maravilha;SC;2R;ABNT_TR_15220-3-1_2024;-26.77;-53.17;576;19.8;73;4617;3.8;11.6;;
4210555;Marema;SC;2R;ABNT_TR_15220-3-1_2024;-26.80;-52.63;414;19.7;74;4666;3.7;10.9;;
4210605;Massaranduba;SC;2M;ABNT_TR_15220-3-1_2024;-26.61;-49.01;26;19.9;84;3925;2.4;9.2;;
4210704;Matos Costa;SC;1M;ABNT_TR_15220-3-1_2024;-26.47;-51.15;1205;16.2;81;4204;3.3;11.2;;
4210803;Meleiro;SC;2M;ABNT_TR_15220-3-1_2024;-28.82;-49.64;48;19.3;82;4047;3.4;8.1;;
4210852;Mirim Doce;SC;1M;ABNT_TR_15220-3-1_2024;-27.20;-50.08;412;17.4;84;4010;2.4;10.2;;
4210902;Modelo;SC;2R;ABNT_TR_15220-3-1_2024;-26.77;-53.04;625;20.0;73;4595;3.4;11.6;;
4211009;Mondaí;SC;2R;ABNT_TR_15220-3-1_2024;-27.10;-53.40;220;20.8;73;4606;3.4;12.1;;
4211058;Monte Carlo;SC;1M;ABNT_TR_15220-3-1_2024;-27.22;-50.98;963;16.8;80;4374;3.7;10.3;;
4211108;Monte Castelo;SC;1M;ABNT_TR_15220-3-1_2024;-26.46;-50.23;813;17.6;84;4085;2.4;11.4;;
4211207;Morro da Fumaça;SC;2M;ABNT_TR_15220-3-1_2024;-28.65;-49.22;23;20.0;80;4257;4.3;7.0;;
4211256;Morro Grande;SC;2M;ABNT_TR_15220-3-1_2024;-28.80;-49.72;82;19.4;82;3950;2.8;8.1;;
4211306;Navegantes;SC;2M;ABNT_TR_15220-3-1_2024;-26.89;-48.65;6;20.8;84;4148;2.9;8.1;;
4211405;Nova Erechim;SC;2R;ABNT_TR_15220-3-1_2024;-26.90;-52.91;441;20.3;73;4610;3.6;10.9;;
4211454;Nova Itaberaba;SC;2R;ABNT_TR_15220-3-1_2024;-26.94;-52.81;385;20.0;74;4641;3.9;10.9;;
4211504;Nova Trento;SC;2M;ABNT_TR_15220-3-1_2024;-27.28;-48.93;162;19.2;83;4013;2.7;7.7;;
4211603;Nova Veneza;SC;1M;ABNT_TR_15220-3-1_2024;-28.63;-49.51;68;18.7;80;3945;3.4;8.1;;
4211652;Novo Horizonte;SC;1M;ABNT_TR_15220-3-1_2024;-26.44;-52.83;727;18.6;74;4640;3.8;11.1;;
4211702;Orleans;SC;2M;ABNT_TR_15220-3-1_2024;-28.35;-49.30;203;18.8;73;4147;3.9;7.8;;
4211751;Otacílio Costa;SC;1M;ABNT_TR_15220-3-1_2024;-27.48;-50.12;846;16.1;83;4100;3.2;10.2;;
4211801;Ouro;SC;1M;ABNT_TR_15220-3-1_2024;-27.34;-51.62;531;18.4;77;4561;3.9;10.2;;
4211850;Ouro Verde;SC;1M;ABNT_TR_15220-3-1_2024;-26.69;-52.31;738;18.2;74;4612;3.9;10.5;;
4211876;Paial;SC;2R;ABNT_TR_15220-3-1_2024;-27.25;-52.50;391;19.1;75;4598;3.1;10.2;;
4211892;Painel;SC;1R;ABNT_TR_15220-3-1_2024;-27.92;-50.10;1143;14.8;82;4283;3.8;9.8;;
4211900;Palhoça;SC;2M;ABNT_TR_15220-3-1_2024;-27.65;-48.67;6;19.9;82;4156;4.2;7.5;;
4212007;Palma Sola;SC;1M;ABNT_TR_15220-3-1_2024;-26.35;-53.28;873;18.5;74;4660;4.5;11.5;;
4212056;Palmeira;SC;1M;ABNT_TR_15220-3-1_2024;-27.58;-50.16;874;16.2;82;4118;3.3;9.8;;
4212106;Palmitos;SC;2R;ABNT_TR_15220-3-1_2024;-27.07;-53.16;389;20.6;73;4615;3.3;12.1;;
4212205;Papanduva;SC;1M;ABNT_TR_15220-3-1_2024;-26.38;-50.14;819;17.4;84;4075;2.6;11.4;;
4212239;Paraíso;SC;2R;ABNT_TR_15220-3-1_2024;-26.62;-53.67;526;19.8;72;4644;3.9;11.9;;
4212254;Passo de Torres;SC;2M;ABNT_TR_15220-3-1_2024;-29.31;-49.72;11;19.4;81;4232;3.6;6.9;;
4212270;Passos Maia;SC;1M;ABNT_TR_15220-3-1_2024;-26.78;-52.06;815;17.7;76;4573;4.2;10.5;;
4212304;Paulo Lopes;SC;2M;ABNT_TR_15220-3-1_2024;-27.96;-48.69;2;19.7;81;4139;4.1;7.5;;
4212403;Pedras Grandes;SC;1M;ABNT_TR_15220-3-1_2024;-28.43;-49.19;38;18.6;76;4221;4.0;7.8;;
4212502;Penha;SC;3A;ABNT_TR_15220-3-1_2024;-26.78;-48.65;10;21.0;84;4157;2.6;8.1;;
4212601;Peritiba;SC;2R;ABNT_TR_15220-3-1_2024;-27.38;-51.90;496;19.2;77;4604;3.4;10.2;;
4212650;Pescaria Brava;SC;2M;ABNT_TR_15220-3-1_2024;-28.40;-48.89;6;20.3;78;4293;4.6;6.9;;
4212700;Petrolândia;SC;1M;ABNT_TR_15220-3-1_2024;-27.53;-49.69;478;17.1;84;4132;2.9;9.3;;
4212809;Balneário Piçarras;SC;3A;ABNT_TR_15220-3-1_2024;-26.76;-48.67;9;20.9;84;4157;2.6;8.1;;
4212908;Pinhalzinho;SC;2R;ABNT_TR_15220-3-1_2024;-26.85;-52.99;522;20.0;73;4601;3.2;10.9;;
4213005;Pinheiro Preto;SC;1M;ABNT_TR_15220-3-1_2024;-27.05;-51.22;770;17.4;78;4412;3.7;10.3;;
4213104;Piratuba;SC;2R;ABNT_TR_15220-3-1_2024;-27.42;-51.77;483;19.0;77;4594;3.7;10.2;;
4213153;Planalto Alegre;SC;2R;ABNT_TR_15220-3-1_2024;-27.07;-52.87;568;20.2;74;4645;3.7;10.9;;
4213203;Pomerode;SC;2M;ABNT_TR_15220-3-1_2024;-26.74;-49.18;66;19.1;84;3880;2.2;9.2;;
4213302;Ponte Alta;SC;1M;ABNT_TR_15220-3-1_2024;-27.48;-50.38;860;16.4;82;4223;3.5;10.2;;
4213351;Ponte Alta do Norte;SC;1M;ABNT_TR_15220-3-1_2024;-27.16;-50.47;954;16.2;82;4260;3.6;10.2;;
4213401;Ponte Serrada;SC;1M;ABNT_TR_15220-3-1_2024;-26.87;-52.01;990;17.3;77;4546;4.3;10.5;;
4213500;Porto Belo;SC;2M;ABNT_TR_15220-3-1_2024;-27.16;-48.55;18;20.5;82;4211;3.1;7.7;;
4213609;Porto União;SC;1M;ABNT_TR_15220-3-1_2024;-26.25;-51.08;819;17.3;81;4144;2.9;11.2;;
4213708;Pouso Redondo;SC;1M;ABNT_TR_15220-3-1_2024;-27.26;-49.93;356;18.0;83;4043;2.6;9.5;;
4213807;Praia Grande;SC;1M;ABNT_TR_15220-3-1_2024;-29.19;-49.95;50;17.4;82;3939;3.1;6.9;;
4213906;Presidente Castello Branco;SC;1M;ABNT_TR_15220-3-1_2024;-27.22;-51.81;530;18.3;77;4532;3.5;10.2;;
4214003;Presidente Getúlio;SC;1M;ABNT_TR_15220-3-1_2024;-27.05;-49.62;253;18.3;84;4053;2.4;9.5;;
4214102;Presidente Nereu;SC;1M;ABNT_TR_15220-3-1_2024;-27.28;-49.39;397;17.4;84;4020;2.8;8.9;;
4214151;Princesa;SC;2R;ABNT_TR_15220-3-1_2024;-26.44;-53.60;577;19.1;72;4680;4.1;11.7;;
4214201;Quilombo;SC;2R;ABNT_TR_15220-3-1_2024;-26.73;-52.72;471;19.7;73;4608;3.5;10.9;;
4214300;Rancho Queimado;SC;1M;ABNT_TR_15220-3-1_2024;-27.67;-49.02;806;17.0;82;4007;3.5;8.7;;
4214409;Rio das Antas;SC;1M;ABNT_TR_15220-3-1_2024;-26.89;-51.07;880;16.9;79;4344;3.6;10.8;;
4214508;Rio do Campo;SC;1M;ABNT_TR_15220-3-1_2024;-26.95;-50.14;609;17.8;83;4329;0.9;9.4;;
4214607;Rio do Oeste;SC;1M;ABNT_TR_15220-3-1_2024;-27.20;-49.80;344;18.5;83;4066;2.7;9.5;;
4214706;Rio dos Cedros;SC;1M;ABNT_TR_15220-3-1_2024;-26.74;-49.27;74;18.6;84;3873;2.2;9.2;;
4214805;Rio do Sul;SC;1M;ABNT_TR_15220-3-1_2024;-27.22;-49.64;347;17.8;84;4068;2.7;9.5;;
4214904;Rio Fortuna;SC;2M;ABNT_TR_15220-3-1_2024;-28.12;-49.11;179;18.9;74;4172;3.5;7.8;;
4215000;Rio Negrinho;SC;1M;ABNT_TR_15220-3-1_2024;-26.26;-49.52;812;17.1;87;4329;1.2;9.8;;
4215059;Rio Rufino;SC;1R;ABNT_TR_15220-3-1_2024;-27.86;-49.78;848;14.8;79;4182;3.1;9.3;;
4215075;Riqueza;SC;2R;ABNT_TR_15220-3-1_2024;-27.07;-53.33;263;20.8;73;4619;3.4;12.1;;
4215109;Rodeio;SC;1M;ABNT_TR_15220-3-1_2024;-26.92;-49.36;109;18.5;85;3952;2.5;9.2;;
4215208;Romelândia;SC;2R;ABNT_TR_15220-3-1_2024;-26.68;-53.32;418;20.2;72;4637;3.5;11.6;;
4215307;Salete;SC;1M;ABNT_TR_15220-3-1_2024;-26.98;-50.00;443;17.6;84;4000;2.5;10.4;;
4215356;Saltinho;SC;2R;ABNT_TR_15220-3-1_2024;-26.60;-53.06;640;19.3;73;4598;3.7;11.6;;
4215406;Salto Veloso;SC;1M;ABNT_TR_15220-3-1_2024;-26.90;-51.40;850;16.9;78;4424;3.7;10.8;;
4215455;Sangão;SC;2M;ABNT_TR_15220-3-1_2024;-28.63;-49.13;68;20.1;79;4228;4.5;7.0;;
4215505;Santa Cecília;SC;1M;ABNT_TR_15220-3-1_2024;-26.96;-50.43;1080;15.8;83;4254;3.4;10.9;;
4215554;Santa Helena;SC;2R;ABNT_TR_15220-3-1_2024;-26.94;-53.62;520;20.0;72;4603;3.7;11.9;;
4215604;Santa Rosa de Lima;SC;1M;ABNT_TR_15220-3-1_2024;-28.03;-49.13;375;18.1;74;4126;4.0;7.8;;
4215653;Santa Rosa do Sul;SC;2M;ABNT_TR_15220-3-1_2024;-29.13;-49.71;19;19.5;81;4098;3.6;6.9;;
4215679;Santa Terezinha;SC;1M;ABNT_TR_15220-3-1_2024;-26.78;-50.01;637;17.6;84;4046;2.5;10.9;;
4215687;Santa Terezinha do Progresso;SC;2R;ABNT_TR_15220-3-1_2024;-26.62;-53.20;449;19.5;72;4629;3.8;11.6;;
4215695;Santiago do Sul;SC;2R;ABNT_TR_15220-3-1_2024;-26.64;-52.68;490;19.3;73;4638;3.7;10.9;;
4215703;Santo Amaro da Imperatriz;SC;1M;ABNT_TR_15220-3-1_2024;-27.69;-48.78;71;18.5;82;4093;3.8;7.5;;
4215752;São Bernardino;SC;2R;ABNT_TR_15220-3-1_2024;-26.47;-52.97;605;19.0;73;4624;3.6;11.1;;
4215802;São Bento do Sul;SC;1M;ABNT_TR_15220-3-1_2024;-26.25;-49.38;844;17.2;85;4064;2.6;10.0;;
4215901;São Bonifácio;SC;1M;ABNT_TR_15220-3-1_2024;-27.90;-48.93;472;17.2;80;4024;4.1;7.5;;
4216008;São Carlos;SC;2R;ABNT_TR_15220-3-1_2024;-27.08;-53.00;258;20.5;74;4617;3.4;12.1;;
4216057;São Cristóvão do Sul;SC;1M;ABNT_TR_15220-3-1_2024;-27.27;-50.44;1033;15.8;82;4248;3.6;10.2;;
4216107;São Domingos;SC;2R;ABNT_TR_15220-3-1_2024;-26.55;-52.53;631;19.1;73;4629;3.9;10.9;;
4216206;São Francisco do Sul;SC;3A;ABNT_TR_15220-3-1_2024;-26.26;-48.63;12;21.2;85;3920;3.1;8.3;;
4216255;São João do Oeste;SC;2R;ABNT_TR_15220-3-1_2024;-27.10;-53.60;381;20.7;72;4611;3.4;11.9;;
4216305;São João Batista;SC;2M;ABNT_TR_15220-3-1_2024;-27.28;-48.85;28;19.5;83;4063;2.7;7.7;;
4216354;São João do Itaperiú;SC;2M;ABNT_TR_15220-3-1_2024;-26.62;-48.77;46;20.7;84;4009;2.7;8.1;;
4216404;São João do Sul;SC;2M;ABNT_TR_15220-3-1_2024;-29.22;-49.81;3;19.6;81;4031;3.5;6.9;;
4216503;São Joaquim;SC;1R;ABNT_TR_15220-3-1_2024;-28.29;-49.95;1383;14.6;80;4591;2.4;8.6;;
4216602;São José;SC;2M;ABNT_TR_15220-3-1_2024;-27.61;-48.64;60;20.6;82;4156;4.2;7.5;;
4216701;São José do Cedro;SC;2R;ABNT_TR_15220-3-1_2024;-26.46;-53.50;706;19.5;72;4652;3.8;11.5;;
4216800;São José do Cerrito;SC;1M;ABNT_TR_15220-3-1_2024;-27.66;-50.57;960;16.5;81;4299;3.5;9.9;;
4216909;São Lourenço do Oeste;SC;1M;ABNT_TR_15220-3-1_2024;-26.36;-52.85;884;18.6;73;5038;3.2;9.0;;
4217006;São Ludgero;SC;1M;ABNT_TR_15220-3-1_2024;-28.31;-49.18;151;18.6;74;4217;4.0;7.8;;
4217105;São Martinho;SC;2M;ABNT_TR_15220-3-1_2024;-28.16;-48.99;97;19.3;77;4269;3.8;6.9;;
4217154;São Miguel da Boa Vista;SC;2R;ABNT_TR_15220-3-1_2024;-26.69;-53.25;456;20.2;72;4649;3.9;11.6;;
4217204;São Miguel do Oeste;SC;2R;ABNT_TR_15220-3-1_2024;-26.72;-53.52;656;19.7;72;4650;3.6;11.9;;
4217253;São Pedro de Alcântara;SC;2M;ABNT_TR_15220-3-1_2024;-27.57;-48.80;266;19.0;82;3981;3.2;7.5;;
4217303;Saudades;SC;2R;ABNT_TR_15220-3-1_2024;-26.93;-53.00;362;20.2;73;4602;3.3;11.6;;
4217402;Schroeder;SC;2M;ABNT_TR_15220-3-1_2024;-26.41;-49.07;63;19.5;85;3787;2.3;10.0;;
4217501;Seara;SC;2R;ABNT_TR_15220-3-1_2024;-27.16;-52.30;717;19.2;75;4584;3.2;10.2;;
4217550;Serra Alta;SC;2R;ABNT_TR_15220-3-1_2024;-26.72;-53.04;634;19.6;73;4605;3.4;11.6;;
4217600;Siderópolis;SC;2M;ABNT_TR_15220-3-1_2024;-28.60;-49.43;110;19.5;80;4009;3.8;7.0;;
4217709;Sombrio;SC;2M;ABNT_TR_15220-3-1_2024;-29.11;-49.63;10;19.4;82;4216;3.6;6.9;;
4217758;Sul Brasil;SC;2R;ABNT_TR_15220-3-1_2024;-26.74;-52.96;401;19.6;73;4611;3.3;10.9;;
4217808;Taió;SC;1M;ABNT_TR_15220-3-1_2024;-27.12;-49.99;387;18.1;84;4009;2.5;9.5;;
4217907;Tangará;SC;1M;ABNT_TR_15220-3-1_2024;-27.10;-51.25;702;17.5;78;4465;3.7;10.3;;
4217956;Tigrinhos;SC;2R;ABNT_TR_15220-3-1_2024;-26.69;-53.15;629;19.7;73;4633;3.9;11.6;;
4218004;Tijucas;SC;2M;ABNT_TR_15220-3-1_2024;-27.24;-48.63;3;20.5;82;4061;3.1;7.7;;
4218103;Timbé do Sul;SC;1M;ABNT_TR_15220-3-1_2024;-28.83;-49.84;129;18.7;84;3923;2.7;8.1;;
4218202;Timbó;SC;2M;ABNT_TR_15220-3-1_2024;-26.82;-49.27;69;19.3;85;3964;2.4;9.2;;
4218251;Timbó Grande;SC;1M;ABNT_TR_15220-3-1_2024;-26.61;-50.66;1004;16.4;81;4112;3.1;11.0;;
4218301;Três Barras;SC;1M;ABNT_TR_15220-3-1_2024;-26.11;-50.32;766;17.9;83;4121;2.7;11.4;;
4218350;Treviso;SC;1M;ABNT_TR_15220-3-1_2024;-28.51;-49.46;160;17.6;78;3959;3.7;7.0;;
4218400;Treze de Maio;SC;2M;ABNT_TR_15220-3-1_2024;-28.55;-49.16;223;19.5;79;4228;4.5;7.0;;
4218509;Treze Tílias;SC;1M;ABNT_TR_15220-3-1_2024;-27.00;-51.41;774;17.5;78;4455;3.6;10.3;;
4218608;Trombudo Central;SC;1M;ABNT_TR_15220-3-1_2024;-27.30;-49.79;351;18.2;83;4102;2.9;9.5;;
4218707;Tubarão;SC;2M;ABNT_TR_15220-3-1_2024;-28.47;-49.01;13;20.3;78;4241;4.3;7.8;;
4218756;Tunápolis;SC;2R;ABNT_TR_15220-3-1_2024;-26.97;-53.64;447;20.2;72;4614;3.7;11.9;;
4218806;Turvo;SC;2M;ABNT_TR_15220-3-1_2024;-28.93;-49.68;29;19.3;82;4148;3.5;8.1;;
4218855;União do Oeste;SC;2R;ABNT_TR_15220-3-1_2024;-26.76;-52.85;449;20.1;73;4618;3.4;10.9;;
4218905;Urubici;SC;1R;ABNT_TR_15220-3-1_2024;-28.02;-49.59;918;12.7;67;4450;5.5;7.3;;
4218954;Urupema;SC;1R;ABNT_TR_15220-3-1_2024;-27.96;-49.87;1331;14.3;81;4332;3.8;9.3;;
4219002;Urussanga;SC;2M;ABNT_TR_15220-3-1_2024;-28.52;-49.32;59;18.9;78;4103;4.0;7.0;;
4219101;Vargeão;SC;1M;ABNT_TR_15220-3-1_2024;-26.86;-52.15;864;18.0;76;4572;4.4;10.5;;
4219150;Vargem;SC;1M;ABNT_TR_15220-3-1_2024;-27.49;-50.97;895;17.2;80;4371;3.6;10.3;;
4219176;Vargem Bonita;SC;1M;ABNT_TR_15220-3-1_2024;-27.01;-51.74;881;17.2;78;4500;3.8;10.2;;
4219200;Vidal Ramos;SC;1M;ABNT_TR_15220-3-1_2024;-27.39;-49.36;353;17.2;83;4041;2.8;8.9;;
4219309;Videira;SC;1M;ABNT_TR_15220-3-1_2024;-27.01;-51.15;707;17.4;79;4401;3.7;10.3;;
4219358;Vitor Meireles;SC;1M;ABNT_TR_15220-3-1_2024;-26.88;-49.83;376;18.5;84;4027;2.5;10.4;;
4219408;Witmarsum;SC;1M;ABNT_TR_15220-3-1_2024;-26.93;-49.79;404;18.5;84;4045;2.6;10.4;;
4219507;Xanxerê;SC;2R;ABNT_TR_15220-3-1_2024;-26.87;-52.40;789;19.0;75;4881;2.3;9.0;;
4219606;Xavantina;SC;1M;ABNT_TR_15220-3-1_2024;-27.07;-52.34;566;18.7;75;4590;3.8;10.2;;
4219705;Xaxim;SC;2R;ABNT_TR_15220-3-1_2024;-26.96;-52.54;768;18.9;75;4629;3.7;10.9;;
4219853;Zortéa;SC;1M;ABNT_TR_15220-3-1_2024;-27.45;-51.55;669;18.4;77;4579;3.6;10.2;;
4220000;Balneário Rincão;SC;2M;ABNT_TR_15220-3-1_2024;-28.83;-49.24;7;20.1;81;4312;4.1;7.0;;
4300034;Aceguá;RS;1R;ABNT_TR_15220-3-1_2024;-31.87;-54.16;243;17.6;77;4518;4.0;10.9;;
4300059;Água Santa;RS;1M;ABNT_TR_15220-3-1_2024;-28.17;-52.03;721;17.4;76;4542;4.0;9.9;;
4300109;Agudo;RS;2R;ABNT_TR_15220-3-1_2024;-29.64;-53.25;67;18.9;77;4472;3.5;10.0;;
4300208;Ajuricaba;RS;2R;ABNT_TR_15220-3-1_2024;-28.23;-53.78;325;19.8;72;4617;4.0;10.9;;
4300307;Alecrim;RS;2R;ABNT_TR_15220-3-1_2024;-27.66;-54.76;317;20.5;72;4665;4.0;11.0;;
4300406;Alegrete;RS;2R;ABNT_TR_15220-3-1_2024;-29.79;-55.79;88;19.7;73;5008;2.3;11.0;;
4300455;Alegria;RS;2R;ABNT_TR_15220-3-1_2024;-27.83;-54.06;388;20.4;72;4677;4.2;11.2;;
4300471;Almirante Tamandaré do Sul;RS;1M;ABNT_TR_15220-3-1_2024;-28.11;-52.91;592;18.7;74;4613;3.9;10.3;;
4300505;Alpestre;RS;2R;ABNT_TR_15220-3-1_2024;-27.25;-53.03;469;19.7;73;4643;3.5;12.1;;
4300554;Alto Alegre;RS;2R;ABNT_TR_15220-3-1_2024;-28.78;-52.99;391;18.9;76;4577;4.1;10.1;;
4300570;Alto Feliz;RS;1M;ABNT_TR_15220-3-1_2024;-29.39;-51.31;231;18.5;78;4309;3.3;8.9;;
4300604;Alvorada;RS;2R;ABNT_TR_15220-3-1_2024;-29.99;-51.08;10;19.6;79;4380;4.0;8.9;;
4300638;Amaral Ferrador;RS;1R;ABNT_TR_15220-3-1_2024;-30.88;-52.25;51;18.1;78;4335;3.9;9.0;;
4300646;Ametista do Sul;RS;2R;ABNT_TR_15220-3-1_2024;-27.36;-53.18;490;20.2;73;4645;3.3;12.1;;
4300661;André da Rocha;RS;1M;ABNT_TR_15220-3-1_2024;-28.63;-51.58;709;17.1;78;4445;3.4;9.5;;
4300703;Anta Gorda;RS;1M;ABNT_TR_15220-3-1_2024;-28.97;-52.01;400;17.7;77;4380;2.9;9.8;;
4300802;Antônio Prado;RS;1M;ABNT_TR_15220-3-1_2024;-28.86;-51.29;679;17.4;79;4427;3.5;9.3;;
4300851;Arambaré;RS;2R;ABNT_TR_15220-3-1_2024;-30.91;-51.50;3;19.3;78;4393;4.5;8.8;;
4300877;Araricá;RS;1M;ABNT_TR_15220-3-1_2024;-29.62;-50.93;33;18.5;80;4281;3.3;8.3;;
4300901;Aratiba;RS;2R;ABNT_TR_15220-3-1_2024;-27.40;-52.30;458;18.8;76;4629;3.5;10.2;;
4301008;Arroio do Meio;RS;1M;ABNT_TR_15220-3-1_2024;-29.40;-51.96;45;18.7;78;4344;3.5;9.2;;
4301057;Arroio do Sal;RS;2M;ABNT_TR_15220-3-1_2024;-29.54;-49.89;8;18.8;79;4218;3.9;6.9;;
4301073;Arroio do Padre;RS;1R;ABNT_TR_15220-3-1_2024;-31.44;-52.42;203;17.8;80;4268;4.1;9.0;;
4301107;Arroio dos Ratos;RS;2R;ABNT_TR_15220-3-1_2024;-30.09;-51.73;32;19.3;78;4423;3.6;9.0;;
4301206;Arroio do Tigre;RS;1M;ABNT_TR_15220-3-1_2024;-29.33;-53.10;455;18.6;76;4544;3.7;10.1;;
4301305;Arroio Grande;RS;1R;ABNT_TR_15220-3-1_2024;-32.23;-53.09;31;17.9;78;4340;4.2;10.0;;
4301404;Arvorezinha;RS;1M;ABNT_TR_15220-3-1_2024;-28.87;-52.18;746;17.3;77;4413;3.7;9.8;;
4301503;Augusto Pestana;RS;2R;ABNT_TR_15220-3-1_2024;-28.52;-53.99;373;19.6;72;4643;3.8;10.6;;
4301552;Áurea;RS;1M;ABNT_TR_15220-3-1_2024;-27.69;-52.05;591;18.1;76;4575;3.6;10.1;;
4301602;Bagé;RS;1R;ABNT_TR_15220-3-1_2024;-31.33;-54.10;212;17.6;76;4535;4.1;10.8;;
4301636;Balneário Pinhal;RS;2M;ABNT_TR_15220-3-1_2024;-30.24;-50.23;10;19.9;77;4404;4.5;7.6;;
4301651;Barão;RS;1M;ABNT_TR_15220-3-1_2024;-29.37;-51.49;651;17.8;78;4302;3.5;8.9;;
4301701;Barão de Cotegipe;RS;1M;ABNT_TR_15220-3-1_2024;-27.62;-52.38;684;18.0;76;4590;3.8;10.1;;
4301750;Barão do Triunfo;RS;1R;ABNT_TR_15220-3-1_2024;-30.39;-51.74;245;18.1;78;4341;4.0;9.0;;
4301800;Barracão;RS;1M;ABNT_TR_15220-3-1_2024;-27.67;-51.46;745;17.8;78;4559;3.6;9.9;;
4301859;Barra do Guarita;RS;2R;ABNT_TR_15220-3-1_2024;-27.19;-53.71;204;20.5;72;4625;3.6;11.9;;
4301875;Barra do Quaraí;RS;2R;ABNT_TR_15220-3-1_2024;-30.20;-57.55;47;19.8;73;4874;3.7;10.8;;
4301909;Barra do Ribeiro;RS;2R;ABNT_TR_15220-3-1_2024;-30.29;-51.30;6;19.6;78;4424;4.1;8.8;;
4301925;Barra do Rio Azul;RS;1M;ABNT_TR_15220-3-1_2024;-27.41;-52.41;462;18.6;76;4615;3.5;10.2;;
4301958;Barra Funda;RS;2R;ABNT_TR_15220-3-1_2024;-27.92;-53.04;415;19.3;73;4648;3.9;11.2;;
4302006;Barros Cassal;RS;1M;ABNT_TR_15220-3-1_2024;-29.09;-52.58;608;17.6;77;4464;3.7;9.9;;
4302055;Benjamin Constant do Sul;RS;1M;ABNT_TR_15220-3-1_2024;-27.51;-52.60;752;18.6;76;4623;3.8;10.6;;
4302105;Bento Gonçalves;RS;1M;ABNT_TR_15220-3-1_2024;-29.17;-51.52;616;17.8;76;4703;2.8;9.3;;
4302154;Boa Vista das Missões;RS;2R;ABNT_TR_15220-3-1_2024;-27.67;-53.31;560;18.9;73;4645;3.7;11.2;;
4302204;Boa Vista do Buricá;RS;2R;ABNT_TR_15220-3-1_2024;-27.67;-54.11;291;20.6;72;4685;3.8;11.2;;
4302220;Boa Vista do Cadeado;RS;2R;ABNT_TR_15220-3-1_2024;-28.58;-53.81;424;19.2;72;4633;3.8;10.6;;
4302238;Boa Vista do Incra;RS;2R;ABNT_TR_15220-3-1_2024;-28.82;-53.39;411;18.8;74;4571;3.4;10.4;;
4302253;Boa Vista do Sul;RS;1M;ABNT_TR_15220-3-1_2024;-29.35;-51.67;621;18.2;77;4349;3.6;9.2;;
4302303;Bom Jesus;RS;1R;ABNT_TR_15220-3-1_2024;-28.67;-50.43;1042;15.6;83;4432;3.3;9.0;;
4302352;Bom Princípio;RS;2R;ABNT_TR_15220-3-1_2024;-29.49;-51.35;47;19.1;78;4312;3.3;8.9;;
4302378;Bom Progresso;RS;2R;ABNT_TR_15220-3-1_2024;-27.54;-53.87;451;19.9;72;4662;4.1;11.4;;
4302402;Bom Retiro do Sul;RS;2R;ABNT_TR_15220-3-1_2024;-29.61;-51.95;15;19.3;78;4387;3.8;9.1;;
4302451;Boqueirão do Leão;RS;1M;ABNT_TR_15220-3-1_2024;-29.30;-52.43;501;17.4;77;4400;3.7;9.5;;
4302501;Bossoroca;RS;2R;ABNT_TR_15220-3-1_2024;-28.73;-54.90;242;20.0;72;4713;3.9;10.5;;
4302584;Bozano;RS;2R;ABNT_TR_15220-3-1_2024;-28.37;-53.77;432;19.5;72;4620;4.0;10.9;;
4302600;Braga;RS;2R;ABNT_TR_15220-3-1_2024;-27.62;-53.74;432;19.7;72;4669;4.2;11.4;;
4302659;Brochier;RS;2R;ABNT_TR_15220-3-1_2024;-29.55;-51.59;112;19.2;78;4314;3.4;9.1;;
4302709;Butiá;RS;2R;ABNT_TR_15220-3-1_2024;-30.12;-51.96;58;19.2;78;4437;3.6;9.0;;
4302808;Caçapava do Sul;RS;1R;ABNT_TR_15220-3-1_2024;-30.51;-53.48;435;18.1;79;4694;3.7;8.7;;
4302907;Cacequi;RS;2R;ABNT_TR_15220-3-1_2024;-29.89;-54.82;104;19.4;73;4633;3.7;10.6;;
4303004;Cachoeira do Sul;RS;2R;ABNT_TR_15220-3-1_2024;-30.03;-52.89;83;19.4;77;4474;3.8;9.4;;
4303103;Cachoeirinha;RS;2R;ABNT_TR_15220-3-1_2024;-29.95;-51.10;16;19.4;80;4388;3.8;8.9;;
4303202;Cacique Doble;RS;1M;ABNT_TR_15220-3-1_2024;-27.77;-51.66;640;17.9;77;4593;4.1;9.9;;
4303301;Caibaté;RS;2R;ABNT_TR_15220-3-1_2024;-28.29;-54.65;257;20.4;72;4689;4.0;10.6;;
4303400;Caiçara;RS;2R;ABNT_TR_15220-3-1_2024;-27.28;-53.43;567;20.0;72;4654;3.4;12.1;;
4303509;Camaquã;RS;1M;ABNT_TR_15220-3-1_2024;-30.85;-51.80;43;18.6;78;4277;4.2;8.8;;
4303558;Camargo;RS;1M;ABNT_TR_15220-3-1_2024;-28.59;-52.20;441;17.8;76;4526;3.7;9.8;;
4303608;Cambará do Sul;RS;1R;ABNT_TR_15220-3-1_2024;-29.05;-50.15;1017;15.1;84;4374;3.7;8.5;;
4303673;Campestre da Serra;RS;1R;ABNT_TR_15220-3-1_2024;-28.79;-51.09;777;16.9;80;4418;3.5;9.3;;
4303707;Campina das Missões;RS;2R;ABNT_TR_15220-3-1_2024;-27.99;-54.84;166;20.6;72;4686;4.1;11.0;;
4303806;Campinas do Sul;RS;1M;ABNT_TR_15220-3-1_2024;-27.72;-52.62;562;18.7;76;4635;3.9;10.6;;
4303905;Campo Bom;RS;2R;ABNT_TR_15220-3-1_2024;-29.67;-51.06;20;19.0;80;4343;3.7;8.9;;
4304002;Campo Novo;RS;2R;ABNT_TR_15220-3-1_2024;-27.68;-53.81;425;19.6;72;4660;4.2;11.4;;
4304101;Campos Borges;RS;1M;ABNT_TR_15220-3-1_2024;-28.89;-53.00;509;18.6;76;4576;3.8;10.4;;
4304200;Candelária;RS;2R;ABNT_TR_15220-3-1_2024;-29.67;-52.79;53;18.9;77;4390;3.6;9.6;;
4304309;Cândido Godói;RS;2R;ABNT_TR_15220-3-1_2024;-27.95;-54.75;311;20.6;72;4680;4.3;11.0;;
4304358;Candiota;RS;1R;ABNT_TR_15220-3-1_2024;-31.55;-53.68;219;17.7;77;4468;4.3;10.5;;
4304408;Canela;RS;1R;ABNT_TR_15220-3-1_2024;-29.36;-50.81;837;16.3;81;4563;2.8;8.5;;
4304507;Canguçu;RS;1R;ABNT_TR_15220-3-1_2024;-31.40;-52.68;402;16.9;80;4317;4.4;9.4;;
4304606;Canoas;RS;2R;ABNT_TR_15220-3-1_2024;-29.91;-51.19;19;19.5;80;4539;2.9;10.8;;
4304614;Canudos do Vale;RS;1M;ABNT_TR_15220-3-1_2024;-29.33;-52.24;136;18.1;77;4370;3.3;9.5;;
4304622;Capão Bonito do Sul;RS;1R;ABNT_TR_15220-3-1_2024;-28.13;-51.40;875;16.9;79;4528;4.2;9.7;;
4304630;Capão da Canoa;RS;2M;ABNT_TR_15220-3-1_2024;-29.76;-50.03;10;19.6;77;4356;4.3;7.7;;
4304655;Capão do Cipó;RS;2R;ABNT_TR_15220-3-1_2024;-28.93;-54.56;330;19.3;72;4678;4.0;10.5;;
4304663;Capão do Leão;RS;1R;ABNT_TR_15220-3-1_2024;-31.76;-52.49;15;18.3;80;4288;4.0;8.9;;
4304671;Capivari do Sul;RS;2R;ABNT_TR_15220-3-1_2024;-30.14;-50.52;11;19.7;78;4438;4.4;8.2;;
4304689;Capela de Santana;RS;2R;ABNT_TR_15220-3-1_2024;-29.70;-51.33;37;19.3;79;4378;3.8;8.9;;
4304697;Capitão;RS;1M;ABNT_TR_15220-3-1_2024;-29.27;-51.99;482;18.4;77;4343;3.4;9.2;;
4304705;Carazinho;RS;1M;ABNT_TR_15220-3-1_2024;-28.30;-52.79;590;18.5;75;4565;4.0;10.3;;
4304713;Caraá;RS;1M;ABNT_TR_15220-3-1_2024;-29.79;-50.43;57;18.4;78;4391;4.0;7.7;;
4304804;Carlos Barbosa;RS;1M;ABNT_TR_15220-3-1_2024;-29.30;-51.50;680;17.0;77;4386;3.6;9.2;;
4304853;Carlos Gomes;RS;1M;ABNT_TR_15220-3-1_2024;-27.72;-51.91;456;18.6;76;4588;3.6;9.9;;
4304903;Casca;RS;1M;ABNT_TR_15220-3-1_2024;-28.56;-51.98;595;17.6;77;4462;3.9;9.5;;
4304952;Caseiros;RS;1R;ABNT_TR_15220-3-1_2024;-28.26;-51.69;785;16.9;78;4499;3.8;9.7;;
4305009;Catuípe;RS;2R;ABNT_TR_15220-3-1_2024;-28.26;-54.01;277;19.9;72;4637;4.0;10.8;;
4305108;Caxias do Sul;RS;1R;ABNT_TR_15220-3-1_2024;-29.16;-51.18;751;16.9;79;4361;3.6;8.9;;
4305116;Centenário;RS;1M;ABNT_TR_15220-3-1_2024;-27.76;-52.00;691;18.4;76;4569;3.6;9.9;;
4305124;Cerrito;RS;1R;ABNT_TR_15220-3-1_2024;-31.84;-52.80;30;18.0;79;4320;4.0;9.4;;
4305132;Cerro Branco;RS;2R;ABNT_TR_15220-3-1_2024;-29.66;-52.94;82;18.8;77;4391;3.6;9.6;;
4305157;Cerro Grande;RS;2R;ABNT_TR_15220-3-1_2024;-27.61;-53.17;400;19.8;73;4654;3.6;11.2;;
4305173;Cerro Grande do Sul;RS;1R;ABNT_TR_15220-3-1_2024;-30.59;-51.74;104;18.4;78;4257;3.9;8.8;;
4305207;Cerro Largo;RS;2R;ABNT_TR_15220-3-1_2024;-28.15;-54.74;198;20.5;72;4685;4.0;10.6;;
4305306;Chapada;RS;2R;ABNT_TR_15220-3-1_2024;-28.06;-53.07;434;18.8;73;4609;3.9;10.7;;
4305355;Charqueadas;RS;2R;ABNT_TR_15220-3-1_2024;-29.96;-51.63;27;19.6;79;4423;3.8;9.1;;
4305371;Charrua;RS;1M;ABNT_TR_15220-3-1_2024;-27.95;-52.02;707;18.3;76;4559;3.7;10.1;;
4305405;Chiapetta;RS;2R;ABNT_TR_15220-3-1_2024;-27.92;-53.94;485;19.7;72;4661;4.3;11.4;;
4305439;Chuí;RS;1R;ABNT_TR_15220-3-1_2024;-33.69;-53.46;17;17.4;77;4446;4.5;8.9;;
4305447;Chuvisca;RS;1R;ABNT_TR_15220-3-1_2024;-30.75;-51.97;225;18.2;78;4286;3.9;8.8;;
4305454;Cidreira;RS;2M;ABNT_TR_15220-3-1_2024;-30.16;-50.23;1;19.9;77;4404;4.4;7.6;;
4305504;Ciríaco;RS;1M;ABNT_TR_15220-3-1_2024;-28.34;-51.87;786;17.0;78;4510;3.9;9.7;;
4305587;Colinas;RS;2R;ABNT_TR_15220-3-1_2024;-29.39;-51.86;189;19.0;78;4370;3.6;9.2;;
4305603;Colorado;RS;2R;ABNT_TR_15220-3-1_2024;-28.53;-52.99;427;18.8;75;4578;4.1;10.1;;
4305702;Condor;RS;2R;ABNT_TR_15220-3-1_2024;-28.21;-53.49;467;19.2;72;4595;4.1;10.7;;
4305801;Constantina;RS;2R;ABNT_TR_15220-3-1_2024;-27.73;-52.99;462;19.5;73;4639;3.9;10.6;;
4305835;Coqueiro Baixo;RS;1M;ABNT_TR_15220-3-1_2024;-29.18;-52.09;398;18.1;77;4359;3.1;9.5;;
4305850;Coqueiros do Sul;RS;1M;ABNT_TR_15220-3-1_2024;-28.12;-52.78;589;18.6;75;4588;3.9;10.3;;
4305871;Coronel Barros;RS;2R;ABNT_TR_15220-3-1_2024;-28.39;-54.07;297;19.9;72;4647;3.9;10.8;;
4305900;Coronel Bicaco;RS;2R;ABNT_TR_15220-3-1_2024;-27.72;-53.70;459;19.5;72;4662;4.3;11.4;;
4305934;Coronel Pilar;RS;1M;ABNT_TR_15220-3-1_2024;-29.27;-51.68;555;17.8;77;4392;4.0;9.2;;
4305959;Cotiporã;RS;1M;ABNT_TR_15220-3-1_2024;-28.99;-51.70;588;18.0;77;4421;3.2;9.5;;
4305975;Coxilha;RS;1M;ABNT_TR_15220-3-1_2024;-28.13;-52.30;688;17.9;76;4564;4.0;9.9;;
4306007;Crissiumal;RS;2R;ABNT_TR_15220-3-1_2024;-27.50;-54.10;379;20.4;72;4662;4.0;11.7;;
4306056;Cristal;RS;1M;ABNT_TR_15220-3-1_2024;-31.00;-52.04;26;18.7;79;4325;4.1;9.0;;
4306072;Cristal do Sul;RS;2R;ABNT_TR_15220-3-1_2024;-27.45;-53.24;357;20.1;73;4653;3.3;12.1;;
4306106;Cruz Alta;RS;2R;ABNT_TR_15220-3-1_2024;-28.64;-53.60;477;19.0;72;4601;3.7;10.6;;
4306130;Cruzaltense;RS;2R;ABNT_TR_15220-3-1_2024;-27.67;-52.65;549;18.9;75;4635;3.8;10.6;;
4306205;Cruzeiro do Sul;RS;2R;ABNT_TR_15220-3-1_2024;-29.51;-51.99;34;19.1;78;4362;3.8;9.1;;
4306304;David Canabarro;RS;1M;ABNT_TR_15220-3-1_2024;-28.38;-51.85;687;17.2;78;4480;3.8;9.7;;
4306320;Derrubadas;RS;2R;ABNT_TR_15220-3-1_2024;-27.26;-53.86;443;20.1;72;4626;3.8;11.9;;
4306353;Dezesseis de Novembro;RS;2R;ABNT_TR_15220-3-1_2024;-28.22;-55.06;189;20.6;72;4705;4.2;10.4;;
4306379;Dilermando de Aguiar;RS;2R;ABNT_TR_15220-3-1_2024;-29.71;-54.21;116;19.3;73;4581;3.5;10.5;;
4306403;Dois Irmãos;RS;1M;ABNT_TR_15220-3-1_2024;-29.58;-51.09;150;18.5;80;4323;3.5;8.9;;
4306429;Dois Irmãos das Missões;RS;2R;ABNT_TR_15220-3-1_2024;-27.66;-53.53;543;19.2;72;4653;4.1;11.4;;
4306452;Dois Lajeados;RS;1M;ABNT_TR_15220-3-1_2024;-28.98;-51.84;451;18.2;77;4413;3.1;9.5;;
4306502;Dom Feliciano;RS;1R;ABNT_TR_15220-3-1_2024;-30.70;-52.10;137;18.0;78;4322;3.9;9.0;;
4306551;Dom Pedro de Alcântara;RS;1M;ABNT_TR_15220-3-1_2024;-29.36;-49.85;164;18.7;81;4143;3.6;6.9;;
4306601;Dom Pedrito;RS;1M;ABNT_TR_15220-3-1_2024;-30.98;-54.67;139;18.5;73;4608;4.0;10.8;;
4306700;Dona Francisca;RS;2R;ABNT_TR_15220-3-1_2024;-29.62;-53.36;109;19.0;76;4477;3.6;10.0;;
4306734;Doutor Maurício Cardoso;RS;2R;ABNT_TR_15220-3-1_2024;-27.51;-54.36;237;20.6;72;4648;3.7;11.2;;
4306759;Doutor Ricardo;RS;1M;ABNT_TR_15220-3-1_2024;-29.08;-52.00;524;17.9;77;4362;3.0;9.2;;
4306767;Eldorado do Sul;RS;2R;ABNT_TR_15220-3-1_2024;-30.08;-51.62;23;19.2;79;4425;3.6;9.0;;
4306809;Encantado;RS;1M;ABNT_TR_15220-3-1_2024;-29.24;-51.87;80;18.5;78;4390;3.5;9.2;;
4306908;Encruzilhada do Sul;RS;1R;ABNT_TR_15220-3-1_2024;-30.54;-52.52;416;17.6;78;4457;4.1;9.3;;
4306924;Engenho Velho;RS;2R;ABNT_TR_15220-3-1_2024;-27.71;-52.91;500;19.0;74;4639;3.9;10.6;;
4306932;Entre-Ijuís;RS;2R;ABNT_TR_15220-3-1_2024;-28.37;-54.27;223;20.0;72;4657;4.1;10.8;;
4306957;Entre Rios do Sul;RS;2R;ABNT_TR_15220-3-1_2024;-27.53;-52.73;612;19.0;75;4608;3.7;10.6;;
4306973;Erebango;RS;1M;ABNT_TR_15220-3-1_2024;-27.85;-52.30;778;17.8;77;4579;3.9;10.1;;
4307005;Erechim;RS;1M;ABNT_TR_15220-3-1_2024;-27.64;-52.27;792;18.0;76;5023;1.6;10.2;;
4307054;Ernestina;RS;1M;ABNT_TR_15220-3-1_2024;-28.50;-52.58;465;18.6;76;4550;3.9;10.3;;
4307104;Herval;RS;1R;ABNT_TR_15220-3-1_2024;-32.02;-53.39;288;17.0;78;4377;4.1;10.0;;
4307203;Erval Grande;RS;1M;ABNT_TR_15220-3-1_2024;-27.39;-52.57;783;18.6;76;4614;3.7;10.9;;
4307302;Erval Seco;RS;2R;ABNT_TR_15220-3-1_2024;-27.54;-53.50;482;19.8;72;4651;3.9;11.4;;
4307401;Esmeralda;RS;1R;ABNT_TR_15220-3-1_2024;-28.05;-51.19;943;16.4;79;4505;4.2;9.7;;
4307450;Esperança do Sul;RS;2R;ABNT_TR_15220-3-1_2024;-27.36;-53.99;369;20.2;72;4650;3.9;11.9;;
4307500;Espumoso;RS;2R;ABNT_TR_15220-3-1_2024;-28.73;-52.85;370;18.8;76;4576;3.9;10.1;;
4307559;Estação;RS;1M;ABNT_TR_15220-3-1_2024;-27.91;-52.26;773;17.8;76;4568;3.7;10.1;;
4307609;Estância Velha;RS;2R;ABNT_TR_15220-3-1_2024;-29.65;-51.18;38;19.2;79;4354;3.4;8.9;;
4307708;Esteio;RS;2R;ABNT_TR_15220-3-1_2024;-29.85;-51.18;7;19.6;80;4388;3.7;8.9;;
4307807;Estrela;RS;2R;ABNT_TR_15220-3-1_2024;-29.50;-51.95;57;19.2;78;4362;3.7;9.1;;
4307815;Estrela Velha;RS;2R;ABNT_TR_15220-3-1_2024;-29.17;-53.16;376;18.9;76;4548;3.5;10.1;;
4307831;Eugênio de Castro;RS;2R;ABNT_TR_15220-3-1_2024;-28.53;-54.15;288;19.8;72;4658;3.9;10.6;;
4307864;Fagundes Varela;RS;1M;ABNT_TR_15220-3-1_2024;-28.88;-51.70;595;17.8;78;4432;3.4;9.5;;
4307906;Farroupilha;RS;1R;ABNT_TR_15220-3-1_2024;-29.22;-51.34;757;16.8;78;4401;3.6;8.9;;
4308003;Faxinal do Soturno;RS;2R;ABNT_TR_15220-3-1_2024;-29.58;-53.45;62;19.0;76;4483;3.4;10.0;;
4308052;Faxinalzinho;RS;2R;ABNT_TR_15220-3-1_2024;-27.42;-52.68;712;19.0;75;4629;3.7;10.9;;
4308078;Fazenda Vilanova;RS;2R;ABNT_TR_15220-3-1_2024;-29.59;-51.82;139;19.2;78;4397;3.8;9.1;;
4308102;Feliz;RS;2R;ABNT_TR_15220-3-1_2024;-29.45;-51.30;41;19.1;79;4312;3.3;8.9;;
4308201;Flores da Cunha;RS;1M;ABNT_TR_15220-3-1_2024;-29.03;-51.19;733;17.1;79;4429;3.7;8.9;;
4308250;Floriano Peixoto;RS;1M;ABNT_TR_15220-3-1_2024;-27.86;-52.08;704;18.1;76;4559;3.5;10.1;;
4308300;Fontoura Xavier;RS;1M;ABNT_TR_15220-3-1_2024;-28.98;-52.34;763;17.5;77;4435;3.5;9.8;;
4308409;Formigueiro;RS;2R;ABNT_TR_15220-3-1_2024;-30.00;-53.50;95;19.3;78;4534;3.8;9.8;;
4308433;Forquetinha;RS;1M;ABNT_TR_15220-3-1_2024;-29.38;-52.10;66;18.5;77;4346;3.5;9.5;;
4308458;Fortaleza dos Valos;RS;2R;ABNT_TR_15220-3-1_2024;-28.80;-53.22;420;19.1;75;4569;3.7;10.4;;
4308508;Frederico Westphalen;RS;2R;ABNT_TR_15220-3-1_2024;-27.36;-53.40;529;19.7;72;4639;3.5;12.1;;
4308607;Garibaldi;RS;1M;ABNT_TR_15220-3-1_2024;-29.26;-51.54;663;17.0;77;4386;3.9;9.2;;
4308656;Garruchos;RS;2R;ABNT_TR_15220-3-1_2024;-28.19;-55.64;87;20.8;73;4738;3.9;10.6;;
4308706;Gaurama;RS;1M;ABNT_TR_15220-3-1_2024;-27.59;-52.09;756;18.2;76;4591;3.6;10.1;;
4308805;General Câmara;RS;2R;ABNT_TR_15220-3-1_2024;-29.90;-51.76;31;19.6;78;4410;3.9;9.1;;
4308854;Gentil;RS;1M;ABNT_TR_15220-3-1_2024;-28.43;-52.03;775;17.2;77;4504;4.0;9.9;;
4308904;Getúlio Vargas;RS;1M;ABNT_TR_15220-3-1_2024;-27.89;-52.23;664;17.9;76;4568;3.7;10.1;;
4309001;Giruá;RS;2R;ABNT_TR_15220-3-1_2024;-28.03;-54.35;430;20.0;72;4686;4.5;10.8;;
4309050;Glorinha;RS;2R;ABNT_TR_15220-3-1_2024;-29.88;-50.77;53;19.2;79;4422;4.1;8.3;;
4309100;Gramado;RS;1R;ABNT_TR_15220-3-1_2024;-29.37;-50.88;842;16.7;83;4290;3.4;8.8;;
4309126;Gramado dos Loureiros;RS;2R;ABNT_TR_15220-3-1_2024;-27.44;-52.91;531;19.1;74;4635;3.8;10.9;;
4309159;Gramado Xavier;RS;1M;ABNT_TR_15220-3-1_2024;-29.27;-52.58;483;17.7;77;4417;3.7;9.9;;
4309209;Gravataí;RS;2R;ABNT_TR_15220-3-1_2024;-29.94;-50.99;15;19.3;79;4404;4.2;8.3;;
4309258;Guabiju;RS;1M;ABNT_TR_15220-3-1_2024;-28.54;-51.69;745;17.2;78;4460;4.0;9.5;;
4309308;Guaíba;RS;2R;ABNT_TR_15220-3-1_2024;-30.11;-51.32;10;19.7;78;4457;3.7;8.8;;
4309407;Guaporé;RS;1M;ABNT_TR_15220-3-1_2024;-28.84;-51.89;512;18.1;77;4425;3.2;9.5;;
4309506;Guarani das Missões;RS;2R;ABNT_TR_15220-3-1_2024;-28.15;-54.56;282;20.4;72;4680;4.2;10.6;;
4309555;Harmonia;RS;2R;ABNT_TR_15220-3-1_2024;-29.55;-51.42;90;19.1;78;4291;3.4;8.9;;
4309571;Herveiras;RS;1M;ABNT_TR_15220-3-1_2024;-29.46;-52.66;537;18.2;77;4366;3.4;9.9;;
4309605;Horizontina;RS;2R;ABNT_TR_15220-3-1_2024;-27.63;-54.31;326;20.6;72;4664;4.0;11.2;;
4309654;Hulha Negra;RS;1R;ABNT_TR_15220-3-1_2024;-31.41;-53.87;186;17.6;77;4506;4.3;10.4;;
4309704;Humaitá;RS;2R;ABNT_TR_15220-3-1_2024;-27.57;-53.97;427;20.1;72;4665;4.1;11.4;;
4309753;Ibarama;RS;1M;ABNT_TR_15220-3-1_2024;-29.42;-53.13;328;18.2;76;4512;3.7;10.1;;
4309803;Ibiaçá;RS;1M;ABNT_TR_15220-3-1_2024;-28.06;-51.86;641;17.8;77;4550;4.0;9.7;;
4309902;Ibiraiaras;RS;1M;ABNT_TR_15220-3-1_2024;-28.37;-51.64;786;17.0;78;4481;3.9;9.7;;
4309951;Ibirapuitã;RS;1M;ABNT_TR_15220-3-1_2024;-28.62;-52.52;617;18.0;77;4559;4.0;10.1;;
4310009;Ibirubá;RS;2R;ABNT_TR_15220-3-1_2024;-28.63;-53.10;423;19.0;75;4578;3.9;10.4;;
4310108;Igrejinha;RS;1M;ABNT_TR_15220-3-1_2024;-29.57;-50.79;37;18.7;81;4323;3.1;8.3;;
4310207;Ijuí;RS;2R;ABNT_TR_15220-3-1_2024;-28.39;-53.92;297;19.6;72;4637;3.9;10.9;;
4310306;Ilópolis;RS;1M;ABNT_TR_15220-3-1_2024;-28.93;-52.13;679;17.5;77;4413;3.5;9.8;;
4310330;Imbé;RS;2M;ABNT_TR_15220-3-1_2024;-29.98;-50.13;4;19.7;77;4389;4.3;7.7;;
4310363;Imigrante;RS;1M;ABNT_TR_15220-3-1_2024;-29.35;-51.77;91;18.7;78;4358;3.6;9.2;;
4310405;Independência;RS;2R;ABNT_TR_15220-3-1_2024;-27.84;-54.19;349;20.5;72;4684;4.2;11.2;;
4310413;Inhacorá;RS;2R;ABNT_TR_15220-3-1_2024;-27.88;-54.02;389;19.9;72;4677;4.2;11.2;;
4310439;Ipê;RS;1M;ABNT_TR_15220-3-1_2024;-28.82;-51.29;789;17.1;79;4442;3.5;9.3;;
4310462;Ipiranga do Sul;RS;1M;ABNT_TR_15220-3-1_2024;-27.94;-52.43;682;17.9;76;4587;4.0;10.1;;
4310504;Iraí;RS;2R;ABNT_TR_15220-3-1_2024;-27.20;-53.25;228;20.5;73;4645;3.4;12.1;;
4310538;Itaara;RS;1M;ABNT_TR_15220-3-1_2024;-29.60;-53.77;473;18.6;75;4503;3.2;10.3;;
4310553;Itacurubi;RS;2R;ABNT_TR_15220-3-1_2024;-28.79;-55.24;177;20.3;72;4728;4.1;10.5;;
4310579;Itapuca;RS;1M;ABNT_TR_15220-3-1_2024;-28.78;-52.17;786;17.3;77;4452;3.7;9.8;;
4310603;Itaqui;RS;2R;ABNT_TR_15220-3-1_2024;-29.13;-56.55;76;20.6;73;4820;3.9;10.9;;
4310652;Itati;RS;1M;ABNT_TR_15220-3-1_2024;-29.50;-50.10;30;18.0;79;4056;3.4;8.5;;
4310702;Itatiba do Sul;RS;1M;ABNT_TR_15220-3-1_2024;-27.38;-52.45;728;18.4;76;4615;3.5;10.2;;
4310751;Ivorá;RS;1M;ABNT_TR_15220-3-1_2024;-29.52;-53.58;185;18.3;75;4500;3.4;10.3;;
4310801;Ivoti;RS;2R;ABNT_TR_15220-3-1_2024;-29.60;-51.15;164;19.0;80;4354;3.4;8.9;;
4310850;Jaboticaba;RS;2R;ABNT_TR_15220-3-1_2024;-27.63;-53.28;527;19.3;73;4651;3.6;11.2;;
4310876;Jacuizinho;RS;2R;ABNT_TR_15220-3-1_2024;-29.04;-53.07;317;19.0;76;4576;3.8;10.1;;
4310900;Jacutinga;RS;1M;ABNT_TR_15220-3-1_2024;-27.73;-52.54;570;18.3;76;4613;4.0;10.6;;
4311007;Jaguarão;RS;1R;ABNT_TR_15220-3-1_2024;-32.56;-53.38;20;17.9;79;4695;2.9;9.6;;
4311106;Jaguari;RS;2R;ABNT_TR_15220-3-1_2024;-29.49;-54.70;123;19.4;73;4601;3.5;10.6;;
4311122;Jaquirana;RS;1R;ABNT_TR_15220-3-1_2024;-28.88;-50.36;924;15.8;84;4425;3.8;9.0;;
4311130;Jari;RS;1M;ABNT_TR_15220-3-1_2024;-29.29;-54.22;438;18.7;73;4620;3.6;10.5;;
4311155;Jóia;RS;2R;ABNT_TR_15220-3-1_2024;-28.64;-54.11;335;19.5;72;4656;3.9;10.6;;
4311205;Júlio de Castilhos;RS;1M;ABNT_TR_15220-3-1_2024;-29.23;-53.68;507;18.1;74;4578;3.5;10.4;;
4311239;Lagoa Bonita do Sul;RS;1M;ABNT_TR_15220-3-1_2024;-29.49;-53.02;590;17.6;77;4485;3.6;10.1;;
4311254;Lagoão;RS;1M;ABNT_TR_15220-3-1_2024;-29.23;-52.80;606;18.0;77;4536;3.8;9.9;;
4311270;Lagoa dos Três Cantos;RS;2R;ABNT_TR_15220-3-1_2024;-28.57;-52.86;476;18.8;76;4580;3.9;10.1;;
4311304;Lagoa Vermelha;RS;1M;ABNT_TR_15220-3-1_2024;-28.21;-51.52;804;17.6;78;4834;3.2;9.7;;
4311403;Lajeado;RS;2R;ABNT_TR_15220-3-1_2024;-29.46;-51.96;40;19.1;78;4362;3.7;9.2;;
4311429;Lajeado do Bugre;RS;2R;ABNT_TR_15220-3-1_2024;-27.69;-53.18;384;19.4;73;4653;3.7;11.2;;
4311502;Lavras do Sul;RS;1R;ABNT_TR_15220-3-1_2024;-30.81;-53.89;290;17.5;77;4520;4.1;10.3;;
4311601;Liberato Salzano;RS;2R;ABNT_TR_15220-3-1_2024;-27.60;-53.08;378;19.9;73;4655;3.9;11.2;;
4311627;Lindolfo Collor;RS;2R;ABNT_TR_15220-3-1_2024;-29.59;-51.21;105;19.0;79;4365;3.5;8.9;;
4311643;Linha Nova;RS;1M;ABNT_TR_15220-3-1_2024;-29.47;-51.20;364;18.5;80;4345;3.6;8.9;;
4311700;Machadinho;RS;1M;ABNT_TR_15220-3-1_2024;-27.57;-51.67;759;18.4;77;4623;3.7;9.9;;
4311718;Maçambará;RS;2R;ABNT_TR_15220-3-1_2024;-29.14;-56.07;104;20.4;73;4792;4.0;10.8;;
4311734;Mampituba;RS;2M;ABNT_TR_15220-3-1_2024;-29.21;-49.93;32;18.8;82;3939;3.1;6.9;;
4311759;Manoel Viana;RS;2R;ABNT_TR_15220-3-1_2024;-29.59;-55.48;97;19.8;73;4723;4.0;10.7;;
4311775;Maquiné;RS;1M;ABNT_TR_15220-3-1_2024;-29.68;-50.21;11;18.2;78;4098;3.8;7.7;;
4311791;Maratá;RS;1M;ABNT_TR_15220-3-1_2024;-29.55;-51.56;77;18.6;78;4314;3.4;9.1;;
4311809;Marau;RS;1M;ABNT_TR_15220-3-1_2024;-28.45;-52.20;548;17.8;76;4511;3.9;9.9;;
4311908;Marcelino Ramos;RS;2R;ABNT_TR_15220-3-1_2024;-27.47;-51.91;508;19.2;77;4621;3.4;10.2;;
4311981;Mariana Pimentel;RS;1M;ABNT_TR_15220-3-1_2024;-30.35;-51.58;98;18.5;78;4314;3.9;9.0;;
4312005;Mariano Moro;RS;2R;ABNT_TR_15220-3-1_2024;-27.36;-52.15;481;18.9;76;4644;3.4;10.2;;
4312054;Marques de Souza;RS;1M;ABNT_TR_15220-3-1_2024;-29.33;-52.10;55;18.3;77;4351;3.5;9.5;;
4312104;Mata;RS;2R;ABNT_TR_15220-3-1_2024;-29.56;-54.46;127;19.4;73;4582;3.4;10.5;;
4312138;Mato Castelhano;RS;1M;ABNT_TR_15220-3-1_2024;-28.28;-52.19;749;17.5;76;4514;4.0;9.9;;
4312153;Mato Leitão;RS;2R;ABNT_TR_15220-3-1_2024;-29.53;-52.13;75;18.9;77;4305;3.7;9.3;;
4312179;Mato Queimado;RS;2R;ABNT_TR_15220-3-1_2024;-28.25;-54.62;195;20.4;72;4689;4.1;10.6;;
4312203;Maximiliano de Almeida;RS;1M;ABNT_TR_15220-3-1_2024;-27.63;-51.80;611;18.7;77;4625;3.8;9.9;;
4312252;Minas do Leão;RS;2R;ABNT_TR_15220-3-1_2024;-30.13;-52.04;56;19.2;78;4449;3.8;9.1;;
4312302;Miraguaí;RS;2R;ABNT_TR_15220-3-1_2024;-27.50;-53.69;458;20.0;72;4655;4.0;11.9;;
4312351;Montauri;RS;1M;ABNT_TR_15220-3-1_2024;-28.65;-52.08;495;17.8;77;4482;3.7;9.8;;
4312377;Monte Alegre dos Campos;RS;1R;ABNT_TR_15220-3-1_2024;-28.68;-50.78;966;16.5;82;4428;3.1;9.2;;
4312385;Monte Belo do Sul;RS;1M;ABNT_TR_15220-3-1_2024;-29.16;-51.63;638;17.5;77;4410;3.9;9.2;;
4312401;Montenegro;RS;2R;ABNT_TR_15220-3-1_2024;-29.68;-51.47;47;19.3;79;4366;3.8;8.9;;
4312427;Mormaço;RS;1M;ABNT_TR_15220-3-1_2024;-28.70;-52.70;448;18.6;77;4574;3.9;10.1;;
4312443;Morrinhos do Sul;RS;1M;ABNT_TR_15220-3-1_2024;-29.36;-49.93;32;18.7;80;3947;3.2;6.9;;
4312450;Morro Redondo;RS;1R;ABNT_TR_15220-3-1_2024;-31.59;-52.63;246;17.6;80;4287;4.1;9.4;;
4312476;Morro Reuter;RS;1M;ABNT_TR_15220-3-1_2024;-29.54;-51.08;486;17.7;81;4347;3.3;8.9;;
4312500;Mostardas;RS;2R;ABNT_TR_15220-3-1_2024;-31.11;-50.92;13;19.5;78;4415;4.5;7.9;;
4312609;Muçum;RS;1M;ABNT_TR_15220-3-1_2024;-29.16;-51.87;118;18.5;78;4390;3.3;9.2;;
4312617;Muitos Capões;RS;1R;ABNT_TR_15220-3-1_2024;-28.31;-51.18;925;16.5;80;4479;4.0;9.7;;
4312625;Muliterno;RS;1R;ABNT_TR_15220-3-1_2024;-28.33;-51.77;871;16.9;78;4508;3.8;9.7;;
4312658;Não-Me-Toque;RS;1M;ABNT_TR_15220-3-1_2024;-28.45;-52.82;514;18.7;76;4577;4.0;10.3;;
4312674;Nicolau Vergueiro;RS;1M;ABNT_TR_15220-3-1_2024;-28.53;-52.47;525;18.4;76;4553;4.0;9.8;;
4312708;Nonoai;RS;2R;ABNT_TR_15220-3-1_2024;-27.37;-52.78;580;19.1;75;4628;3.6;10.9;;
4312757;Nova Alvorada;RS;1M;ABNT_TR_15220-3-1_2024;-28.68;-52.16;437;17.6;77;4500;3.6;9.8;;
4312807;Nova Araçá;RS;1M;ABNT_TR_15220-3-1_2024;-28.65;-51.75;622;17.4;78;4452;3.9;9.5;;
4312906;Nova Bassano;RS;1M;ABNT_TR_15220-3-1_2024;-28.73;-51.71;606;17.4;78;4452;3.7;9.5;;
4312955;Nova Boa Vista;RS;2R;ABNT_TR_15220-3-1_2024;-27.99;-52.98;453;19.1;73;4623;4.0;10.6;;
4313003;Nova Bréscia;RS;1M;ABNT_TR_15220-3-1_2024;-29.22;-52.03;394;18.2;77;4359;3.2;9.5;;
4313011;Nova Candelária;RS;2R;ABNT_TR_15220-3-1_2024;-27.61;-54.11;248;20.5;72;4670;3.7;11.2;;
4313037;Nova Esperança do Sul;RS;2R;ABNT_TR_15220-3-1_2024;-29.41;-54.83;320;19.1;73;4628;3.7;10.6;;
4313060;Nova Hartz;RS;1M;ABNT_TR_15220-3-1_2024;-29.58;-50.91;38;18.5;81;4281;3.3;8.3;;
4313086;Nova Pádua;RS;1M;ABNT_TR_15220-3-1_2024;-29.03;-51.31;618;17.4;78;4429;3.9;8.9;;
4313102;Nova Palma;RS;1M;ABNT_TR_15220-3-1_2024;-29.47;-53.47;110;18.6;76;4495;3.2;10.1;;
4313201;Nova Petrópolis;RS;1M;ABNT_TR_15220-3-1_2024;-29.37;-51.11;588;17.6;81;4339;3.5;8.9;;
4313300;Nova Prata;RS;1M;ABNT_TR_15220-3-1_2024;-28.78;-51.61;682;17.5;78;4439;3.7;9.5;;
4313334;Nova Ramada;RS;2R;ABNT_TR_15220-3-1_2024;-28.07;-53.70;505;19.4;72;4626;4.3;10.9;;
4313359;Nova Roma do Sul;RS;1M;ABNT_TR_15220-3-1_2024;-28.99;-51.41;596;17.7;78;4423;3.6;9.3;;
4313375;Nova Santa Rita;RS;2R;ABNT_TR_15220-3-1_2024;-29.85;-51.28;68;19.7;79;4416;3.7;8.9;;
4313391;Novo Cabrais;RS;2R;ABNT_TR_15220-3-1_2024;-29.73;-52.95;63;18.8;77;4391;3.8;9.6;;
4313409;Novo Hamburgo;RS;2R;ABNT_TR_15220-3-1_2024;-29.69;-51.13;27;19.0;79;4354;3.7;8.9;;
4313425;Novo Machado;RS;2R;ABNT_TR_15220-3-1_2024;-27.58;-54.50;252;20.6;72;4653;3.8;11.0;;
4313441;Novo Tiradentes;RS;2R;ABNT_TR_15220-3-1_2024;-27.56;-53.18;350;19.8;73;4654;3.6;11.2;;
4313466;Novo Xingu;RS;2R;ABNT_TR_15220-3-1_2024;-27.75;-53.06;346;19.7;73;4653;3.9;11.2;;
4313490;Novo Barreiro;RS;2R;ABNT_TR_15220-3-1_2024;-27.91;-53.11;406;19.3;73;4634;3.7;11.2;;
4313508;Osório;RS;2M;ABNT_TR_15220-3-1_2024;-29.89;-50.27;17;19.3;77;4298;4.3;7.7;;
4313607;Paim Filho;RS;1M;ABNT_TR_15220-3-1_2024;-27.71;-51.76;595;18.4;77;4601;4.1;9.9;;
4313656;Palmares do Sul;RS;2R;ABNT_TR_15220-3-1_2024;-30.25;-50.51;5;19.8;78;4469;4.4;8.2;;
4313706;Palmeira das Missões;RS;2R;ABNT_TR_15220-3-1_2024;-27.90;-53.31;626;19.0;74;5046;2.5;10.2;;
4313805;Palmitinho;RS;2R;ABNT_TR_15220-3-1_2024;-27.36;-53.56;510;20.2;72;4654;3.6;11.9;;
4313904;Panambi;RS;2R;ABNT_TR_15220-3-1_2024;-28.28;-53.50;438;19.1;72;4610;4.1;10.9;;
4313953;Pantano Grande;RS;2R;ABNT_TR_15220-3-1_2024;-30.19;-52.37;43;19.3;77;4471;4.0;9.1;;
4314001;Paraí;RS;1M;ABNT_TR_15220-3-1_2024;-28.60;-51.79;645;17.5;78;4458;3.9;9.5;;
4314027;Paraíso do Sul;RS;1M;ABNT_TR_15220-3-1_2024;-29.67;-53.14;92;18.7;77;4456;3.5;10.0;;
4314035;Pareci Novo;RS;2R;ABNT_TR_15220-3-1_2024;-29.64;-51.40;20;19.4;79;4352;3.7;8.9;;
4314050;Parobé;RS;1M;ABNT_TR_15220-3-1_2024;-29.62;-50.83;38;18.7;81;4283;3.3;8.3;;
4314068;Passa Sete;RS;1M;ABNT_TR_15220-3-1_2024;-29.46;-52.96;581;17.6;77;4463;3.4;9.9;;
4314076;Passo do Sobrado;RS;2R;ABNT_TR_15220-3-1_2024;-29.75;-52.27;71;19.0;77;4359;3.9;9.3;;
4314100;Passo Fundo;RS;1M;ABNT_TR_15220-3-1_2024;-28.26;-52.41;667;18.2;75;4913;3.3;10.2;;
4314134;Paulo Bento;RS;1M;ABNT_TR_15220-3-1_2024;-27.71;-52.42;559;18.0;76;4592;4.0;10.1;;
4314159;Paverama;RS;2R;ABNT_TR_15220-3-1_2024;-29.55;-51.73;103;18.8;78;4363;3.8;9.1;;
4314175;Pedras Altas;RS;1R;ABNT_TR_15220-3-1_2024;-31.74;-53.58;370;17.2;78;4463;4.3;10.5;;
4314209;Pedro Osório;RS;1R;ABNT_TR_15220-3-1_2024;-31.86;-52.82;29;18.2;79;4345;4.1;9.4;;
4314308;Pejuçara;RS;2R;ABNT_TR_15220-3-1_2024;-28.43;-53.66;446;19.3;72;4608;4.1;10.9;;
4314407;Pelotas;RS;2R;ABNT_TR_15220-3-1_2024;-31.76;-52.34;8;19.2;81;4540;3.6;10.2;;
4314423;Picada Café;RS;1M;ABNT_TR_15220-3-1_2024;-29.45;-51.14;86;17.6;80;4339;3.6;8.9;;
4314456;Pinhal;RS;2R;ABNT_TR_15220-3-1_2024;-27.51;-53.21;414;20.1;73;4653;3.3;11.2;;
4314464;Pinhal da Serra;RS;1R;ABNT_TR_15220-3-1_2024;-27.88;-51.17;918;16.8;79;4508;4.0;9.9;;
4314472;Pinhal Grande;RS;1M;ABNT_TR_15220-3-1_2024;-29.34;-53.32;448;18.4;76;4550;3.2;10.1;;
4314498;Pinheirinho do Vale;RS;2R;ABNT_TR_15220-3-1_2024;-27.21;-53.61;216;20.5;72;4642;3.5;11.9;;
4314506;Pinheiro Machado;RS;1R;ABNT_TR_15220-3-1_2024;-31.58;-53.38;435;16.6;78;4414;4.2;10.0;;
4314548;Pinto Bandeira;RS;1M;ABNT_TR_15220-3-1_2024;-29.10;-51.45;638;17.7;77;4427;4.0;8.9;;
4314555;Pirapó;RS;2R;ABNT_TR_15220-3-1_2024;-28.04;-55.20;123;20.7;73;4702;4.2;10.4;;
4314605;Piratini;RS;1R;ABNT_TR_15220-3-1_2024;-31.45;-53.10;314;16.9;78;4385;4.2;9.9;;
4314704;Planalto;RS;2R;ABNT_TR_15220-3-1_2024;-27.33;-53.06;572;20.0;73;4646;3.6;12.1;;
4314753;Poço das Antas;RS;1M;ABNT_TR_15220-3-1_2024;-29.45;-51.67;145;18.2;78;4349;3.6;9.2;;
4314779;Pontão;RS;1M;ABNT_TR_15220-3-1_2024;-28.06;-52.68;679;18.4;75;4578;3.9;10.3;;
4314787;Ponte Preta;RS;1M;ABNT_TR_15220-3-1_2024;-27.66;-52.48;594;18.3;76;4592;3.8;10.1;;
4314803;Portão;RS;2R;ABNT_TR_15220-3-1_2024;-29.70;-51.24;45;19.2;79;4381;3.6;8.9;;
4314902;Porto Alegre;RS;2R;ABNT_TR_15220-3-1_2024;-30.03;-51.21;28;20.0;79;4603;3.4;9.2;;
4315008;Porto Lucena;RS;2R;ABNT_TR_15220-3-1_2024;-27.86;-55.01;119;20.8;73;4677;4.1;10.6;;
4315057;Porto Mauá;RS;2R;ABNT_TR_15220-3-1_2024;-27.58;-54.67;127;20.6;73;4645;3.8;11.0;;
4315073;Porto Vera Cruz;RS;2R;ABNT_TR_15220-3-1_2024;-27.74;-54.90;155;20.6;72;4651;4.1;11.0;;
4315107;Porto Xavier;RS;2R;ABNT_TR_15220-3-1_2024;-27.91;-55.14;106;20.7;73;4680;4.2;10.6;;
4315131;Pouso Novo;RS;1M;ABNT_TR_15220-3-1_2024;-29.17;-52.21;541;18.1;77;4370;3.2;9.5;;
4315149;Presidente Lucena;RS;1M;ABNT_TR_15220-3-1_2024;-29.52;-51.18;76;18.5;80;4364;3.4;8.9;;
4315156;Progresso;RS;1M;ABNT_TR_15220-3-1_2024;-29.24;-52.32;496;18.0;77;4398;3.5;9.5;;
4315172;Protásio Alves;RS;1M;ABNT_TR_15220-3-1_2024;-28.76;-51.48;636;17.5;78;4430;3.5;9.3;;
4315206;Putinga;RS;1M;ABNT_TR_15220-3-1_2024;-29.00;-52.16;497;17.4;77;4390;3.5;9.5;;
4315305;Quaraí;RS;2R;ABNT_TR_15220-3-1_2024;-30.38;-56.45;107;19.0;72;5084;2.3;12.1;;
4315313;Quatro Irmãos;RS;1M;ABNT_TR_15220-3-1_2024;-27.83;-52.44;708;17.9;76;4592;4.0;10.1;;
4315321;Quevedos;RS;2R;ABNT_TR_15220-3-1_2024;-29.35;-54.08;432;18.9;73;4593;3.5;10.5;;
4315354;Quinze de Novembro;RS;2R;ABNT_TR_15220-3-1_2024;-28.75;-53.10;373;19.0;75;4576;3.9;10.4;;
4315404;Redentora;RS;2R;ABNT_TR_15220-3-1_2024;-27.66;-53.64;532;19.4;72;4649;4.2;11.4;;
4315453;Relvado;RS;1M;ABNT_TR_15220-3-1_2024;-29.12;-52.08;340;17.7;77;4354;3.1;9.5;;
4315503;Restinga Sêca;RS;2R;ABNT_TR_15220-3-1_2024;-29.82;-53.38;46;19.2;77;4510;3.6;10.0;;
4315552;Rio dos Índios;RS;2R;ABNT_TR_15220-3-1_2024;-27.30;-52.84;561;19.4;74;4658;3.6;10.9;;
4315602;Rio Grande;RS;1M;ABNT_TR_15220-3-1_2024;-32.03;-52.11;5;18.7;80;4367;4.6;8.8;;
4315701;Rio Pardo;RS;2R;ABNT_TR_15220-3-1_2024;-29.99;-52.37;37;19.7;76;4622;2.6;9.5;;
4315750;Riozinho;RS;1M;ABNT_TR_15220-3-1_2024;-29.64;-50.45;216;17.0;79;4266;3.7;7.7;;
4315800;Roca Sales;RS;1M;ABNT_TR_15220-3-1_2024;-29.29;-51.87;40;18.6;78;4376;3.5;9.2;;
4315909;Rodeio Bonito;RS;2R;ABNT_TR_15220-3-1_2024;-27.47;-53.17;368;20.1;73;4651;3.5;12.1;;
4315958;Rolador;RS;2R;ABNT_TR_15220-3-1_2024;-28.26;-54.82;221;20.3;72;4702;4.1;10.6;;
4316006;Rolante;RS;1M;ABNT_TR_15220-3-1_2024;-29.65;-50.58;64;18.5;80;4283;3.5;8.3;;
4316105;Ronda Alta;RS;1M;ABNT_TR_15220-3-1_2024;-27.78;-52.81;673;18.7;75;4629;3.9;10.6;;
4316204;Rondinha;RS;2R;ABNT_TR_15220-3-1_2024;-27.83;-52.91;431;19.0;74;4642;4.0;10.6;;
4316303;Roque Gonzales;RS;2R;ABNT_TR_15220-3-1_2024;-28.13;-55.03;146;20.6;72;4703;4.1;10.4;;
4316402;Rosário do Sul;RS;2R;ABNT_TR_15220-3-1_2024;-30.25;-54.92;130;19.2;73;4647;3.8;10.7;;
4316428;Sagrada Família;RS;2R;ABNT_TR_15220-3-1_2024;-27.71;-53.14;368;19.7;73;4653;3.7;11.2;;
4316436;Saldanha Marinho;RS;1M;ABNT_TR_15220-3-1_2024;-28.39;-53.10;545;18.7;74;4581;4.1;10.7;;
4316451;Salto do Jacuí;RS;2R;ABNT_TR_15220-3-1_2024;-29.10;-53.21;294;19.0;76;4545;3.3;10.1;;
4316477;Salvador das Missões;RS;2R;ABNT_TR_15220-3-1_2024;-28.12;-54.84;207;20.6;72;4696;4.0;10.6;;
4316501;Salvador do Sul;RS;1M;ABNT_TR_15220-3-1_2024;-29.44;-51.51;487;17.8;78;4334;3.2;9.2;;
4316600;Sananduva;RS;1M;ABNT_TR_15220-3-1_2024;-27.95;-51.81;665;18.1;77;4579;3.9;9.9;;
4316709;Santa Bárbara do Sul;RS;2R;ABNT_TR_15220-3-1_2024;-28.37;-53.25;522;18.9;73;4587;4.0;10.7;;
4316733;Santa Cecília do Sul;RS;1M;ABNT_TR_15220-3-1_2024;-28.16;-51.93;642;17.3;77;4533;4.1;9.7;;
4316758;Santa Clara do Sul;RS;2R;ABNT_TR_15220-3-1_2024;-29.47;-52.08;119;18.9;78;4341;3.6;9.5;;
4316808;Santa Cruz do Sul;RS;2R;ABNT_TR_15220-3-1_2024;-29.72;-52.43;57;18.9;77;4356;3.9;9.3;;
4316907;Santa Maria;RS;2R;ABNT_TR_15220-3-1_2024;-29.69;-53.81;125;19.0;75;4508;3.1;10.3;;
4316956;Santa Maria do Herval;RS;1M;ABNT_TR_15220-3-1_2024;-29.49;-50.99;466;17.1;82;4291;3.1;8.8;;
4316972;Santa Margarida do Sul;RS;2R;ABNT_TR_15220-3-1_2024;-30.34;-54.08;174;19.1;73;4609;4.2;10.5;;
4317004;Santana da Boa Vista;RS;1R;ABNT_TR_15220-3-1_2024;-30.87;-53.11;261;17.9;78;4450;3.8;9.8;;
4317103;Sant'Ana do Livramento;RS;1R;ABNT_TR_15220-3-1_2024;-30.88;-55.54;195;18.1;72;4623;3.6;11.1;;
4317202;Santa Rosa;RS;2R;ABNT_TR_15220-3-1_2024;-27.87;-54.48;295;20.5;72;4942;1.9;11.2;;
4317251;Santa Tereza;RS;1M;ABNT_TR_15220-3-1_2024;-29.17;-51.74;76;18.0;77;4396;3.7;9.2;;
4317301;Santa Vitória do Palmar;RS;1R;ABNT_TR_15220-3-1_2024;-33.52;-53.37;18;17.6;78;4439;4.6;8.9;;
4317400;Santiago;RS;2R;ABNT_TR_15220-3-1_2024;-29.19;-54.87;424;19.1;74;4880;2.4;10.1;;
4317509;Santo Ângelo;RS;2R;ABNT_TR_15220-3-1_2024;-28.30;-54.27;282;20.2;72;4645;4.1;10.8;;
4317558;Santo Antônio do Palma;RS;1M;ABNT_TR_15220-3-1_2024;-28.50;-52.03;669;17.5;77;4485;4.0;9.9;;
4317608;Santo Antônio da Patrulha;RS;2R;ABNT_TR_15220-3-1_2024;-29.83;-50.52;85;18.9;78;4417;4.0;8.3;;
4317707;Santo Antônio das Missões;RS;2R;ABNT_TR_15220-3-1_2024;-28.51;-55.23;194;20.5;72;4735;4.1;10.5;;
4317756;Santo Antônio do Planalto;RS;1M;ABNT_TR_15220-3-1_2024;-28.40;-52.70;505;18.5;76;4569;4.0;10.3;;
4317806;Santo Augusto;RS;2R;ABNT_TR_15220-3-1_2024;-27.85;-53.78;535;19.9;69;4996;2.5;10.1;;
4317905;Santo Cristo;RS;2R;ABNT_TR_15220-3-1_2024;-27.83;-54.66;276;20.4;72;4669;4.3;11.0;;
4317954;Santo Expedito do Sul;RS;1M;ABNT_TR_15220-3-1_2024;-27.91;-51.64;687;17.6;78;4581;4.3;9.9;;
4318002;São Borja;RS;2R;ABNT_TR_15220-3-1_2024;-28.66;-56.00;98;20.8;71;4974;1.7;10.5;;
4318051;São Domingos do Sul;RS;1M;ABNT_TR_15220-3-1_2024;-28.53;-51.89;602;17.5;77;4467;4.0;9.5;;
4318101;São Francisco de Assis;RS;2R;ABNT_TR_15220-3-1_2024;-29.55;-55.13;150;19.6;73;4675;3.7;10.7;;
4318200;São Francisco de Paula;RS;1R;ABNT_TR_15220-3-1_2024;-29.44;-50.58;896;16.2;82;4327;4.1;8.8;;
4318309;São Gabriel;RS;2R;ABNT_TR_15220-3-1_2024;-30.33;-54.32;116;19.5;74;4898;2.6;10.5;;
4318408;São Jerônimo;RS;2R;ABNT_TR_15220-3-1_2024;-29.97;-51.73;33;19.5;78;4422;3.7;9.1;;
4318424;São João da Urtiga;RS;1M;ABNT_TR_15220-3-1_2024;-27.82;-51.83;769;18.2;77;4586;3.9;9.9;;
4318432;São João do Polêsine;RS;2R;ABNT_TR_15220-3-1_2024;-29.62;-53.44;59;19.0;76;4483;3.5;10.0;;
4318440;São Jorge;RS;1M;ABNT_TR_15220-3-1_2024;-28.50;-51.71;665;17.2;78;4463;3.9;9.7;;
4318457;São José das Missões;RS;2R;ABNT_TR_15220-3-1_2024;-27.78;-53.12;449;19.5;73;4644;3.7;11.2;;
4318465;São José do Herval;RS;1M;ABNT_TR_15220-3-1_2024;-29.05;-52.30;720;17.8;77;4374;3.5;9.5;;
4318481;São José do Hortêncio;RS;1M;ABNT_TR_15220-3-1_2024;-29.53;-51.24;73;18.5;79;4345;3.4;8.9;;
4318499;São José do Inhacorá;RS;2R;ABNT_TR_15220-3-1_2024;-27.73;-54.13;222;20.6;72;4685;4.0;11.2;;
4318507;São José do Norte;RS;1M;ABNT_TR_15220-3-1_2024;-32.02;-52.03;7;18.7;80;4366;4.7;8.8;;
4318606;São José do Ouro;RS;1M;ABNT_TR_15220-3-1_2024;-27.77;-51.60;783;17.6;78;4572;4.1;9.9;;
4318614;São José do Sul;RS;1M;ABNT_TR_15220-3-1_2024;-29.54;-51.48;83;18.7;78;4291;3.4;8.9;;
4318622;São José dos Ausentes;RS;1R;ABNT_TR_15220-3-1_2024;-28.75;-50.07;1207;14.2;85;4602;4.1;8.9;;
4318705;São Leopoldo;RS;2R;ABNT_TR_15220-3-1_2024;-29.75;-51.15;7;19.2;79;4379;3.7;8.9;;
4318804;São Lourenço do Sul;RS;2R;ABNT_TR_15220-3-1_2024;-31.36;-51.97;6;18.9;79;4398;4.9;8.7;;
4318903;São Luiz Gonzaga;RS;2R;ABNT_TR_15220-3-1_2024;-28.41;-54.96;248;20.8;68;5023;2.8;11.1;;
4319000;São Marcos;RS;1R;ABNT_TR_15220-3-1_2024;-28.97;-51.07;725;16.7;80;4434;3.8;9.3;;
4319109;São Martinho;RS;2R;ABNT_TR_15220-3-1_2024;-27.71;-53.97;441;20.2;72;4663;4.1;11.4;;
4319125;São Martinho da Serra;RS;1M;ABNT_TR_15220-3-1_2024;-29.54;-53.86;445;18.4;74;4558;3.3;10.3;;
4319158;São Miguel das Missões;RS;2R;ABNT_TR_15220-3-1_2024;-28.56;-54.56;277;20.1;72;4669;3.8;10.5;;
4319208;São Nicolau;RS;2R;ABNT_TR_15220-3-1_2024;-28.18;-55.27;165;20.8;72;4723;4.1;10.4;;
4319307;São Paulo das Missões;RS;2R;ABNT_TR_15220-3-1_2024;-28.02;-54.94;163;20.7;72;4695;4.1;10.6;;
4319356;São Pedro da Serra;RS;1M;ABNT_TR_15220-3-1_2024;-29.42;-51.51;485;17.8;78;4334;3.2;9.2;;
4319364;São Pedro das Missões;RS;2R;ABNT_TR_15220-3-1_2024;-27.77;-53.25;531;18.8;73;4636;3.7;11.2;;
4319372;São Pedro do Butiá;RS;2R;ABNT_TR_15220-3-1_2024;-28.12;-54.89;202;20.6;72;4696;4.0;10.6;;
4319406;São Pedro do Sul;RS;2R;ABNT_TR_15220-3-1_2024;-29.62;-54.19;171;19.3;73;4558;3.4;10.5;;
4319505;São Sebastião do Caí;RS;2R;ABNT_TR_15220-3-1_2024;-29.59;-51.37;17;19.4;79;4352;3.7;8.9;;
4319604;São Sepé;RS;2R;ABNT_TR_15220-3-1_2024;-30.16;-53.56;76;18.9;78;4545;3.8;10.2;;
4319703;São Valentim;RS;1M;ABNT_TR_15220-3-1_2024;-27.56;-52.52;817;18.3;77;4598;3.7;10.6;;
4319711;São Valentim do Sul;RS;1M;ABNT_TR_15220-3-1_2024;-29.05;-51.77;543;18.2;77;4417;3.3;9.2;;
4319737;São Valério do Sul;RS;2R;ABNT_TR_15220-3-1_2024;-27.79;-53.94;405;19.8;72;4660;4.2;11.4;;
4319752;São Vendelino;RS;1M;ABNT_TR_15220-3-1_2024;-29.37;-51.37;161;18.2;78;4309;3.3;8.9;;
4319802;São Vicente do Sul;RS;2R;ABNT_TR_15220-3-1_2024;-29.69;-54.68;128;19.5;73;4623;3.6;10.6;;
4319901;Sapiranga;RS;1M;ABNT_TR_15220-3-1_2024;-29.63;-51.01;30;18.3;80;4323;3.5;8.9;;
4320008;Sapucaia do Sul;RS;2R;ABNT_TR_15220-3-1_2024;-29.83;-51.14;42;19.2;80;4379;3.7;8.9;;
4320107;Sarandi;RS;2R;ABNT_TR_15220-3-1_2024;-27.94;-52.92;498;18.9;73;4636;4.0;10.6;;
4320206;Seberi;RS;2R;ABNT_TR_15220-3-1_2024;-27.48;-53.40;544;19.5;72;4651;3.6;12.1;;
4320230;Sede Nova;RS;2R;ABNT_TR_15220-3-1_2024;-27.64;-53.95;477;19.8;72;4665;4.1;11.4;;
4320263;Segredo;RS;1M;ABNT_TR_15220-3-1_2024;-29.35;-52.98;405;17.8;76;4508;3.9;9.9;;
4320305;Selbach;RS;2R;ABNT_TR_15220-3-1_2024;-28.63;-52.95;379;18.8;76;4580;3.9;10.1;;
4320321;Senador Salgado Filho;RS;2R;ABNT_TR_15220-3-1_2024;-28.02;-54.55;324;20.3;72;4685;4.4;10.6;;
4320354;Sentinela do Sul;RS;2R;ABNT_TR_15220-3-1_2024;-30.61;-51.59;84;18.8;78;4306;4.3;8.8;;
4320404;Serafina Corrêa;RS;1M;ABNT_TR_15220-3-1_2024;-28.71;-51.94;502;17.9;77;4465;3.5;9.5;;
4320453;Sério;RS;1M;ABNT_TR_15220-3-1_2024;-29.39;-52.27;660;17.7;77;4307;3.4;9.5;;
4320503;Sertão;RS;1M;ABNT_TR_15220-3-1_2024;-27.98;-52.26;751;17.9;76;4565;3.8;10.1;;
4320552;Sertão Santana;RS;1M;ABNT_TR_15220-3-1_2024;-30.46;-51.60;188;18.6;78;4282;3.9;9.0;;
4320578;Sete de Setembro;RS;2R;ABNT_TR_15220-3-1_2024;-28.14;-54.46;283;20.2;72;4680;4.3;10.8;;
4320602;Severiano de Almeida;RS;2R;ABNT_TR_15220-3-1_2024;-27.44;-52.12;538;18.9;76;4644;3.5;10.2;;
4320651;Silveira Martins;RS;1M;ABNT_TR_15220-3-1_2024;-29.65;-53.59;421;18.5;76;4478;3.4;10.3;;
4320677;Sinimbu;RS;1M;ABNT_TR_15220-3-1_2024;-29.54;-52.53;182;18.1;77;4350;3.5;9.6;;
4320701;Sobradinho;RS;1M;ABNT_TR_15220-3-1_2024;-29.42;-53.03;363;17.8;76;4522;3.9;10.1;;
4320800;Soledade;RS;1M;ABNT_TR_15220-3-1_2024;-28.83;-52.51;715;17.9;76;4776;4.2;9.8;;
4320859;Tabaí;RS;2R;ABNT_TR_15220-3-1_2024;-29.64;-51.68;61;19.2;78;4350;3.7;9.1;;
4320909;Tapejara;RS;1M;ABNT_TR_15220-3-1_2024;-28.07;-52.01;687;17.8;77;4554;3.9;9.9;;
4321006;Tapera;RS;2R;ABNT_TR_15220-3-1_2024;-28.63;-52.86;438;18.8;76;4580;3.9;10.1;;
4321105;Tapes;RS;2R;ABNT_TR_15220-3-1_2024;-30.67;-51.40;8;19.3;78;4388;4.6;8.2;;
4321204;Taquara;RS;1M;ABNT_TR_15220-3-1_2024;-29.65;-50.78;36;18.7;80;4378;3.3;8.3;;
4321303;Taquari;RS;2R;ABNT_TR_15220-3-1_2024;-29.79;-51.87;46;19.4;78;4416;3.6;9.1;;
4321329;Taquaruçu do Sul;RS;2R;ABNT_TR_15220-3-1_2024;-27.40;-53.47;526;19.8;72;4650;3.5;12.1;;
4321352;Tavares;RS;2R;ABNT_TR_15220-3-1_2024;-31.28;-51.09;12;19.4;78;4451;4.6;8.3;;
4321402;Tenente Portela;RS;2R;ABNT_TR_15220-3-1_2024;-27.37;-53.76;494;20.0;72;4645;4.0;11.9;;
4321436;Terra de Areia;RS;2M;ABNT_TR_15220-3-1_2024;-29.58;-50.06;16;18.8;78;4167;3.8;7.7;;
4321451;Teutônia;RS;1M;ABNT_TR_15220-3-1_2024;-29.45;-51.80;88;18.7;78;4370;3.7;9.2;;
4321469;Tio Hugo;RS;1M;ABNT_TR_15220-3-1_2024;-28.57;-52.60;515;18.4;76;4559;3.9;10.1;;
4321477;Tiradentes do Sul;RS;2R;ABNT_TR_15220-3-1_2024;-27.40;-54.08;386;20.4;72;4653;3.9;11.7;;
4321493;Toropi;RS;2R;ABNT_TR_15220-3-1_2024;-29.48;-54.22;139;19.2;73;4567;3.4;10.5;;
4321501;Torres;RS;2M;ABNT_TR_15220-3-1_2024;-29.33;-49.73;4;19.4;81;4232;3.6;6.9;;
4321600;Tramandaí;RS;2M;ABNT_TR_15220-3-1_2024;-29.98;-50.13;5;19.9;76;4767;3.6;4.9;;
4321626;Travesseiro;RS;1M;ABNT_TR_15220-3-1_2024;-29.30;-52.05;125;18.3;77;4351;3.3;9.5;;
4321634;Três Arroios;RS;1M;ABNT_TR_15220-3-1_2024;-27.50;-52.14;548;18.5;76;4630;3.5;10.1;;
4321667;Três Cachoeiras;RS;1M;ABNT_TR_15220-3-1_2024;-29.45;-49.93;131;18.7;80;3947;3.7;6.9;;
4321709;Três Coroas;RS;1M;ABNT_TR_15220-3-1_2024;-29.51;-50.77;54;18.0;81;4296;3.1;8.3;;
4321808;Três de Maio;RS;2R;ABNT_TR_15220-3-1_2024;-27.78;-54.24;369;20.5;72;4675;4.1;11.2;;
4321832;Três Forquilhas;RS;1M;ABNT_TR_15220-3-1_2024;-29.54;-50.07;11;18.0;78;4060;3.9;7.7;;
4321857;Três Palmeiras;RS;2R;ABNT_TR_15220-3-1_2024;-27.61;-52.84;663;19.1;74;4612;3.7;10.6;;
4321907;Três Passos;RS;2R;ABNT_TR_15220-3-1_2024;-27.46;-53.93;439;19.9;72;4662;4.0;11.9;;
4321956;Trindade do Sul;RS;2R;ABNT_TR_15220-3-1_2024;-27.52;-52.90;645;19.1;74;4618;3.8;10.6;;
4322004;Triunfo;RS;2R;ABNT_TR_15220-3-1_2024;-29.93;-51.71;26;19.6;78;4410;4.0;9.1;;
4322103;Tucunduva;RS;2R;ABNT_TR_15220-3-1_2024;-27.66;-54.44;219;20.6;72;4663;4.0;11.2;;
4322152;Tunas;RS;1M;ABNT_TR_15220-3-1_2024;-29.10;-52.95;310;18.7;76;4549;4.0;9.9;;
4322186;Tupanci do Sul;RS;1M;ABNT_TR_15220-3-1_2024;-27.92;-51.54;806;17.2;78;4567;4.3;9.9;;
4322202;Tupanciretã;RS;1M;ABNT_TR_15220-3-1_2024;-29.09;-53.84;437;18.3;73;4608;3.8;10.4;;
4322251;Tupandi;RS;2R;ABNT_TR_15220-3-1_2024;-29.48;-51.42;120;19.1;78;4291;3.3;8.9;;
4322301;Tuparendi;RS;2R;ABNT_TR_15220-3-1_2024;-27.76;-54.48;325;20.6;72;4678;4.1;11.2;;
4322327;Turuçu;RS;1R;ABNT_TR_15220-3-1_2024;-31.42;-52.17;26;18.4;80;4291;4.4;9.0;;
4322343;Ubiretama;RS;2R;ABNT_TR_15220-3-1_2024;-28.04;-54.69;199;20.4;72;4677;4.3;10.6;;
4322350;União da Serra;RS;1M;ABNT_TR_15220-3-1_2024;-28.78;-52.02;502;17.9;77;4451;3.6;9.8;;
4322376;Unistalda;RS;2R;ABNT_TR_15220-3-1_2024;-29.04;-55.15;339;19.6;73;4733;4.2;10.6;;
4322400;Uruguaiana;RS;2R;ABNT_TR_15220-3-1_2024;-29.76;-57.09;79;20.1;73;4828;4.0;10.9;;
4322509;Vacaria;RS;1R;ABNT_TR_15220-3-1_2024;-28.51;-50.94;952;16.0;81;4876;3.2;10.1;;
4322525;Vale Verde;RS;2R;ABNT_TR_15220-3-1_2024;-29.79;-52.19;74;19.2;77;4401;4.0;9.3;;
4322533;Vale do Sol;RS;1M;ABNT_TR_15220-3-1_2024;-29.60;-52.68;85;18.6;77;4347;3.4;9.6;;
4322541;Vale Real;RS;1M;ABNT_TR_15220-3-1_2024;-29.39;-51.26;152;18.5;79;4330;3.3;8.9;;
4322558;Vanini;RS;1M;ABNT_TR_15220-3-1_2024;-28.48;-51.84;727;17.4;78;4467;4.0;9.7;;
4322608;Venâncio Aires;RS;2R;ABNT_TR_15220-3-1_2024;-29.61;-52.19;50;19.0;77;4331;3.8;9.3;;
4322707;Vera Cruz;RS;2R;ABNT_TR_15220-3-1_2024;-29.72;-52.52;58;18.9;77;4363;3.8;9.6;;
4322806;Veranópolis;RS;1M;ABNT_TR_15220-3-1_2024;-28.93;-51.55;627;17.6;78;4421;3.4;9.5;;
4322855;Vespasiano Corrêa;RS;1M;ABNT_TR_15220-3-1_2024;-29.07;-51.86;545;18.3;77;4394;3.1;9.2;;
4322905;Viadutos;RS;1M;ABNT_TR_15220-3-1_2024;-27.57;-52.02;634;18.6;76;4591;3.5;10.1;;
4323002;Viamão;RS;2R;ABNT_TR_15220-3-1_2024;-30.08;-51.02;75;19.5;79;4375;4.2;8.8;;
4323101;Vicente Dutra;RS;2R;ABNT_TR_15220-3-1_2024;-27.16;-53.40;268;20.5;73;4640;3.4;12.1;;
4323200;Victor Graeff;RS;1M;ABNT_TR_15220-3-1_2024;-28.56;-52.75;385;18.7;76;4572;3.8;10.1;;
4323309;Vila Flores;RS;1M;ABNT_TR_15220-3-1_2024;-28.86;-51.55;719;17.6;78;4421;3.7;9.5;;
4323358;Vila Lângaro;RS;1M;ABNT_TR_15220-3-1_2024;-28.11;-52.14;642;17.9;76;4550;3.9;9.9;;
4323408;Vila Maria;RS;1M;ABNT_TR_15220-3-1_2024;-28.54;-52.15;488;17.7;76;4505;3.8;9.8;;
4323457;Vila Nova do Sul;RS;1M;ABNT_TR_15220-3-1_2024;-30.35;-53.88;242;18.7;76;4600;4.3;10.2;;
4323507;Vista Alegre;RS;2R;ABNT_TR_15220-3-1_2024;-27.37;-53.49;540;19.8;72;4650;3.6;12.1;;
4323606;Vista Alegre do Prata;RS;1M;ABNT_TR_15220-3-1_2024;-28.81;-51.79;608;18.0;78;4441;3.4;9.5;;
4323705;Vista Gaúcha;RS;2R;ABNT_TR_15220-3-1_2024;-27.29;-53.70;375;20.2;72;4651;3.8;11.9;;
4323754;Vitória das Missões;RS;2R;ABNT_TR_15220-3-1_2024;-28.35;-54.50;195;20.1;72;4682;4.1;10.6;;
4323770;Westfália;RS;1M;ABNT_TR_15220-3-1_2024;-29.43;-51.76;115;18.7;78;4358;3.7;9.2;;
4323804;Xangri-lá;RS;2M;ABNT_TR_15220-3-1_2024;-29.81;-50.05;6;19.6;77;4356;4.3;7.7;;
5000203;Água Clara;MS;4B;ABNT_TR_15220-3-1_2024;-20.45;-52.88;324;24.5;69;5359;1.3;13.6;;
5000252;Alcinópolis;MS;5A;ABNT_TR_15220-3-1_2024;-18.33;-53.70;427;25.1;69;5231;3.3;12.2;;
5000609;Amambai;MS;3B;ABNT_TR_15220-3-1_2024;-23.11;-55.23;478;22.4;70;5261;1.5;13.0;;
5000708;Anastácio;MS;5A;ABNT_TR_15220-3-1_2024;-20.48;-55.81;166;25.8;70;5063;3.5;10.8;;
5000807;Anaurilândia;MS;4B;ABNT_TR_15220-3-1_2024;-22.19;-52.72;309;24.5;69;5003;3.3;10.7;;
5000856;Angélica;MS;4B;ABNT_TR_15220-3-1_2024;-22.15;-53.77;359;24.2;69;4976;3.8;11.4;;
5000906;Antônio João;MS;4A;ABNT_TR_15220-3-1_2024;-22.19;-55.95;689;23.2;71;4884;4.2;10.9;;
5001003;Aparecida do Taboado;MS;5B;ABNT_TR_15220-3-1_2024;-20.09;-51.10;388;25.1;63;5186;3.4;12.4;;
5001102;Aquidauana;MS;5A;ABNT_TR_15220-3-1_2024;-20.47;-55.79;161;25.8;70;5053;3.5;10.8;;
5001243;Aral Moreira;MS;3B;ABNT_TR_15220-3-1_2024;-22.94;-55.63;584;22.4;70;4801;4.0;10.6;;
5001508;Bandeirantes;MS;4B;ABNT_TR_15220-3-1_2024;-19.93;-54.36;642;23.9;67;5030;4.1;11.5;;
5001904;Bataguassu;MS;4B;ABNT_TR_15220-3-1_2024;-21.72;-52.42;339;24.6;68;5067;3.9;11.1;;
5002001;Batayporã;MS;4B;ABNT_TR_15220-3-1_2024;-22.29;-53.27;325;24.2;69;4981;3.6;11.0;;
5002100;Bela Vista;MS;4A;ABNT_TR_15220-3-1_2024;-22.11;-56.53;194;24.4;72;4870;3.7;10.5;;
5002159;Bodoquena;MS;4A;ABNT_TR_15220-3-1_2024;-20.54;-56.71;230;24.5;71;4938;3.3;10.7;;
5002209;Bonito;MS;4A;ABNT_TR_15220-3-1_2024;-21.13;-56.48;303;24.0;71;4925;3.2;10.8;;
5002308;Brasilândia;MS;4B;ABNT_TR_15220-3-1_2024;-21.25;-52.04;351;24.9;66;5118;3.7;11.5;;
5002407;Caarapó;MS;4B;ABNT_TR_15220-3-1_2024;-22.64;-54.82;473;23.0;69;4880;3.9;11.2;;
5002605;Camapuã;MS;4B;ABNT_TR_15220-3-1_2024;-19.53;-54.04;406;24.8;69;5150;3.7;11.5;;
5002704;Campo Grande;MS;4B;ABNT_TR_15220-3-1_2024;-20.45;-54.63;569;23.7;67;5253;4.0;10.1;;
5002803;Caracol;MS;4A;ABNT_TR_15220-3-1_2024;-22.01;-57.03;218;24.4;72;4873;4.1;10.7;;
5002902;Cassilândia;MS;4B;ABNT_TR_15220-3-1_2024;-19.12;-51.73;463;24.4;65;5456;1.3;13.0;;
5002951;Chapadão do Sul;MS;4B;ABNT_TR_15220-3-1_2024;-18.79;-52.63;802;23.1;67;5073;3.1;12.2;;
5003108;Corguinho;MS;5A;ABNT_TR_15220-3-1_2024;-19.82;-54.83;291;25.2;70;5081;3.7;11.3;;
5003157;Coronel Sapucaia;MS;3B;ABNT_TR_15220-3-1_2024;-23.27;-55.53;510;22.5;70;4808;4.0;10.3;;
5003207;Corumbá;MS;5A;ABNT_TR_15220-3-1_2024;-19.01;-57.65;153;25.6;73;5326;1.4;11.9;;
5003256;Costa Rica;MS;4B;ABNT_TR_15220-3-1_2024;-18.54;-53.13;649;23.6;68;5099;3.5;12.1;;
5003306;Coxim;MS;5A;ABNT_TR_15220-3-1_2024;-18.50;-54.75;222;25.9;71;5166;3.0;12.0;;
5003454;Deodápolis;MS;4B;ABNT_TR_15220-3-1_2024;-22.28;-54.17;399;23.7;68;4979;4.0;11.5;;
5003488;Dois Irmãos do Buriti;MS;4B;ABNT_TR_15220-3-1_2024;-20.68;-55.29;306;24.8;68;5040;3.7;11.0;;
5003504;Douradina;MS;4B;ABNT_TR_15220-3-1_2024;-22.04;-54.62;352;24.3;68;4956;3.8;11.5;;
5003702;Dourados;MS;4B;ABNT_TR_15220-3-1_2024;-22.22;-54.81;449;23.3;67;5369;2.1;11.5;;
5003751;Eldorado;MS;3B;ABNT_TR_15220-3-1_2024;-23.79;-54.28;345;22.7;71;4848;3.6;10.7;;
5003801;Fátima do Sul;MS;4B;ABNT_TR_15220-3-1_2024;-22.38;-54.51;337;23.8;69;4916;3.8;11.5;;
5003900;Figueirão;MS;4B;ABNT_TR_15220-3-1_2024;-18.68;-53.64;395;24.8;69;5233;3.6;12.0;;
5004007;Glória de Dourados;MS;4B;ABNT_TR_15220-3-1_2024;-22.41;-54.23;402;23.5;69;4969;4.0;11.5;;
5004106;Guia Lopes da Laguna;MS;4A;ABNT_TR_15220-3-1_2024;-21.46;-56.11;247;24.4;71;4956;3.4;10.8;;
5004304;Iguatemi;MS;3B;ABNT_TR_15220-3-1_2024;-23.67;-54.56;343;22.8;71;4820;3.5;10.7;;
5004403;Inocência;MS;4B;ABNT_TR_15220-3-1_2024;-19.73;-51.93;509;24.5;65;5169;3.6;12.4;;
5004502;Itaporã;MS;4B;ABNT_TR_15220-3-1_2024;-22.08;-54.79;349;23.7;68;4927;3.8;11.5;;
5004601;Itaquiraí;MS;3B;ABNT_TR_15220-3-1_2024;-23.48;-54.19;348;22.8;70;4863;3.5;10.9;;
5004700;Ivinhema;MS;4B;ABNT_TR_15220-3-1_2024;-22.30;-53.82;365;23.9;69;4957;3.4;11.4;;
5004809;Japorã;MS;3B;ABNT_TR_15220-3-1_2024;-23.89;-54.41;361;22.6;71;4827;3.7;10.7;;
5004908;Jaraguari;MS;4B;ABNT_TR_15220-3-1_2024;-20.14;-54.40;610;23.8;67;5050;4.2;11.3;;
5005004;Jardim;MS;4A;ABNT_TR_15220-3-1_2024;-21.48;-56.15;275;24.4;71;4956;3.6;10.8;;
5005103;Jateí;MS;4B;ABNT_TR_15220-3-1_2024;-22.48;-54.31;394;23.3;69;4950;3.8;11.5;;
5005152;Juti;MS;4B;ABNT_TR_15220-3-1_2024;-22.86;-54.61;377;23.4;69;5246;1.9;11.5;;
5005202;Ladário;MS;5A;ABNT_TR_15220-3-1_2024;-19.01;-57.60;115;26.2;73;4988;3.2;11.0;;
5005251;Laguna Carapã;MS;4B;ABNT_TR_15220-3-1_2024;-22.54;-55.15;492;22.9;70;4850;4.0;10.9;;
5005400;Maracaju;MS;4B;ABNT_TR_15220-3-1_2024;-21.61;-55.17;374;23.7;68;4927;3.7;11.2;;
5005608;Miranda;MS;5A;ABNT_TR_15220-3-1_2024;-20.24;-56.37;124;25.5;72;5007;3.2;10.6;;
5005681;Mundo Novo;MS;3B;ABNT_TR_15220-3-1_2024;-23.94;-54.28;312;22.7;71;4836;3.3;10.7;;
5005707;Naviraí;MS;4B;ABNT_TR_15220-3-1_2024;-23.06;-54.20;355;23.1;70;4867;3.6;10.9;;
5005806;Nioaque;MS;5A;ABNT_TR_15220-3-1_2024;-21.14;-55.83;204;25.1;70;5000;3.4;10.9;;
5006002;Nova Alvorada do Sul;MS;4B;ABNT_TR_15220-3-1_2024;-21.47;-54.38;420;24.4;67;4952;3.6;11.3;;
5006200;Nova Andradina;MS;4B;ABNT_TR_15220-3-1_2024;-22.24;-53.34;399;24.0;69;4968;3.8;11.0;;
5006259;Novo Horizonte do Sul;MS;4B;ABNT_TR_15220-3-1_2024;-22.67;-53.86;316;23.4;70;4942;3.8;11.0;;
5006275;Paraíso das Águas;MS;4B;ABNT_TR_15220-3-1_2024;-19.02;-53.01;606;23.8;67;5155;3.1;12.0;;
5006309;Paranaíba;MS;4B;ABNT_TR_15220-3-1_2024;-19.67;-51.19;388;24.9;65;5230;3.1;12.6;;
5006358;Paranhos;MS;3B;ABNT_TR_15220-3-1_2024;-23.89;-55.43;419;22.6;71;4793;3.8;10.5;;
5006408;Pedro Gomes;MS;5A;ABNT_TR_15220-3-1_2024;-18.10;-54.55;272;25.9;70;5167;3.0;12.1;;
5006606;Ponta Porã;MS;3B;ABNT_TR_15220-3-1_2024;-22.53;-55.72;645;22.3;68;5218;1.3;10.5;;
5006903;Porto Murtinho;MS;5A;ABNT_TR_15220-3-1_2024;-21.70;-57.88;80;25.6;73;4934;4.0;11.0;;
5007109;Ribas do Rio Pardo;MS;4B;ABNT_TR_15220-3-1_2024;-20.44;-53.76;385;24.4;68;5044;2.8;11.5;;
5007208;Rio Brilhante;MS;4B;ABNT_TR_15220-3-1_2024;-21.80;-54.54;319;23.6;65;5420;1.7;13.2;;
5007307;Rio Negro;MS;5A;ABNT_TR_15220-3-1_2024;-19.45;-54.99;252;25.8;70;5096;3.4;11.6;;
5007406;Rio Verde de Mato Grosso;MS;5A;ABNT_TR_15220-3-1_2024;-18.92;-54.84;353;25.1;70;5109;3.7;12.0;;
5007505;Rochedo;MS;5A;ABNT_TR_15220-3-1_2024;-19.96;-54.88;285;25.5;69;5061;3.5;11.3;;
5007554;Santa Rita do Pardo;MS;4B;ABNT_TR_15220-3-1_2024;-21.30;-52.83;357;24.4;68;5073;3.5;11.4;;
5007695;São Gabriel do Oeste;MS;4B;ABNT_TR_15220-3-1_2024;-19.39;-54.55;623;23.4;69;5298;1.6;10.7;;
5007703;Sete Quedas;MS;3B;ABNT_TR_15220-3-1_2024;-23.97;-55.04;405;22.1;71;5108;1.6;10.9;;
5007802;Selvíria;MS;5B;ABNT_TR_15220-3-1_2024;-20.36;-51.42;360;25.2;65;5169;3.5;12.4;;
5007901;Sidrolândia;MS;4B;ABNT_TR_15220-3-1_2024;-20.93;-54.97;489;24.0;65;5404;2.2;11.6;;
5007935;Sonora;MS;5B;ABNT_TR_15220-3-1_2024;-17.57;-54.76;432;25.2;68;5051;3.6;12.1;;
5007950;Tacuru;MS;3B;ABNT_TR_15220-3-1_2024;-23.64;-55.01;389;22.5;71;4799;3.5;10.5;;
5007976;Taquarussu;MS;4B;ABNT_TR_15220-3-1_2024;-22.49;-53.35;267;24.2;69;4991;3.2;11.0;;
5008008;Terenos;MS;5B;ABNT_TR_15220-3-1_2024;-20.44;-54.86;415;25.1;68;5064;4.3;11.1;;
5008305;Três Lagoas;MS;5B;ABNT_TR_15220-3-1_2024;-20.78;-51.70;327;25.4;65;5361;1.6;11.6;;
5008404;Vicentina;MS;4B;ABNT_TR_15220-3-1_2024;-22.41;-54.44;363;23.6;69;4945;3.9;11.5;;
5100102;Acorizal;MT;5A;ABNT_TR_15220-3-1_2024;-15.19;-56.36;180;26.6;69;5138;3.0;12.3;;
5100201;Água Boa;MT;5B;ABNT_TR_15220-3-1_2024;-14.05;-52.16;452;26.3;66;5266;3.0;12.5;;
5100250;Alta Floresta;MT;5A;ABNT_TR_15220-3-1_2024;-9.87;-56.09;285;25.5;79;5233;1.4;11.3;;
5100300;Alto Araguaia;MT;4B;ABNT_TR_15220-3-1_2024;-17.32;-53.22;674;23.5;68;5154;3.1;12.3;;
5100359;Alto Boa Vista;MT;6B;ABNT_TR_15220-3-1_2024;-11.67;-51.39;238;27.4;58;5147;2.9;12.5;;
5100409;Alto Garças;MT;4B;ABNT_TR_15220-3-1_2024;-16.95;-53.53;778;23.5;66;5146;3.5;12.4;;
5100508;Alto Paraguai;MT;5A;ABNT_TR_15220-3-1_2024;-14.51;-56.48;227;25.8;71;5073;3.1;12.7;;
5100607;Alto Taquari;MT;3B;ABNT_TR_15220-3-1_2024;-17.82;-53.28;883;22.5;68;5307;2.2;11.5;;
5100805;Apiacás;MT;5A;ABNT_TR_15220-3-1_2024;-9.54;-57.46;249;26.3;76;5051;0.8;11.1;;
5101001;Araguaiana;MT;5B;ABNT_TR_15220-3-1_2024;-15.73;-51.83;308;26.6;66;5262;2.7;12.1;;
5101209;Araguainha;MT;4B;ABNT_TR_15220-3-1_2024;-16.86;-53.03;477;24.9;66;5236;2.7;12.3;;
5101258;Araputanga;MT;5A;ABNT_TR_15220-3-1_2024;-15.46;-58.34;221;26.1;73;4893;3.1;12.7;;
5101308;Arenápolis;MT;5A;ABNT_TR_15220-3-1_2024;-14.45;-56.84;322;25.9;70;5040;2.4;12.9;;
5101407;Aripuanã;MT;5A;ABNT_TR_15220-3-1_2024;-10.17;-59.46;226;25.8;78;4677;1.8;11.8;;
5101605;Barão de Melgaço;MT;6A;ABNT_TR_15220-3-1_2024;-16.21;-55.96;130;27.0;70;5175;2.9;12.0;;
5101704;Barra do Bugres;MT;5A;ABNT_TR_15220-3-1_2024;-15.07;-57.19;182;26.3;74;5063;3.1;12.6;;
5101803;Barra do Garças;MT;5B;ABNT_TR_15220-3-1_2024;-15.88;-52.26;359;26.2;66;5256;2.5;12.2;;
5101837;Boa Esperança do Norte;MT;5B;HERANCA_MUNICIPIO_DE_ORIGEM;;;;;;;;;;"município não consta do ABNT TR 15220-3-1:2024; zona herdada dos municípios de origem (5107925, 5106240), que concordam — ADR-030"
5101852;Bom Jesus do Araguaia;MT;5B;ABNT_TR_15220-3-1_2024;-12.17;-51.50;268;26.8;60;5163;2.4;12.5;;
5101902;Brasnorte;MT;5A;ABNT_TR_15220-3-1_2024;-12.15;-57.98;307;25.4;75;5174;1.2;9.9;;
5102504;Cáceres;MT;5A;ABNT_TR_15220-3-1_2024;-16.08;-57.68;124;26.9;73;5063;3.3;12.4;;
5102603;Campinápolis;MT;5B;ABNT_TR_15220-3-1_2024;-14.52;-52.89;432;25.5;66;5295;3.4;12.5;;
5102637;Campo Novo do Parecis;MT;4B;ABNT_TR_15220-3-1_2024;-13.66;-57.89;570;24.5;60;5343;1.7;10.9;;
5102678;Campo Verde;MT;4B;ABNT_TR_15220-3-1_2024;-15.54;-55.16;753;23.8;69;5444;2.6;9.9;;
5102686;Campos de Júlio;MT;4A;ABNT_TR_15220-3-1_2024;-13.72;-59.29;639;23.9;77;4762;3.0;12.9;;
5102694;Canabrava do Norte;MT;6B;ABNT_TR_15220-3-1_2024;-11.06;-51.82;202;27.0;64;5144;2.3;12.6;;
5102702;Canarana;MT;5B;ABNT_TR_15220-3-1_2024;-13.55;-52.27;425;26.3;66;5233;2.9;12.5;;
5102793;Carlinda;MT;5A;ABNT_TR_15220-3-1_2024;-9.95;-55.84;268;25.4;75;5225;1.0;9.8;;
5102850;Castanheira;MT;5A;ABNT_TR_15220-3-1_2024;-11.13;-58.61;307;25.6;77;4786;2.2;12.3;;
5103007;Chapada dos Guimarães;MT;5B;ABNT_TR_15220-3-1_2024;-15.46;-55.75;827;25.1;65;4962;2.8;12.5;;
5103056;Cláudia;MT;5A;ABNT_TR_15220-3-1_2024;-11.51;-54.88;358;25.6;70;5011;2.3;13.0;;
5103106;Cocalinho;MT;6A;ABNT_TR_15220-3-1_2024;-14.39;-51.00;246;27.2;67;5280;2.7;12.2;;
5103205;Colíder;MT;5A;ABNT_TR_15220-3-1_2024;-10.81;-55.46;303;26.0;73;4984;2.8;12.8;;
5103254;Colniza;MT;5A;ABNT_TR_15220-3-1_2024;-9.46;-59.23;129;26.3;78;4612;2.0;11.3;;
5103304;Comodoro;MT;4A;ABNT_TR_15220-3-1_2024;-13.66;-59.78;601;23.1;80;5019;1.2;10.7;;
5103353;Confresa;MT;5B;ABNT_TR_15220-3-1_2024;-10.64;-51.57;238;26.6;65;5013;2.4;12.6;;
5103361;Conquista D'Oeste;MT;4A;ABNT_TR_15220-3-1_2024;-14.54;-59.54;283;24.7;77;4893;2.9;12.8;;
5103379;Cotriguaçu;MT;5A;ABNT_TR_15220-3-1_2024;-9.86;-58.42;265;25.7;80;5076;1.3;10.2;;
5103403;Cuiabá;MT;5B;ABNT_TR_15220-3-1_2024;-15.60;-56.10;169;26.7;67;5325;2.5;11.0;;
5103437;Curvelândia;MT;5A;ABNT_TR_15220-3-1_2024;-15.61;-57.91;176;26.4;73;4951;3.0;12.5;;
5103452;Denise;MT;5A;ABNT_TR_15220-3-1_2024;-14.73;-57.06;217;26.5;71;4978;2.7;12.8;;
5103502;Diamantino;MT;5A;ABNT_TR_15220-3-1_2024;-14.40;-56.44;292;25.4;70;5052;3.0;12.9;;
5103601;Dom Aquino;MT;5A;ABNT_TR_15220-3-1_2024;-15.81;-54.92;336;25.5;69;5106;3.0;12.4;;
5103700;Feliz Natal;MT;5A;ABNT_TR_15220-3-1_2024;-12.38;-54.92;360;25.4;69;5083;2.8;13.0;;
5103809;Figueirópolis D'Oeste;MT;5A;ABNT_TR_15220-3-1_2024;-15.44;-58.74;255;25.6;73;4871;3.1;12.9;;
5103858;Gaúcha do Norte;MT;5B;ABNT_TR_15220-3-1_2024;-13.24;-53.08;409;26.3;66;5379;1.1;11.5;;
5103908;General Carneiro;MT;5B;ABNT_TR_15220-3-1_2024;-15.71;-52.76;345;25.9;67;5269;2.5;12.3;;
5103957;Glória D'Oeste;MT;5A;ABNT_TR_15220-3-1_2024;-15.77;-58.31;190;26.4;73;4975;3.3;12.6;;
5104104;Guarantã do Norte;MT;5A;ABNT_TR_15220-3-1_2024;-9.96;-54.91;283;26.2;74;4884;2.4;12.6;;
5104203;Guiratinga;MT;5B;ABNT_TR_15220-3-1_2024;-16.35;-53.76;478;26.0;65;5465;0.4;11.4;;
5104500;Indiavaí;MT;5A;ABNT_TR_15220-3-1_2024;-15.49;-58.58;196;26.0;73;4886;2.9;12.9;;
5104526;Ipiranga do Norte;MT;5A;ABNT_TR_15220-3-1_2024;-12.24;-56.15;391;25.3;69;4963;2.7;13.3;;
5104542;Itanhangá;MT;5A;ABNT_TR_15220-3-1_2024;-12.23;-56.65;348;25.6;71;4972;2.4;13.2;;
5104559;Itaúba;MT;5A;ABNT_TR_15220-3-1_2024;-11.06;-55.28;276;25.8;72;4958;2.4;12.9;;
5104609;Itiquira;MT;4B;ABNT_TR_15220-3-1_2024;-17.21;-54.14;527;24.2;66;5168;3.6;12.3;;
5104807;Jaciara;MT;5B;ABNT_TR_15220-3-1_2024;-15.95;-54.97;375;25.7;68;5128;2.8;12.4;;
5104906;Jangada;MT;5A;ABNT_TR_15220-3-1_2024;-15.24;-56.49;218;26.5;69;5129;3.1;12.3;;
5105002;Jauru;MT;4A;ABNT_TR_15220-3-1_2024;-15.33;-58.87;380;24.6;72;4877;3.1;12.9;;
5105101;Juara;MT;5A;ABNT_TR_15220-3-1_2024;-11.26;-57.52;256;26.0;75;5240;1.0;10.9;;
5105150;Juína;MT;5A;ABNT_TR_15220-3-1_2024;-11.37;-58.75;360;25.1;77;5100;1.0;9.7;;
5105176;Juruena;MT;5A;ABNT_TR_15220-3-1_2024;-10.32;-58.36;205;26.3;78;4743;2.0;12.0;;
5105200;Juscimeira;MT;5A;ABNT_TR_15220-3-1_2024;-16.06;-54.89;270;26.0;69;5157;2.9;12.2;;
5105234;Lambari D'Oeste;MT;5A;ABNT_TR_15220-3-1_2024;-15.32;-58.00;189;26.1;74;4876;2.7;12.7;;
5105259;Lucas do Rio Verde;MT;5B;ABNT_TR_15220-3-1_2024;-13.06;-55.90;376;25.6;68;5009;2.9;13.0;;
5105309;Luciara;MT;6B;ABNT_TR_15220-3-1_2024;-11.22;-50.67;193;27.8;58;5180;2.5;12.4;;
5105507;Vila Bela da Santíssima Trindade;MT;4A;ABNT_TR_15220-3-1_2024;-15.01;-59.95;200;24.6;76;4893;2.4;12.7;;
5105580;Marcelândia;MT;5A;ABNT_TR_15220-3-1_2024;-11.05;-54.44;311;25.7;71;5001;1.9;12.8;;
5105606;Matupá;MT;5A;ABNT_TR_15220-3-1_2024;-10.18;-54.95;289;26.1;74;4929;2.0;12.7;;
5105622;Mirassol d'Oeste;MT;5A;ABNT_TR_15220-3-1_2024;-15.68;-58.10;249;26.1;73;4940;3.5;12.6;;
5105903;Nobres;MT;5A;ABNT_TR_15220-3-1_2024;-14.72;-56.33;201;25.9;71;5064;3.0;12.7;;
5106000;Nortelândia;MT;5A;ABNT_TR_15220-3-1_2024;-14.45;-56.79;221;26.2;71;5035;2.4;12.9;;
5106109;Nossa Senhora do Livramento;MT;5B;ABNT_TR_15220-3-1_2024;-15.77;-56.34;222;26.4;68;5099;3.1;12.1;;
5106158;Nova Bandeirantes;MT;5A;ABNT_TR_15220-3-1_2024;-9.85;-57.81;239;26.1;77;4721;2.0;12.0;;
5106174;Nova Nazaré;MT;6A;ABNT_TR_15220-3-1_2024;-13.95;-51.80;243;27.2;68;5275;2.3;12.4;;
5106182;Nova Lacerda;MT;5A;ABNT_TR_15220-3-1_2024;-14.47;-59.60;229;25.7;78;4932;2.7;12.8;;
5106190;Nova Santa Helena;MT;5A;ABNT_TR_15220-3-1_2024;-10.87;-55.19;368;25.3;72;4939;2.6;12.8;;
5106208;Nova Brasilândia;MT;4B;ABNT_TR_15220-3-1_2024;-14.96;-54.97;525;24.1;67;5141;3.3;12.8;;
5106216;Nova Canaã do Norte;MT;5A;ABNT_TR_15220-3-1_2024;-10.56;-55.95;265;26.1;75;4908;2.2;12.7;;
5106224;Nova Mutum;MT;4B;ABNT_TR_15220-3-1_2024;-13.84;-56.07;449;24.9;69;5042;3.3;13.0;;
5106232;Nova Olímpia;MT;5A;ABNT_TR_15220-3-1_2024;-14.79;-57.29;213;26.6;71;4968;2.7;12.8;;
5106240;Nova Ubiratã;MT;5B;ABNT_TR_15220-3-1_2024;-12.98;-55.26;437;25.3;68;5060;2.8;13.1;;
5106257;Nova Xavantina;MT;5B;ABNT_TR_15220-3-1_2024;-14.68;-52.35;288;26.5;67;5306;2.5;12.3;;
5106265;Novo Mundo;MT;5A;ABNT_TR_15220-3-1_2024;-9.96;-55.20;299;26.0;75;4898;2.1;12.6;;
5106273;Novo Horizonte do Norte;MT;5A;ABNT_TR_15220-3-1_2024;-11.41;-57.35;289;26.3;75;4881;2.2;12.7;;
5106281;Novo São Joaquim;MT;5B;ABNT_TR_15220-3-1_2024;-14.91;-53.02;363;25.8;67;5285;2.8;12.6;;
5106299;Paranaíta;MT;5A;ABNT_TR_15220-3-1_2024;-9.66;-56.48;262;26.0;77;4807;1.8;12.3;;
5106307;Paranatinga;MT;5B;ABNT_TR_15220-3-1_2024;-14.43;-54.05;469;25.1;67;5176;3.0;12.8;;
5106315;Novo Santo Antônio;MT;6B;ABNT_TR_15220-3-1_2024;-12.29;-50.97;208;27.6;59;5272;2.7;12.3;;
5106372;Pedra Preta;MT;5B;ABNT_TR_15220-3-1_2024;-16.62;-54.47;246;25.9;68;5262;3.1;12.3;;
5106422;Peixoto de Azevedo;MT;5A;ABNT_TR_15220-3-1_2024;-10.23;-54.98;259;26.1;74;4929;2.1;12.7;;
5106455;Planalto da Serra;MT;5B;ABNT_TR_15220-3-1_2024;-14.65;-54.78;514;25.1;67;5178;3.2;12.8;;
5106505;Poconé;MT;5A;ABNT_TR_15220-3-1_2024;-16.27;-56.63;157;26.8;70;5061;3.2;12.1;;
5106653;Pontal do Araguaia;MT;5B;ABNT_TR_15220-3-1_2024;-15.93;-52.33;384;26.2;66;5281;2.6;12.2;;
5106703;Ponte Branca;MT;4B;ABNT_TR_15220-3-1_2024;-16.76;-52.84;453;24.8;66;5243;2.6;12.2;;
5106752;Pontes e Lacerda;MT;4A;ABNT_TR_15220-3-1_2024;-15.22;-59.34;237;24.9;74;4938;3.0;12.8;;
5106778;Porto Alegre do Norte;MT;6B;ABNT_TR_15220-3-1_2024;-10.88;-51.64;202;27.2;63;5058;2.4;12.6;;
5106802;Porto dos Gaúchos;MT;5A;ABNT_TR_15220-3-1_2024;-11.53;-57.41;259;26.4;75;4873;1.9;12.9;;
5106828;Porto Esperidião;MT;5A;ABNT_TR_15220-3-1_2024;-15.86;-58.46;161;26.4;73;4977;3.3;12.6;;
5106851;Porto Estrela;MT;5A;ABNT_TR_15220-3-1_2024;-15.32;-57.22;149;26.0;76;5346;1.1;11.2;;
5107008;Poxoréu;MT;5B;ABNT_TR_15220-3-1_2024;-15.83;-54.42;387;25.6;67;5095;3.3;12.4;;
5107040;Primavera do Leste;MT;4B;ABNT_TR_15220-3-1_2024;-15.54;-54.28;635;24.5;66;5118;3.4;12.4;;
5107065;Querência;MT;5B;ABNT_TR_15220-3-1_2024;-12.61;-52.18;346;25.9;66;5146;2.1;12.5;;
5107107;São José dos Quatro Marcos;MT;5A;ABNT_TR_15220-3-1_2024;-15.63;-58.18;234;26.4;73;4934;3.3;12.6;;
5107156;Reserva do Cabaçal;MT;4A;ABNT_TR_15220-3-1_2024;-15.07;-58.46;463;24.5;72;4716;2.8;12.7;;
5107180;Ribeirão Cascalheira;MT;5B;ABNT_TR_15220-3-1_2024;-12.94;-51.82;388;26.5;65;5194;2.6;12.5;;
5107198;Ribeirãozinho;MT;5B;ABNT_TR_15220-3-1_2024;-16.49;-52.69;493;25.2;65;5262;2.6;12.2;;
5107206;Rio Branco;MT;5A;ABNT_TR_15220-3-1_2024;-15.25;-58.13;210;25.3;74;4789;2.8;12.7;;
5107248;Santa Carmem;MT;5A;ABNT_TR_15220-3-1_2024;-11.91;-55.23;366;25.6;70;5037;2.7;13.0;;
5107263;Santo Afonso;MT;5A;ABNT_TR_15220-3-1_2024;-14.49;-57.01;412;25.6;69;4999;3.1;13.0;;
5107297;São José do Povo;MT;5B;ABNT_TR_15220-3-1_2024;-16.45;-54.25;276;26.2;67;5286;3.2;12.3;;
5107305;São José do Rio Claro;MT;5A;ABNT_TR_15220-3-1_2024;-13.44;-56.72;347;25.3;71;5062;2.6;13.1;;
5107354;São José do Xingu;MT;5B;ABNT_TR_15220-3-1_2024;-10.80;-52.75;336;26.2;67;5055;2.2;12.7;;
5107404;São Pedro da Cipa;MT;5A;ABNT_TR_15220-3-1_2024;-16.01;-54.92;275;26.0;69;5128;2.9;12.2;;
5107578;Rondolândia;MT;5A;ABNT_TR_15220-3-1_2024;-10.84;-61.47;219;25.6;76;4594;2.5;11.4;;
5107602;Rondonópolis;MT;5B;ABNT_TR_15220-3-1_2024;-16.47;-54.64;239;26.3;68;5168;2.9;12.2;;
5107701;Rosário Oeste;MT;5A;ABNT_TR_15220-3-1_2024;-14.83;-56.42;203;26.3;71;5050;3.0;12.7;;
5107743;Santa Cruz do Xingu;MT;5B;ABNT_TR_15220-3-1_2024;-10.15;-52.40;358;26.2;67;4971;1.7;12.6;;
5107750;Salto do Céu;MT;5A;ABNT_TR_15220-3-1_2024;-15.13;-58.13;331;25.0;74;5227;1.3;11.7;;
5107768;Santa Rita do Trivelato;MT;4B;ABNT_TR_15220-3-1_2024;-13.81;-55.27;505;24.9;67;5092;3.1;12.9;;
5107776;Santa Terezinha;MT;6A;ABNT_TR_15220-3-1_2024;-10.47;-50.51;197;27.5;67;5116;2.5;12.5;;
5107792;Santo Antônio do Leste;MT;4B;ABNT_TR_15220-3-1_2024;-14.80;-53.61;642;24.6;65;5196;3.5;12.6;;
5107800;Santo Antônio de Leverger;MT;5B;ABNT_TR_15220-3-1_2024;-15.86;-56.08;155;26.8;68;5148;3.1;12.1;Santo Antônio do Leverger;grafia divergente na ABNT
5107859;São Félix do Araguaia;MT;6B;ABNT_TR_15220-3-1_2024;-11.62;-50.67;209;27.3;57;5438;1.4;11.0;;
5107875;Sapezal;MT;5A;ABNT_TR_15220-3-1_2024;-12.99;-58.76;381;25.2;74;4826;3.1;12.7;;
5107883;Serra Nova Dourada;MT;5B;ABNT_TR_15220-3-1_2024;-12.09;-51.40;296;26.9;59;5164;2.8;12.4;;
5107909;Sinop;MT;5A;ABNT_TR_15220-3-1_2024;-11.86;-55.51;377;25.7;72;5321;1.7;11.5;;
5107925;Sorriso;MT;5B;ABNT_TR_15220-3-1_2024;-12.54;-55.72;373;26.1;68;5367;1.3;11.0;;
5107941;Tabaporã;MT;5A;ABNT_TR_15220-3-1_2024;-11.30;-56.83;352;25.8;74;4867;2.2;13.0;;
5107958;Tangará da Serra;MT;5A;ABNT_TR_15220-3-1_2024;-14.62;-57.49;401;25.0;71;5410;1.7;10.6;;
5108006;Tapurah;MT;5A;ABNT_TR_15220-3-1_2024;-12.70;-56.52;379;25.4;71;5019;2.7;13.2;;
5108055;Terra Nova do Norte;MT;5A;ABNT_TR_15220-3-1_2024;-10.52;-55.23;313;26.2;74;4994;2.7;12.8;;
5108105;Tesouro;MT;5B;ABNT_TR_15220-3-1_2024;-16.08;-53.56;431;25.2;65;5248;3.0;12.4;;
5108204;Torixoréu;MT;5B;ABNT_TR_15220-3-1_2024;-16.20;-52.56;356;26.3;66;5276;2.8;12.2;;
5108303;União do Sul;MT;5A;ABNT_TR_15220-3-1_2024;-11.53;-54.36;330;25.6;70;5046;2.0;12.8;;
5108352;Vale de São Domingos;MT;4A;ABNT_TR_15220-3-1_2024;-15.29;-59.07;291;24.9;73;4930;2.9;12.8;;
5108402;Várzea Grande;MT;5B;ABNT_TR_15220-3-1_2024;-15.65;-56.13;189;26.7;67;5325;2.5;11.0;;
5108501;Vera;MT;5A;ABNT_TR_15220-3-1_2024;-12.30;-55.30;365;25.5;69;5032;2.7;13.1;;
5108600;Vila Rica;MT;5B;ABNT_TR_15220-3-1_2024;-10.01;-51.12;262;26.3;68;5040;2.4;12.6;;
5108808;Nova Guarita;MT;5A;ABNT_TR_15220-3-1_2024;-10.31;-55.41;300;26.2;75;4950;2.1;12.6;;
5108857;Nova Marilândia;MT;5A;ABNT_TR_15220-3-1_2024;-14.36;-56.97;333;25.6;70;5026;3.1;12.9;;
5108907;Nova Maringá;MT;5A;ABNT_TR_15220-3-1_2024;-13.01;-57.09;334;25.2;73;5207;0.5;11.6;;
5108956;Nova Monte Verde;MT;5A;ABNT_TR_15220-3-1_2024;-10.00;-57.53;273;26.2;77;4765;2.0;12.0;;
5200050;Abadia de Goiás;GO;4B;ABNT_TR_15220-3-1_2024;-16.76;-49.44;895;23.4;65;5256;3.6;12.1;;
5200100;Abadiânia;GO;3B;ABNT_TR_15220-3-1_2024;-16.20;-48.71;1067;22.5;64;5265;3.5;11.7;;
5200134;Acreúna;GO;5B;ABNT_TR_15220-3-1_2024;-17.40;-50.37;543;25.0;62;5267;3.1;12.1;;
5200159;Adelândia;GO;4B;ABNT_TR_15220-3-1_2024;-16.41;-50.17;656;24.5;63;5273;3.5;12.2;;
5200175;Água Fria de Goiás;GO;4B;ABNT_TR_15220-3-1_2024;-14.98;-47.78;877;23.5;65;5384;3.9;11.0;;
5200209;Água Limpa;GO;4B;ABNT_TR_15220-3-1_2024;-18.08;-48.76;695;24.4;65;5278;3.4;12.0;;
5200258;Águas Lindas de Goiás;GO;3B;ABNT_TR_15220-3-1_2024;-15.76;-48.28;1080;22.4;65;5252;3.7;11.2;;
5200308;Alexânia;GO;3B;ABNT_TR_15220-3-1_2024;-16.08;-48.51;1090;22.4;64;5246;3.3;11.7;;
5200506;Aloândia;GO;4B;ABNT_TR_15220-3-1_2024;-17.73;-49.48;590;24.3;65;5285;3.6;12.1;;
5200555;Alto Horizonte;GO;5B;ABNT_TR_15220-3-1_2024;-14.20;-49.34;402;26.6;65;5359;3.4;11.9;;
5200605;Alto Paraíso de Goiás;GO;2M;ABNT_TR_15220-3-1_2024;-14.13;-47.51;1177;20.8;52;5676;1.9;9.8;;
5200803;Alvorada do Norte;GO;5B;ABNT_TR_15220-3-1_2024;-14.48;-46.49;509;25.1;59;5621;3.5;10.3;;
5200829;Amaralina;GO;5B;ABNT_TR_15220-3-1_2024;-13.92;-49.30;498;26.4;64;5323;3.7;11.9;;
5200852;Americano do Brasil;GO;4B;ABNT_TR_15220-3-1_2024;-16.25;-49.98;895;23.6;64;5237;3.7;12.2;;
5200902;Amorinópolis;GO;4B;ABNT_TR_15220-3-1_2024;-16.62;-51.09;601;24.6;64;5269;3.3;12.1;;
5201108;Anápolis;GO;3B;ABNT_TR_15220-3-1_2024;-16.33;-48.95;1007;22.1;65;5491;2.7;10.3;;
5201207;Anhanguera;GO;4B;ABNT_TR_15220-3-1_2024;-18.33;-48.22;542;24.3;64;5317;3.2;11.6;;
5201306;Anicuns;GO;4B;ABNT_TR_15220-3-1_2024;-16.46;-49.96;716;24.1;64;5277;3.6;12.2;;
5201405;Aparecida de Goiânia;GO;4B;ABNT_TR_15220-3-1_2024;-16.82;-49.25;820;23.7;65;5256;3.3;12.1;;
5201454;Aparecida do Rio Doce;GO;4B;ABNT_TR_15220-3-1_2024;-18.29;-51.15;582;24.2;65;5190;3.3;12.1;;
5201504;Aporé;GO;4B;ABNT_TR_15220-3-1_2024;-18.96;-51.92;549;24.2;65;5183;2.9;12.3;;
5201603;Araçu;GO;4B;ABNT_TR_15220-3-1_2024;-16.36;-49.68;739;24.1;65;5267;3.7;12.2;;
5201702;Aragarças;GO;5B;ABNT_TR_15220-3-1_2024;-15.90;-52.24;310;26.2;66;5256;2.5;12.2;;
5201801;Aragoiânia;GO;4B;ABNT_TR_15220-3-1_2024;-16.91;-49.45;863;23.6;65;5249;3.5;12.1;;
5202155;Araguapaz;GO;5B;ABNT_TR_15220-3-1_2024;-15.09;-50.63;306;26.9;67;5284;3.4;12.1;;
5202353;Arenópolis;GO;5B;ABNT_TR_15220-3-1_2024;-16.38;-51.56;418;25.1;65;5282;3.1;12.2;;
5202502;Aruanã;GO;6A;ABNT_TR_15220-3-1_2024;-14.92;-51.08;263;27.2;67;5314;2.8;12.2;;
5202601;Aurilândia;GO;4B;ABNT_TR_15220-3-1_2024;-16.68;-50.46;497;24.5;62;5332;3.4;12.2;;
5202809;Avelinópolis;GO;4B;ABNT_TR_15220-3-1_2024;-16.47;-49.76;738;24.4;65;5271;3.2;12.2;;
5203104;Baliza;GO;5B;ABNT_TR_15220-3-1_2024;-16.20;-52.54;383;26.4;66;5276;2.8;12.2;;
5203203;Barro Alto;GO;4B;ABNT_TR_15220-3-1_2024;-14.97;-48.91;619;24.7;61;5273;3.2;11.5;;
5203302;Bela Vista de Goiás;GO;4B;ABNT_TR_15220-3-1_2024;-16.97;-48.95;815;23.8;65;5291;3.8;11.9;;
5203401;Bom Jardim de Goiás;GO;5B;ABNT_TR_15220-3-1_2024;-16.21;-52.17;401;25.8;66;5251;2.8;12.2;;
5203500;Bom Jesus de Goiás;GO;4B;ABNT_TR_15220-3-1_2024;-18.22;-49.74;626;24.6;64;5207;3.6;12.2;;
5203559;Bonfinópolis;GO;4B;ABNT_TR_15220-3-1_2024;-16.62;-48.96;938;22.9;65;5245;3.5;11.9;;
5203575;Bonópolis;GO;6B;ABNT_TR_15220-3-1_2024;-13.63;-49.81;283;27.5;66;5320;3.5;12.0;;
5203609;Brazabrantes;GO;4B;ABNT_TR_15220-3-1_2024;-16.43;-49.39;760;23.6;65;5269;3.5;12.0;;
5203807;Britânia;GO;5B;ABNT_TR_15220-3-1_2024;-15.24;-51.16;262;26.9;67;5348;2.8;12.1;;
5203906;Buriti Alegre;GO;4B;ABNT_TR_15220-3-1_2024;-18.14;-49.04;819;23.8;65;5230;3.6;12.1;;
5203939;Buriti de Goiás;GO;5B;ABNT_TR_15220-3-1_2024;-16.18;-50.43;540;25.1;63;5303;3.5;12.2;;
5203962;Buritinópolis;GO;4B;ABNT_TR_15220-3-1_2024;-14.48;-46.41;549;24.5;59;5621;3.4;10.3;;
5204003;Cabeceiras;GO;4B;ABNT_TR_15220-3-1_2024;-15.80;-46.93;914;23.1;64;5511;3.0;11.1;;
5204102;Cachoeira Alta;GO;4B;ABNT_TR_15220-3-1_2024;-18.76;-50.94;502;24.6;65;5238;3.5;12.3;;
5204201;Cachoeira de Goiás;GO;4B;ABNT_TR_15220-3-1_2024;-16.66;-50.65;767;24.0;62;5236;3.4;12.1;;
5204250;Cachoeira Dourada;GO;5B;ABNT_TR_15220-3-1_2024;-18.49;-49.48;433;25.2;64;5230;3.9;12.1;;
5204300;Caçu;GO;4B;ABNT_TR_15220-3-1_2024;-18.56;-51.13;503;24.6;65;5240;3.3;12.3;;
5204409;Caiapônia;GO;4B;ABNT_TR_15220-3-1_2024;-16.95;-51.81;708;23.8;64;5402;1.6;11.7;;
5204508;Caldas Novas;GO;4B;ABNT_TR_15220-3-1_2024;-17.74;-48.62;686;23.7;65;5291;3.4;12.0;;
5204557;Caldazinha;GO;4B;ABNT_TR_15220-3-1_2024;-16.71;-49.00;855;23.6;65;5283;3.5;12.1;;
5204607;Campestre de Goiás;GO;4B;ABNT_TR_15220-3-1_2024;-16.76;-49.70;641;24.7;65;5264;3.3;12.2;;
5204656;Campinaçu;GO;4B;ABNT_TR_15220-3-1_2024;-13.79;-48.57;697;24.8;59;5274;2.9;11.7;;
5204706;Campinorte;GO;5B;ABNT_TR_15220-3-1_2024;-14.31;-49.15;542;25.8;64;5320;2.8;11.9;;
5204805;Campo Alegre de Goiás;GO;3B;ABNT_TR_15220-3-1_2024;-17.64;-47.78;888;22.8;66;5280;3.7;11.5;;
5204854;Campo Limpo de Goiás;GO;3B;ABNT_TR_15220-3-1_2024;-16.30;-49.09;877;22.8;66;5231;3.3;12.0;;
5204904;Campos Belos;GO;5B;ABNT_TR_15220-3-1_2024;-13.04;-46.77;630;25.4;60;5544;3.6;11.1;;
5204953;Campos Verdes;GO;5B;ABNT_TR_15220-3-1_2024;-14.24;-49.65;386;26.9;66;5328;3.4;12.0;;
5205000;Carmo do Rio Verde;GO;4B;ABNT_TR_15220-3-1_2024;-15.35;-49.71;610;24.6;64;5267;3.1;12.0;;
5205059;Castelândia;GO;5B;ABNT_TR_15220-3-1_2024;-18.09;-50.20;451;25.3;65;5290;3.4;12.2;;
5205109;Catalão;GO;3B;ABNT_TR_15220-3-1_2024;-18.17;-47.94;845;22.7;66;5301;3.3;11.3;;
5205208;Caturaí;GO;4B;ABNT_TR_15220-3-1_2024;-16.44;-49.49;759;23.7;65;5258;3.6;12.0;;
5205307;Cavalcante;GO;4B;ABNT_TR_15220-3-1_2024;-13.80;-47.46;807;23.2;55;5401;3.8;10.9;;
5205406;Ceres;GO;4B;ABNT_TR_15220-3-1_2024;-15.31;-49.60;569;24.4;64;5232;3.2;12.0;;
5205455;Cezarina;GO;4B;ABNT_TR_15220-3-1_2024;-16.97;-49.78;595;24.7;64;5287;3.4;12.2;;
5205471;Chapadão do Céu;GO;4B;ABNT_TR_15220-3-1_2024;-18.41;-52.55;748;22.9;67;5092;3.0;12.3;;
5205497;Cidade Ocidental;GO;3B;ABNT_TR_15220-3-1_2024;-16.08;-47.93;1065;22.3;64;5282;3.3;11.2;;
5205513;Cocalzinho de Goiás;GO;3B;ABNT_TR_15220-3-1_2024;-15.79;-48.77;1118;21.9;63;5227;4.0;11.6;;
5205521;Colinas do Sul;GO;4B;ABNT_TR_15220-3-1_2024;-14.15;-48.08;533;24.9;59;5386;3.2;11.3;;
5205703;Córrego do Ouro;GO;4B;ABNT_TR_15220-3-1_2024;-16.29;-50.55;544;24.8;63;5267;3.2;12.2;;
5205802;Corumbá de Goiás;GO;3B;ABNT_TR_15220-3-1_2024;-15.92;-48.81;986;22.2;65;5189;3.7;11.6;;
5205901;Corumbaíba;GO;4B;ABNT_TR_15220-3-1_2024;-18.14;-48.56;612;24.1;64;5299;3.5;12.0;;
5206206;Cristalina;GO;3B;ABNT_TR_15220-3-1_2024;-16.77;-47.61;1235;21.5;61;5306;3.5;11.4;;
5206305;Cristianópolis;GO;4B;ABNT_TR_15220-3-1_2024;-17.20;-48.70;813;23.4;65;5296;3.7;12.0;;
5206404;Crixás;GO;5B;ABNT_TR_15220-3-1_2024;-14.54;-49.97;412;26.4;66;5308;3.4;12.0;;
5206503;Cromínia;GO;4B;ABNT_TR_15220-3-1_2024;-17.29;-49.38;709;23.9;65;5276;3.4;12.1;;
5206602;Cumari;GO;4B;ABNT_TR_15220-3-1_2024;-18.26;-48.15;712;24.3;65;5298;3.4;11.6;;
5206701;Damianópolis;GO;4B;ABNT_TR_15220-3-1_2024;-14.56;-46.18;761;24.0;60;5594;3.7;10.6;;
5206800;Damolândia;GO;4B;ABNT_TR_15220-3-1_2024;-16.25;-49.36;853;23.4;65;5273;3.7;12.0;;
5206909;Davinópolis;GO;4B;ABNT_TR_15220-3-1_2024;-18.15;-47.56;775;23.2;66;5344;3.6;11.3;;
5207105;Diorama;GO;5B;ABNT_TR_15220-3-1_2024;-16.23;-51.25;502;25.4;64;5256;3.2;12.2;;
5207253;Doverlândia;GO;4B;ABNT_TR_15220-3-1_2024;-16.72;-52.32;503;24.8;65;5240;3.2;12.2;;
5207352;Edealina;GO;4B;ABNT_TR_15220-3-1_2024;-17.42;-49.66;551;24.8;64;5301;3.4;12.1;;
5207402;Edéia;GO;4B;ABNT_TR_15220-3-1_2024;-17.34;-49.93;589;24.8;63;5288;3.3;12.1;;
5207501;Estrela do Norte;GO;5B;ABNT_TR_15220-3-1_2024;-13.87;-49.07;458;26.4;64;5316;2.9;11.9;;
5207535;Faina;GO;5B;ABNT_TR_15220-3-1_2024;-15.45;-50.36;379;26.3;66;5296;3.9;12.2;;
5207600;Fazenda Nova;GO;5B;ABNT_TR_15220-3-1_2024;-16.18;-50.78;478;26.0;63;5294;3.3;12.2;;
5207808;Firminópolis;GO;4B;ABNT_TR_15220-3-1_2024;-16.58;-50.30;685;24.5;62;5302;3.2;12.2;;
5207907;Flores de Goiás;GO;5B;ABNT_TR_15220-3-1_2024;-14.45;-47.04;442;25.7;59;5599;2.7;10.7;;
5208004;Formosa;GO;4B;ABNT_TR_15220-3-1_2024;-15.54;-47.34;922;23.4;66;5447;3.4;11.0;;
5208103;Formoso;GO;5B;ABNT_TR_15220-3-1_2024;-13.65;-48.88;392;26.5;62;5346;3.1;11.7;;
5208152;Gameleira de Goiás;GO;3B;ABNT_TR_15220-3-1_2024;-16.49;-48.65;977;22.8;65;5267;3.5;11.7;;
5208301;Divinópolis de Goiás;GO;4B;ABNT_TR_15220-3-1_2024;-13.29;-46.40;635;24.6;60;5556;3.9;11.2;;
5208400;Goianápolis;GO;3B;ABNT_TR_15220-3-1_2024;-16.51;-49.02;972;22.6;65;5240;3.4;12.1;;
5208509;Goiandira;GO;4B;ABNT_TR_15220-3-1_2024;-18.14;-48.09;845;23.4;65;5330;3.9;11.6;;
5208608;Goianésia;GO;4B;ABNT_TR_15220-3-1_2024;-15.31;-49.12;648;24.8;61;5567;1.2;10.9;;
5208707;Goiânia;GO;4B;ABNT_TR_15220-3-1_2024;-16.69;-49.26;781;24.3;65;5520;2.5;11.7;;
5208806;Goianira;GO;4B;ABNT_TR_15220-3-1_2024;-16.49;-49.43;758;23.7;65;5265;3.5;12.0;;
5208905;Goiás;GO;4B;ABNT_TR_15220-3-1_2024;-15.93;-50.14;487;24.7;64;5259;3.8;12.2;;
5209101;Goiatuba;GO;4B;ABNT_TR_15220-3-1_2024;-18.01;-49.37;801;24.2;65;5221;3.6;12.1;;
5209150;Gouvelândia;GO;5B;ABNT_TR_15220-3-1_2024;-18.62;-50.08;419;25.6;65;5271;3.5;12.3;;
5209200;Guapó;GO;4B;ABNT_TR_15220-3-1_2024;-16.83;-49.53;713;23.8;65;5287;3.7;12.2;;
5209291;Guaraíta;GO;4B;ABNT_TR_15220-3-1_2024;-15.61;-50.03;651;24.2;65;5215;3.5;12.2;;
5209408;Guarani de Goiás;GO;5B;ABNT_TR_15220-3-1_2024;-13.94;-46.49;535;25.5;59;5565;4.0;10.6;;
5209457;Guarinos;GO;5B;ABNT_TR_15220-3-1_2024;-14.73;-49.70;391;25.8;66;5324;3.5;12.0;;
5209606;Heitoraí;GO;4B;ABNT_TR_15220-3-1_2024;-15.72;-49.83;651;24.1;65;5231;3.4;12.1;;
5209705;Hidrolândia;GO;4B;ABNT_TR_15220-3-1_2024;-16.96;-49.23;819;23.7;65;5252;3.5;12.1;;
5209804;Hidrolina;GO;4B;ABNT_TR_15220-3-1_2024;-14.73;-49.46;596;24.9;64;5256;3.2;11.8;;
5209903;Iaciara;GO;5B;ABNT_TR_15220-3-1_2024;-14.10;-46.63;585;25.5;59;5618;3.4;10.4;;
5209937;Inaciolândia;GO;5B;ABNT_TR_15220-3-1_2024;-18.49;-49.99;447;25.5;65;5270;3.6;12.2;;
5209952;Indiara;GO;4B;ABNT_TR_15220-3-1_2024;-17.14;-49.99;614;24.8;62;5286;3.0;12.1;;
5210000;Inhumas;GO;4B;ABNT_TR_15220-3-1_2024;-16.36;-49.50;791;23.7;65;5248;3.7;12.2;;
5210109;Ipameri;GO;4B;ABNT_TR_15220-3-1_2024;-17.72;-48.16;774;23.0;65;5283;3.6;11.9;;
5210158;Ipiranga de Goiás;GO;4B;ABNT_TR_15220-3-1_2024;-15.17;-49.67;584;24.4;64;5239;3.1;12.0;;
5210208;Iporá;GO;4B;ABNT_TR_15220-3-1_2024;-16.44;-51.12;589;24.8;64;5246;3.2;12.2;;
5210307;Israelândia;GO;5B;ABNT_TR_15220-3-1_2024;-16.31;-50.91;391;25.9;64;5273;3.1;12.2;;
5210406;Itaberaí;GO;4B;ABNT_TR_15220-3-1_2024;-16.02;-49.81;714;24.2;65;5256;3.5;12.2;;
5210562;Itaguari;GO;4B;ABNT_TR_15220-3-1_2024;-15.92;-49.61;683;24.0;65;5274;3.5;12.1;;
5210604;Itaguaru;GO;4B;ABNT_TR_15220-3-1_2024;-15.76;-49.64;770;24.0;65;5266;3.4;12.1;;
5210802;Itajá;GO;4B;ABNT_TR_15220-3-1_2024;-19.07;-51.55;471;24.6;64;5246;3.1;12.3;;
5210901;Itapaci;GO;4B;ABNT_TR_15220-3-1_2024;-14.95;-49.55;565;24.2;70;5532;0.5;13.0;;
5211008;Itapirapuã;GO;5B;ABNT_TR_15220-3-1_2024;-15.82;-50.61;366;26.4;65;5301;3.4;12.2;;
5211206;Itapuranga;GO;4B;ABNT_TR_15220-3-1_2024;-15.56;-49.95;656;24.4;65;5246;3.0;12.1;;
5211305;Itarumã;GO;4B;ABNT_TR_15220-3-1_2024;-18.76;-51.35;496;24.6;65;5259;3.5;12.3;;
5211404;Itauçu;GO;4B;ABNT_TR_15220-3-1_2024;-16.20;-49.61;862;22.9;65;5248;3.8;12.2;;
5211503;Itumbiara;GO;5B;ABNT_TR_15220-3-1_2024;-18.41;-49.22;480;25.2;63;5242;3.7;12.1;;
5211602;Ivolândia;GO;4B;ABNT_TR_15220-3-1_2024;-16.60;-50.79;619;24.8;62;5273;3.4;12.1;;
5211701;Jandaia;GO;4B;ABNT_TR_15220-3-1_2024;-17.05;-50.15;604;24.6;62;5271;3.2;12.1;;
5211800;Jaraguá;GO;4B;ABNT_TR_15220-3-1_2024;-15.75;-49.33;648;24.2;64;5294;3.3;11.9;;
5211909;Jataí;GO;4B;ABNT_TR_15220-3-1_2024;-17.88;-51.72;728;23.4;66;5467;1.7;12.8;;
5212006;Jaupaci;GO;5B;ABNT_TR_15220-3-1_2024;-16.18;-50.95;355;26.0;64;5292;2.8;12.2;;
5212055;Jesúpolis;GO;4B;ABNT_TR_15220-3-1_2024;-15.95;-49.37;670;24.2;65;5314;3.4;11.9;;
5212105;Joviânia;GO;4B;ABNT_TR_15220-3-1_2024;-17.80;-49.62;800;24.1;65;5248;3.6;12.1;;
5212204;Jussara;GO;5B;ABNT_TR_15220-3-1_2024;-15.87;-50.87;324;26.3;65;5293;3.2;12.2;;
5212253;Lagoa Santa;GO;4B;ABNT_TR_15220-3-1_2024;-19.18;-51.40;405;24.6;65;5253;3.2;12.5;;
5212303;Leopoldo de Bulhões;GO;3B;ABNT_TR_15220-3-1_2024;-16.62;-48.74;1027;22.7;64;5256;3.6;11.9;;
5212501;Luziânia;GO;3B;ABNT_TR_15220-3-1_2024;-16.25;-47.95;927;22.6;63;5572;2.4;10.4;;
5212600;Mairipotaba;GO;4B;ABNT_TR_15220-3-1_2024;-17.30;-49.49;675;24.1;65;5278;3.5;12.1;;
5212709;Mambaí;GO;4B;ABNT_TR_15220-3-1_2024;-14.48;-46.12;713;23.6;60;5614;3.7;10.3;;
5212808;Mara Rosa;GO;5B;ABNT_TR_15220-3-1_2024;-14.01;-49.18;526;26.1;64;5312;3.2;11.9;;
5212907;Marzagão;GO;4B;ABNT_TR_15220-3-1_2024;-17.98;-48.64;631;24.1;64;5284;3.4;12.0;;
5212956;Matrinchã;GO;5B;ABNT_TR_15220-3-1_2024;-15.43;-50.75;344;26.7;66;5279;2.9;12.1;;
5213004;Maurilândia;GO;5B;ABNT_TR_15220-3-1_2024;-17.97;-50.34;468;25.2;64;5293;3.3;12.1;;
5213053;Mimoso de Goiás;GO;4B;ABNT_TR_15220-3-1_2024;-15.05;-48.16;737;24.4;65;5405;3.4;11.2;;
5213087;Minaçu;GO;5B;ABNT_TR_15220-3-1_2024;-13.53;-48.22;363;25.6;57;5304;2.7;11.5;;
5213103;Mineiros;GO;4B;ABNT_TR_15220-3-1_2024;-17.57;-52.55;785;23.2;67;5182;3.0;12.3;;
5213400;Moiporá;GO;4B;ABNT_TR_15220-3-1_2024;-16.54;-50.74;645;24.9;62;5268;3.2;12.1;;
5213509;Monte Alegre de Goiás;GO;5B;ABNT_TR_15220-3-1_2024;-13.26;-46.89;556;25.8;59;5688;1.7;11.1;;
5213707;Montes Claros de Goiás;GO;5B;ABNT_TR_15220-3-1_2024;-16.01;-51.40;397;26.1;65;5263;3.0;12.2;;
5213756;Montividiu;GO;4B;ABNT_TR_15220-3-1_2024;-17.44;-51.17;812;23.4;66;5154;3.3;12.1;;
5213772;Montividiu do Norte;GO;5B;ABNT_TR_15220-3-1_2024;-13.35;-48.69;375;26.1;61;5326;3.2;11.9;;
5213806;Morrinhos;GO;4B;ABNT_TR_15220-3-1_2024;-17.73;-49.11;770;23.2;64;5488;1.6;12.7;;
5213855;Morro Agudo de Goiás;GO;4B;ABNT_TR_15220-3-1_2024;-15.32;-50.06;712;24.5;65;5198;2.7;12.2;;
5213905;Mossâmedes;GO;4B;ABNT_TR_15220-3-1_2024;-16.12;-50.21;652;24.7;64;5273;3.8;12.2;;
5214002;Mozarlândia;GO;5B;ABNT_TR_15220-3-1_2024;-14.75;-50.57;301;26.9;67;5284;3.3;12.1;;
5214051;Mundo Novo;GO;6B;ABNT_TR_15220-3-1_2024;-13.77;-50.28;258;27.2;66;5307;3.0;12.1;;
5214101;Mutunópolis;GO;5B;ABNT_TR_15220-3-1_2024;-13.73;-49.27;421;26.6;64;5321;3.3;11.9;;
5214408;Nazário;GO;4B;ABNT_TR_15220-3-1_2024;-16.58;-49.88;637;24.1;64;5276;3.2;12.2;;
5214507;Nerópolis;GO;4B;ABNT_TR_15220-3-1_2024;-16.40;-49.22;822;23.4;65;5258;3.3;12.0;;
5214606;Niquelândia;GO;4B;ABNT_TR_15220-3-1_2024;-14.47;-48.46;602;24.7;61;5337;3.7;11.3;;
5214705;Nova América;GO;4B;ABNT_TR_15220-3-1_2024;-15.02;-49.90;804;24.8;65;5195;3.2;12.0;;
5214804;Nova Aurora;GO;4B;ABNT_TR_15220-3-1_2024;-18.06;-48.26;701;23.6;65;5320;3.6;11.6;;
5214838;Nova Crixás;GO;6B;ABNT_TR_15220-3-1_2024;-14.10;-50.33;298;27.1;66;5260;3.1;12.1;;
5214861;Nova Glória;GO;4B;ABNT_TR_15220-3-1_2024;-15.14;-49.57;596;24.9;64;5252;3.1;12.0;;
5214879;Nova Iguaçu de Goiás;GO;5B;ABNT_TR_15220-3-1_2024;-14.29;-49.39;396;26.5;65;5360;3.7;11.9;;
5214903;Nova Roma;GO;5B;ABNT_TR_15220-3-1_2024;-13.74;-46.87;689;25.4;60;5614;2.9;10.7;;
5215009;Nova Veneza;GO;4B;ABNT_TR_15220-3-1_2024;-16.37;-49.32;793;23.6;65;5269;3.5;12.0;;
5215207;Novo Brasil;GO;5B;ABNT_TR_15220-3-1_2024;-16.03;-50.71;393;26.4;64;5311;3.3;12.2;;
5215231;Novo Gama;GO;3B;ABNT_TR_15220-3-1_2024;-16.06;-48.04;1085;22.2;64;5292;3.7;11.4;;
5215256;Novo Planalto;GO;6B;ABNT_TR_15220-3-1_2024;-13.24;-49.51;303;27.1;65;5318;3.6;12.1;;
5215306;Orizona;GO;4B;ABNT_TR_15220-3-1_2024;-17.03;-48.30;806;23.0;65;5337;3.4;11.8;;
5215405;Ouro Verde de Goiás;GO;3B;ABNT_TR_15220-3-1_2024;-16.22;-49.19;1060;22.6;64;5239;3.6;12.0;;
5215504;Ouvidor;GO;4B;ABNT_TR_15220-3-1_2024;-18.23;-47.84;829;22.9;66;5308;3.3;11.3;;
5215603;Padre Bernardo;GO;4B;ABNT_TR_15220-3-1_2024;-15.16;-48.28;636;24.2;65;5437;3.3;11.2;;
5215652;Palestina de Goiás;GO;4B;ABNT_TR_15220-3-1_2024;-16.74;-51.53;681;24.0;65;5237;3.0;12.2;;
5215702;Palmeiras de Goiás;GO;4B;ABNT_TR_15220-3-1_2024;-16.80;-49.92;615;24.4;63;5280;3.1;12.2;;
5215801;Palmelo;GO;4B;ABNT_TR_15220-3-1_2024;-17.33;-48.43;749;23.4;65;5319;3.6;11.8;;
5215900;Palminópolis;GO;4B;ABNT_TR_15220-3-1_2024;-16.79;-50.17;702;24.5;62;5282;3.3;12.2;;
5216007;Panamá;GO;4B;ABNT_TR_15220-3-1_2024;-18.18;-49.36;785;24.1;65;5205;3.7;12.1;;
5216304;Paranaiguara;GO;4B;ABNT_TR_15220-3-1_2024;-18.91;-50.65;496;24.9;65;5225;3.2;12.3;;
5216403;Paraúna;GO;4B;ABNT_TR_15220-3-1_2024;-16.95;-50.45;676;24.5;61;5504;1.0;10.9;;
5216452;Perolândia;GO;4B;ABNT_TR_15220-3-1_2024;-17.53;-52.06;905;23.1;67;5162;3.3;12.2;;
5216809;Petrolina de Goiás;GO;4B;ABNT_TR_15220-3-1_2024;-16.10;-49.34;740;23.5;65;5312;3.6;12.0;;
5216908;Pilar de Goiás;GO;4B;ABNT_TR_15220-3-1_2024;-14.76;-49.58;755;24.3;64;5238;3.3;12.0;;
5217104;Piracanjuba;GO;4B;ABNT_TR_15220-3-1_2024;-17.30;-49.02;731;23.7;65;5288;3.7;12.1;;
5217203;Piranhas;GO;5B;ABNT_TR_15220-3-1_2024;-16.43;-51.82;367;25.6;65;5276;3.2;12.2;;
5217302;Pirenópolis;GO;4B;ABNT_TR_15220-3-1_2024;-15.85;-48.96;752;23.5;65;5212;3.6;11.6;;
5217401;Pires do Rio;GO;4B;ABNT_TR_15220-3-1_2024;-17.30;-48.28;764;23.5;65;5535;0.6;12.5;;
5217609;Planaltina;GO;3B;ABNT_TR_15220-3-1_2024;-15.45;-47.61;1035;22.1;66;5407;3.8;10.9;;
5217708;Pontalina;GO;4B;ABNT_TR_15220-3-1_2024;-17.52;-49.45;638;24.2;65;5264;3.5;12.1;;
5218003;Porangatu;GO;5B;ABNT_TR_15220-3-1_2024;-13.44;-49.15;391;26.5;64;5345;3.1;12.0;;
5218052;Porteirão;GO;5B;ABNT_TR_15220-3-1_2024;-17.81;-50.17;472;25.3;64;5299;3.3;12.1;;
5218102;Portelândia;GO;4B;ABNT_TR_15220-3-1_2024;-17.36;-52.68;864;22.9;68;5166;3.4;12.3;;
5218300;Posse;GO;4B;ABNT_TR_15220-3-1_2024;-14.09;-46.37;832;24.3;59;5479;3.7;10.3;;
5218391;Professor Jamil;GO;4B;ABNT_TR_15220-3-1_2024;-17.25;-49.24;735;24.2;65;5268;3.3;12.1;;
5218508;Quirinópolis;GO;4B;ABNT_TR_15220-3-1_2024;-18.45;-50.45;512;24.5;65;5228;3.2;12.2;;
5218607;Rialma;GO;4B;ABNT_TR_15220-3-1_2024;-15.31;-49.58;580;24.4;64;5272;3.2;12.0;;
5218706;Rianápolis;GO;4B;ABNT_TR_15220-3-1_2024;-15.45;-49.51;572;24.7;64;5268;3.4;12.0;;
5218789;Rio Quente;GO;4B;ABNT_TR_15220-3-1_2024;-17.77;-48.77;624;23.8;65;5313;3.9;12.0;;
5218805;Rio Verde;GO;4B;ABNT_TR_15220-3-1_2024;-17.79;-50.92;736;23.5;66;5189;3.1;12.0;;
5218904;Rubiataba;GO;4B;ABNT_TR_15220-3-1_2024;-15.16;-49.80;626;24.4;64;5227;3.1;12.0;;
5219001;Sanclerlândia;GO;4B;ABNT_TR_15220-3-1_2024;-16.20;-50.31;627;24.7;63;5308;3.7;12.2;;
5219100;Santa Bárbara de Goiás;GO;4B;ABNT_TR_15220-3-1_2024;-16.57;-49.70;642;24.3;65;5273;3.3;12.2;;
5219209;Santa Cruz de Goiás;GO;4B;ABNT_TR_15220-3-1_2024;-17.32;-48.48;727;23.4;65;5319;3.8;11.8;;
5219258;Santa Fé de Goiás;GO;5B;ABNT_TR_15220-3-1_2024;-15.77;-51.10;358;26.4;65;5261;2.8;12.2;;
5219308;Santa Helena de Goiás;GO;4B;ABNT_TR_15220-3-1_2024;-17.81;-50.60;563;24.4;64;5260;3.1;12.0;;
5219357;Santa Isabel;GO;4B;ABNT_TR_15220-3-1_2024;-15.30;-49.43;593;24.6;64;5267;3.4;11.8;;
5219407;Santa Rita do Araguaia;GO;4B;ABNT_TR_15220-3-1_2024;-17.33;-53.20;718;23.5;68;5154;3.3;12.3;;
5219456;Santa Rita do Novo Destino;GO;4B;ABNT_TR_15220-3-1_2024;-15.14;-49.12;805;24.4;61;5306;3.3;11.8;;
5219506;Santa Rosa de Goiás;GO;4B;ABNT_TR_15220-3-1_2024;-16.08;-49.50;826;23.5;65;5276;3.6;12.0;;
5219605;Santa Tereza de Goiás;GO;5B;ABNT_TR_15220-3-1_2024;-13.71;-49.01;408;26.8;63;5332;3.3;11.9;;
5219704;Santa Terezinha de Goiás;GO;5B;ABNT_TR_15220-3-1_2024;-14.43;-49.71;332;26.6;66;5334;3.5;12.0;;
5219712;Santo Antônio da Barra;GO;4B;ABNT_TR_15220-3-1_2024;-17.56;-50.63;569;24.5;63;5251;3.1;12.0;;
5219738;Santo Antônio de Goiás;GO;4B;ABNT_TR_15220-3-1_2024;-16.48;-49.31;761;23.5;65;5267;3.2;12.0;;
5219753;Santo Antônio do Descoberto;GO;3B;ABNT_TR_15220-3-1_2024;-15.94;-48.26;911;22.5;66;5288;3.7;11.2;;
5219803;São Domingos;GO;5B;ABNT_TR_15220-3-1_2024;-13.62;-46.74;470;26.6;59;5610;3.0;10.7;;
5219902;São Francisco de Goiás;GO;4B;ABNT_TR_15220-3-1_2024;-15.93;-49.26;743;24.2;65;5308;3.5;11.9;;
5220009;São João d'Aliança;GO;3B;ABNT_TR_15220-3-1_2024;-14.70;-47.52;1015;22.7;55;5419;3.6;11.0;;
5220058;São João da Paraúna;GO;4B;ABNT_TR_15220-3-1_2024;-16.81;-50.41;602;24.5;62;5304;3.3;12.2;;
5220108;São Luís de Montes Belos;GO;5B;ABNT_TR_15220-3-1_2024;-16.52;-50.37;583;25.1;62;5302;3.3;12.2;;
5220157;São Luiz do Norte;GO;5B;ABNT_TR_15220-3-1_2024;-14.86;-49.33;585;25.7;64;5274;3.1;11.8;;
5220207;São Miguel do Araguaia;GO;5B;ABNT_TR_15220-3-1_2024;-13.27;-50.16;332;26.9;65;5257;3.3;12.1;;
5220264;São Miguel do Passa Quatro;GO;4B;ABNT_TR_15220-3-1_2024;-17.06;-48.66;817;23.2;65;5300;3.5;12.0;;
5220280;São Patrício;GO;4B;ABNT_TR_15220-3-1_2024;-15.35;-49.82;587;24.5;64;5191;2.9;12.0;;
5220405;São Simão;GO;5B;ABNT_TR_15220-3-1_2024;-19.00;-50.55;477;25.2;65;5245;3.4;12.3;;
5220454;Senador Canedo;GO;4B;ABNT_TR_15220-3-1_2024;-16.71;-49.09;799;23.7;65;5283;3.6;12.1;;
5220504;Serranópolis;GO;4B;ABNT_TR_15220-3-1_2024;-18.31;-51.96;738;23.6;66;5153;2.9;12.1;;
5220603;Silvânia;GO;3B;ABNT_TR_15220-3-1_2024;-16.66;-48.61;904;22.8;65;5260;3.6;11.9;;
5220686;Simolândia;GO;5B;ABNT_TR_15220-3-1_2024;-14.46;-46.48;518;25.1;59;5621;3.4;10.3;;
5220702;Sítio d'Abadia;GO;4B;ABNT_TR_15220-3-1_2024;-14.80;-46.25;773;23.2;61;5546;3.5;10.6;;
5221007;Taquaral de Goiás;GO;4B;ABNT_TR_15220-3-1_2024;-16.05;-49.60;773;23.2;65;5260;3.7;12.2;;
5221080;Teresina de Goiás;GO;4B;ABNT_TR_15220-3-1_2024;-13.78;-47.27;755;23.3;56;5439;3.3;10.9;;
5221197;Terezópolis de Goiás;GO;4B;ABNT_TR_15220-3-1_2024;-16.39;-49.08;861;23.1;65;5233;3.6;12.0;;
5221304;Três Ranchos;GO;4B;ABNT_TR_15220-3-1_2024;-18.35;-47.78;694;23.8;66;5348;3.3;11.3;;
5221403;Trindade;GO;4B;ABNT_TR_15220-3-1_2024;-16.65;-49.49;772;23.7;65;5264;3.7;12.1;;
5221452;Trombas;GO;5B;ABNT_TR_15220-3-1_2024;-13.51;-48.74;381;25.8;61;5365;3.2;11.7;;
5221502;Turvânia;GO;4B;ABNT_TR_15220-3-1_2024;-16.61;-50.14;633;24.5;62;5294;3.4;12.2;;
5221551;Turvelândia;GO;5B;ABNT_TR_15220-3-1_2024;-17.85;-50.30;476;25.3;64;5287;3.3;12.1;;
5221577;Uirapuru;GO;5B;ABNT_TR_15220-3-1_2024;-14.28;-49.92;361;26.8;66;5312;3.0;12.0;;
5221601;Uruaçu;GO;5B;ABNT_TR_15220-3-1_2024;-14.52;-49.14;525;26.0;64;5307;2.8;11.8;;
5221700;Uruana;GO;4B;ABNT_TR_15220-3-1_2024;-15.50;-49.69;581;24.6;64;5287;3.2;12.0;;
5221809;Urutaí;GO;4B;ABNT_TR_15220-3-1_2024;-17.47;-48.20;825;23.2;65;5350;4.0;11.8;;
5221858;Valparaíso de Goiás;GO;3B;ABNT_TR_15220-3-1_2024;-16.07;-47.98;1073;22.2;64;5282;3.3;11.2;;
5221908;Varjão;GO;4B;ABNT_TR_15220-3-1_2024;-17.05;-49.63;607;24.4;64;5280;3.6;12.1;;
5222005;Vianópolis;GO;4B;ABNT_TR_15220-3-1_2024;-16.74;-48.52;1005;23.1;64;5306;3.7;11.9;;
5222054;Vicentinópolis;GO;5B;ABNT_TR_15220-3-1_2024;-17.73;-49.80;653;25.1;65;5299;3.6;12.1;;
5222203;Vila Boa;GO;5B;ABNT_TR_15220-3-1_2024;-15.04;-47.05;519;25.4;64;5582;3.0;10.8;;
5222302;Vila Propício;GO;4B;ABNT_TR_15220-3-1_2024;-15.45;-48.88;735;23.6;61;5332;3.6;11.5;;
5300108;Brasília;DF;3B;ABNT_TR_15220-3-1_2024;-15.78;-47.93;1136;22.0;66;5453;2.5;11.3;;
